smiles,tg_celsius
*/C(=C(/*)c1cccc(OCC(COC)COCCOC)c1)c1ccc(/N=N/c2ccc(OCC(CC)CCCC)cc2)cc1,88.57674
*/C(=C(\C)C=C=*)c1ccccc1Cl,123.568054
*/C(=C(\Cl)c1ccc(*)cc1)c1ccc(-n2ccc(=O)[nH]2)cc1,213.91586
*/C(=C/C(=*)c1ccccc1)c1ccccc1C(C)(C)C,179.21353
*/C(=C/C(=O)Nc1cccc(*)c1)C(C)C,215.52757
*/C(=C/C=C/C(=*)OCC(C)C)Oc1ccc(/N=N/c2ccc([N+](=O)[O-])cc2)cc1,173.03696
*/C(=C/C=C/C=*)CCC#N,94.9135
*/C(=C/CP=Cc1ccc(N(*)Cc2ccccc2)cc1)Oc1cc(C(C)C)ccc1Cl,170.74101
*/C(=C/c1ccc(*)cc1)Oc1ccc(C#Cc2ccccc2)cc1,164.0285
*/C(=N/C(*)C(=O)N(CC)C(C)C)c1ccc(/N=N/c2ccccc2)cc1,197.16557
*/C(=N/C(C#N)=C/c1ccc(/N=N/c2ccc(C=*)cc2)cc1)c1ccccn1,198.60202
*/C(=N/c1ccccc1/N=C/c1ccc(*)cc1)Oc1c(Cl)ccc(F)c1F,158.75917
*/C(=N\C)c1ccc(*)n1CCCC,102.600586
*/C(=[SH]/C(=*)C(=O)Nc1ccc(N)cc1)C(=O)OCC,165.96336
*/C(C#Cc1ccccc1)=C/c1cccc(*)c1,148.552
*/C(C#N)=C(\C#N)C(=*)COCCOCCOCCOCCOCCOC,49.039467
*/C(C#N)=C(\C#N)[Si](*)(C)c1ccccc1,138.54443
*/C(C#N)=C/c1cc(Br)c(*)c(Br)c1Cl,192.25922
*/C(C#N)=C/c1cc(OC)c(*)cc1OCC,193.665
*/C(C#N)=C/c1cc(OCC)c(/C=C/c2ccc(*)c(C(C)C)c2)cc1CCCCCC,174.59453
*/C(C#N)=C/c1ccc(C(=O)c2ccc([Si](C)(C)[Si](C)(C)C(=O)OC(=O)c3ccc4c(c3)C(=O)N(*)C4=O)cc2)cc1,220.24557
*/C(C)=C(/*)CCCCCCCOC(=O)c1cc(OC(=O)Oc2ccc(C=O)cc2)ccc1O,80.34132
*/C(C)=C(/*)CCCCCOC(=O)Nc1ccc(CNC(C)C)cc1,104.13281
*/C(C)=C(/*)CCCOC(=O)c1ccc(OCC(F)(F)C(F)(F)C(F)(F)C(F)(F)F)cc1,88.78856
*/C(C)=C(/*)CCCOCC[Si](C)(C)CCCC,16.37407
*/C(C)=C(/*)CCCOc1ccc(C(=O)Oc2ccc(-c3ccc(O)cc3)cc2)cc1,153.00426
*/C(C)=C(/*)CCCOc1ccc(C(=O)Oc2ccc([N+](=O)[O-])cc2)cc1,171.67754
*/C(C)=C(/*)CCNC(=O)OCCCCCCCCCCCCCCCCCCCN1OCCCCCCC1S,63.477615
*/C(C)=C(/*)CNCCN(CC)NCCNCC,86.872086
*/C(C)=C(/*)c1cc(O)c(OCC(F)(F)C(F)(F)C(F)(F)Cl)cc1Cl,123.70842
*/C(C)=C(/*)c1ccc(Cc2ccccc2)cc1,198.76596
*/C(C)=C(\C)C(=*)C#C,138.55774
*/C(C)=C(\C)C(=O)OCCCCCCOS(=O)(=O)CC(F)(F)CN(*)CCc1ccccc1,58.887604
*/C(C)=C(\C)O[Si](*)(C)CCC(F)(F)C(F)(F)C(F)(F)C(F)(F)C(F)(F)C(F)(F)C(F)(F)C(F)(F)C(F)(F)F,-0.7272644
*/C(C)=C/c1cc(OCCN(CCCC)[Si](C)(C)C)c(C(=*)C[n+]2ccccc2)c2ccccc12,149.78618
*/C(C)=C/c1ccc(N(*)CCCCCCCCCC)nc1,65.84049
*/C(C)=C/c1ccc([Si](*)(C)Oc2ccccc2)cc1,125.63428
*/C(C)=N/c1ccc(/C=C/c2ccc(N(*)c3ccc(Br)cc3)cc2)cc1,242.70264
*/C(C)=N/c1ccc(C(=O)c2ccc(N3C(=O)c4ccc(*)cc4C3=O)cc2)cc1,282.11902
*/C(F)=C(\F)C(*)(C(=O)O)C(F)(F)F,153.3348
*/C([2H])=C(/*)CCCC(F)(F)C(F)(F)C(F)(F)C(F)(F)C(F)(F)F,56.044403
*/C([2H])=C(/*)OCCCCCC,44.23732
*/C([2H])=C(/*)[Si](C)(CCC)CCCCCC,88.87488
*/C=C(/*)C#CCOc1ccc(OC(=O)c2ccccc2)cc1,83.628876
*/C=C(/*)C#CN(C#N)CC#N,90.91275
*/C=C(/*)C#C[Si](CC)(CCCC)CCCCCCCCCCC,20.180023
*/C=C(/*)C(=O)OCC(F)(F)C(F)(F)C(F)(F)C(F)(F)F,94.44716
*/C=C(/*)C(CC)CCC[Si](C)(C)C,88.513306
*/C=C(/*)C(CO)CCl,128.70888
*/C=C(/*)C(COC(C)=O)c1ccc(N(C)C)cc1Br,133.12476
*/C=C(/*)C(Cl)(CBr)C(F)(F)C(F)(F)C(F)(F)C(F)(F)C(F)(F)C(F)(F)C(F)(F)C(F)(F)C(F)(F)F,31.442879
*/C=C(/*)C(Cl)C([2H])=O,162.73012
*/C=C(/*)CC=CCCCN,73.75658
*/C=C(/*)CCC(=O)Nc1ccccc1,181.01135
*/C=C(/*)CCC(=O)OCCCCc1ccc(C)cc1,82.11282
*/C=C(/*)CCCCC(=O)Oc1cccc(C(=O)OCC)c1,77.43359
*/C=C(/*)CCCCCCCCCCCCCCCCCCCCCCC,-0.07070923
*/C=C(/*)CCCCCCCCCCCCCCCCCOCCOCCCCCC,-20.51297
*/C=C(/*)CCCCCCCCCCCCOc1ccc(-c2ccc(C#N)cc2)cc1,81.17635
*/C=C(/*)CCCCCCCCCCCCOc1ccc(-c2ccc(OCCCC)cc2)cc1,64.33933
*/C=C(/*)CCCCCCCOc1ccc(CCCCCCCCCCCC)cc1,10.333817
*/C=C(/*)CCCCCCOc1ccc(/C=N/CCCC)cc1,67.80002
*/C=C(/*)CCCCCOc1ccc(-c2ccc(OCC)c(C#N)c2)cc1,103.51645
*/C=C(/*)CCCCCOc1ccc(C(=O)c2ccccc2)cc1,74.378296
*/C=C(/*)CCCCCS(=O)(=O)c1ccc([Si](C)(C)C)cc1,73.687454
*/C=C(/*)CCCCC[N+](C)(C)C,52.652428
*/C=C(/*)CCCOC(=O)COc1ccc(OC(=O)Oc2ccc(C(=O)Oc3ccc(C=CC=CC)cc3)cc2)cc1,69.659584
*/C=C(/*)CCCOC(=O)c1cccc(C(=O)Oc2ccc(OCCCCCCC(C)C)o2)c1,15.973541
*/C=C(/*)CCCOc1ccc(-c2ccc(C(=O)OC(C)C(=O)OC3CC(C)CC3C(C)C)cc2)cc1,118.89005
*/C=C(/*)CCCOc1ccc(-c2ccc(C(=O)Oc3ccc(OCC)cc3)cc2)cc1,111.43112
*/C=C(/*)CCCOc1ccc(/N=N/c2ccc(S(=O)(=O)Oc3ccc(OCCCC)cc3)cc2)cc1,126.650734
*/C=C(/*)CCCOc1ccc(C(=O)OC(C)CCCC)cc1,45.61891
*/C=C(/*)CCCOc1ccc(OC(=O)c2ccc(OCC(O)COc3ccc(C#N)cc3)cc2)cc1,106.759315
*/C=C(/*)CCc1ccc(CCCCCCCCCCCCCCc2ccc(C#N)cc2)cc1,87.893234
*/C=C(/*)CCl,99.78471
*/C=C(/*)CNC(=O)C(C)=C(C#N)CNC(=O)c1ccc(/N=N/c2ccc(/C=C/c3ccccc3)cc2)c2ccccc12,198.50131
*/C=C(/*)CNC(=O)C(CCC)CCCCC,70.69106
*/C=C(/*)CNC(=O)NC(C)CC,202.63599
*/C=C(/*)CNC(=O)c1ccc(OCCCC)cc1,157.05162
*/C=C(/*)CNC(=S)NCCCC,157.18436
*/C=C(/*)CNS(C)(C)C,125.204834
*/C=C(/*)COC(=O)CCc1ccc(/C=N/c2ccc(C#N)cc2)cc1,146.45639
*/C=C(/*)CS(=O)(=O)CC,149.78145
*/C=C(/*)CSCCCCCCCC(=O)Nc1ccc(C)cc1,75.95467
*/C=C(/*)Cc1ccc(C(O)CCCCCCC)cc1,63.731117
*/C=C(/*)Cc1ccc(F)c(Br)c1,172.925
*/C=C(/*)Cc1ccccc1,166.19487
*/C=C(/*)N(C)c1ccccc1,170.71892
*/C=C(/*)OC(Cl)(Cl)C(=O)OC,89.975876
*/C=C(/*)OC1CCCCC1,105.95341
*/C=C(/*)OCC(C)C,80.8787
*/C=C(/*)OCCCCOC(=O)c1cc(OCC)c(OC)c(F)c1F,54.96486
*/C=C(/*)OCc1ccc(CCOCCCCCCCCOc2ccc(/C=C/c3ccc(C#N)cc3)cc2)cc1,109.85599
*/C=C(/*)SSc1ccc([N+](=O)[O-])cc1,137.49115
*/C=C(/*)Sc1ccc(C)nc1,132.22588
*/C=C(/*)[Si](C)(CC)OCC(F)(F)C(F)(F)C(F)(F)C(F)(F)C(F)(F)C(F)(F)C(F)(F)C(F)(F)C(F)(F)C(F)(F)C(F)(F)C(F)(F)C(F)(F)C(F)(F)C(F)(F)F,-27.684052
*/C=C(/*)[Si](C)(N)CCCCCCCCCC,31.585716
*/C=C(/*)[Si](CCC(=O)OCCCC)C(C)C,74.2571
*/C=C(/*)c1c([2H])ccc(F)c1F,157.69307
*/C=C(/*)c1cc(C#N)cc(C(=O)NCCCCCCCC)c1,120.86145
*/C=C(/*)c1cc(C(=O)OC(C)(C)C)ccc1O,148.20386
*/C=C(/*)c1cc(C(=O)OCCCC)ccc1-c1ccc(/N=N/c2ccc([N+](=O)[O-])cc2)cc1,173.20021
*/C=C(/*)c1cc(C(=O)OCCCCCCCCCC)ccc1-c1ccccc1,66.92778
*/C=C(/*)c1cc(C(C)CCC)ccc1Br,124.085175
*/C=C(/*)c1cc(C(F)(F)F)c(Br)cc1Cl,170.22308
*/C=C(/*)c1cc(C)c([N+](=O)[O-])cc1C,218.71988
*/C=C(/*)c1cc(F)ccc1Br,182.58374
*/C=C(/*)c1cc(F)ccc1OCCCCCCCCCCCC,61.03266
*/C=C(/*)c1cc(O)c(S(=O)(=O)O)c(NC(=O)OC)c1,161.92224
*/C=C(/*)c1cc(OCCCC)c(-c2ccc(CCCCCC)cc2)cc1OCCCCCCCCCCCC,50.36653
*/C=C(/*)c1cc(OCCCC)ccc1C(=O)Nc1ccc(/N=N/c2ccc(Cl)cc2)cc1,189.06613
*/C=C(/*)c1cc(OCCOCCOCCCCCCCCC)ccc1C(CCCC)OCC,30.68354
*/C=C(/*)c1ccc(B)c(C)c1,194.89343
*/C=C(/*)c1ccc(C(=O)OC(C)C)cc1,153.26582
*/C=C(/*)c1ccc(C(=O)OCCCCCCC)cc1,58.547066
*/C=C(/*)c1ccc(C(O)(C(F)(F)F)C(F)(F)F)cc1,151.06871
*/C=C(/*)c1ccc(C=N)cc1CCCC,132.5433
*/C=C(/*)c1ccc(COCCCCCBr)cc1,60.936943
*/C=C(/*)c1ccc(COCCCCCCC)cc1,47.513855
*/C=C(/*)c1ccc(COCCOCCOCCOCCOCCOCCOC)cc1,53.410675
*/C=C(/*)c1ccc(Cc2ccc(C#C[Si](C)(C)C)cc2)cc1,127.55198
*/C=C(/*)c1ccc(Cc2ccc(I)cc2)cc1,193.75066
*/C=C(/*)c1ccc(Cc2ccc([N+](=O)[O-])cc2)c(C)c1,190.22595
*/C=C(/*)c1ccc(OCCC(CC)CCC)cc1,80.581726
*/C=C(/*)c1ccc([Si](C)(C)CC#N)cc1,134.71986
*/C=C(/*)c1ccc([Si](C)(C)S)cc1,142.4773
*/C=C(/*)c1cccc(COCCC(C)C)c1,89.59656
*/C=C(/*)c1ccccc1C(=O)OCCCCC,86.78467
*/C=C(/*)c1ccccc1I,176.33452
*/C=C(/*)c1ccccc1OCCCCCCCCC,35.371567
*/C=C(/C(C)(C)C)[Si](*)(C)C,127.18804
*/C=C(/C=C/C(*)=O)CC(C)C,156.22603
*/C=C(/N=N/c1ccc(Cl)cc1)C(*)c1cccc(C(F)(F)F)c1,123.74185
*/C=C(\C#CCc1ccc(-c2ccc(*)cc2)cc1)c1ccc(O)cc1,133.20288
*/C=C(\C#N)C(*)C#Cc1ccccc1OCCCCCC,50.125412
*/C=C(\C#N)C(*)C(=O)OCCCC,77.96894
*/C=C(\C#N)C(=O)/C=C/CC(C)=C(C)CC(=O)O*,126.50513
*/C=C(\C#N)C(=O)N(*)C,154.15227
*/C=C(\C#N)C(=O)Nc1ccccc1-c1ccc(N(*)CC)cc1,200.79024
*/C=C(\C#N)C(=O)OCCCCC[Si](*)(C)C(C)C,9.666229
*/C=C(\C#N)C(=O)OCCCCOC(=O)c1ccc(NC(=O)CCCCCC(=O)Nc2ccc(C(=O)NNC(*)=O)cc2)cc1,105.147995
*/C=C(\C#N)C(CCCC)(CC(*)C#N)C(C)(CC#N)CSC,116.33194
*/C=C(\C#N)CCCC#SC[Si](C)(C)CCCCCCOc1ccc(-c2ccc(-c3ccc(/C=C/c4ccc(*)cc4)cc3)cc2)cc1,102.77475
*/C=C(\C#N)CNC(=O)c1ccc(C(=O)NCCCCCCNC(=O)c2ccc(C(=O)O*)cc2)cc1,101.896576
*/C=C(\C#N)COc1ccc(/C=C/c2ccc(/C=N/c3ccc(*)cc3)cc2)cc1,186.1779
*/C=C(\C#N)N(CCSCC(=O)NNC(=O)C(CCCCCCCC)C(C)CCC(=O)N*)OC(=O)NC,30.515839
*/C=C(\C#N)NC(=O)CCCCCCCCCCOC(=O)O*,23.1632
*/C=C(\C#N)OC(=O)c1ccccc1C(=O)O*,95.590485
*/C=C(\C#N)[Si](*)(CCCC)CCCCCC,48.085815
*/C=C(\C#N)[Si](C)(C)C(=O)N/C=C/C(=O)C(C)OCCCCCCOC(=O)CCCCC(=O)O*,13.745743
*/C=C(\C#N)c1ccc([Si](*)(C)[Si](CC)(CC)CC)cc1,86.48552
*/C=C(\C#N)c1ccccc1O[Si](C)(C)CCC(=O)O*,44.135506
*/C=C(\C#P)N(CCCCCCCC#N)c1ccc(/C=C/c2ccc(*)s2)s1,88.923935
*/C=C(\C)C(=*)COCCCCCCOc1ccc(-c2ccc(C)cc2)cc1,37.568703
*/C=C(\C)C(C#N)CC*,128.47249
*/C=C(\C)C(C(*)=O)C(F)(F)F,158.70645
*/C=C(\C)C1C=CC(OC(=O)c2ccc(CSC(=O)O*)cc2)C1,101.61105
*/C=C(\C)O[Si](C)(C)c1ccc(*)cc1,41.239258
*/C=C(\C)c1ccc(*)cc1C,169.0107
*/C=C(\CCCCCC)C(*)(CC(=O)OCCCCCCCCC)C(=O)OCCCOCCN(C)CC,13.836777
*/C=C(\CCOC(=O)c1ccc([Si](C)(C)c2ccc(C(*)=O)cc2)cc1)c1cccc([Si](C)(C)O)c1,106.14426
*/C=C/C(*)(C)C(=O)OCCCOc1ccc(C(=O)Oc2ccc(C(=O)Oc3ccc(OCCOCCOCCOCCOCCOCCOCCOCC)cc3)cc2)cc1,43.75386
*/C=C/C(*)(C)CCOCCOCCO,29.76876
*/C=C/C(*)(CC(C)C)C(C)C,171.15144
*/C=C/C(*)C(=O)OC(CC)OCC(C)C,73.68265
*/C=C/C(*)C(=O)OCCCCCCOc1ccc(C(=O)Oc2ccc(-c3ccc(OC)cc3)cc2)cc1,78.73526
*/C=C/C(*)C([2H])(Cl)Cl,92.093155
*/C=C/C(*)CCCSCC,38.141357
*/C=C/C(/C=C(/*)C)[Si](C)(C#N)C#CC#N,128.7898
*/C=C/C(=*)CCCCCCCCOc1ccc(C(=O)Oc2ccc(OC)cc2)cc1,48.0933
*/C=C/C(=C\C#N)C(=O)Nc1ccc(*)cc1,169.42221
*/C=C/C(=O)NC(C)N(*)CC,141.17987
*/C=C/C(=O)Nc1ccc(Cc2ccc(NC(=O)CCCCCCCCCCCCC(=O)Nc3ccc(C(=O)O*)cc3)cc2)cc1,135.26018
*/C=C/C(=O)Nc1ccc(NC(=O)CCCCCCCCC(=O)Nc2ccc(*)cc2)cc1,137.93822
*/C=C/C(C#N)=C(*)OC,153.85997
*/C=C/C(C#N)=C(*)Oc1ccc(C#N)cc1,145.61845
*/C=C/C(C#N)=C(C#N)c1nnc(*)n1CC,166.40425
*/C=C/C(C#N)C(=*)COC(C)(C)C,94.96121
*/C=C/C(C(*)=O)C(C)C(C)C,178.93195
*/C=C/C(C(=O)O)C(*)(CCCCC)CCCCC,63.98809
*/C=C/C(C(=O)O)c1ccc(/C=C(\C)c2nnc(*)s2)cc1,187.76291
*/C=C/C(C)(C)C(=*)CCCCCCCCCCCCCC,17.383408
*/C=C/C(C)(C)C(=S)N*,139.63153
*/C=C/C(C)(C)C(C)(C)C#C[Si](*)(C)C,65.80095
*/C=C/C(C)(C)C(c1ccccc1)c1ccc(-c2ccc(*)cc2)cc1,158.11105
*/C=C/C(C)(C)CCS(=O)(=O)CCCNC(=O)c1ccc(*)c2ccccc12,111.12674
*/C=C/C(C)(C)COC(=O)CCCOC(=O)NCCC(C)CN(*)CC,16.530685
*/C=C/C(C)(C)COC(=O)c1ccc(C(=O)S*)cc1,113.16
*/C=C/C(C)(C=*)CSSCC,96.69276
*/C=C/C(C)(CCCC)C(*)SC,90.301025
*/C=C/C(C)C(*)=C(C#N)CCCC,116.02014
*/C=C/C(C)C(*)C#CC,52.267998
*/C=C/C(C)C(*)C#N,111.821754
*/C=C/C(C)C(*)C(=O)OCC(C)(C)CC,94.27359
*/C=C/C(C)C(*)C(=O)OCCC(F)(F)Cl,101.41809
*/C=C/C(C)C(*)CCCN,74.05911
*/C=C/C(C)C(C)C(*)C#N,123.65823
*/C=C/C(C)C(Cl)C1(C)C(*)C(OC(F)(F)F)CC1(C)C,153.73495
*/C=C/C(C)CC(*)C,82.29728
*/C=C/C(C)CC(*)COCC(=O)OCCOc1ccc(C(=O)Oc2ccc(OCC)cc2)cc1,78.82264
*/C=C/C(C)CCC(C*)O[Si](C)(C)C,32.748337
*/C=C/C(C)CCCCSCCCCC(*)=O,4.141144
*/C=C/C(C)CCC[Si](*)(c1ccccc1)c1ccccc1,34.93363
*/C=C/C(C)Nc1cccc(*)c1,149.3009
*/C=C/C(CBr)COC(=O)SN=C(C#N)C(=O)OCC(=O)NC(*)=O,75.10742
*/C=C/C(CC)S(=O)(=O)C(=O)O*,116.20731
*/C=C/C(CC=C)C(=O)C=C=*,32.435898
*/C=C/C(CCC(=O)O)C(*)NCC,97.124695
*/C=C/C(CCCCCCCCCC)C(=O)Nc1ccc(NC(=O)COP(=O)(CCN[Si](*)(C)C)NC)cc1,35.295387
*/C=C/C(CCC[Si](C)(C)C)C(CC(C)C)C(*)(C)C,56.18216
*/C=C/C(CCl)(CCC)O*,87.82767
*/C=C/C(CI)C(*)SC,78.71778
*/C=C/C(CO*)(CS(=O)(=O)CCCC)C(C)C,80.88569
*/C=C/C(CO*)C(F)(F)F,84.00386
*/C=C/C(COC(=O)Nc1ccc(C)c(NC(=O)OCC)c1)C(*)=O,145.45898
*/C=C/C(COC)COC(=O)NCCOCC=*,18.201767
*/C=C/C(C[Si](*)(C#N)C#N)[Si](C)(C)O,79.11846
*/C=C/C(Cl)(O*)OCCCC,66.12184
*/C=C/C(F)(C(=O)CCCCC(*)=O)C(F)(F)C(F)(F)C(F)(F)C(F)(F)C(F)(F)C(F)(F)COC(F)(F)F,14.414032
*/C=C/C(F)(F)C(F)(F)CC(F)(F)C(F)(F)CO*,21.470406
*/C=C/C(I)C*,116.60553
*/C=C/C(OC)C(=O)c1ccc(*)cc1,92.66765
*/C=C/C(OCC)C(*)C(=C)OC,83.66225
*/C=C/C([2H])=C(*)C(=O)OCC,161.77289
*/C=C/C(c1ccccc1)C(*)c1ccc(C#N)cc1,152.65509
*/C=C/C/C=C(/*)CCCCCCCCCCCCOc1ccc(/N=N\c2ccc(C(=O)OCCCCCCCCCC)cc2)cc1,72.391075
*/C=C/C/C=C/C(=O)Nc1ccc(Cc2ccc(NC(=O)C(=O)N(*)CC)cc2)cc1,208.31863
*/C=C/C1(C)COC(=O)C1NC(=O)C(Cc1ccc(CC)cc1)C(=O)O*,127.53603
*/C=C/C1=CC=C(*)CO1,161.06544
*/C=C/C1C=C(*)C1N,167.85773
*/C=C/C1C=C(C)C(*)C1,140.48749
*/C=C/C1CC(*)C(C(=O)OCCCCCCCCCCCCCCCCCC)C(CCCCCCCCC)C1C,60.653297
*/C=C/C1CC(*)C(COC(C)=O)C1,130.56001
*/C=C/C1CC(*)C(N(C)[CH2][Ge]([CH3])[CH3])C1,194.05084
*/C=C/C1CC(*)C(OC(C)=O)C1,140.56615
*/C=C/C1CCC(*)OC1=O,158.2347
*/C=C/C1CC[Si](C)(CCCC)OC1*,64.61045
*/C=C/C1COC(*)(CC(=O)OC(C)(C)C)C1,97.370094
*/C=C/C=C(*)C(C#N)OC(=O)CSCC(=O)OC(C)=O,73.0299
*/C=C/C=C(*)C(C)C,148.0756
*/C=C/C=C(*)C=Cc1ccc(CCCCCCCCCC(=O)OCCOc2ccc(-c3ccc(C(=O)OCCCCCCCCCC)cc3)cc2)cc1,58.751945
*/C=C/C=C(/*)C=C,162.18275
*/C=C/C=C(/*)CCCC,124.86984
*/C=C/C=C(/*)CCOC(=O)C(C)O,100.73653
*/C=C/C=C(C=*)COCC(C)C,104.71109
*/C=C/C=C(O*)OCC(CC)C(Cl)C(O)C(F)(F)C(F)(F)C(F)(F)C(F)(F)C(F)(F)F,64.351875
*/C=C/C=C/C(*)(C)OC,118.08849
*/C=C/C=C/C(CCC[Si](*)(C)C#N)C(=O)OCC,76.261024
*/C=C/C=C/C(CO*)COCCOCCO,56.59346
*/C=C/C=C/C=C(/*)C(CC)CCCCC,89.96777
*/C=C/C=C/C=C(\*)c1ccc(C(=O)OCC)cc1,159.90022
*/C=C/C=C/C=C/*,114.79988
*/C=C/C=C/C=C/C(*)C(=O)OCCCCCC,62.347023
*/C=C/C=C/C=C/C(*)C=C,109.33368
*/C=C/C=C/C=C/C(*)CCC(C)C,89.65282
*/C=C/C=C/C=C/C(C)CC(*)C,105.569
*/C=C/C=C/C=C/C=C(/*)c1ccccc1C,163.48193
*/C=C/C=C/C=C/C=C/C(=O)C(O)C(*)=O,147.21503
*/C=C/C=C/C=C/C=C/C(=O)NCCCCCCNCCCCCCNC(=O)N*,113.098915
*/C=C/C=C/C=C/C=C/C(C)O*,125.1651
*/C=C/C=C/C=C1COCC(*)C1,117.54878
*/C=C/C=C/CC(COc1ccc(*)s1)c1ccncc1,96.13844
*/C=C/C=C/COC(=O)CCCCCCCCCCCC(=S)NCCCCCCCNC(=O)C(=O)NCCCCCCCCCNC(=O)CCCC(*)=O,38.42482
*/C=C/C=C1CCC(C(=O)O*)OC1,122.754326
*/C=C/C=C[Si](*)(C)CC,39.92141
*/C=C/CC(*)C(=O)OCCCCCCCCCCC,6.473297
*/C=C/CC(*)OC(=O)C(C)(C)C,72.58323
*/C=C/CC(=NC(*)C#N)c1ccc(COc2cc(Cl)ccc2Cl)cc1,116.25871
*/C=C/CC(C#N)C(=O)OCCCCCCOc1ccc(C(C)(C)c2ccc(O*)cc2)cc1,60.812035
*/C=C/CC(C*)CNC(=O)OC,94.08221
*/C=C/CC(C=C(*)c1ccccc1)c1ccccc1,123.86651
*/C=C/CC/C=C(/*)CCCCCCCCCCCCCCCCc1ccc([N+](=O)[O-])cc1,84.889656
*/C=C/CC=C(C#N)C#C[Si](*)(C#N)C[As]=O,115.03362
*/C=C/CCC(COC(=O)c1ccc(C(=O)O)c(C(=O)NCCCCCCCCCCCCCCN2CCN(*)CC2)c1)Oc1ccc([N+](=O)[O-])cc1,75.995766
*/C=C/CCC/C=C/C=C/C(=C/C(=*)CCCCCCCCCC)C(=O)OCCOCCOCC,34.073395
*/C=C/CCCCC(*)=CC,49.534058
*/C=C/CCCCC=C(C)C=C(C)CC(=O)N*,71.04015
*/C=C/CCCCCCCCCCCC(*)C,-11.039612
*/C=C/CCCCCCCCCCCCCCCCCCCCCC[NH+]C=C(*)COc1ccc(C#Cc2ccccc2)cc1,61.445282
*/C=C/CCCCCCCCCCCCCCCCCCS*,-41.850845
*/C=C/CCCC[Si](*)(C)c1ccc(O)cc1,27.302391
*/C=C/CCN(C)c1ccc(CCc2ccc(*)s2)o1,52.560585
*/C=C/CCOC(=C(C#N)C#C[Si](C)(C)CCC(=O)O*)c1ccc([N+](=O)[O-])cc1,71.4529
*/C=C/CC[Si](*)(C)CC,16.747986
*/C=C/COC(=O)C(CCCC)C(=O)O*,38.285095
*/C=C/COC(=O)NC(=O)O*,65.60667
*/C=C/COCC(*)C(=O)O,80.46667
*/C=C/C[PH](CO*)C(C)C,103.807274
*/C=C/C[Si](*)(C)c1ccc(S(=O)(=O)[O][Na])cc1,115.67235
*/C=C/C[Si](*)(CC(=O)OCCCCCC)C(=O)OC,25.41977
*/C=C/C[Si](*)(CC(F)(F)F)O[Si](C)(C)O[Si](C)(C)C,26.256897
*/C=C/C[Si](*)(CCC(F)(F)C(F)(F)C(F)(F)C(F)(C(F)(F)F)C(F)(F)F)OCC#N,14.29628
*/C=C/C[Si](C)(C)c1ccc(/C=C(\Cl)c2ccc(CCN(*)c3ccc(OCCCCCC)cc3)cc2)cc1,115.93112
*/C=C/NC(=O)CCCCCCCCCC*,18.01088
*/C=C/P(=O)(O*)OCCCCC,12.674866
*/C=C/P(=O)(c1ccccc1)c1ccc([N+](=O)N(*)C)cc1,175.87505
*/C=C/S(=O)(=O)CCC(F)(F)C(*)(Br)C(F)(F)F,67.705
*/C=C/S(=O)(=O)CCCCCCCCS*,21.221756
*/C=C/[CH2][Ca][CH2]CCCCCCNC(=O)CCCCC(=O)N*,87.97797
*/C=C/[SH](CC)CCc1ccc(*)cc1,125.39497
*/C=C/[Si](*)(C)Cc1ccccc1,64.947495
*/C=C/[Si](*)(CCC(F)(F)F)NC(F)(F)F,43.00656
*/C=C/[Si](*)(O)OCCCCCCOc1ccc(N(c2ccccc2)c2ccc(I)cc2)cc1,85.20848
*/C=C/[Si](C)(C)COC(=O)CCCCCCCCC(=O)O*,-8.5312195
*/C=C/[Si](C)(C)O[Si](C)(C)O[Si](C)(C)O[Si](C)(C)O[Si](C)(C)O[Si](C)(C)c1ccc(*)o1,-12.916977
*/C=C/[Si](C)(C)[Si](C)(C)O*,39.084587
*/C=C/[Si](CCCCCCCCc1ccc(C=C(C#N)c2ccc(C#N)cc2)cc1)C(=*)F,89.57703
*/C=C/[Si](Oc1ccc(CCCC)cc1)[Si](*)(C)O[Si](C)(C)C,16.17134
*/C=C/c1c(C)cc(C(*)(C(F)(F)F)C(F)(F)F)cc1C(F)(F)F,167.5738
*/C=C/c1c(C)cc(Cc2ccc(O*)c(OC)c2)c(-c2ccccc2)c1C#N,158.20587
*/C=C/c1cc(*)c(Br)cc1OC,197.09424
*/C=C/c1cc(*)c(CCCCCCCCCC)c(C)c1OCC,49.706886
*/C=C/c1cc(*)c(OCC(C)CCCCCCC)cc1OCCCCCCCCCCCCCC,14.321899
*/C=C/c1cc(*)c(OCC(CC)(CC)COC(=O)c2ccccc2)cc1OCCCCCCCCCCCC,50.505478
*/C=C/c1cc(*)c(OCCCC)cc1OC,128.9481
*/C=C/c1cc(*)c(OCCCC)cc1OCCCCCCCCCCC,39.487724
*/C=C/c1cc(*)c(OCCCCC(F)(F)F)c(OCCCCCCCCC)c1O,24.987259
*/C=C/c1cc(*)cc(-c2ccccc2)c1N,156.11758
*/C=C/c1cc(*)cc(OCc2ccc(OCC)cc2)c1,139.91039
*/C=C/c1cc(/C=C(\C#N)c2ccc(*)s2)ccc1O,180.9479
*/C=C/c1cc(/C=C/C(=O)NCCCCCCCCCCCCCC)c(CCCCc2cccnc2*)cc1OC,97.620636
*/C=C/c1cc(/C=N/N=C(\*)c2ccc([Si](C)(C)C)cc2)cc(C(=O)O)c1,181.00743
*/C=C/c1cc(Br)c(N=*)cc1OC,163.25
*/C=C/c1cc(Br)c(O*)c([2H])c1Cl,169.64786
*/C=C/c1cc(Br)ccc1N=*,144.98158
*/C=C/c1cc(C=*)c(CCCCCCCC)c(OCCCC)c1,41.63867
*/C=C/c1cc(C=*)cc(C(C)(C)c2ccc([Si](C)c3ccccc3)cc2S(=O)(=O)O)c1,157.54123
*/C=C/c1cc(CCCC)c(*)cc1COCCCCO,66.89424
*/C=C/c1cc(CCCCCCC)c(-c2c(CCCCCC)cc(-c3ccc(C=*)cc3)cc2C(C)CCCCCC)s1,50.449593
*/C=C/c1cc(CCCCCCCCCC(C)C)c(*)nc1C,27.253494
*/C=C/c1cc(CCCCCCCCCCC)c(/C=C/C(=*)c2ccccc2)cc1OCCCCCCC,62.481033
*/C=C/c1cc(CCCCCCCCCCCCCC)c(*)cc1OCOc1ccc(/N=N/c2ccc([N+](=O)[O-])cc2)cc1,113.75165
*/C=C/c1cc(Cc2ccc(N=*)c(C)c2)cc(OC)c1O,156.15697
*/C=C/c1cc(Cl)c(*)c(CC)c1CC,190.26927
*/C=C/c1cc(Cl)c(*)cc1C[NH2+],170.74931
*/C=C/c1cc(O)c(*)cc1OCCCCC,97.57013
*/C=C/c1cc(O*)c(C(C)(C)C)c(OCCCCCCCCCC)c1,39.591736
*/C=C/c1cc(OC)c(*)cc1OCCCCCCOCCCN,29.735786
*/C=C/c1cc(OC)c(*)cc1OCCCCO,92.6187
*/C=C/c1cc(OC)c(/C=C/c2cc(*)c(OCCOCCOCC)cc2OC)c(OCCCCCC)c1OC,100.059265
*/C=C/c1cc(OC)c(/C=C/c2cc(OC)c(*)cc2OCCCCCCCCCC)cc1OC,103.02336
*/C=C/c1cc(OC)c(/C=C/c2ccc(-c3ccc(*)s3)s2)o1,107.746735
*/C=C/c1cc(OCC(CC)CC)c(*)cc1OCCCCCCC,50.471336
*/C=C/c1cc(OCC(CC)CCCC)c(*)cc1OCCCCCC,41.42923
*/C=C/c1cc(OCC(CCCCCC)CC[Si](C)(C)C)c(*)s1,4.5989227
*/C=C/c1cc(OCC)c(*)cc1CC,177.79271
*/C=C/c1cc(OCC)c(/C=C/c2ccc(OCc3ccccc3)c(*)c2)cc1C,177.08423
*/C=C/c1cc(OCC)c(/C=N/c2cccc(OCCCC)c2)cc1*,130.91603
*/C=C/c1cc(OCCC(C)C)c(*)cc1OCCCCCCCCCC,39.78544
*/C=C/c1cc(OCCCCC)c(/C=C/c2ccc(*)cc2)c(S(=O)(=O)[O][Na])c1,167.92993
*/C=C/c1cc(OCCCCCC)c(*)cc1OCCCCCCCCC,32.562782
*/C=C/c1cc(OCCCCCC)c(/C=C/c2ccc(*)cc2)cc1CCCCCC,91.669556
*/C=C/c1cc(OCCCCCCC)c(*)cc1CC,65.08529
*/C=C/c1cc(OCCCCCCCC)c(*)cc1OC(C)C(=O)O,75.656715
*/C=C/c1cc(OCCCCCCCC)c(/C=C(\C#N)[Si](*)(C)C)cc1CCC,88.008385
*/C=C/c1cc(OCCCCCCCCC)c(/C=C/c2ccc(N=*)cc2Sc2ccccc2)cc1-c1ccc(F)cc1,152.71428
*/C=C/c1cc(OCCCCCCCCCC)c(*)cc1C(=O)[O][Na],73.64275
*/C=C/c1cc(OCCCCCCCCCC)c(/C=C/c2ccc(*)cc2)cc1CCCCCCCCCCCCCCCC,74.55249
*/C=C/c1cc(OCCCCCCCCCC)c(/C=C/c2ccc(*)s2)cc1CCCCCCCCCC,69.72116
*/C=C/c1cc(OCCCCCCCCCC)c(C=*)cc1OCc1ccccc1,50.23752
*/C=C/c1cc(OCCCCCCCCCC)c(Cc2cc(*)c(C)cc2C)c(C)c1C,84.73842
*/C=C/c1cc(OCCCCCCCCCC)c(O*)c(OCCCCCCCCC)c1OCCOCCOC,20.87677
*/C=C/c1cc(OCCCCCCCCCC)cc(*)c1Br,72.128716
*/C=C/c1cc(OCCCCCCCCCCCC)c(*)cc1-c1ccc(C)cc1CCCCCCCC,32.073776
*/C=C/c1cc(OCCCCCCCCCCCC)c(*)cc1C=O,36.37297
*/C=C/c1cc(OCCCCCCCCCCCC)c(*)cc1OCCCCO,38.45568
*/C=C/c1cc(OCCCCCCCCCCCC)c(/C=C/c2ccc(*)cc2)cc1OCCCCCCCCCC,76.84699
*/C=C/c1cc(OCCCCCCCCCCCC)c(/C=C/c2ccc(*)cc2)cc1SCCCCCCCC,84.87686
*/C=C/c1cc(OCCCCCCCCCCCCCC)ccc1-c1ccc(*)cc1,62.912582
*/C=C/c1cc(OCCCCCCCCCCCCCCCC)c(*)cc1CCCCCCCCCCCC,14.355316
*/C=C/c1cc(OCCCCCCCCCCCCCCCC)c(*)cc1OCCCC#N,39.649246
*/C=C/c1cc(OCCCCOc2ccc(C(=O)OCCCCCCOC(*)=O)cc2)ccc1OCC,40.066254
*/C=C/c1cc(OCCOC(=O)c2cccc(C(=O)OC3CCC(*)C3)c2)ccc1O,101.90364
*/C=C/c1cc(OCCOC)c(*)cc1CCCCC,73.332985
*/C=C/c1cc(OCCOC)c(CCNC(=O)CCC(=O)N*)c(C#N)c1C,116.43389
*/C=C/c1cc(OCCOCCCC)cc([Si](*)(C)C)c1,49.729103
*/C=C/c1cc(OCCOCCCCCCCC)c(*)s1,5.5862274
*/C=C/c1cc(Oc2ccc(OC(*)=O)cc2)ccc1C,135.96782
*/C=C/c1cc([N+](=O)[O-])cc(N2C(=O)c3ccc(*)cc3C2=S)c1CCCCCC,156.67433
*/C=C/c1ccc(*)c(C(=O)OCCOc2ccc(/N=N/c3ccc([N+](=O)[O-])cc3)cc2)c1,157.2666
*/C=C/c1ccc(*)c(CCC)c1CC,142.85127
*/C=C/c1ccc(*)c(OCCCCCCCCC)c1CCCCOCCCCCCCCCCCC,-11.734909
*/C=C/c1ccc(*)c(OCCCCCCCCCCCCCCCCCCCCCCCC)c1,10.065964
*/C=C/c1ccc(*)cc1/C=C/CCCC,107.257614
*/C=C/c1ccc(*)cc1C(=O)O,209.56335
*/C=C/c1ccc(*)cc1C=O,161.68059
*/C=C/c1ccc(*)cc1CCC(F)(F)F,124.788574
*/C=C/c1ccc(-c2cc(*)c(OC)cc2OCCCCCCCCCC)cc1OC,77.11457
*/C=C/c1ccc(-c2ccc(-c3cc(OCCCCCCCCCC)c(*)cc3OCCCCCC)cc2)cc1,70.64417
*/C=C/c1ccc(-c2ccc(-c3ccc(*)o3)cc2)cc1,153.76535
*/C=C/c1ccc(-c2ccc(-c3ccc(-c4ccc(-c5nnc(*)o5)cc4)cc3)cc2)cc1,213.84132
*/C=C/c1ccc(-c2ccc(-c3ccc(N=*)c(OC)c3)cc2C)cn1,160.37988
*/C=C/c1ccc(-c2ccc(-c3ccc(S*)cc3)cc2)cc1,184.39905
*/C=C/c1ccc(-c2ccc(/C=C/c3cc(OCCCCCCCC)c(*)cc3OCCCCCCCCCCCC)cc2CCCC)cc1,83.62817
*/C=C/c1ccc(-c2ccc(/C=N/c3ccc(OCc4ccc([Si](*)(C)CCCC)cc4)s3)cc2)c(OC)c1,104.203415
*/C=C/c1ccc(-c2ccc(C#C[Si](*)(C)C)cc2)cc1,121.41353
*/C=C/c1ccc(-c2ccc(Cc3cc(CCCCCCCCCCCCCC)c(*)cc3OCC)cc2)cc1,85.534485
*/C=C/c1ccc(-c2cccc(N(*)C#N)c2)cc1,147.84584
*/C=C/c1ccc(/C(=N/c2ccccc2)c2ccc([N+](=O)[O-])cc2)c(*)c1,224.43509
*/C=C/c1ccc(/C=C(/*)C)cc1,190.8096
*/C=C/c1ccc(/C=C(\C#N)C(=O)OCCCCCCOC(=O)c2ccc(C(=O)Nc3ccc(O*)cc3)cc2)cc1,130.53358
*/C=C/c1ccc(/C=C(\C#N)c2ccc(/N=C/c3ccc(O*)cc3)cc2)cc1,199.20065
*/C=C/c1ccc(/C=C/C(=O)NCCCCCCCCCCNC(*)=O)cc1,129.91158
*/C=C/c1ccc(/C=C/C(=O)c2ccc(-c3ccc(C(*)=O)cc3)cc2)cc1,207.16637
*/C=C/c1ccc(/C=C/C(C#N)=C(\C#N)C(*)=O)cc1,185.16371
*/C=C/c1ccc(/C=C/c2cc(O*)c(C(C)C)cc2OCCCCCCCCCCCC)cn1,106.64722
*/C=C/c1ccc(/C=C/c2cc(OC)c(*)cc2OC)cc1OC,220.04242
*/C=C/c1ccc(/C=C/c2cc(OCCCCCCCCCC)c(*)cc2OCCOCCOCCOCCOCC)cc1C,71.96041
*/C=C/c1ccc(/C=C/c2ccc(-c3ccc(/P=C/*)cc3)cc2)o1,191.47296
*/C=C/c1ccc(/C=C/c2ccc(/C=C/c3ccc(/C=C/c4ccc(*)o4)cc3)cc2)cc1,213.1267
*/C=C/c1ccc(/C=C/c2ccc(C(=O)OCCCCCCCCCCOc3ccc(-c4ccc(O*)cc4)cc3)cc2)cc1,112.28538
*/C=C/c1ccc(/C=C/c2ccc(N(*)c3ccccc3)cc2)cc1,229.65875
*/C=C/c1ccc(/C=C/c2ccc(N=*)cc2Br)c(OCCCCCC)c1,119.844284
*/C=C/c1ccc(/C=C/c2ccc(SCCCCCCC(*)=O)cc2)cc1,103.3282
*/C=C/c1ccc(/C=N/CC/C=C/c2ccc(CCCCCCCCCC(*)=O)cc2)cc1,92.6552
*/C=C/c1ccc(C(C)(C)[Si](C)(C)c2ccc([Si](C)(C)[Si](*)(C)C)cc2)cc1,113.879944
*/C=C/c1ccc(C(C)(C)c2ccc([Si](*)(C)C)cc2)cc1,144.8322
*/C=C/c1ccc(C(CCCC)c2ccc(/N=C/c3ccc(SCCCCCCCCCCCCCC)cc3)cc2)c(*)c1,99.84181
*/C=C/c1ccc(C(CCCCCC)c2ccc(*)s2)cc1,57.78969
*/C=C/c1ccc(CCc2ccc(-c3ccc(/C=C/N=C(*)c4ccc(OCCCCCCCC)cc4)cc3)cc2)cc1,110.17133
*/C=C/c1ccc(COC[Si](C)(C)[Si](C)(C)C[Si](*)(C)C)cc1,51.556564
*/C=C/c1ccc(Cc2ccc(-c3ccc(/C=C/C(=O)c4ccc(*)cc4)cc3C(F)(F)F)cc2)cc1,205.43796
*/C=C/c1ccc(N(c2ccc(C#N)cc2)c2ccc(C=*)cc2)cc1,216.30911
*/C=C/c1ccc(N=C(c2ccccc2)c2ccc(*)cc2)cc1I,188.58868
*/C=C/c1ccc(OC(=O)C2=CC=C(C(C)(C)c3ccc(C(=O)OCCCCCCOC(=O)Oc4ccc(*)s4)o3)CC2)cc1,45.263504
*/C=C/c1ccc(OC(=O)c2ccc(C(=O)OCCN(*)c3ccc(C)cc3)cc2)cc1,123.90892
*/C=C/c1ccc(OC=CC/C(=N\c2ccc([N+](=O)[O-])cc2)c2ccc(C(=O)Nc3ccc(*)cc3)cc2)cc1,201.05981
*/C=C/c1ccc(OCCCCCCCCCC)cc1OC(=O)CCCCC(=O)OCCCCCCOC(=O)c1ccc(/C=C/C(=O)c2ccc(C(=O)O*)cc2)cc1,47.158928
*/C=C/c1ccc(OCCCCCCN(C)c2ccc(*)cc2)cc1,49.42227
*/C=C/c1ccc(OCCOCCOCCCCOCCS(*)=O)cc1,8.882477
*/C=C/c1ccc(OCc2ccc(Cc3ccc(-c4ccc(-c5ccc(*)cc5)cc4)cc3)cc2)cc1,183.98183
*/C=C/c1ccc(Oc2ccc(*)cc2)cc1,191.91667
*/C=C/c1ccc(Oc2ccc(N3C(=O)c4ccc(Oc5ccc6c(c5)C(=O)N(*)C6=O)cc4C3=O)cc2C)cc1,271.06833
*/C=C/c1ccc(Oc2ccc(S(=O)(=O)c3ccc(Oc4ccc(Oc5ccc(C(=O)Nc6ccc(*)cc6)cc5)cc4)cc3)cc2)cc1,210.78087
*/C=C/c1ccc(P(=O)(c2ccccc2)c2ccc(OC(=O)OCCCCCCOC(*)=O)cc2)cc1,59.629555
*/C=C/c1ccc(S(=O)(=O)c2ccc(S(*)=O)cc2)cc1,230.26152
*/C=C/c1ccc([Si](*)(C)CCCCCCCCCCCC)cc1,-0.3244934
*/C=C/c1cccc(*)c1Br,175.24184
*/C=C/c1cccc(/C=C(\C)c2ccc(*)cc2)c1,180.056
*/C=C/c1cccc(OC(=O)CCCCCCCCC(*)=O)c1,25.038666
*/C=C/c1cccc(Sc2ccc(N(*)c3ccccc3)cc2)c1,201.25769
*/C=C/c1nc(CCCCCC)c(/C=C/C(=C(*)C)C(OCc2ccccc2)c2ccc(Cl)cc2)cc1SCC,136.99174
*/C=C/c1sc(*)c(CCCCCC)c1OCC(F)(F)C(F)F,59.783707
*/C=C/c1sc(*)c(OCC(CC)CCCC)c1OCC,76.28997
*/C=C/c1sc(*)c(OCCCCCCCCCC)c1OCCCC,32.970383
*/C=C/c1sc(*)c([2H])c1C,151.20908
*/C=C/c1sc(*)cc1OCCCCCCCCCCOc1ccc(/N=N/c2ccc(OCC(C)CC)cc2)cc1,94.598915
*/C=C/c1sc(-c2c(Cl)cc(*)nc2-c2ccc(OCCCCCCCCCCCCCCCC)cc2)cc1C,119.34818
*/C=C/c1sc(-c2ccc(*)cc2)cc1OCCCCCCCCCCCCCCCCCCCC,66.39375
*/C=C1\CCCCCCC(*)CC1,84.10519
*/C=N/C(C)(CC)C(*)=O,134.08788
*/C=N/C=C(*)C#N,131.1023
*/C=N/C=C/CCCCCCCC*,39.141823
*/C=N/CC(=O)Nc1ccc(Sc2ccc(C(=O)NNC(=O)c3ccc(-c4ccc(C(*)=O)cc4)cc3)cc2)cc1,248.25699
*/C=N/CC/C=C/C[Si](*)(C)C,56.990944
*/C=N/CCC(=O)OCCC(*)CO,25.547798
*/C=N/CCC/C=C/C1=CC=C(*)[Si](C)(C)C1,106.589745
*/C=N/CCCC/N=C/c1ccc(-c2ccc(-c3ccc(*)o3)o2)o1,53.530296
*/C=N/CCCCC/C=N/c1ccc(CS*)cc1,86.30963
*/C=N/CCCCCCCCCCCCCCCCCCCCCCCCCCCCCCCCCCCCCCCCCCCCC=*,6.4201813
*/C=N/CCCCCCCCCCCSS*,-3.9630127
*/C=N/P(=O)(N=C(c1ccccc1)c1ccccc1)c1ccc(*)cc1,135.34225
*/C=N/c1c(Cl)cc(-c2ccc(N(*)c3ccc(Cl)cc3)cc2)cc1OC,202.28333
*/C=N/c1cc(*)ccc1OCC(CC)CCCCC,27.540436
*/C=N/c1cc(C=*)ccc1OCCCCCCCC,36.73603
*/C=N/c1cc(CCCC)c(-c2cc(*)c(OCCOCC)cc2OC)cc1OC,98.07028
*/C=N/c1cc(Nc2ccc(*)cc2)c(OC)c(C)c1Cl,169.50674
*/C=N/c1ccc(-c2ccc(-c3ccc(*)n3C)c(-c3ccccn3)c2)cc1,178.18555
*/C=N/c1ccc(-c2ccc(-c3ccc(*)nc3)cc2)cc1,158.16202
*/C=N/c1ccc(-c2ccc(/C=C/c3ccc(/C=C/c4ccc(OC)cc4)cc3)cc2)cc1*,220.13971
*/C=N/c1ccc(-c2ccc(NC(=O)c3ccc(NC(=O)Nc4ccc(C(=O)Oc5ccc(O*)cc5)cc4)cc3)cc2)cc1,164.73146
*/C=N/c1ccc(/C=C/c2cc(OCCCCCCCCCC)c(*)s2)cc1S(C)(=O)=O,70.10664
*/C=N/c1ccc(/C=C/c2ccc(/C=C/C(*)=O)cc2)cc1,198.24132
*/C=N/c1ccc(/C=C/c2ccc(Cc3ccc(C(*)=O)c(C)c3)cc2C)cc1,203.2976
*/C=N/c1ccc(/C=C/c2sc(*)cc2CCCCCCCC)cc1,76.98313
*/C=N/c1ccc(/C=N/c2ccc(N=*)c(Sc3ccccc3)c2)cc1,166.65085
*/C=N/c1ccc(/N=C/c2ccc(Nc3ccc(/C=C/c4ccc(*)cc4)cc3)cc2)cc1,207.52191
*/C=N/c1ccc(C(=O)Oc2ccc([Si](*)(C)C)cc2)cc1C,126.568985
*/C=N/c1ccc(CCCCCCCCCCCCc2ccc(*)cc2)cc1,50.970535
*/C=N/c1ccc(N=*)c(OCC[Si](C)(C)CCCCCCCC)c1,-10.808273
*/C=N/c1ccc(NC(=O)/C=C/c2ccc(C)cc2-c2ccccc2C)c(*)c1,235.59836
*/C=N/c1ccc(NC(=O)c2ccc(SC=CS*)cc2)cc1,110.81602
*/C=N/c1ccc(Oc2ccc(-c3ccc(OC(=O)OC(C)C(*)=O)cc3)cc2)cc1,91.25438
*/C=N/c1ccc([Si](*)(C)CCc2ccc(C#N)cc2)cc1,99.3146
*/N=C(/*)C(C)C#N,117.33456
*/N=C(/*)CCC(F)(F)F,99.06271
*/N=C(/*)CCCC,67.05947
*/N=C(/*)CCCOc1ccc(/N=N/c2ccc(C(=O)Oc3ccc(/N=N/c4ccc(/N=N/c5ccc(OCCCCCCCCCC)cc5)cc4)cc3)cc2)cc1,98.353714
*/N=C(/*)CCCOc1ccc(OC(=O)c2ccc(OC(=O)CCCC(C)C)cc2)cc1,45.681503
*/N=C(/*)CSCCC,68.12269
*/N=C(/*)SC,112.51822
*/N=C(/*)[Si](C)(C)CCCS(=O)(=O)Oc1c(F)c(F)c(F)c(F)c1F,42.687195
*/N=C(/*)c1cc(O)c(C)cc1C,168.03688
*/N=C(/*)c1ccc(C(=O)OC)cc1OCC,131.12772
*/N=C(/*)c1ccc(OCCOc2ccc(CC(=O)Oc3ccccc3)cc2)cc1,86.58202
*/N=C(/*)c1cccc(CCCCCCCCCC)c1,8.454544
*/N=C(/*)c1cccc(Oc2ccccc2)c1,141.7692
*/N=C(\*)Oc1cc(C)ccc1O,79.62814
*/N=C(\C#N)C(=O)NCCCCCCN=*,50.44104
*/N=C(\C)C(=O)CCCCCCCCC(*)=O,32.58307
*/N=C(\C)C(=O)Nc1ccc(Cc2ccc(NC(=O)Nc3ccc(N=*)cc3)cc2)cc1,202.24478
*/N=C(\C)CS*,82.843994
*/N=C(\CCCC)OC(=O)c1ccc(-c2ccc(C(=O)OCCCCCCOc3ccc(C(*)=O)cc3)cc2)cc1,86.85551
*/N=C(\Oc1ccc(C(=O)Oc2ccc(I)cc2)cc1)c1ccc(*)cc1,137.04709
*/N=C/C=C/C(C)=C(*)[O][Na],157.59734
*/N=C/[Si](*)(Nc1ccc(C)cc1)c1ccccc1,111.39479
*/N=C/c1cc(OC)c(OC(=O)/C=C/C(*)=O)cc1CC,155.65408
*/N=C/c1cc(OCCN(C)C)c(/C=N/c2ccc(O*)cc2)cc1OCCCCCCCCCC,88.29712
*/N=C/c1ccc(*)c(NC(=O)c2ccc(Br)cc2)c1,195.6521
*/N=C/c1ccc(-c2ccc(N=*)cc2)cc1,136.81737
*/N=C/c1ccc(OC(=O)CCCCCCCCC(=O)Oc2ccc(C(*)=O)cc2)cc1,65.0814
*/N=C/c1ccc(OCCCCCCCC[Si](C)(C)c2ccc(C(*)=O)cc2)cc1,46.754555
*/N=C/c1sc(-c2cc(CCCCCCCCCC)c(*)cc2CCCC)c(C)c1C,56.44184
*/N=N/C=C(/*)c1ccccc1[N+](=O)[O-],140.24603
*/N=N/c1cc(Br)c(*)cc1Cc1ccccc1,156.71133
*/N=N/c1ccc(/C=C/[Si](C)(C)c2ccc(Nc3ccc(-c4nnc(*)o4)cc3)cc2)cc1,146.08818
*/N=N/c1ccc(/C=N/c2ccc(-c3ccc(C(=O)NCCNC(*)=O)cc3)cc2)cc1,175.28532
*/N=N/c1ccc(/C=N/c2ccc(Sc3ccc(*)o3)cc2)cc1,138.9993
*/N=N/c1ccc(/N=N/c2ccc(C(*)=O)cc2C)cc1,174.45044
*/N=N/c1ccc(C(=O)OC(=O)c2ccc(-c3ccc(C(*)=O)cc3)cc2)cc1,180.24948
*/N=N/c1ccc(C(=O)c2cccc(C(=O)Nc3cccc(*)n3)c2)cc1,156.43695
*/N=N/c1ccc(C(C)=C(C)c2ccc(Sc3ccc(*)s3)cc2)cc1,134.89362
*/N=N/c1ccc(CCCNC(=O)CCCCCCC(=O)NCCCCCCNC(*)=O)cc1,55.377663
*/N=N/c1ccc(Cc2ccc(-c3ccc(N(*)c4ccccc4)cc3)cc2)cc1,153.38004
*/N=N/c1ccc(Cc2ccc(/N=N/c3ccc(O*)c(C(C)C)c3)cc2)cc1CCCC,127.128075
*/N=N/c1ccc(Cc2ccc(NC(=O)NCCCCCCNC(*)=O)cc2)cc1,100.59338
*/N=N/c1ccc(Cc2ccc(NC(=O)c3ccc(C(*)=O)cc3)cc2)cc1,204.42299
*/N=N/c1ccc(Cc2ccc(NS*)cc2)cc1,114.41058
*/N=N/c1ccc(NC(=O)/C=C/C(*)(C(=O)O)C(=O)N(Cc2ccccc2)c2ccccc2)cc1,188.74057
*/N=N/c1ccc(NC(=O)c2ccc(NC(=O)NC(=O)NNC(=O)c3ccc(*)s3)cc2)cc1,178.49603
*/N=N/c1ccc(Nc2ccc(S(=O)(=O)COc3ccc(/C=C/C(*)(C)C)cc3)cc2)cc1,144.4734
*/N=N/c1ccc(S(*)(=O)=O)c(C)c1C,185.62204
*/N=N/c1cccc(Cc2ccc(NC(=O)c3ccc(C(*)=O)cc3)cc2)c1,186.03621
*/N=N/c1cccc(S(=O)(=O)c2ccc(Sc3ccc(*)o3)cc2)c1,128.87189
*/N=[SH]/c1ccc(Cc2ccc(*)cc2)cc1OC,151.37271
*/P=C/c1ccc(C(OC(C)C(=O)OCCCCCC)c2ccc(Sc3ccc(SS*)cc3)cc2)cc1,113.78581
*/[SH]=N/c1ccc(/C=C/C(=S)N2CCN(*)CC2)cc1,153.73015
*/[SH]=N/c1ccc(C(=O)c2ccc(C(=O)c3ccc(*)cc3)cc2)cc1,153.919
*=Cc1cccc(/N=C/c2cccc(N=*)c2)c1,98.979004
*C#C/C(C)=C(/*)C#N,120.438225
*C#C/N=C(/*)COC(C)(F)C(=O)OC,69.57052
*C#CC#CC#C/C=C/CCCCCCCCCO*,-10.266968
*C#CC#CC#CC#C[Si](*)(C)OCC,-12.055603
*C#CC#CC#CCCCCCCCOC(=O)c1ccc(C(=O)NCCO*)cc1,31.831367
*C#CC#CC#C[Si](*)(CC)CCOCC,-28.849762
*C#CC#CC(=O)NNC(=O)c1ccc(C(=O)Nc2ccc(C(=O)NNC(=O)CCC(=O)[SH]C3=CC(=C)C(=*)C[SiH]=C3)cc2)cc1,167.8706
*C#CC#CCCC(=O)OCCCCCCOC(=O)O*,-33.297226
*C#CC#CCCOC(=O)CCCCCCCCC(=O)O*,-35.188156
*C#CC#CCOC(=O)CCCCCCSC(=O)CCCCCCC(=O)O*,-35.584442
*C#CC#CCOC(=O)NCCNC(=O)O*,15.459
*C#CC#CCc1ccc(CCCOC(=O)c2cccc(C=*)c2)cc1,25.5596
*C#CC#C[Si](*)(C)c1ccccc1,-26.987244
*C#CC#Cc1cc(*)ccc1N,24.335342
*C#CC#Cc1cc(OCCCCCCCCCCCC)c(C=*)cc1OCCCCCCCCCCCCCCCC,4.786682
*C#CC#Cc1ccc(C(=O)C(=O)c2ccc(C(=O)O*)cc2)cc1,50.563408
*C#CC(*)(Cl)OCC,-2.7183075
*C#CC(*)=NC(C)C,22.232597
*C#CC(*)C(=O)OCCCCCCCCCCOCCO,-27.650452
*C#CC(*)CNS(=O)(=O)C(C)C,54.134537
*C#CC(=*)CCN,12.688156
*C#CC(=O)CCCCCCCC(*)=O,-28.742538
*C#CC(=O)CCNC(=O)c1ccccc1-c1ccccc1-c1ccc(*)nc1,77.88247
*C#CC(C#N)COC(=O)CCCCCCCCC(=O)O*,-25.150284
*C#CC(C)C(=O)NCC(=*)COC(=O)OCCCCCCCCCCCCCC,-26.82814
*C#CC(C)C(C)CSC(=O)/C=C/C(=O)N*,87.21485
*C#CC(C)CCS(=O)(=O)CCC(=O)N*,14.054291
*C#CC(C)CNC(=O)CCCCCCCCC(=O)NCCSCCC(=O)N*,17.371658
*C#CC(CC)CCCNS(*)(=O)=O,34.61963
*C#CC(CCCCCC)C([CH2][Ge])c1ccc(*)cc1,14.811432
*C#CC(CCCCCC)COC(=O)c1ccc(OCCCCCCCCCCCCOc2ccc(C(=O)O*)cc2)cc1,19.247437
*C#CC(CCCCCCCCCCCC)COC(=O)CCCCC(=O)O*,-49.78363
*C#CC(CCCCCCCCCCCCCCCCCCCCCCOc1ccc(/C=C(\C)c2ccc(O*)cc2)cc1)c1ccc(S(=O)(=O)OCC)cc1,76.72321
*C#CC(CSS*)C(OC)C(C)(C)C,13.186996
*C#CC(C[Se]*)C(C)C(C)C,55.789436
*C#CC(Cl)CCC(=*)C,-23.381958
*C#CC(O*)C(C)S(=O)(=O)O,32.553047
*C#CC(OCCCCCCCCC)c1ccc(-c2ccc(C#N)cc2)c(*)c1O,48.127983
*C#CC/C=C(/*)c1ccc(CC)cc1OCCC,75.26966
*C#CC1=CC=C(CCc2ccc(*)s2)C([2H])(C(F)(F)F)C1=O,101.627754
*C#CC=C(C#N)C#CCC(=O)N*,59.525635
*C#CC=C(C#N)C(=*)CC,67.771416
*C#CC=C(CCCCCC)CCCSCCS*,-33.859207
*C#CC=C1CCCC(*)COC1C,36.441216
*C#CCC#CC(=O)NCCCC(=O)OCCOc1ccc(C=*)cc1,6.793579
*C#CCCC(=O)N*,-5.224182
*C#CCCCCCCCC(=O)NCc1cccc(NC(=O)O*)c1,61.319557
*C#CCCCCCCCCC(=O)NCCCCCCCCCCCCCCCCPCCCCCCNC(=O)CCO*,30.974236
*C#CCCCCCCCCCCCCCCCCCCCCCCCCCNC(=*)CCCCCCC(=O)OCCCCCCCCCC,-8.822861
*C#CCCCCCCCCCCCCCCCCCCCCCCOC(=O)c1ccc(/C=C/CCCCC/C=C/c2ccc(C(=O)O*)cc2)cc1,54.866714
*C#CCCCCCCCCCCCCCOC(=O)C(CCCCCCCCCC)C(=O)[SH]CCCCCC(=O)O*,-26.82692
*C#CCCCCCCCCNC(=O)c1ccc(C(=O)NCCCCCCCCCNC(=O)c2ccc(C(=O)N*)cc2)cc1,84.815575
*C#CCCCCCCCOC(=O)CCCCC(=O)O*,-38.47017
*C#CCCCCOc1ccc(/C=C/c2ccc(OCCCCCC)cc2)c(*)c1O,61.59182
*C#CCOC(=O)CCCCS*,-70.28659
*C#CCOC(=O)CCCSCCCCCC(=O)O*,-45.932404
*C#CCOC(=O)NC=CCNC(=O)O*,-2.807785
*C#CCOC(=O)NCCCCCCNC(=O)OCCOC(=O)NCc1ccc(O*)cc1,7.907715
*C#CCOC(=O)OCCCCCCOC(=O)OCCCCCCOC(=O)OC1CCC(OC(=O)OC)C1*,12.219574
*C#CCOC(=O)c1ccc(COC(*)=O)cc1,-3.9446259
*C#CCOCCCCCCOC(=O)OCCCCCCCCCCOC(=O)NCCCCCCOCCOCCOCCOCCO*,-24.757294
*C#CCOCCOCCOP(=O)(Nc1ccc(C)cc1)C(=O)Oc1ccc(OC(=O)c2ccc(O*)cc2)cc1,41.454483
*C#CCOc1ccc(C(=O)OC(=O)c2ccc(-c3ccc(OC(=O)CCCC(*)=O)c(Br)c3)cc2C)cc1,79.951546
*C#CCOc1ccc(C(C)(COC(=O)c2ccc(OCCOC(=O)O*)cc2)c2ccc(C(=O)OCC)cc2)cc1,78.40425
*C#CCOc1cccc(C(=C=Cc2ccc(*)cc2)c2ccccc2[N+](=O)[O-])c1,109.69695
*C#CCOc1cccc(O*)c1,-3.848877
*C#CN[Si](*)(OCCOCCOC)OCCOc1ccc(-c2ccc(/C=C/c3ccccc3)cc2)cc1,47.645798
*C#COC1=CC=C(C(=O)OCCOc2ccc(/N=N/c3ccc(OC)cc3)cc2)N(c2ccccc2C(=O)OC(=O)c2ccc(*)cc2)C=C1,92.7927
*C#CS(=O)(=O)c1cc(OCc2ccccc2)cc(*)c1O,99.78726
*C#CS(=O)(=O)c1ccc(S(=O)(=O)c2ccc(N(*)CCCC)cc2)cc1,150.52043
*C#C[Si](C)(C)CCC(O)COc1ccc(-c2ccc(O*)cc2)cc1,49.304337
*C#C[Si](C)(C)CCCCCNC(=O)c1ccc(C(=O)N*)c(Oc2ccc([N+](=O)[O-])cc2)c1,100.85843
*C#C[Si](C)(C)C[Si](*)(C)c1cccc(C)c1,-2.4114227
*C#C[Si](C)(C)C[Si](*)CC,-22.805588
*C#C[Si](C)(CC)CC[Si](*)(C)C,-8.943665
*C#C[Si](CCCCCCCCCCCC)[Si](*)(C)C,-76.732346
*C#Cc1c(O)cc(-c2cc(C#N)c(*)cc2OCCCCCCCCCC)cc1CCCCCCCCCCCCCCCCC,79.12469
*C#Cc1cc(*)c(OCC[Si](C)(C)C)cc1C,78.87124
*C#Cc1cc(*)ccc1OCCCCCCCCCCCCCC,12.438629
*C#Cc1cc(/C=C/c2ccc([Si](*)(C)[O][Na])cc2)cc(OCCCCCCCCCCCC)c1,53.801888
*C#Cc1cc(C(=O)OC)c(C(=O)[O][Na])c(*)c1C,103.84334
*C#Cc1cc(C(C)(C)CCCCC)c(*)cc1OCC,56.52836
*C#Cc1cc(CCC(C)C)c(-c2cc(Br)c(*)c(OC)c2)cc1OC,115.23692
*C#Cc1cc(COCC)c(*)cc1COCCCC,35.27169
*C#Cc1cc(COCCCCCC)c(*)cc1OCCCCCCCCCCCC,17.966125
*C#Cc1cc(O*)c(-c2ccccc2)cc1OCCCC,91.27133
*C#Cc1cc(OC)c(*)cc1CCCCS,55.286003
*C#Cc1cc(OC)c(*)cc1OCCCCCCCCCCCCCCCC,22.492805
*C#Cc1cc(OC)c(/C=C/c2cccc(N=*)c2)cc1OC,134.19487
*C#Cc1cc(OCC(CCCC)CCCCCC)c(*)cc1OCC,36.352104
*C#Cc1cc(OCC(CCCCCCCCCCCC)CC(C)C)c(*)s1,7.182617
*C#Cc1cc(OCCCCCC)c(-c2ccc(CCCCCCCCCCCCCC)cc2)c(Cl)c1*,32.879143
*C#Cc1cc(OCCCCCCCCCC)c(/C=C/c2ccc(C(*)=O)cc2)cc1OCSCCCCCCOc1ccc(/N=N/c2ccc(Cl)cc2C)cc1,103.87764
*C#Cc1cc(OCCCCCCCCCCCC)c(C=*)cc1S(=O)(=O)O,29.905449
*C#Cc1cc(OCCCCCCCCCCCCCC)c(CNC(=O)Cc2ccc(CCN*)cc2)cc1C(=O)O,67.27448
*C#Cc1cc(OCCCCCCCCCCCCCCCC)c(C#Cc2ccc(*)c(CCCCCC)c2)[nH]1,36.609604
*C#Cc1cc(OCCCCCCCCCCCCCCCCCC)c(*)cc1OCCCCC,24.342728
*C#Cc1cc(OCCCCCCCCCCCCCCOc2ccc(/C=C/c3ccc(OC)cc3)cc2)ccc1OC(=O)c1ccc(NC(=O)CCCCCCCCCCCCCCC(=O)Oc2ccc(C(=O)O*)cc2)cc1,84.95831
*C#Cc1cc(OCCCCOCCOCCOC)c(C(=O)NCCCCCCCCCCCCCC)c(*)c1O,23.532486
*C#Cc1cc(OCCN(*)c2ccc([N+](=O)[O-])cc2)ccc1Cc1ccccc1,133.2157
*C#Cc1cc(OCCOC(C)=O)c(/C=C/c2ccc(N=*)cc2)cc1OCCCCCCCC,73.75847
*C#Cc1ccc(*)c(C)c1CCC,91.46245
*C#Cc1ccc(*)c(F)c1C,90.23018
*C#Cc1ccc(*)c(OC)c1,61.44699
*C#Cc1ccc(*)cc1CCCCCCCCCC[CH2][Na],13.638092
*C#Cc1ccc(-c2cc(OCC=C)c(O*)cc2Cl)cc1,81.30775
*C#Cc1ccc(-c2ccc(-c3ccc(-c4cccc(*)n4)cc3)cc2C(=O)OCCCCCCCCCCCCCCCC)cc1,90.17142
*C#Cc1ccc(/C=C/C=C/C(=*)/C=C/c2ccc(/N=N/c3ccc(/N=N/c4ccc([N+](=O)[O-])cc4)c(OC)c3)cc2)cc1-c1ccccc1,210.698
*C#Cc1ccc(C#C[Si](CCCCCCCCCCOc2ccc(-c3ccccc3)cc2)c2ccc(/N=C/c3ccc(C(=O)c4ccc(C(=O)O*)cc4)cc3)cc2)cc1,107.34592
*C#Cc1ccc(C(=O)O)c(C(=O)Oc2ccc(CCCCOC(=O)CCCCCCCC(=O)S*)cc2)c1,30.382492
*C#Cc1ccc(C(=O)OCC(C)Oc2ccc(/N=C/c3ccc([N+](=O)[O-])cc3)cc2)cc1*,146.32727
*C#Cc1ccc(CC)c(C(=O)O*)c1,76.873146
*C#Cc1ccc(CCCOC(=O)c2ccc(C(=O)O*)cc2)c(OCCCCCCCCCCCCCC)c1,31.020195
*C#Cc1ccc(CCNC(=O)CCC(=O)NCCO*)cc1,93.0602
*C#Cc1ccc(COC(=O)Nc2ccc(S(*)=O)cc2)cc1,128.12207
*C#Cc1ccc(CSC(=O)CCCC(=O)S*)cc1,25.147469
*C#Cc1ccc(OC(=O)CCCCCCCCCCCCCOc2ccc(/C=C/c3ccc(O*)cc3)cc2)cc1,80.15699
*C#Cc1ccc(OCCCCCCCCCC(=O)c2ccc(*)cc2)cc1,35.946243
*C#Cc1ccc(OCCN(C)c2ccc(C(C)(C)c3ccc(O*)cc3)cc2)cc1,122.70892
*C#Cc1ccc([Si](C)(C)c2ccc(/C=C/[Si](*)(C)c3ccc(CC[N+](C)(C)C#N)cc3)cc2)cc1Cl,129.90942
*C#Cc1cccc(CCOC(=O)C(CCCCCCC)C(=O)O*)c1,-19.742584
*C#Cc1ccccc1COC(=O)Cc1ccc(Cc2ccc(C(=O)O*)cc2)cc1,97.78198
*C#Cc1cnc(OCC(C)C)c(C=*)c1,67.74991
*C(*)(C)C(=O)OCCCCCCCCOc1ccc(C(=O)Oc2ccc(Cl)cc2)cc1,57.824844
*C(*)(c1ccccc1)c1ccccc1C(C)CC,114.05334
*C(*)C(=O)CC(C)(C)CN,34.75042
*C(*)C(=O)NC(F)(F)C(F)(F)C(F)(F)C(F)(F)C(F)(F)F,10.873062
*C(*)C(=O)Nc1ccccc1O,153.10542
*C(*)C(=O)OCC#CC(=O)Oc1cccc(/N=N/c2ccc(OCCC)cc2)c1,51.250397
*C(*)C(=O)OCC(F)(F)C(F)(F)C(F)(F)C(F)(F)C(F)(F)C(F)(F)C(F)(F)CC(F)(F)C(F)(F)C(F)(F)C(F)(F)C(F)(F)F,-28.97287
*C(*)C(=O)OCCCCCCCCCCCOc1ccc(-c2ccc([N+](=O)[O-])cc2)cc1,56.96189
*C(*)C(=O)OCCCCCCCCCCOc1ccc(-c2ccc(OC(=O)COc3ccc(/N=C/c4ccc(OC)cc4)cc3)cc2)cc1,69.50599
*C(*)C(=O)OCCCO,11.352295
*C(*)C(=O)OCCN(CCCCCC)c1ccccc1,-6.4917297
*C(*)C(=O)OCCOc1ccc(OC(=O)c2ccc(OCC(O)COc3ccc(C(C)(C)c4ccc(OC)cc4)cc3)cc2)cc1,81.54476
*C(*)C(=O)Oc1ccc(C(=O)OC(C)C(F)(F)F)cc1,69.167244
*C(*)C(=O)Oc1ccc(Cl)c(Cl)c1C,82.23262
*C(*)C(=O)SCCCCCCCCCCCCCC(=O)Nc1ccc(C)cc1,46.04458
*C(*)C(C)C[N+](C)(C)C,37.93992
*C(*)C=C(C#N)C[N+](C)(C)C,103.84532
*C(*)CCC(C)(C)CC,11.613617
*C(*)CCCCCCC,-61.059128
*C(*)CCCCCCCCCC(=O)Nc1ccc(C=Cc2ccc(N(C)C)cc2)cc1,69.65712
*C(*)c1cc(C(Cl)C(F)(F)F)ccc1C(F)(F)F,119.0087
*C(=*)CSC(=O)N(CC)CC,60.99386
*C(=C(C#N)C#N)c1ccc(C(=O)OCCCN2C(=O)c3ccc(-c4ccc5c(c4)C(=O)N(*)C5=O)cc3C2=O)c(C)c1,233.03397
*C(=C)C(*)C(=O)OCCCC,16.477936
*C(=C=C=*)CCC[Si](C)(C)C,-3.8696747
*C(=C=C=*)SS(=O)(=O)CC,8.758453
*C(=C=C=C=C=C(*)OCC)CC(C)C,-0.1595459
*C(=C=C=Cc1ccccc1C(C)CC)c1ccccc1*,70.06207
*C(=N)CCCCC(=O)NNC(=O)c1ccc(C(*)=O)cc1,124.88559
*C(=N)N(*)c1ccc(C)cc1,97.25309
*C(=NC(*)(C)C#N)c1ccc(OCCC)cc1,82.35175
*C(=Nc1ccc(N(C)CCNC(=O)c2ccc(*)cc2)cc1)SC,131.05695
*C(=O)/C(C(=O)SC)=C(/C)C(=O)OC(=O)C(Cc1ccccc1)C(*)=O,138.96788
*C(=O)/C(C)=C/c1ccc(Oc2ccc(C(=O)SN3C(=O)c4ccc(*)cc4C3=O)cc2)cc1,246.01852
*C(=O)/C=C(/*)c1ccc(C)cc1,173.80486
*C(=O)/C=C/C(=O)Nc1ccc(*)cc1,211.99179
*C(=O)/C=C/C(=O)OCCCCCCCCCC(=O)Oc1ccc(N2C(=O)c3ccc(*)cc3C2=O)cc1,98.70238
*C(=O)/C=C/C(=O)c1ccc(C(=O)Nc2ccc(Cc3ccc(N=*)cc3)cc2)cc1,185.67984
*C(=O)/C=C/CC(=O)Oc1ccc(C(C)(C)c2ccc(OC(=O)CCCCCCNC(=O)c3ccc(C(=O)Oc4ccc(*)cc4)cc3)cc2)cc1,71.56029
*C(=O)/N=C/c1ccc(OC(=O)NCCCNC(*)=O)cc1,101.95866
*C(=O)C(*)(C)c1ccc(C)cc1,112.0854
*C(=O)C(*)C(=O)OCCCCCCCCCCCCCCCCCC,-27.302643
*C(=O)C(*)C(=O)Oc1cccc(C(F)(F)F)c1,82.01014
*C(=O)C(*)CC(F)(F)C(F)(F)C(F)(F)C(F)(F)C(F)(F)C(F)(F)C(F)(F)C(F)(F)C(F)(F)F,-17.999039
*C(=O)C(*)CCc1ccc(CCCCC#N)cc1,26.175339
*C(=O)C(*)COc1ccc(S(=O)(=O)c2ccc(C)cc2)cc1,112.20009
*C(=O)C(*)OCC,-3.2983093
*C(=O)C(*)[Si](C)=Cc1ccccc1,52.63996
*C(=O)C(*)c1cc(Br)ccc1OC(CC)CCO,74.4566
*C(=O)C(*)c1ccc(C(=O)OCCCCCCCCCC)cc1,14.755829
*C(=O)C(*)c1ccc(Cl)cc1[2H],122.94
*C(=O)C(=O)N(*)C=C,76.4928
*C(=O)C(C)(C)C(=O)OC(C)COc1ccc(*)cc1,56.44848
*C(=O)C(C)(CCCCC)Oc1ccc(/N=N/c2ccc(/C=N/c3ccc(*)cc3)cc2)cc1,127.099754
*C(=O)C(C)(OC(=O)c1ccccc1)C(*)=O,91.06003
*C(=O)C(C)(c1ccccc1)C(C)(C)c1ccc(*)s1,103.11801
*C(=O)C(C)C(C(=O)NCCCc1ccc(-c2ccc(*)cc2)cc1)C(C)C,155.61032
*C(=O)C(C)CC(Cl)(C=*)COC(=O)OCC(F)(C(F)(F)F)C(F)(Cl)C(F)(F)F,34.081863
*C(=O)C(C)N(*)CC(C)(C)C,94.6487
*C(=O)C(C)NC(=O)c1ccc(C(=O)N(*)C)cc1C,202.47034
*C(=O)C(CC#CC)C(*)=O,33.529297
*C(=O)C(CCCC)N(*)C,2.348297
*C(=O)C(Cl)C(*)C(=O)OCCCC,50.13514
*C(=O)C(F)(F)C(F)(Cl)C(*)(F)CN(C)C,-2.0746765
*C(=O)C(O)C(*)c1cccnc1,115.397125
*C(=O)C(OC(=O)/C=C(/*)OC(C)(C)C)c1ccc([Si](C)(C)C)cc1,131.45216
*C(=O)C1CSC(*)C(=O)C1,100.599594
*C(=O)CC(*)C(=O)c1ccc(OCCCC)cc1,48.450302
*C(=O)CC(*)OC(=O)c1ccc(F)cc1F,46.191162
*C(=O)CC(*)c1cc(C)cc(C(F)(F)F)c1,113.283005
*C(=O)CC(*)c1ccccc1Cl,77.44016
*C(=O)CC(C)(C)c1ccc(*)cc1,85.73027
*C(=O)CC(C)N(*)CC(C)C,54.1167
*C(=O)CC(CCCC)C(C)(CCC)C(=N)NC(*)=O,108.224495
*C(=O)CC/C=C/C(=O)NCNC(*)=O,126.72022
*C(=O)CCC(=O)OC(C)COc1ccc(CC(=O)NC(Cc2ccc(*)cc2)C(=O)OCCCCCCCC)cc1,32.206154
*C(=O)CCC(F)(F)C(F)(F)CN(C(F)(F)F)C(F)(F)C(=O)NCC(F)(F)C(F)(F)C(*)(F)F,11.503662
*C(=O)CCCC(=O)N(*)CC,36.621292
*C(=O)CCCC(=O)Oc1ccc([Si](c2ccccc2)c2ccc(*)cc2)cc1,86.46167
*C(=O)CCCC1CCN(*)CS1,33.361168
*C(=O)CCCCC(*)=C(Cl)Cl,19.50708
*C(=O)CCCCC(*)CCC,-16.59845
*C(=O)CCCCC(=O)Nc1ccc(Oc2cccc(Oc3ccc(*)cc3)c2)cc1,111.63718
*C(=O)CCCCCCC(=O)N1CN(C(=O)NNC(=O)c2ccc(*)cc2)C1,85.953156
*C(=O)CCCCCCC(=O)OC(COC(=O)c1ccccc1C(*)=O)C(=O)OCC,7.4125214
*C(=O)CCCCCCC(=O)Oc1ccc(S(=O)(=O)c2ccc(N(*)C)cc2)cc1,92.72138
*C(=O)CCCCCCCCCCC(=O)Oc1ccc(C(C)(C)c2ccc(OC(=O)CCCCCCC(=O)Oc3ccc(*)cc3)cc2)cc1,34.792328
*C(=O)CCCCCCCCCCCCC(=O)NC1CCC(*)CC1,67.986595
*C(=O)CCCCCCCCCCCCC(=O)NC1CCN(C(*)=O)CC1,74.59203
*C(=O)CCCCCCCCCCCCCCCCC(=O)NCCCCCCCCCCCCCCCCNC(*)=O,50.660545
*C(=O)CCCCCCCN1CCCN1*,18.505043
*C(=O)CCCCCCCc1ccc(-c2ccc(Cc3ccc(*)cc3)cc2)c(C)c1,70.12794
*C(=O)CCCCCNC(=O)c1ccc(C(=O)NCCCCCCNC(*)=O)cc1,61.945396
*C(=O)CCCCOC(=O)c1ccc(-c2ccc(Cc3ccc(*)nc3)cc2)cc1,59.939125
*C(=O)CCCCc1c(*)c(F)cc(F)c1F,18.340843
*C(=O)CCNC(=O)CCC(=O)NC(C)(C)C(=O)/C=C/C(=O)NC(=O)C(*)=O,133.39352
*C(=O)CCS(=O)(=O)CCCCC(=O)NC(C)CCNC(*)=O,59.20298
*C(=O)CN(CC)C[Si](*)Oc1ccccc1,35.24192
*C(=O)CNC(=O)C(*)c1ccc(F)cc1C,123.34921
*C(=O)CNC(=O)c1ccc(Oc2ccc(C(=O)OC(=O)c3ccc(C(*)=O)cc3)cc2)cc1,194.29753
*C(=O)COC(=O)OCC1(C)CC(=O)C1*,28.486488
*C(=O)CON(*)c1c(C)cc(C)cc1Cl,56.810318
*C(=O)COc1ccc(C(=O)NNC(=O)c2cccc(C(=O)Nc3ccc(*)cc3)c2)cc1,229.57559
*C(=O)COc1ccc(C(C)(C)c2ccc(OC(=O)c3ccc4c(c3)C(=O)N(*)C4=O)cc2)cc1,193.08432
*C(=O)CSCCCCCCNC(=O)OCCCc1cc(*)cc(CCCCCCCCCC)c1,-3.9748993
*C(=O)C[Se]CCC(=O)N(C)c1ccc(N(*)C)cc1,135.98093
*C(=O)C[Se]CNC(*)=O,87.34101
*C(=O)N(*)C(=O)N(CC)c1ccc(C(C)(C)C)cc1,210.98776
*C(=O)N(*)Cc1ccc(C)cc1,166.07498
*C(=O)N(C(=O)c1ccccc1)c1cc(NBr)c(-c2cc(C)c(N3C(=O)c4ccc(*)cc4C3=O)c(Cl)c2Cl)cc1C,263.07516
*C(=O)N1C(=O)c2ccc(C(=O)[Si](*)(C)C)cc2C1=O,182.7208
*C(=O)N1C=CC(CNC(=O)c2cccc(*)n2)C1=O,161.72821
*C(=O)NC(=O)CCC(C)CCCC(C)[CH2][Ge]([*])([CH3])[CH3],35.46853
*C(=O)NC(=O)CNS(=O)(=O)c1ccc(CC(C)(C)c2ccc(*)cc2)cc1,151.5966
*C(=O)NC(C)N(*)CC(O)COC(C)=O,53.67269
*C(=O)NC(CC(F)(F)F)C(F)(F)C(*)(F)OC(F)(F)F,40.45169
*C(=O)NC(Cc1ccccc1)NC(=O)c1cccc(C(=O)N(*)CC)c1,177.99808
*C(=O)NCC(=O)N(*)C,153.09149
*C(=O)NCC(C)(C)CNC(=O)c1ccc(C(*)=O)cc1,168.29732
*C(=O)NCC(C)CCCOc1ccc(NC(*)=O)cc1,72.82527
*C(=O)NCC1CCCC(C(*)=O)C1,125.89211
*C(=O)NCC1CCCCNC(*)CC1,115.08102
*C(=O)NCCC(=O)OCc1ccc(CS(=O)(=O)c2ccc3c(c2)C(=O)N(*)C3=O)cc1,188.7839
*C(=O)NCCCCCCCCCCCNC(=O)c1cccc(*)n1,125.48004
*C(=O)NCCCCCCCCCCNC(=O)c1ccc(C(=O)NCCNC(*)=CC=CC(C)CC)c(I)c1,94.75311
*C(=O)NCCCCCCCCNC(=O)/C(C)=[SH]\c1ccc(N(*)CCCCCCCCCC)cc1,53.63479
*C(=O)NCCCCCCCNCS(=O)(=O)CC(=O)Nc1csc(C)c1*,56.445282
*C(=O)NCCCCCCCSCCNC(=O)C(*)c1cc(Br)c(Cl)cc1-c1ccccc1,85.0672
*C(=O)NCCCCCCNC(=O)C(C=*)CCCOC(=O)c1ccc(OC(C)(C)C)cc1,56.04419
*C(=O)NCCCCCCNC(=O)NC1CCN(*)CC1,118.20468
*C(=O)NCCCCCCNC(=O)NCCC(=O)[NH][Ge]([*])([CH3])[CH3],95.48709
*C(=O)NCCCCCCNC(=O)Nc1ccc(Cc2ccc(NCC(=O)Oc3ccc(-c4ccc(*)cc4)cc3)cc2)cc1,115.25151
*C(=O)NCCCCCCNC(=O)SNc1ccccc1NNC(=O)c1ccc(*)cc1,106.16194
*C(=O)NCCCCCCNC(=O)c1cc(CNC(=O)OCCCC)c(NC(=O)SCCCC)cc1*,56.842697
*C(=O)NCCCCCCNC(=O)c1cc(OC)c(N=*)cc1I,107.35871
*C(=O)NCCCCCCNC(=O)c1ccc(C(=O)NCCN(*)c2ccc(OC)cc2)cc1,107.2104
*C(=O)NCCCCCCNC(=O)c1ccc(C(=O)NNC(=O)c2ccc(C(=O)Nc3ccc(*)cc3)cc2)cc1,191.33186
*C(=O)NCCCCCCNC(=O)c1ccc(N(CC)c2ccc(N(*)C)cc2)cc1,124.8453
*C(=O)NCCCCCCNC(=O)c1ccccc1C(*)=O,116.69271
*C(=O)NCCCCCNC(=O)C1CCN1C(*)=O,108.608734
*C(=O)NCCCCCNC(=O)CNC(=O)c1ccc(C(=O)NNC(=O)c2ccc(*)o2)o1,69.35926
*C(=O)NCCCCc1ncc(*)nc1-c1ccccc1,97.60747
*C(=O)NCCCNC(=O)c1cccc(C(=O)NNC(*)=O)c1,175.38104
*C(=O)NCCNC(=O)CCCCCCCCCCC(=O)NCc1ccc(CNC(*)=O)cc1,100.98515
*C(=O)NCC[Si](C)(C)C(=O)N(*)CCC,128.76828
*C(=O)NCSCC(=O)N(*)C,74.93762
*C(=O)NCc1cc(C)c(C(*)=O)c(Br)c1F,152.10655
*C(=O)NNC(=O)CC(=*)CCCCCCCCCCCCN,13.511841
*C(=O)NNC(=O)c1cc(OC(=O)C(*)CCC)ccc1-c1ccccc1,140.17249
*C(=O)NNC(=O)c1ccc(/N=N/c2ccc(N(c3ccccc3)c3ccc(/N=C/c4ccc(C(*)=O)cc4)cc3)cc2)cc1,255.36957
*C(=O)NNC(=O)c1ccc(C(*)=O)cc1S(=O)(=O)c1ccc(Cl)cc1,227.04965
*C(=O)NNC(=O)c1ccc(NC(=O)CCCCCCCCC(=O)Nc2ccc(C3CCC(*)C3)cc2)cc1,128.55579
*C(=O)NNC(=O)c1ccc(S(=O)(=O)c2cccc(C(=O)Nc3ccc(*)cc3)c2)cc1,272.4126
*C(=O)NNC(=O)c1ccc([Si](*)(CCC)NCC)cc1,171.04123
*C(=O)NNC(=O)c1ccc([Si](*)(c2ccccc2)c2ccccc2)cc1,208.45636
*C(=O)NNC(=O)c1ccc([Si](C)(C)c2cccc(C(=O)Nc3ccc(NC(=O)/C=C(\C#N)C(=O)Nc4ccc(C(=O)C(=O)c5ccc(C(=O)c6ccc(*)cc6)cc5)cc4)cc3)c2)cc1,235.98615
*C(=O)NNC(=O)c1sc(*)c(C)c1C(CC)CCCCCC,92.382385
*C(=O)NNC(C(*)=O)=C(C#N)C(=S)OC(=O)c1ccc(C(=O)O)cc1,150.82582
*C(=O)NOc1ccc(/C(C)=C/c2ccc(*)cc2)cc1,167.70471
*C(=O)NSC(=O)C(C)N(*)Cc1ccccc1,94.7607
*C(=O)Nc1c(Cl)c(F)c(*)c(Br)c1Cl,164.60364
*C(=O)Nc1cc(NC(=O)Nc2ccc(NC(=O)c3ccc(*)cc3)cc2)ccc1S(=O)(=O)c1ccccc1,265.31622
*C(=O)Nc1cc(NC(=O)c2ccc(*)cc2)cc(C(=O)OCC=CC=C)c1,126.60111
*C(=O)Nc1cc(OCCCCCCCCC)c(*)cc1OCC,61.893387
*C(=O)Nc1cc(Oc2ccc(C(C)(C)c3ccc(O)cc3Oc3ccc(*)cc3)cc2)cc(C(F)(F)F)c1,204.35318
*C(=O)Nc1ccc(*)c(NC(=O)c2ccc(Br)cc2)c1,273.7201
*C(=O)Nc1ccc(-c2ccc(NC(=O)C(C)N(*)CCCC)cc2)cc1,232.552
*C(=O)Nc1ccc(-c2ccc(NC(=O)c3cc(*)c(C)cc3C)cc2)cc1C,272.68106
*C(=O)Nc1ccc(-c2ccc(NC(=O)c3ccc(C(*)=O)cc3)cc2)c(C)c1,307.6411
*C(=O)Nc1ccc(/C=C/c2ccc(/C=C/C(=O)Oc3cc(OCCCCCCCCCCCC)c(*)cc3OC)cc2)cc1,135.03177
*C(=O)Nc1ccc(C(=O)NC(=O)c2ccc(-c3ccc(C(*)=O)cc3)cc2)cc1,251.93169
*C(=O)Nc1ccc(C(=O)NCCCNCC(*)=S)cc1,141.39983
*C(=O)Nc1ccc(C(=O)NNC(=O)c2ccc(C(=O)NNC(=O)c3ccc(N4C(=O)c5ccc(*)cc5C4=O)c(S(=O)(=O)O)c3)cc2)c(C)c1I,246.39487
*C(=O)Nc1ccc(C(C)(C)c2ccc(OC(=O)C(*)COc3ccc(/N=N/c4ccc(OC)cc4)cc3)cc2)cc1,147.42912
*C(=O)Nc1ccc(CCc2ccc(N(CC)CCNC(=O)c3ccc(C(*)=O)cc3)cc2)cc1,192.62724
*C(=O)Nc1ccc(CNC(=O)NC(CC)CCNS(*)(=O)=O)cc1,204.4507
*C(=O)Nc1ccc(C[Si](C)(C)c2ccc(N3C(=O)c4ccc(*)cc4C3=O)cc2)cc1,252.66614
*C(=O)Nc1ccc(Cc2ccc(Cc3ccc(NC(=O)CCCCCCCCCCCCCCCCCSCC(=O)c4ccc(*)cc4)cc3)cc2)cc1,95.08427
*C(=O)Nc1ccc(Cc2ccc(NC(=O)C(=O)Nc3ccc(C(=O)c4ccc(N5C(=O)c6ccc(*)cc6C5=O)cc4)cc3)cc2)cc1,279.3191
*C(=O)Nc1ccc(Cc2ccc(NC(C)(C)c3ccc(N(C)C(=O)CCCCC(=O)Nc4ccc(*)cc4)cc3)cc2)cc1,146.66998
*C(=O)Nc1ccc(Cl)c(NC(=O)c2ccc(N3C(=O)c4ccc(*)cc4C3=O)cc2)c1,300.4754
*C(=O)Nc1ccc(NC(=O)CCCCCCCCCCCCC(=O)Nc2cccc(NC(=O)C(*)=O)c2)cc1,140.09229
*C(=O)Nc1ccc(NC(=O)Nc2ccc(-c3ccc(NC(=O)Nc4ccc(*)cc4)cc3)cc2)cc1,232.72363
*C(=O)Nc1ccc(NC(=O)Nc2ccc(/N=N/c3ccc(*)cc3)cc2)cc1,239.80925
*C(=O)Nc1ccc(NC(=O)Oc2cccc(OC(=O)c3ccc(*)cc3)c2)cc1,133.92926
*C(=O)Nc1ccc(NC(=O)c2ccc(C(=O)Nc3ccc(*)cc3)c(Cl)c2)cc1,294.19073
*C(=O)Nc1ccc(NC(=O)c2ccc(N3C(=O)c4ccc(*)cc4C3=O)cc2OC(=O)CCCC(F)(F)F)cc1Cl,190.52895
*C(=O)Nc1ccc(NC(=O)c2ccc(Oc3ccc(C(C)(C)c4ccc(Oc5ccc(N6C(=O)c7ccc(*)cc7C6=O)cc5)cc4)cc3)cc2)cc1,223.96133
*C(=O)Nc1ccc(NC(=O)c2ccc3cc(SC)c(Oc4ccc(N5C(=O)c6ccc(*)cc6C5=O)cc4)ccc4c(=O)n4c(=O)c3c2)cc1,293.63586
*C(=O)Nc1ccc(NC(=O)c2cccc(C(*)=O)c2)c(C)c1,261.0463
*C(=O)Nc1ccc(NC(=O)c2cccc(C(=O)Nc3ccc(NC(=O)c4ccc(C(=O)Nc5ccc(*)cc5)cc4)cc3)c2)cc1,259.14996
*C(=O)Nc1ccc(NC(=O)c2cccc(N3C(=O)c4ccc(*)cc4C3=O)c2)cc1,297.87372
*C(=O)Nc1ccc(Nc2ccc(NC(=O)c3ccc(C(=O)Nc4ccc(*)cc4)cc3)cc2)cc1,270.83313
*C(=O)Nc1ccc(Oc2ccc(*)c(C(O)C(F)(F)F)c2)cc1,187.67578
*C(=O)Nc1ccc(Oc2ccc(C(=O)c3ccc(*)s3)cc2)cc1,179.71732
*C(=O)Nc1ccc(Oc2ccc(Cc3ccc(N=*)cc3)cc2)cc1,178.83295
*C(=O)Nc1ccc(Oc2ccc(N3C(=O)c4ccc(*)cc4C3=O)c(C(C)(C)C)c2)cc1,280.82263
*C(=O)Nc1ccc(Oc2ccc(NC(=O)/C=N/c3ccc(N(*)C)s3)cc2)cc1,231.59048
*C(=O)Nc1ccc(S(=O)(=O)c2ccc(-n3c(=O)c4cc5c(=O)n(*)c(=O)c5cc4c3=O)cc2)cc1,374.42926
*C(=O)Nc1ccc(S(=O)(=O)c2ccc(N3C(=O)c4ccc(*)cc4C3=O)c(C(C)(C)C)c2)cc1C,304.82272
*C(=O)Nc1ccc(S(=O)(=O)c2ccc(N3C(=O)c4ccc(*)cc4C3=O)cc2)c(C(=O)OCCC(F)(F)C(F)(F)C(F)(F)C(F)(F)F)c1,169.90611
*C(=O)Nc1ccc(S(=O)(=O)c2ccc(N3C(=O)c4ccc(C(F)(F)C(F)(F)[Si](*)(F)F)cc4C3=O)cc2)cc1,249.69414
*C(=O)Nc1ccc(S(=O)(=O)c2ccc(S(=O)(=O)c3ccc(-c4ccc(-c5ccc(*)cc5)cc4)c(C(F)(F)F)c3)cc2)cc1,260.93695
*C(=O)Nc1ccc(Sc2ccc(NC(=O)CC/C=C/c3ccc(*)cc3)cc2)cc1,246.35028
*C(=O)Nc1ccc(Sc2ccc(NC(=O)c3ccc(/N=N/c4ccc(C(=O)Nc5ccc(*)cc5)cc4)cc3)cc2)cc1,256.00757
*C(=O)Nc1ccc2c(c1)C(=O)N(c1cc(C)cc(N3C(=O)c4ccc(*)cc4C3=O)c1)C2=O,326.7792
*C(=O)Nc1cccc(C(=O)Nc2ccc(NC(=O)c3ccc(C(*)=O)cc3)c(OC)c2)c1,270.82034
*C(=O)Nc1cccc(Oc2ccccc2NC(=O)c2ccc(S(*)(=O)=O)cc2)c1,248.75775
*C(=O)Nc1ccccc1/C=C/c1ccc(Cc2ccc(Nc3ccc(N(*)c4ccc(Cc5ccccc5)cc4)cc3)cc2)cc1,204.64633
*C(=O)OC(=O)CCN1CCN(*)CC1,61.84546
*C(=O)OC(=O)c1ccc(C(=O)N(*)C)cc1,110.25093
*C(=O)OC(C)C(=O)N1CCN(*)CC1,141.4829
*C(=O)OC(COC(=O)c1ccccc1C(*)=O)c1ccc(/N=N/c2ccccc2)cc1,117.08827
*C(=O)OC1CCC(*)C(C#N)C1,108.39908
*C(=O)OC1CCCN(*)C1,59.024597
*C(=O)OCC(*)CCC(F)(F)C(F)(F)C(F)(F)C(F)(F)OC(F)(F)C(F)(F)F,-43.733078
*C(=O)OCC(=*)NC,65.91599
*C(=O)OCC(C)N(*)Cc1ccccc1,31.658241
*C(=O)OCC(CCl)(c1ccc([N+](=O)[O-])cc1)C(*)C,86.104324
*C(=O)OCC1CCC(*)[IH]1,49.47763
*C(=O)OCCCC(=O)N(*)CCc1ccccc1,56.407562
*C(=O)OCCCCCCCCCCCCCCCCCCCOC(*)=O,-9.663315
*C(=O)OCCCCCCCCCCCCCCCCCCN1CCCCN(*)CC1,-2.069107
*C(=O)OCCCCCCCCCCCCOC(=O)c1ccccc1P(=O)(Oc1ccc(-c2ccc(*)cc2)cc1)Oc1ccc(C(B)(C(F)(F)F)C(F)(F)F)cc1,34.940598
*C(=O)OCCCCCCCCCCCNC(=O)c1cccc(C(=O)NNC(=O)COC(=O)CCCCOC(=O)c2ccc(*)nc2)c1,26.468117
*C(=O)OCCCCCCCCCCOC(=O)c1ccc(C(=O)NC(=O)c2cccc(C(=O)NN(*)F)c2)cc1,49.91819
*C(=O)OCCCCCCCCOC(=O)NC1CCCN(C(*)=O)C1,30.249336
*C(=O)OCCCCCCCCOC(=O)c1ccc(OCCCCCCOCc2ccc(*)cc2)cc1,12.867493
*C(=O)OCCCCCCCOc1ccc(NC(=O)c2ccc(N3C(=O)c4ccc(*)cc4C3=O)cc2)cc1,131.94034
*C(=O)OCCCCCCOC(=O)Oc1ccc(*)cc1,6.3294983
*C(=O)OCCCCCCOC(=O)c1ccc(S(=O)(=O)c2cccc(C(=O)Nc3ccc(*)cc3)c2)cc1,101.295204
*C(=O)OCCCCCNC(=O)c1cc(Br)c(N(*)C)c(F)c1Cl,48.936302
*C(=O)OCCCCOC(=O)c1ccc(NC(=O)CCCC(=O)/C=C/c2ccc(*)o2)s1,-1.6808472
*C(=O)OCCCN(CC(C)C)N(*)CCC,-5.4691467
*C(=O)OCCOCCOCCOC(=O)c1ccc(*)s1,-27.24321
*C(=O)Oc1c(F)c(F)c(*)c(Cl)c1Br,86.63516
*C(=O)Oc1cc(C(C)(C)C)cc(*)c1C,120.40187
*C(=O)Oc1ccc(-c2ccc(C(=O)c3cccc(*)n3)cc2)cc1,126.52023
*C(=O)Oc1ccc(-c2ccc(Oc3ccc(N4C(=O)c5ccc(*)cc5C4=O)cc3)cc2)cc1,221.18387
*C(=O)Oc1ccc(C(*)=O)cc1,128.12225
*C(=O)Oc1ccc(C(=O)NNC(=O)c2ccc(*)cc2)cc1,180.77016
*C(=O)Oc1ccc(C(=O)Nc2ccc(-c3ccc(NC(=O)c4ccc(Nc5ccc(C(=O)Nc6ccc(*)cc6)cc5)cc4)cc3)cc2)c(C(=O)O)c1C(=O)O,190.39755
*C(=O)Oc1ccc(C(C)(C)c2ccc(/N=C/c3ccc(C(C(=O)OC)c4ccc(*)cc4)cc3)cc2)cc1,170.82771
*C(=O)Oc1ccc(N(C)NC(=O)c2ccc(C(=O)Nc3ccc(*)nc3)cc2)cc1,194.65164
*C(=O)Oc1ccc(OC(=O)c2ccc(-c3ccc(C(*)=O)cc3)cc2)cc1OC,167.49797
*C(=O)Oc1ccc(OC(=O)c2ccc(-c3nnc(*)s3)cc2)cc1,144.04428
*C(=O)Oc1ccc(OC(=O)c2ccc(Oc3ccc(NC(=O)c4ccc(*)cc4)cc3)cc2)cc1,152.61276
*C(=O)Oc1ccc(OCCCCCCCc2ccc(OC(=O)CCCN3C(=O)c4ccc(*)cc4C3=O)cc2)cc1,68.55753
*C(=O)SCCC1C=CC(*)OC1,55.616943
*C(=O)SN(CCCCOC(=O)OCC(F)(F)C(F)(F)C(F)(F)C(F)(F)F)C(=O)CNC(=O)c1ccc(*)o1,-3.3975067
*C(=O)Sc1ccc(C2(c3ccc(N4CC(=O)N(*)C4=O)cc3)C=C2)cc1,252.0659
*C(=O)[Se]C(=O)N(*)CC(=O)NC(C)=O,151.1174
*C(=O)[Se]c1ccc(Oc2ccc(N3C(=O)c4ccc(*)cc4C3=O)cc2)cc1,272.84732
*C(=O)c1c(OCCCCCCCC)c(C)cc(Oc2ccc(*)c(OCC)c2)c1Oc1ccc(C(=O)Oc2ccc([N+](=O)[O-])cc2)cc1,90.77998
*C(=O)c1cc(*)c(-c2ccc(N(C)C)cc2)c(-c2ccccc2)c1-c1sc(C)cc1C,166.23973
*C(=O)c1cc(*)c(OCCC)cc1O,82.43657
*C(=O)c1cc(C(=O)/C=C/c2cccc(*)c2)cc([N+](=O)[O-])c1,198.21349
*C(=O)c1cc(C(=O)N(*)C)c(C#N)cc1C,171.8279
*C(=O)c1cc(C(=O)c2cc(*)ccc2Cl)cc(C(C)(C)C)c1,140.31503
*C(=O)c1cc(NC(=O)c2cc(*)cc(C(=O)Oc3ccccc3)c2)ccc1OCCCCCC,109.368546
*C(=O)c1cc(OC(=O)c2cccc(C(=O)O)c2)ccc1*,121.52394
*C(=O)c1cc(OC(=O)c2ccccc2CN(*)CCCC)ccc1-c1ccccc1,96.45395
*C(=O)c1cc(OCCCCCCCCC(=O)OCCCCCCCCCCCC)cc(*)c1O,5.684372
*C(=O)c1cc(OCCCCCCCCCCCCCC)c(C(*)=O)c(C)c1C,30.30783
*C(=O)c1cc(Oc2ccc(Nc3ccc(-c4ccc([N+](=O)[O-])cc4)cc3)cc2)ccc1*,213.3109
*C(=O)c1cc(SCCCCCCCCC)c(C(=O)Nc2ccc(C)c(*)c2)cc1OCCCCCCCCCC,80.40378
*C(=O)c1ccc(*)c(O)c1F,114.43628
*C(=O)c1ccc(-c2cc(OCCCCCCCC)c(-c3ccc(-c4ccccc4)c(*)c3)cc2OCCCCCCCCC)cc1,64.28547
*C(=O)c1ccc(-c2ccc(N(c3ccccc3)c3ccc(S(*)(=O)=O)cc3)cc2)cc1,249.39758
*C(=O)c1ccc(-c2nnc(*)s2)cc1,143.57886
*C(=O)c1ccc(/C=C/C(=O)Nc2cc(CCC(=O)N(*)C)cc(C(=O)Nc3ccccc3)c2)cc1,217.80493
*C(=O)c1ccc(/C=C/c2ccc(N(*)C)cc2)cc1,201.41049
*C(=O)c1ccc(/N=N/c2ccc(/N=C(/*)OC(=O)CCCCCC)cc2)cc1,78.30201
*C(=O)c1ccc(/N=N/c2ccc(C(=O)c3ccc(*)s3)o2)s1,101.87256
*C(=O)c1ccc(C(=O)/C=C\c2ccc(*)cc2)cc1,169.29147
*C(=O)c1ccc(C(=O)CCCCCCCCCNC(=O)c2ccc(*)nc2)cc1,101.91524
*C(=O)c1ccc(C(=O)NCCCCCCNC(=O)N(C)c2ccc(*)cc2)cc1,90.17618
*C(=O)c1ccc(C(=O)NCCCOc2ccc(NC(=O)/C=C/c3ccc(*)cc3)cc2)cc1,185.37723
*C(=O)c1ccc(C(=O)NCCNCC(=O)Nc2ccc(N(*)C)cc2)cc1,166.05902
*C(=O)c1ccc(C(=O)Nc2ccc(C(*)=O)cc2N)cc1,222.43248
*C(=O)c1ccc(C(=O)Nc2ccc(NC(=O)c3cccc(C(=O)c4ccc(*)cc4)c3)cc2)cc1,222.39578
*C(=O)c1ccc(C(=O)Nc2ccc(S(=O)(=O)c3ccc(N(C)C(=O)c4ccc(*)cc4)cc3)cc2)cc1,280.4651
*C(=O)c1ccc(C(=O)Oc2ccc(OC(=O)Nc3ccc(-c4ccc(N=*)cc4)cc3)cc2)cc1,148.22885
*C(=O)c1ccc(C(=O)c2cccc(N(*)CC)c2)cc1,123.37442
*C(=O)c1ccc(C(=O)c2cccc(OCCc3ccccc3*)c2)cc1,121.94183
*C(=O)c1ccc(C(C)C)c(*)c1,145.20482
*C(=O)c1ccc(Cc2ccc(C(=O)N3C(=O)N(*)C(C)C3C)cc2)cc1,207.10963
*C(=O)c1ccc(N(C)Cc2ccc(/N=N/Cc3ccc(CNC(=O)NNC(*)=S)cc3)cc2)cc1,171.49817
*C(=O)c1ccc(N(CCCC)c2ccc(/C=C/C(=O)Nc3ccc(*)cc3C#N)c(C)c2)cc1,258.88327
*C(=O)c1ccc(N2C(=O)c3ccc(*)cc3C2=O)cn1,229.55772
*C(=O)c1ccc(NC(=O)C(C)NC(=O)c2ccc([Si](*)(C)C)cc2)cc1,186.75629
*C(=O)c1ccc(NC(=O)NCCCCCCCCCCCCCCNC(=O)Nc2ccc(*)cc2)cc1,101.04254
*C(=O)c1ccc(NC(=O)c2ccc(C(=O)Nc3ccc(NC(=O)c4ccc(N=*)cc4)cc3)cc2)cc1,239.42752
*C(=O)c1ccc(NC(=O)c2ccc(N3C(=O)c4ccc(*)cc4C3=O)cc2)cc1,268.6938
*C(=O)c1ccc(OC(=O)c2ccc([Si](*)(C)C)cc2)cc1,126.10711
*C(=O)c1ccc(OC2=CC=C3C(=O)c4ccc5ccc(OC6=C(OC(=O)c7ccc8c(c7)C(=O)N(*)C8=O)C=C6)ccc6c(=O)c(ccc(n(c(=O)c5c4)C=C2)C3=O)C=N6)c(C(C)(C)C)c1,288.51074
*C(=O)c1ccc(OCC(=O)NNC(=O)c2ccc(CC(=O)NNC(=O)c3ccc(*)cc3)cc2)cc1,200.07394
*C(=O)c1ccc(OCC(O)COc2ccc(/C=N/c3ccc(C=*)cc3)cc2)cc1,137.47466
*C(=O)c1ccc(OCCOCCOCCOCCOC(=O)c2ccc(C(*)=O)cc2)cc1,47.637
*C(=O)c1ccc(Oc2ccc(-c3ccc(*)s3)s2)cc1,103.92721
*C(=O)c1ccc(Oc2ccc(C(=O)c3ccc(C(=O)Nc4ccc(NC(=O)c5ccc(*)cc5)cc4)cc3)cc2)cc1,231.38794
*C(=O)c1ccc(Oc2ccc(C(C)(C)c3ccc(Oc4ccc(/N=C(\C)c5ccc(*)cc5)cc4)cc3)cc2)cc1,180.8392
*C(=O)c1ccc(Oc2cccc(C(=O)c3ccc(Oc4ccc(-c5nnc(*)o5)cc4)cc3)c2)o1,133.3926
*C(=O)c1ccc(S(=O)(=O)CCCCCCCC(=O)Nc2ccc(S(=O)(=O)Oc3ccc(-c4cc(Oc5ccc(/N=N/c6ccc(OCc7ccc(OCC(C)CCCCC)cc7)cc6)cc5)ccc4OC(*)=S)cc3)cc2)cc1,109.5829
*C(=O)c1ccc(SC(=O)c2ccc(-c3ccc(C(=O)Nc4ccc(*)cc4)cc3C(F)(F)F)cc2)cc1,253.64789
*C(=O)c1ccc2c(c1)C(=O)N(c1ccc(C(=O)Nc3ccc(Oc4ccc(Oc5ccc(NC(=O)c6ccc(N7C(=O)c8ccc(*)cc8C7=O)cc6)cc5)cc4)cc3)cc1)C2=O,256.31067
*C(=O)c1ccc2c(c1)C(=O)N(c1ccc(C(=O)c3ccc(N4C(=O)c5cccc(C(*)C(F)(F)F)c5C4=O)cc3)cc1)C2=O,291.42596
*C(=O)c1ccc2c(c1)C(=O)N(c1ccc(C(=O)c3ccc(Oc4ccc(N5C(=O)c6ccc(*)cc6C5=O)cc4C)cc3)cc1)C2=O,285.695
*C(=O)c1ccc2c(c1)C(=O)N(c1ccc(C(=O)c3ccc([Si](*)(C)C)cc3)cc1)C2=O,210.25859
*C(=O)c1ccc2c(c1)C(=O)N(c1ccc(NC(=O)c3ccc(S(=O)(=O)Nc4ccc(*)cc4)cc3)cc1)C2=O,299.28094
*C(=O)c1ccc2c(c1)C(=O)N(c1ccc(Oc3ccc4cc(c3=O)N4C(=O)c3ccc(*)cc3)cc1)C2=O,256.6763
*C(=O)c1ccc2c(c1)C(=O)N(c1ccc(S(=O)(=O)c3ccc(N4C(=O)c5ccc(C(*)=O)cc5C4=O)cc3)cc1)C2=O,324.11896
*C(=O)c1ccc2c(c1)C(=O)N(c1cccc(C(=O)c3ccc(N4C(=O)c5ccc(*)cc5C4=O)cc3)c1C)C2=O,292.98065
*C(=O)c1ccc2c(c1)C(=O)NC(c1ccc(C(=O)c3ccc(N4C(=O)c5ccc(C(*)(C(F)(F)F)C(F)(F)F)cc5C4=O)cc3Br)cc1)C2=O,277.67865
*C(=O)c1ccc2c(c1)Nc1cc(*)ccc1N2CC=CC,153.97409
*C(=O)c1cccc(-c2ccc([Si](C)(C)c3ccc4c(c3)C(=O)N(*)C4=O)c(C)c2)c1,213.68002
*C(=O)c1cccc(C(=O)NNC(=O)c2ccc(N3C(=O)c4ccc(*)cc4C3=O)cc2)c1,269.47235
*C(=O)c1cccc(C(C)(C)c2ccc(*)c(CCCCCCCCCCCCCC)c2)c1,24.070732
*C(=O)c1cccc(CSC(=O)CCCOc2ccc(C(C)(CCCC)c3ccc(*)cc3)cc2)c1,78.97066
*C(=O)c1cccc(Cl)c1C(=O)NC(=O)C(*)Cl,128.54503
*C(=O)c1cccc(NC(=O)/C=C/C(=O)Nc2ccc(NC(=O)C(=O)NNC(=O)c3ccc4c(c3)C(=O)N(*)C4=O)cc2)c1,263.32977
*C(=O)c1cccc(Oc2ccc(/C=N/c3ccc(N=*)cc3)cc2)c1,182.01692
*C(=O)c1cccc(S(=O)(=O)c2cccnc2NC(=O)c2cccc(C(=O)Nc3cccc(*)n3)c2)c1,196.25334
*C(=O)c1ccccc1OCc1cc(*)c(Cl)cc1C,128.94986
*C(=O)c1ccccc1[Si](*)(c1ccccc1)c1ccccc1,97.137344
*C(=S)/C=C/C=C(/*)c1ccc(OCC)cc1,144.88368
*C(=S)C(*)c1cc(C)cc(C)c1C,103.31036
*C(=S)C(*)c1ccc(O)cc1,83.03704
*C(=S)C/C=C/C(*)C=C,53.07538
*C(=S)N(*)C(=O)C1(C)CC1C,168.61667
*C(=S)N(*)CCOCC(OC)C(C)Cl,19.900574
*C(=S)N1CCN(CCC(=O)N(*)CC)C1=O,141.60484
*C(=S)Nc1ccc(NC(=O)c2ccc(*)cc2)cc1,223.9365
*C(C#N)=C(*)CCc1ccccc1,125.28268
*C(C#N)=C(*)c1ccc(Br)cc1,173.32481
*C(C#N)C(*)C(=O)O,97.836395
*C(C(=O)O)C(*)(C)C(=O)NCc1cccc(CO)c1,146.70547
*C(C(=O)OC)[Si](*)(C)C,20.638428
*C(C)C(*)(C)C(=O)OC(F)(CO)COC(=O)OCCCCCC1CCCCC1,3.0038147
*C(C)C(*)(C)C(=O)OCCC[N+](C)(C)CCCC,0.3267212
*C(C)C(*)C,17.51252
*C(C)C(*)C(=O)OC(CO)COCC,32.602386
*C(C)C(*)C(=O)OCCCCCCCCCCOc1ccc(/N=N/c2ccc(OC)cc2)cc1C,37.981735
*C(C)C(*)C(=O)OCC[N+](C)(C)CCOC(F)(F)C(F)(F)C(F)(F)C(F)(F)F,-12.789215
*C(C)C(*)CCCCCS(=O)(=O)Cl,1.2658691
*C(C)C(=*)CCCOc1ccccc1C(=O)O,-6.224777
*C(C)C(C)C(*)(C)C(=O)OC(CC)CCOc1ccccc1,91.29676
*C(C)C(C)C(*)C(=O)CC(F)(F)C(F)(F)C(F)(F)F,37.778107
*C(C)C(C=*)C(C)C,44.58425
*C(C)CC(C)CNC(=O)CCCCCOC(=O)NC(=O)C(=O)NC(CS(*)(=O)=O)C(=O)OCc1ccc(CC)cc1,46.339973
*C(C)COC(*)C(F)(F)C(F)(F)C(F)(F)C(F)(F)C(F)F,-24.632385
*C(C=C)C(*)(C)C(=O)OC(C)CC,40.643982
*C(CC(=O)OC(CO)CCCCCCO)S(*)(=O)=O,-2.1617126
*C(CC)C(*)(C)C(=O)OC(C)C(C)C,71.35633
*C(CC)CN(*)C(C)C,60.758873
*C(CCC)C(CCC)C(*)C(=O)[O][Na],81.019356
*C(CCC)N(*)[Si](C)(C)C,-7.4377136
*C(CCCC(=O)OC)C(*)OC=C,-39.14392
*C(CCCCCC)C(*)OCCC(C)C,-67.679596
*C(Cl)=C(*)OC(C)C(Cl)C(=O)OCC[Si](C)(C)CCCC,24.565216
*C(Cl)=C(*)c1ccc(F)cc1,154.91695
*C(Cl)C#C[Si](*)(Cl)Cl,-22.992416
*C(Cl)C(*)(F)C(F)(F)C(F)(F)C(F)(F)C(F)(F)C(F)(F)C(F)(F)C(F)(F)C(F)(F)F,-14.823914
*C(Cl)C(*)C(C)C,112.16046
*C(F)(F)C(*)(Cl)N(CC(F)(F)F)C(F)(F)F,23.624603
*C(F)(F)C(*)(F)C([2H])([2H])[2H],16.972153
*C(F)(F)C(*)(F)OC(=O)N(C)C,15.154144
*C(F)(F)C1(*)CC(C)(CC)C1,141.0947
*C(F)(F)[PH](*)([2H])OC(F)(F)F,-2.8899384
*C(OCCCC)c1ccc(C(*)OC(C)(C)C)cc1,60.114296
*C([2H])(Cl)C(*)(C)C([2H])(F)C(F)(F)C(F)F,22.139038
*C([2H])(Cl)c1ccc([Si](*)(C)C)cc1,80.22879
*C([2H])=N[Si](*)(C)CCC,-20.096252
*C([2H])C(*)(C([2H])=O)C(=O)OCC(F)(F)C(F)(F)C(F)(F)C(F)(F)C(F)(F)C(F)(F)C(F)(F)C(F)(F)F,8.365997
*C([2H])C(*)(C)CC,42.941704
*C([2H])C(*)(Cl)c1ccc(O)c(O)c1,66.6581
*C([2H])C(*)C([2H])(F)C(F)(F)C(F)(F)C(F)(F)F,-4.401642
*C(c1ccccc1)C(CC)CCC(=O)NCCCCC[N-]N=*,23.595215
*C/C(=N\c1ccc(OC)cc1)C(=C)O*,113.21307
*C/C(C)=C(/*)CSCCN(C)C(=O)OC,67.308655
*C/C=C(/*)C#CCCc1ccc(C#N)cc1,61.252907
*C/C=C(/*)C(CCC)CCCC,79.82694
*C/C=C(/*)CC(C)(C)CCC,98.89531
*C/C=C(/*)CCCCOc1ccc(OCCCCCCCCCCCC)cc1,21.329811
*C/C=C(/*)CCCOC(=O)c1ccccc1C(=O)O,80.44975
*C/C=C(/*)CCCOc1ccc(-c2ccc(C(=O)Cc3ccccc3)cc2)cc1,97.765076
*C/C=C(/*)CCCOc1ccc(C(=O)OC(C)CCC)cc1,56.11138
*C/C=C(/*)COC(C)COCC,32.300453
*C/C=C(/*)NC=C,122.50461
*C/C=C(/*)c1cc(C(=O)OC)ccc1C(=O)O,172.68141
*C/C=C(\C#*)COC(=O)Nc1ccc(Sc2ccc(C)cc2)cc1,186.63597
*C/C=C(\C#N)C=*,96.98538
*C/C=C(\C)C(=O)O*,144.90225
*C/C=C(\C)C(C*)CC,96.89308
*C/C=C/C(*)C(=O)OCCCCCCCC,29.558487
*C/C=C/C(=C=*)C#N,108.66667
*C/C=C/C(C#N)C(=O)NCCCC(=O)NCCCCCNC(=O)CO*,90.50081
*C/C=C/C(C)(C)COC(=O)N1CCCCN1*,96.37143
*C/C=C/C(C)C(C)(C)CCO*,94.12674
*C/C=C/C(C*)=C(Sc1ccccc1)C(C)(c1ccccc1)c1ccccc1Br,160.67084
*C/C=C/C(CO)CN(*)c1ccc(C2=CC=Cc3ccccc3O2)cc1,151.53102
*C/C=C/C(OC)C(*)=O,115.02844
*C/C=C/C/C=C(/*)CCCCOc1ccc(-c2ccc(OCCCC)cc2)cc1,81.52654
*C/C=C/C/C=C/C(=*)C,133.95128
*C/C=C/C1CC(*)S1,122.86203
*C/C=C/C=C(*)c1ccc([N+](=O)[O-])cc1,187.82478
*C/C=C/C=C/C(*)S(=O)(=O)c1ccc(OC)cc1,128.4315
*C/C=C/C=C/C=C/C=C/C=C/C=C/C=C(/*)C(C)NCC,126.99719
*C/C=C/C=C/CC=CC=*,15.538681
*C/C=C/C=N/CCCCCCS[SH]*,31.173973
*C/C=C/CC/C=C(/*)C(C)=O,129.13954
*C/C=C/CC/C=C/C(C)(C)CNC(=O)CCCCCCCCC(=O)N*,74.73733
*C/C=C/CCC(CC)COC(=O)c1ccc(C(=O)O*)cc1,87.142204
*C/C=C/CCCC/C=C/CCC(=O)O*,58.88521
*C/C=C/CCCCC/C=C(/*)C(C)(C)CCC,85.637146
*C/C=C/CCCCCCNC(=O)CCCCCO*,38.133812
*C/C=C/COC(=O)NCc1ccc(C)c(NCC(=O)O*)c1,94.84532
*C/C=C/COC(=O)Nc1ccc(NC(=O)O*)cc1,132.99239
*C/C=C/C[PH](C)(C)CC(*)(C)C,117.2969
*C/C=C/C[Se]C(=O)NNC(=O)CCCCCCC(=O)N(*)C,79.644775
*C/C=C/Cc1cccc(C#CC(*)=O)c1,102.604614
*C/C=C/c1cc(COCCCCCC)c(*)cc1-c1ccccc1,76.08323
*C/C=C/c1cc(OCCCCCCCCCCCCCC)cc(S(=O)(=O)c2ccc(OCCN(CCC)c3ccc(*)nc3)cc2)c1,105.66574
*C/C=C/c1ccc(-c2ccc(*)s2)o1,104.34163
*C/C=C/c1ccc(/C=C/c2ccc([Si](C)(C)CCC(O*)OC(=O)c3ccc(OCCCCCCCCCC)cc3)cc2)cc1,71.38232
*C/C=C/c1ccc(/C=N/c2ccc(*)o2)c(C)c1CCCCCC,89.98924
*C/C=C/c1ccc(/N=C/c2ccc(N=*)cc2Sc2ccc(-c3ccc(O)cc3)cc2)cc1,197.39583
*C/C=N/C(CC(=O)O)C(*)S,79.04546
*C/C=N/NC(=O)CCCCCCCCOC(=O)c1ccc(C(=O)N*)cc1,77.23359
*C/N=C(\*)c1ccc(CO)cc1,148.06607
*C/N=N/c1ccc(/C=C/c2ccc(N=*)cc2)cc1,148.09067
*C1=CC(N=Cc2ccc(OCCCCC)c(*)c2)C1=O,91.76689
*C1=CC=C(C(=O)OCCCCCCOC(=O)c2ccc3c(c2)C(=O)N(*)C3=O)Cc2ccccc21,129.48798
*C1=CC=C2NC(=C1)c1nc3cc(*)[nH]c3cc1N2,266.81152
*C1=CC=NC(*)C(c2ccccc2)c2ccccc21,144.68037
*C1=COC(COC(=O)CCCCCC(=O)OCC(*)C=C(C)C)CC(C)(C)C1,26.379463
*C1=CO[Si](*)(C#N)C1=O,118.11154
*C1=C[N+]=C(c2cc(CCCCCCCCCC)c(*)s2)C(COCCCCCCCCCC)=C1OCCCCCCCCCCCC,8.653412
*C1=Nc2ccccc2N=NC=C1c1ccc(-c2ccc(*)cc2)cc1,211.9278
*C1C(=O)OC(=O)C2CC3CC4CC(C3)C(C(=O)N(C(C)[Si]c3ccccc3)N(c3ccccc3)C3C(=O)N(c5ccc(Cl)cc5)C(=O)C3*)C(C4)C12,242.73471
*C1C=C(C#N)N(CC)C(C)CCN(*)C(C)C1,133.1685
*C1C=C(OC(C)=O)C1*,108.35924
*C1CCC(=O)C1=C(C#N)N(*)C(F)(F)F,153.12067
*C1CCCC[PH]1*,114.50868
*C1CCN(*)C1(C)CC,187.02338
*C1COC1(*)C=C,115.35153
*C1CP(=O)(NC(=O)c2ccc(C(=O)OCC)cc2)C1*,174.37303
*C=C(*)/C=C/c1ccc(C(=O)O)cc1,177.77713
*C=C(*)C(=O)OCCCCCOc1ccc(OC(=O)c2ccc(OCC(C)CC)cc2)cc1,37.886497
*C=C(*)CCCCCC[N+](C)(C)C,4.7784424
*C=C(*)C[N+](C)(C)C,75.975914
*C=C(*)NS[Si](C)(C)OC,-2.9252625
*C=C(C#N)C#C[Si](C)(C)O[Si](C)(C)O[Si](C)(C)O[Si](C)(C)c1ccc(*)cc1,16.343857
*C=C(C#N)C(*)=O,82.50769
*C=C(C#N)CC[SH](COC(C)=O)O*,57.921303
*C=C(C#N)COC(=O)C(=O)OCCCCCCOc1c(C)cc(Cc2cc(NC(=O)OCC(C)(C)C)c(*)s2)cc1OCCCCCCCCCCCCCCCCCCCC,52.36022
*C=C(C#N)COC(=O)c1ccc(C(C)(C)c2ccc(C(=O)O*)c(C)c2)cc1C#N,118.50678
*C=C(C#N)CSC(=O)NCCCCCCNC(=O)SNC(=O)c1cccc(/N=N/c2ccc(S(=O)(=O)c3ccc(*)s3)s2)c1,62.931046
*C=C(C#N)S*,83.71363
*C=C(CC(*)=O)C(=O)OCCCCCCCC,-34.248795
*C=C(CCc1ccc(*)cc1)OC(C)=O,51.445908
*C=C(CO)CC(O)C(=O)O*,51.133102
*C=C(O*)C(C)C(C)C,42.275757
*C=C=C(C#CNC(=O)c1ccc(C(=O)NNC(=O)C(O)COc2ccc(C(=O)Nc3cccc(*)c3)cc2)cc1)c1ccc(OC)cc1,174.55994
*C=Cc1ccc(*)cc1-c1ccccc1,122.76364
*CC#CC#CC#Cc1cc(OC(=O)COc2ccc(/C=C/c3ccc(OC#N)cc3)cc2)ccc1*,104.38513
*CC#CC#CC/C=C(/*)Cc1c(Cl)cccc1Cl,57.087616
*CC#CC#CCCCCCc1nnc(*)n1CCCCCCCC,-2.813568
*CC#CC#CCOC(=O)CCCCCCCCCCCCCCC(=O)O*,-30.586014
*CC#CC#CCOc1ccc(C(=O)CNc2ccc(O*)cc2)cc1,58.759262
*CC#CC#C[Si](*)(c1ccccc1)c1ccc(Cl)cc1,29.711838
*CC#CC(=O)NCCCCCCO*,-13.385712
*CC#CC(C)C(C)C(*)C,35.510735
*CC#CCCCCCCCOC(=O)c1cccc(C(CCCCCCCCC(=O)OCCCCCC)c2ccc(C(=O)O*)cc2)c1,18.379951
*CC#CCCCCCCCOc1ccc(/C=C/c2ccc(-c3cc(OCCCCCCCCCC)c(*)cc3OCCCCCC)cc2)cc1,55.430977
*CC#CCCCOCCOCCOCCOC(=O)CCCSCCCCCC(=O)O*,-50.743607
*CC#CCCNC(=O)CCCCCCCCCCCCCCCCC(=O)NCCCCCCCNC(=O)CO*,31.51699
*CC#CCOC(=O)CCOCCCSCC(=O)O*,-55.559143
*CC#CCOC(=O)Cc1ccc(CNC(=O)CCCCCCC(=O)O*)cc1,-9.062286
*CC#CCOC(=O)OCCCCCCOC(=O)O*,-28.516617
*CC#CCOC(=O)SCCC1CCC(C)N(*)CC1,35.615715
*CC#CCOC(=O)c1cc(NC(=O)OCCCCCCOc2ccc(O*)cc2)ccc1Oc1ccc(/N=N/c2ccccc2)cc1,75.074905
*CC#CCOc1ccc(CCCNC(=O)CC(=O)Nc2ccc(*)nc2)cc1,117.34964
*CC#CCOc1ccc(OC(=O)CCC/C=C/c2ccc(C(=O)O*)c(OC)c2)cc1,66.741005
*CC#CCS(=O)(=O)CCCOC(=O)CCCCCCCCC(=O)O*,-40.97667
*CC#CC[Si](*)(CC(C)C)c1ccc(C(=O)OCC)cc1,43.023674
*CC#C[Si](C)(C)CCCCOC(=O)c1ccc(C(=O)N*)c(OC)c1,46.505135
*CC#Cc1ccc(OCCCCCCCCCCOc2ccc(/C=N/c3ccc([N+](=O)[O-])cc3)cc2)cc1*,119.59638
*CC#Cc1cccc(CCCCC(=O)O*)c1,4.6355896
*CC(*)(C#C)C(=O)OCCOCCOCCOCCOC,9.896851
*CC(*)(C#N)C(=O)OC(F)(F)C(F)(F)C(F)(F)C(F)(F)C(F)(F)C(F)(F)C(F)(F)F,16.11258
*CC(*)(C#N)C(=O)OC1CCCCC1,71.855934
*CC(*)(C#N)C(=O)OCCCCCCCCOc1ccc(-c2ccc(C(=O)OCCOCCOCCOC)cc2)cc1,36.34236
*CC(*)(C#N)C(=O)OCCCN(CCCCC)c1ccc(/N=N/c2ccc(C#N)cc2)cc1,83.130356
*CC(*)(C#N)C(=O)OCOc1c(Cl)ccnc1Cl,55.833694
*CC(*)(C#N)C(=O)Oc1ccc(C)cc1I,108.265724
*CC(*)(C#N)C(=O)Oc1ccccc1C,74.473114
*CC(*)(C#N)C(C)C(F)(F)F,82.423004
*CC(*)(C#N)CCNC(=O)NCCC(C)(C)C,102.93859
*CC(*)(C(=O)OCC)C(=O)OCCCOc1cccc(C(F)(F)F)c1,47.002533
*CC(*)(C(=O)OCCCC)C(=O)OCCC[N+](CC)(CC)CCCC,7.2592316
*CC(*)(C(=O)OCCCC)C(=O)Oc1ccccc1,68.636475
*CC(*)(C(=O)OCc1ccccc1)C(=O)OC(C)C,75.140015
*CC(*)(C)C(=O)C(C#N)=C(C(=O)O)C(=O)OCCCCCCC,35.622444
*CC(*)(C)C(=O)CC(C)(CC)COCCCCCCCC,-28.452255
*CC(*)(C)C(=O)N(CCCCC#N)CCCCCC,10.734634
*CC(*)(C)C(=O)N(CCl)c1ccncc1,122.78115
*CC(*)(C)C(=O)N1CCC(C)(C)C1,149.59546
*CC(*)(C)C(=O)NC(C)(CC(=O)OCC)C(=O)OCC(F)(F)C(F)(F)OC(F)=C(COCC(F)(F)C(F)(F)C(F)(F)C(F)(F)C(F)(F)C(F)(F)C(F)(F)F)OC,-6.341736
*CC(*)(C)C(=O)NC(C)(CC)CC,156.36093
*CC(*)(C)C(=O)NC(C)(CC=C)CCCC,87.10363
*CC(*)(C)C(=O)NC(C)C(=O)OCCOCCOCCOCCOC,37.12726
*CC(*)(C)C(=O)NC(C)CC(CC)(CC)CC,98.64209
*CC(*)(C)C(=O)NC(C)OC(=O)c1ccc(OC)cc1,82.022385
*CC(*)(C)C(=O)NC(CC)(CCC)CCCC,117.39804
*CC(*)(C)C(=O)NC(CC)(CCCC)C(=O)O,126.966324
*CC(*)(C)C(=O)NC(CC)CCCN(C)c1ccc(C)cc1,83.702736
*CC(*)(C)C(=O)NC(CCCC)C(=O)OCC/C=C/CCCCCC,22.596054
*CC(*)(C)C(=O)NCC(=O)OC(CO)CCCCCCO,40.75229
*CC(*)(C)C(=O)NCC(C#N)=[SH]N(C)Cl,127.533966
*CC(*)(C)C(=O)NCCC(C)(C)CCCC(=O)OCCC,45.35508
*CC(*)(C)C(=O)NCCCCCC(=O)OCCCCCCCCCCCCCC,-14.333252
*CC(*)(C)C(=O)NCCCCCCC(=O)OCCCC,29.743546
*CC(*)(C)C(=O)NCCCCCCCCCN(Cl)c1ccc([Si](C)(C)OC)cc1,33.92096
*CC(*)(C)C(=O)NCCCCCCCCOCCN(C)c1ccc(/N=N/c2ccc([N+](=O)[O-])cc2C)cc1,87.273926
*CC(*)(C)C(=O)NCCCCCCOc1ccc(OC(=O)c2ccc(OC)cc2)cc1,46.175293
*CC(*)(C)C(=O)NCCCCOCCOCCCC,16.396591
*CC(*)(C)C(=O)NCCSSCCCCOCCCC,-23.053558
*CC(*)(C)C(=O)NCN(CCC)c1ccc(Br)cc1,140.26205
*CC(*)(C)C(=O)NCc1ccc(CC)cc1,166.3361
*CC(*)(C)C(=O)NNC(=O)c1ccc(Cl)cc1C(C)C,182.21873
*CC(*)(C)C(=O)Nc1cc(OCCCC)ccc1C,122.48197
*CC(*)(C)C(=O)Nc1ccc(OCCCC)cc1,118.211525
*CC(*)(C)C(=O)O/C=C/C=C/C=C(Cl)C#N,83.34473
*CC(*)(C)C(=O)OC#CCc1ccc(C)c(OCCC)c1,45.309982
*CC(*)(C)C(=O)OC(=O)c1ccc(Cl)cc1,94.80535
*CC(*)(C)C(=O)OC(=O)c1ccc([Si](C)(C)C)cc1,87.84721
*CC(*)(C)C(=O)OC(C)(C)CC(O)COc1ccc(-c2ccc([N+](=O)[O-])cc2)cc1,108.800476
*CC(*)(C)C(=O)OC(C)(CC)OC,51.151627
*CC(*)(C)C(=O)OC(C)C(C)CCCCOC(C)CC,-10.895157
*CC(*)(C)C(=O)OC(C)C(O)C(O)CO,85.56568
*CC(*)(C)C(=O)OC(C)CCC(=O)OCCCCCCCC,-23.792099
*CC(*)(C)C(=O)OC(C)CCC(F)(F)C(F)(F)F,28.980553
*CC(*)(C)C(=O)OC(C)CCCCCCCBr,-11.818771
*CC(*)(C)C(=O)OC(C)CCCCOCCOCCOC,-9.557861
*CC(*)(C)C(=O)OC(C)CCOC(F)(OCC(F)(F)C(F)(F)C(F)(F)C(F)(F)C(F)F)OC(C)=O,-2.8075714
*CC(*)(C)C(=O)OC(C)CCc1ccc(/N=N/c2ccc(/N=N/c3ccc(F)cc3)cc2)cc1,113.320625
*CC(*)(C)C(=O)OC(C)CCl,57.64524
*CC(*)(C)C(=O)OC(C)CNC(=O)OCC,58.84317
*CC(*)(C)C(=O)OC(C)COc1ccc(-c2cc(C)c(OC)cc2OCC(CC)CCCC)cc1,55.147583
*CC(*)(C)C(=O)OC(C)COc1ccc(-c2ccc(OCCCCCCCCCCCC)cc2)cc1,28.211205
*CC(*)(C)C(=O)OC(C)OC(Cl)Cl,52.262154
*CC(*)(C)C(=O)OC(C)c1ccc(Oc2ccc(C#N)cc2)cc1,122.326324
*CC(*)(C)C(=O)OC(CC(N)C#N)c1ccc(/N=N/c2ccc([N+](=O)[O-])cc2)cc1,124.67926
*CC(*)(C)C(=O)OC(CC)CCCN(C)C,5.5627747
*CC(*)(C)C(=O)OC(CCCC)C(CCCCCC)CCCCCC,-27.306213
*CC(*)(C)C(=O)OC(CCCC)CCSC,4.6020355
*CC(*)(C)C(=O)OC(CCCCCC)CC(C)(C)C,-16.366928
*CC(*)(C)C(=O)OC(CO)OCCSCCCC,-25.528046
*CC(*)(C)C(=O)OC(COc1ccc(/N=N/c2ccc([N+](=O)[O-])cc2)cc1)c1ccccc1,117.84052
*CC(*)(C)C(=O)OC(COc1ccc(Oc2ccc([N+](=O)[O-])cc2)cc1)c1cc(O)cc(Cl)c1,119.72398
*CC(*)(C)C(=O)OC(F)(F)C(F)(F)C(F)(F)C(F)(F)C(F)(F)C(F)(F)C(F)(F)C(F)(F)C(F)(F)C(F)(F)C(F)(F)C(F)(F)C(F)(F)F,-60.7836
*CC(*)(C)C(=O)OC(O)C(F)(F)C(F)(F)C(F)(F)C(F)(F)C(F)(F)C(F)(F)C(F)(F)F,-28.483612
*CC(*)(C)C(=O)OC(OC(F)F)C(=O)Oc1ccc([Si](C)(C)C)cc1,50.126892
*CC(*)(C)C(=O)OC1(C)NC(C)(C)C(O)C1O,107.753586
*CC(*)(C)C(=O)OC1CCCC1(C)CC,90.32721
*CC(*)(C)C(=O)OC1CCCCCCCCO1,51.026733
*CC(*)(C)C(=O)OC1CCCN1C(=O)NC(=O)NCc1ccc(C)s1,90.2684
*CC(*)(C)C(=O)OC1CCOC(CO)C1,71.39351
*CC(*)(C)C(=O)OCC#CC(COc1ccc(/C=N/c2ccc(Br)cc2)cc1)c1ccc(/N=C/c2ccc([N+](=O)[N+](C)(C#N)Cc3ccc([N+](=O)O)cc3)cc2)c(C(=O)OCCCCCCCC)c1,116.901
*CC(*)(C)C(=O)OCC(=O)OCCCCCCCCCCCCCCOc1ccc(OC(F)(F)c2ccccc2)cc1,4.93692
*CC(*)(C)C(=O)OCC(=O)OCCOCCOc1ccc(/N=N/c2ccc([N+](=O)[O-])cc2C)cc1,73.13846
*CC(*)(C)C(=O)OCC(C)(C)COC(C)=O,18.928947
*CC(*)(C)C(=O)OCC(C)(CC)COC(C)C(C)Cl,28.838188
*CC(*)(C)C(=O)OCC(C)CCC(C)(C)CO,2.7349396
*CC(*)(C)C(=O)OCC(C)CCCCOc1ccc(/C=N/c2ccc(OCCCCCCCC)cc2)cc1,33.185623
*CC(*)(C)C(=O)OCC(C)CCCOC(C)C,-16.027847
*CC(*)(C)C(=O)OCC(C)NC(=O)c1ccc(F)cc1,78.4164
*CC(*)(C)C(=O)OCC(C)NC(OC)c1cccnc1,30.43386
*CC(*)(C)C(=O)OCC(C)OC(=O)Cl,47.47084
*CC(*)(C)C(=O)OCC(C)Oc1ccc(C(=O)c2ccc(Cl)cc2)cc1,50.372612
*CC(*)(C)C(=O)OCC(C)Oc1ccc(OCc2ccc(-c3ccc([N+](=O)[O-])cc3)cc2)cc1,101.6649
*CC(*)(C)C(=O)OCC(CC)(CC)CCCCCCOc1ccc(/N=N/c2ccc(C#N)cc2)cc1,44.621513
*CC(*)(C)C(=O)OCC(CC)(CC)CCOC(F)(F)F,17.246964
*CC(*)(C)C(=O)OCC(CCC)C(C)CC,15.198929
*CC(*)(C)C(=O)OCC(CO)COCc1ccccc1,34.410225
*CC(*)(C)C(=O)OCC(COCCOC(=O)OCC)C(CC)CCCC,-20.255386
*CC(*)(C)C(=O)OCC(Cc1ccccc1)C(=O)Oc1ccc(C(F)(F)C(F)(F)F)cc1,64.48408
*CC(*)(C)C(=O)OCC(F)(F)C(F)(F)C(F)(F)C(F)(F)C(F)(F)NOC(F)(F)C(F)(F)F,-51.2789
*CC(*)(C)C(=O)OCC(F)(F)COc1ccc(C(=O)Oc2ccc(OC)cc2)cc1,43.008186
*CC(*)(C)C(=O)OCC(O)C(C)O,25.619751
*CC(*)(C)C(=O)OCC([2H])(Cl)c1ccccc1,76.82439
*CC(*)(C)C(=O)OCC/C=C/C(=O)OC(F)(F)C(F)(F)C(F)(F)C(F)(F)C(F)(F)C(F)(F)C(F)(F)C(F)(F)C(F)(F)C(F)(F)C(F)(F)F,-23.598434
*CC(*)(C)C(=O)OCC1(C)CCCOC(C)(C)C1,62.149506
*CC(*)(C)C(=O)OCC1COCC(O)OC1,40.655334
*CC(*)(C)C(=O)OCC=CCCCCOc1ccc(OC(=O)c2cc(Cl)ccc2C)cc1,33.460503
*CC(*)(C)C(=O)OCCC(=O)NC(C)C,60.00834
*CC(*)(C)C(=O)OCCC(C)CCCC(C)C,-31.90738
*CC(*)(C)C(=O)OCCC(CC)OCCOC,10.929413
*CC(*)(C)C(=O)OCCC(CCl)CN(C)C,11.772247
*CC(*)(C)C(=O)OCCC(CO)CO,17.095947
*CC(*)(C)C(=O)OCCC(Cl)C(=O)OCC1CCC1,46.558365
*CC(*)(C)C(=O)OCCC(F)(F)C(F)(F)C(F)(F)C(F)(F)C(F)(F)C(F)(F)OC(F)(F)F,-37.434235
*CC(*)(C)C(=O)OCCC(O)CO,23.546532
*CC(*)(C)C(=O)OCCC1CCCCC[N+]1,46.029915
*CC(*)(C)C(=O)OCCC=C1C=CC(C(=O)N(C)C)C1,63.946335
*CC(*)(C)C(=O)OCCCC(C)CCCC,-17.966599
*CC(*)(C)C(=O)OCCCCC(=O)N(C[Si](C)(C)C)c1ccccc1,18.976326
*CC(*)(C)C(=O)OCCCCC(=O)Oc1ccc(S(=O)(=O)c2ccc(OC)cc2)cc1,60.116547
*CC(*)(C)C(=O)OCCCCC(C)C(=O)OC,1.8873444
*CC(*)(C)C(=O)OCCCCC(O)C(F)(F)C(F)(F)C(F)(F)F,-8.258392
*CC(*)(C)C(=O)OCCCCCC#Cc1ccccc1,-8.7730255
*CC(*)(C)C(=O)OCCCCCC(=O)Oc1ccc(C(=O)Oc2ccc(OC(=O)c3ccc(OCCOCCOCCOCCOCCOCCOCCOCCOCCOCCOCC)cc3)cc2)cc1,12.126465
*CC(*)(C)C(=O)OCCCCCC(=O)Oc1ccc(CN(C)CC)cc1,12.869812
*CC(*)(C)C(=O)OCCCCCC(=O)Oc1ccc(OC(=O)c2ccc(/N=N/c3ccc(OC)cc3)cc2)cc1,50.330276
*CC(*)(C)C(=O)OCCCCCCCC(=O)Nc1ccc(/N=N/c2ccc(C#N)cc2)cc1,65.06882
*CC(*)(C)C(=O)OCCCCCCCC(=O)Nc1ccc(/N=N\c2ccc(Cl)cc2)cc1,62.83841
*CC(*)(C)C(=O)OCCCCCCCC(F)(F)C(F)(F)C(F)(F)C(F)(F)C(F)(F)C(F)(F)C(F)(F)C(F)(F)C(F)(F)C(F)(F)C(F)(F)C(F)(F)C(F)(F)F,-61.12683
*CC(*)(C)C(=O)OCCCCCCCCC#CCOC(=O)Oc1ccc(-c2ccc(Cl)cc2)cc1,25.718567
*CC(*)(C)C(=O)OCCCCCCCCC(=O)O,-11.001022
*CC(*)(C)C(=O)OCCCCCCCCC(=O)OC(F)(F)C(F)(F)C(F)(F)C(F)(F)C(F)(F)C(F)(F)C(F)(F)C(F)(F)C(F)(F)F,-41.9411
*CC(*)(C)C(=O)OCCCCCCCCC(=O)OCCOc1ccc(/N=N/c2ccc(C#N)cc2)cc1,40.52111
*CC(*)(C)C(=O)OCCCCCCCCCCCCCCBr,-28.587097
*CC(*)(C)C(=O)OCCCCCCCCCCCCCCC(=O)N(C)CCC,20.46489
*CC(*)(C)C(=O)OCCCCCCCCCCCCCCCCOC(=O)c1ccc(OC(=O)c2ccc(OCC(C)CC)cc2)cc1,33.52617
*CC(*)(C)C(=O)OCCCCCCCCCCCCCCCCOc1ccc(C(=O)Oc2ccc(C(=O)Oc3ccc(OC(=O)c4ccc(/N=N/c5ccc(OCCCC)cc5)cc4)cc3)cc2)cc1,62.416756
*CC(*)(C)C(=O)OCCCCCCCCCCCCCCCOc1ccc(-c2ccc(-c3ccc(C#C)cc3)cc2)cc1,58.65438
*CC(*)(C)C(=O)OCCCCCCCCCCCCCCCOc1ccc(-c2ccc(OC(=O)CCCCCCCCCCCC)cc2)cc1,16.640839
*CC(*)(C)C(=O)OCCCCCCCCCCCCCCCOc1ccc(OC(=O)c2cccc(OCCCCCCCC)c2)cc1,15.519592
*CC(*)(C)C(=O)OCCCCCCCCCCCCCCOC(=O)c1ccc(-c2ccc(OCC=C)cc2)cc1,30.252426
*CC(*)(C)C(=O)OCCCCCCCCCCCCCCOc1ccc(-n2on2-c2cccc(Cl)c2)cc1,53.117554
*CC(*)(C)C(=O)OCCCCCCCCCCCCCCOc1ccc(/N=N/c2ccc(-c3ccc(OCC)cc3)cc2)cc1,57.30596
*CC(*)(C)C(=O)OCCCCCCCCCCCCCCOc1ccc(/N=N/c2ccc(OCCCCC)cc2)cc1,31.959747
*CC(*)(C)C(=O)OCCCCCCCCCCCCCCOc1ccc(C(=O)Oc2ccc(-c3ccc(OC(=O)c4ccc(C(=O)OC(C)=O)cc4)cc3)cc2)cc1,55.634056
*CC(*)(C)C(=O)OCCCCCCCCCCCCCCOc1ccc(OC(=O)Cc2ccc(Br)cc2)cc1,40.43055
*CC(*)(C)C(=O)OCCCCCCCCCCCCCC[N+](C)(C)C,-20.043732
*CC(*)(C)C(=O)OCCCCCCCCCCCCCOc1ccc(-c2ccc(C(=O)c3ccc(/C=C/c4ccc(OCCCCCCC)cc4)cc3)cc2)cc1,62.821976
*CC(*)(C)C(=O)OCCCCCCCCCCCCCOc1ccc(-c2ccc(OC(=O)c3ccc(OC(C)=O)cc3)cc2)cc1,47.995766
*CC(*)(C)C(=O)OCCCCCCCCCCCCCOc1ccc(-c2ccc([Si](C)(C)C)cc2)cc1,24.599762
*CC(*)(C)C(=O)OCCCCCCCCCCCCCOc1ccc(OC(=O)c2ccc(OCCOCCOCCCCCC)cc2)cc1,10.455215
*CC(*)(C)C(=O)OCCCCCCCCCCCCN(C(=O)NC1CCCC1)C(=O)c1cccc(C(=O)OC)c1,51.742363
*CC(*)(C)C(=O)OCCCCCCCCCCCCOC(=O)c1ccc(OC(=O)OCCC)cc1,14.12355
*CC(*)(C)C(=O)OCCCCCCCCCCCCOC(=O)c1ccc(OCCN(C)c2ccc([N+](=O)[O-])cc2)cc1,55.52603
*CC(*)(C)C(=O)OCCCCCCCCCCCCOc1ccc(-c2ccc(Cl)cc2)cc1,34.692444
*CC(*)(C)C(=O)OCCCCCCCCCCCCOc1ccc(/N=N/c2ccc(Cc3ccc(C#N)cc3)nc2)cc1,57.524567
*CC(*)(C)C(=O)OCCCCCCCCCCCCOc1ccc(C(=O)/C=C/c2ccc(OC)cc2)cc1,43.027298
*CC(*)(C)C(=O)OCCCCCCCCCCCCOc1ccc(C(=O)Oc2ccc(C(=O)O)cc2)cc1,41.987892
*CC(*)(C)C(=O)OCCCCCCCCCCCCOc1ccc(C(=O)Oc2ccc(OCCCCCC)cc2)cc1,31.44767
*CC(*)(C)C(=O)OCCCCCCCCCCCCOc1ccc(OC(=O)c2ccc(OCCCCCCCCCC)cc2)cc1,18.089363
*CC(*)(C)C(=O)OCCCCCCCCCCCOc1ccc(-c2ccc(C(=O)Oc3ccc(C(=O)O)cc3)cc2)cc1,58.270294
*CC(*)(C)C(=O)OCCCCCCCCCCCOc1cccc(OC(=O)c2ccc(OCCOCCOC)cc2)c1,19.561653
*CC(*)(C)C(=O)OCCCCCCCCCCN(C)c1ccc(/N=N/c2ccc(/N=N/c3ccc([N+](=O)[O-])cc3)cc2)cc1,72.76235
*CC(*)(C)C(=O)OCCCCCCCCCCOC(=O)Oc1ccc(OC(=O)C(O)COc2ccc(/N=N/c3ccc(C#N)cc3)cc2)cc1,39.644608
*CC(*)(C)C(=O)OCCCCCCCCCCOC1=CC=C(/C=C2/CCC(C=C)CCC(C(C)C)C2)CC1,31.234673
*CC(*)(C)C(=O)OCCCCCCCCCCOc1ccc(-c2ccc(C(=O)Oc3ccc(OCC)cc3)cc2)cc1,48.3188
*CC(*)(C)C(=O)OCCCCCCCCCCOc1ccc(-c2ccc(Cl)nc2)cc1,36.311424
*CC(*)(C)C(=O)OCCCCCCCCCCOc1ccc(-c2ccc(OC(=O)c3ccc(OCCCCCC)cc3)cc2)cc1,38.787262
*CC(*)(C)C(=O)OCCCCCCCCCCOc1ccc(/C=C/c2ccc([N+](=O)[O-])cc2)cc1,75.8185
*CC(*)(C)C(=O)OCCCCCCCCCCOc1ccc(/N=N/c2ccc(C(=O)OCCCCCCCCCC)cc2)cc1,15.588043
*CC(*)(C)C(=O)OCCCCCCCCCCOc1ccc(C(=O)OC(C)Cc2ccc(OCCCCCCCCCC)cc2)cc1,17.812881
*CC(*)(C)C(=O)OCCCCCCCCCCOc1ccc(C(=O)Oc2ccc(/N=N/c3ccc(C)cc3)cc2)cc1,47.013542
*CC(*)(C)C(=O)OCCCCCCCCCCOc1ccc(C(=O)Oc2ccc(COCCCCCCCC)cc2)cc1,23.74479
*CC(*)(C)C(=O)OCCCCCCCCCCOc1cccc(OC(=O)c2ccc(OCCCCCCCCC)cc2)c1,16.14119
*CC(*)(C)C(=O)OCCCCCCCCCOc1ccc(C(=O)Oc2ccc(C(=O)Oc3cccc(F)c3)cc2)c(F)c1,47.152176
*CC(*)(C)C(=O)OCCCCCCCCCOc1ccc(C(=O)c2ccc(OCCCC)cc2)cc1,22.70633
*CC(*)(C)C(=O)OCCCCCCCCCOc1ccc(OC(=O)c2ccc(OCCCCCCC)cc2)cc1,16.715103
*CC(*)(C)C(=O)OCCCCCCCCCOc1ccc(OCC(C)CCC)cc1,-1.3315582
*CC(*)(C)C(=O)OCCCCCCCCC[N+](C)=O,2.8019257
*CC(*)(C)C(=O)OCCCCCCCCOC(=O)OC,-18.026169
*CC(*)(C)C(=O)OCCCCCCCCOC(=O)c1c(C)cc(C(C)(C)C)cc1O,24.14457
*CC(*)(C)C(=O)OCCCCCCCCOc1ccc(-c2ccc([N+](=O)[O-])cc2C)cn1,64.16546
*CC(*)(C)C(=O)OCCCCCCCCOc1ccc(OCc2ccc(Br)cc2)cc1,37.84326
*CC(*)(C)C(=O)OCCCCCCCC[N+](C)(C)C#CC,-15.220367
*CC(*)(C)C(=O)OCCCCCCCC[Si](C)(C)CCCOc1ccc(-c2ccc([N+](=O)[O-])cc2)cc1,34.916374
*CC(*)(C)C(=O)OCCCCCCCOC(=O)c1ccc(OC(=O)c2ccc(-c3ccccc3)cc2)cc1,34.878838
*CC(*)(C)C(=O)OCCCCCCCOc1c(O)ccc(Br)c1[2H],20.449768
*CC(*)(C)C(=O)OCCCCCCCOc1ccc(C(=O)Nc2ccc(-c3ccc(OC(C)=O)cc3)cc2)cc1,77.31864
*CC(*)(C)C(=O)OCCCCCCCOc1ccc(C(=O)Oc2ccc(OC(=O)c3ccc(OCCN(C)c4ccc(OC)cc4)cc3)cc2)cc1,45.276527
*CC(*)(C)C(=O)OCCCCCCCOc1ccc(OC(=O)c2ccccc2Oc2ccc(Cl)cc2)cc1,61.807396
*CC(*)(C)C(=O)OCCCCCCCS(=O)(=O)CCCC,-8.302551
*CC(*)(C)C(=O)OCCCCCCN1CCC(F)C1C(=O)O,11.165176
*CC(*)(C)C(=O)OCCCCCCN1CCN(C)C1,4.643753
*CC(*)(C)C(=O)OCCCCCCNC(=O)C(=O)NNC(=O)CCCO,31.620735
*CC(*)(C)C(=O)OCCCCCCNCS(=O)(=O)[O][Na],18.166855
*CC(*)(C)C(=O)OCCCCCCOC(=O)C(C)(C)C,-5.8486633
*CC(*)(C)C(=O)OCCCCCCOC(=O)c1cc(OC(=O)Oc2ccc(OC)cc2)ccc1C,41.615677
*CC(*)(C)C(=O)OCCCCCCOC(=O)c1cc(OC(=O)c2ccc(OC)cc2)ccc1OCCCCCCCCCCOc1ccc(-c2ccc(OC)cc2)cc1,45.031494
*CC(*)(C)C(=O)OCCCCCCOC(=O)c1ccc(C(=O)OCCBr)cc1,19.539017
*CC(*)(C)C(=O)OCCCCCCOC(=O)c1ccc(OC(=O)OCCC)cc1,30.239494
*CC(*)(C)C(=O)OCCCCCCOCCOc1ccc(/N=N/c2ccc(OC)cc2)cc1,40.771263
*CC(*)(C)C(=O)OCCCCCCOCCOc1ccc(C(=O)Nc2ccccc2)cc1,51.191055
*CC(*)(C)C(=O)OCCCCCCOc1ccc(-c2ccc(C(=O)OCCCC)cc2)cc1,50.83432
*CC(*)(C)C(=O)OCCCCCCOc1ccc(-c2ccc(OC(=O)c3ccc(OCCO)cc3)cc2)cc1,66.61406
*CC(*)(C)C(=O)OCCCCCCOc1ccc(/C=C/c2ccc(OCC(=O)OC(C)CCC(=O)OCCBr)cc2)cc1,43.907906
*CC(*)(C)C(=O)OCCCCCCOc1ccc(/C=C/c2ccc(OCc3ccc(OCC)cc3)cc2)cc1Br,95.83829
*CC(*)(C)C(=O)OCCCCCCOc1ccc(/N=N/c2ccc(/N=N/c3ccc(OCCCCCC)cc3)cc2)cc1,54.940605
*CC(*)(C)C(=O)OCCCCCCOc1ccc(/N=N/c2ccc(S(=O)(=O)Oc3ccc(C(C)(C)C)cc3)cc2)cc1,68.99139
*CC(*)(C)C(=O)OCCCCCCOc1ccc(C(=O)NCCCCCCCCCCCC)cc1,10.280914
*CC(*)(C)C(=O)OCCCCCCOc1ccc(C(=O)OC(C)OC(C)(C)C)cc1,18.872063
*CC(*)(C)C(=O)OCCCCCCOc1ccc(C(=O)OCCCCc2ccc(CCc3ccc(F)cc3)cc2)cc1,65.03983
*CC(*)(C)C(=O)OCCCCCCOc1ccc(C(=O)Oc2ccc(/C=C/C(=O)Nc3ccc(OC)cc3)cc2)cc1,91.21787
*CC(*)(C)C(=O)OCCCCCCOc1ccc(C(=O)Oc2ccc(/N=N/c3ccc(C#N)cc3)cc2)cc1,74.2303
*CC(*)(C)C(=O)OCCCCCCOc1ccc(C(=O)Oc2ccc(C(=O)Cc3ccc(OC(=O)CCCC(=O)[O][Na])cc3)cc2)cc1,35.792564
*CC(*)(C)C(=O)OCCCCCCOc1ccc(C(=O)Oc2ccc(C(=O)O)cc2)c(O)c1,52.650208
*CC(*)(C)C(=O)OCCCCCCOc1ccc(C(=O)Oc2ccc(C(=O)Oc3ccc(OC(=O)c4ccccc4)cc3)cc2)cc1,68.7702
*CC(*)(C)C(=O)OCCCCCCOc1ccc(C(=O)Oc2ccc(OCC(C)C)cc2)cc1,49.136436
*CC(*)(C)C(=O)OCCCCCCOc1ccc(C(=O)Oc2ccc(OCC)cc2)cc1,50.265953
*CC(*)(C)C(=O)OCCCCCCOc1ccc(C(=O)Oc2cccc(C(=O)OC)c2)cc1,40.262756
*CC(*)(C)C(=O)OCCCCCCOc1ccc(C(O)COc2ccc(/N=N/c3ccc(OCCCC)cc3)cc2)cc1,75.146
*CC(*)(C)C(=O)OCCCCCCOc1ccc(N(C)CC)cc1,13.191772
*CC(*)(C)C(=O)OCCCCCCOc1ccc(OC(=O)c2cc([N+](=O)[O-])c(OCCCC)cc2OCCCCCCCCCCCC)cc1,56.427414
*CC(*)(C)C(=O)OCCCCCCOc1ccc(OC(=O)c2ccc(NC(=O)OC(C)(C)C)cc2)cc1,64.36903
*CC(*)(C)C(=O)OCCCCCCOc1ccc(OC(=O)c2ccc(OCCOCCOCCOCCOCCOCCOCCOCCOCCOCC)cc2)cc1,20.589478
*CC(*)(C)C(=O)OCCCCCCOc1ccc(OC(=O)c2ccc(OCCOc3ccc(-c4ccc(OCCCC)cc4)cc3)cc2)cc1,62.047882
*CC(*)(C)C(=O)OCCCCCCOc1ccc(OCCCC)nc1,2.851059
*CC(*)(C)C(=O)OCCCCCCOc1ccc(OCCCc2ccc(OCc3ccccc3)cc2)cc1,56.695206
*CC(*)(C)C(=O)OCCCCCCOc1cccc(C(=O)Oc2ccc(OC(=O)c3ccc(OCCCC)cc3)cc2)c1,64.87096
*CC(*)(C)C(=O)OCCCCCCc1ccc([Si](C)(C)O)cc1,7.412628
*CC(*)(C)C(=O)OCCCCCO[Si](C)(C)OCCCCCC,-56.40593
*CC(*)(C)C(=O)OCCCCCOc1ccc(-c2ccc(OC(=O)c3ccc(OC(=O)c4ccc(OCC)cc4)cc3)cc2)nc1,63.955338
*CC(*)(C)C(=O)OCCCCCOc1ccc(-c2ccc(OCCCC(CC)SCCCC)cc2)cc1,33.68315
*CC(*)(C)C(=O)OCCCCN(CCCC)C(=O)Cl,46.614273
*CC(*)(C)C(=O)OCCCCOC(=O)N1CCCCC1N,19.275116
*CC(*)(C)C(=O)OCCCCOC(=O)OC(F)(F)C(F)(F)C(F)(F)C(F)(F)Cl,-2.816391
*CC(*)(C)C(=O)OCCCCOC(=O)c1c(F)c(F)c(F)c(F)c1F,40.144814
*CC(*)(C)C(=O)OCCCCOC(=O)c1ccc(C(=O)Nc2ccc(OCC(C)C)cc2)nc1,69.99788
*CC(*)(C)C(=O)OCCCCOc1ccc(/C=C/C(=O)OC)cc1,46.757217
*CC(*)(C)C(=O)OCCCCOc1ccc(/C=C/c2ccc(OC)cc2)cc1,68.470085
*CC(*)(C)C(=O)OCCCCOc1ccc(/C=N/c2ccc([N+](=O)[O-])cc2)cc1,95.526276
*CC(*)(C)C(=O)OCCCCOc1ccc(C(=O)OCCC(F)(F)C(F)(F)F)cc1,12.046783
*CC(*)(C)C(=O)OCCCCOc1ccc(N(C)C(=O)OC)cc1,26.40657
*CC(*)(C)C(=O)OCCCCOc1ccc(S(=O)(=O)c2ccc(OCC)cc2)cc1,68.529816
*CC(*)(C)C(=O)OCCCCS(=O)(=O)Oc1ccc([N+](=O)[O-])cc1,50.359375
*CC(*)(C)C(=O)OCCCC[CH2][Fe][C](=O)N(CC)CCC(C)C,-0.91145325
*CC(*)(C)C(=O)OCCCC[N+](C)(C)CCC(C)C,-20.100815
*CC(*)(C)C(=O)OCCCCc1ccc(-c2ccc(C(=O)Oc3ccc(CCCC)cc3)cc2)cc1,69.5832
*CC(*)(C)C(=O)OCCCCc1ccccc1CCCC[N+](C)(C)C,2.526123
*CC(*)(C)C(=O)OCCCCc1ccccc1COc1ccccc1,40.214317
*CC(*)(C)C(=O)OCCCOC,38.253647
*CC(*)(C)C(=O)OCCCOC(=O)CCCCCCCCCCCCCCC(C)C,-24.3311
*CC(*)(C)C(=O)OCCCOC(=O)c1ccc(OC(=O)c2ccc(OCCCCCCCCCC)cc2)cc1,33.34121
*CC(*)(C)C(=O)OCCCOC(=O)c1cccc(OC(=O)c2ccc(OCCOCCOCCOCCOCCOCCOCCOC)cc2)c1,14.513733
*CC(*)(C)C(=O)OCCCOCC(C)(C)C#N,1.2863312
*CC(*)(C)C(=O)OCCCOCCOCCOCCOCCOc1ccc(OC(=O)c2ccc(OCCOc3ccc(Cc4ccc(OCCCCCCCCCC)cc4)cc3)cc2)cc1,18.200584
*CC(*)(C)C(=O)OCCCOc1ccc(/C=C/c2ccc(-c3ccc(OCC)cc3)cc2)cc1,110.91815
*CC(*)(C)C(=O)OCCCOc1ccc(C(=O)OCCCCCCCCCCCCCCCC)cc1,9.988327
*CC(*)(C)C(=O)OCCCOc1ccc(C(=O)Oc2ccc(-c3ccc(OCC(C)CCCCCCCC)cc3)cc2)cc1,46.984673
*CC(*)(C)C(=O)OCCCOc1ccc(NCC(=O)Nc2ccc(OCc3ccc(OCCC)cc3)cc2)cc1,106.161224
*CC(*)(C)C(=O)OCCCOc1ccc(OC(=O)c2ccc(C#N)cc2)cc1,70.297874
*CC(*)(C)C(=O)OCCCOc1ccccc1C(=O)OCCCOc1ccc(/C=C/c2ccc(OC)c(C)c2)cc1,87.69543
*CC(*)(C)C(=O)OCCC[N+](C)(C)CC(C)CCCCOC(C)(O)O,-22.60405
*CC(*)(C)C(=O)OCCCc1cccc(COCOC(C)C)c1,19.728401
*CC(*)(C)C(=O)OCCN(C#N)CC(C)(C)C,73.54143
*CC(*)(C)C(=O)OCCN(C)CCCCCn1c2ccccc2c2ccccc21,32.40821
*CC(*)(C)C(=O)OCCN(CC(F)(F)F)[Si](C)(CC)C(F)(F)C(F)(F)C(F)(F)C(F)(F)C(F)(F)C(F)(F)F,14.511261
*CC(*)(C)C(=O)OCCN(CC)C(=O)C(CC)CC,89.60179
*CC(*)(C)C(=O)OCCN(CCOc1cccc(F)c1)C(C)C,52.553703
*CC(*)(C)C(=O)OCCN(COC(=O)c1ccc(/N=N/c2ccc(C(C)C)cc2)cc1)c1ccccc1,93.61546
*CC(*)(C)C(=O)OCCN1CCN(C)[Si](C)(C)C1,90.92592
*CC(*)(C)C(=O)OCCNC(=O)N(CCCC)CC(NC(=O)OC(C)C)C(=O)OC,80.25189
*CC(*)(C)C(=O)OCCOC(=O)/C=C/C,63.64257
*CC(*)(C)C(=O)OCCOC(=O)C(=N)C#N,29.840866
*CC(*)(C)C(=O)OCCOC(=O)Oc1ccc(C(=O)Oc2ccc(OCC)cc2)cc1,64.78062
*CC(*)(C)C(=O)OCCOC(=O)SCCCSCC,-22.42566
*CC(*)(C)C(=O)OCCOC(=O)c1cc(O)ccc1OCCCOCCOCCCCO,14.310501
*CC(*)(C)C(=O)OCCOC(=O)c1cc(OC(C)=O)cc(OC(C)Cl)c1F,52.54628
*CC(*)(C)C(=O)OCCOC(=O)c1cc(OCCCCCC)cc(C(=O)c2ccc(CSCCCC)cc2)c1,54.84684
*CC(*)(C)C(=O)OCCOC(=O)c1ccc(-c2ccccc2)nc1,44.859825
*CC(*)(C)C(=O)OCCOC(=O)c1ccc(OC(=O)c2ccc(OCCC(C)CC)cc2)cc1,49.452538
*CC(*)(C)C(=O)OCCOC(=O)c1ccc(OCCCCCCOc2ccc(/N=N/c3ccc(OCCCC)cc3)cc2)cc1,48.130844
*CC(*)(C)C(=O)OCCOC(C)(C)C#CC#N,42.475754
*CC(*)(C)C(=O)OCCOC(C)COC(=O)C(CC)CC,3.9271088
*CC(*)(C)C(=O)OCCOC(C)COC(C)(C)O,5.7188263
*CC(*)(C)C(=O)OCCOC(CO)CO,25.19011
*CC(*)(C)C(=O)OCCOC(F)(Cl)C(F)(F)F,7.698303
*CC(*)(C)C(=O)OCCOCC(=O)Oc1ccc(C(C)CCC)cc1,45.527847
*CC(*)(C)C(=O)OCCOCC(COc1ccc(/N=N/c2ccc(OC)cc2)cc1)c1ccc(/N=N/c2ccc(OC)cc2)cc1,94.30629
*CC(*)(C)C(=O)OCCOCC(F)(Cl)C(F)(F)F,6.8007507
*CC(*)(C)C(=O)OCCOCCCCCCCCCC(=O)OCCCCCCOc1ccc(/N=N/c2ccc(OCCCCCCCCCC)cc2)cc1,15.360901
*CC(*)(C)C(=O)OCCOCCN(CC)c1ccc(/N=N/c2ccc([N+](=O)[O-])cc2)cc1,91.50653
*CC(*)(C)C(=O)OCCOCCOC(=O)N(C)c1ccc([N+](=O)[O-])cc1Oc1ccccc1,81.938515
*CC(*)(C)C(=O)OCCOCCOC(=O)NC(=O)c1ccc([N+](=O)[O-])cc1,63.926025
*CC(*)(C)C(=O)OCCOCCOC(=O)c1ccc(F)cc1,20.205505
*CC(*)(C)C(=O)OCCOCCOC(=O)c1ccc(OCC(F)F)cc1,28.244484
*CC(*)(C)C(=O)OCCOCCOC(=O)c1ccc([N+](=O)[O-])c(S(=O)(=O)O)c1C,50.25853
*CC(*)(C)C(=O)OCCOCCOCC(F)(F)C(F)(F)C(F)(F)C(F)(F)F,-8.014374
*CC(*)(C)C(=O)OCCOCCOCC1(CC(C)(O)CO)C(O)C1O,42.850456
*CC(*)(C)C(=O)OCCOCCOCCCCCC,-21.914917
*CC(*)(C)C(=O)OCCOCCOCCOC(=O)c1c(C)cc(Cl)cc1Cl,31.019753
*CC(*)(C)C(=O)OCCOCCOCCOCCOCCOCCC,-1.6556396
*CC(*)(C)C(=O)OCCOCCOCCOCCOCCOCCOC(C)(O)S(=O)(=O)CO,3.6254578
*CC(*)(C)C(=O)OCCOCCOCCOCCOCCOCCOCCSC,-10.142944
*CC(*)(C)C(=O)OCCOCCOCCOCCOCCOCCOc1ccc(-c2ccc(/N=N/c3ccc(OCCCCCCCC)cc3)cc2)cc1,32.252228
*CC(*)(C)C(=O)OCCOCCOCCOCCOCCOCCOc1ccccc1,16.331375
*CC(*)(C)C(=O)OCCOCCOCCOCCOCCOc1ccc(/N=N/c2ccc(/C=C/c3ccc(OCCOCCOCCOCCOCCSC)cc3)cc2)cc1,44.546318
*CC(*)(C)C(=O)OCCOCCOCCOCCOc1ccc(C(=O)Oc2ccc(C(=O)Oc3ccccc3)cc2)cc1,49.694748
*CC(*)(C)C(=O)OCCOCCOCCOc1ccc(-c2ccc(-c3ccc(OCCCCCCCC)cc3)cc2)cc1,47.33001
*CC(*)(C)C(=O)OCCOCCOCCOc1ccc(-c2ccc(SCCCCCCCCCC)cc2)cc1,22.103325
*CC(*)(C)C(=O)OCCOCCOCCOc1ccc(C(=O)Oc2ccc(OC(=O)CCCCCC(C)CC)cc2)cc1,16.408249
*CC(*)(C)C(=O)OCCOCCOS(=O)(=O)c1ccc([N+](=O)[O-])cc1,58.45475
*CC(*)(C)C(=O)OCCOCCOc1ccc(-c2ccc(C#Cc3ccc([N+](=O)[O-])cc3OC)cc2)cc1,119.53361
*CC(*)(C)C(=O)OCCOCCOc1ccc(C(=O)Oc2ccc(OCCOCC)cc2)cc1,50.756622
*CC(*)(C)C(=O)OCCOCc1ccc(/N=N/c2ccc(/N=N/c3ccc(OC)cc3)cc2)cc1,102.62065
*CC(*)(C)C(=O)OCCOc1c(C)cc(C)nc1C,62.840378
*CC(*)(C)C(=O)OCCOc1ccc(-c2ccccc2)cc1C,87.717384
*CC(*)(C)C(=O)OCCOc1ccc(/C=N/c2ccc(C#N)cc2)cc1,117.05864
*CC(*)(C)C(=O)OCCOc1ccc(/N=N/c2cc(OCCCCCCCCCC)ccc2-c2ccccc2)cc1,56.553146
*CC(*)(C)C(=O)OCCOc1ccc(/N=N/c2ccc(N=C(C)CC)cc2)cc1,91.01437
*CC(*)(C)C(=O)OCCOc1ccc(C(=O)OCc2ccc([N+](=O)[O-])cc2)cc1,110.37991
*CC(*)(C)C(=O)OCCOc1ccc(C(=O)Oc2ccc(C(=O)CCCCCCCCCCC)cc2)cc1,37.911263
*CC(*)(C)C(=O)OCCOc1ccc(C(=O)Oc2ccc(C(=O)Oc3ccc(/N=N/c4ccc(-c5ccc(OCCCCCC)cc5)cc4)cc3)cc2)cc1,81.25135
*CC(*)(C)C(=O)OCCOc1ccc(C(=O)Oc2ccc(OC(=O)c3ccc(C)cc3)cc2)cc1,74.68182
*CC(*)(C)C(=O)OCCOc1ccc(C(=O)Oc2ccc(OC(=O)c3ccc(OCC(C)OC(C)CC)cc3)cc2)cc1,62.052902
*CC(*)(C)C(=O)OCCOc1ccc(C(=O)c2ccccc2)cc1-c1cccc(O)c1,76.130066
*CC(*)(C)C(=O)OCCOc1ccc(CC(F)(F)F)cc1,67.61694
*CC(*)(C)C(=O)OCCOc1ccc(OC(=O)c2ccc(C(O)C(F)(F)F)cc2)cc1,65.325386
*CC(*)(C)C(=O)OCCOc1ccc(OC(=O)c2ccc(OC(=O)c3ccc([N+](=O)[O-])cc3)cc2)cc1,99.71875
*CC(*)(C)C(=O)OCCOc1ccccc1C(=O)O,58.514458
*CC(*)(C)C(=O)OCCS(=O)(=O)C(C)(C)C,68.701126
*CC(*)(C)C(=O)OCCSCCC(=O)Oc1ccc(/N=N/c2ccc(Cl)cc2)cc1,40.779984
*CC(*)(C)C(=O)OCCSCCCCCCOc1ccc(C(=O)Oc2ccc(OC(=O)c3ccc(OCCOCC)cc3)cc2)cc1,36.515587
*CC(*)(C)C(=O)OCC[N+](C)(C)CCCOc1ccccc1-c1ccc(Br)cc1,44.72593
*CC(*)(C)C(=O)OCC[N+](C)(C)COC(COc1ccc(C)cc1)Oc1ccc(F)cc1,13.939957
*CC(*)(C)C(=O)OCC[N+](C)(C)O[Si](C)(C)CC,-20.393906
*CC(*)(C)C(=O)OCC[N+](C)(CC)COC(F)(F)C(F)(F)C(F)(F)C(F)(F)F,9.293549
*CC(*)(C)C(=O)OCC[N+](C)(OC)c1ccccc1,30.718582
*CC(*)(C)C(=O)OCC[Si](C)(C)CCCCCCCOc1ccc(/N=N/c2ccc(O)cc2)cc1,23.321716
*CC(*)(C)C(=O)OCCc1cc(O)c(C(F)(F)F)c(Br)c1,78.81446
*CC(*)(C)C(=O)OCCc1cc(OC(C)O)c(OCCO)cc1OC,53.513
*CC(*)(C)C(=O)OCCc1ccc(OC(=O)c2ccc(-c3ccc(NC(=O)CCCCC(=O)[O][Na])cc3)cc2)cc1,66.065796
*CC(*)(C)C(=O)OCOCCOC,11.450317
*CC(*)(C)C(=O)OC[CH2][Sn]([CH3])([CH3])[CH2]Cc1ccccc1,79.51731
*CC(*)(C)C(=O)OC[N+](O)COCCl,12.533691
*CC(*)(C)C(=O)OC[PH](C)(C)c1ccccc1,58.28058
*CC(*)(C)C(=O)OC[Si](CCCCCC)c1cccc(/C=C/c2ccc(/N=N/c3ccc(OC)cc3)cc2)c1,85.37656
*CC(*)(C)C(=O)OCc1c(OCCCCCCCCO)ccc(C)c1C,22.095642
*CC(*)(C)C(=O)OCc1cc(Br)c(C)c(C)n1,121.65315
*CC(*)(C)C(=O)OCc1cc(C)c(C)c(O)c1,118.528076
*CC(*)(C)C(=O)OCc1ccc(/N=N/c2ccc([N+](=O)[O-])cc2)cc1,131.62549
*CC(*)(C)C(=O)OCc1ccc(C(C)CCCC)cc1,38.625183
*CC(*)(C)C(=O)OCc1ccc(C)cc1O,113.85576
*CC(*)(C)C(=O)OCc1ccc(CCOCCBr)cc1,32.367943
*CC(*)(C)C(=O)OCc1ccc([Si](C)C)cc1,96.29952
*CC(*)(C)C(=O)OCc1ccc2c(Br)c(Cl)c(OC(=O)Cc3ccccc3)ccc1-2,127.36197
*CC(*)(C)C(=O)OCc1cccc(C(=O)Oc2ccccc2)c1,61.437233
*CC(*)(C)C(=O)OCc1cccc(COC(F)(F)C(F)(F)C(F)(F)C(F)(F)C(F)(F)C(F)(F)C(F)(F)C(F)(F)C(F)(F)C(F)(F)C(F)(F)F)c1,-31.380737
*CC(*)(C)C(=O)OCc1ccccc1C(C)C,86.99049
*CC(*)(C)C(=O)OOC(C)(C)CCOCCCOCCOCCOCCO,-29.591293
*CC(*)(C)C(=O)O[CH2][Sn]([CH3])([CH3])[CH2]CCCOc1ccc(-c2ccc(C[N+](C)(C)C)cc2)cc1,50.181976
*CC(*)(C)C(=O)O[CH2][Sn]([CH3])([CH3])[CH3],81.51796
*CC(*)(C)C(=O)Oc1cc(/N=N/c2ccc(/C=C/c3ccc(C#N)cc3)cc2)ccc1OC(=O)c1ccc(OC)cc1,130.78174
*CC(*)(C)C(=O)Oc1cc(C(=O)O)c(C(=O)Oc2ccccc2)cc1C,109.154655
*CC(*)(C)C(=O)Oc1cc(C(=O)OCCOCCOC)ccc1-c1ccc(OC)cc1,49.848152
*CC(*)(C)C(=O)Oc1cc(C)c(O)c(OCCCOC)c1O,62.26947
*CC(*)(C)C(=O)Oc1ccc(-c2ccc(C(=O)Oc3ccc(OC)cc3)cc2)cc1,121.36165
*CC(*)(C)C(=O)Oc1ccc(-c2ccc(CCCCCCCC)cc2)cc1,30.789536
*CC(*)(C)C(=O)Oc1ccc(-c2ccc(OCCCCCC)cc2)cc1,52.143684
*CC(*)(C)C(=O)Oc1ccc(/N=N/c2ccc(O)cc2)cc1,108.54455
*CC(*)(C)C(=O)Oc1ccc(Br)c(C(=O)OCCCOC(=O)c2ccccc2C(=O)OCCCCCCCCCCCCCC)c1,31.904526
*CC(*)(C)C(=O)Oc1ccc(C(=O)OCC(OCC)C(CC)CC)cc1,60.149376
*CC(*)(C)C(=O)Oc1ccc(C(=O)Oc2ccc(-c3ccc(OCCCCCC)cc3)cc2)cc1,74.22735
*CC(*)(C)C(=O)Oc1ccc(C(=O)Oc2ccc(-c3ccc(S(=O)(=O)OCc4ccccc4)cc3)cc2)cc1,118.819405
*CC(*)(C)C(=O)Oc1ccc(C(=O)Oc2ccc(CCC)cc2)cc1,98.143074
*CC(*)(C)C(=O)Oc1ccc(C(=O)Oc2ccc(OCc3ccccc3)cc2)cc1,109.067825
*CC(*)(C)C(=O)Oc1ccc(C(=O)Oc2ccccc2Cl)c(F)c1F,91.654434
*CC(*)(C)C(=O)Oc1ccc(C(=O)c2ccc(/N=N/c3ccc(C)cc3)c(Br)c2)cc1F,122.360825
*CC(*)(C)C(=O)Oc1ccc(C(=O)c2ccc(Br)cc2)c(C(=O)OCC)c1,110.126175
*CC(*)(C)C(=O)Oc1ccc(CCCCN(C)CC)cc1,44.43754
*CC(*)(C)C(=O)Oc1ccc(Cl)cc1F,89.34491
*CC(*)(C)C(=O)Oc1ccc(NC(=O)OC)cc1,101.095604
*CC(*)(C)C(=O)Oc1ccc(OC(=O)c2ccc([N+](=O)[O-])nc2)cc1,131.81624
*CC(*)(C)C(=O)Oc1ccc(OC(=O)c2cccc(OCCCCC)c2)cc1,62.07322
*CC(*)(C)C(=O)Oc1ccc([Si](C)(C)c2ccc(S(=O)(=O)[O][Na])cc2)cc1,114.5065
*CC(*)(C)C(=O)Oc1cccc(C(=O)OCCCCCCCCCC)c1,-4.1012573
*CC(*)(C)C(=O)Oc1ccccc1-c1ccccc1,91.29491
*CC(*)(C)C(=O)Oc1ccccc1C(O)CO,71.67694
*CC(*)(C)C(=O)S(=O)(=O)OC(C)(CO)C(F)(F)F,43.067703
*CC(*)(C)C(=O)S(F)(F)C(F)(F)C(F)(F)C(F)(F)C(F)(F)C(F)(F)C(F)(F)C(F)(F)F,-36.348495
*CC(*)(C)C(=O)SC(F)(F)C(F)(F)C(F)(F)C(F)(F)C(F)(F)F,-18.772217
*CC(*)(C)C(=O)SCCCCCC#CC#Cc1ccc(/N=N/c2ccc([N+](=O)[O-])cc2)cc1,64.386154
*CC(*)(C)C(=O)SCCCCCCCC,-15.735626
*CC(*)(C)C(=O)SCc1ccc(/N=N/c2ccc(F)cc2)cc1,125.22193
*CC(*)(C)C(=O)SSc1ccc(C(=O)OCC)cc1,72.13832
*CC(*)(C)C(=S)OCC(F)(F)C(F)(F)C(F)(F)F,-10.685043
*CC(*)(C)C1C=CCC1=O,109.39137
*CC(*)(C)C=CC(=O)OC,58.290764
*CC(*)(C)CC(=O)NNCCCCCC,25.688904
*CC(*)(C)CC(=O)OCCCCCCOc1ccc([N+](=O)[O-])cc1,35.836433
*CC(*)(C)CC(=O)OCCO,57.103844
*CC(*)(C)CC(=O)OCCOCCOCCOCCOCCOCCOCC(F)(F)F,-7.640091
*CC(*)(C)CC(=O)Oc1ccc(OC(=O)c2ccc(OCCCCCCCC)cc2)cc1,34.856346
*CC(*)(C)CC(O)CC,44.448288
*CC(*)(C)CCC[Si](C)(C)OCC,-26.170685
*CC(*)(C)CCOc1ccc(C(=O)Oc2ccc(OCCCCCC)cc2)cc1,40.239662
*CC(*)(C)C[SH]=C(C#N)C#CCCCCOc1ccc(/C=N/c2ccc(C(C)C)cc2O)cc1,84.33066
*CC(*)(C)C[Si]([2H])(C)NC(C)C,7.4338226
*CC(*)(C)Cc1cccc(C)c1,94.149574
*CC(*)(C)Cc1ccccc1O,112.23947
*CC(*)(C)OC(=O)c1ccc(OCc2ccc(OCCCCCCCCCC)c(OCCCCCCCCCC)c2)cc1,17.288391
*CC(*)(C)Oc1ccc(C(=O)c2ccc(Br)cc2)cc1,117.18312
*CC(*)(C)P(=O)(OC)OCC,47.190376
*CC(*)(C)S(=O)(=O)N(CC)c1ccccc1,133.80382
*CC(*)(C)S(=O)(=O)c1ccccc1,130.27899
*CC(*)(C)c1cc(Cl)cc(COCCN(CC)CC)c1,50.69361
*CC(*)(C)c1cc(I)ccc1Br,124.67931
*CC(*)(C)c1ccc(/N=N/c2ccc(C(=O)OC)cc2)cc1,143.25629
*CC(*)(C)c1ccc(C#CSC(C)(C)C)cc1,58.64048
*CC(*)(C)c1ccc(C(=O)Nc2ccc(C#N)cc2Sc2ccccc2-c2ccccc2)cc1,204.0427
*CC(*)(C)c1ccc(C(=O)Oc2ccc(/N=N/c3ccc(OC)c([N+](=O)[O-])c3)cc2)cc1,167.1941
*CC(*)(C)c1ccc(CO[Si](C)(C)[Si](C)(C)C)cc1,26.83973
*CC(*)(C)c1cccc(C(C)(C)C)c1,108.62786
*CC(*)(C)c1ccco1,91.55903
*CC(*)(CBr)SCC,37.23645
*CC(*)(CC(=O)C([2H])([2H])F)C(F)=C(F)C([2H])(F)C(F)(F)F,19.213654
*CC(*)(CC(=O)NC(=O)[O][Na])C(=O)OCCCc1ccccn1,88.856445
*CC(*)(CC(=O)Nc1ccc(OCCCC)cc1)OCCOCCOC,54.69242
*CC(*)(CC(=O)Nc1ccccc1)C(=O)OCc1ccc(N(C)C)cc1,147.93114
*CC(*)(CC(=O)OC#N)C(=O)OCCCC,30.020157
*CC(*)(CC(=O)OC(C)=O)C(=O)OCCCCCCOc1ccc(/N=N/c2ccc([N+](=O)[O-])cc2)cc1,77.97233
*CC(*)(CC(=O)OC(C)C)C(C)CC(=O)OC(C)(O)C(=O)OCCC,62.62092
*CC(*)(CC(=O)OC(C)CC)C(=O)OCC,57.67128
*CC(*)(CC(=O)OC(C)COC(C)(C)C)C(C)(C)C,55.39601
*CC(*)(CC(=O)OC)C(OC)C(O)C(O)C(F)(F)C(F)(F)C(F)(F)C(F)(Cl)C(F)(F)F,32.90442
*CC(*)(CC(=O)OC)c1ccco1,89.87843
*CC(*)(CC(=O)OCC(=O)OCC)C(=O)OC,67.13835
*CC(*)(CC(=O)OCC(C)C)C(=O)OCCCCC,17.081879
*CC(*)(CC(=O)OCC(C)CCCC)C(=O)OCC1CCCC1,8.131058
*CC(*)(CC(=O)OCC(CC)CCC)C(=O)OCCCCCCCC,-16.664322
*CC(*)(CC(=O)OCC(F)(F)C(F)(F)C(F)(F)C(F)(F)C(F)(F)C(F)(F)C[NH+])C(F)(F)F,21.672195
*CC(*)(CC(=O)OCC)C(=O)OCC(F)(F)C(F)(F)C(F)(F)C(F)(F)C(F)(F)C(F)(F)F,28.591087
*CC(*)(CC(=O)OCC)C(=O)OCCOCC=C,20.24237
*CC(*)(CC(=O)OCC)C(=O)OCCOCCO,37.833717
*CC(*)(CC(=O)OCC)C(=O)Oc1ccc(Br)cc1,101.29721
*CC(*)(CC(=O)OCCC(OC)C(F)(F)F)C(F)(F)F,33.070847
*CC(*)(CC(=O)OCCC)C(=O)C(F)(F)C(F)(F)C(F)(F)C(F)(F)C(F)(F)C(F)(F)F,25.777573
*CC(*)(CC(=O)OCCCC)C(=O)NCC(CC)CC,68.52832
*CC(*)(CC(=O)OCCCCC)C(=O)OC(C)CC,20.287437
*CC(*)(CC(=O)OCCCCC)C(=O)OCCCCCCCCOc1ccc(-c2ccc(-c3ccc(Cl)cc3)cc2)cc1,65.69419
*CC(*)(CC(=O)OCCCCC)[SH](=O)=C(C#N)COc1ccc(NCCCCC)cc1,35.108086
*CC(*)(CC(=O)OCCCCCC)C(=O)OCCC(C)CCC(=O)[O][Na],-2.674286
*CC(*)(CC(=O)OCCCCCCCC)C(=O)OC,-26.846222
*CC(*)(CC(=O)OCCCCCCCC)C(=O)OCC(CC)CC,-24.46466
*CC(*)(CC(=O)OCCCCCCCC)C(=O)OCC1CCCCCC1,-8.655334
*CC(*)(CC(=O)OCCCCCCCCCC)C(=O)OCCCCCCO,-35.269684
*CC(*)(CC(=O)OCCCCCCCCCCCC)C(=O)OCCCCCCOc1ccc(C(=O)Oc2ccc(OCC)cc2)cc1,20.529068
*CC(*)(CC(=O)OCCCCCCCCCCCCCC)C(=O)OCCc1ccc(C)cc1OC,4.991791
*CC(*)(CC(=O)OCCCCCCCCCCCCCCCCC)C(=O)OCCOCCCCCCCC,-28.290405
*CC(*)(CC(=O)OCCCCCCCCCCCCCCCCCCCCCCCC)C(=O)OCc1ccc(C(=O)OCc2ccccc2)cc1,17.848358
*CC(*)(CC(=O)OCCNC(=O)C(F)(F)F)C(F)(F)F,69.7792
*CC(*)(CC(=O)OCCNC(=O)OCC(O)Oc1ccc(Cl)cc1)C(=O)OCCCCCCCC,9.286316
*CC(*)(CC(=O)OCCOc1ccccc1)c1ccc(OCCCC)cc1,92.901764
*CC(*)(CC(=O)OCCc1ccccc1)C(=O)OCC,85.59923
*CC(*)(CC(=O)OCCl)C(C)C,63.626137
*CC(*)(CC(=O)OC[CH2][Pb][CH3])C(=O)OCCCCCCC,6.5145874
*CC(*)(CC(=O)OCc1ccc(C(C)(C)C#C)cc1)c1ccc(/N=N/c2ccc([N+](=O)[O-])cc2)cc1,164.84511
*CC(*)(CC(=O)OCc1ccccc1)C(=O)OCCC(C)C,29.488754
*CC(*)(CC(=O)OCc1ccccc1)C(=O)Oc1ccc(Br)cc1,82.71528
*CC(*)(CC(=O)Oc1c(F)c(F)c(Cl)c(F)c1F)C([2H])(Cl)Cl,82.006714
*CC(*)(CC(=O)Oc1ccc(-c2ccc(F)cc2)cc1)OC(C)=O,101.5647
*CC(*)(CC(=O)Oc1ccc(/N=N/c2ccc(OC)cc2)cc1)Oc1ccc(C)cc1,105.80177
*CC(*)(CC(=O)Oc1ccc(C(=O)Oc2ccc(OCC(C)C)cc2)cc1)OC(=O)c1ccc(/N=N/c2ccc([N+](=O)[O-])cc2)cc1,142.33923
*CC(*)(CC(=O)Oc1ccc(C(F)(F)F)cc1)N(C(F)(F)F)C(F)(F)F,55.03129
*CC(*)(CC(=O)Oc1ccc(C)cc1)C(=O)OCCCC,59.51322
*CC(*)(CC(=O)Oc1ccc(C)cc1)C(C)c1ccc(OC)cc1OC,107.08722
*CC(*)(CC(=O)Oc1ccc(C)cc1)Oc1ccc(F)cc1,90.33916
*CC(*)(CC(=O)Oc1ccc(Cl)cc1)Oc1ccc(C(=O)Oc2ccc(C#N)cc2)cc1,120.11699
*CC(*)(CC(=O)Oc1ccc(OC)cc1)c1ccc(Br)cc1,127.89932
*CC(*)(CC(=O)Oc1ccc(OCCCCCC)cc1)C(C)(C)C,34.200287
*CC(*)(CC(=O)Oc1ccc(S(=O)(=O)c2ccc(OC)cc2)cc1)SCC[N+](C)(C)C,111.2352
*CC(*)(CC(=O)Oc1ccc([N+](=O)[O-])cc1)c1ccc(Oc2ccc(OC(=O)CCCCC(F)(F)C(F)(F)C(F)(F)C(F)(F)C(F)(F)C(F)(F)F)cc2)cc1,61.566185
*CC(*)(CC(=O)Oc1cccc(Br)c1)C(=O)N(Cc1ccccc1)c1cccc(Cl)c1,139.8001
*CC(*)(CC(=O)c1ccc(OC)cc1)N(c1ccc(C)cc1)c1cccc(F)c1,105.90323
*CC(*)(CC(C)=O)C(=O)OCCOc1ccc(OC(=O)c2ccc(OCCCCC)cc2)cc1,53.605667
*CC(*)(CC(C)=O)c1ccc(/N=N/c2ccc(Sc3ccccn3)cc2)cc1,201.34264
*CC(*)(CC(F)(F)F)C(F)(F)F,49.30355
*CC(*)(CC)C(=O)OCCCCCCCC(=O)N(F)CCS(=O)(=O)CCC(=O)OC,-20.116745
*CC(*)(CC)CC(F)(F)C(F)(F)C(F)(F)C(F)(F)C(F)(F)C(F)(F)C(F)(F)C(F)(F)C(F)F,-13.683731
*CC(*)(CCC(=O)NCCCCCCCCCCCCCC)C(=O)OCCCCCC,-13.985092
*CC(*)(CCC(=O)OCCCCCC)C(=O)OCCCCCCOC(C)C,-32.20697
*CC(*)(CCC(=O)OCc1ccccc1)OC(C)=O,35.48848
*CC(*)(CCC(=O)Oc1ccc(-c2ccccc2)cc1)c1ccc(/N=N/c2ccc(OC)cc2)cc1,128.98923
*CC(*)(CCC)C(=O)OCCCCCCOc1ccc(C(=O)Oc2ccc(OCCOCCOCCCCCCOCC(C)O)cc2)cc1,17.3581
*CC(*)(CCC=C)CS(=O)(=O)C(F)(F)F,27.509636
*CC(*)(CCCC(=O)OCCCCCCCCCCCC)C(=O)OC1(CC)CC(C)(C)C1OC(C)(C)C,32.933624
*CC(*)(CCCC)C(=O)OCCCCCOc1c(C)cc(C(=O)Oc2ccc(OC)cc2)cc1OC,43.466103
*CC(*)(CCCC)CC(=O)Nc1ccccc1,129.64424
*CC(*)(CCCC)COC(=O)c1cc(OCCCO)ccc1-c1ccc(OCC)cc1,71.137955
*CC(*)(CCCCC)C(=O)OCC,40.650986
*CC(*)(CCCCC)C(=O)OCCCCCCCCCCCC,-40.4637
*CC(*)(CCCCCC)C(=O)OCC(F)(F)C(F)(F)C(F)F,-2.5737915
*CC(*)(CCCCCC)C(=O)Oc1ccc(S(=O)(=O)C(F)(F)C(F)(F)C(F)(F)C(F)(F)C(F)(F)C(F)(F)F)cc1,33.123222
*CC(*)(CCCCCCC)OCc1ccccc1,-11.8078
*CC(*)(CCCCCCCC)S(=O)(=O)O,-10.2113495
*CC(*)(CCCCCCCCCCC)C(=O)OCCOc1ccc(-c2ccc(C(=O)OC(=O)c3ccc(C(=O)Oc4ccc([N+](=O)[O-])cc4)cc3)cc2)c(C(F)(F)F)c1,87.25334
*CC(*)(CCN(C)C)OC(C)=O,35.402435
*CC(*)(CCO)CC(=O)Oc1ccc([N+](=O)[O-])nc1,115.149155
*CC(*)(CCO)COC(=O)OCCOCCOCCOCC,-13.508606
*CC(*)(CC[Si](C)(C)C)NC(=O)OCCCCCCCCCOc1ccc(-c2ccc([N+](=O)[O-])cc2)cc1,56.320488
*CC(*)(CCl)C(=O)OCCOCCOC(F)(F)C(F)(F)C(F)(F)C(F)(F)C(F)(F)F,7.395294
*CC(*)(CCl)COC(=O)C(C)(C)COCC(C)(C)C,22.38218
*CC(*)(CCl)OC(=O)CCCCC(C)C,-34.030106
*CC(*)(CF)c1ccccn1,74.93383
*CC(*)(CNC(=O)[O][Na])C(C)(C)C,160.72647
*CC(*)(COC(=O)CCCC(CC)CCCCCCC)C(=O)OCCCCC,-36.144012
*CC(*)(COC(=O)SCc1ccccc1)c1ccc(C)cc1,83.83683
*CC(*)(COC(=O)c1ccccc1)C(C)C,74.19497
*CC(*)(COc1ccc(OCC(F)(F)F)cc1)OCC,70.09167
*CC(*)(CS(=O)(=O)OC(C)(C)C)N(CC)c1ccccc1,77.22137
*CC(*)(CS(=O)(=O)c1ccc(Cl)cc1)C(=O)OCc1ccc([N+](=O)[O-])cc1,170.50677
*CC(*)(C[N+](C)(C)C)C(=O)OC(C)=O,72.45385
*CC(*)(Cc1ccccc1)C(O)COc1c(O)cc(Cl)cc1Cl,95.88336
*CC(*)(Cl)C(=O)N(F)C(F)(F)C(F)(F)C(F)(F)C(F)(F)C(F)(F)C(F)(F)C(F)(F)F,15.012421
*CC(*)(Cl)C(=O)OC(F)(Cl)C(F)(F)C(F)(F)C(F)(F)C(F)(F)C(F)(F)C(F)(F)C(F)(F)C(F)(F)C(F)(F)C(F)(F)C(F)(F)C(F)F,-43.664673
*CC(*)(Cl)C(=O)OC(F)(F)C(F)(F)C(F)(F)C(F)(F)C(F)(F)C(F)(F)C(F)(F)F,-3.8553772
*CC(*)(Cl)C(=O)OCCC(=O)OCC(F)(F)C(F)(F)C(F)(F)C(F)(F)F,34.221405
*CC(*)(Cl)C(=O)OCCCCCCOc1ccc(/C=N/c2ccc(C#N)cc2)cc1,86.291336
*CC(*)(Cl)C(=O)OCCCCCCOc1ccc(/N=N/c2ccc(C#N)cc2)cc1,78.29065
*CC(*)(Cl)C(=O)OCCCCSC,22.734741
*CC(*)(Cl)C(=O)OCC[N+](C)(C)CCCCCCCCCC,-1.7438812
*CC(*)(Cl)C(=O)OCC[N+](C)(C)CCc1ccc(/N=N/c2ccc(N(C)C)cc2)cc1,103.65489
*CC(*)(Cl)C(=O)OCc1cc(B)c(Cl)c(C)c1,136.51025
*CC(*)(Cl)C(=O)OCc1ccc(C(=O)OC(C)CC)cc1,94.63922
*CC(*)(Cl)C(=O)OCc1cccc(CO)c1,104.11536
*CC(*)(F)C(=O)C([2H])(Cl)C(=O)OC,71.74972
*CC(*)(F)C(=O)OC(O)=C(Cl)Cl,95.07535
*CC(*)(F)C(=O)OCC(CBr)c1ccccc1,76.97943
*CC(*)(F)C(=O)OCC(F)(F)C(F)(F)C(F)(F)C(F)(F)CC(F)(F)C(F)(F)C(F)(F)F,7.4196014
*CC(*)(F)C(=O)OCCCCCCCC(F)(F)C(F)(F)C(F)(F)Cl,4.651596
*CC(*)(F)C(=O)OCCCCCCCCCCCCCCCCCCC,1.4355927
*CC(*)(F)C(=O)OCCCCCCCCCCCCCCCCCc1ccc(C#[Si]c2ccccc2)cc1,58.295868
*CC(*)(F)C(=O)OCCCCCCCCCCCCCCCC[Si](C)(C)c1cc(Cl)c(Cl)c(F)c1Cl,4.540085
*CC(*)(F)C(=O)OCCCCCCCCCCCCOC(=O)c1ccc(OC(=O)c2ccc(/N=N/c3ccc(Br)cc3)cc2)cc1,67.81965
*CC(*)(F)C(=O)OCCOCCOCCOCCOCCOCCOC,-0.21403503
*CC(*)(F)C(=O)OCCOc1ccc(/N=N/c2ccccc2)cc1,106.11274
*CC(*)(F)C(=O)Oc1ccccc1,101.67517
*CC(*)(F)CP(=O)(O)OCCOCCO,-16.193573
*CC(*)(F)OC(=O)C(F)(F)C(F)(F)C(F)(F)C(F)(F)C(F)(F)F,-21.407364
*CC(*)(F)O[Si](C)(C)C,-57.98494
*CC(*)(NC(=O)c1ccc(C)cc1)Oc1ccc([N+](=O)[O-])cc1,158.31203
*CC(*)(O)C(=O)OCCN(C(F)(F)F)C(C)(CCl)C(F)(F)C(F)(F)F,51.624573
*CC(*)(O)C(F)(F)OC(F)(F)C(F)(F)C(F)(F)C(F)(F)C(F)(F)C(F)(F)C(F)(F)C(F)(F)OC(F)(F)C(F)(F)C(F)(F)C(F)(F)C(F)F,-59.606567
*CC(*)(O)C(O)C(O)O,41.640068
*CC(*)(OC(=O)C(F)(F)C(F)(F)F)C(=O)OC(C)C,67.158394
*CC(*)(OC(=O)c1ccccc1)Oc1ccccc1C(C)C,57.73329
*CC(*)(OC(C)=O)C(=O)OCCCBr,2.5705414
*CC(*)(OC(C)=O)[Si](C)(C)C,47.98442
*CC(*)(OC(C)=O)c1c(Br)cc(F)c(F)c1Cl,90.25444
*CC(*)(OC(C)=O)c1cc(OC(=O)CCCCC(C)C)cc(C(=O)O)c1C,37.557037
*CC(*)(OC(C)=O)c1ccc(Cl)cc1Cl,95.60182
*CC(*)(OCC(=O)Oc1ccccc1)C(O)COc1ccc(OC(=O)c2ccc(OCCCCCCC)c(N)c2)cc1OC,51.386818
*CC(*)(OCC(F)(F)C(F)(F)F)C(C)Cl,10.01268
*CC(*)(OCCCCCC)OCCOc1ccccc1,-22.454132
*CC(*)(Oc1ccc(Br)cc1)c1ccccc1,83.74161
*CC(*)(Oc1ccc(C)cc1)Oc1ccc(CC)cc1,61.75569
*CC(*)(Oc1ccc(C)cc1)c1ccc(C)c(Cl)c1,117.280365
*CC(*)([2H])C(=O)OC(O)Cl,38.932648
*CC(*)([2H])C(=O)OCCCCCCCOc1ccc(C(=O)Oc2ccc(/N=N/c3ccc(OC)cc3)cc2)cc1,66.1468
*CC(*)([2H])C(=O)OCCCCCCOC(F)(F)C(F)(F)C(F)(F)C(F)(F)C(F)(F)C(F)(F)F,-17.119568
*CC(*)([2H])C(=O)OCCSC,38.800682
*CC(*)([2H])C(=O)Oc1ccc(C(F)(F)F)cc1,115.96265
*CC(*)([2H])C(F)(F)C(F)(F)C(F)(F)C(F)(F)F,-11.437302
*CC(*)/C=C/C(C)Cc1ccccc1,78.61947
*CC(*)/C=C/CCCCCC,3.1697388
*CC(*)/C=C/c1cc(OCC)ccc1OCCCC,82.73124
*CC(*)/N=N/c1ccccc1C,74.930336
*CC(*)=C(C)CCC(=O)OCCCCCCO,-13.02327
*CC(*)=C([2H])C(=O)Oc1ccc(CCCCCCC(F)(F)F)cc1,73.78814
*CC(*)=C([2H])C(Oc1ccccc1)Oc1c(Cl)ccc(Cl)c1Cl,72.771866
*CC(*)=C([2H])Cl,93.001236
*CC(*)=CCN(CCC)c1ccc(/N=N/c2ccc(C(=O)Oc3ccc(OC=C(F)C(F)(F)C(F)(F)C(F)(F)F)cc3)cc2)cc1,109.296936
*CC(*)C#CCc1ccccc1,-5.7000885
*CC(*)C(=C=NC)C(=O)NCCCCCCN,23.458916
*CC(*)C(=CCl)N(NC(C)=O)C(=O)OC,61.83207
*CC(*)C(=O)/C=C/[Si](C)(C)CCCC(=O)OC,6.9762726
*CC(*)C(=O)C(CCl)CCCCCCCCCC,-36.106445
*CC(*)C(=O)C(Cl)c1cccc(C(C)(C)C)c1,33.11303
*CC(*)C(=O)C([2H])(CC(C)=O)C(=O)OC(C)(Cl)Cl,57.817513
*CC(*)C(=O)C1CCCC1=O,26.555862
*CC(*)C(=O)CCCC(F)(F)C(F)(F)C(F)(F)C(F)(F)F,-45.476395
*CC(*)C(=O)CCCCCCCCCCC(=O)Nc1ccc(C(=O)OCCCCCCOc2ccc(OC(=O)OC(C)COC(C)COC(C)(C)C)cc2)cc1,21.966537
*CC(*)C(=O)N(C#N)C(C)=O,88.84004
*CC(*)C(=O)N(C(=O)OCCC)C(=O)OCCCCCC,5.7082977
*CC(*)C(=O)N(C)c1ccc(-c2ccccc2)nc1,134.41685
*CC(*)C(=O)N(C)c1ccc(/N=N/c2ccc(-c3ccccc3)cc2)cc1,175.79688
*CC(*)C(=O)N(CBr)c1ccc(N(C)C)cc1,102.61472
*CC(*)C(=O)N(CC(C)(C)C)C(C)C,129.00076
*CC(*)C(=O)N(CC)C(=O)OCCCC,33.915283
*CC(*)C(=O)N(CC)CC(C)CC,73.11866
*CC(*)C(=O)N(CC)c1ccc(-c2ccccc2)cc1,158.64197
*CC(*)C(=O)N(CC)c1ccc(/N=N/c2ccc(C=C(C)C)cc2)cc1,162.13805
*CC(*)C(=O)N(CC)c1ccc(/N=N/c2ccc(S(=O)(=O)c3ccc(OCc4ccccc4)cc3)cc2)cc1,202.64801
*CC(*)C(=O)N(CC)c1ccc(C(=O)OCc2ccccc2)cc1,139.06499
*CC(*)C(=O)N(CCC)C(=O)Nc1ccc(/N=N/c2ccc(C(=O)[O][Na])cc2)cc1,201.97945
*CC(*)C(=O)N(CCC)CCSCC,48.774048
*CC(*)C(=O)N(CCC)c1ccc(/N=N/c2ccc(F)cc2)cc1,157.49582
*CC(*)C(=O)N(CCCC)CC(C)SC,61.0318
*CC(*)C(=O)N(CCCCCC)N(CC)CC(C)C,55.973434
*CC(*)C(=O)N(CCl)c1ccc([N+](=O)[O-])cc1,128.42108
*CC(*)C(=O)N(Cl)C(C)(C)C,56.807564
*CC(*)C(=O)N(Cl)c1cccc(Br)c1,66.9036
*CC(*)C(=O)N(F)C(Cl)C(F)(F)F,46.32521
*CC(*)C(=O)N(OCCOCCOC)c1cccc(OC)c1,-2.6262054
*CC(*)C(=O)N(Oc1ccc(Br)cc1)c1ccc(F)cc1,90.046104
*CC(*)C(=O)N(Oc1ccc(O)cc1)Oc1ccc(C(F)(F)F)cc1,59.613136
*CC(*)C(=O)NC(=O)N(C)C=S,84.83143
*CC(*)C(=O)NC(=O)OCCOCCSC,-30.062347
*CC(*)C(=O)NC(C)=CC(C)CC,35.256004
*CC(*)C(=O)NC(C)C(=O)OCCOC(C)O,31.816483
*CC(*)C(=O)NC(C)C[N+](=O)Cl,88.5981
*CC(*)C(=O)NC(C)c1ccccc1C,135.29616
*CC(*)C(=O)NC(CC)C(CC)COC(C)C,43.999725
*CC(*)C(=O)NC(CC)NC(C)=N/C=C/C(=O)OCC(=O)OCC,103.04089
*CC(*)C(=O)NC(CCCCCCCCC)N(CCCC)C(=O)OCCCC,3.4355469
*CC(*)C(=O)NC(Cl)(Cc1ccccc1)S(=O)(=O)O,81.623566
*CC(*)C(=O)NC(F)(F)C(F)(F)C(F)(F)C(F)(F)C(F)(F)C(F)(F)C(F)(F)C(F)(F)C(F)(F)C(F)(F)C(F)(F)C(F)(F)C(F)(F)F,-33.784393
*CC(*)C(=O)NC1CCCC1(C)C,153.76675
*CC(*)C(=O)NCC(F)(F)CC[Si](C)(C)C(F)(F)Cl,17.024445
*CC(*)C(=O)NCCC(F)(F)C(F)(F)C(F)(F)C(F)(F)C(F)(F)C(F)(F)C(F)(F)C(F)(F)C(F)(F)C(F)(F)C(F)(F)C(F)F,-28.431274
*CC(*)C(=O)NCCC(F)(F)C(F)(F)C(F)(F)F,27.733696
*CC(*)C(=O)NCCCCC(=O)OCCCCCCCCCCCCCC,-16.523346
*CC(*)C(=O)NCCCCCC(C)CCCCCC,10.205124
*CC(*)C(=O)NCCCCCCCCCNC(=O)Oc1ccccc1,65.99424
*CC(*)C(=O)NCCCCCCCCNC(=O)c1ccc(N(C)C(=O)[O][Na])cc1,151.03358
*CC(*)C(=O)NCCCCCCOc1ccccc1CCC,23.881508
*CC(*)C(=O)NCCCCC[N+](C)(C)CCCCC,-18.947784
*CC(*)C(=O)NCCCF,82.471375
*CC(*)C(=O)NCCOCC(Br)=C(C#N)C(=O)OC,88.99694
*CC(*)C(=O)NCCOc1ccc(/C=N/c2ccc(Br)cc2)c(C)c1,138.91599
*CC(*)C(=O)NCC[N+](NC(=O)Oc1ccccc1)OC(C)=O,40.459595
*CC(*)C(=O)NCNC(=O)OCc1ccc(OCCCC)cc1,64.75912
*CC(*)C(=O)NC[Si](C)(C)CCBr,39.051483
*CC(*)C(=O)NCc1ccc(C)cc1C,141.84431
*CC(*)C(=O)NNC(=O)N(CC)NCC,94.4729
*CC(*)C(=O)NNC(=O)OCc1ccccc1,68.25671
*CC(*)C(=O)NNC(=O)c1ccc([Si](C)(C)c2ccc(F)cc2)cc1,178.65146
*CC(*)C(=O)Nc1cc(NCC(C)C)c(C(=O)[O][Na])c(C(=O)O)c1,120.365616
*CC(*)C(=O)Nc1cc(OCC(C)CC)ccc1/C=C/c1ccc(CCl)cc1,126.14186
*CC(*)C(=O)Nc1ccc(C(=O)Nc2cc(N)nc(Cl)c2)cc1C,197.38611
*CC(*)C(=O)Nc1ccc(C(=O)Oc2ccc(-c3ccc(OCCCC)cc3)cc2)cc1,141.26282
*CC(*)C(=O)Nc1ccc(Cl)c(C)c1,154.73727
*CC(*)C(=O)Nc1ccc(N(CC)C(=O)CC(F)(F)C(F)(F)C(F)(F)C(F)(F)C(F)(F)C(F)(F)C(F)(F)COC(F)(F)C(F)(F)C(F)(F)C(F)(F)C(F)(F)C(F)(F)C(F)(F)F)cc1,3.51268
*CC(*)C(=O)Nc1ccc(NC(=O)OCCCCC)cc1,71.611786
*CC(*)C(=O)Nc1ccc(OCCBr)cc1,125.320786
*CC(*)C(=O)Nc1cccc(C(=O)Oc2ccc(OCCC)cc2)c1,134.9315
*CC(*)C(=O)Nc1cccc(OCC(C)C)c1,110.029686
*CC(*)C(=O)Nc1ccccc1CC(O)CO,86.78833
*CC(*)C(=O)OC(=O)CCN(C)c1ccc(C(C)(C)c2ccc(OCCCCCC)cc2)cc1,40.12738
*CC(*)C(=O)OC(=O)c1ccc(C#N)cc1,68.66747
*CC(*)C(=O)OC(=O)c1ccccc1OC,26.761063
*CC(*)C(=O)OC(C(C)C)C(CC(C)(C)C)C(F)(F)F,38.807083
*CC(*)C(=O)OC(C)(C)c1cc(C)c(OC(C)=O)c(C)c1C,54.129417
*CC(*)C(=O)OC(C)(CC(F)(F)F)C([2H])([2H])Cl,23.486214
*CC(*)C(=O)OC(C)Br,-12.446259
*CC(*)C(=O)OC(C)C([2H])CN(CC)COC,17.130661
*CC(*)C(=O)OC(C)CCCOC(F)(F)C(F)(F)C(F)(F)C(F)(F)C(F)(F)C(F)F,-27.856918
*CC(*)C(=O)OC(C)CCOCCCC,-37.125916
*CC(*)C(=O)OC(C)COC(=O)c1ccc(OCCCCCC)cc1,9.663223
*CC(*)C(=O)OC(C)OC(C)C,-25.110397
*CC(*)C(=O)OC(C)OC(C)C(C)C,-21.396362
*CC(*)C(=O)OC(C)OC(C)COC(C)(C)C,-21.644073
*CC(*)C(=O)OC(C)OCCc1ccc(F)cc1Cl,-0.7707672
*CC(*)C(=O)OC(CC(C)C)c1ccc(C(=O)OCCCCC)cc1,33.333458
*CC(*)C(=O)OC(CCC)CCC,-32.485428
*CC(*)C(=O)OC(CCCO)O[Si](C)(C)C,-44.60327
*CC(*)C(=O)OC(CC[N+](C)(C)C)OC,-15.687302
*CC(*)C(=O)OC(CCl)CCCCCC(F)(F)C(F)(F)C(F)(F)C(F)(F)C(F)(F)C(F)(F)F,-27.287903
*CC(*)C(=O)OC(CO)OC(C)(C)C,-11.664642
*CC(*)C(=O)OC(COC(C)=O)C(F)(F)F,7.6486206
*CC(*)C(=O)OC(COC(C)OC(C)C)C(O)C(O)C(C)(C)C,29.621117
*CC(*)C(=O)OC(Cl)(C(F)(F)F)C(F)(F)C(F)(F)C(F)(F)C(F)(F)C(F)(F)C(F)(F)F,-15.426651
*CC(*)C(=O)OC(Cl)CO,5.597641
*CC(*)C(=O)OC(F)(COCCOC)OCCOCCOCCOCCOCCOCCOCCOCCOC,-40.55748
*CC(*)C(=O)OC([2H])(C(F)(F)F)C(F)(F)C(F)(F)C(F)(F)C(F)(F)C(F)(F)C(F)(F)C(F)(F)C(F)(F)C(F)(F)C(F)(F)C(F)(F)C(F)(F)C(F)(F)C(F)(F)Cl,-51.94821
*CC(*)C(=O)OC([2H])(Cl)Cl,-18.123566
*CC(*)C(=O)OC([2H])(F)C(F)(F)C(F)(F)C(F)(F)C(F)(F)C(F)(F)C(F)(F)C(F)(F)F,-22.564804
*CC(*)C(=O)OC1C=c2ccccc2=C1,82.3566
*CC(*)C(=O)OC1CC1N,35.507423
*CC(*)C(=O)OC1CCC(C)O1,24.73352
*CC(*)C(=O)OCC#Cc1ccc(CNCCCCCCCC)cc1,-27.810364
*CC(*)C(=O)OCC(=O)OC(C)CC,-5.746414
*CC(*)C(=O)OCC(C)(CC)C(C)C,-4.6745453
*CC(*)C(=O)OCC(C)(COC(C)=O)C(=O)OC,12.064621
*CC(*)C(=O)OCC(C)CCC(O)C(C)C,-16.843903
*CC(*)C(=O)OCC(CC)COC(=O)C(F)(F)C(F)(F)C(F)(F)C(F)(F)C(F)(F)C(F)(F)C(F)(F)C(F)(F)C(F)(F)F,-19.516937
*CC(*)C(=O)OCC(F)(F)C(F)(F)C(F)(F)C(F)(F)C(F)(F)Br,-19.880737
*CC(*)C(=O)OCC(F)(F)C(F)(F)C(F)(F)C(F)(F)C(F)(F)OC(F)(F)C(F)(F)F,-37.242737
*CC(*)C(=O)OCC(F)(F)C(F)(F)C(F)(OC(F)(F)F)OC(F)(F)C(F)(F)C(F)(F)C(F)(F)C(F)(F)C(F)(F)F,-56.432404
*CC(*)C(=O)OCC(O)COc1ccc(C(=O)Oc2ccc(-c3ccc(F)cc3)cc2)cc1,100.40954
*CC(*)C(=O)OCC(O)COc1ccc(C(=O)Oc2ccc(OC(C)CCC)cc2)cc1,65.595055
*CC(*)C(=O)OCC(O)C[Si](C)(C)C#Cc1ccc(S(=O)(=O)O)cc1,53.901184
*CC(*)C(=O)OCC([2H])(Cl)C(F)(F)F,16.966644
*CC(*)C(=O)OCC1(C)CCCCCCO1,1.0053558
*CC(*)C(=O)OCC1(CBr)CCC1O,43.222633
*CC(*)C(=O)OCC1(CC)CCCCC(OC(C)=O)C1(C)C,45.966736
*CC(*)C(=O)OCC1(OC)CO1,45.11995
*CC(*)C(=O)OCCC(=O)Oc1ccc2ccccc2c1,44.653534
*CC(*)C(=O)OCCC(C)(C)OCCOC,-25.47905
*CC(*)C(=O)OCCC(C)(O)COCc1ccc([N+](=O)[O-])cc1,36.36071
*CC(*)C(=O)OCCC(C)Oc1ccccc1,-0.7395325
*CC(*)C(=O)OCCC(CO)COC(C)COCCOC,-27.716461
*CC(*)C(=O)OCCC1CCO1,15.497559
*CC(*)C(=O)OCCCC1CCOC1,-4.8155365
*CC(*)C(=O)OCCCCC(=O)Oc1ccc(C(C)(C)c2ccc(OCCC)cc2)cc1,55.94306
*CC(*)C(=O)OCCCCCCC(=O)N(CCl)CCCCCCCC,-20.518051
*CC(*)C(=O)OCCCCCCC(=O)OCCCCCCCCCCCCCCOc1ccc(-c2ccc(OCC)cc2)cc1,28.51538
*CC(*)C(=O)OCCCCCCC(=O)Oc1ccc(OC(=O)c2ccc(OCCCCCC)cc2)cc1,36.199707
*CC(*)C(=O)OCCCCCCCCCCCCC(=O)OCCCCCCOc1ccc([N+](=O)[O-])cc1,18.091675
*CC(*)C(=O)OCCCCCCCCCCCCCCCCCCCCOc1ccc(-c2ccc(OCCCCCCCCC)cc2)cc1,20.003983
*CC(*)C(=O)OCCCCCCCCCCCCCCCCCCOc1ccc(C(=O)Oc2ccc(C(=O)Oc3ccc(C(C)(C)C)cc3)cc2)cc1,56.185455
*CC(*)C(=O)OCCCCCCCCCCCCCCCCOc1ccc(C(=O)Oc2ccc(OC)cc2)cc1,40.50186
*CC(*)C(=O)OCCCCCCCCCCCCCCCCOc1ccccc1-c1ccc(C)cc1,23.52884
*CC(*)C(=O)OCCCCCCCCCCCCCCCOC(=O)/C=C/c1ccc(/N=N/c2ccc([N+](=O)[O-])cc2)cc1,74.745255
*CC(*)C(=O)OCCCCCCCCCCCCCCC[N+](F)(F)C(F)(F)C(F)(F)C(F)(F)C(F)(F)C(F)(F)F,-26.100266
*CC(*)C(=O)OCCCCCCCCCCCCCCOc1ccc(-c2ccc(-c3ccc(-c4ccc(-c5ccccc5)cc4)cc3)cc2)cc1,86.88913
*CC(*)C(=O)OCCCCCCCCCCCCCCOc1ccc(/N=N/c2ccc(OCC(=O)OC)cc2)cc1,52.98957
*CC(*)C(=O)OCCCCCCCCCCCCCn1c2ccccc2c2ccccc21,23.476517
*CC(*)C(=O)OCCCCCCCCCCCCOC(=O)C(C)O,-13.728607
*CC(*)C(=O)OCCCCCCCCCCCCOP(=O)(O)Oc1ccccc1,-5.7265167
*CC(*)C(=O)OCCCCCCCCCCCCOc1ccc(C(=O)Oc2ccc(OCCOCCOCCOCCOCCOCCOCCOCCOCCOCCOC)cc2)cc1,10.080978
*CC(*)C(=O)OCCCCCCCCCCCCOc1ccc(S(=O)(=O)c2ccc(OCCCC)cc2)cc1,41.93474
*CC(*)C(=O)OCCCCCCCCCCCOC(=O)Nc1ccc(C)cc1,15.670334
*CC(*)C(=O)OCCCCCCCCCCCOc1ccc(/N=N/c2ccc(COCCOCCOCCOCCOCCOC)cc2)cc1,31.646942
*CC(*)C(=O)OCCCCCCCCCCCOc1ccc(OC(=O)c2ccc(OCCCCCC)cc2)cc1,27.671768
*CC(*)C(=O)OCCCCCCCCCCOc1ccc(/N=N/c2ccc(OC([2H])(F)Cl)cc2)cc1,55.638428
*CC(*)C(=O)OCCCCCCCCCCOc1ccc(OC(=O)c2ccc(OC(=O)c3ccc(OCCC)cc3)cc2)cc1,54.23175
*CC(*)C(=O)OCCCCCCCCCOc1ccc(-c2ccc(OCCC(C)C)cc2)cc1,25.951073
*CC(*)C(=O)OCCCCCCCCCOc1ccc(N(C)C)cc1,9.183411
*CC(*)C(=O)OCCCCCCCCCOc1ccc(OC(=O)c2ccc(OCCOCCOC)cc2)cc1,30.833305
*CC(*)C(=O)OCCCCCCCCN(CCCC)COC(F)(F)F,-14.640396
*CC(*)C(=O)OCCCCCCCCOc1ccc(-c2ccc(C(=O)OCCCC)cc2)cc1,35.570465
*CC(*)C(=O)OCCCCCCCCOc1ccc(-c2ccc(CC)cc2Br)cc1,42.08612
*CC(*)C(=O)OCCCCCCCCOc1ccc(-c2ccc(OCCCCCCCC)cc2)cc1,14.830338
*CC(*)C(=O)OCCCCCCCCOc1ccc(-c2ccc([Si](C)(C)C)cc2)cc1,23.68113
*CC(*)C(=O)OCCCCCCCCOc1ccc(/C=C/c2ccc(OCCCC)cc2)cc1,55.31099
*CC(*)C(=O)OCCCCCCCCOc1ccc(CCNNC(=O)c2ccc(C(=O)OC(C)=O)cc2)cc1,46.650497
*CC(*)C(=O)OCCCCCCCCOc1ccc([N+](=O)[O-])cc1,20.479507
*CC(*)C(=O)OCCCCCCCC[N+](Oc1ccccc1)(C(F)(F)F)C(F)(F)F,-0.318985
*CC(*)C(=O)OCCCCCCCOc1ccc(-c2ccc(C#N)cc2)cc1,38.0252
*CC(*)C(=O)OCCCCCCCOc1ccc(CCCCCCOc2ccc(OCC)cc2)cc1,19.600296
*CC(*)C(=O)OCCCCCCCOc1ccc(NC(=O)c2ccc(OCc3ccc(OCc4ccccc4)cc3)cc2)cc1,79.72524
*CC(*)C(=O)OCCCCCCCOc1ccc(S(=O)(=O)c2ccc(OCCCCCCCCC)cc2)cc1,14.271606
*CC(*)C(=O)OCCCCCCN(C)c1c(C)cc(C)cc1O,12.286453
*CC(*)C(=O)OCCCCCCOC(=O)OCCOC(C)(C)COC,-30.819946
*CC(*)C(=O)OCCCCCCOC(=O)c1ccc(OC(=O)c2ccc(C(=O)OCCC)cc2)cc1,40.983124
*CC(*)C(=O)OCCCCCCOc1c(C)cc(Br)cc1Cl,16.444183
*CC(*)C(=O)OCCCCCCOc1ccc(/N=C/c2ccc(OC)cc2)cc1,39.096428
*CC(*)C(=O)OCCCCCCOc1ccc(C(=O)C(F)(F)F)cc1,5.283722
*CC(*)C(=O)OCCCCCCOc1ccc(C(=O)Nc2ccc(S(=O)(=O)c3ccc(OC)cc3)cc2)cc1,85.96301
*CC(*)C(=O)OCCCCCCOc1ccc(C(=O)Oc2ccc(OC(=O)c3ccc(OC)cc3)cc2)cc1,46.9097
*CC(*)C(=O)OCCCCCCOc1ccc(CCCCCCCCCCOc2ccccc2-c2ccccc2)cc1,13.236343
*CC(*)C(=O)OCCCCCCOc1ccc(OC(=O)c2ccc(OC(=O)CCCCCCCCCC(C)(C)C#N)cc2)cc1,16.125198
*CC(*)C(=O)OCCCCCCOc1ccc(OC(=O)c2ccc(OCc3ccc(OCC(CC)CCCCCCCC)cc3)cc2)cc1,26.80091
*CC(*)C(=O)OCCCCCCOc1cccc(N(CC)CC)c1,-7.0397797
*CC(*)C(=O)OCCCCCC[N+](C)(C)CCCOC(=O)OCCC,-33.317307
*CC(*)C(=O)OCCCCCOc1ccc(-c2ccc(C(=O)OCc3ccc(OC)cc3)cc2)cc1,60.030556
*CC(*)C(=O)OCCCCCOc1ccc(-c2ccc(S(=O)(=O)O)cc2)cc1,36.863747
*CC(*)C(=O)OCCCCCOc1ccc(C(=O)OCCCCCCCC)cc1,-13.820679
*CC(*)C(=O)OCCCCCOc1ccc(C(=O)Oc2cc(C(=O)O)cc(C(=O)O)c2C)c(C)c1,54.42147
*CC(*)C(=O)OCCCCCOc1ccc(C(=O)Oc2ccc(-c3ccc(C#N)cc3)cc2)cc1,62.85753
*CC(*)C(=O)OCCCCCOc1ccc(C2CCCC(CCCCCC)CC2)cc1,3.2960205
*CC(*)C(=O)OCCCCOC(=O)C(CCl)C(C)(C)C,-2.365738
*CC(*)C(=O)OCCCCOC(=O)C(F)(F)Cl,-6.8335266
*CC(*)C(=O)OCCCCOC(=O)Oc1ccc(OC(=O)COc2ccc(-c3ccc(C#C)cc3)cc2)cc1,46.22341
*CC(*)C(=O)OCCCCOCC,-50.899475
*CC(*)C(=O)OCCCCOc1ccc(-c2ccc(OCCC)cc2)cc1,35.124413
*CC(*)C(=O)OCCCCOc1ccc(/C=N/c2ccc(C#N)cc2)cc1,49.37217
*CC(*)C(=O)OCCCCOc1ccc(/N=N/c2ccc(OCCC)c(Br)c2)cc1,60.12329
*CC(*)C(=O)OCCCCOc1ccc(C(=O)Oc2ccc(C(=O)Oc3ccc(/N=N/c4ccc(OC)cc4)cc3)cc2)cc1,73.04311
*CC(*)C(=O)OCCCCOc1ccc(OC(=O)CCCCCC)cc1,-9.037567
*CC(*)C(=O)OCCCCOc1ccc(OC(=O)c2ccc([N+](=O)[O-])cc2)nc1,45.41903
*CC(*)C(=O)OCCCCOc1ccc(OCCOc2ccc(Cl)cc2)cc1,26.546722
*CC(*)C(=O)OCCCCSCCCCCC,-60.373413
*CC(*)C(=O)OCCCC[N+](=O)[O-],-18.515488
*CC(*)C(=O)OCCCC[SH](=O)(N=O)OCCO,-7.3293915
*CC(*)C(=O)OCCCC[Si](C)(C)CC,-51.798676
*CC(*)C(=O)OCCCNC(=O)c1ccc(C(=O)OC)cc1,52.480957
*CC(*)C(=O)OCCCOC(F)(F)Cl,-26.34227
*CC(*)C(=O)OCCCOc1ccc(C(=O)OCc2ccc([N+](=O)[O-])cc2)cc1,67.224594
*CC(*)C(=O)OCCCOc1ccc(S(=O)(=O)c2ccc(C#N)cc2)cc1,72.143524
*CC(*)C(=O)OCCCS(=O)(=O)C(O)(Cl)Cl,1.4853516
*CC(*)C(=O)OCCN(C)C(C)CO,-15.9648285
*CC(*)C(=O)OCCN(C)CCCOC(=O)Nc1ccc(Sc2ccccc2)cc1,65.54717
*CC(*)C(=O)OCCN(C)N(CC)C(=O)Oc1ccc(/N=N/c2ccc(F)cc2)cc1,70.785904
*CC(*)C(=O)OCCN(C)c1ccc(N(C)C)c(C)c1,47.286186
*CC(*)C(=O)OCCN(C)c1ccc(OC[PH](C)(C)C)cc1,35.90403
*CC(*)C(=O)OCCN(CC(C)C)OC,-1.0634308
*CC(*)C(=O)OCCN(CC(C)C)OC(F)(F)C(F)(F)C(F)(F)C(F)(F)C(F)(F)C(F)(F)F,-4.628128
*CC(*)C(=O)OCCN(CC)CCSC,-34.98416
*CC(*)C(=O)OCCN(CC)S(=O)(=O)C(F)(F)C(F)(F)C(F)(F)C(F)(F)C(F)(F)C(F)(F)C(F)(F)C(F)(F)C(F)(F)C(F)(F)C(F)(F)C(F)(F)F,-33.492264
*CC(*)C(=O)OCCN(CC)c1ccc(/N=N/c2ccc(/N=N/c3ccc(OC)cc3)cc2)cc1,99.25775
*CC(*)C(=O)OCCN(CC)c1ccc(/N=N/c2ccc(C=O)cc2)cc1,66.92633
*CC(*)C(=O)OCCN(CCC)CN(C)C,-1.6208344
*CC(*)C(=O)OCCN1CCCCCC1,3.0758362
*CC(*)C(=O)OCCNc1ccc(Br)cc1,45.78382
*CC(*)C(=O)OCCOC(=O)NCC(F)(F)F,6.2515106
*CC(*)C(=O)OCCOC(C)CCCCC,-47.972473
*CC(*)C(=O)OCCOCC(=O)OC1CCCC(C(=O)OCC)O1,10.733307
*CC(*)C(=O)OCCOCC(O)COCCOCC,-24.275604
*CC(*)C(=O)OCCOCCOC(=O)c1ccc(C)cc1,-10.476624
*CC(*)C(=O)OCCOCCOC(=O)c1ccc(OCC)cc1,5.7849884
*CC(*)C(=O)OCCOCCOCCOC(=O)c1ccc(OC(=O)COc2ccc(/C=C/C(=O)Oc3ccc([N+](=O)[O-])cc3)cc2)cc1,63.443512
*CC(*)C(=O)OCCOCCOCCOCCN(CC)c1ccc(/N=N/c2ccc([N+](=O)[O-])cc2)cc1,60.90152
*CC(*)C(=O)OCCOCCOCCOCCOC(C)OC,-32.342407
*CC(*)C(=O)OCCOCCOCCOCCOCCOCCOCCOCCOCCC#N,-40.25496
*CC(*)C(=O)OCCOCCOCCOCCOCCOc1ccc(C(=O)Oc2ccc(/N=N/c3ccccc3)cc2)cc1,42.054413
*CC(*)C(=O)OCCOCCOCCOc1ccc(C(=O)OCc2ccc(OCCCC)cc2)cc1,43.32955
*CC(*)C(=O)OCCOCCOc1ccc(OC(=O)c2ccc(OCC(C)CCCCCC)cc2)cc1,8.892731
*CC(*)C(=O)OCCOCCOc1ccc(S(=O)(=O)c2ccc(OC(C)CC)cc2)cc1,47.495827
*CC(*)C(=O)OCCOc1ccc(/C=C/c2ccc(Cl)cc2)cc1,86.55786
*CC(*)C(=O)OCCOc1ccc(/N=N/c2ccc(C=O)cc2)cc1,63.084137
*CC(*)C(=O)OCCOc1ccc(/N=N/c2ccc(OC(=O)Cl)cc2)cc1,79.53507
*CC(*)C(=O)OCCOc1ccc(C(=O)Oc2ccc(C(=O)Oc3ccc(OCCC)cc3)cc2)cc1,86.15809
*CC(*)C(=O)OCCOc1ccc(C(=O)c2ccc(OC)cc2)cc1,36.578667
*CC(*)C(=O)OCCOc1ccc(C(=O)c2ccccc2O)cc1,43.689957
*CC(*)C(=O)OCCOc1ccc(OC(=O)c2ccc(C(=O)Oc3ccc(/N=N/c4ccc(OCCOC)cc4)cc3)cc2)cc1C,79.70572
*CC(*)C(=O)OCCOc1ccc(OC(=O)c2ccc(OCC#C)cc2)cc1,54.075554
*CC(*)C(=O)OCCSCOC(=O)OCCCCC,-23.313873
*CC(*)C(=O)OCC[N+](C)(C)C(C)C,-13.357971
*CC(*)C(=O)OCC[N+](C)(C)CCc1ccc(-c2ccc(C#N)cc2)cc1,60.55104
*CC(*)C(=O)OCC[N+](C)(C)COC(=O)N(CC)CC,-1.4070435
*CC(*)C(=O)OCC[N+](C)(F)C(F)(F)C(F)(F)C(F)(F)C(F)(F)C([2H])(F)F,-17.354034
*CC(*)C(=O)OCC[N+](N)(CC)CCC,2.93013
*CC(*)C(=O)OCC[PH](C)(C)CCCCC,-59.17404
*CC(*)C(=O)OCC[Si](C)(C)CCCN(C)C,-55.36615
*CC(*)C(=O)OCCc1ncc(F)cc1F,30.805908
*CC(*)C(=O)OCN(CC)c1ccc(/N=N/c2ccc([N+](=O)[O-])cc2)cc1,104.4966
*CC(*)C(=O)OCOCCOCCOCCOc1ccc(/N=N/c2ccc([N+](=O)[O-])cc2)cc1,46.137398
*CC(*)C(=O)OC[Si](C)(C)CCCCCC,-74.10486
*CC(*)C(=O)OC[Si](C)(C)CCCOC(=O)OC,-44.590225
*CC(*)C(=O)OCc1c(C)cc(Cl)c(F)c1F,43.92109
*CC(*)C(=O)OCc1c(Cl)cc(C)cc1OC,79.8294
*CC(*)C(=O)OCc1ccc(-c2ccc(C#N)cc2)cc1,82.35301
*CC(*)C(=O)OCc1ccc(COC(C)=O)cc1,12.238831
*CC(*)C(=O)OCc1ccc(F)c(Cl)c1,56.57202
*CC(*)C(=O)OCc1ccc(OC(=O)CCCCC)cc1,6.6953735
*CC(*)C(=O)OCc1ccc(OC)c(C=C(/C=C/N=C/c2ccccc2)N(C)CCCC)c1,73.18643
*CC(*)C(=O)OCc1ccc(OCCCCC)cc1,16.184387
*CC(*)C(=O)OCc1ccccc1CC(C)C,34.35955
*CC(*)C(=O)OCc1cnc(Br)c(C)c1,76.14489
*CC(*)C(=O)Oc1c([2H])c(Cl)c(F)c(F)c1F,55.361656
*CC(*)C(=O)Oc1cc(Cl)ccc1C,39.52175
*CC(*)C(=O)Oc1cc(Cl)ccc1C(=O)OCCN(CC)CCOCCOC,22.353867
*CC(*)C(=O)Oc1cc(F)c(F)c(Br)c1Cl,32.00882
*CC(*)C(=O)Oc1ccc(C(=O)Nc2ccc(-c3ccc(C)cc3)cc2)cc1,149.69662
*CC(*)C(=O)Oc1ccc(C(=O)OCCOCCOCC(=O)c2ccc(OCC)cc2)cc1,33.41004
*CC(*)C(=O)Oc1ccc(C(=O)Oc2ccc(OCCOC)cc2)cc1,83.71158
*CC(*)C(=O)Oc1ccc(C(=O)Oc2ccccc2C(F)(F)F)c([N+](=O)[O-])c1,106.33754
*CC(*)C(=O)Oc1ccc(C(=O)c2ccc(OCCC)cc2)cc1,82.823425
*CC(*)C(=O)Oc1ccc(CCl)cc1,49.977493
*CC(*)C(=O)Oc1ccc(COCCN(C)C)c(Cl)c1,29.327278
*CC(*)C(=O)Oc1ccc(COCCOCCOC)cc1,2.641861
*CC(*)C(=O)Oc1ccc(F)c(Cl)c1,35.842545
*CC(*)C(=O)Oc1ccc(NC(=O)c2ccc(C(=O)Oc3ccc(OCCC)cc3)cc2)cc1,123.169464
*CC(*)C(=O)Oc1ccc(OCCN(C)C)cc1,33.401474
*CC(*)C(=O)Oc1cccc(OC(=O)CCCCOc2ccc(-c3ccc(OC)cc3)cc2)c1,44.450905
*CC(*)C(=O)SOc1cocc1C(=O)O,-9.705902
*CC(*)C(=O)S[Si](C)(CBr)CCCC,-2.680252
*CC(*)C(=O)[N+](C)(C)CCC(F)(C(F)F)C(F)(F)F,14.034348
*CC(*)C(=O)[N+](Cl)C(O)(Cl)Cl,15.735672
*CC(*)C(=O)[N+]C(=O)OCCCCCCOc1ccc(C(=O)Oc2ccc(-c3ccc(C(=O)OCCOCCOCCOCCOCCOCCOCCOCCOCCOCC)cc3)cc2)cc1,17.427391
*CC(*)C(=O)[SH](C)(=O)C1CN(CCOCCOCCOC)CO1,45.134483
*CC(*)C(=O)[SH](C)(C)CO,49.67398
*CC(*)C(=O)c1ccc(C(=O)OC(C)CO)cc1,46.07325
*CC(*)C(=O)c1ccc(C(=O)Oc2ccc(C(=O)OC)cc2)cc1,99.17473
*CC(*)C(=O)c1ccc(N(C)O)c(C)c1,55.53784
*CC(*)C(=O)c1ccc(OC(=O)CCCCCCCCC(=O)Oc2ccc(-c3ccccc3)cc2)cc1,29.317413
*CC(*)C(=O)c1ccc(OC)cc1,34.154526
*CC(*)C(=O)c1ccc(S(=O)(=O)O)c(C(F)(F)F)c1,82.54323
*CC(*)C(=O)c1cccc(O[Si](C)(C)C)c1,-2.8953857
*CC(*)C(=O)c1nc(OCCCF)c(F)s1,-12.406204
*CC(*)C(=S)OCCCCCC(=O)OCc1ccccc1,-21.717361
*CC(*)C(C)C(=O)OCCCCCCCOc1cccc(C(=O)OCCCCCCCCCCC)c1,-0.45187378
*CC(*)C(C)CC(Cl)Cl,41.854736
*CC(*)C(C)CCC(=O)c1ccccc1,6.6192627
*CC(*)C(CC)C(C)CC,55.148643
*CC(*)C(Cl)C(=O)N(CC)[P+]Cl,135.12776
*CC(*)C(Cl)C(C)C#Cc1ccc(O)c(C)c1,67.740005
*CC(*)C(F)C(F)(F)C(F)(F)C(F)(F)C(F)(F)C(F)(F)C(F)(F)C(F)(F)C(F)(F)F,-29.556717
*CC(*)C(O)COC(C)C(=O)OC,-1.0656586
*CC(*)C1=CC=CC(=O)C1,88.58324
*CC(*)C1CCN(CCOC(=O)c2ccc(S(=O)(=O)CC)cc2)C1C(=O)OCCCCCCCCCCCC,48.548576
*CC(*)C1COC(=O)C1,48.702927
*CC(*)CC(=O)NCCC(=O)O,65.30787
*CC(*)CC(=O)OC(C)CC,-18.737335
*CC(*)CC(CC)(CCC)C(=O)OCCCC,52.415962
*CC(*)CC(O)(N(C)C)[SH](C)(=O)CCCS(=O)(=O)O,54.371353
*CC(*)CCC(=O)N(CC)C(=O)O[CH2][Na],49.700066
*CC(*)CCC(=O)OC(C)(C)CC,-33.160126
*CC(*)CCC(C)C(=O)OCC,16.59082
*CC(*)CCC(C)C(C)CCSC,-24.926437
*CC(*)CCC(CC([2H])(F)F)C(F)(F)F,-3.4433136
*CC(*)CCCC(=O)NCC(CC)CCCCCC,-15.856888
*CC(*)CCCCC(F)(F)C(F)(F)F,-27.56636
*CC(*)CCCCC1CCCCCC1,16.850464
*CC(*)CCCCCCCCCCOC(=O)CCCCCCCCCCCCCCCCOc1ccc(/N=N/c2ccc(OCCCCCC)cc2)cc1,10.551041
*CC(*)CCCCCOc1ccc(C)cc1,1.2064209
*CC(*)CCCCN(C)CCC,-9.701187
*CC(*)CCCl,-36.230804
*CC(*)CCS(=O)(=O)c1ccc(F)cc1,83.57684
*CC(*)CCc1ccc(C)c(C#N)c1,59.06817
*CC(*)CCc1nnc(B)nc1C,53.57093
*CC(*)CN(CC)[SH](=O)(c1ccccc1)c1ccccc1,138.16608
*CC(*)CNC(=O)C(C)(C)CC,85.26836
*CC(*)CNC(=O)OC(CC)CCC,19.65326
*CC(*)CNC(=O)OCc1ccccc1C,60.318634
*CC(*)CNC(=O)c1ccc(C(=O)Oc2ccc(F)cc2)cc1,130.28403
*CC(*)CNC(=O)c1ccccc1C(=O)OCCCCCCCCCC,-5.557495
*CC(*)CNc1ccc(CSC(=O)NC(C)C(=O)OCCCCCCCCC)cc1,32.313843
*CC(*)COC(=O)c1ccc(/N=N\c2ccc(C#N)cc2)cc1,88.725525
*CC(*)COC(C)(C)COC(=O)NC(C)OCC,-0.6011658
*CC(*)COCc1ccn(F)c1F,-3.0793762
*CC(*)COc1ccc(C(=O)Oc2ccc(/C=C/c3ccccc3)cc2)cc1,139.55205
*CC(*)COc1ccc(C(=O)Oc2ccc(OC(=O)c3ccc(OC)cc3)cc2)cc1,97.3295
*CC(*)COc1ccc(OC(=O)c2ccc(OCCOCCOCCOCCOCCOC)cc2)cc1,20.691948
*CC(*)CP(=O)(O)OC[N+](O)(O)O,-28.048904
*CC(*)CSC(C)(C)C,-18.854004
*CC(*)CSCC(=O)Nc1ccc(C(=O)OC)cc1,93.81614
*CC(*)CSCCCCCCCCCC,-62.46103
*CC(*)Cc1cc(C#C)ccc1Cl,78.12023
*CC(*)Cc1ccc(OC)c(CO)c1,82.87308
*CC(*)N(C)C(=O)OCCOCC(F)(F)C(F)(F)C(F)(F)C(F)(F)C(F)(F)C(F)(F)C(F)(F)F,2.777771
*CC(*)N(C)CCCCCOc1ccc(C(=O)Oc2ccc(/C=C/c3ccc([N+](=O)[O-])cc3)cc2)cc1,120.09494
*CC(*)N(C)c1cc(Br)c(F)c(F)c1F,105.114395
*CC(*)NC(=O)C(C)(C)CC(=O)O,106.67337
*CC(*)NC(=O)OCCCCCCCCCCCCCCCN,-20.442917
*CC(*)NC(=O)c1cc(C(=O)OC)ccc1O,130.43889
*CC(*)NCCC(=O)NCCOCCOCCOCCOC,3.0224762
*CC(*)NC[PH](C)(CC)CCCC,22.568367
*CC(*)Nc1ccccc1COC(C)O,59.47412
*CC(*)OC(=O)C(C)(C)CCC(C)C,-14.809677
*CC(*)OC(=O)C(C)=N,11.833405
*CC(*)OC(=O)C(C)C,-3.2609863
*CC(*)OC(=O)C(CC)CCCCCC,-35.63913
*CC(*)OC(=O)C(CC)CN(C)C,10.16124
*CC(*)OC(=O)C(Cl)C([2H])Cl,47.202354
*CC(*)OC(=O)C(F)(F)C(=O)OCC(F)F,12.95636
*CC(*)OC(=O)C(F)(F)C(F)(F)C(F)(F)CC(F)(F)F,-21.713135
*CC(*)OC(=O)C(F)(F)C(F)(F)C(F)(F)COC(F)(F)C(F)(F)C(F)(F)C(F)(F)C(F)(F)F,-30.781067
*CC(*)OC(=O)C(O)C(F)(F)C(F)(F)C(F)(F)C(F)F,-14.571304
*CC(*)OC(=O)CC(C)CCC(=O)OCC(F)(C(F)(F)F)C(CO)(C(F)(F)F)C(F)(F)F,0.06832886
*CC(*)OC(=O)CC(F)(F)C(F)(F)C(F)(F)C(F)(F)C(F)(F)C(F)(F)C(F)(F)C(F)(F)OC(F)(F)C(F)(F)F,-36.62056
*CC(*)OC(=O)CC1(C)CCCC(C)C1,35.755173
*CC(*)OC(=O)CCCC(=O)Oc1ccc(/N=N/c2ccc([N+](=O)[O-])cc2)cc1,86.1649
*CC(*)OC(=O)CCCC(C)(C)C,-32.693787
*CC(*)OC(=O)CCCCCCCCCCCCOc1ccc(-c2ccc(C=O)cc2)cc1,24.69432
*CC(*)OC(=O)CCCCCCCCC[O][Na],-22.270569
*CC(*)OC(=O)CCCCC[As]1CCCCC1,-10.274139
*CC(*)OC(=O)CCCCOc1ccc(-c2ccc(OCCCCCCCC)cc2)cc1,13.501923
*CC(*)OC(=O)CCCCOc1ccc(/N=N/c2ccccc2)cc1,24.992699
*CC(*)OC(=O)CN(C)c1ccc(N(C)C)cc1,70.61051
*CC(*)OC(=O)N(C)c1ccccc1,46.352875
*CC(*)OC(=O)OC(C)(C)C[N+](C)(C)CS,-4.49823
*CC(*)OC(=O)OCC(C)(C)CCC,-38.962097
*CC(*)OC(=O)OCC[N+](C)(Cl)COc1ccc(OC(=O)c2ccc(OCCOc3ccc(/N=N/c4ccc([N+](=O)[O-])cc4)cc3)cc2)cc1,97.70416
*CC(*)OC(=O)Oc1ccc(C(C)(C)C)cc1,52.101746
*CC(*)OC(=O)Oc1ccc(F)cc1F,4.4361115
*CC(*)OC(=O)c1c(Cl)cc(Cl)c([2H])c1[2H],98.4562
*CC(*)OC(=O)c1cc(OC)c(OC)c(OC)c1,82.05346
*CC(*)OC(=O)c1cc(SCCC)ccc1C(OC)C(C)(C)C,57.347725
*CC(*)OC(=O)c1ccc(/C=N/c2ccc(C#N)cc2)cc1,118.01803
*CC(*)OC(=O)c1ccc(/N=N/c2ccc(C(C)C)cc2)cc1,104.59017
*CC(*)OC(=O)c1ccc(C(=O)OCCOc2ccc(/N=N/c3ccc(C#Cc4ccccc4)cc3)cc2)c(Br)c1,119.72781
*CC(*)OC(=O)c1ccc(C(=O)Oc2ccc(C(C)(C)c3ccccc3)cc2)cc1,117.313675
*CC(*)OC(=O)c1ccc(C(F)(F)F)cc1F,71.60092
*CC(*)OC(=O)c1ccc(OC(=O)c2ccc(OCC#N)cc2)cc1,65.33204
*CC(*)OC(=O)c1ccc(OC(=O)c2ccc(OCC(C)(C)C)cc2)cc1,66.24428
*CC(*)OC(=O)c1ccc(OC)c(Cl)c1,70.16905
*CC(*)OC(=O)c1ccccc1OC(C#N)C#CO,34.320457
*CC(*)OC(=O)c1cncc(O)c1,40.7744
*CC(*)OC(C)(C)C(=O)OCCOCCOC,-16.280502
*CC(*)OC(C)(C)CCOCC(COC(=O)Cl)C(=O)OC(C)C,14.872787
*CC(*)OC(C)CC(C)C,-56.442657
*CC(*)OC(COC(C)(C)C)C(F)(F)F,8.0061035
*CC(*)OC([2H])(O)SC(C)(C)C,-23.956131
*CC(*)OC=C(CCCC)NC(C)=O,23.424088
*CC(*)OCC(=O)OC(CC)CC(C)C,-0.60536194
*CC(*)OCC(=O)OCCCOc1ccc(-c2ccc(OS(=O)(=O)[O][Na])cc2)cc1,37.021446
*CC(*)OCC(CC(C)C)C(F)Cl,-20.964874
*CC(*)OCC(CC)CC(=O)OCCCCC,-22.07341
*CC(*)OCC(CCCC)CCCC,-52.43036
*CC(*)OCC(F)(F)C([2H])(F)C([2H])(F)C(F)(F)C(F)(F)C(F)(F)F,-19.347687
*CC(*)OCC1CCCCCCCCC1,7.2175446
*CC(*)OCCC(CO)c1ccccc1,-10.215439
*CC(*)OCCCCCC(=O)OCCCCCCCCC(=O)OCCC,-33.010803
*CC(*)OCCCCCCCCCCCCCC[Si](C)(C)C,-60.8199
*CC(*)OCCCCCCOC(=O)Oc1cccc(C#N)c1,-0.16159058
*CC(*)OCCCCCCOc1ccc(-c2ccc(S(=O)(=O)[O][Na])c(C(C)C)c2)cc1,57.06846
*CC(*)OCCCCCOc1ccc(OC(=O)c2ccc(C(=O)SC)cc2)cc1,34.113632
*CC(*)OCCCCOCCOc1cccc(C(=O)OC(F)(Br)CCC(F)(F)F)c1,-14.5529175
*CC(*)OCCCC[N+](CCC)CCCC,-27.675018
*CC(*)OCCCOCCOCCOCCOCCOC,-58.264816
*CC(*)OCCCOc1ccc(-c2ccccc2)cc1,18.129036
*CC(*)OCCCOc1ccc(/C=C/CCCNC(=O)N(C)Cc2ccc([N+](=O)[O-])cc2)cc1,111.55629
*CC(*)OCCC[Si](C)(C)OCC(C)Oc1ccccc1,-47.372223
*CC(*)OCCN(C)C(=O)C(F)(C(F)(F)F)C(F)(F)C(F)(F)C(F)(F)C(F)(F)OC(F)(F)F,9.150467
*CC(*)OCCN(CC)c1ccc(/N=N/c2ccc(C#N)cc2)cc1,97.263985
*CC(*)OCCN(CCCC)COCC,-29.007538
*CC(*)OCCOC(=O)N(CCCC)c1c(C)cc(S(=O)(=O)c2ccc(F)cc2)cc1OC,99.200455
*CC(*)OCCOC(=O)c1ccc(CCC(O)CN(C)c2ccccc2)cc1,37.371902
*CC(*)OCCOCCCCOc1ccc(C(=O)Nc2ccc(/C=C/c3ccc(OCCCCCC)cc3)cc2)cc1,59.512947
*CC(*)OCCOCCOCCCCCCCOc1ccc(OC(=O)c2ccc(OC(C)CCCC)cc2)cc1,6.0004425
*CC(*)OCCOCCOCCOCC,-53.780655
*CC(*)OCCOCCOc1ccc(/N=N/c2ccc(C=O)cc2)cc1,41.322853
*CC(*)OCCOc1ccc(C(=O)Oc2ccc(OCCOCCOCCOCCOCCOCC)cc2)cc1,30.8182
*CC(*)OCCOc1ccc(COCc2cc(Br)ccc2Cl)cc1,54.521164
*CC(*)OCCOc1ccc(OC(=O)c2ccc(OCCC(C)CC)cc2)cc1,26.122398
*CC(*)OCCOc1ccccc1-c1cc(F)ccc1Br,49.711235
*CC(*)OCCS(=O)(=O)c1ccc(/N=N/c2ccc(C#N)cc2)cc1,104.2025
*CC(*)OCCc1ccc(Cl)cc1Cl,22.563309
*CC(*)OC[Si](C)(C)CC,-102.995056
*CC(*)OCc1ccc(C)nc1,10.851059
*CC(*)Oc1ccc(-c2ccccc2)cc1,94.06217
*CC(*)Oc1ccc(C(=O)OC)c(OC)c1,79.24957
*CC(*)Oc1ccc(C)nc1,41.17949
*CC(*)Oc1ccccc1OCC,39.36547
*CC(*)P(=O)(CCCCCC)CS(=O)(=O)O,-3.9094086
*CC(*)P(=O)(OCCOCCOC)OCCOCCOC,-52.359436
*CC(*)S(=O)(=O)N(C)C,72.56706
*CC(*)S(=O)(=O)Nc1ccc(S(=O)(=O)[O][Na])c(Br)c1,158.46696
*CC(*)S(=O)(=O)Oc1ccc(COCCCC)cc1,-5.6112976
*CC(*)S(=O)(=O)Oc1ccc(S(=O)(=O)c2ccccc2)cc1,102.284584
*CC(*)S(=O)S(=O)(=O)OCc1ccccc1,29.951683
*CC(*)SC[Si](C)(C)C,-39.81909
*CC(*)[N+](O)c1ccccc1,67.09154
*CC(*)[N+]C1CC2CC(C2)NC(=O)CCCS1,111.216896
*CC(*)[PH](C)(C)CCCOc1ccc(C(C)(C)C)cc1,60.29801
*CC(*)[PH](C)(O)C(C)C(C)C,71.561005
*CC(*)[PH](F)(F)C(F)(F)C(F)(F)C(F)(F)C(F)(F)C(F)(F)C(F)(F)C(F)(F)OC(F)(F)C(F)(F)C(F)(F)C(F)(F)C(F)(F)C(F)(F)C(F)(F)C(F)(F)C(O)(F)C(F)(F)C(F)F,-56.852768
*CC(*)[SH](C)(C)C(=O)Oc1ccccc1C(=O)Oc1ccccc1,83.79898
*CC(*)[SH](C)(C)CCCCCCCCCC,-36.82463
*CC(*)[SH]([2H])([2H])([2H])Cl,17.305695
*CC(*)[SH]C(=O)NC(=O)Oc1ccc(/N=N/c2ccc(C)cc2)cc1,113.03691
*CC(*)[SiH2]C(=O)OCc1ccc(C(=O)N(C)C)cc1,85.36523
*CC(*)[Si](C)(C)OC(C)(C)C,-26.973953
*CC(*)[Si](C)(C)c1ccncc1O,37.27146
*CC(*)c1cc(-c2ccc(S(=O)(=O)O)c(OCCCC)c2)ccc1Oc1cc(F)ccc1Br,137.31071
*CC(*)c1cc(Br)c(Br)cc1OCC(CC)CN(C)S(=O)(=O)O,73.94779
*CC(*)c1cc(Br)cc(Cl)c1F,80.24256
*CC(*)c1cc(C#C)ccc1OCCCCCC,28.871056
*CC(*)c1cc(C#Cc2ccc(OCCOCC)cc2)cc(CCC)c1,84.9341
*CC(*)c1cc(C(=O)NC(C)CN)ccc1-c1ccccc1,110.57242
*CC(*)c1cc(C(=O)Nc2ccc([Si](C)(C)C)cc2)ccc1C(=O)O,147.97197
*CC(*)c1cc(C(=O)O)cc(C(=O)OCC(C)(C)C)c1,98.543365
*CC(*)c1cc(C(=O)O)cc([SH](C)(C)C)c1,134.1976
*CC(*)c1cc(C(=O)OC)ccc1COc1ccccc1N,107.241516
*CC(*)c1cc(C(=O)OCC)ccc1C(=O)O,115.11856
*CC(*)c1cc(C(=O)OCCC(C)CCC(C)C)ccc1OC(=O)c1ccc(O[Si](C)(C)C)cc1,50.864754
*CC(*)c1cc(C(=O)OCCC)c(C)cc1C,100.71156
*CC(*)c1cc(C(=O)OCCCCCC)ccc1C(=O)OCC,25.756897
*CC(*)c1cc(C(=O)OCCCCCCCC)cc(I)c1C,28.723732
*CC(*)c1cc(C(=O)OCCCCCCCCCCCC)cc([N+](=O)[O-])c1,34.943794
*CC(*)c1cc(C(=O)OCCCCCCCCCCCC)ccc1CCCCCCCCC,-22.921555
*CC(*)c1cc(C(=O)Oc2ccc(CNCCCCC)cc2)ccc1OCCCc1ccc(OC)cc1,65.29878
*CC(*)c1cc(C(=O)Oc2ccc(OCCOCC)cc2)ccc1OC(=O)CCCCCCO,25.872528
*CC(*)c1cc(C(C)(C)C)cc([Si](C)(C)C)c1,90.965385
*CC(*)c1cc(C(C)C(C)CCCC)ccc1C,56.171654
*CC(*)c1cc(C(F)(F)F)c(F)c(Cl)c1-c1ccc(F)c(Cl)c1F,96.942764
*CC(*)c1cc(C(F)(F)F)ccc1COC(F)(F)F,68.05646
*CC(*)c1cc(C)c(CO)c(C)c1C,132.15639
*CC(*)c1cc(C)c(CO)s1,89.25167
*CC(*)c1cc(C)c(COC)cc1OC,117.807365
*CC(*)c1cc(C)c(O)c(I)c1,117.55751
*CC(*)c1cc(C)c(OC)c(OCC(CC)CC)c1,67.27651
*CC(*)c1cc(C)c([N+](=O)[O-])c(C)c1C,175.6463
*CC(*)c1cc(C)cc(C(=O)OCCCCCCCCCCCCCCCCCCCC)c1,12.135727
*CC(*)c1cc(CC#N)c(CS(=O)(=O)O)cc1C,98.804825
*CC(*)c1cc(CC(C)C)c(C)cc1OCCCC,75.06563
*CC(*)c1cc(CC)cc(C(C)(C)C)c1,109.79657
*CC(*)c1cc(CO)ccc1C,109.594345
*CC(*)c1cc(COc2ccccc2)c(O)cc1O,97.16594
*CC(*)c1cc(Cl)c(C)c(Br)c1Cl,129.09665
*CC(*)c1cc(Cl)c(CC)cc1OC,123.38827
*CC(*)c1cc(Cl)c([O][Na])c(C=O)c1,121.31055
*CC(*)c1cc(Cl)cc(OC(C)CCCOCCCCCC)n1,3.7917328
*CC(*)c1cc(Cl)ccc1C(C)C,104.717926
*CC(*)c1cc(Cl)ccc1[Si](/C=C/c1ccccc1)c1ccccc1,131.2804
*CC(*)c1cc(F)c(-c2cc(Br)c(C)c(C(C)C)c2)cc1C,154.47977
*CC(*)c1cc(F)c(F)c(Br)c1Br,81.66739
*CC(*)c1cc(O)c(C(C)(C)C)cc1OCC,149.93803
*CC(*)c1cc(O)c(OC)cc1O,115.30429
*CC(*)c1cc(OC(C)=O)cc(N(C)C)c1,71.07324
*CC(*)c1cc(OC(C)CC)c(C)c(OC)c1Cl,98.47156
*CC(*)c1cc(OC)c(-c2ccccc2)s1,73.926056
*CC(*)c1cc(OC)c(/N=N/c2ccc(C(=O)c3ccccc3)cc2)cc1C(C)(C)C,158.88803
*CC(*)c1cc(OC)c(C=O)c([N+](=O)[O-])c1,114.58092
*CC(*)c1cc(OC)ccc1OCC(CC)c1c(F)c(F)c(F)c(F)c1F,91.0813
*CC(*)c1cc(OCC(CC)CO)c([2H])c([2H])c1Cl,61.44616
*CC(*)c1cc(OCC)c(OCCCCCC)cc1C,25.833366
*CC(*)c1cc(OCCCC)ccc1OCCCS(=O)(=O)[O][Na],62.144623
*CC(*)c1cc(OCCCCC)ccc1S(=O)(=O)O,51.567
*CC(*)c1cc(OCc2ccc(C#N)cc2)ccc1OC,134.24939
*CC(*)c1ccc(-c2ccc(-c3ccc(OC(CC)C[O][Na])cc3)cc2)cc1,133.09917
*CC(*)c1ccc(-c2ccc(OC)cc2)cc1C(C)CCCCCC,49.873085
*CC(*)c1ccc(/N=C/c2ccc(C#Cc3cccc(C)c3)cc2)cc1,178.429
*CC(*)c1ccc(C#Cc2ccccc2)cc1,101.902824
*CC(*)c1ccc(C(=O)CNCC(C)(C)C)cc1,73.68374
*CC(*)c1ccc(C(=O)NC(F)(F)C(F)(F)C(F)(F)C(F)(F)C(F)(F)C(F)(F)C(F)(F)C(F)(F)F)cc1,32.848114
*CC(*)c1ccc(C(=O)NCCCCN)cc1,75.628174
*CC(*)c1ccc(C(=O)NCCc2ccccc2)cc1,156.89056
*CC(*)c1ccc(C(=O)O)c(C(=O)OCCCCCCCCCCCCCC)c1,29.073608
*CC(*)c1ccc(C(=O)OC(C)=O)c(C#N)c1,92.10551
*CC(*)c1ccc(C(=O)OC(C)C[Si](C)(C)C)cc1,68.66385
*CC(*)c1ccc(C(=O)OCC(CCCCC)COCC)cc1,18.286606
*CC(*)c1ccc(C(=O)OCCCCCCCCCCCCOc2ccc([Se]C(C)CC)cc2)cc1,32.963493
*CC(*)c1ccc(C(=O)OCCCCCCOC(=O)c2ccc(OC(=O)[O][Na])cc2)cc1,33.104836
*CC(*)c1ccc(C(=O)OCCN(CC)c2ccc([N+](=O)[O-])cc2-c2ccccc2)cc1F,142.6834
*CC(*)c1ccc(C(=O)Oc2ccc(OCC(CC)CCCCCC)cc2)cc1,45.338043
*CC(*)c1ccc(C(C(=O)O)C(Cl)(C(=O)OCC)C(=O)OCC)cc1,102.491554
*CC(*)c1ccc(C(C(=O)OC)C(C)C)c(C)c1,118.227104
*CC(*)c1ccc(C(C)(C)C)cc1CC,128.30536
*CC(*)c1ccc(C(C)(C)C)cc1OC,132.67416
*CC(*)c1ccc(C(C)OC(C)COCC)cc1,46.8291
*CC(*)c1ccc(C(C=O)C(F)(F)C(F)(F)C(F)(F)C(F)(F)F)c(C)c1,62.260612
*CC(*)c1ccc(C(CC)CC)cc1,72.09652
*CC(*)c1ccc(C(CCCCCC)CCCCS(=O)(=O)Oc2ccc(I)cc2)cc1,64.25223
*CC(*)c1ccc(C(CCCCCCC)(C(=O)OCC(C)C)C(=O)OC(C)(C)O)cc1,55.794807
*CC(*)c1ccc(C(O)CN(CC)c2cc(S#N)c(Cl)cc2OCC)cc1,161.71785
*CC(*)c1ccc(C(OC)OC)cc1,74.57399
*CC(*)c1ccc(C(Sc2ccc(C#N)cc2)C(C)C)cc1,180.34175
*CC(*)c1ccc(C=COC(C)C)cc1,56.210526
*CC(*)c1ccc(C=NN[Si](C)(C)c2ccc(C#N)cc2)cc1,148.6155
*CC(*)c1ccc(C=O)c(OC(=O)OCCOc2ccc([N+](=O)[O-])cc2)c1,81.83178
*CC(*)c1ccc(CC(=O)OCc2ccccc2)cc1,65.19894
*CC(*)c1ccc(CC(C)C)cc1,67.582504
*CC(*)c1ccc(CCC(F)(F)C(F)(F)C(F)(F)C(F)(F)C(F)(F)C(F)(F)C(F)(F)C(F)(F)C(F)(F)F)cc1,-9.690384
*CC(*)c1ccc(CCCCCC(F)(F)C(F)(F)C(F)(F)C(F)(F)C(F)(F)C(F)F)cc1,2.922104
*CC(*)c1ccc(CCCCCCCCCC#N)cc1,-2.9792175
*CC(*)c1ccc(CCCCCCCCCCCCC)c(C(=O)OC)c1,4.481308
*CC(*)c1ccc(CCCCCCCCCCCCCCCCCC)cc1SCCCCCC,-21.092499
*CC(*)c1ccc(CCCCCCOc2ccc(-c3ccccc3)cc2)cc1,45.991272
*CC(*)c1ccc(CC[Si](C)(C)C)s1,8.954102
*CC(*)c1ccc(CO)c(OCC(C)F)c1,48.11503
*CC(*)c1ccc(COC(=O)CCCCC(=O)OCCCCCC)cc1,-13.689697
*CC(*)c1ccc(COC(=O)c2ccc(OCCCCCC)cc2)cc1,37.94188
*CC(*)c1ccc(COC(C)CCCCCCCC)nc1,-24.200638
*CC(*)c1ccc(COC(C)COCCOCCOCCOC)c(OC)c1,15.670746
*CC(*)c1ccc(COC(CO)COCCOCCN(CC)c2ccc(F)cc2)cc1,43.19361
*CC(*)c1ccc(COCC(C)(C)C#N)cc1,52.707863
*CC(*)c1ccc(COCCCCCCCCCCCCCCCCCCC)cc1,-23.820145
*CC(*)c1ccc(COCCCCCCCCOCCOCCOCCOCCOCCOCCOCCOCCOCCOCCOCCOC)cc1,9.221695
*CC(*)c1ccc(COCCCOCCOCCOC(F)(F)F)cc1,8.490601
*CC(*)c1ccc(COCCOCCOCCOC)s1,-11.807877
*CC(*)c1ccc(Cc2ccc(OC)cc2)c2ccccc12,126.3492
*CC(*)c1ccc(Cl)c(CNC(=O)CCCCC(C)(C)C)n1,28.63504
*CC(*)c1ccc(Cl)c(OC)c1[2H],98.8568
*CC(*)c1ccc(N(C)CCCCC)nc1,42.699593
*CC(*)c1ccc(NCCCCCCCCC(=O)Nc2ccc(C)cc2)cc1,89.11011
*CC(*)c1ccc(O)c(-c2ccc(S(=O)(=O)c3ccccc3)cc2C(F)(F)F)c1,160.10051
*CC(*)c1ccc(OC(=O)c2ccc(C(=O)O)cc2)cc1,116.37245
*CC(*)c1ccc(OC(=O)c2ccc(S(=O)(=O)OC(C)C)cc2)cc1,118.724464
*CC(*)c1ccc(OC(=O)c2ccccc2)cc1,98.96994
*CC(*)c1ccc(OC)cc1-c1ccccc1,115.32412
*CC(*)c1ccc(OC)cc1C(C)CC,69.19894
*CC(*)c1ccc(OCC(C)CCC)cc1,10.476395
*CC(*)c1ccc(OCC(F)(F)C(F)(F)C(F)(F)C(F)(F)C(F)(F)C(F)(F)Cl)s1,11.495758
*CC(*)c1ccc(OCCC(=O)OCCCCCCCCCCCCCCCC)cc1,-17.240555
*CC(*)c1ccc(OCCC(C)CC)cc1,11.133621
*CC(*)c1ccc(OCCCC)cc1OCCCCCCCCCCCC,-8.563797
*CC(*)c1ccc(OCCCCCCCCOc2ccc(C(=O)OC(C)OC(C)CO)cc2)cc1,31.44828
*CC(*)c1ccc(P(=O)(F)Cl)cc1,79.95955
*CC(*)c1ccc([N+](=O)[O-])c(C)c1C,182.23907
*CC(*)c1ccc([Si](C)(C)C)c(C(C)C)c1,98.50244
*CC(*)c1ccc([Si](C)(C)OCC(C)C)cc1,18.920708
*CC(*)c1ccc([Si](C)(C)[N+])cc1,58.06903
*CC(*)c1ccc([Si](C)(C)[Si](C)(C)O[Si](C)(C)C(=O)O[Si](C)(C)C)cc1,28.251144
*CC(*)c1ccc([Si](C)(C)c2ccc([N+](=O)[O-])cc2)c(C(=O)OCC(F)(F)C(F)(F)C(F)(F)F)c1,99.00224
*CC(*)c1ccc([Si](F)(F)C(F)(F)C(F)(F)F)cc1,6.3363495
*CC(*)c1cccc(C(=O)OCCOCCOCCOCCOCCOC)c1,1.3505249
*CC(*)c1cccc(C(=O)Oc2ccc(Br)cc2S(=O)(=O)O)c1,112.31364
*CC(*)c1cccc(COCCOC(=O)CCCCCCCCCCCCCC)c1,-24.650116
*CC(*)c1cccc([Si](C)(C)CCCCCC)c1,-39.41417
*CC(*)c1ccccc1-c1ccc(Cl)cc1Cl,98.71681
*CC(*)c1ccccc1/N=N/c1ccccc1C,113.28665
*CC(*)c1ccccc1C(=O)Nc1ccc(N)cc1,182.20361
*CC(*)c1ccccc1C(=O)c1ccccc1,77.2781
*CC(*)c1ccccc1C(OC)C(=O)NCC,82.50015
*CC(*)c1ccccc1CC(C#N)C#N,66.21545
*CC(*)c1ccccc1COC(C)(C)C,37.40242
*CC(*)c1ccccc1COCCOCCOCCOCCOC,1.5247345
*CC(*)c1ccccc1S(=O)(=O)Oc1ccc(Cl)cc1,79.70623
*CC(*)c1cccnc1C(=O)OCCCCC,15.079849
*CC(*)c1cnc(C(C)(C)C)c(Cl)c1,116.9456
*CC(*)c1cnccc1C(CCC(=O)OCC)C(=O)O,61.927948
*CC(*)c1cnccc1CCCCCCCCCCCC,-9.436203
*CC(*)n1c(C)cc(C)c1CC,94.30219
*CC(*)n1cc(C)c(C)n1,21.434586
*CC(/C=C/c1ccc(/N=N/c2ccc(C(=O)O*)cc2)cc1)OCC(C)Oc1ccc([N+](=O)[O-])cc1,150.74371
*CC(=*)NCCCCCCOCCCCCCOc1ccc(-c2ccc(OCCCCCCCCCCCCCC)cc2)cc1,12.170944
*CC(=C)[Si](C)(C)c1ccc(*)n1C(=O)c1ccccc1,56.064255
*CC(=C=C=*)CNC(=O)CC(F)(F)C(F)(F)C(F)(F)C(F)(F)C(F)(F)C(F)(F)C(F)(F)C(F)(F)C(F)(F)C(F)(F)C(F)(F)C(F)(F)C(F)(F)C(F)(F)F,-5.846573
*CC(=O)/C=N/c1ccc(C=*)cc1,82.168396
*CC(=O)C(*)=CC(=O)OCC(C)C,11.115494
*CC(=O)C(*)C#C,-6.646286
*CC(=O)C(*)CCC=CC=O,-36.137375
*CC(=O)C(*)CNC(=O)/C=C/C,136.54982
*CC(=O)C(*)OC(=O)c1ccccc1OC,24.576012
*CC(=O)C(F)(F)CC[N]1C=CC=C(C#N)[CH](*)[Sn]1,89.980865
*CC(=O)C(O)COc1ccc(C(C)(C)c2ccc(O*)cc2)cc1,54.87124
*CC(=O)C(O)COc1ccc(C(C)(C)c2ccc(OCCOc3ccc(S(=O)(=O)c4ccc(O*)cc4)cc3)cc2)cc1,95.47202
*CC(=O)C(O)COc1ccc(CC(C)(C)c2ccc(OC(=O)NC(c3ccc(O*)cc3)C(C)C)cc2)cc1,87.900536
*CC(=O)C(O)COc1ccc(OC(=O)c2ccc(O*)cc2)cc1,39.52472
*CC(=O)C(O)[Si](*)(C)C,10.194168
*CC(=O)C(c1ccc(C#N)cc1)c1ccc(N(Cc2ccc(C*)cc2)c2ccccc2)cc1,182.07632
*CC(=O)C1CCC(OC(=O)NCCN(*)CCCC)C1,28.362175
*CC(=O)CCCCCCCCC(=O)OCC(C)OC(=O)CCCCCOC(=O)c1ccc(O*)c(OC)c1,-11.085236
*CC(=O)CCCCCOC(=O)C(OC)C(OC)C(=O)O*,-19.320343
*CC(=O)CCCCCS(=O)(=O)CCCCC[Si](*)(C)NC,-23.133347
*CC(=O)CCOCC(Oc1ccccc1)C(=O)OC(=O)Cc1ccc(CO)c(-c2ccc(*)cc2)c1,38.04503
*CC(=O)CCc1ccc(CCO*)cc1,11.377731
*CC(=O)CNC(=O)C(C)=C(C)C(=O)O*,79.8476
*CC(=O)CNC(=O)CCCCCCCCC(=O)N/C=C/CCC[Si](*)(C)c1ccc(/N=N/c2ccc(C#N)cc2)cc1,66.70176
*CC(=O)CSC(=O)C1CCCN1*,49.804398
*CC(=O)N(*)c1ccc(CO)c(OCCCC)c1,73.81591
*CC(=O)N/C=C/C(=O)O*,144.31833
*CC(=O)N/C=C/c1ccc(C(=O)OCCOC(=O)c2ccc(C(*)=O)cc2)cc1,129.6896
*CC(=O)N/C=N/c1ccc(NC(=O)CCc2ccc(*)o2)o1,73.34476
*CC(=O)NC(=O)CC(CI)COC(=O)CCCCCC(=O)O*,-2.8223114
*CC(=O)NC(=O)O*,60.639374
*CC(=O)NC(C)N(*)C,116.59256
*CC(=O)NC(C)NC(=O)C(=O)NCCCCCCNC(=O)CCCCCCCCC(=O)NC(C)C(=O)NCCCCS*,37.214653
*CC(=O)NCC(=O)NCc1ccc(COC(=O)c2cccc(C(=O)O*)c2)cc1,124.63626
*CC(=O)NCC/C=C/CCCCC(=O)O*,31.524551
*CC(=O)NCC/C=C/c1ccc(*)cc1,123.467224
*CC(=O)NCC1CCC(*)C(COCc2ccccc2)C1,101.75099
*CC(=O)NCC1CCC(*)CC1,107.52341
*CC(=O)NCC1CNC(=O)C1*,136.06166
*CC(=O)NCC=CCC=CCCCCCCCP(C)(=O)CCC[Si](*)(C)C,-7.579834
*CC(=O)NCCC(=O)NCCC(=O)Nc1ccc(S(=O)(=O)c2ccc(C(=O)Nc3ccc(N4C(=O)c5ccc(*)cc5C4=O)c(C)c3)cc2)c(C)c1,211.91742
*CC(=O)NCCC(C)CNC(=O)C(=O)NCCCCCNC(=O)OCCCCCCOc1ccc(N(*)c2ccc(OCCCCCC)cc2)cc1,31.587654
*CC(=O)NCCCCCCCCCCCCNC(=O)/C=C/C=*,113.886696
*CC(=O)NCCCCCCCCCCCNC(=O)CSCCCCCCCCc1ccc(O*)cc1,30.862686
*CC(=O)NCCCCCCCCNC(=O)CCCc1ccc(C(=O)N*)cc1,90.72061
*CC(=O)NCCCCCCCNc1ccc(C(=O)NNC(=O)c2ccc(*)cc2)cc1,100.294106
*CC(=O)NCCCCCCNC(=O)C(O)C(Cl)(C#N)COC(=O)c1ccc(C(=O)O*)cc1,47.37902
*CC(=O)NCCCCCCNC(=O)CCCCCCOC(=O)C(=O)Nc1ccc(/C=N/c2ccc([N+](=O)[O-])cc2)cc1*,90.23721
*CC(=O)NCCCCCCNC(=O)CCCCCOC(=O)c1ccc(*)o1,-12.682785
*CC(=O)NCCCCCCNC(=O)CCCCOC(=O)O*,0.030639648
*CC(=O)NCCCCCCNC(=O)CCCCS(=O)(=O)CCC(=O)O*,22.718307
*CC(=O)NCCCCCCNC(=O)CCCOC(=O)C1CC(*)=CC(C)(C)C1,76.53303
*CC(=O)NCCCCCCNC(=O)c1ccc(C(=O)NCCNC(=O)c2ccc(C(=O)O*)cc2)cc1,89.74754
*CC(=O)NCCCCCCN[Se]C(=O)c1ccc(C(=O)N(*)CCC)cc1,98.47955
*CC(=O)NCCCCCCSSC(=O)O*,-7.271805
*CC(=O)NCCCNC(=O)C(C)C*,91.13391
*CC(=O)NCCCOCCOCCOCCOCOCC[N+](*)(C)c1ccc([N+](=O)[O-])cc1,16.234146
*CC(=O)NCCOCC(=O)Nc1ccc(CNC(=O)CSCCC(*)=O)cc1,70.19898
*CC(=O)NCCSCCCCCCNC(=O)OCCCCCCOCCOCCOCCOC(=O)O*,-22.145111
*CC(=O)NCNC(=O)C(F)(F)C(F)(F)C(F)(F)CC(F)(F)C(F)(F)C(F)(F)C(F)(F)C(F)(F)C(=O)NS*,39.816628
*CC(=O)NCNC(=O)CCCOS(=O)(=O)CCC(=O)O*,17.518822
*CC(=O)NCSCCCSCCSC(=O)N*,-17.568848
*CC(=O)NCc1ccc(COC(=O)CCCCCCCOC(=O)c2ccc(O*)cc2)cc1,37.03556
*CC(=O)NCc1ccc(NC(=O)CCCCCCCCC(=O)Nc2ccc(*)cc2)cc1,109.41359
*CC(=O)NN(C)C(=O)CCCCC(=O)N(*)CCCC,47.707695
*CC(=O)NNC(=O)CCC(=O)NCCCCCNC(=O)O*,41.21369
*CC(=O)NNC(=O)CCCCC(=O)NCc1ccc(O*)cc1,97.36554
*CC(=O)NNC(=O)CCCCCCCCNC(=O)c1ccc(OC(=O)c2cccc(C(=O)O*)c2)cc1,77.74611
*CC(=O)NNC(=O)CCCN(*)C,60.509865
*CC(=O)NNC(=O)CNC(=O)c1ccc(*)s1,158.5044
*CC(=O)NNC(=O)OCCCCCOC(=O)c1ccccc1NC(=O)CCCCO*,10.795013
*CC(=O)NNC(=O)c1ccc(Oc2ccc(-c3ccc(OC(=O)CCCCCCCCOC(=O)c4ccc(*)cc4)cc3)cc2)cc1,95.44422
*CC(=O)NNC(=O)c1cccc(C(=O)N*)c1,201.3563
*CC(=O)NNC(=O)c1cccc([Si](*)(C)C)c1,130.56805
*CC(=O)NNC(=O)c1ccccc1-c1ccccc1C(=*)OC,143.93826
*CC(=O)NNC(=O)c1cnc(O*)c(O)c1,169.00563
*CC(=O)NSCCCNC(=O)C(=O)N*,124.49273
*CC(=O)Nc1ccc(/N=N/c2ccccc2C(=O)NC(C)C(*)=O)cc1,173.137
*CC(=O)Nc1ccc(C(=O)Oc2ccc(O*)cc2)nc1,129.73605
*CC(=O)Nc1ccc(C[Si](C)(C)c2ccc(C(*)=O)cc2)cc1,150.17331
*CC(=O)Nc1ccc(NC(=O)CCC/C=C/c2ccc(N=*)cc2)cc1,151.92189
*CC(=O)Nc1ccc(NC(=O)CCCCCCCCOc2ccc(C(=O)C(*)C)cc2)cc1,69.07475
*CC(=O)Nc1ccc(OC(=O)c2ccc(*)cc2)c(C)c1,151.68626
*CC(=O)Nc1ccc(Oc2ccc(/N=C/c3ccc(O*)cc3)c(C(O)CO)c2)cc1,196.32742
*CC(=O)Nc1ccc(Oc2ccc(C(=O)OC(=O)c3ccc4c(c3)C(=O)N(*)C4=O)cc2C(=O)O)cc1[N+](=O)[O-],231.13551
*CC(=O)Nc1ccc(Oc2ccc(N(*)c3ccc(OC)cc3)cc2)cc1,192.61896
*CC(=O)Nc1ccc(Oc2ccc(NC(=O)CCCCC(=O)Nc3ccc(*)cn3)cc2)cc1,186.74323
*CC(=O)Nc1ccc(Oc2ccc(NC(=O)COCCOCCOCSC(*)=O)cc2)cc1,59.999123
*CC(=O)Nc1ccc(Oc2ccc(OC(=O)Oc3ccc(OC(=O)CSC(=O)c4ccc(O*)cc4)cc3)cc2)cc1,98.802216
*CC(=O)Nc1ccc(Oc2cccc(C(=O)Nc3cccc(*)n3)c2)cc1,214.64957
*CC(=O)Nc1ccc(Oc2cccc(OC(=O)c3cccc(O*)c3)c2)cc1,152.44159
*CC(=O)OC(=O)C(Oc1ncccc1C(*)=O)c1ccc(/C=C/c2ccc([N+](=O)[O-])cc2)cc1,159.57507
*CC(=O)OC(=O)C1CCN(*)C1,40.86335
*CC(=O)OC(=O)CC(*)=O,22.753883
*CC(=O)OC(=O)CCCCC(O)COc1ccc(C(C)(C)c2ccc(O*)cc2)cc1,32.647377
*CC(=O)OC(=O)CCCCCCCCC(=O)NOC(=O)c1ccc(NC(=O)c2ccc3c(c2)C(=O)N(*)C3=O)cc1,75.2076
*CC(=O)OC(=O)CCCOC(=O)c1ccccc1O*,9.036041
*CC(=O)OC(=O)COC(=O)c1ccc(O*)cc1,37.658882
*CC(=O)OC(=O)NCCNC(=O)OCCc1ccc(CNC(=O)O*)cc1,30.687958
*CC(=O)OC(=O)c1ccc(C(=O)OCCCC)cc1*,59.94275
*CC(=O)OC(=O)c1ccc(S(=O)(=O)c2ccc(-c3ccncc3O*)cc2)cc1,130.73453
*CC(=O)OC(=O)c1ccc(Sc2ccc(C(=O)O*)cc2)cc1,99.36963
*CC(=O)OC(=O)c1cccc(C(=O)OCCCCCCOc2ccc(-n3c(=O)c4cc5c(=O)n(*)c(=O)c5cc4c3=O)cc2F)c1,154.24393
*CC(=O)OCCCCCCCCCCOC(=O)c1ccc(CO*)cc1,15.51474
*CC(=O)OCCCCCCCCOC(=O)c1cccc(C(=O)OCCOc2ccc(N3C(=O)c4ccc(*)cc4C3=O)cc2)c1,76.55086
*CC(=O)OCCCCCCOC(=O)OCCCCCCCOCC(=O)NCCCO*,-22.273743
*CC(=O)OCCCCCCOC(=O)c1ccc(C(=O)NCCCCCNC(=O)c2ccc(O*)cc2)cc1,29.221016
*CC(=O)OCCCCCCOC(=O)c1ccc(C(=O)Oc2ccc(-n3c(=O)oc4cc(*)ccc4c3=O)cc2)cc1,79.50808
*CC(=O)OCCCCOC(=O)c1cccc(C(=O)Nc2ccc(C(=O)c3cccc(*)n3)cc2)c1,57.82876
*CC(=O)OCCN(CC(C)CCOC(=O)c1ccc(*)cc1)OC,2.8181152
*CC(=O)OCCN(CC)N(*)C,12.138916
*CC(=O)OCCOC(=O)/C=C/c1ccc(/N=C/c2ccc([N+](=O)[O-])cc2)cc1OC(=O)CCCCCCCCC(=O)O*,45.890556
*CC(=O)OCCOC(=O)CCc1ccc(CCCC(=O)O*)cc1,-6.365204
*CC(=O)OCCOC(=O)NCCCCNC(=O)OCc1cnc(*)[nH]1,-6.124939
*CC(=O)OCCOC(=O)c1ccc(/N=N/c2ccccc2NC(=O)CCCCCOC(=O)c2ccc(C(=O)O*)cc2)cc1,42.73178
*CC(=O)OCCOCCOCCOC(=O)CCS*,-75.44646
*CC(=O)OCCOCCOCCOCCOC(=O)c1ccc(C(=O)O*)cc1,-10.879105
*CC(=O)OCOC(=O)C(=O)N1CCN(*)C1,59.660896
*CC(=O)Sc1ccc(/C=C/c2ccc(N(C)CCCCCCOc3ccc(-c4nnc(*)o4)cc3)cc2)cc1,100.23322
*CC(=O)[N+](*)(C)CC,8.043976
*CC(=O)c1ccc(C(=O)N(NC(=O)c2ccc(O*)cc2)c2ccc([N+](=O)[O-])cc2)cc1,190.96239
*CC(=O)c1ccc(NC(=O)c2ccc(C(=O)O*)cc2)cc1,151.39218
*CC(=O)c1ccc(S(=O)(=O)c2ccc(NC(=O)NCCCCCCNS(=O)(=O)O*)cc2)cc1,76.40882
*CC(=S)NCCC(=O)N*,59.853416
*CC(C#C)(CCOC(=O)c1ccc(O*)cc1)OCC(=O)OCCCCCCOc1ccc(-c2ccc(/N=N/c3ccccc3)cc2)cc1,58.747993
*CC(C#C)C(CC)CC(C)(C)CNC(=O)c1cccc(C(=O)N*)c1,127.990906
*CC(C#CC#N)C(=O)N*,14.122574
*CC(C#CC(*)([2H])Cl)OC(C)(C)CC(F)(F)F,0.71517944
*CC(C#CC)(CC)CCS[Se]*,-11.263245
*CC(C#Cc1ccccc1)O*,-11.273102
*CC(C#N)(C*)CC(=O)OCCCC,51.334244
*CC(C#N)(CCOC(=O)OC)C(*)C(=O)OC,27.047653
*CC(C#N)(COC(=O)NC(=O)CCCCC(=O)O*)OC,22.64833
*CC(C#N)C(=O)NCCCCCCCCC(=O)N*,88.659546
*CC(C#N)C(=O)Nc1ccc(*)cc1,133.35306
*CC(C#N)C(=O)OCC1CC1C1COC(*)OC1,69.01383
*CC(C#N)CNC(=O)CCCCCCCCCCC(=O)NCC(=O)O*,40.639046
*CC(C(=O)OC(OC(C)(C)CC(=O)O*)C(C)(C)C)C(C)C,30.428223
*CC(C(=O)OCC)C(*)C(=O)OCc1ccc(C)cc1,70.27116
*CC(C(=O)OCCCCCCCCCCCO*)C(=O)OC(C)=O,-33.640762
*CC(C(=O)OCCCCCCOC(=O)c1ccccc1*)=C(CO)COC(=O)c1ccccc1,3.163147
*CC(C(C)C)C(CC)C(*)(C)C(=O)OCc1ccccc1,107.984116
*CC(C)(C#C)CC(=O)N*,76.62233
*CC(C)(C#N)C(=O)C1CCC(OC(=O)Nc2ccc(/N=N/c3ccc(C(=O)O*)cc3)cc2)C1C(=O)O,123.17882
*CC(C)(C#N)CSC(=O)O*,47.396423
*CC(C)(C(C)C)[Si](*)(C)C,66.82709
*CC(C)(C)/N=C(\C)C(=O)Nc1ccc(NSC(=O)CCCCC(=O)Nc2ccc(-c3ccc(C(=O)O*)cc3)cc2)cc1,127.118515
*CC(C)(C)C#CC(=O)NCC=CCC(=O)N*,85.63316
*CC(C)(C)C(=*)CCC(=O)OCCCC,-15.575027
*CC(C)(C)C(=*)CSCCCCCCOC(=O)c1ccc(OC(=O)NCCCCCCCCCC)cc1,-4.9370117
*CC(C)(C)C(=O)NCCCSCCNC(=O)C(COC(=O)c1cccc(C(=O)O*)c1)c1ccc(/N=N/c2ccc([N+](=O)[O-])cc2)cc1,77.322235
*CC(C)(C)C(=O)NCc1ccc([Si](C)(c2ccccc2)c2ccc(N(CC)C(=O)NCCCCCCCCCCNC(=O)c3ccc(*)cc3)cc2)cc1,78.40793
*CC(C)(C)C(C)(C)C(*)C(=O)OCc1ccc(C)c(C)c1,124.157425
*CC(C)(C)C(C)C(*)C(=O)OC(F)(F)C(F)(F)C(F)(F)C(F)(F)C(F)(F)C(F)(F)C(F)F,20.136894
*CC(C)(C)C(C)CCCC(=O)N*,27.641006
*CC(C)(C)C(O)CN(C)C(=O)CCCC(=O)N(*)C,63.886772
*CC(C)(C)C([2H])C(=O)NC(Cc1ccc(Cl)cc1)C(*)C(=O)OCCCC,108.68078
*CC(C)(C)CC(C(=*)CCC)C(=O)NC(=O)CCCCCCCC,14.88414
*CC(C)(C)CC(C)(O)COC(=O)c1ccc(NC(=O)CCCCC(=O)S*)cc1,21.469208
*CC(C)(C)CCCCC(=O)NCCCCCCNC(=O)CCCCC(=O)N*,23.799797
*CC(C)(C)CCCCOC(=O)CCC(C)(C)COC(=O)O*,-37.63028
*CC(C)(C)CCCOC(=O)SNC(=O)CCCC(=O)NCCCCCNC(=O)C(CC(=O)O*)CC(C)C,10.334839
*CC(C)(C)CNC(=O)/C(=C/CC(=O)N*)CN=C(C)C,112.34327
*CC(C)(C)CNC(=O)C(CC)C(C)S*,67.1817
*CC(C)(C)CNC(=O)CCCCCCC(=O)NCCSCCNC(=O)C(=O)N*,28.192513
*CC(C)(C)CNC(=O)CCCCCCCCCOCCO*,5.402664
*CC(C)(C)CNC(=O)CCc1ccc(C[SH](=O)N(*)CC)cc1,99.71452
*CC(C)(C)CNC(=O)NCCCCCCN*,37.670013
*CC(C)(C)CNC(=O)NCCCCCCNC(=O)NCCCCCCCCCCC(*)=O,56.063774
*CC(C)(C)CNC(=O)c1ccc(C(=O)NCCCNC(=O)c2ccc(C(=O)N*)cc2)cc1,167.71313
*CC(C)(C)COC(=O)C(=O)OCCCCCOc1ccc(C(=O)c2ccc(O*)c(O)c2)cc1C,38.38153
*CC(C)(C)COC(=O)C(CC(C)(C)C=C(*)C(F)(F)F)C(F)(F)C(F)(F)F,54.29367
*CC(C)(C)COC(=O)C(CC(C)C)C(C)CCC(=O)O*,6.8824615
*CC(C)(C)COC(=O)C(CCCCCCOc1ccc(/N=N/c2ccc(C#N)cc2)cc1)C(=O)O*,62.781105
*CC(C)(C)COC(=O)CC(=N)C(=O)NCC(C)(C)c1cccc(O*)c1,44.34587
*CC(C)(C)COC(=O)CC(=O)NCCOC(=O)c1cccc(/N=N/c2cccc(C(=O)O*)c2)c1,60.15072
*CC(C)(C)COC(=O)COCCOCCOCCOCCO*,-21.782822
*CC(C)(C)COC(=O)NC1CCCCN1C(=O)OC(=O)C(COC(=O)N(*)C)OCCCCCC,41.36853
*CC(C)(C)COC(=O)Nc1ccc(Cc2ccc(Cl)cc2)cc1C(*)=O,147.3743
*CC(C)(C)COC(=O)OCCOC(=O)OCc1ccc(COC(=O)CCCCCCC(=O)O*)cc1,-6.326767
*CC(C)(C)COC(=O)Oc1ccc(C(C)(C)c2ccc(OCCCC)cc2)c(NC(=O)O*)c1,71.78112
*CC(C)(C)COC(=O)c1ccc(C(=O)NCC(O)COc2ccc(/N=N/c3ccc(O*)cc3)cc2)cc1,102.04268
*CC(C)(C)COC(=O)c1ccc(C(C)(C)c2ccc(C(C)(C)c3ccc(C(=O)NCCCCO*)cc3)cc2)cc1,86.98993
*CC(C)(C)COC(=O)c1ccc(NC(=O)COc2ccc(C(=O)O*)cc2)cc1,86.49431
*CC(C)(C)COC(=O)c1cccc(C(=O)NCCSCCCCCCCCCCCC)c1*,-2.1104584
*CC(C)(C)COC(=O)c1cccc(COc2ccc(C(=O)O*)cc2)c1,80.560936
*CC(C)(C)CS(=O)(=O)CC(*)=C,53.130478
*CC(C)(C)C[NH][Fe][C](=O)C1CCN(*)CC1,103.58351
*CC(C)(C)N(C)C(C)O*,44.661804
*CC(C)(C)NC(=O)C1CCC(C(=O)N/C=C/NC(=O)O*)CC1,139.31773
*CC(C)(C*)CCOCCOCCOCCOCCOC,-32.543472
*CC(C)(CC(C)=O)C(*)C(=O)OC,104.69475
*CC(C)(CC)C(=O)NCCCCC(=O)NNC(=O)c1ccc(C(=O)NC2CCN(*)C2)cc1,153.64777
*CC(C)(CC)C(=O)NCCCCCCNC(=O)CCCCC(=O)NNC(=S)C(=O)N*,69.786026
*CC(C)(CC)CCCNC(=O)O*,44.9057
*CC(C)(CC)CN(C)C(=O)CCC(F)(F)C(F)(F)C(F)(F)COC(=O)CCCCC(=O)O*,-33.357132
*CC(C)(CC)COC(=O)C1CCCC(C(=O)O*)CC1,49.24357
*CC(C)(CC)COC(=O)CCCCCC(=O)OCC/C=C(/*)C,0.54849243
*CC(C)(CC)COC(=O)CCCCCCC(=O)O*,-36.307297
*CC(C)(CC)COC(=O)CCCCCCOC(=O)CCCCCCCCC(=O)O*,-33.58612
*CC(C)(CC)COC(=O)Nc1ccc(NC(=O)OCCO*)cc1,55.089394
*CC(C)(CC)COC(=O)c1ccc(O*)cc1C(C)C,77.091156
*CC(C)(CC)COc1ccc(C(C)(C)c2ccc(S(*)(=O)=O)cc2)cc1,146.25923
*CC(C)(CCC)COC(=O)N(*)CC,27.070427
*CC(C)(CCC)COC(=O)Nc1ccc(Cc2ccc(CNC(=O)CCC)cc2)cc1*,111.57745
*CC(C)(CCC)CSC(=O)NCCCCCCCCCCNC(=S)N*,48.91868
*CC(C)(CCOC(=O)NSC(=O)O*)c1ccc(/N=N/c2ccc(OCCCCCC)cc2)cc1,56.05208
*CC(C)(CCOc1ccc(C(=O)Nc2ccc(CN(C)C(=O)CCCCCCCCC(=O)O*)cc2)cc1)COc1ccc(N(C)C)cc1,61.268738
*CC(C)(CCS*)Cn1c2ccccc2c2ccccc21,84.18793
*CC(C)(CCl)C(F)(F)C(F)(F)C(F)(F)C(=O)N*,59.44837
*CC(C)(CCl)CNC(=O)CCCCCCCCC(=O)N*,36.403572
*CC(C)(CCl)COC(=O)CCCCS(=O)(=O)CCCCCCC(=O)N*,2.2642822
*CC(C)(CCl)COC(=O)NCC(C)(C)C(=O)OCCOc1ccc(C(=O)/C=N/c2ccc(C(=O)O*)cc2)cc1,93.689964
*CC(C)(CCl)COC(=O)NCc1ccc(CSC(=O)O*)cc1,58.430946
*CC(C)(CCl)COC(=O)Nc1ccc(C)c(NC(=O)O*)c1,113.21656
*CC(C)(CCl)COC(=O)c1ccc(-c2ccc(C(=O)S*)cc2)cc1,96.56389
*CC(C)(CO*)CC(C)CO,14.9010315
*CC(C)(CO*)CN(C)C,15.258499
*CC(C)(CO*)COc1ccc(/N=N/c2ccc(-c3ccc(O)cc3)cc2)cc1,113.32418
*CC(C)(CO*)OCCC[N+](C)(C)C,-27.379272
*CC(C)(COC(=O)C(*)=O)Oc1ccc(-c2cccc(OC)c2)cc1,65.538246
*CC(C)(COC(=O)Nc1cccc(*)c1)c1cc(C)ccc1O,132.7527
*CC(C)(COC(=O)O*)OC,23.56607
*CC(C)(COC(=O)[Si](C)(C)C)NNC(=O)CCCCC(*)=O,-8.4952545
*CC(C)(COC(=O)c1ccc(C(*)=O)cc1)OC(F)(F)F,118.514534
*CC(C)(COC(=O)c1ccc(C(*)=O)cc1)c1ccc(OCCCCCCCC)cc1,78.87084
*CC(C)(COC(=O)c1ccc(C(=O)O*)cc1)C(=O)OC,92.55226
*CC(C)(COc1ccc(C)cc1)C(*)C(=O)OCCOCc1ccccc1,74.17713
*CC(C)(CSC)C(CCCCC)O*,4.115799
*CC(C)(CSC)C(O*)C(=O)[N+](F)(Cl)Cl,25.06189
*CC(C)(NC(=O)C(=O)N*)C(=O)OCCCC,131.88603
*CC(C)=C(OC)[Si](*)(C)CCC(=O)O,31.186417
*CC(C)C(*)C(=O)OCc1ccccc1,81.61928
*CC(C)C(=O)NCCCCCNC(=O)C(=O)N*,123.52349
*CC(C)C(C#N)(C*)CCCCO,40.557243
*CC(C)C(C)C(*)(C)Cc1ccccc1,86.76378
*CC(C)C(C)C(=O)NCC(=O)N*,164.13477
*CC(C)C(C)CCN(*)C,7.6970673
*CC(C)C(C)CCNC(=O)CCc1ccc(C)cc1C(=O)N*,108.785065
*CC(C)C(C=C=C(*)C#N)c1ccccc1,55.414047
*CC(C)C(COC(=O)N*)c1cc(OCC)ccc1-c1ccc(OC)cc1,85.15567
*CC(C)C(O*)OC(C)(C)C,-29.18924
*CC(C)CC(=O)NNC(=O)c1ccc(C(=O)NNC(=O)CCCCCCOC(=O)c2ccc(*)s2)cc1,76.14551
*CC(C)CC(C)CC(C#CC)C*,41.049133
*CC(C)CC(C)COC(=O)O*,-34.64032
*CC(C)CC(C)NC(=O)CCCCC(=O)S*,22.074364
*CC(C)CCC(O*)C(C)[N+](C)(C)C,-4.783539
*CC(C)CCCOC(=O)CCCCC(=O)OCCCCOC(=O)c1cc(O*)cc(C(F)(F)F)c1,-1.9811249
*CC(C)CCCSC(=O)Nc1ccc(CCNC(=O)CCc2ccc(C(=O)S*)cc2)cc1,97.501755
*CC(C)CCC[Si](*)(C)c1ccc(C)cc1C,-11.700058
*CC(C)CCOC(=O)Nc1ccc(CCCCCCCCCC(C=C)CCC)cc1C(=O)O*,13.339859
*CC(C)CC[N+](C)(C)CS*,-34.876266
*CC(C)CC[PH](C)(C)CCCOC(=O)Nc1ccc(Cc2ccc(NCc3ccc(NC(*)=O)cc3)cc2)cc1,96.41704
*CC(C)CNC(=O)C(CCCCCC)C(=S)N*,26.975815
*CC(C)CNC(=O)CCCNC(=O)O*,43.893288
*CC(C)CNC(=O)CCCS(=O)(=O)CCC(=O)N*,57.19448
*CC(C)CNC(=O)OCCCCCCOC(=O)O*,-19.690979
*CC(C)CNC(=O)c1ccc(C(=*)OC)cc1,140.9352
*CC(C)COC(=O)CCC(C)CC(=O)O*,-28.289688
*CC(C)COC(=O)c1ccccc1C(=O)O*,43.812477
*CC(C)OC(=O)C(C)NC(=O)O*,29.121162
*CC(C)OC(=O)CCCCCCC(=O)O*,-15.233444
*CC(C)OC(=O)NCCCCC(C)NC(=O)NCCCCCCNC(=O)O*,25.107178
*CC(C)OC(=O)O*,-22.691635
*CC(C)SC(=O)C(CC(C)C)=NNC(=O)C(C)(C)NC(=O)CCCC(=O)N*,72.61721
*CC(C)c1ccc(*)cc1CC#CC([2H])(F)F,46.726273
*CC(C)c1ccc(C#N)cc1*,113.20517
*CC(C*)(CCl)COC(=O)C(C)=O,45.02561
*CC(C*)(CO)OC,28.861214
*CC(C*)=C(Cl)OC(C)O,71.79863
*CC(C*)CCCCCCCCCCC,-60.3282
*CC(C*)COCCCCCCOCCOC,-55.72641
*CC(C*)Cn1ccc(C)c1,36.170357
*CC(C=C(*)C#C[Si](C)(C)CCCCC)CCC,-43.493454
*CC(C=C)(C*)CC(C)C,73.04706
*CC(C=C)(CO*)COCCO,18.550354
*CC(C=CC=CCCCCCO[Si](*)(C)C)(CCl)c1ccccc1,-14.384003
*CC(CC#N)CCS(=O)(=O)CCCCCCCCC(=O)O*,-17.541702
*CC(CC(*)(C#N)C#N)c1ccc(OC)cc1,82.23737
*CC(CC(*)(C(F)(F)F)C(F)(F)C(F)(F)F)C(F)(F)F,22.26841
*CC(CC(*)(C(F)(F)F)C(F)(F)F)C(=O)OCCS,33.32862
*CC(CC(*)(C)C)C(=O)OCCCC,6.0842896
*CC(CC(*)(C)CC)C(F)Cl,20.706688
*CC(CC(*)(O)O)c1ccc(/N=N/c2ccc(C(=O)OC(F)(F)F)cc2)cc1,105.71947
*CC(CC(*)(OC(C)C)C(C)C)OC(=O)CCCC,0.9924469
*CC(CC(=O)OCCOCc1ccccc1)C(*)=O,10.212418
*CC(CC(=O)[O][Na])C(C)NC(=O)c1ccc(C(=O)N*)cc1,162.52829
*CC(CC(C#N)(C*)CC)OC(=O)C(F)(F)F,39.290375
*CC(CC(C#N)C(=O)OC)C(=O)O*,8.141586
*CC(CC(C)(C#N)C(=O)O*)c1ccc(OCC(C)CCCC)cc1,37.357864
*CC(CC(C)(C)C)C(C)C[Si](*)(C)CCC,-19.488571
*CC(CC(C)(C)C)S*,16.13826
*CC(CC(C)(C)C)c1ccc(OCCOC(=O)c2cccc(C(=O)O*)c2)cc1,72.71016
*CC(CC(C)(C)CCC(=O)N*)c1ccccc1,67.25189
*CC(CC(C)C(*)=O)C(C)(C)C,86.807526
*CC(CC(C)C)C(C)(c1ccccc1)C(C=C)S*,78.320175
*CC(CC(C)C)C(C=C)[Si](*)(C)C,28.96054
*CC(CC(C)CCC(=O)OCCCCCCCCCCC)C(=O)O*,-42.742615
*CC(CC(CO*)[N+](C)=O)C(F)(F)F,47.908836
*CC(CC)(CBr)C(C)CNC(=O)CC(C)C(=O)N*,128.6386
*CC(CC)(CC(*)=O)C(=O)OCCC,82.47394
*CC(CC)(CC)C(C)C(=O)O*,101.46019
*CC(CC)(CC)COC(=O)OCCCCCCCCCCOc1[nH]c(-c2ccc(/C=N/c3ccc([N+](=O)[O-])cc3)cc2)cc1C(=O)O*,73.795784
*CC(CC)(CC)COC(=O)c1ccc(C(=O)OCc2ccc(O*)cc2)cc1C(=O)Oc1ccc(-c2ccccc2)cc1,99.39307
*CC(CC)(CC)COC(=O)c1cccc(S(=O)(=O)c2cccc(C(=O)O*)c2)c1,89.03479
*CC(CC)(CC)[Si](*)(CC)CC,43.936874
*CC(CC)(CCCCCC)C(C(=*)C)C(=O)OCCOC,13.996063
*CC(CC)(CCCCCCCC)C(=O)N*,-7.0825806
*CC(CC)(CCCCNC(=O)C(C)C)C(=O)O*,31.348808
*CC(CC)(CCCCNC(=O)C(C)CCCCCCCCCCC(=O)N*)COc1ccc(/N=N/c2ccccc2)cc1,34.971733
*CC(CC)(CCOC(=O)N*)c1ccc(/N=N/c2ccc(CNCCCC)cc2)cc1,63.612267
*CC(CC)(CCSC)S(*)(=O)=O,85.98765
*CC(CC)(CC[N+](C)(C)C)CO*,39.035316
*CC(CC)(CCl)S*,43.165627
*CC(CC)(CO*)CC(C)CCCOCC(F)(F)C(F)(F)C(F)(F)C(F)(F)C(F)(F)F,-2.8002625
*CC(CC)(CO*)CO[Si](C)(C)C,-38.507355
*CC(CC)(COC(=O)NCCCCCC)C(=O)N*,24.169556
*CC(CC)(COCCOC)O*,-6.7084503
*CC(CC)C(C)(C)COC(=O)NCCNC(=O)NCS(=O)(=S)c1ccc(C(C)(C)c2ccc(C(=O)O*)cc2)cc1,99.84726
*CC(CC)C(C)N(*)C(=O)Nc1ccc(N)cc1,216.67001
*CC(CC)C(CC)C(CO)COC(=O)CCCCC(=O)S*,-16.641937
*CC(CC)CC(C)CC[Si](*)(C)C,-32.954178
*CC(CC)CC1C[IH]C(*)C1,60.4858
*CC(CC)CN(C)CCOC(=O)CCCCC(=O)O*,-43.863235
*CC(CC)CNC(=O)NC(=O)N*,172.92801
*CC(CC)CP(=O)(C=COC)COC(=O)c1ccc(C(=O)O*)cc1,29.494347
*CC(CC)CS(=O)(=O)CC(C)(C)C(C)(C)C(*)=O,81.29811
*CC(CC)N(*)C(=O)C(F)(F)C(F)(F)C(F)(F)C(F)(F)C(F)(F)F,61.916176
*CC(CC)S(=O)(=O)c1ccc(Cc2ccc(C(=O)N*)cc2)cc1,158.56435
*CC(CC)c1ccc(S(*)(=O)=O)cc1,172.44836
*CC(CC=CCCCCC)COC(=O)c1ccc(C(=O)O*)cc1,13.4565735
*CC(CCC(=O)O)C(=O)NCCCOC(=O)c1ccc(NC(=O)CCCCC(=O)NSCCC(=O)O*)cc1,11.010345
*CC(CCC(=O)OCC)C(*)CCCCCCC,-67.80893
*CC(CCC(F)(F)C(F)(F)C(F)(F)C(F)(F)F)C(F)(F)C(F)(F)C(F)(F)C(*)([2H])F,-31.08229
*CC(CCC)(COC(=O)c1ccccc1*)Oc1ccc(/N=N/c2ccc(C#N)cc2)cc1,112.42223
*CC(CCC)(COCCCCCC)SC(=*)CCCCN,-36.28131
*CC(CCC)CSC(*)c1ccncc1,42.716423
*CC(CCCC#Cc1ccccc1)CCCCCCCCOc1ccc(-c2ccc(OCc3ccc(*)cc3)cc2)cc1,61.82242
*CC(CCCC)(CCCCCCCCCCCC)COC(=O)CCCC(=O)N*,-27.644394
*CC(CCCC)C(C)(C)CSS*,10.828339
*CC(CCCC)COC(*)=O,1.9125366
*CC(CCCC)COC(=O)CCCCCC(=O)OCCOC(=O)c1ccc(C(=O)O*)cc1,14.198227
*CC(CCCC)COC(=O)NCc1ccc(CNC(*)=O)cc1,85.11431
*CC(CCCC)C[N+](C)(C)CCC(=O)N*,11.531036
*CC(CCCCC(=O)O*)COC(=O)C(=O)OC,-26.597794
*CC(CCCCC)C(CC)CCO*,-36.755417
*CC(CCCCC)CC(C)COC(=O)CCCCC(=O)O*,-40.068115
*CC(CCCCCC)C(*)(C(=O)O)C(O)COc1ccc(-c2ccc(-c3ccc(OC(=O)c4ccccc4Oc4ccccc4)cc3)cc2)cc1,127.50107
*CC(CCCCCC)C1CSN(CCCCCCCCCCCCCC[SiH](C)CCC(=O)N*)C1=O,-1.6534424
*CC(CCCCCC)CC(O*)c1ccccc1,7.059067
*CC(CCCCCC)CSC(=O)Nc1ccc(NC(=O)NCCCCCCNC(=O)c2ccc(C(=O)O*)cc2)cc1,59.000168
*CC(CCCCCC)N(*)C(=O)CCC,3.6437073
*CC(CCCCCCC)(CCCCCCCCCC)COC(=O)c1ccc(C(=O)O*)cc1,5.1019897
*CC(CCCCCCC)C(CCCCCCCC)CCC(=O)S*,-55.809418
*CC(CCCCCCCC)C(=O)C(*)C,-33.72615
*CC(CCCCCCCC)COC(=O)NCC(C)CCC(=O)O*,-34.671707
*CC(CCCCCCCC)N(*)CCC(F)(F)F,-30.578064
*CC(CCCCCCCCC)C(CCC(=O)Nc1cccc(C)c1)CC(*)=O,21.058472
*CC(CCCCCCCCC)CNC(=O)CCCCCC(=O)N*,-3.7593842
*CC(CCCCCCCCCC)C(=*)CCCCCCCC,-68.63377
*CC(CCCCCCCCCC)COC(=O)c1ccc(C(C)(C)c2ccc(C(=O)O*)cc2)cc1,47.25202
*CC(CCCCCCCCCCC)(CCSC=N)CO*,-36.743347
*CC(CCCCCCCCCCC)C(=O)Nc1ccc(C)c(NC(=O)N*)c1,74.40424
*CC(CCCCCCCCCCC)CCCCCCC(C)C#Cc1ccc(CNC(=O)CCCCCCCOC(=O)c2cc(Cl)c(O*)cc2C)c(C)c1,28.058777
*CC(CCCCCCCCCCCCC)COC(=O)c1ccc(C(C)(CC)c2ccc(-c3ccc(C(=O)O*)cc3)cc2)cc1,55.517525
*CC(CCCCCCCCCCCCCCC)CSC(=O)NCCCSCCNC(*)=O,-16.61171
*CC(CCCCCCCCCCCCCCCC)C(=*)CCCCCCCCCCC(=O)BCC,-26.60347
*CC(CCCCCCCCCCCCCCCCCC)CCCCCCC(=O)O*,-53.57962
*CC(CCCCCCCCCCCCCCCCOc1ccccc1)NC(=O)CCC(C)CC(=O)N*,16.965866
*CC(CCCCCCCCCCCCCCOc1ccc(-c2ccc(OC)cc2)cc1)COC(=O)c1ccc(C(=O)O*)cc1,43.012245
*CC(CCCCCCCCCCCCOc1cccc(/N=N/c2ccccc2)c1)C(=O)O*,14.022659
*CC(CCCCCCCCCCCC[N+](C)(C)C)O*,-35.391235
*CC(CCCCCCCCCCCOc1ccc(C(=O)O)cc1)C(=O)O*,0.53645325
*CC(CCCCCCCCCCOc1ccc(-c2ccc(O*)cc2)cc1)Oc1ccccc1,16.16594
*CC(CCCCCCCCN)C(=O)CO*,-29.330856
*CC(CCCCCCCCOc1ccc(-c2ccc(OCCCCOCCCCCS*)cc2)cc1)c1ccccc1,7.259186
*CC(CCCCCCCCOc1ccc(/N=C/c2ccc(/N=C/c3ccc(*)cc3)cc2)cc1)c1ccc(OC)cc1,85.80998
*CC(CCCCCCCCOc1ccc(C(=O)OCC)cc1)C(=O)OCc1ccc(COC(=O)CCCCCCCCC(=O)O*)cc1,8.725861
*CC(CCCCCCCOC(=O)NCCCCCCNC(=O)O*)CC(C)(C)C,-6.627014
*CC(CCCCCCCOc1ccc([N+](=O)[O-])cc1)c1ccc(N(*)c2ccc(C)cc2)cc1,88.92005
*CC(CCCCCCN(*)C)C(O)C(F)(F)F,-21.166656
*CC(CCCCCCOC(=O)OCc1ccc(/N=C/c2ccc(C(*)=O)cc2)cc1)c1ccc(/N=N/c2ccc([N+](=O)[O-])cc2)cc1,106.99807
*CC(CCCCCCOc1ccc(-c2ccc(O*)cc2)cc1)CCSC,18.056282
*CC(CCCCCCOc1ccc(/N=N/c2ccc(C#N)cc2)cc1)COC(=O)CCCCCCCCCCC(=O)O*,13.74469
*CC(CCCCCCOc1ccc(/N=N/c2ccc([N+](=O)[O-])cc2)cc1)NC(=O)CCCCCCC(=O)Nc1ccc(Cc2ccc(NC(=O)O*)cc2)cc1,100.480446
*CC(CCCCCCOc1ccc(C#N)cc1)C(C)(C)CCCO*,10.3337555
*CC(CCCCCCOc1ccc(N(C)C#N)cc1)C(CCCC)c1ccc(*)cc1Br,68.61641
*CC(CCCCCOc1ccc(-c2ccc(OCC)cc2)cc1)O*,9.804062
*CC(CCCCCOc1ccc(/N=N/c2ccc([N+](=O)[O-])cc2C)c(C(*)=O)c1)CC(C)C,119.39434
*CC(CCCCOC(=O)CCCCCCC(=O)O*)c1ccc(CCCCCCCC)cc1,-44.959274
*CC(CCCCOC(=O)O*)c1ccccc1,-12.896408
*CC(CCCCOc1ccc(/C=N/c2ccc(CSCc3ccc([N+](=O)[O-])cc3)cc2)cc1)C(=O)O*,95.84938
*CC(CCCCOc1ccc(/N=N/Nc2ccccc2C)cc1)NOCOC(=O)c1ccccc1-c1ccccc1C(=O)O*,54.760628
*CC(CCCCOc1ccc(C#C)cc1)CC(*)c1cccc(O)c1,46.09884
*CC(CCCCSC(=O)O*)c1ccccc1,4.556732
*CC(CCNC(=O)C(=O)N*)c1ccc(/N=N/c2ccc(C#N)cc2)cc1,152.39127
*CC(CCNC(=O)c1ccc(C(=O)O*)cc1)(COCCCC)C(C(=O)O)C(=O)O,91.82713
*CC(CCOC(=O)C(CS)C(=O)O*)C[SiH](C)C,4.975342
*CC(CCOC(=O)Nc1ccc(-c2ccc(C(=O)O*)cc2)cc1)COc1ccc(/N=N/c2ccc(C#N)cc2)cc1,114.07695
*CC(CCOC(=O)O*)(COC)C(C)C,4.701248
*CC(CCOC(=O)c1ccccc1)C(C)C(=O)O*,10.875702
*CC(CCOC)(COC(=O)N(*)C(C)C)OCCOCC,4.5504456
*CC(CCSC(=O)Nc1ccc(C)c(NCC(=O)O*)c1)c1ccc(C(=O)OCCC)cc1,117.61152
*CC(CCSC(=O)O*)C(=O)OC(C)CC,-17.890411
*CC(CCl)(C(=O)OCCC(F)(F)F)C(=O)OCCC(F)(F)C(F)(F)C(F)(F)C(F)(F)C(F)(F)C(=O)N*,23.69548
*CC(CCl)(CCC)C(*)=O,105.44821
*CC(CCl)(CCCCCCCC)COC(=O)NCCCSCCCCSCCNC(=O)O*,-18.614822
*CC(CCl)(CCOCCOCCOC)[Si](C)(C)CC(C)(C)C(=O)O*,1.0675201
*CC(CCl)(CO*)COCC(O)C(=O)OCC,16.910904
*CC(CCl)(COC(=O)c1ccc(Cc2ccc(C(C)(C)c3ccc([N+](=O)[O-])cc3)cc2)cc1)C(=O)O*,127.21644
*CC(CCl)(CS#N)C(=O)OC(C)(C)COC(=O)c1ccc(*)nc1,32.938164
*CC(CCl)(O*)OC(C)(C)c1ccccc1,-0.9171448
*CC(CCl)(O*)OCCOc1ccc(C(C)C)cc1Br,34.62628
*CC(CCl)C(*)=O,23.265411
*CC(CCl)C(C)CC(N)(CCl)C(=O)O*,52.21994
*CC(CCl)C(C)NC(=O)CCCCCCCCC(=O)O*,18.037148
*CC(CF)(CBr)COC(=O)C(C)=C(C(=O)O*)c1cccc(C)c1,61.131287
*CC(CF)CC(C)C=C(C(*)=O)C(=O)O,80.2383
*CC(CI)(OC)C(=O)O*,59.716072
*CC(CN(*)C(=O)OC(C)=O)C(=O)OCCCCC,-32.923492
*CC(CN)(CO*)COCCC(C)C,-20.946426
*CC(CNC(=O)CCCCCCCCO*)COc1ccc(N(C)c2ccc(C)cc2)cc1,25.005234
*CC(CO)(C(=O)O)C(*)COC(=O)C(C)(C)C,47.694542
*CC(CO)(CCl)CSC(=O)NCCCNC(=O)O*,45.16204
*CC(CO)(CO*)OCCCCCCCCCCCCCCC,-52.941956
*CC(CO)(NC(=O)O*)SC(C)(C)C,74.13035
*CC(CO)(O*)OCc1ccc(Cl)cc1,16.197952
*CC(CO)CS(=O)(=O)c1ccc(C#Cc2ccc(C(*)Cl)cc2)cc1C,138.8208
*CC(CO*)(C(=O)O)C(=O)OCCOCCCCOCC[Si](C)(C)C,-9.810867
*CC(CO*)(CC(C)C)c1ccccc1,58.534637
*CC(CO*)(COC(=O)OC)C(=O)OC,-5.0393066
*CC(CO*)(COC)C(O)C(C)(O)O,35.206444
*CC(CO*)(COCC#N)CC(C)C,4.398651
*CC(CO*)(COCCN(C)CCCOc1ccc(/N=N/c2ccc(OC)cc2)cc1)c1ccccc1C(C)C,50.80596
*CC(CO*)(COc1ccccc1)OCCCCCCCCCC,-36.981674
*CC(CO*)(CSC(=O)O)C(=O)OCCCC,11.972427
*CC(CO*)(CSCC)CSCCC,-8.148941
*CC(CO*)(CSSC(=O)c1ccccc1O)C(=O)OCC,34.7782
*CC(CO*)(OC(=O)CCCC)C(=O)OC,0.4346466
*CC(CO*)C(C(=O)OC)C(=O)OCCCCCC,-16.045883
*CC(CO*)C(OC)C(C)=O,30.418526
*CC(CO*)COC(F)(F)F,-15.306595
*CC(CO*)COCBr,-56.038345
*CC(CO*)COCCOCCOCCOCC,-47.361053
*CC(CO*)COc1ccc(/N=N/c2ccc([N+](=O)[O-])cc2)cc1,125.82131
*CC(CO*)OCCCCCCCCCCCCCC#N,-34.51915
*CC(CO*)OCCOCCOCCOCC,-53.54602
*CC(CO*)[N+](OOCCC(F)(F)C(F)(F)F)O[Si](C)(C)C,-44.50351
*CC(COC(*)=O)C(C)C(C)O,27.502388
*CC(COC(=O)C(C)(C)N)C(=O)O*,46.973633
*CC(COC(=O)CCCCCC(=O)O*)C(=O)OCC,-24.024124
*CC(COC(=O)N*)OC,24.507431
*CC(COC(=O)NCC)N(*)C(=O)OCCCCC,-13.385864
*CC(COC(=O)NCCCC)C(*)C,43.878143
*CC(COC(=O)NCCCCC(=O)O*)C(=O)OCC(C)(C)C,-3.7919312
*CC(COC(=O)NCCCCCCCC)C(*)S(=O)(=O)Oc1ccc(Cl)cc1,14.291107
*CC(COC(=O)NCCCCCCCCCNC(=O)O*)c1cccnc1,17.824944
*CC(COC(=O)NCCCCCCNC(=O)O*)Oc1ccc(/C=C/c2ccccc2)cc1,45.85917
*CC(COC(=O)NCCSCCSC(=O)O*)OCC([2H])(C([2H])(F)F)C(F)(F)C(F)(F)C(F)(F)F,-6.2242584
*CC(COC(=O)Nc1ccc(-c2ccccc2)cc1)C(=O)S*,79.12832
*CC(COC(=O)Nc1ccc(CCc2ccc(N)cc2)cc1)C(*)=O,100.16487
*CC(COC(=O)O*)OC(C)SC,-22.140152
*CC(COC(=O)O*)c1ccncc1,30.30735
*CC(COC(=O)OC(C)=O)C(=*)NC(=O)OCCCCCCCC,-20.492996
*CC(COC(=O)OCC)C(C)(O*)Oc1ccccc1,32.137115
*CC(COC(=O)c1ccc(C(=O)O*)cc1)CSC,72.50439
*CC(COC(=O)c1ccc(C(=O)OCC(F)(F)COC(=O)c2ccc(C(=O)O*)cc2)cc1)c1ccc([N+](=O)[O-])cc1,86.278885
*CC(COC(=O)c1ccc(OC)cc1)Oc1ccc(C(C)(C)c2ccc(C(=O)O*)cc2)cc1,81.01462
*CC(COC(=O)c1cccc(C(*)=O)c1)OCc1ccccc1,96.09213
*CC(COC(=O)c1cccc(O*)c1)COc1ccc(C(=O)OC)cc1,52.59752
*CC(COC(=O)c1ccccc1)COC(=O)c1ccc2cc(C(=O)O*)ccc2c1,75.14616
*CC(COC(=O)c1ccccc1C(=O)O*)OC(=O)CC,41.70128
*CC(COC(=O)c1ccccc1C(=O)OCCOC(=O)OCCOC(=O)O*)c1ccc(/N=N/c2ccc([N+](=O)[O-])cc2)cc1,52.838142
*CC(COC(C)=O)C(*)OC,-3.2076874
*CC(COC(C)=O)[Si](C)(C)C(*)=O,28.16362
*CC(COC(C)=O)c1ccc(C(CCCCC)c2ccc(C(=O)O*)cc2)cc1,58.22583
*CC(COC(C)Cl)OP(=O)(C[Si](*)(C)C)C(C)C,-6.8580933
*CC(COC(C)Oc1ccc(C=NC(=O)[O][Na])cc1)C(=O)OC(=O)N1CCN(*)CC1,68.55249
*CC(COC)C(=O)OC1COC(*)O1,30.096603
*CC(COC)OCCCCOC(=O)c1ccc(OCCCNC(*)=O)cc1,23.964966
*CC(COCC(*)(C(=O)OC(C)(C)C(=O)OC)C(Cl)OC(C)=O)C(OC(C)(C)C)C(=O)OC,58.75065
*CC(COCC(=O)O*)C(C)C(C)C,2.9798737
*CC(COCC(F)(F)C(F)(F)C(F)(F)C(F)(F)C(F)(F)F)C(*)(C)C,-26.93303
*CC(COCCCCCC(=O)O*)OCC(F)(F)C(F)(F)C(F)(F)C(F)(F)C(F)(F)C(F)(F)C(F)(F)C(F)(F)C(F)(F)C(F)(F)C(F)(F)C(F)(F)C(F)(F)C(F)(F)F,-61.288025
*CC(COCCCCCC)COC(=O)CC1CCC(C(=O)N*)CO1,10.976318
*CC(COCCCCOC(=O)NCCCCCS*)CC(=O)OCCCCCCCCCC,-25.646866
*CC(COCCOC#N)C(=O)N*,-10.972733
*CC(COCCOC(=O)O*)c1ccc(C)cc1,-23.301392
*CC(COCCOC(=O)SCCC)C(=O)O*,-23.74057
*CC(COCCOC)OC(C)COC(=O)Nc1ccc(C)cc1C(=O)O*,28.955559
*CC(COCc1ccccc1)C(*)O[Si](C)(C)c1ccc(F)cc1,5.47995
*CC(CO[Si](C)(C)C)C(Cc1ccccc1)C(=O)O*,4.3150177
*CC(CO[Si](C)(C)C)OC(=O)c1ccc(NC(=O)O*)cc1,33.13421
*CC(COc1cc(Cl)cc(N(C)c2ccc(O*)cc2)c1)C(C)(C)C,97.5824
*CC(COc1ccc(-c2ccc(Sc3ccc(C#Cc4ccc(*)cc4)cc3)cc2)cc1)c1ccc(/N=N/c2ccc([N+](=O)[O-])cc2)cc1,201.66101
*CC(COc1ccc(-c2ccccc2)cc1)OCCCCCCCCCCOc1ccc(-c2ccc(O*)cc2)cc1,46.539436
*CC(COc1ccc(/N=C/c2ccccc2)cc1)C(*)c1ccc(O)cc1,125.07157
*CC(COc1ccc(/N=N/c2ccc(*)cc2)cc1)OCCCCCCCC,44.736755
*CC(COc1ccc(C(=O)OCC(C)NC(*)=O)cc1)c1ccccc1,79.37556
*CC(COc1ccc(C(=O)OCCOCCOCCOCCOCCOCCOCCOCCOCC#N)cc1)C(=O)O*,-4.0593414
*CC(COc1ccc(C(C)(C)O)cc1)Oc1ccc(-c2ccc(*)cc2)cc1,97.26663
*CC(COc1ccc(C(C)(C)c2ccc(O*)cc2)cc1)c1cccnc1,108.1929
*CC(COc1ccc(C(C)C)cc1)C(*)=O,65.90275
*CC(COc1ccc(Cl)cc1)(O*)N1CCCCC1,80.12116
*CC(COc1ccc(OC(=O)CCC(=O)OCc2ccc(OCCCCOc3ccc([N+](=O)[O-])cc3)cc2)c(C(=O)O*)c1)NC(=O)CC(C)CO,34.206093
*CC(COc1ccc(S(=O)(=O)c2ccc(/N=N/c3ccc([N+](=O)[O-])cc3)cc2)cc1)C(*)C,161.15878
*CC(COc1ccccc1)C(C(*)=O)C(=O)O,87.97642
*CC(COc1ccccc1)[SH]C(=O)O*,37.19258
*CC(COc1ccccc1C(C)CC)C(=O)OC1CC1OC(*)O,42.561073
*CC(COc1ccccc1C)N(C(=O)CCCS*)c1ccccc1,56.79728
*CC(COc1ccccc1OCc1ccccc1)C(CC)CO*,44.20182
*CC(CS(=O)(=O)CCCN)C(=O)O*,26.353401
*CC(CSCCCCCC)C(=O)OC(C)(C)COC(CO)C(=O)OCC(F)(F)CC(F)(F)C(F)(F)C(F)(F)C(F)(F)C(F)(F)C*,-19.74263
*CC(CSCCCCCCCC)CC(C)CC(=O)N*,-19.589752
*CC(CSCCS(=O)(=O)CCCCC(=O)N*)c1ccc(/N=N/c2ccc(C#N)cc2)cc1,50.732346
*CC(Cc1ccccc1)C(*)C(=O)N(NC(=O)OC)C(C)C,119.90293
*CC(Cc1ccccc1)C(C(=O)O)c1ccc(/N=N/c2ccc(C(=O)O*)cc2)cc1,136.75797
*CC(Cc1ccccc1)C(C)CC(C)(C)C(C)C(=O)C(O)C(=O)NNC(=O)C(=O)N*,124.58081
*CC(Cc1ccccc1)C1C(=O)N(CCCCCCCC)C(=O)C1*,29.030624
*CC(Cc1ccccc1)Nc1ccccc1C(C)CCC(=*)OCC,45.260628
*CC(Cl)(C=*)CCC(F)(F)C(F)(F)C(F)(F)C(F)(F)C(F)(F)C(F)(F)C(F)(F)C(F)(F)F,-13.611664
*CC(Cl)(CO*)C(=O)OC[SiH](C)C(C)C,44.09131
*CC(Cl)(OC)C(*)(C)C,44.32802
*CC(Cl)C(*)(C)C(=O)OCc1ccc(C(C)(C)C)cc1,125.27
*CC(Cl)C(*)(F)C(=O)OCC(F)(F)C(F)(F)C(F)(F)C(F)(F)Cl,53.65748
*CC(Cl)C(*)([2H])Cl,-6.544113
*CC(Cl)C(*)OC(=O)CCCCCCCCCCC,-21.898056
*CC(Cl)C([2H])(F)C(=O)N(*)C,104.26989
*CC(Cl)CC(*)(O)C(F)(F)F,55.65853
*CC(Cl)OC(=O)CCc1ccc(C(=O)O*)c(C)c1C,58.955345
*CC(F)(C(=*)C(F)(F)F)C(F)(F)F,41.085068
*CC(F)(Cl)C1C(=O)N(C#N)C(=O)C1*,111.609146
*CC(F)(F)C(*)(C)C(=O)OCCCC(F)(F)C(F)(F)C(F)(F)C(F)(F)F,20.90268
*CC(F)(F)C(*)(Cl)C(=O)OC(F)(F)C(F)(F)C(F)(F)C(F)(F)C(F)(F)C(F)(F)F,-12.566132
*CC(F)(F)C(*)(F)OC(F)(F)COC(F)(F)C(F)(F)C(F)(F)F,-43.6754
*CC(F)(F)C(*)(F)OC(F)(F)Cl,-17.336243
*CC(F)(F)C(=O)N(*)CCSSC,45.0213
*CC(F)(F)C(F)(F)C(*)(F)OCC(F)(F)C(F)(F)F,-22.002808
*CC(F)(F)C(F)(F)C(=O)N(*)OC(C)OC(C)(C)C,54.492897
*CC(F)(F)C(F)(F)C(F)(F)C(=O)O*,9.435211
*CC(F)(F)C(F)(F)C(F)(F)C(F)(F)C(F)(F)C(F)(F)C(=O)O*,1.7773743
*CC(F)(F)C(F)(F)C(F)(F)C(F)(F)C(F)(F)C(F)(F)C(F)(F)C(F)(F)C(F)(F)C(*)(O)OC(F)(F)F,-37.416718
*CC(F)(F)C(F)(F)C(F)(F)C(F)(F)C(F)(F)C(F)(F)C(F)(F)C(F)(F)COC(=O)CCCCCCCCCC(=O)O*,-37.628204
*CC(F)(F)C(F)(F)C(F)(F)C(F)(F)C(F)(F)C(F)(F)C(F)(F)CC(F)(F)C(F)(F)C(F)(F)C(F)(F)COC(=O)/C=C/C(=O)O*,-5.1835938
*CC(F)(F)C(F)(F)C(F)(F)C(F)(F)C(F)(F)C(F)(F)C(F)(F)CCC(F)(F)C(F)(F)C(F)(F)C(F)(F)C(F)(F)COC(=O)O*,-58.28737
*CC(F)(F)C(F)(F)C(F)(F)C(F)(F)C(F)(F)C(F)(F)C(F)(F)COC(=O)CCC(C)(C)NC(=O)N*,7.3880005
*CC(F)(F)C(F)(F)C(F)(F)C(F)(F)C(F)(F)COC(=O)NSCCNC(=O)O*,7.171097
*CC(F)(F)C(F)(F)C(F)(F)C(F)(F)C(F)(F)COC(=O)c1ccc(C(=O)NCCOCCCCCOCCOCCN(*)CC)cc1,-4.893326
*CC(F)(F)C(F)(F)C(F)(F)C(F)(F)C([2H])=C(*)C(=O)OC(C)(C)C,71.472595
*CC(F)(F)C(F)(F)C(F)(F)C(F)(F)CC(F)(F)COc1ccc(C(=O)c2ccc(C(=O)c3ccc(O*)cc3)cc2)cc1,63.83928
*CC(F)(F)C(F)(F)C(F)(F)C(F)(F)CCC(O)C(F)(F)C(=O)OC(=O)C(F)(F)C(F)(F)C(F)(F)C(F)(F)C(F)(F)C(*)(F)F,-34.753906
*CC(F)(F)C(F)(F)C(F)(F)C(F)(F)CCCC(F)(F)CCCCC(=O)NCC([2H])=C(C)COC(=O)CCCCC(=O)O*,-9.59198
*CC(F)(F)C(F)(F)C(F)(F)C(F)(F)[Si](*)(C)CC(C)C,-31.56215
*CC(F)(F)C(F)(F)C(F)(F)CN(*)CC,-11.757309
*CC(F)(F)C(F)(F)C(F)(F)CN(CCN[Si](C)(C)C)C(=O)C1=CC(=O)N(*)CC1,89.823715
*CC(F)(F)C(F)(F)C(F)(F)COC(=O)CC/C=C/CC(=O)O*,14.681641
*CC(F)(F)C(F)(F)C(F)(F)COC(=O)CCCCCCC(=O)OCCC(F)(F)C(F)(F)C(*)(F)F,-28.418518
*CC(F)(F)C(F)(F)C(F)(F)COC(=O)CCCCN(C)C(=O)N*,-2.5724792
*CC(F)(F)C(F)(F)C(F)(F)COC(=O)N(*)Cc1ccccc1,24.01403
*CC(F)(F)C(F)(F)C(F)(F)COC(=O)NCCSCCCCNC(=O)O*,-8.226959
*CC(F)(F)C(F)(F)C(F)(F)COC(=O)c1cccc(*)c1,14.1033325
*CC(F)(F)C(F)(F)C(F)(F)CS(*)(=O)=O,-2.3895264
*CC(F)(F)C(F)(F)C(OC(=O)O*)c1ccc(C)cc1,24.870926
*CC(F)(F)C(F)(F)CCC(F)(F)C(F)(F)COC(=O)CCCCC(=O)N(*)C,-10.701691
*CC(F)(F)C(F)(F)CNC(=O)CCCC(=O)N(*)CC(F)(F)C(F)(F)F,57.141693
*CC(F)(F)C(F)(F)COC(=O)C(C)NC(=O)C(CCC)CC(=O)O*,39.426018
*CC(F)(F)C(F)(F)COC(=O)CC(C)CNC(=O)/C=C(/*)CCCO,49.37178
*CC(F)(F)C(F)(F)COC(=O)CCCCC(=O)OCCCNC(=O)CCCC(=O)N(*)CC,-9.533371
*CC(F)(F)C(F)(F)COC(=O)CCCCCCCCC(=O)OC(C)COC(=O)NC[Si](C)(C)CCCCOCCCCOCCOC(=O)N*,-17.536087
*CC(F)(F)C(F)(F)COC(=O)N(CCC)C(=O)OC(C)C(CO*)OC,20.619476
*CC(F)(F)C(F)(F)COC(=O)NCCSCCCNC(=O)O*,-15.701477
*CC(F)(F)C(F)(OCCOC(=O)O*)c1ccc(OC)cc1,7.255249
*CC(F)(F)CC(*)(F)C(F)(F)C(F)(CC(F)F)C(F)(F)F,-5.890503
*CC(F)(F)CC(F)(F)C(F)(F)C(F)(F)C(=O)N(*)C,10.538834
*CC(F)(F)COC(=O)NCCc1ccccc1CNCC(=O)O*,45.266846
*CC(F)(F)CO[Si](*)(C)CCC[N+](C)(C)CCC,-60.69594
*CC(F)S(*)(F)Cl,-24.56137
*CC(I)(C(=O)O*)C(F)(F)C(F)(F)C(F)(F)C(F)(F)C(F)(F)C(F)F,24.563484
*CC(N)C(=O)NC(=O)CCCCC(=O)N1CCN(*)CC1,70.4517
*CC(N)C(S)C(=O)N([SiH]C)C(=O)O*,112.75125
*CC(N*)c1ccccc1N,113.642784
*CC(NC(=O)C(C)(C)C(=O)O*)c1ccc(F)cc1,138.98314
*CC(NC(=O)CCCCC(*)=O)c1ccc(/N=N/c2ccc(C#N)cc2)cc1,107.7391
*CC(NC(=O)CCCOC(=O)Nc1ccc(NC(=O)O*)cc1)c1ccc(/N=N/c2ccc(C(C)C)cc2)cc1,118.12378
*CC(NC(=O)N*)OCCCCCC,23.827736
*CC(NC(=O)c1ccc(C(C)(C)c2ccc(C)c(C(*)=O)c2)cc1)OCCOC,130.5107
*CC(NC(=O)c1ccccc1)C(=O)NCCCCCNC(=O)CCCCCCC(=O)N*,52.292862
*CC(NC(C)=O)C(SC)N(*)CCCCCC,8.444489
*CC(N[Si](*)(CCl)C(=O)O)C(C)(C)CC,44.598236
*CC(Nc1ccc(*)cc1)OCCCCCCCC,-0.10240173
*CC(Nc1ccccc1)C(C(=O)OCCC)C(*)C(C)CCOc1ccccc1,69.729416
*CC(O)(CO*)c1ccccc1,75.83848
*CC(O)C(*)C(=O)OCCCc1ccccc1,59.195526
*CC(O)C(*)OC(=O)CCCCCCCCC(=O)OCCOCCOCCOCCOCCOC,-28.324295
*CC(O)C(=O)OCCCCCCOC(=O)C1CCC(=O)N1*,19.902374
*CC(O)C(C)(C)COC(=O)c1ccc(C(C)(C)C)c(*)c1C,105.83443
*CC(O)C(F)(F)C(F)(F)C(F)(F)C(F)(F)CCC(F)(F)C(F)(F)COC(=O)CCCC(=O)N*,-18.897324
*CC(O)C(N)C(=O)NCCN(*)C,118.40193
*CC(O)C(O)=C(*)Cl,54.600464
*CC(O)C(O)C(O)CS(=O)(=O)C*,55.625084
*CC(O)C(O)CN(*)C(C)C,19.737991
*CC(O)C(O)CN(C)CC(O)COc1c(C)cc(C(C)(C)c2cc(F)c(O*)c(Br)c2)cc1Cl,120.89072
*CC(O)C(O)COC(=O)CCCCCNC(=O)c1ccc(C(=O)O*)cc1,30.030373
*CC(O)C(OC)OC(Cl)C(=O)OC1CCCC1*,36.444626
*CC(O)CC(*)c1cccnc1,64.16574
*CC(O)CC(C)(C#N)C(=O)OCCCCCCOCCCCCCOC(=O)c1ccc(/N=N/c2ccc(C(=O)O*)cc2)cc1,41.401634
*CC(O)CC(C)(C)COC(=O)OC(=O)/C=C/C(=O)NNC(=O)c1ccccc1O*,92.539215
*CC(O)CC(C)(OC(C)=O)c1ccc(C(=O)O*)cc1,67.44663
*CC(O)CC(C)NCCS(=O)(=O)CCC[Si](*)(C)C,-11.509277
*CC(O)CC(C)P(=O)(O*)O[Si](C)(C)CC,-25.646515
*CC(O)CC(NC(=O)O*)C(CC)CC,69.50573
*CC(O)CC(O)CN(C)C(=O)c1ccc(C(=O)NNC(=O)CCCCC(=O)NCC(C)(C)C(*)=O)cc1,96.24074
*CC(O)CC(O)CN(CCOC(=O)CCCCC(=O)N(C)CCC)C(=O)C(CO)C(*)=O,-1.9372711
*CC(O)CC(O)COc1ccc(-c2ccc(OCCN(CC)c3ccc(O*)cc3)cc2)cc1,87.788025
*CC(O)CC([2H])(Cl)C(=O)N*,65.72374
*CC(O)CCCCOC(=O)c1ccc(C(=O)O*)cc1,27.802963
*CC(O)CCCN(C#N)C(=O)NCCCCCCNC(=O)N(*)CC,27.54097
*CC(O)CCN(CC)C(=O)NCc1ccccc1C(*)=O,104.86961
*CC(O)CN(*)C(C)c1ccc(Br)cc1,102.40698
*CC(O)CN(*)C(F)(Cl)Cl,7.0120087
*CC(O)CN(*)OC,-20.923264
*CC(O)CN(*)OCC(F)(F)C(F)(F)C(F)(F)C(F)(F)F,-30.385452
*CC(O)CN(*)c1cc(Br)ccc1OCCO,79.09613
*CC(O)CN(*)c1ccc(C)c(Cl)c1,79.45237
*CC(O)CN(*)c1ccc(C[N+]S(=O)(=O)[O][Na])cc1,102.44548
*CC(O)CN(C(=O)O*)c1ccc(C)cc1,87.05582
*CC(O)CN(C)C(=O)CCCCCN1CCN(*)C1,21.966873
*CC(O)CN(C)O[Si](C)(C)N[Si](C)(C)O*,-66.335754
*CC(O)CN(C)O[Si](C)(C)c1ccc(C#Cc2ccc(*)s2)o1,2.1752167
*CC(O)CN(C)S(=O)(=O)SC(=S)NC(=O)C1CC(*)C1,54.519783
*CC(O)CN(C)c1ccc(C(C)(C)c2ccc(O*)c(S(=O)(=O)O)c2)cc1C(C)(C)C,115.94878
*CC(O)CN(C)c1ccc(CSS(=O)(=O)CCCCC(=O)Nc2ccc(NC(=O)C(=O)NNC(=O)c3ccc(C(=O)N(*)c4ccccc4)cc3)cc2)cc1,139.80385
*CC(O)CN(C)c1ccc(OCc2ccccc2)cc1OC(=O)C(CCCC)O*,33.204178
*CC(O)CN(C)c1ccc([Si](C)(C)C(F)(F)C(F)(F)COC(=O)c2cccc(C(=O)O*)c2)cc1,49.79586
*CC(O)CN(CC(=O)OCC(C)OS(=O)(=O)C(F)(F)C([2H])(F)F)OC(=O)c1cccc(C(=O)NNC(=O)c2ccc(O*)cc2)c1,76.501564
*CC(O)CN(CC)c1ccccc1C(=O)O*,65.864044
*CC(O)CN(CCC)OC(=O)C(C)(C)CC(C)(C)CC(=O)O*,33.93892
*CC(O)CN(CCCC)c1ccc(-c2ccc([N+](=O)[O-])cc2)cc1*,154.32854
*CC(O)CN(CCOC(=O)Nc1ccc(Cl)cc1)C(=O)O*,46.340034
*CC(O)CN(CCOc1ccc(/N=N/c2ccc(Cl)cc2)cc1)C(C)=NC([PH])=C(c1ccccc1)c1ccc([Si](C#C)c2ccc(/N=N/c3ccc(S(=O)(=O)c4ccc(*)cc4)cc3)cc2)cc1,172.1787
*CC(O)CN(CCOc1ccc(/N=N/c2ccc(S*)cc2)cc1)c1ccccc1,131.67267
*CC(O)CN(c1ccc(OC)cc1)c1ccc(N(c2ccccc2)c2ccc(/N=C/C(=*)Nc3ccccc3)cc2)cc1,196.52788
*CC(O)CNC(=O)CCCC(=O)NC(CCOC(=O)O*)COCC[N+](C)(C)C,-6.768036
*CC(O)CNC(=O)CCCOCCCCCCCCCCCCC(=O)O*,-15.1983795
*CC(O)CNc1ccc(NC(=O)c2ccc(C(=O)O*)cc2)cc1,128.619
*CC(O)COC(=O)C(C)/C=C(/*)C,54.999603
*CC(O)COC(=O)C(C)CCCCCCC(=O)O*,-21.808609
*CC(O)COC(=O)C(Cc1ccccc1)OC(=O)CCCOC(=O)c1ccc(OC(=O)c2ccc(C(=O)O*)cc2)cc1,42.488396
*CC(O)COC(=O)C1CCN(C(=O)OC2CCC(O*)CC2)CC1,38.249435
*CC(O)COC(=O)CC(CC(C)C)C(=O)O*,-22.656235
*CC(O)COC(=O)CCC(C)CC(=O)NC(CCCC)C(=O)NC(C)S(*)=O,49.966515
*CC(O)COC(=O)CCCCCC(=O)OCCCCOC(=O)c1ccc(OCCOC(=O)O*)cc1,-9.622009
*CC(O)COC(=O)CCCCCCCCC(=O)OCC(O)COc1ccc(S(=O)(=O)c2ccc(O*)cc2)cc1,19.237335
*CC(O)COC(=O)CCCCCCCCCCCCCCC(=O)OC(=O)c1ccc(C(=O)O*)cc1,10.619751
*CC(O)COC(=O)CCCCS(=O)(=O)CCC(=O)O*,-26.767685
*CC(O)COC(=O)Cc1ccc(CC[Si](C)(C)O[Si](C)(C)OC(C)(C)O*)cc1,3.174408
*CC(O)COC(=O)NCC(OC)OC(=O)OCc1cc(OC(C)=O)cc(*)n1,9.219788
*CC(O)COC(=O)NCCCCCCCNC(=O)O*,8.175034
*CC(O)COC(=O)Nc1ccc(CC[Si](C)(C)c2ccc(C(=O)O*)cc2)cc1,58.403725
*CC(O)COC(=O)Nc1ccc(NC(=O)OCCCCCOC(=O)c2ccc(O*)cc2)cc1,38.028404
*CC(O)COC(=O)OCC1COCC(*)OC1,26.926498
*CC(O)COC(F)(F)COC(=O)CCCCCC(F)(F)C(F)(F)C(F)(F)CN(C)C(=O)O*,-22.033173
*CC(O)COP(=O)(O*)OCCS(=O)(=O)Oc1ccc(-c2ccc([N+](=O)[O-])cc2)cc1,51.48049
*CC(O)CO[Si](C)(C)OC(C)COC(*)COC(C)C,-44.93312
*CC(O)COc1c(Cl)cc(Cl)cc1OC(=O)O*,46.95852
*CC(O)COc1cc(C(=O)NC(=O)c2ccc(*)cc2)c(OC(=O)c2ccc(SCCCCC)cc2)c(C(C)C)c1,111.98787
*CC(O)COc1ccc(/C=N/c2ccc(O*)c(NCCC)c2)cc1C(C)=O,109.21013
*CC(O)COc1ccc(/C=N/c2ccc([N+](=O)[O-])cc2)cc1C(=O)O*,140.56824
*CC(O)COc1ccc(C(=O)CNc2ccc(O*)cc2)cc1,75.93566
*CC(O)COc1ccc(C(=O)NCCCOC(=O)c2ccc(O*)cc2)cc1,61.286194
*CC(O)COc1ccc(C(=O)OCCCCCNC(=O)c2ccccc2-c2ccc(/C=C/c3ccc(C(*)=O)cc3)cc2)cc1,105.78026
*CC(O)COc1ccc(C(=O)Oc2ccc(-c3ccc(O*)cc3)cc2)cc1,110.87716
*CC(O)COc1ccc(C(=O)Oc2ccc(C(=O)OCC(=O)Oc3ccc(O*)c(OC)c3)cc2)cc1,85.55422
*CC(O)COc1ccc(C(=O)Oc2ccc(OC(=O)COc3ccc(C(*)=O)cc3)cc2)cc1,90.24479
*CC(O)COc1ccc(C(=O)c2ccc(-c3ccc(O*)cc3)cc2)cc1,95.29915
*CC(O)COc1ccc(C(C)(C)c2cc(C)c(O*)c(C)c2)cc1OC,127.8725
*CC(O)COc1ccc(C(C)(C)c2ccc(C(=O)OCCOc3ccc(-c4ccc(*)c(O)c4)cc3)cc2)cc1,112.16637
*CC(O)COc1ccc(C(C)(C)c2ccc(O*)cc2CCCCCCCCCCCC)cc1,42.806755
*CC(O)COc1ccc(C(C)(C)c2ccc(OC(=O)CCC(CSC)O*)cc2)cc1,52.682602
*CC(O)COc1ccc(C(C)(C)c2ccc(OC(=O)CCCC(=O)O*)cc2)cc1,45.792404
*CC(O)COc1ccc(C(C)(C)c2ccc(OC(=O)CCCCCCCCCCC(=*)OCC)cc2)cc1,38.777588
*CC(O)COc1ccc(C(C)(C)c2ccc(OC(=O)COCC(*)=O)cc2)cc1,66.3723
*CC(O)COc1ccc(C(C)(C)c2ccc(OC(=O)COCCOCCOCCOCCO)cc2)cc1OC(=O)CCCCCCCCCCCC(*)=O,19.267517
*CC(O)COc1ccc(C(C)(C)c2ccc(OC(=O)OCCOCCOCCOCCOCC(O)COc3ccc(-c4ccc(O*)cc4)cc3)cc2)cc1,59.5755
*CC(O)COc1ccc(C(C)(C)c2ccc(OC(F)(F)C(F)(F)C(F)(F)C(F)(F)C(F)(F)C(F)(F)C(F)(F)C(O)CN(*)C(F)(F)F)cc2)cc1,41.52883
*CC(O)COc1ccc(C(C)(C)c2ccc(OC)c(OC(=O)CCCCCCC(*)=O)c2OC)cc1,40.1286
*CC(O)COc1ccc(C(C)(C)c2ccc(OC)cc2)c(OC(=O)CCCCC(*)=O)c1,22.613373
*CC(O)COc1ccc(C(C)(C)c2ccc(OCC(O)COc3ccc(C#Cc4ccc(O*)c(OC)c4)cc3OCCCCCCCC)cc2)cc1,86.091095
*CC(O)COc1ccc(C(C)(C)c2ccc(OCC(O)COc3ccc(C(C)(C)c4ccc(O*)cc4)cc3)cc2)cc1,108.524155
*CC(O)COc1ccc(C(C)(C)c2ccc(OCC(O)COc3ccc(O*)cc3)c(OC)c2)c(O)c1,106.00221
*CC(O)COc1ccc(C(C)(C)c2ccc(OCCCCOc3ccc(N=*)cc3)cc2)cc1,81.68753
*CC(O)COc1ccc(C(C)(C)c2ccccc2)cc1OC(=O)CCCCSCCCCCCC(=O)Oc1ccc(-c2ccc(O*)cc2)cc1,38.31553
*CC(O)COc1ccc(C(C)(Cc2ccccc2)c2ccc(OC(=O)c3ccc(C(=O)O*)cc3)cc2)cc1,122.651146
*CC(O)COc1ccc(C2(c3ccc(O*)cc3)CC2)cc1,114.40869
*CC(O)COc1ccc(CC(NC(=O)O*)c2ccc(OCCC)cc2)cc1,107.246666
*CC(O)COc1ccc(CCCCCCOc2ccc(C(=O)Oc3ccc(/N=N/c4ccc(O*)cc4)cc3)cc2)cc1,73.8455
*CC(O)COc1ccc(CCCNC(=O)CCCCC(=O)Nc2ccc(O*)cc2)cc1,64.22662
*CC(O)COc1ccc(CCOC(=O)CCCCCCCCCC(=O)OC(C)C(*)=O)cc1,5.41127
*CC(O)COc1ccc(NC(=O)c2ccc3c(c2)C(=O)N(*)C3=O)c(C(C)(C)C)c1,205.6408
*CC(O)COc1ccc(OC(=O)/C=C/CC(*)=O)cc1,84.17757
*CC(O)COc1ccc(OC(=O)Cc2ccc(O*)cc2)cc1,80.68952
*CC(O)COc1ccc(OC(=O)c2ccc(C(*)=O)cc2)cc1OC,145.91106
*CC(O)COc1ccc(OC(=O)c2ccc(C(=O)OCC(CNC(=O)CCCCC(=O)OC)c3ccc(O*)cc3)cc2)cc1,30.163544
*CC(O)COc1ccc(OCC(O)CN(c2ccc(OC)cc2)C(C(*)=O)C(=O)O)cc1,89.15989
*CC(O)COc1ccc(OCCOCCOCc2ccc(O*)cc2C)cc1,19.567078
*CC(O)COc1ccc(OCc2ccc(OCC(O)COC(*)=O)cc2)cc1,47.321686
*CC(O)C[N+](C)(C)C(=O)OC1CC(OC[N+](C(=O)O*)c2ccccc2)=C(C)O[SiH2]1,67.66326
*CC(O)C[Si](C)(C)O[Si](C)(C)c1ccc(C[Si](*)(O)c2ccccc2)cc1,-1.35643
*CC(O*)C(C)(C)C(C)C(=O)OCC,47.885536
*CC(O*)C(CO)COCCO,-16.431702
*CC(O*)C(O)C(O)C(F)(F)C(F)(F)C([2H])(Cl)C(F)(F)C(F)(F)N(C)C(F)(F)F,44.670982
*CC(O*)C1CCC1,23.693542
*CC(O*)OC(C)C(=O)OC,1.2822876
*CC(O*)OC(F)(Cl)C(F)(F)F,-54.455017
*CC(OC(=O)CCCCC(=O)Nc1ccc(C(C)(C)c2ccc(OC(=O)CCCCCCO*)cc2)cc1)c1ccccc1C(C)C,19.829254
*CC(OC(=O)CCCCC(=O)OC)C(*)C(=O)O,-14.477951
*CC(OC(=O)CCCCC(=O)OC)C(*)COc1ccc(/C=C/c2cccc([N+](=O)[O-])c2)cc1,50.181465
*CC(OC(=O)NCC(=O)OCC(C)O)C(*)C(=O)OCC,14.282593
*CC(OC(=O)NCCCC)C(=O)OCCCCCCOc1ccc(-c2ccc(O*)cc2)cc1,31.31511
*CC(OC(=O)Nc1ccc(C#Cc2ccc(O*)cc2)cc1)c1ccc(/N=N/c2ccc(Br)cc2)cc1,138.93669
*CC(OC(=O)c1ccc(C(=O)O*)cc1)C(C)(C)C,93.55186
*CC(OC(=O)c1ccc(SCCc2ccc(CNC(=O)O*)cc2)cc1)C(=O)OCC,65.96954
*CC(OC(C)(C)C)C(=O)OCCCCCOC(=O)C1CCC(*)OC1,31.476349
*CC(OC(C)=O)C(*)c1ccc([2H])s1,52.872673
*CC(OC(C)=O)C(C(=O)Oc1ccc(OCCCSc2ccc(/N=N/c3ccc(N=C(*)C)cc3)cc2)cc1)c1ccc(O)cc1,101.7697
*CC(OC(C)=O)C(C)(C)CNC(=O)c1ccc(C(=O)N*)c(CC(C)[SH](=O)[O-])c1,148.4491
*CC(OC(C)=O)C(CO)COC(=O)NCCCCCNC(=O)O*,1.347641
*CC(OC(C)=O)C(Cc1ccc(CCC)cc1)C(=O)O*,49.291702
*CC(OC(C)=O)C(F)(F)C(F)(F)C(F)(F)C(F)(F)C(F)(F)COC(=O)NCC(C)C(*)=O,54.200417
*CC(OC(C)=O)C(O)C(O)C(O)C(O)COc1c(O)c(*)c(F)c(F)c1F,72.84778
*CC(OC(C)C)C(C)C(=O)OCCCCCCCCC(=O)N*,7.367691
*CC(OC(C)C)C(COC(=O)Nc1ccc(C)c(C(*)=O)c1)Cc1ccccc1,132.80801
*CC(OC(C)C)c1ccc([Si](*)(C)C)s1,44.619896
*CC(OC(F)(F)C(F)(F)[SH](F)(F)C(F)(F)C(F)(F)F)C(F)(F)C(F)(F)C(F)(F)C(F)(F)COC(=O)CCCC(=O)N(*)CCCC,-20.897934
*CC(OC)C(*)C(=O)OCCCCCCC(F)(C(F)(F)C(F)(F)F)C(F)(F)C(F)(F)C(F)(F)C(F)(F)C(F)(F)F,-4.943512
*CC(OC)C(CCCCCCCC)OC(=O)c1ccc(C(=O)NC(C)C(=O)OCC(O)CO*)cc1,32.978157
*CC(OC)C(OC)C(COC(=O)N*)c1ccc(/C=C/C(C)CCCC)c(OCCCCCC)c1,41.228935
*CC(OC)OC(=O)c1cccc(C(=O)O*)c1,38.128227
*CC(OC)[Si](C)(C)C(C)(C)C(C)(O)C(*)(F)F,64.95715
*CC(OC)c1ccc(N(c2ccc(OC)cc2)c2ccc(Sc3ccc(*)cc3)cc2)cc1,192.72945
*CC(OC)c1ccc(S(*)(=O)=O)cc1,139.91817
*CC(OCC#N)c1ccc(/C=C/c2ccc(/C=C/c3ccc(/C=N/c4ccc(O*)cc4)cc3)cc2)cc1,162.35747
*CC(OCC(F)(F)F)C(=O)OCCCC(=O)O*,16.342667
*CC(OCC)=C(C(=*)C([2H])(F)F)C(=O)NC(F)(F)Br,88.46658
*CC(OCC)C(C)(C)COC(=O)c1ccc(/N=N/c2ccc(C(=O)O*)cc2)cc1,101.43045
*CC(OCC)C(C)(NC(=O)OCCCCCCOc1ccc(C=*)cc1)c1ccc(/C=N/c2ccc([N+](=O)[O-])cc2)cc1,107.52492
*CC(OCC)C(CC)C(=O)O*,55.420425
*CC(OCC)C(CO*)CC(C)CC,-1.3341675
*CC(OCC)C1C(=O)N(c2ccc(OC)cc2)C(=O)C1*,127.17445
*CC(OCC)C1CCC(N(CC)NC(=O)CCCCC(=O)N(*)CC)C(O)C1=O,72.43581
*CC(OCC)N(CCCCNC(=O)c1ccc(*)cc1)Cc1ccccc1,87.27417
*CC(OCC)S(=O)(=S)O*,13.953705
*CC(OCC)c1ccc(O*)cc1,44.601578
*CC(OCCC)C(C)(C)C(O*)OC,61.002274
*CC(OCCC)OCCOCCOC(=O)CCCCC(=O)O*,-32.786407
*CC(OCCCC)C(C=C)COC(=O)CCC(=O)O*,6.9667053
*CC(OCCCCCCCC)C(=O)OCCCCCCOc1ccc(/N=C/c2ccc(O*)cc2)cc1,25.09304
*CC(OCCO)C(=O)O*,-6.9441223
*CC(OCCOC(=O)CCCCCCCCC)OC(=O)O*,-69.44621
*CC(OO)C(*)S(F)(F)F,-7.083618
*CC(Oc1ccc(C(C)(C)C)cc1)C(OC)C(*)C(=O)Oc1ccccc1,76.54931
*CC(Oc1ccc(C(C)(C)c2ccccc2)cc1)=[SH]NNC(=O)c1ccc(*)cc1,146.38303
*CC(Oc1ccc(Cc2ccc(C=*)cc2)cc1)c1ccccc1,98.35749
*CC(Oc1ccc(F)cc1)C(c1ccccc1)c1ccc(/N=N/c2ccc(O*)cc2)cc1,132.73409
*CC(PC(=O)Nc1ccc(C)cc1)C(=O)NCc1ccccc1CN(*)C,152.55606
*CC(S*)C(F)(F)C(F)(F)C(F)(F)C(F)(F)C(F)(F)C(F)(F)C(F)(F)C(F)(F)C(F)(F)F,-16.251312
*CC(SC)C(CO*)COCCOC(=O)OCC=C,-24.711975
*CC([2H])(C(=O)N*)c1ccc(O)cc1,154.25906
*CC([2H])(CCl)COC(=O)O*,23.31633
*CC([2H])(F)C(*)(F)C(F)(F)C(F)(F)C(F)(F)OC(F)(F)C(F)(F)C(F)C(F)(F)C(F)(F)C(F)(F)C(F)(F)C(F)(F)F,-38.003998
*CC([2H])(S*)C(=O)OC(C)(C)CCCOc1ccc(-c2ccc(OC)cc2)cc1,54.621468
*CC([2H])C(*)(CI)C(=O)O,80.62009
*CC([CH2][Fe][CH2]CNC(=O)C(C)(C)C(*)=O)C(=O)O,110.34816
*CC([CH2][Ge]([*])([C]#N)[N](C)CCCC)OC,71.484764
*CC([CH2][Zn])(CCC)C(=O)O*,108.94426
*CC([N+]c1ccc(C)cc1)C(*)c1ccc(OC)cc1,101.148254
*CC(c1ccc(Cl)cc1)S(=O)(=O)c1ccccc1-c1ccccc1C(=O)OCC(F)(C(=O)N(*)CCCCCCCCCCCCCCCCCCCCCCCCCCCCCCCCCC)C(F)(F)F,63.270782
*CC(c1ccccc1)C(*)C(F)(F)C(F)(F)C(F)(F)F,29.386444
*CC(c1ccccc1)C1C(=O)N(CCN(C)CCCC)C(=O)C1*,95.45346
*CC(c1ccccc1)C1C(=O)N(c2ccc(C#N)cc2)C(=O)C1*,155.53085
*CC(c1ccccc1)N(C)C1CC(C)(C)CN1*,148.39085
*CC(c1ccccc1)c1ccc(-c2ccc(N(*)c3ccc([N+](=O)[O-])cc3)cc2)cc1,190.32062
*CC/C(=C/C(=O)OCC)NC(=O)CCCCC(*)=O,65.80351
*CC/C(C#N)=C(/*)COc1ccc(OC(=O)c2ccc(OCCCCCCC)cc2)cc1,85.459274
*CC/C(C)=C(/*)CCc1ccc(Br)c(Oc2ccc([N+](=O)[O-])cc2C)c1,135.5851
*CC/C=C(/*)C(C)CC,100.178764
*CC/C=C(/*)C(C)[Si](C)(C)C#C,93.85463
*CC/C=C(/*)CC#Cc1ccc(C(C)C)cc1,67.32077
*CC/C=C(/*)CCCCCCCCCCNS(=O)(=O)CCCCOc1ccc(/N=C/c2ccc(OCCCCCC)cc2)cc1,73.79765
*CC/C=C(/*)CCCCCCCOC(=O)c1ccc(OC(=O)CCCCC)cc1,44.5605
*CC/C=C(/*)CCCCCOC(CO)COCCOCCOCCOc1ccc(-c2ccc(OCCCCCCCCCC)cc2)cc1,29.690674
*CC/C=C(/*)CCCCOc1ccc(C(=O)Oc2cccc(C)c2)cc1CO,73.97106
*CC/C=C(/*)CCCOC(=O)c1ccccc1CC,57.735252
*CC/C=C(/*)CCc1ccccc1C,106.815
*CC/C=C(/*)COCC(C)=O,39.92852
*CC/C=C(/*)NCCSSCCC,17.142395
*CC/C=C(/*)c1ccc(C#C)c(C(C)=O)c1,141.19171
*CC/C=C(\C)C(=O)CCCCCCCCCCCCCCCO*,14.191971
*CC/C=C(\C)C(C)C[Si](C)(C)CS*,38.63987
*CC/C=C/C(COc1ccc(C#Cc2ccc(I)cc2)cc1)C(=*)COCc1ccccc1,102.90698
*CC/C=C/C=C/C(=C\CC*)c1ccc(/C=C/c2ccc(C#N)cc2)cc1,162.18285
*CC/C=C/C=C/C(C)COC(=O)c1ccc(C(=O)NCCCC)cc1*,117.41387
*CC/C=C/CCCCCC*,-25.768982
*CC/C=C/CCCCCCCCCS*,-1.9666138
*CC/C=C/CCCSCCCCC*,-23.236755
*CC/C=C/CCO*,22.540398
*CC/C=C/COC(=O)C(CCCCCCCCOC(=O)c1ccc(-c2ccc(C(=O)O*)cc2)cc1)OCC(C)(C)C,50.10253
*CC/C=N/c1ccc(/C=C/c2ccc(*)cc2)cc1,136.36572
*CC/N=C(\C#N)C(=*)CCCCCC(C)C,-5.2987976
*CC1(C)CC(O)C(*)C1(c1ccccc1)c1ccccc1,238.78175
*CC1(C)CC(O)CN(*)C(C)C1,213.08435
*CC1(C)CCN(*)C(C)C(C)(C)C(C)O1,183.89505
*CC1(C)CCN(CC(C)(C)Cl)C(*)C1,195.97551
*CC1(C)CN(*)C(=O)N1,232.02295
*CC1(C)CNC(=O)C(C)N(*)C(=O)C1,187.58626
*CC1(C)COC(=O)C(C)NC1OC(=O)CCCC(=O)NC(=O)C1C=CC=C(O*)CCCO1,90.95802
*CC1(CCOC(=O)CCCCCCCCCCC(=O)O*)OC1=O,-8.194473
*CC1(CO)C=CC(*)C1,143.58812
*CC1(CO*)COCC(C)(CCCC)C1,82.08702
*CC1C(=O)N(C)C(=O)C1*,204.04805
*CC1C=C(CCOC(=O)CCCC(=O)O*)CC1C,16.365341
*CC1C=C(OC(C)=O)C(=O)C1*,95.483696
*CC1C=CC(*)CC1,132.11014
*CC1CC(*)[SH](Oc2ccccc2)c2ccccc21,141.37378
*CC1CC(=O)N(CCCCCCCCNCCNC(=O)c2ccc(C(=O)O*)cc2)C1=O,82.315445
*CC1CC(Cl)C(*)C1=O,192.69461
*CC1CCC(*)CC1(C)C,177.2258
*CC1CCC(*)COC1,68.33454
*CC1CCC(C(=O)O*)C(=O)C1,89.01717
*CC1CCC(C)N(*)C1,151.79364
*CC1CCC(C)NC(*)C1,165.76006
*CC1CCC(CC(C)CCC(=O)O*)C1,51.849472
*CC1CCC(CCCCCCCCN(C)C(=O)NCC)C(=O)C1*,90.69208
*CC1CCC(CNC(=O)NCCCCCCCCCCCCCCCCCCCCNC(=O)N*)C(C)C1,102.30053
*CC1CCC(CNC(=O)c2ccc(C(=O)N*)cc2)CC1,206.38075
*CC1CCC(CNC(=O)c2ccc(C(=O)O*)cc2)C1=O,159.75728
*CC1CCC(CO)COCC(*)C1,93.69188
*CC1CCC(COC(*)=O)CC1,55.948715
*CC1CCC(COC(=O)CC(=O)O*)CC1,45.681473
*CC1CCC(COC(=O)NCCCCCOCCNC(*)=O)CC1,27.329903
*CC1CCC(COC(=O)O*)OC1,25.717896
*CC1CCC(OC(=O)CCCCCCC(*)=O)CC1,5.9748077
*CC1CCC(OC(=O)NCCSC#N)C1*,56.912766
*CC1CCC(Oc2ccc(-c3ccc([Si](*)(C)O[Si](C)(C)C)nc3)c(OC)c2)C1=O,86.3241
*CC1CCCC(C(=O)O*)CC1,70.446465
*CC1CCCC(C)(C)CN(*)S1,63.08458
*CC1CCCC(CNC(=O)CCCCC(=O)N*)CC1,100.966125
*CC1CCCC(COC(=O)N2CCN(*)CC2)CC1,98.24758
*CC1CCCC(COC(=O)NCCNC(=O)O*)CC1,80.47906
*CC1CCCC(COCCCCCOC(=O)CCCC(=O)O*)CC1,14.3832245
*CC1CCCC1C(*)(C)C,173.67809
*CC1CCCCC(*)C(C(=O)OCCCCCCCC)C1,24.403679
*CC1CCCCN1C(=O)CCCCSCCCCC1CC=C(*)CC1,53.38704
*CC1CCCN(CCCCOC(=O)NCCCCCCNC(*)=O)C(=O)C1=C,38.114067
*CC1CCCN(CCN2CCN(*)CC2)C1,108.0947
*CC1CCN(*)C(C(=O)OCCOC)C1,91.458374
*CC1COC(*)C1,106.24554
*CC1COCCC(CO)COC1*,90.324455
*CC=C(C)C[Si](*)(C)CCC,-32.879974
*CC=C(CC)CS(=O)(=O)CCCS*,22.444458
*CC=C(CCCC)CN(*)C(C)C,11.929825
*CC=CC(*)CCC(=O)NCCCCCC,-0.6021118
*CC=CCOCCOCCOCCOCCOC(=O)CCC(=O)O*,-56.61357
*CC=CNC(=O)CCCCSS*,4.2164917
*CC=C[Si](*)(CCCCC)CCCCCCCC,-75.216324
*CCC#CC#CCOC(=O)CCCCCCCCCCC(=O)O*,-40.501022
*CCC#CC#CCOc1ccc(C(=O)OCCCCCCCCCOC(=O)c2ccc(O*)cc2)cc1,21.951393
*CCC#CC=C(O*)c1ccccc1C(=O)Oc1ccccc1,36.91501
*CCC#CCOC(=O)c1ccc(NC(=O)SCCCCCCCCC(=O)N*)cc1,10.840515
*CCC#CCOc1ccc(OC(=O)c2ccc(C(=O)Oc3ccc(*)cc3)cc2)cc1,64.17434
*CCC#CS(=O)(=O)CCCS(*)(=O)=O,-9.155746
*CCC(*)(C)C(=O)NCCCCNC(=O)OC,63.04393
*CCC(*)(C)C(=O)OCCCCCCCCCCCCCCCCCOc1ccc(C(=O)Nc2ccc(OCCOCCOCCOCCOCCOCCOCCOCCOCCOC)cc2)cc1,26.61306
*CCC(*)C(=O)Nc1ccc(O)c(C(F)(F)Cl)c1,112.6587
*CCC(*)C(=O)OC(C)CCCC(F)(F)C(F)(F)C(F)(F)C(F)(F)C(F)(F)C(F)(F)C(F)(F)C(F)(F)C(F)(F)C(F)(F)C(F)(F)C(F)F,-63.567017
*CCC(*)C(=O)OCCCCCC(=O)Oc1ccc(OCCCCCOc2ccc(OCC(O)CC(C)COC(=O)c3ccccc3)cc2)cc1,18.172897
*CCC(*)C=CC(C)C,-17.434021
*CCC(*)CSCCCS(=O)(=O)O,-29.11235
*CCC(*)NCCCC,-6.306793
*CCC(*)OC(=O)C(Cl)(Cl)C([2H])(F)F,19.280098
*CCC(*)OC(=O)CCCS(=O)(=O)CC(C)C,-21.585785
*CCC(*)OC(F)(F)C(F)(F)C(F)(F)C(F)(F)COC(F)(F)CC(F)(F)F,-46.06987
*CCC(*)OCC(=O)OCCCCCCCCCCOc1ccc(C(=O)Oc2ccc(Br)cc2)cc1,39.93264
*CCC(*)OCC(COCCC)NC(C)=O,-5.8083344
*CCC(*)c1ccccc1CCCNCCC,0.5725403
*CCC(=*)NCc1ccc(C)cc1,102.46373
*CCC(=C)c1cccc(C(=O)C(=O)O*)c1,21.718994
*CCC(=C=C=*)C(OC)C(=O)OCC(F)(Cl)C(F)(F)C(F)(F)F,4.409378
*CCC(=C[SH]C/C=C/C=C/C=C/C=C/O*)c1ccc(/C=C/C(=O)N(C)CCC(=O)OCC)cc1,112.83861
*CCC(=O)C(O)COc1ccc(OC(=O)CCC(=O)Oc2ccc(O*)cc2)cc1,24.984436
*CCC(=O)N/C=C/C(=O)/C=C(\C)[Si](C)(C)C(CCCCCCC)C(=O)NC(C)C(=O)N*,113.331314
*CCC(=O)N1C=CN(*)CC1,110.85184
*CCC(=O)NC(C)CCOC(=O)CCCCC(=O)O*,-28.387177
*CCC(=O)NC1CCCN(*)C1,70.79498
*CCC(=O)NCC(C)(C)CCNC(=O)O*,33.053207
*CCC(=O)NCC(C)C(=O)O*,26.303246
*CCC(=O)NCCCCCCNC(=O)CCCOC(=O)c1ccc(C(=O)NCCNC(=O)c2ccc(*)cc2)cc1,79.049614
*CCC(=O)NCCCCCCNC(=O)c1ccc(C(=O)NCCNC(*)=O)cc1,119.08268
*CCC(=O)NCCCCCCNC(=S)CCCC(=O)NCCCCCS*,4.232483
*CCC(=O)NCCCCCCSSCCSCc1ccc(CCNC(=O)C*)cc1,6.060196
*CCC(=O)NCCCCCCc1ccc(NC(=O)CCCCC(=O)Nc2ccc(*)s2)cc1,62.28199
*CCC(=O)NCCCCCNC(=O)CCC(=O)NCC(C)CCNC(=O)C(=O)N*,74.8096
*CCC(=O)NCCCCCNC(=O)CCCCCOC(=O)c1ccc(/C=C/c2ccc(C(C)(C)c3ccc(S(=O)(=O)c4ccc(O*)cc4)cc3)cc2)cc1,79.522804
*CCC(=O)NCCCCCNC(=O)c1cc(OC(=O)CC(*)O)cc(-c2ccccc2)c1,46.274246
*CCC(=O)NCCCCCNNC(=O)CCCCCCCCC(=O)N*,25.676338
*CCC(=O)NCCCCSCCNC(=O)c1ccc(C(=O)NCCS*)cc1,36.35917
*CCC(=O)NCCCNC(=O)c1ccccc1C(=O)NCCOc1ccc(-c2nnc(*)s2)cc1,121.31348
*CCC(=O)NCCCc1ccc(CNC(=O)CCCCCCCCCCCCNC(=O)CCCCCO*)cc1,30.600815
*CCC(=O)NCCOC(=O)c1ccc(C(=O)O*)c(C)c1,71.46431
*CCC(=O)NCCOCCN(C)C(=O)CCCCO*,-23.123703
*CCC(=O)NCc1ccc(CNC(=O)CCCO*)cc1,79.21589
*CCC(=O)NCc1ccc(NC(=O)CCCCCCCCO*)cc1,40.501305
*CCC(=O)NNC(=O)CCC(=O)NCCCCCCNC(=O)S*,59.490425
*CCC(=O)NNC(=O)CCCCCNC(=O)C(=O)N*,85.888
*CCC(=O)NNC(=O)CCCCOC(=O)c1ccc(/C=N/c2ccc(N(c3ccccc3)N(*)C)cc2)cc1,122.62984
*CCC(=O)NNC(=O)CCOC(=O)OCC(=O)COC(=O)CCCCCO*,-12.514603
*CCC(=O)NNC(=O)c1cc(*)cc(C(C)(C)c2ccccc2)c1,165.48987
*CCC(=O)NNC(=O)c1ccc(C(=O)OCCCCCCCCCOC(=O)c2ccc(C(*)=O)cc2)cc1,85.76758
*CCC(=O)NNC(=O)c1ccc(N=*)cc1,161.09596
*CCC(=O)NNC(=O)c1ccc(NC(=O)SCCSCC(=O)N*)cc1,101.90653
*CCC(=O)NNC(=O)c1cccc(N(*)C)c1,130.91142
*CCC(=O)NNc1ccc(NC(=O)CCCC(=O)Nc2ccc(C(=O)O*)cc2)cc1,167.10028
*CCC(=O)Nc1ccc(-c2ccc(C(=O)OCCOC(=O)c3ccc(O*)cc3)cc2)cc1,129.58717
*CCC(=O)Nc1ccc(-c2ccc(OCC(C)=O)cc2)cc1*,122.20061
*CCC(=O)Nc1ccc(/N=N/c2ccc(Cc3ccc(N*)cc3)cc2)c(C)c1,168.2555
*CCC(=O)Nc1ccc(C(C)(C)c2ccc(Oc3ccc(C(C)(C)c4ccc(O*)cc4)cc3)cc2)cc1,178.27263
*CCC(=O)Nc1ccc(CCCCc2ccc(N(*)CCCC)cc2)cc1,81.09884
*CCC(=O)Nc1ccc(NC(=O)Nc2ccc(NC(=O)NNC(=O)c3ccc(*)o3)cc2)cc1,210.8325
*CCC(=O)OC(C)C(=O)N*,29.387321
*CCC(=O)OCC(C)COC(=O)C(C=C(O*)c1ccccc1)Cc1ccccc1,14.881912
*CCC(=O)OCCCCOC(=O)c1ccc(/C=C/c2ccc(/C=C/c3ccc(C(=O)O*)c(C(F)(F)F)c3)cc2C(=O)Oc2ccc(OCCCCCCOC(C)CCC)cc2)cc1,68.34467
*CCC(=O)OCCOC(=O)c1ccc(C(=O)OCCCCCCCCOc2ccc(-c3cnc(*)o3)cc2)cc1,20.772957
*CCC(=O)OCCOCCOCCOCCOC(=O)COCC(=O)N*,-33.75856
*CCC(=O)Oc1ccc(-c2ccc(OC(=O)CCCCCCCCOc3ccc(O*)cc3)cc2)cc1,56.495163
*CCC(=O)Oc1ccc(C(=O)NNC(=O)c2cccc(C(=O)OCCOC(=O)c3ccc(O*)c(/C=C/c4ccccc4)c3)c2)cc1,137.4983
*CCC(=O)Oc1ccc(NC(=O)c2ccc(O*)cc2)cc1,95.485344
*CCC(=O)SC(=*)CCCCC(=O)OCCCO,-24.556122
*CCC(=O)SCc1ccc(CCNC(=O)CCCCCCOC(=O)CCCCCCCCC(=O)O*)cc1,17.093964
*CCC(=[N+])NCC(=S)N*,53.127388
*CCC(C(=O)O)c1ccc(C#Cc2ccc(O*)cc2)cc1,101.9922
*CCC(C)(C)CC(C)C(*)COCC(=O)OCCCCCCCC,-14.996429
*CCC(C)(C)CC(C)NNC(=O)CCCCC(=O)NC(C)C(=O)N*,70.89497
*CCC(C)(C)CNC(=O)CCCCC(*)=O,50.48169
*CCC(C)(C)CNC(=O)c1ccc(C(=O)N*)c(S(=O)(=O)O)c1,182.85161
*CCC(C)(C)CNC(=O)c1ccc(C(=O)N*)c(S(=O)(=O)[O][Na])c1,190.39369
*CCC(C)(C)COC(=O)NCC(C)(C)C(=O)O*,42.72719
*CCC(C)(C)COC(=O)N[PH](C)(C)CSCCN(C)C(=O)O*,6.526657
*CCC(C)(C)COC(=O)c1ccc(C(=O)NNC(=O)c2ccc(C(=O)O*)cc2)cc1,127.64807
*CCC(C)(C)Cc1ccccc1C(=O)O*,68.935555
*CCC(C)(C)[Si](C)(C)OC(=O)CCCCC(=O)O*,-34.95868
*CCC(C)(CCC)CO*,14.463348
*CCC(C)(CCl)C(=O)O*,75.517
*CCC(C)C(*)CC(=O)Nc1ccc(C)cc1,117.63782
*CCC(C)C(C)(C)CCCCC[Si](*)(C)c1ccc(-c2ccc(OC)cc2)cc1,2.8726807
*CCC(C)C(C)COC(=O)NC(=O)CCCCCCC(=O)O*,-11.616653
*CCC(C)CC(C)CC(=O)N*,22.971695
*CCC(C)CC(C)COC(=O)c1ccc(CSC(=O)O*)cc1,35.209534
*CCC(C)CC(C)c1ccc(Cc2ccc(N(CC)CCCN(*)c3ccc(S(=O)(=O)O)cc3)s2)cc1,86.717705
*CCC(C)CCC(C)CNC(=O)C#CCNC(=O)N*,58.276535
*CCC(C)CCCCCCCCNS(=O)(=O)CCCCCC(=O)N*,9.112473
*CCC(C)CCCNC(=O)C(CCCCCCCCOc1ccc(-c2ccc([N+](=O)[O-])cc2)cc1)C(=CC=*)OC(C[N+](C)O)C(=O)NCc1ccccc1,71.69177
*CCC(C)CCOC(=O)c1ccccc1-c1ccccc1C(=O)O*,50.34391
*CCC(C)CNC(=O)CCC(=O)NCCCCNC(=O)C(*)C(=O)OC,73.832535
*CCC(C)CNC(=O)CCC(C)NC(=O)CC(C)C(=O)N*,112.1549
*CCC(C)CNC(=O)CCCCC(=O)NCCCCCCNC(=O)C(=O)N*,75.6007
*CCC(C)COC(=O)/C=C/C(=O)CCCCCCCCCCCC(=O)O*,-4.8079834
*CCC(C)COC(=O)CCCCCCCCC(=O)NCCCCCCCCCCNC(=O)CCO*,4.9753265
*CCC(C)COC(=O)NCCC(O)CCCOC(=O)NCCCCCCNC(=O)O*,5.307678
*CCC(C)COC(=O)Nc1ccc(CC(=O)O*)cc1,63.16079
*CCC(C)CSS*,-33.531433
*CCC(C)N(*)C(=O)c1ccc(S(=O)(=O)OC)cc1,149.84009
*CCC(C)NC(=O)CC(C)C(=O)N*,98.17465
*CCC(C)NC(=O)CCCCCCCCC(=O)NCCCCCNC(=O)CCCC(=O)N*,36.64878
*CCC(C)O[Si](C)(C)CCC[Si](C)(C)O[Si](C)(C)OC(=O)c1cccc(C(=O)O*)c1,-34.67134
*CCC(C)S(*)(=O)=O,96.704384
*CCC(C=C)C(CBr)CNC(=O)CCCCC(=O)N*,54.30095
*CCC(CC)(CCCCCCCCOC(=O)CCCCCCC(=O)OC)CO*,-39.429474
*CCC(CC)(COc1cccc(C(=O)c2ccccc2-c2ccccc2-c2ccccc2-c2ccccc2Oc2ccc(O*)cc2)c1)OC,126.46535
*CCC(CC)C(=CS*)CCCCCCCCCC,-39.60379
*CCC(CC)CC(*)(C)CN,51.46035
*CCC(CC)CC[N+](C)(C)CC(=O)S*,8.208359
*CCC(CCC)CCCCOC(=O)NNC(=O)CCCC(=O)O*,9.21019
*CCC(CCCC)COC(=O)/C=C/C(=O)O*,61.297478
*CCC(CCCCCC)(CCCCCCCCCCCCCC)CCSCC(=O)O*,-14.991043
*CCC(CCCCCCC)C(O*)C(=O)OCCCCCCCC,-37.357437
*CCC(CCl)(COC(*)=O)c1ccccc1,43.027466
*CCC(CS(=O)(=O)CCC(*)(C(=O)OC)C(C)C)C(=C)C[N+](C)(C)C,71.69621
*CCC(Cl)C(*)([2H])Cl,-9.145782
*CCC(F)(F)C(*)(F)C(F)(F)C(F)(F)C(F)(F)C(F)(F)F,-23.064087
*CCC(F)(F)C(F)(F)C(F)(F)C(*)(F)C(F)(F)C(F)(F)F,-26.653809
*CCC(F)(F)C(F)(F)C(F)(F)C(=O)NC(=O)C(F)(F)C(F)(F)CCCC(F)(F)[IH]C(F)(F)C(F)(F)C(F)(CC(F)(F)C(F)(F)F)C(=O)NC(=O)N(*)C,20.869598
*CCC(F)(F)C(F)(F)C(F)(F)COC(=O)NCCCCCCNC(=O)OCC(*)C,2.8033752
*CCC(F)(F)C(F)(F)C(F)(F)COC(=O)O*,-20.490692
*CCC(F)(F)C(F)(F)C/C(C)=C(\C#N)C(=O)C(=O)N(*)C,120.43941
*CCC(F)(F)C(F)(F)COC(=O)CSC(=O)O*,-17.43039
*CCC(O)CN(C)c1nc([N+](=O)[O-])c(*)cc1F,170.57819
*CCC(O)CNC(=*)CS(=O)(=O)CC[Si](C)(C)C,48.251587
*CCC(O)COc1ccc(C(C)(C)c2ccc(OC(=O)CCCCCCCCC(*)=O)cc2)cc1,34.4924
*CCC(O)COc1ccc(C=C(C(=O)c2ccc(O*)cc2)C(F)(F)F)cc1,69.093864
*CCC(O)COc1ccc(Cc2ccc(O*)cc2)cc1,57.483856
*CCC(O)COc1ccc(N(C#CC)C(=O)NCCCC[N+](C)(C)CCCCOC(=O)c2ccc(*)cc2)cc1,49.50244
*CCC(OC[Si](C)(C)C)C(=O)NCCCCCCOc1ccc(C(=O)Oc2ccc(O*)cc2)cc1,38.69507
*CCC([2H])(F)C(F)(F)COC(=O)c1ccccc1C(=O)N*,67.94715
*CCC/C=C(/*)c1ccc(Cc2ccccc2)s1,90.020645
*CCC/C=C(C#N)/C=C(\C)C(*)C(=O)OC,93.16731
*CCC/C=C/C=C/C=C/c1sc(*)c(OC)c1C,92.80254
*CCC/C=C/COC(=O)C(CCCCCCCCCCCCCO*)c1ccc(C#N)cc1,32.776352
*CCC1(CCCCCCCCCCOCCOCCOC)C(=O)C1*,26.135002
*CCC1(OC)C(=O)N(*)C1=O,174.4776
*CCC1=CC=C(CCNC(=O)[Si](C)(C)C[Si](*)(C)NCC2CCC2C)NC(=O)C1(C)C,69.95503
*CCC1=CCNC(=O)CCOCC(COC(=O)O*)CC1,22.470802
*CCC1C(=O)NC(=O)C(*)=C(O)C1SC,191.19234
*CCC1CC(*)N(CCCCCCCCCC)C1,0.70835876
*CCC1CCC(CCl)C(*)C(=O)C1,121.96167
*CCC1CCC(CNC(=O)CCCCCCCC(=O)N*)C1,64.48275
*CCC1CCC(COC(*)COCCOCCOCCOCCOCO)OC1,11.004868
*CCC1CCC(NC(=O)CCCCC(=O)N*)C1,89.42076
*CCC1CCC(OC(=O)CCCC(=O)OCCOC(=O)c2cccc(C(=O)O*)c2)C1,29.640694
*CCC1CCC(OC(=O)NCCCNC(=O)O*)CC1,73.397865
*CCC1CCCC(OC(=O)CCCCCCCCCCCC(=O)N*)CC1,46.87706
*CCC1CCCC1NC(=O)CCCCC(=O)NCCOCC(*)=O,80.73227
*CCC=C(C*)CCSC,-15.898453
*CCC=C(CCCCC)CCCCO*,-44.126312
*CCC=C(CCCCCCCCCCCCCC)CS*,-47.158813
*CCC=CCCC(=O)NCCCCCCCCCOCCCCCNC(=O)CS*,-10.5091095
*CCC=CNC(=O)Sc1ccc(CCC(=O)N*)c(C(C)(C)C)c1,84.08806
*CCCC(*)(C)C(=O)OCCCCCCOc1ccc(CCCCCC)cc1,-18.085632
*CCCC(*)C(=O)OCCOCCOCCOCCOCCOO,-47.557663
*CCCC(*)CCCCCCc1ccc(C#N)cc1,24.685112
*CCCC(*)CCCCCOc1ccc(C(=O)OCCCC)cc1,14.933334
*CCCC(*)c1ccccc1/C=C/c1ccc(OCC)cc1,97.38264
*CCCC(*)c1ccccc1C(=O)OCC,51.14422
*CCCC(=*)Nn1cccc1N,72.145485
*CCCC(=O)N(C)CCCNC(=O)CCCCCCCCCO*,-17.931396
*CCCC(=O)N/C([2H])=C(/*)CC(=O)O,159.61308
*CCCC(=O)N/C=N/CCCCNC(=O)C(=O)N*,110.28084
*CCCC(=O)N/C=N/c1ccccc1C(=O)O*,88.507576
*CCCC(=O)NC(CC)N(*)C=O,56.922142
*CCCC(=O)NC1COC(*)CO1,68.72802
*CCCC(=O)NCCCCC(C)CC(C)CCC(=O)O*,-4.964966
*CCCC(=O)NCCCCCCCCCNC(=O)CCCOC(=O)CC(=O)O*,-6.6944733
*CCCC(=O)NCCCCCCNC(=O)CCCOCCCCC(=O)O*,-18.652145
*CCCC(=O)NCCCCCCNC(=O)CCCOCCCCCCCCCCCCCCCO*,-12.308548
*CCCC(=O)NCCCCCCNC(=O)CCCSCCC=*,-35.672607
*CCCC(=O)NCCCCCCNC(=O)c1cccnc1C(=O)O*,64.060936
*CCCC(=O)NCCCCCNC(=O)CCCOC(=O)c1ccc(C(=O)N*)cc1,46.36714
*CCCC(=O)NCCCCCNC(=O)CCCOCCCCO*,-23.283737
*CCCC(=O)NCCCSCCSCCNC(=O)CCCCCCO*,-34.62375
*CCCC(=O)NCCOC(=O)COCCO*,-14.927231
*CCCC(=O)NCc1ccc(CCc2ccc(N=*)cc2)cc1,113.803314
*CCCC(=O)NCc1ccc(CNC(=O)CCCCCNC(=O)c2ccc(*)nc2C)cc1,78.693054
*CCCC(=O)NCc1ccc(CNC(=O)CO*)c(OCCC)c1,97.53176
*CCCC(=O)NCc1ccc(COC(=O)CCCOCCCSCCOCC(=O)O*)cc1,-12.280624
*CCCC(=O)NCc1ccc(O*)c(O)c1,122.148964
*CCCC(=O)NNC(=O)CCCC(=O)NCCCCCOCCCCOCCOCCO*,-10.283234
*CCCC(=O)NNC(=O)CCCC(=O)NCCCOCCNC(=O)CO*,27.470245
*CCCC(=O)NNC(=O)CCCSCCC(=O)N*,16.96756
*CCCC(=O)NNC(=O)CCNC(=O)c1ccc(-c2ccc(N(*)CC)cc2)cc1,153.42181
*CCCC(=O)NNC(=O)CCOC(=O)c1ccc(C(=O)O*)cc1,99.08592
*CCCC(=O)NNC(=O)c1cc(NC(=O)SS*)ccc1C,134.41536
*CCCC(=O)Nc1cc(N(C)C)c(NC(=O)/C=C/C(=O)Nc2ccccc2OC)c(*)c1C,198.10709
*CCCC(=O)Nc1cc(OC)c(/C=C/c2cccc(NC(=O)c3ccc(-c4nnc(*)s4)cc3)c2)cc1C,178.7232
*CCCC(=O)Nc1ccc(/N=N/c2ccc(OCCCCCCOc3ccc(/C=N/c4ccc(*)o4)cc3)cc2)cc1,84.082344
*CCCC(=O)Nc1ccc(Cc2ccc(NC(=O)S*)cc2)cc1,148.31982
*CCCC(=O)Nc1ccc(NC(=O)/C=C/C(=O)Nc2ccc(-c3nnc(*)o3)cc2)o1,175.1679
*CCCC(=O)Nc1ccc(Oc2ccc(NC(=O)CCCCCCC(=O)Nc3ccc(O*)cc3)cc2)cc1,109.83208
*CCCC(=O)Nc1ccc(Oc2ccc(NC(=O)OCCN3C(=O)c4ccc(*)cc4C3=O)cc2)cc1C,148.57022
*CCCC(=O)OC(=O)c1ccc(Cc2ccc(*)cc2C)c(C)c1,72.52361
*CCCC(=O)OCCCCCCCCCCCCOC(=O)c1ccc(NC(=O)CCCC(=O)Nc2cccc(C(=O)O*)c2)cc1,25.935669
*CCCC(=O)OCCCCCCN(*)CCCCCC,-51.58156
*CCCC(=O)OCCCCCCNC(=O)CCCCCCOC(=O)c1cccc(C(C)(C)CC(=O)NO*)c1,8.906052
*CCCC(=O)OCCCCCCOc1ccc(C2=CC=C3CCC2=CC=C(O*)C(OC)=CC3=O)cc1,51.41855
*CCCC(=O)OCCCCCCOc1ccc(OC(=O)c2cccc(C(=O)Oc3ccc(O*)cc3)c2)cc1,29.67537
*CCCC(=O)OCCNC(=O)c1ccc(C(C)(C)c2ccc(C(=O)O*)cc2)cc1,75.769
*CCCC(=O)OCCOC(=O)CCCCOC(=O)CCC(=O)NCCCNC(=O)C(=O)N*,-10.254562
*CCCC(=O)OCCOC(=O)c1ccccc1C(=O)O*,4.5352173
*CCCC(=O)Oc1ccc(-c2ccc(OC(=O)[Si](C)(C)C(=O)O*)cc2)cc1,54.391457
*CCCC(=O)Oc1ccc(O*)cc1O,41.519363
*CCCC(=O)Oc1ccc(OC(=O)NCc2cccc(NC(=O)O*)c2)cc1,83.39558
*CCCC(=O)Oc1ccc(OC(=O)Oc2ccc(C(=O)Oc3ccc(O*)cc3)cc2)cc1,65.65119
*CCCC(=O)Oc1ccc(OC(=O)c2ccc(O*)cc2)cc1,52.391136
*CCCC(=O)Oc1ccc(OC(=O)c2cccc(C(=O)Oc3ccc(O*)cc3)c2)cc1,71.10359
*CCCC(=O)Oc1ccc(OC(=O)c2cccc(O*)c2)cc1,44.788704
*CCCC(=O)Oc1cccc(OC(=O)CCCCCCCC(=O)O*)c1,-14.913162
*CCCC(C)(C#N)COC(=O)c1ccc(O*)cc1,48.874672
*CCCC(C)(C)CC(*)C,17.831871
*CCCC(C)(C)CC(C*)c1ccccc1,32.972633
*CCCC(C)(C)CCC(C)C#C[Si](*)(CC)CC,-48.171173
*CCCC(C)(C)CCCC(C)CCC(=*)OC,-40.415543
*CCCC(C)(C)CCS(=O)(=O)CCCCC(=O)O*,-25.531906
*CCCC(C)(C)COC(=O)CCCCCCC(=O)O*,-55.80989
*CCCC(C)(C)COC(=O)CCCCN(C)C(=O)CCCCC(=O)N(*)C,-28.083008
*CCCC(C)(C)COc1ccc(-c2ccc(O*)cc2)cc1,36.94867
*CCCC(C)=C(*)c1cccc(/N=N\c2ccccc2)c1,100.65842
*CCCC(C)CC(C)CC(=O)N*,23.801666
*CCCC(C)CC(C)CCC(C)CCC(=O)N*,-14.567688
*CCCC(C)CC(O)CN(*)c1ccc([Si](C)(C)C)cc1,69.020515
*CCCC(C)CCC(COC(*)=S)OC,-11.519104
*CCCC(C)CCCNC(=O)c1ccc(C(=O)N*)cc1,169.40508
*CCCC(C)CCNC(=O)CCCCCCC(=O)N*,45.578125
*CCCC(C)CNC(=O)C(CCCCCCCCCCCCCCCCCCCCCCCCC)N(CSC(=O)O*)SC,8.76181
*CCCC(C)CNC(=O)CCC(C)COC(=O)NCCCCCCCCNC(=O)O*,11.607086
*CCCC(C)CNC(=O)CCCC(=O)NCCCCCCCCNC(=O)C(=O)NC(C)C(=O)N*,86.78453
*CCCC(C)OC(=O)CCCOC(=O)CCCCC(=O)O*,-46.917923
*CCCC(C)S(=O)(=O)CCc1ccc(COC(=O)CCCCCCCC(*)=O)cc1,16.609955
*CCCC(C)[SH](*)(c1ccccc1)c1ccccc1,101.88654
*CCCC(C)[Si](*)(C)O[Si](C)(C)CCCCC,-107.06612
*CCCC(CNC(=O)NCCC(C)(C)C)C(=O)N*,113.83232
*CCCC(CO)(CO*)SCSCCC[N+](C)(C)C,-13.607895
*CCCC(Cl)(CS(=O)(=O)CCl)C(*)(F)Cl,30.807587
*CCCC(F)(F)C([2H])(Cl)CC(F)(F)C(F)(F)C(F)(F)CCCC(=O)N(*)C,-1.9847107
*CCCC(I)CCCNC(=O)C(CCCCC)C(=*)CCCCCNC(=O)Oc1ccc(/N=N/c2ccc([N+](=O)[O-])cc2)cc1,95.105736
*CCCC(OC(C)=O)c1ccccc1O*,74.16564
*CCCC(SCC)N(*)C,-20.230118
*CCCC/C=C/[Si](C)(C)c1ccc([Si](*)(C)C)cc1,29.241081
*CCCC/C=N/CCCCCCNC(=O)CCCCCCCCCCCCC(=O)N*,33.524887
*CCCC1C(=O)N(C(=O)OC)C1*,79.32515
*CCCC1CN(C2=CC=C(CN(C)c3ccc(C4(*)OC(=O)c5ccccc54)cc3C)C2=O)C1=O,184.93715
*CCCCC#CCCCCOC(=O)c1ccc(C(=O)NC(=O)Nc2ccc(C(C)(C)c3ccc(C(=O)O*)cc3)cc2)cc1,84.51904
*CCCCC#CCOC(=O)Nc1ccc(CCSC(=O)O*)cc1,31.218277
*CCCCC(=O)NC1=CC=C(NC(=O)CCCCCCCCCCCCCCCCCCN2CCCC2CC2CC(C)CC(=O)NC(C)N(*)CC2C)CC1,100.51006
*CCCCC(=O)NCCCCCCCNC(=O)CCCNC(=O)C(Cc1ccccc1)C(=O)OCc1ccc(-c2ccc(*)nc2)cc1,42.01046
*CCCCC(=O)NCCCCCCNC(=O)C(Cc1ccccc1)C(=O)OCC(O)O*,2.59935
*CCCCC(=O)NCCCCCCNC(=O)C(O)CN(*)CC,48.890625
*CCCCC(=O)NCCCCCCNC(=O)CC(O)COc1ccc(C(=O)COc2ccc(C(=O)O*)cc2)cc1,47.376785
*CCCCC(=O)NCCCCCCNC(=O)CO*,33.23552
*CCCCC(=O)NCCCCCCNC(=O)COc1ccc(C(=O)OC(=O)c2ccc(O*)cc2)cc1,58.4494
*CCCCC(=O)NCCCCCNC(=O)CNC(=O)CCO*,50.26927
*CCCCC(=O)NCCCCP(=O)(CCC(=O)O*)c1ccccc1,-3.3006592
*CCCCC(=O)NCCCNC(=O)CC(C)N*,72.364
*CCCCC(=O)NCCCOCCOCCOCCOCCCCO*,-35.895523
*CCCCC(=O)NCCC[Si](C)(C)O*,-16.00264
*CCCCC(=O)NCc1ccc(CCOC(=O)N*)cc1,24.323402
*CCCCC(=O)NCc1ccc(NC(=O)CCCCCOc2ccc(-c3ccc(O*)cc3)cc2)cc1,74.9624
*CCCCC(=O)NNC(=O)c1ccc(C(C)(C)c2ccc(O*)cc2)cc1,142.86987
*CCCCC(=O)NNC(=O)c1cccc(C(=O)NCCCCCCCCNC(=O)/C=C/C(=O)N*)c1,124.34531
*CCCCC(=O)Nc1ccc(/N=N/c2ccc(/N=N/c3ccc(OCCCCCCOc4cnc(*)s4)cc3)cc2)cc1,87.70693
*CCCCC(=O)Nc1ccc(CC2=CC=C(CC(C)C)NC(=O)NNC(=O)C(CCCCCCCCCCOC(=O)c3ccc(*)s3)C=C2)cc1,72.4067
*CCCCC(=O)Nc1ccc(Cc2ccc(NC(=O)CCCCCN3C(=O)c4ccc(C(=O)c5ccc6c(c5)C(=O)N(*)C6=O)cc4C3=O)c(C)c2)cc1C,152.9957
*CCCCC(=O)Nc1ccc(NC(=O)CCCCC(=O)Nc2ccc(C(=O)Nc3ccc(NC(=O)c4ccc(O*)cc4)c(C)c3)cc2)cc1,140.79077
*CCCCC(=O)Nc1ccc(NC(=O)CCCCCc2ccc(*)s2)o1,26.279144
*CCCCC(=O)Nc1ccc(NC(=O)c2cccc([PH](=O)[O-])c2)cc1C(=O)O*,157.4944
*CCCCC(=O)Nc1ccc(Oc2ccc(NC(=O)CNc3ccc(*)cc3)cc2)cc1,168.67279
*CCCCC(=O)OCCCCCCNC(=O)C(=O)N*,22.565254
*CCCCC(=O)OCCCCCCOC(=O)Nc1ccc(S(*)(=O)=O)cc1,31.93216
*CCCCC(=O)OCCCCCOC(=O)c1ccc(NC(=O)C(O)N(*)CC)cc1,49.267464
*CCCCC(=O)OCCCCCOC(=O)c1cccc(C(=O)O*)c1,-15.983444
*CCCCC(=O)OCCCCOC(=O)COc1ccc(C(=O)OC(=O)c2ccc(O*)cc2)cc1,25.798836
*CCCCC(=O)OCCCCOC(=O)c1ccc(C(=O)OCCCOC(=O)c2ccc(C#Cc3ccc(O*)cc3)cc2)cc1,38.122917
*CCCCC(=O)OCCOC(=O)COC(=O)Cc1ccc(C(=O)O*)cc1,-3.320282
*CCCCC(=O)OCCOc1ccc(OC(=O)c2ccc(C(=O)Oc3ccc(*)o3)cc2)cc1,26.956146
*CCCCC(=O)OCc1ccc(OCc2ccc(O*)cc2)cc1,47.48928
*CCCCC(=O)Oc1ccc(C(=O)CS*)cc1,-8.037979
*CCCCC(=O)Oc1ccc(OC(=O)c2ccc(O*)cc2)cc1,46.731873
*CCCCC(=O)Oc1ccc(OC(=O)c2cccc(*)c2)cc1,40.43724
*CCCCC(=O)Oc1ccc(Oc2ccc(OC(=O)CCCOCCOCCOCCOCC(=O)Oc3ccc(C(C)(C)c4ccc(O*)cc4)cc3)cc2)cc1,30.473534
*CCCCC(C)COC(=O)CCCCCCCC(=O)O*,-34.745544
*CCCCC(CC)CC(C)(C)COC(=O)CCCC(=O)N*,-7.098587
*CCCCC(F)(F)C(F)(F)COC(=O)Cc1cc(C(=O)S*)ccc1Br,29.311996
*CCCCC(O)COP(=O)(O*)OCc1ccccc1,-18.07277
*CCCCC/C=C(/*)c1ccc(COCCCCCC)cc1,22.26735
*CCCCC/C=C/CCOC(=O)CCCCCCCCCC(=O)O*,-10.1128235
*CCCCC/N=C(/*)CC[Si](C)(CC)CCCC,-15.607346
*CCCCC1(*)CC(C)(CBr)C1C,110.65005
*CCCCCBC(=O)NCC(C)(C)CCCCCc1ccc(*)o1,-23.474167
*CCCCCC#CC#CC#CC#CCSCCCCS*,-27.637146
*CCCCCC#CCCCNC(=O)CCCSSCCCCS*,-28.215439
*CCCCCC#CCOC(=O)C/C(=C/C(=O)O*)c1ccc(-c2ccc([N+](=O)[O-])cc2)cc1,70.34005
*CCCCCC#CCOC(=O)c1cccc(C(=O)NCCCCCCNC(=O)NCCN(*)CCCC)c1,28.533607
*CCCCCC(*)C(=O)NC1CCCC(C)CC1C,94.15396
*CCCCCC(*)CCNC(C)=O,45.91076
*CCCCCC(*)CN=C(F)C(F)(F)C(F)(F)C(F)(F)F,20.55075
*CCCCCC(*)CNC(=O)NC(C)CCC,90.581375
*CCCCCC(*)OC(=O)c1cc([2H])c([2H])c(F)c1,51.313377
*CCCCCC(*)[PH](=O)c1ccc(F)cc1Cl,57.745026
*CCCCCC(=*)Oc1ccc(C(=O)Oc2ccccc2)cc1,33.759705
*CCCCCC(=O)/C=C/C(=O)N(CC(=O)O*)c1ccc(/N=N/c2ccc(C#N)cc2)cc1,123.2475
*CCCCCC(=O)NCC(=O)NOCCCCCO*,-4.523926
*CCCCCC(=O)NCC(Cl)CN(*)C,14.659622
*CCCCCC(=O)NCCCCCCC(CC)NC(=O)O*,19.881592
*CCCCCC(=O)NCCCCCCCCCCCCNC(=O)C*,47.94848
*CCCCCC(=O)NCCCCCCCCNC(=O)CCC(=O)NCC*,52.56372
*CCCCCC(=O)NCCCCCCCNC(=O)CCS(=O)(=O)CCCOC(=O)N*,12.0282135
*CCCCCC(=O)NCCCCCCCNC(=O)CCSc1ccc(*)cc1,54.056557
*CCCCCC(=O)NCCCCCCNC(=O)C1CSCOCC1*,43.622566
*CCCCCC(=O)NCCCCCCNC(=O)CC(CC(C)C)C(=O)S*,18.494125
*CCCCCC(=O)NCCCCCCNC(=O)CCCCC(=O)NCCCCCNC(=O)c1cccc(C(=O)O*)c1,32.32631
*CCCCCC(=O)NCCCCCCNC(=O)CCCCCCCC(=O)NCCOC(=O)C(Cc1ccccc1O*)c1ccccc1,30.69741
*CCCCCC(=O)NCCCCCCNC(=O)CCCCCCOCCCCCOC(=O)NCCCCCCNC(=O)O*,2.988968
*CCCCCC(=O)NCCCCCCNC(=O)CCc1ccc(CCN(*)C(=O)OC)cc1,25.03907
*CCCCCC(=O)NCCCCCCNC(=O)c1ccccc1C(=O)N*,83.84207
*CCCCCC(=O)NCCCCCCOCCCCNC(=O)C*,1.3200684
*CCCCCC(=O)NCCCCCNC(=O)C(C)O*,36.579453
*CCCCCC(=O)NCCCCCOCCCCCCNC(=O)CCCO*,-12.121246
*CCCCCC(=O)NCCCCNC(=O)c1ccc(*)nc1,70.975365
*CCCCCC(=O)NCCCCOCCNC(=O)C(=O)N*,49.018105
*CCCCCC(=O)NCCCCSCCCCCCO*,-23.743622
*CCCCCC(=O)NCCCNC(*)=O,44.765648
*CCCCCC(=O)NCCCOC(=O)COC(=O)CCCC(=O)O*,-35.570114
*CCCCCC(=O)NCCCSCCNC(=O)CCCCCC(*)=O,-38.59117
*CCCCCC(=O)NCCOC(=O)C/C(=C/CCCCCCCC/C=C/C(=O)O*)c1ccc(/C=C/C(=O)O)cc1,76.88438
*CCCCCC(=O)NCCOCCOCCOCCOCCO*,-43.857956
*CCCCCC(=O)NCCSCCCCCCCC(=O)S*,-13.049515
*CCCCCC(=O)NCCc1ccc(CNC(=O)CCCC(=O)S*)cc1,20.430359
*CCCCCC(=O)NCCc1ccc(CNC(=O)CCCCCS*)cc1,7.245636
*CCCCCC(=O)NCCc1ccccc1*,69.57887
*CCCCCC(=O)NCc1ccc(C)c(NC(=O)O*)c1,82.48962
*CCCCCC(=O)NCc1ccc(CC(=O)O*)cc1,47.581512
*CCCCCC(=O)NCc1ccc(CC[Si](C)(C)O*)cc1,16.6978
*CCCCCC(=O)NCc1ccc(CN(C)C)c(N=*)c1,64.157166
*CCCCCC(=O)NCc1ccc(CNC(=O)CCCCCCCC(=O)N*)cc1,45.25022
*CCCCCC(=O)NCc1ccc(CNC(=O)CS*)cc1,74.966965
*CCCCCC(=O)NCc1ccc(CO*)cc1,56.93683
*CCCCCC(=O)NCc1ccc(NC(=O)O*)c(C)c1C,97.00638
*CCCCCC(=O)NNC(=O)CCOCCCCCCOc1ccc(OC(=O)c2ccc(C(=O)O*)cc2)cc1,47.137573
*CCCCCC(=O)NNC(=O)c1ccc(C(=O)/N=C/c2ccc(OCCCCCCOc3ccc(O*)cc3)cc2)cc1,97.50871
*CCCCCC(=O)NSCCCSCCNC(=O)S*,-10.069916
*CCCCCC(=O)Nc1ccc(C(=O)CNc2ccc(*)cc2)cc1,127.14393
*CCCCCC(=O)Nc1ccc(C(=O)NCCN(*)c2ccc(C)cc2)cc1,134.74655
*CCCCCC(=O)Nc1ccc(C(=O)O*)c(Oc2ccc(/N=N/c3ccc(OCCCC)cc3)cc2)c1,106.178955
*CCCCCC(=O)Nc1ccc(CCNC(=O)c2ccc(*)o2)c(C)c1,87.407875
*CCCCCC(=O)Nc1ccc(NC(=O)CCCCCCCCC(=O)Nc2ccc(C(=O)Nc3ccc(*)cc3)cc2)cc1,141.6565
*CCCCCC(=O)Nc1ccc(NC(=O)N/C=N/c2ccc(C=*)cc2)cc1,178.61957
*CCCCCC(=O)Nc1ccc(NC(=O)c2ccc(*)cc2)cc1,163.42805
*CCCCCC(=O)Nc1cccc(NC(=O)CCCCC[N+](*)(C)C)c1,67.79874
*CCCCCC(=O)OC(=O)CCCNC(=O)NCCCCCCNC(=O)CCCCCCC(=O)O*,-11.589783
*CCCCCC(=O)OC(=O)CCCOC(=O)O*,-46.408844
*CCCCCC(=O)OC1=CC=C2C=C(OC(=O)c3ccc4c(c3)C(=O)N(*)C4=O)C=C2C1=O,115.957344
*CCCCCC(=O)OCC(C)(CC)CCOC(=O)CCCCC(=O)O*,-57.8938
*CCCCCC(=O)OCC(F)(F)C(F)(F)C(F)(F)COC(=O)CCCCCOC(=O)O*,-37.547287
*CCCCCC(=O)OCCCCCCOC(=O)c1cccc(NC(=O)NNC(=O)c2cccc(O*)c2)c1,44.095963
*CCCCCC(=O)OCCCCOC(=O)CCCCCCCCCCCCC(=O)c1ccc(N(*)CCCCCC)cc1,-8.315155
*CCCCCC(=O)OCCOC(=O)CCCOC(=O)c1ccc(-c2ccc(O*)cc2)cc1,1.8579407
*CCCCCC(=O)OCCOC(=O)COCC(=O)O*,-42.97882
*CCCCCC(=O)OCCOC(=O)c1cccc(C(=O)OCCOC(=O)OCCOCCOC(=O)c2ccc(O*)cc2)c1,0.23799133
*CCCCCC(=O)Oc1ccc(C(C)(C)c2ccc(OCCCOc3ccc(-c4ccc(O*)cc4)cc3)cc2)cc1,75.063515
*CCCCCC(=O)Oc1ccc(C2(c3ccc(OC(=O)c4ccc5c(c4)C(=O)N(*)C5=O)cc3)CCC2)cc1,137.61845
*CCCCCC(=O)Oc1ccc(NC(=O)c2ccc(C(=O)O*)cc2)cc1,91.96445
*CCCCCC(=O)Oc1ccc(OC(=O)COc2ccc(OCCCCCOc3ccc(OC(=O)c4ccc(O*)cc4)cc3)cc2)cc1,56.085762
*CCCCCC(=O)Oc1ccc(OC(=O)c2ccc(N(c3ccccc3)c3ccc(O*)cc3)cc2)cc1,93.134384
*CCCCCC(=O)SNC(=O)CCCCCOC(=O)c1cccc(C(=O)O*)c1,12.713181
*CCCCCC(=S)N(*)CC(=O)Oc1ccc(OC(=O)c2ccc(OCCC)cc2)cc1,86.23025
*CCCCCC(C)(CCC)COC(=O)O*,-13.25061
*CCCCCC(C)CC(OC)c1ccc(C(C)(C)c2ccc(C(C)(C)c3ccc(O*)cc3)cc2)cc1,72.03853
*CCCCCC(C)CCC(=O)NCCCCCCCCNC(=O)CCCCCO*,22.692932
*CCCCCC(C)CCCCCCCCC(=O)N(CO*)COC,-2.4554443
*CCCCCC(C)CCCNC(=O)CCCCCCC(=O)N*,21.278412
*CCCCCC(C)CNC(=O)CCCCCCCCCCCC(=O)N*,39.244392
*CCCCCC(C)COC(=O)c1ccc(NC(=O)CCCCN2CCN(*)CC2)o1,8.7509
*CCCCCC(C)OC(=O)c1ccc(C(=O)CCCC(=O)Nc2ccc(C(=O)OCCOC(=O)c3ccc(C(=O)O*)cc3)cc2)cc1,47.53089
*CCCCCC(CC)COC(=O)NCCSCCCCCNC(=O)O*,-8.057419
*CCCCCC(F)(F)C(F)(F)COC(=O)/C=C/CC(*)C,6.6965485
*CCCCCC(O)CN(*)C(=O)CCB(C)C,-6.428772
*CCCCCC(O)CSSSS*,-34.830505
*CCCCCC(c1ccccc1)C(*)c1ccc(O)cc1,40.96872
*CCCCCC/C=C(/*)CCCOc1ccc(C(=O)Oc2ccc(F)cc2)cc1,64.616325
*CCCCCC1CC(COC(=O)Nc2ccc(CSS*)cc2)C1Br,81.5244
*CCCCCC1CCN(C(=O)CCCCC(=O)C(*)CC(O)COC(=O)c2ccc(OCCCCCCCCCCCC)cc2)C1,20.61589
*CCCCCCC#CCCCCCCCCCCCCCCCCOC(=O)CCCCCCCCCC(=O)O*,-9.928604
*CCCCCCC#CSSCCS*,-38.44583
*CCCCCCC(*)(Cl)C(=O)OCCCOC,13.745865
*CCCCCCC(*)CNC(=O)c1ccc(F)cc1,92.55707
*CCCCCCC(*)COCCCC,-52.952484
*CCCCCCC(=O)CCc1ccc(COC(=O)CCCCOc2ccc(/C=C/c3ccc(*)cc3)cc2)cc1,71.058525
*CCCCCCC(=O)N/C=C/C=C/CCOC(=O)CCCCCCCCC(=O)O*,11.861176
*CCCCCCC(=O)NC(C)CCCCNC(=O)CCCCS*,4.920471
*CCCCCCC(=O)NCCCCCCCC(=O)N*,38.89766
*CCCCCCC(=O)NCCCCCCCCNC(=O)c1ccc(*)o1,72.234276
*CCCCCCC(=O)NCCCCCCNC(=O)CCCCCC*,6.616928
*CCCCCCC(=O)NCCCCOCCNC(=O)CCCCCCS*,-16.197052
*CCCCCCC(=O)NCCCNC(=O)CCOC(=O)c1cccc(C(=O)O*)c1,40.621162
*CCCCCCC(=O)NCCCc1ccc(*)nc1,62.275436
*CCCCCCC(=O)NCCOCCCCCCNC(=O)c1ccc(C(=O)O*)cc1,38.484306
*CCCCCCC(=O)NCCOCCOCCS(=O)(=O)C*,-16.907593
*CCCCCCC(=O)NCCSCCNC(=O)CO*,25.570984
*CCCCCCC(=O)NCc1ccc(CCNC(=O)CCCCCCCS*)cc1,6.070999
*CCCCCCC(=O)NNC(=O)c1ccc(C(=O)NS(=O)(=O)CCNn2c(=O)c3cc4c(=O)n(*)c(=S)c4cc3c2=O)c(Br)c1,181.27722
*CCCCCCC(=O)NSC(=O)COc1ccc(C(C)(C)c2ccc(O*)cc2)cc1,43.294807
*CCCCCCC(=O)Nc1ccc(Cc2ccc(NCCCCNC(=O)CCCN3C(=O)c4ccc(*)cc4C3=O)cc2)cc1,83.2447
*CCCCCCC(=O)Nc1ccc(S(=O)(=O)c2ccc(N3C(=O)c4ccc(*)cc4C3=O)cc2)cc1,217.869
*CCCCCCC(=O)Nc1ccc(S(=O)(=O)c2ccc(NC(=O)CN3C(=O)c4ccc(C(=O)c5ccc6c(c5)C(=O)N(*)C6=O)cc4C3=O)cc2)cc1,210.03273
*CCCCCCC(=O)Nc1ccccc1N*,79.21327
*CCCCCCC(=O)OCCCCCOC(=O)CCCCCCCCCCC(=O)OCCCCCCOc1ccc(-c2ccc(O*)cc2)cc1,15.635925
*CCCCCCC(=O)Oc1c(OC)cc(*)cc1OCC,51.577385
*CCCCCCC(=O)Oc1ccc(C(=O)OCCCCCCOc2ccc(-c3ccc(O*)cc3)cc2)cc1,46.654312
*CCCCCCC(=O)Oc1ccc(OC(=O)c2ccc([SiH](C)OC(=O)c3ccc(*)cc3)cc2)cc1,47.168236
*CCCCCCC(=O)Oc1ccc(OC(=O)c2cccc(S(*)(=O)=O)c2)cc1,56.166832
*CCCCCCC(=O)SCc1ccc(C#N)cc1*,31.814629
*CCCCCCC(C)C(=O)O*,-0.8805542
*CCCCCCC(C)CCCCCCOC(=O)CC(=O)N*,-5.534775
*CCCCCCC(C)CCCCOC(=O)CCCCCCCCCCCCCCC(=O)O*,-33.075775
*CCCCCCC(C)CNC(=O)CCCc1ccc(CC(=O)N*)cc1,82.44788
*CCCCCCC(C)CNC(=O)c1cc(C)c(Cc2ccc(C(=O)N*)cc2C)c(S(=O)(=O)O)c1,138.46986
*CCCCCCC(C)COC(=O)c1ccc(C(=O)N*)c(Oc2ccc([N+](=O)[O-])c(OCCCCCCCC)c2)c1,53.803955
*CCCCCCC(C=*)CCCO,-18.94638
*CCCCCCC(O)COC(=O)CCCCC(=O)O*,-31.275665
*CCCCCCC1CCCC(*)C1,-3.419632
*CCCCCCCC(=*)CCCCCCCCCCS(=O)(=O)CCC(=O)OCCCC,-3.57872
*CCCCCCCC(=O)CNc1ccc(CNC(=O)CCCN2CCN(*)C2=O)cc1,55.25876
*CCCCCCCC(=O)N/C=C/C(=O)O*,70.29552
*CCCCCCCC(=O)N/C=C/N=C(\C)C(=O)O*,67.48577
*CCCCCCCC(=O)NC(C)C(=O)O*,24.869568
*CCCCCCCC(=O)NC1CCN(C(=S)SSCCCCCC*)C1C,-0.102371216
*CCCCCCCC(=O)NCCCCCC/N=C(/*)CCCCCCCC,-20.951904
*CCCCCCCC(=O)NCCCCCCNC(=O)C(*)C,24.278442
*CCCCCCCC(=O)NCCCCCCNC(=O)CCCCCNC(=O)C(=O)N*,40.233597
*CCCCCCCC(=O)NCCCCCCNC(=O)CCc1ccc(*)o1,2.2919922
*CCCCCCCC(=O)NCCCCCCNC(=O)CNCC(=O)N*,43.03453
*CCCCCCCC(=O)NCCCCCCNC(=O)COCCCCCCO*,-15.193192
*CCCCCCCC(=O)NCCCOC(=O)CCCCSCCC(=O)O*,-42.23471
*CCCCCCCC(=O)NCc1ccc(N(*)C)nc1,55.121574
*CCCCCCCC(=O)NNC(=O)CCCCCCCCC(=O)O*,-4.0347595
*CCCCCCCC(=O)Nc1cc(OCC)c(O*)cc1OC(=O)c1ccc(/N=C/c2ccc(OC)cc2)cc1,84.27553
*CCCCCCCC(=O)Nc1ccc(NC(=O)CCCCCN(*)c2ccc(OC)cc2)cc1,55.164246
*CCCCCCCC(=O)OCCOC(=O)c1ccc(Cc2ccc(C(=O)O*)cc2)cc1,20.807274
*CCCCCCCC(=O)Oc1ccc(-c2ccc(OC(=O)CCCCCCCC(=O)O)c(O*)c2)cc1,29.488441
*CCCCCCCC(=O)Oc1ccc(OC(=O)Oc2ccc(O*)cc2)cc1,20.532532
*CCCCCCCC(=O)Oc1ccc(OC(=O)c2ccc(OCCCCCCOc3ccc(C(=O)Oc4ccc(O*)cc4)cc3)cc2)cc1,31.835815
*CCCCCCCC(=O)Oc1ccc(Oc2ccc(O*)cc2C)c(OC)c1,46.54831
*CCCCCCCC(=O)c1ccc(*)c(O)c1,15.526062
*CCCCCCCC(=S)NCCOCCOCCO*,-36.98384
*CCCCCCCC(C(*)=O)c1ccc(C(=O)OCCN(C)c2ccc(C#N)cc2)cc1,70.86106
*CCCCCCCC(C)CC(C)CNC(=O)CCCC(=O)N*,31.743446
*CCCCCCCC(C)CCNC(=O)Nc1ccc(C(=O)O*)c(CCC)c1,106.723755
*CCCCCCCC(CO)CN(*)CCCCCCCC,-58.99698
*CCCCCCCC=C(*)C,-47.066483
*CCCCCCCC=C(C)NC(=O)/C=N/C(=O)N*,84.04045
*CCCCCCCC=C1CCN(*)C(C)O1,22.525284
*CCCCCCCCC#CC#CCOC(=O)c1ccccc1C(=O)O*,-20.97728
*CCCCCCCCC#CC#C[Si](*)(C)CC,-42.902985
*CCCCCCCCC(*)CCCCCCCCCCCCCCCC,-58.216843
*CCCCCCCCC(*)CNCCCCCCCC,-62.064972
*CCCCCCCCC(=O)NCCCCCCCCCCCNC(=O)CCCOCCOCCOCCO*,-12.687241
*CCCCCCCCC(=O)NCCCCCCNC(=O)C(=O)NCCCCCCOCCN(*)C,10.416946
*CCCCCCCCC(=O)NCCCCCCNC(=O)C(O)CCC(=O)N*,40.30735
*CCCCCCCCC(=O)NCCCCCOCCCCNC(=O)CCCCOC(=O)COC(=O)CCCC(=O)O*,-43.348663
*CCCCCCCCC(=O)NCCCCCc1ccc(OCCOC(=O)C*)cc1,8.792206
*CCCCCCCCC(=O)NCCCNC(=O)CCOC(=O)CSCCSCCC(=O)S*,-28.652908
*CCCCCCCCC(=O)Nc1ccc(*)cc1,81.86745
*CCCCCCCCC(=O)Nc1ccc(/N=C/c2ccc(C(=O)O*)cc2)cc1,102.61383
*CCCCCCCCC(=O)Nc1ccc(Oc2ccc(/C=C/c3ccc(OCC)cc3)cc2)cc1*,125.083145
*CCCCCCCCC(=O)Nc1cccc(NC(=O)CCCCCCCCC(=O)Nc2cccc(C(=O)N*)c2)c1,94.503876
*CCCCCCCCC(=O)OC(=O)C1CCCOC(*)OC1,0.51390076
*CCCCCCCCC(=O)Oc1ccc(/N=C/C=C/c2ccc(OCCCCCCCCCCCCOc3ccc(/C=C/c4ccc(O*)cc4)cc3)cc2)cc1,71.58345
*CCCCCCCCC(C)(C)CNC(=O)Nc1ccc(C[Si](C)(C)O*)cc1,28.866905
*CCCCCCCCC(C)C(=O)NCCc1ccc(COc2ccc(C(=O)O*)cc2)cc1,77.74431
*CCCCCCCCC/C=C(/*)CC,23.901176
*CCCCCCCCC=C(*)CCCCCCCCCC,-65.053085
*CCCCCCCCCC(*)(CC)NC(=O)CCCCCCC,-1.3417664
*CCCCCCCCCC(*)CCCCCCCCCOc1ccc(-c2ccc(OCC(C)CC)cc2)cc1,9.897934
*CCCCCCCCCC(*)OC(=O)c1ccc(OCCSC)cc1,3.3251343
*CCCCCCCCCC(=O)N/C=C/C(*)=O,73.69031
*CCCCCCCCCC(=O)NCCC(=O)O*,1.8440704
*CCCCCCCCCC(=O)NCCCCCCCCCCOC(=O)S*,-12.268555
*CCCCCCCCCC(=O)NCCCCCCNC(=O)COS(=O)(=O)CCC(C)CC(=O)O*,-18.733765
*CCCCCCCCCC(=O)NCCCCCCOCCCCNC(=O)COc1ccc(/C=C/c2ccc(O*)cc2)cc1,37.423767
*CCCCCCCCCC(=O)NCCCCNC(=O)CCCCCCCCC(=O)NCCCCCNC(=O)CCCCOC(=O)CCCC(=O)N*,0.44174194
*CCCCCCCCCC(=O)NCCOC(=O)CCCCC(=O)O*,-38.115036
*CCCCCCCCCC(=O)NCCc1ccc(CNC(=O)CCCCCCS*)cc1,9.647934
*CCCCCCCCCC(=O)NCc1ccc(CNC(=O)CCCCCCCCCC(=O)N*)cc1,50.868225
*CCCCCCCCCC(=O)Nc1ccc(Cc2ccc(NC(=O)CCCCCO*)cc2)cc1,33.054802
*CCCCCCCCCC(=O)Nc1ccc(NC(=O)/C=C/C=C/P(=O)(c2ccccc2)c2ccc(C(*)=O)cc2)cc1,166.14413
*CCCCCCCCCC(=O)Nc1ccc(NC(=O)CCCCNCC(=O)Nc2ccc(O*)cc2)cc1,87.26198
*CCCCCCCCCC(=O)OCCCCCCOC(=O)c1ccccc1*,-33.40622
*CCCCCCCCCC(=O)OCCOC(=O)c1ccc(/N=N/Nc2ccc(C(=O)O*)cc2)cc1,42.0616
*CCCCCCCCCC(=O)Oc1ccc(C#Cc2ccccc2-c2ccc(O*)cc2)cc1,57.298813
*CCCCCCCCCC(=S)NOC(=O)c1cccc(C(=O)O*)c1,25.241272
*CCCCCCCCCC(C)CCC(=O)O*,-44.54077
*CCCCCCCCCC/C=C(/*)CCCCCCCC,-10.507095
*CCCCCCCCCC1CCC(*)C(COC(=O)CCCSC(=O)NCCCCCCCCC)C1,16.882889
*CCCCCCCCCCC(*)CCCCC,-70.79466
*CCCCCCCCCCC(=O)NCC#CCOCCCCCCNC(=O)C(=O)N*,13.497391
*CCCCCCCCCCC(=O)NCC(=O)OCCCCCCOC(=O)c1ccc(C(=O)O*)cc1,16.717438
*CCCCCCCCCCC(=O)NCCCCCCCCCCCNC(=O)CCCCOC(=O)CCCCC(=O)O*,-15.384735
*CCCCCCCCCCC(=O)NCCCCCCCNC(=O)CS*,44.852966
*CCCCCCCCCCC(=O)NCCCCCCNC(=O)C(CCCCCCC(=O)N*)c1ccc(/N=N/c2ccc([N+](=O)[O-])cc2)cc1,70.56946
*CCCCCCCCCCC(=O)NCCCCCCNC(=O)CCCCC(=O)O*,-4.5339355
*CCCCCCCCCCC(=O)NCCCCCCNC(=O)CCCCCO*,-8.21463
*CCCCCCCCCCC(=O)NCCCCCCNS(=O)(=O)CCCCC(=O)N*,1.9669647
*CCCCCCCCCCC(=O)NCCCCCCOCCCCCCCCCCCCS*,-17.063858
*CCCCCCCCCCC(=O)NCc1ccc(*)nc1,78.104774
*CCCCCCCCCCC(=O)NCc1ccc(CNC(=O)COCC(O*)OCC)cc1,40.750336
*CCCCCCCCCCC(=O)OCCCCCOC(=O)CCCCCCCCC(=O)OCCCOC(=O)CCCCC(=O)O*,-39.281967
*CCCCCCCCCCC(=O)Oc1ccc(C(C)(C)c2ccc(O*)c(C)c2)cc1,54.222824
*CCCCCCCCCCC(=S)OC(=O)c1ccc(C(*)=O)cc1,39.989548
*CCCCCCCCCCC(C)CCCCCCC(=O)N*,-16.214127
*CCCCCCCCCCC(CC)CCC(*)C,-53.602646
*CCCCCCCCCCCC#CCS*,-69.99803
*CCCCCCCCCCCC(*)C(=O)Oc1ccc([N+](=O)[O-])cc1,39.79911
*CCCCCCCCCCCC(*)C=C,-75.18959
*CCCCCCCCCCCC(=O)NCCCCCCCNC(=O)C*,50.665474
*CCCCCCCCCCCC(=O)NCCCCCCNC(=O)CCCCCCCO*,-1.9072723
*CCCCCCCCCCCC(=O)NCCCCCCNC(=O)CCCOCCCCS*,-18.031738
*CCCCCCCCCCCC(=O)NCCCCCNC(=O)CCCCCO*,-2.457077
*CCCCCCCCCCCC(=O)NCCc1ccc(NC(=O)CCCCCCCCCCCCCC(=O)S*)cc1,32.29856
*CCCCCCCCCCCC(=O)OCCOC(=O)COc1ccc(O*)c(O)c1,-0.61235046
*CCCCCCCCCCCC(C)(C)N*,-29.936722
*CCCCCCCCCCCC(C)C(*)C,-34.88878
*CCCCCCCCCCCCC(=O)NCC=CCCNC(=O)CCCOCCO*,-0.40333557
*CCCCCCCCCCCCC(=O)NCCCCCCCCCSC=CC=C=CCOCCN(*)C,-30.054321
*CCCCCCCCCCCCC(=O)NCCCCCCCCNC(=O)CCCCCO*,8.237717
*CCCCCCCCCCCCC(=O)NCCCCCCNCC(=O)O*,18.205055
*CCCCCCCCCCCCC(=O)Nc1ccc(-c2ccc(C(=O)O*)cc2)cc1,83.68528
*CCCCCCCCCCCCC(=O)OCCCCCCNC(=O)c1ccc(*)s1,11.058289
*CCCCCCCCCCCCC(=O)OCCCCOC(=O)CCCCCCCCn1c(=O)c2cc3c(=O)n(*)c(=O)c3cc2c1=O,48.897285
*CCCCCCCCCCCCC(=O)Oc1ccc(CCOC(=O)COCC(O)O*)cc1,6.3836823
*CCCCCCCCCCCCC1CCN(*)C(=O)C1,18.09018
*CCCCCCCCCCCCCC(*)CCCC,-55.44301
*CCCCCCCCCCCCCC(=O)NCCCC(=O)O*,0.41352844
*CCCCCCCCCCCCCC(=O)NCCCCCCCCCCCCNC(=O)c1cccc(*)n1,70.0179
*CCCCCCCCCCCCCC(=O)NCCCCCCCCCCNC(=O)CCCCCOC(=O)CCCCCCCCC(=O)O*,-10.317078
*CCCCCCCCCCCCCC(=O)Nc1ccc(-c2ccc(C(=O)N*)cc2)cc1,113.69552
*CCCCCCCCCCCCCC(=O)Nc1ccc(Cc2ccc(NC(=O)O*)cc2)cc1,93.180115
*CCCCCCCCCCCCCC(=O)OCCCCCCOC(=O)CCCCCCC(=O)O*,-42.795013
*CCCCCCCCCCCCCC(=O)OCCOC(=O)c1ccc(C(=O)NCCCCCO*)cc1,8.277893
*CCCCCCCCCCCCCC(=O)OCc1ccc(Cc2ccc([Si](*)(C)CCN)cc2)cc1,16.182693
*CCCCCCCCCCCCCC(=O)Oc1ccc(C(=O)NCCCNC(=O)c2ccc(C(=O)NCC)cc2)cc1*,89.3613
*CCCCCCCCCCCCCC(=O)Oc1ccc(CCc2ccc(OC(=O)CCCCCCCCC(=O)Oc3ccc(O*)cc3)cc2)cc1,26.923065
*CCCCCCCCCCCCCC(C)CCCCCO*,-54.458847
*CCCCCCCCCCCCCC/C=C/CCCCCCCS*,-20.220215
*CCCCCCCCCCCCCCC#CC#CC#CCOc1ccc(OC(=O)CCCCCCCCC(=O)Oc2ccc(O*)cc2)cc1,17.445564
*CCCCCCCCCCCCCCC(=O)NNC(=O)CCCCCCCCCCC(=O)NCCCCCCNC(=O)CCCOC(=O)CNC(=O)CCCCCO*,11.3103485
*CCCCCCCCCCCCCCC(=O)OCCOC(=O)c1ccc(C(=O)S*)c(O)c1,9.188736
*CCCCCCCCCCCCCCC(=O)S*,-20.974579
*CCCCCCCCCCCCCCC(C)CCSC(=O)CCCSCCCCC(=O)O*,-47.634308
*CCCCCCCCCCCCCCCC#CC#C[Si](C)(C)CC(C)(C)CC[Si](*)(C)C,-14.552658
*CCCCCCCCCCCCCCCC(=O)NCc1ccc(NC(=O)CCCCCCCCCCNC(=O)c2ccc(*)o2)o1,44.603912
*CCCCCCCCCCCCCCCC(=O)Nc1ccc(*)cc1,55.091896
*CCCCCCCCCCCCCCCC(=O)Oc1ccc(C(=O)OC(=O)c2ccc(OCCOCCOCCOCCOCCOc3ccc(C(*)=O)cc3)cc2)cc1,27.501259
*CCCCCCCCCCCCCCCC(=O)Oc1ccc(C(C)(CCOc2ccc(C(=O)O*)cc2)c2ccc(/N=N/c3ccc([N+](=O)[O-])cc3)cc2)cc1,92.386635
*CCCCCCCCCCCCCCCC(=O)SOc1c(F)c([2H])c(Cl)c(O*)c1OC,33.65555
*CCCCCCCCCCCCCCCCC(*)CCCCCC,-56.484085
*CCCCCCCCCCCCCCCCC(=O)NCCCCCCCCCCNC(=O)CCCCCO*,16.501785
*CCCCCCCCCCCCCCCCC(=O)NCCc1ccc(CC(=O)N*)cc1,64.109245
*CCCCCCCCCCCCCCCCC(=O)NNC(=O)CCCCCCCCC(=O)NCCCNC(=O)C(=O)N*,70.423035
*CCCCCCCCCCCCCCCCC(=O)OCCOCCOCC(=O)O*,-51.822968
*CCCCCCCCCCCCCCCCCC(*)C(C)CC,-31.654678
*CCCCCCCCCCCCCCCCCC(=O)NCCCCCCCCNC(=O)O*,16.773865
*CCCCCCCCCCCCCCCCCC(=O)NCc1ccccc1C(=O)O*,24.128822
*CCCCCCCCCCCCCCCCCC(C)COC(=O)CCCCC(=O)O*,-37.826797
*CCCCCCCCCCCCCCCCCCC(=O)NCCCCCCNC(=O)CCCCSCCCCC(=O)N*,17.18222
*CCCCCCCCCCCCCCCCCCC(=O)Nc1ccc(Sc2ccc(NC(=O)O*)cc2)cc1,106.568146
*CCCCCCCCCCCCCCCCCCCC(=O)NCCCCCCCNC(=O)CCCOC(=O)CCCCO*,-10.970505
*CCCCCCCCCCCCCCCCCCCC(COc1ccc(CCCCCCC)cc1)CN(*)CCCCC,-18.18251
*CCCCCCCCCCCCCCCCCCCCC(*)S[SH](C)(C)C,-15.415955
*CCCCCCCCCCCCCCCCCCCCC(=O)OCCCCCCCCCOC(=O)CCCc1ccc(C#N)cc1*,6.5295563
*CCCCCCCCCCCCCCCCCCCCCC(=O)NNC(=O)CCCCCCC(=O)N*,29.836922
*CCCCCCCCCCCCCCCCCCCCCCC(=O)NCCC(C)CCCNC(=O)c1cccc(C(=O)N*)c1,69.66568
*CCCCCCCCCCCCCCCCCCCCCCC(=O)OCCOC(=O)CCCCCCCCCCCC(=O)O*,-28.610886
*CCCCCCCCCCCCCCCCCCCCCCCC(=O)NCCCCCNC(=O)CCCCC(=O)N*,38.05995
*CCCCCCCCCCCCCCCCCCCCCCCC(=O)NOCCCCCCCCCOC(=O)NC(=O)C(=O)N*,14.086227
*CCCCCCCCCCCCCCCCCCCCCCCCCC(=O)Oc1cc(C(*)=O)cc(C(=O)OCCOc2ccc(/N=C/c3ccccc3)cc2)c1,68.34594
*CCCCCCCCCCCCCCCCCCCCCCCCCC(C)(C)NS(=O)(=O)CCCCC(=O)N*,11.976059
*CCCCCCCCCCCCCCCCCCCCCCCCCCCCCCCCCCCCC/C=C/C(CO*)CSCC,9.613403
*CCCCCCCCCCCCCCCCCCCCCCCCCCCCCCCCCCCNC(=O)C(=O)N*,40.52401
*CCCCCCCCCCCCCCCCCCCCCCCCCCCCCCOC(=O)C(CCCCCCC)C(=O)O*,-30.161896
*CCCCCCCCCCCCCCCCCCCCCCCCCCCCCCOC(=O)c1ccc(C(=O)NCCC(*)=O)cc1,46.593376
*CCCCCCCCCCCCCCCCCCCCCCCCCCOC(=O)CCCCSC(=O)O*,-28.935837
*CCCCCCCCCCCCCCCCCCCCCCCCCCOc1ccc(/C=N/c2ccc(O*)cc2OC)cc1,61.93577
*CCCCCCCCCCCCCCCCCCCCCCCCNC(=O)CCCCC(=O)NCCCCCCNC(=O)C(=O)N*,61.998436
*CCCCCCCCCCCCCCCCCCCCCCCCNC(=O)CCCCCCCCCCCCCCCCCCCCCCCCCCCCC(=O)N*,29.49643
*CCCCCCCCCCCCCCCCCCCCCCCCOC(=O)c1cc(OCCCCCCCCCCOc2ccc(-c3ccc(-c4ccc(C(=O)O*)cc4)cc3)cc2)ccc1OC,52.29206
*CCCCCCCCCCCCCCCCCCCCCCCCOc1ccc(/C=C/c2ccc(OC(=O)c3ccc(O*)cc3)cc2)cc1,73.45709
*CCCCCCCCCCCCCCCCCCCCCCCCSC(=O)c1ccc(C(=O)N*)c(OC)c1,46.51934
*CCCCCCCCCCCCCCCCCCCCCCCOc1ccc(CC(=O)Nc2ccc(O*)cc2)cc1,40.522102
*CCCCCCCCCCCCCCCCCCCCCCNC(=O)CCCCCNC(=O)CCCCSc1cc(C(=O)N*)ccc1C,50.195747
*CCCCCCCCCCCCCCCCCCCCCCOC(=O)c1ccc(-c2ccc(C(=O)CNc3ccc(C(C)(C)c4ccc(NC(=O)C(=O)NC(*)=O)cc4)cc3)cc2)cc1,88.15004
*CCCCCCCCCCCCCCCCCCCCCCOC(=O)c1ccc(C(=O)NCCCCCO*)cc1,11.397568
*CCCCCCCCCCCCCCCCCCCCCCOC(=O)c1ccc(C(=O)NCCCCNC(=O)c2ccc(C(*)=O)cc2Br)cc1,67.605385
*CCCCCCCCCCCCCCCCCCCCCCOc1ccc(C(=O)OCCCCCCOc2ccc(O*)c(C)c2)cc1,29.334702
*CCCCCCCCCCCCCCCCCCCCCNC(=O)NCCCCCC(=O)N*,46.611885
*CCCCCCCCCCCCCCCCCCCCCOC(=O)NC(=O)COCC(=O)O*,-15.162811
*CCCCCCCCCCCCCCCCCCCCCOc1ccc(/C=C/c2ccc(*)cc2)cc1,56.532677
*CCCCCCCCCCCCCCCCCCCCNC(=O)CCNC(=O)CCCCCCCCCCC(=O)NCCCCCCCCC(=O)N*,54.09543
*CCCCCCCCCCCCCCCCCCCCNC(=O)c1ccc(-c2cc[c]([Ca][CH2]C(=O)NC3=CCC3*)cc2)cc1,105.15613
*CCCCCCCCCCCCCCCCCCCCOC(=O)C(CCCCCCCCCCCCCCCCCCCS(=O)(=O)CCc1ccc(C(=O)CN*)cc1)c1ccccc1,21.170319
*CCCCCCCCCCCCCCCCCCCCOC(=O)C(O)CSC(=O)N*,-24.08284
*CCCCCCCCCCCCCCCCCCCCOC(=O)c1cccc(NC(=O)CCCC(=O)Nc2cccc(C(=O)NC(=O)c3ccc(O*)cc3)c2)c1,75.10858
*CCCCCCCCCCCCCCCCCCCCSC(=O)c1ccc(C(=O)N(*)Cc2ccc(F)cc2)cc1,84.857475
*CCCCCCCCCCCCCCCCCCCCSSCCSCCCCO*,-52.286713
*CCCCCCCCCCCCCCCCCCCNC(=O)CCCCCC(=O)NCCCCCCNC(=O)C*,49.19986
*CCCCCCCCCCCCCCCCCCCNC(=O)CCCCCCCCCC(C)CC(=O)N*,36.674377
*CCCCCCCCCCCCCCCCCCCOc1ccc(-c2ccc(OC(=O)OCC(NC(=O)O*)OC)cc2)cc1,33.250824
*CCCCCCCCCCCCCCCCCCCOc1ccc(/C=C(/c2ccc(C#N)cc2)c2ccc(O*)cc2)cc1,93.0992
*CCCCCCCCCCCCCCCCCCN1C(=O)c2ccc(C(=O)Oc3ccc4c(c3)C(=O)N(*)C4=O)cc21,119.79587
*CCCCCCCCCCCCCCCCCCNC(=O)C/C=C/C=C/CC(=O)N*,67.98906
*CCCCCCCCCCCCCCCCCCNC(=O)CCCCCCCCCCCCCCCCCCCCCCCCCCCCCCCCC(=O)N*,25.034676
*CCCCCCCCCCCCCCCCCCNC(=O)CSCCCCCCCC(=O)N*,22.777786
*CCCCCCCCCCCCCCCCCCNC(=O)NCCCCCCCCCCNC(=O)NCCCCCCOCCO*,13.386383
*CCCCCCCCCCCCCCCCCCNC(=O)c1cccc(C(=O)N*)c1,75.65362
*CCCCCCCCCCCCCCCCCCNCC(=O)N*,13.032562
*CCCCCCCCCCCCCCCCCCNS(=O)(=O)CCCCC(=O)NNC(=O)CCCCCCCCC(=O)N*,50.17443
*CCCCCCCCCCCCCCCCCCOC(=O)/C(C)=C/C(=O)N*,49.757324
*CCCCCCCCCCCCCCCCCCOC(=O)/C=C/COC(=O)OCCCCCCOc1ccc(-c2ccc(OC(=O)OC(C)COC(*)=O)cc2)cc1,25.640587
*CCCCCCCCCCCCCCCCCCOC(=O)COc1ccc(C(=O)OCCN(c2ccccc2)c2ccc(O*)cc2)cc1,44.76544
*CCCCCCCCCCCCCCCCCCOC(=O)NCCCCCOCCCCCNC(=O)O*,-15.16626
*CCCCCCCCCCCCCCCCCCOC(=O)OCCCCCCOC(=O)OCCCCCOc1ccc(/C=N/c2ccc(OCCCCOc3ccc(/N=N/c4ccc(O*)cc4)cc3)cc2)cc1,36.189117
*CCCCCCCCCCCCCCCCCCOC(=O)OCCCCc1ccc(COC(=O)c2ccc(C(=O)O*)cc2)cc1,28.88224
*CCCCCCCCCCCCCCCCCCOC(=O)c1ccc(C(=O)NCCCCCSCCNC(=O)c2ccc(C(=O)O*)cc2)cc1,39.985237
*CCCCCCCCCCCCCCCCCCOCCCCCCCCOC(=O)C(C(=O)C(F)(F)C([2H])(F)C(F)(F)[SH](F)(F)(F)F)C(CCCC=C)CCCCCCCCC(=O)O*,-27.212585
*CCCCCCCCCCCCCCCCCCOCCCCOC(=O)CCCCCCCCCCCCCCCCCC(=O)O*,-44.54448
*CCCCCCCCCCCCCCCCCNC(=O)CCCCCCCC(=O)NCCCCCCCCCCCCNC(=O)CCCCCCC(=O)O*,25.27787
*CCCCCCCCCCCCCCCCCNC(=O)c1cc(C(=O)O*)cc(C(=O)c2ccc(OC)cc2)c1,72.01425
*CCCCCCCCCCCCCCCCCOC(=O)CCC(CCCCCCCCCCCCCCCC)C(=O)O*,-29.424072
*CCCCCCCCCCCCCCCCCOC(=O)CCCCCCCCCC(=O)NCCCCCCCCNC(=O)CCCCCOC(=O)C=CC(=O)O*,-22.86502
*CCCCCCCCCCCCCCCCCOC(=O)CSCCCCCCCCCCCCCC(=O)O*,-31.101013
*CCCCCCCCCCCCCCCCCOC(=O)OCCCCCCCCNC(=O)O*,-18.327087
*CCCCCCCCCCCCCCCCCOC(=O)c1ccc(C(=O)NCCCCCCCCCCNC(=O)c2ccc(C(=O)O*)cc2)cc1,51.094147
*CCCCCCCCCCCCCCCCCOC(=O)c1cccc(NC(=O)OCCC(O)COc2ccc([N+](=O)[O-])cc2)c1COc1ccc(-n2on2-c2ccc(O*)cc2)cc1,68.29788
*CCCCCCCCCCCCCCCCCOc1ccc(C(=O)Nc2cccc(O*)c2)cc1,53.474
*CCCCCCCCCCCCCCCCC[N+](C)(C)CCCCCC(=O)N*,-11.877609
*CCCCCCCCCCCCCCCCN(CC(F)(F)C(F)(F)C(F)(F)C(F)(F)C(F)(F)C(F)(F)C(F)(F)C(F)(F)C(F)(F)C(F)(F)C(F)(F)F)C(=O)C(=O)N(*)C,-43.40323
*CCCCCCCCCCCCCCCCNC(=O)C(CCCCCCCCCCCCCCCC)C(=O)N*,20.963943
*CCCCCCCCCCCCCCCCNC(=O)C(COc1ccc(C(C)(C)C)cc1-c1ccccc1)C(=O)N*,63.05758
*CCCCCCCCCCCCCCCCNC(=O)CCCCC(=O)NCCCCCCNCCNC(=O)C(=O)N*,75.78246
*CCCCCCCCCCCCCCCCNC(=O)CCCCCCCC(=O)NCCCCCCCCCCCCCCCCNC(=O)C*,46.48136
*CCCCCCCCCCCCCCCCNC(=O)c1cc(C(=O)NCCCCCCNC(=O)CCOC(=O)c2ccc(C(=O)N*)cc2)cc(-c2ccccc2)c1,70.2834
*CCCCCCCCCCCCCCCCNC(=O)c1ccc(C(=O)N*)c(CCCCCC)c1,63.933662
*CCCCCCCCCCCCCCCCNC(=O)c1ccc(C(=O)NC(C)C(=O)O*)cc1,90.46862
*CCCCCCCCCCCCCCCCNC(=O)c1ccc(CN(*)C(=O)c2ccc(C(=O)OCCCCCCCCCCCCCCCC)cc2)cc1,65.22473
*CCCCCCCCCCCCCCCCNC(=O)c1ccc(NC(=O)NCCC(C)N2CCCN(*)CC2)c(C)c1C,105.88613
*CCCCCCCCCCCCCCCCNC(=O)c1cccc(C(=O)NCCCCCCNC(=O)c2ccc(*)cc2)c1,82.40248
*CCCCCCCCCCCCCCCCOC(=O)/C(C#N)=C(/*)CCC,60.60862
*CCCCCCCCCCCCCCCCOC(=O)C(CCCCCCOCCOCCCCCCOc1ccc(/N=N/c2ccc(OCCCC)cc2)cc1)OCC(=O)OCCCCCCOc1ccc(C(C)(C)c2ccc(O*)c(C)c2)cc1OC,43.387947
*CCCCCCCCCCCCCCCCOC(=O)CCCCCCC(=O)NCCCCCCCNC(=O)C(=O)NCCCCCCO*,12.709686
*CCCCCCCCCCCCCCCCOC(=O)CCCCCCC(=O)OCCOC(=O)CCCCC(=O)O*,-40.98491
*CCCCCCCCCCCCCCCCOC(=O)CCCCCCCCCCCCC(=O)OCCCCCCOC(=O)C=CC=C(CC)C(=O)O*,-9.839966
*CCCCCCCCCCCCCCCCOC(=O)CCCCCCCCNC(=O)O*,-18.308548
*CCCCCCCCCCCCCCCCOC(=O)CCc1ccc(NC(=O)CCCOC(=O)c2ccc(Cc3ccc(-c4ccc(O*)cc4)cc3)cc2)cc1,48.171448
*CCCCCCCCCCCCCCCCOC(=O)N/C=C(/C)C(=CC=CO*)CS(=O)[O-],12.324814
*CCCCCCCCCCCCCCCCOC(=O)NCC(CC)COCC(=O)O*,-9.990051
*CCCCCCCCCCCCCCCCOC(=O)OCCCCCCCOC(=O)OC(=O)c1ccccc1C(=O)O*,-10.292343
*CCCCCCCCCCCCCCCCOC(=O)c1cc(C(=O)O*)cc(C(F)(F)C(F)(F)C(F)(F)C(F)(F)C(F)(F)C(F)(F)C(F)(F)C(F)(F)C(F)(F)C(F)(F)C(F)(F)F)c1,-33.057007
*CCCCCCCCCCCCCCCCOC(=O)c1ccc(N(CC)C(=O)S*)cc1,37.085403
*CCCCCCCCCCCCCCCCOC(=O)c1ccc(NC(=O)CCCCC(=O)Nc2ccc(C(=O)NS*)cc2)cc1,68.080666
*CCCCCCCCCCCCCCCCOC(=O)c1cccc(C(=O)NCCOC(=O)c2ccc(/N=N/c3ccc(O*)cc3)cc2)c1,54.215805
*CCCCCCCCCCCCCCCCOc1ccc(-c2cc(C)c(O*)cc2Br)c(OC(C)=O)c1,50.58313
*CCCCCCCCCCCCCCCCOc1ccc(/C=C/c2ccc(-c3ccc(OC(=O)CCCCCCCCCCCCCCOC(*)=O)cc3)cc2)cc1,56.54249
*CCCCCCCCCCCCCCCCOc1ccc(/C=C/c2ccc(OCCCCc3ccc(O*)c(OC)c3)cc2)cc1,80.051865
*CCCCCCCCCCCCCCCCOc1ccc(/C=C/c2cccc(O*)c2)cn1,52.233955
*CCCCCCCCCCCCCCCCOc1ccc(/C=C2\CCC/C(=C\c3ccc(O*)c(OC)c3)C2=O)cc1OC,106.82088
*CCCCCCCCCCCCCCCCOc1ccccc1NC(=O)CC(CC(C)(C)N)C(=O)NC(=O)CCCCC(=O)NCCCCCCCNC(=O)C(=O)N*,48.740616
*CCCCCCCCCCCCCCCCS(=O)(=O)CCCC(*)=O,5.5232086
*CCCCCCCCCCCCCCCCSCCCCCCNC(=O)CC(=O)N*,28.009964
*CCCCCCCCCCCCCCCNC(=O)CCCCC(=O)NCCCCCCCCNC(=O)CCCCCCCCCCC(=O)N*,52.7295
*CCCCCCCCCCCCCCCNC(=O)CCCOC(=O)c1cc(C(=O)O*)ccc1C,35.8006
*CCCCCCCCCCCCCCCNC(=O)c1ccc(NC(=O)C(=O)N*)cc1,124.70241
*CCCCCCCCCCCCCCCNC(=O)c1ccccc1C(=O)N*,85.86092
*CCCCCCCCCCCCCCCOC(=O)Cc1ccc(Cc2ccc(C(=O)O*)cc2)cc1,36.334183
*CCCCCCCCCCCCCCCOC(=O)NCCCCCCC(=O)NCCCCCCO*,0.541275
*CCCCCCCCCCCCCCCOC(=O)c1ccc(OCC(O)COc2ccc(C(=O)OCCO*)cc2)cc1,27.922417
*CCCCCCCCCCCCCCCOCCCCCCCCOCCO*,-45.089203
*CCCCCCCCCCCCCCC[PH](*)(C)C,-36.20465
*CCCCCCCCCCCCCCN(*)C(=O)CCCCCCCCCCCCCO,-23.350143
*CCCCCCCCCCCCCCNC(=O)C(=O)N*,76.602066
*CCCCCCCCCCCCCCNC(=O)CC(O)COc1ccc(/C=N/c2ccc(-c3ccc(/N=N/c4ccc(O*)cc4)cn3)cc2)cc1,102.853165
*CCCCCCCCCCCCCCNC(=O)CCCCCCCCCCCC(=O)NCCCCCCCCCCCC(=O)NCC(=O)S*,46.109627
*CCCCCCCCCCCCCCNC(=O)CCSCCCCCCCCCC*,-30.611008
*CCCCCCCCCCCCCCNC(=O)c1cc(C(=O)N*)c(C)c(Br)c1C,116.835625
*CCCCCCCCCCCCCCNC(=O)c1ccc(C(=O)N*)c(NC(=O)CCCCCCCCCCCCCC)c1,42.705185
*CCCCCCCCCCCCCCNC(=O)c1ccc(C(=O)NCCCNC(=O)c2ccc(C(=O)N*)cc2C)cc1,112.75385
*CCCCCCCCCCCCCCNC(=O)c1ccc(C(=S)N*)c(Oc2ccccc2)c1,76.02463
*CCCCCCCCCCCCCCOC(=O)C(*)C,-34.866592
*CCCCCCCCCCCCCCOC(=O)C(CCCCCC(=O)O*)c1ccc(-c2ccc(OCCCCCCCC)cc2)cc1,8.32309
*CCCCCCCCCCCCCCOC(=O)C/C(=C/C(=O)O*)OC(C)CC,7.9242554
*CCCCCCCCCCCCCCOC(=O)C1CCC(C(=O)O*)C1C,2.183258
*CCCCCCCCCCCCCCOC(=O)C1CCC(CSC(=O)S*)CC1,6.8119965
*CCCCCCCCCCCCCCOC(=O)CCCCCCC(=O)OCCCCCCOC(=O)c1ccc(C(=O)O*)cc1,-9.351578
*CCCCCCCCCCCCCCOC(=O)CCCCCCCCCCC(=O)OCCCCOC(=O)c1ccc(-c2ccc(C(=O)O*)cc2C)cc1,18.0839
*CCCCCCCCCCCCCCOC(=O)CCCCCCCCCCCC(=O)N*,-2.7507324
*CCCCCCCCCCCCCCOC(=O)CCCCCCCCCCCCCCNC(=O)CCCCCC(=O)NCCCO*,10.861954
*CCCCCCCCCCCCCCOC(=O)CCCCCCSCCCCC(=O)O*,-29.173218
*CCCCCCCCCCCCCCOC(=O)CCCS(=O)(=O)CCCc1ccccc1OC(=O)c1ccccc1C(=O)O*,15.704147
*CCCCCCCCCCCCCCOC(=O)CSCCSCC(=O)O*,-48.341995
*CCCCCCCCCCCCCCOC(=O)NCCCCCCCNCC(=O)O*,-6.5980835
*CCCCCCCCCCCCCCOC(=O)NCCCCCCNCC(=O)O*,-11.3573
*CCCCCCCCCCCCCCOC(=O)NCCCCCNC(=O)O*,-11.777298
*CCCCCCCCCCCCCCOC(=O)Nc1cc(O)c(C)c(C)c1*,50.16153
*CCCCCCCCCCCCCCOC(=O)OCCCCCCCCCCCCCCOC(=O)OCCCOC(=O)O*,-21.066223
*CCCCCCCCCCCCCCOC(=O)c1cc(NC(=O)OCCOC(=O)O*)cc(C(C)(CC)CCCC)c1,6.702896
*CCCCCCCCCCCCCCOC(=O)c1ccc(C(=O)NNC(=O)c2cccc(C(=O)NCCCNC(=O)c3cccc(O*)c3)c2)cc1,98.55972
*CCCCCCCCCCCCCCOC(=O)c1ccc(C(=O)Nc2ccc(C(=O)O*)cc2OCCCCCCCCCCCCCCCCOCCCCO)cc1,40.843964
*CCCCCCCCCCCCCCOC(=O)c1ccc(CC(=O)NCCCCCCCNC(=O)c2ccc(C(=O)O*)cc2)cc1,33.45157
*CCCCCCCCCCCCCCOC(=O)c1ccc(NC(=O)CCC(C)CCC(=O)NC(=O)c2ccc(*)cc2)cc1,44.70015
*CCCCCCCCCCCCCCOC(=O)c1ccc(NC(=O)CCCCCCCCCCC(=O)Nc2ccc(O*)cc2)cc1,44.49546
*CCCCCCCCCCCCCCOC(=O)c1ccc(NCC(=O)NCCOC(=O)O*)cc1,21.160522
*CCCCCCCCCCCCCCOCCCCCCCCNC(=O)c1ccc(C(=O)N*)cc1,71.84088
*CCCCCCCCCCCCCCOCCCCCCOC(=O)CC(CC(C)N)C(=O)O*,-33.206436
*CCCCCCCCCCCCCCOCCCCCCOC(=O)CCCCCCCCC(=O)O*,-30.501617
*CCCCCCCCCCCCCCOCOC(=O)NC1CCCN(CCCCCCCCCCCCNC(=O)O*)OC1,-1.5313721
*CCCCCCCCCCCCCCOc1ccc(C(=O)NCCCCc2ccc(CNC(=O)Cc3ccc(O*)cc3)cc2)cc1,92.88084
*CCCCCCCCCCCCCCOc1ccc(C(=O)Nc2ccc(-c3ccc(NC(=O)c4ccc(O*)cc4)c(C)c3)c(C)c2)cc1C,152.01807
*CCCCCCCCCCCCCCOc1ccc(C(=O)OC(=O)c2ccc(O*)c(C)c2)cc1Cl,59.628365
*CCCCCCCCCCCCCCOc1ccc(C(=O)OC[Si](C)(C)c2ccc(O*)cc2)cc1,17.641624
*CCCCCCCCCCCCCCOc1ccc(CCc2ccc(O*)c(OC)c2)cc1OC,48.81582
*CCCCCCCCCCCCCCOc1ccc(S(=O)(=C(Cc2ccccc2)c2ccc(-c3ccc(O*)cc3)cc2)c2ccccc2)cc1,97.30059
*CCCCCCCCCCCCCCSC(=O)CCCC(=O)N*,-9.834061
*CCCCCCCCCCCCCCSC(=O)Nc1ccc(Cc2ccc(NCCC(=O)N*)cc2)cc1,91.17311
*CCCCCCCCCCCCCCSSSC*,-59.630707
*CCCCCCCCCCCCCC[N+](*)(C)CCC,-43.149094
*CCCCCCCCCCCCCC[N+](*)(c1ccccc1)c1ccccc1,10.220383
*CCCCCCCCCCCCCC[Si](*)(C)c1ccccc1,-59.948334
*CCCCCCCCCCCCCN(C)C(=O)CC(C)(C)C(=O)N*,59.41967
*CCCCCCCCCCCCCNC(=O)CCCCCCCCC(=O)NCCCCCCNC(=O)C(=O)N*,57.637108
*CCCCCCCCCCCCCNC(=O)NCC1CCC(NC(=O)NCCCCCCNC(=O)O*)CC1,65.712746
*CCCCCCCCCCCCCNC(=O)c1ccc(C(=O)NCCC(=O)Nc2ccc(C(=O)N*)cc2)cc1,141.71541
*CCCCCCCCCCCCCNC(=O)c1cccc(C(=O)NCCCCCCNC(=O)CCCCC)c1-c1ccc(-c2ccc(C(=O)O*)cc2)cc1,79.46952
*CCCCCCCCCCCCCNC(=O)c1cccc(C(=O)Nc2ccc(C(=O)NNC(=O)c3cccc(O*)c3)cc2)c1,140.72058
*CCCCCCCCCCCCCOC(=O)CCCCC(=O)NCCCCCCCCCCCCCN1CCN(*)CC1,22.057045
*CCCCCCCCCCCCCOC(=O)CCCCCCCCC(=O)OCCCCCCOc1ccc(-c2ccc(C=*)cc2)cc1,10.56134
*CCCCCCCCCCCCCOC(=O)OCCCCOc1ccc(/C=C/C(=O)Oc2ccc(O*)cc2)cc1,44.89692
*CCCCCCCCCCCCCOC(=O)c1ccc(/N=N/c2ccc(-c3ccc(C)cc3)cc2)cc1*,74.209236
*CCCCCCCCCCCCCOC(=O)c1ccc(C(=O)O*)cc1-c1ccc(OC)cc1,38.584526
*CCCCCCCCCCCCCOC(=O)c1ccc(NC(=O)CCC(=O)NCCC(=O)NCCCS*)cc1,27.863876
*CCCCCCCCCCCCCOc1ccc(C(=O)C(=O)Nc2ccc(O*)c(OCCC(C)C)c2)cc1,54.74447
*CCCCCCCCCCCCCSCCCCO*,-55.572266
*CCCCCCCCCCCCC[N+](C)(C)c1ccc([Si](*)(C)CCC)cc1,-20.707245
*CCCCCCCCCCCCC[N+](CCCC)CS*,-28.668503
*CCCCCCCCCCCCC[N-]CCCCCCCCNC(=O)CCCCCCCCCCCCC(=O)N*,32.943146
*CCCCCCCCCCCCCc1ccc(-c2ccc(-c3ccc(*)s3)o2)s1,15.564438
*CCCCCCCCCCCCN(*)Cc1cccc(C#N)c1,22.348625
*CCCCCCCCCCCCN(CC)C(=O)C(C=C)CC(=O)N*,33.976868
*CCCCCCCCCCCCNC(=O)C(C)OC(=O)CCCCCCC(=O)N*,-9.633926
*CCCCCCCCCCCCNC(=O)C(Cc1ccccc1CC(=O)N*)c1ccc(-c2ccccc2)cc1,75.8156
*CCCCCCCCCCCCNC(=O)CCCC(=O)NCCCCCCCCO*,14.495026
*CCCCCCCCCCCCNC(=O)CCCCCCCCCCCCC(=O)NCCCCCCCCCCCCNC(=O)c1cccc(C(=O)N*)c1,51.590797
*CCCCCCCCCCCCNC(=O)CCCNC(=O)SNC(=O)C(=O)O*,33.64818
*CCCCCCCCCCCCNC(=O)CCc1ccc(C(=C=CCCCCCCNC(*)=O)c2ccc(/N=N/c3ccc([N+](=O)[O-])cc3)cc2)cc1,89.824005
*CCCCCCCCCCCCNC(=O)CNC(=O)c1ccc(N*)cc1,111.203
*CCCCCCCCCCCCNC(=O)OCCOC(=O)Nc1ccc(Cc2ccc(N*)cc2)cc1,40.199768
*CCCCCCCCCCCCNC(=O)c1cc(C(=O)N*)cc(C(=O)OCCCCCCCCCCCCCCCCCCCCC(=O)O)c1,62.10195
*CCCCCCCCCCCCNC(=O)c1ccc(C(=O)NC(C)=C(*)C#N)cc1,106.966644
*CCCCCCCCCCCCNC(=O)c1ccc(C(=O)NCCCNC(=O)O*)cc1,78.945496
*CCCCCCCCCCCCNC(=O)c1ccc(COC(=O)c2ccc(C(=O)/C=C/C(=O)N*)cc2)cc1,115.028076
*CCCCCCCCCCCCNCC(=O)NCCOCCNC(=O)NCCC(C)CCNC(=O)C(*)=S,30.244247
*CCCCCCCCCCCCOC(=O)C(C)(C)CCC(=O)O*,-34.628937
*CCCCCCCCCCCCOC(=O)C(CC)SC(=O)S*,-21.612106
*CCCCCCCCCCCCOC(=O)C(CCCCCCCCOc1ccc(/N=N/c2ccc(O*)cc2)cc1)c1ccc(OC)cc1,31.07759
*CCCCCCCCCCCCOC(=O)CC(CCCCCCNC(=O)O*)c1ccc(C)cc1,20.333534
*CCCCCCCCCCCCOC(=O)CCCCCCCCC(=O)OCC[Si](C)(C)COC(=O)O*,-40.692154
*CCCCCCCCCCCCOC(=O)CCCCCCCCCCC(=O)OCCOC(=O)CCCCCCCCC(=O)O*,-31.980774
*CCCCCCCCCCCCOC(=O)CCCCCCCCOC(=O)CCCCC(=O)Oc1ccc(*)cc1,-1.3752899
*CCCCCCCCCCCCOC(=O)CSC(=O)NCCSCCS(=O)(=O)CCCCC(=O)O*,-20.078125
*CCCCCCCCCCCCOC(=O)NC(=O)CCCCC(=O)NCCCCCCCNC(=O)C(CC=C)CCC(=O)O*,4.565811
*CCCCCCCCCCCCOC(=O)NC(=O)c1ccc(/C=C/c2ccc(C(=O)S*)cc2)cc1,83.09361
*CCCCCCCCCCCCOC(=O)NCCCCCNC(=O)OCCCCCOC(=O)O*,-24.174133
*CCCCCCCCCCCCOC(=O)NCCCSCCCCCCCCNC(=O)NCC(=O)O*,9.588501
*CCCCCCCCCCCCOC(=O)NCCSCCCCCNC(=O)OCCCCCOC(=O)O*,-14.2877655
*CCCCCCCCCCCCOC(=O)Nc1ccc(Cc2ccc(NC(=O)CCCCCCC(=O)Nc3ccc(*)cc3)cc2)cc1,80.86867
*CCCCCCCCCCCCOC(=O)Nc1ccc(Cc2ccc(NC(=O)Nc3ccccc3C(=O)O*)cc2)cc1,101.34036
*CCCCCCCCCCCCOC(=O)Nc1ccc(Oc2ccc(NC(=O)O*)cc2)cc1,79.86755
*CCCCCCCCCCCCOC(=O)O*,-49.48999
*CCCCCCCCCCCCOC(=O)OCCCCCCOC(=O)OCCCC[Si](Oc1ccc(OCCCCC)cc1)S*,-22.198975
*CCCCCCCCCCCCOC(=O)c1cc(OCCCCCCCCCC(C)CC)ccc1OCC(=O)O*,6.546707
*CCCCCCCCCCCCOC(=O)c1cc(OCCCCCCCCCC)c(/C=C/c2ccc(C(=O)O*)cc2)cc1C(=O)OCCCCCCCC,54.899002
*CCCCCCCCCCCCOC(=O)c1ccc(C(=O)NCCCCCCCCCNC(=O)c2ccc(C(=O)O*)cc2)cc1,54.07567
*CCCCCCCCCCCCOC(=O)c1ccc(C(=O)NCCCCCCCCNC(=O)c2ccc(C(=O)O*)cc2)cc1,52.169853
*CCCCCCCCCCCCOC(=O)c1ccc(C(=O)NCCCCCCNC(=O)c2ccc(C=*)cc2)cc1,50.898148
*CCCCCCCCCCCCOC(=O)c1ccc(NC(=O)CCC(=O)NC(=O)c2ccc(/N=N/c3ccc(O*)c(CCCC)c3)cc2)cc1,85.54569
*CCCCCCCCCCCCOC(=O)c1ccc(NC(=O)CCCCCCCCCCCCCCC(=O)Nc2cccc(C(=O)OC(=O)c3cccc(S(*)(=O)=O)c3)c2)cc1,62.533676
*CCCCCCCCCCCCOC(=O)c1ccc(OCCCCCCCCCCCCOc2ccc(C(=O)c3ccc(O*)c(OCCCCCCCC)c3)cc2)c(OC)c1,28.939781
*CCCCCCCCCCCCOC(=O)c1cccc(C(=O)NCCCCCCNC(=O)NCC(C)COC(=O)c2ccc(O*)c(C)c2)c1,28.664757
*CCCCCCCCCCCCOCC(=O)N*,-16.607666
*CCCCCCCCCCCCOCCCCCOC(=O)NC1CCCCNC(=O)C(*)C1,28.059212
*CCCCCCCCCCCCOc1ccc(-c2cc(C(=O)OC(C)CC)cc([N+](=O)O)c2)c(*)c1,78.47845
*CCCCCCCCCCCCOc1ccc(-c2ccc(O*)cc2Oc2ccc(OCCCc3ccc(OC)c(OC)c3)cc2CCCCCC)cc1,83.436226
*CCCCCCCCCCCCOc1ccc(/C(=C/c2ccc(O*)cc2)c2ccccc2)cc1,74.694786
*CCCCCCCCCCCCOc1ccc(/C=C/c2ccc(OC(=O)CCCCCCCCCCCCC(=O)OCCCS(=O)(=O)COc3ccc(*)cc3)cc2)cc1,57.24946
*CCCCCCCCCCCCOc1ccc(/C=C2\CCC/C(=C/c3ccc(O*)cc3)C2=O)cc1,91.388565
*CCCCCCCCCCCCOc1ccc(C(=O)NCCNC(=O)CCCc2ccc(C(=O)O*)cc2)cc1,71.58381
*CCCCCCCCCCCCOc1ccc(C(=O)NNC(=O)c2ccc(*)cc2C(=O)O)cc1,134.88164
*CCCCCCCCCCCCOc1ccc(C(=O)Nc2ccc(OCCOCCOC(=O)c3ccc(O*)c(C(C)(C)C)c3)cc2)cc1,66.005516
*CCCCCCCCCCCCOc1ccc(C(=O)OCCCCCCCCCOc2ccc(O*)cc2)cc1,35.156425
*CCCCCCCCCCCCOc1ccc(C(=O)Oc2ccc(-c3ccc(O*)cc3C)cc2)cc1,84.316025
*CCCCCCCCCCCCOc1ccc(C(=O)c2ccc(C(=O)Nc3ccc(O*)cc3OCC)cc2)cc1,101.190796
*CCCCCCCCCCCCOc1ccc(C(=O)c2ccc(Oc3ccc(/C=C/c4ccc(O*)cc4)cc3)cc2)cc1,103.80092
*CCCCCCCCCCCCOc1ccc(CC(=O)NCCCCCCCCNC(=O)c2ccc(O*)cc2)cc1,69.06105
*CCCCCCCCCCCCOc1ccc(NC(=O)c2ccc(C(=O)c3cccc(C(=O)Nc4ccc(O*)cc4)c3)cc2)cc1,109.76257
*CCCCCCCCCCCCOc1cccc(NC(=O)/C=C/C(=O)Nc2ccc(O*)cc2O)c1,123.963615
*CCCCCCCCCCCCOc1nc(*)cc(Cl)c1F,28.583893
*CCCCCCCCCCCCS(=O)(=O)C(=O)N*,19.612648
*CCCCCCCCCCCCS(=O)(=O)CCCCC(=O)N*,1.7393036
*CCCCCCCCCCCCS(=O)(=O)CCCS(=O)(=O)CCC(=O)N*,10.850723
*CCCCCCCCCCCCSC(=O)C(Cc1ccccc1)C(=O)NC(Cc1ccccc1)NNC(=O)CCc1ccc(C(=O)NNC(=*)C)cc1,95.63994
*CCCCCCCCCCCCSC(=O)NCCCCCCCCCCCNC(=O)O*,-0.699646
*CCCCCCCCCCCCSC*,-72.54886
*CCCCCCCCCCCCSCCCSC(=O)CCCCCCCCC(=O)O*,-54.594055
*CCCCCCCCCCCCSCCc1ccc(*)c(C(C)C)c1,16.624435
*CCCCCCCCCCCCSNC(=O)c1ccc(C(=O)N*)cc1,76.09475
*CCCCCCCCCCCC[PH](C)(C)COC(=O)CCCCCCCCCCCCCCC(=O)O*,-33.564865
*CCCCCCCCCCCC[Si](*)(C)CCC,-81.89682
*CCCCCCCCCCCC[Si](*)(c1ccccc1)c1ccc(C)cc1,-16.58638
*CCCCCCCCCCCC[Si](C)(C)CCC(*)COC(C)C,-70.3389
*CCCCCCCCCCCCc1ccc(-c2cc(CCNC(=O)CCCCC(=O)N*)ccc2C)cc1OCCc1ccccc1,63.376358
*CCCCCCCCCCCCn1[pH]c(=O)c2cc3c(cc2c1=O)C(=O)N(*)C3=O,116.82006
*CCCCCCCCCCCNC(=O)CC(C)S*,52.960136
*CCCCCCCCCCCNC(=O)CCCCCCCC(=O)NCCCO*,23.556374
*CCCCCCCCCCCNC(=O)CCCCCCCCCCC(=O)NCCCNC(=O)C1CCC(*)CC1,65.03528
*CCCCCCCCCCCNC(=O)CCCCCCCCCCCCCCCC(=O)NCCCCCCCNC(=O)C(=O)N*,62.200172
*CCCCCCCCCCCNC(=O)CCCCCCCCCCCCCCCCCCCCCCCCCCCCCCCCCCC(=O)N*,20.502602
*CCCCCCCCCCCNC(=O)CCCCCCCSC(=S)C(=O)N*,21.758202
*CCCCCCCCCCCNC(=O)CCCCS*,5.580826
*CCCCCCCCCCCNC(=O)CSC(=O)N(*)C,50.113686
*CCCCCCCCCCCNC(=O)NCCSCCCCCCSCC(=O)N*,15.351074
*CCCCCCCCCCCNC(=O)O*,-7.9198303
*CCCCCCCCCCCNC(=O)c1ccc(C(=O)NCCCCNC(=O)c2ccc(C(=O)N*)cc2)cc1,108.65448
*CCCCCCCCCCCOC(=O)C/C=C(/*)CCCCCCCC,-14.683105
*CCCCCCCCCCCOC(=O)CCCCCCCC(=O)NCCc1ccc(COC(=O)CCCCC(=O)O*)cc1,3.7762146
*CCCCCCCCCCCOC(=O)CCCCCCCCCCCCCCCC(=O)N*,-4.8480835
*CCCCCCCCCCCOC(=O)SN(*)CCCCCCCCCC,-54.992126
*CCCCCCCCCCCOC(=O)c1ccc(-c2ccc(-c3ccc(C(=O)O*)cc3)cc2)cc1,50.918015
*CCCCCCCCCCCOC(=O)c1ccc(C(=O)Nc2ccc(O*)cc2)cc1,74.045074
*CCCCCCCCCCCOC(=O)c1ccc(NC(=O)CCCCCC(=O)Nc2ccc(C(=O)O*)cc2)cc1,45.810608
*CCCCCCCCCCCOc1ccc(/C=C/c2ccc(O*)c(Cl)c2)cc1,65.79003
*CCCCCCCCCCCOc1ccc(C(=O)Nc2ccc(S(=O)(=O)c3ccc(O*)cc3)cc2)cc1,126.295906
*CCCCCCCCCCCOc1ccc(NC(=O)CCCCC(=O)Oc2ccc(C(=O)O*)cc2)cc1,30.32573
*CCCCCCCCCCCP(C)(=O)CCC(=O)N*,3.504013
*CCCCCCCCCCCSCCCS*,-59.337173
*CCCCCCCCCCCSSSCCSS*,-66.00325
*CCCCCCCCCCC[N+](C)(C)CCCCCS*,-54.72238
*CCCCCCCCCCC[PH](*)(c1ccccc1)c1ccc(/N=N/c2ccc([N+](=O)[O-])cc2)cc1C(=O)O,121.18902
*CCCCCCCCCCN(*)C(=O)CCCCCC,-12.752411
*CCCCCCCCCCN(C(=O)CCCCCC(=O)NCCCCCCOC(=O)C(*)=O)c1ccc([N+](=O)[O-])cc1,34.248413
*CCCCCCCCCCN(CC)c1ccc([Si](*)(C)CCCC)cc1,-29.880325
*CCCCCCCCCCNC(=O)C(C)C(=O)N*,105.69243
*CCCCCCCCCCNC(=O)C(C=CC=C)CC(CCCCCC)C(=O)N*,29.72718
*CCCCCCCCCCNC(=O)C(CCCCCCCCCCCN)C(=O)N*,28.051262
*CCCCCCCCCCNC(=O)CCC(=O)NC1CCN(CC(*)=O)C1O,65.62789
*CCCCCCCCCCNC(=O)CCCC(=O)NCCCCCNC(=O)C(=O)N*,69.36215
*CCCCCCCCCCNC(=O)CCCCCC(=O)NCCCCCNC(=O)/C=C/C(=O)N*,70.037315
*CCCCCCCCCCNC(=O)CCCCCCC(=O)NCCCCCCNC(=O)CCCCOC(=O)N*,21.085152
*CCCCCCCCCCNC(=O)CCCCCCCCCC(=O)NCCCCCCNC(=O)CCCCCCCCCCCCC(=O)N*,44.93495
*CCCCCCCCCCNC(=O)CCCCCCCCCCCCC(=O)NCCCCCS*,16.402725
*CCCCCCCCCCNC(=O)CCCCCCCCCCCCCC[SH](*)(=O)O,18.912743
*CCCCCCCCCCNC(=O)CCCCCCCSCCCCCCC(=O)N*,11.949936
*CCCCCCCCCCNC(=O)CCCCCCSCCCCCCC(=O)S*,-4.7007446
*CCCCCCCCCCNC(=O)CCCCCc1ccc(CSNC(=O)CCCCS(*)(=O)=O)cc1,40.079918
*CCCCCCCCCCNC(=O)CCSCCCCCCCCCC(=O)NCCCCSCCCNC(*)=O,6.1423798
*CCCCCCCCCCNC(=O)Cc1ccc(C(=O)O*)cc1,73.65025
*CCCCCCCCCCNC(=O)OCCCCCCCOC(=O)OCCCCCCCCOC(=O)CCCOC(=O)c1ccc(C(=O)O*)cc1,-6.4603424
*CCCCCCCCCCNC(=O)SCCCCCCCCC(=O)N*,25.789398
*CCCCCCCCCCNC(=O)c1ccc(-n2on2-c2ccc([Si](C)(C)c3ccc(*)s3)o2)cc1,46.14099
*CCCCCCCCCCNC(=O)c1ccc(C(=O)Nc2ccc(CSC(=O)c3ccccc3C(=O)O*)cc2)cc1,117.71744
*CCCCCCCCCCNC(=O)c1ccc(CC(=O)N*)c(S(=O)(=O)c2ccc(S(=O)(=O)c3ccccc3)cc2)c1,122.35342
*CCCCCCCCCCNC(=O)c1ccc(NC(=O)CCCC(=O)Nc2ccc(C(=O)NNC(=O)c3ccc(C(=O)N(*)C(F)(F)C(F)(F)C(F)(F)C(F)(F)C(F)(F)C(F)(F)F)cc3)cc2)cc1,90.39341
*CCCCCCCCCCNC(=O)c1cccc(C(=O)NCCCCCCNC(=O)c2ccc(C(=O)O*)cc2)c1,63.63006
*CCCCCCCCCCOC(=O)/C(=C\c1ccc(C#N)cc1)C(=O)NCCCOC(=O)c1ccc(C(=O)O*)cc1,50.352783
*CCCCCCCCCCOC(=O)C(CCCCCCCC*)C(=O)OCCCCCCC,-46.536926
*CCCCCCCCCCOC(=O)C(CCCCCCCCCCc1ccccc1)C(=O)O*,-23.954926
*CCCCCCCCCCOC(=O)C(CCCCCCCCOc1ccc(-c2ccc([N+](=O)[O-])cc2)cc1)O*,47.86351
*CCCCCCCCCCOC(=O)C(CCCCCCCCOc1ccc(C(C)(C)C)cc1)C(C)COC(=O)OCCN(*)CC,-11.543976
*CCCCCCCCCCOC(=O)C1CCCC(CCSCCC(=O)O*)C1,-8.138641
*CCCCCCCCCCOC(=O)CCCCCCC(=O)Oc1ccc(-c2ccc(O*)c(C)c2)cc1C,35.13118
*CCCCCCCCCCOC(=O)CCCCCCCCC(=O)OCCCCOC(=O)C1CCC(OC(=O)O*)CC1,6.3507385
*CCCCCCCCCCOC(=O)CCCCCCCCCCCCCCC(=O)CCCCC(=O)O*,-25.10048
*CCCCCCCCCCOC(=O)CCCCCCCCCCCCCCCCC(=O)OCC(COC(=O)C(C)=O)CC(=O)O*,-21.157913
*CCCCCCCCCCOC(=O)CCNC(=O)c1ccc(C(=O)O*)cc1,21.55481
*CCCCCCCCCCOC(=O)CCc1cc(C)c(CCC(=O)O*)cc1CCCCCCCCCCCC,-2.2741547
*CCCCCCCCCCOC(=O)CCc1ccc(CC(=O)N*)c(OCCCCCCCC)c1,12.508713
*CCCCCCCCCCOC(=O)COCC(=O)OCCCCCCOc1ccc(C(=O)OC(=O)c2ccc(O*)cc2)cc1,22.411247
*CCCCCCCCCCOC(=O)NC(=O)c1ccc(NC(=O)CCCCOC(=O)N(C)CC)cc1C(=O)O*,14.014191
*CCCCCCCCCCOC(=O)NC1CCCC(CNC(=O)O*)CC1,48.603058
*CCCCCCCCCCOC(=O)NCC(C)(C)C(=O)O*,-2.1052704
*CCCCCCCCCCOC(=O)NCC(F)(F)C(F)(F)CC(F)(F)C(F)(F)C(F)(F)C(*)=O,-4.79303
*CCCCCCCCCCOC(=O)NCCSCC(=O)O*,-28.424973
*CCCCCCCCCCOC(=O)Nc1ccc(Cc2ccc(NC(=O)OCCN(CC)c3ccc(C(=O)O*)cc3)cc2)cc1,43.37294
*CCCCCCCCCCOC(=O)OCC(CC)S(=O)(=O)CCCCCCS(=O)(=O)CCCO*,-19.481064
*CCCCCCCCCCOC(=O)OCCCCCCCCOC(=O)OCCCCCCOc1ccc(/C=N/c2ccc(/C=N/c3ccc(O*)cc3)cc2)cc1,45.444336
*CCCCCCCCCCOC(=O)OCCCCCCOC(=O)OCC(COc1ccc(C(=O)O)c2ccccc12)C(=O)O*,-10.871902
*CCCCCCCCCCOC(=O)OCCCCCCOC(=O)Oc1ccc(C(=O)OC(=O)c2ccc(O*)cc2)cc1,18.820976
*CCCCCCCCCCOC(=O)SNS(=O)(=O)CCS(=O)(=O)CC(=O)O*,-10.217941
*CCCCCCCCCCOC(=O)c1cc(-c2ccc(C(=O)N*)cc2)ccc1C(=O)OC,83.54515
*CCCCCCCCCCOC(=O)c1ccc(C(=O)NC(=O)CCCCC(=O)NCCc2ccc(*)cc2)cc1,42.50614
*CCCCCCCCCCOC(=O)c1ccc(C(=O)NCCCCCCCCNC(=O)c2ccc(-c3ccc(-c4ccc(O*)cc4)s3)cc2)cc1,59.53675
*CCCCCCCCCCOC(=O)c1ccc(C(=O)NCCCOC(=O)c2ccc(C(=O)O*)cc2)cc1,38.02825
*CCCCCCCCCCOC(=O)c1ccc(C(=O)NCCCSCCO*)cc1,-6.8894043
*CCCCCCCCCCOC(=O)c1ccc(C(=O)SC(=O)S*)cc1,23.029533
*CCCCCCCCCCOC(=O)c1ccc(CC(=O)OCCOc2ccc(O*)cc2)cc1,20.122986
*CCCCCCCCCCOC(=O)c1ccc(NC(=O)O*)c(C)c1,37.025154
*CCCCCCCCCCOC(=O)c1ccc(NC(=O)c2ccc(C(C)(C)c3ccc(C(=O)O*)cc3)cc2)cc1,72.320564
*CCCCCCCCCCOC(=O)c1cccc(C(=O)NCCCCCCNNC(=O)c2ccc(C(=O)O*)cc2)c1,41.436234
*CCCCCCCCCCOCCCCCOC(=O)c1ccc(C(=O)O*)cc1C(=O)OCCCCCCCCCCCC,-4.0422974
*CCCCCCCCCCOCCCCOC(=O)CCC(=O)O*,-52.521057
*CCCCCCCCCCOCCCCOCCCCOCCCCCO*,-47.843674
*CCCCCCCCCCOc1ccc(-c2ccc(Oc3ccc(S(=O)(=O)c4ccc(O*)cc4)cc3)c(C)c2)cc1,114.48225
*CCCCCCCCCCOc1ccc(/C=C/C(=O)Nc2ccc(S(*)(=O)=O)cc2)cc1,136.10727
*CCCCCCCCCCOc1ccc(/C=C/c2ccc(OCc3ccc(/C=C/c4ccc(O*)c(OC)c4)cc3C)cc2)cc1,128.82193
*CCCCCCCCCCOc1ccc(/C=N/c2ccc(O*)cc2)cc1,53.162003
*CCCCCCCCCCOc1ccc(/N=C/c2ccc(OCCCCCOP(=O)(O*)OCCCC)cc2)cc1,34.573524
*CCCCCCCCCCOc1ccc(C#Cc2cc(OCCCCCCCCC)c(C(=O)O)c(*)c2OCCCCCCCCCC)cc1OC,61.99518
*CCCCCCCCCCOc1ccc(C(=O)N(Cc2ccccc2)c2ccc(N(*)CC)cc2)cc1,109.74661
*CCCCCCCCCCOc1ccc(C(=O)NC(=O)/C=C/c2ccc(CCCCCCCCCCCCCCC(=O)O*)cc2)cc1,56.177658
*CCCCCCCCCCOc1ccc(C(=O)NCCSCCCCCCNC(=O)c2ccc(O*)cc2)cc1,51.69155
*CCCCCCCCCCOc1ccc(C(=O)NNC(=O)c2ccc(-c3ccc(C(=O)O*)cc3)cc2)cc1,117.08583
*CCCCCCCCCCOc1ccc(C(=O)OC(=O)c2ccc(OCC(C(=O)O*)c3ccc(OCC)cc3)cc2)cc1,61.812317
*CCCCCCCCCCOc1ccc(C(=O)OC)cc1OC(=O)c1ccccc1C(=O)O*,31.757164
*CCCCCCCCCCOc1ccc(C(=O)c2ccc(OCCCCC(=O)Oc3cc(C)c(O*)cc3OC)cc2)cc1OC,62.385338
*CCCCCCCCCCOc1ccc(CCCCCCCCCCCCCCCCCCCCCCCCCCCCC(=O)Oc2ccc(/N=N/c3ccc(O*)cc3)cc2)cc1,49.22174
*CCCCCCCCCCOc1ccc(CCN(C)C(=O)CCCCCCCCOC(=O)c2ccc(O*)cc2)cc1,23.51046
*CCCCCCCCCCOc1ccc(OCCCCCCOc2ccc(/C=N/c3ccc([N+](=O)[O-])cc3)cc2)cc1C(=O)O*,74.823814
*CCCCCCCCCCOc1ccc([N+](=O)[O-])cc1OC(=O)c1ccc(NC(=O)CCCOC(=O)c2cccc(O*)c2)cc1,48.26882
*CCCCCCCCCCS(=O)(=O)CCc1ccc(SCCCCCCCO)c(*)c1O,14.167191
*CCCCCCCCCCSC(=O)CCCC(=O)N*,-12.530136
*CCCCCCCCCCSC(=O)c1ccc(C(=O)NCCc2ccc(C*)cc2)cc1,76.837776
*CCCCCCCCCCSCCOC(=O)NCc1ccc(CNC(=O)N*)cc1,42.84825
*CCCCCCCCCCSCSCCCCNC(=O)CCCCCCCCCCC(=O)N(*)C,-2.2116852
*CCCCCCCCCCSSC(=O)NCC(CCSCCCCCCCCCCCCCC)C(=O)O*,-28.615723
*CCCCCCCCCCSSC(=O)NCCCCCCNCCC(=O)O*,-28.335709
*CCCCCCCCCCSSCOC(=O)SS*,-29.600098
*CCCCCCCCCC[N+](C)(C)CCCCCCCCC(=O)NCCCCCOCCO*,-17.083862
*CCCCCCCCCC[N+](C)(C)CCCCSC(=O)NCCCCCCNC(=O)O*,-14.33963
*CCCCCCCCCC[Si](*)(C)CCCC,-81.038635
*CCCCCCCCCC[Si](*)(C)c1ccc(OC)cc1,-28.356094
*CCCCCCCCCCc1cc(C=*)ccc1C,0.600296
*CCCCCCCCCCc1cc(CCCCCCCCCCCC)c(*)cc1O,12.6020355
*CCCCCCCCCN(*)C(=O)c1cc(OCCCCCCCC)ccc1[N+](=O)[O-],37.107323
*CCCCCCCCCN(*)C(=O)c1ccccc1,37.324776
*CCCCCCCCCN(C#CC)CCCCCCCCCCCCCCCCCCC(=O)N(*)CC,3.4066772
*CCCCCCCCCNC(=O)C(CCCC)COC(=O)NCCCCCCCCCSCCNC(=O)O*,-5.4615784
*CCCCCCCCCNC(=O)C(Cc1ccccc1)C(=*)CCCCCCOC(=O)CCCCC(=O)OC,-20.51561
*CCCCCCCCCNC(=O)C(Cc1ccccc1)C(=O)O*,45.45556
*CCCCCCCCCNC(=O)C(Nc1ccc(C)cc1)C(=O)NCCCCCCCCCNC(=O)C(=O)N*,79.57668
*CCCCCCCCCNC(=O)CC/C=C/CC(=O)N*,63.737793
*CCCCCCCCCNC(=O)CCC(CC)CCCCC(=O)N*,16.508362
*CCCCCCCCCNC(=O)CCCCCCC(=O)NNC(=O)CCSCCCS*,3.3854828
*CCCCCCCCCNC(=O)CCCCCCCC(=O)NC(CCCCCC)C(=O)N*,35.918243
*CCCCCCCCCNC(=O)CCCCCCCC(=O)NCCCCNC(=O)C(=O)N*,62.226288
*CCCCCCCCCNC(=O)CCCCCCCCCCC(=O)NNC(=O)CCCC(=O)N*,56.48295
*CCCCCCCCCNC(=O)CCCCCCCCCCCC(=O)NCCC(=O)N*,51.039528
*CCCCCCCCCNC(=O)CCCCCCCCCCCCCCCCCCCC(=O)NCCCCCCNC(=O)CCCCCNC(=O)C(=O)N*,52.675346
*CCCCCCCCCNC(=O)CCCCCCCCCCCCCCCCCSCCCCCCCCCCCCCCCCC(=O)N*,10.166321
*CCCCCCCCCNC(=O)OCC(Cl)(C*)CCCCCC#N,1.6869354
*CCCCCCCCCNC(=O)SC(=O)N*,62.711433
*CCCCCCCCCNC(=O)c1cc(C(=O)NCCNC(=O)c2ccc(O*)cc2)ccc1C,118.76929
*CCCCCCCCCNC(=O)c1cccc(NC(=O)CCCCCCCCC(=O)O*)c1,35.408638
*CCCCCCCCCNC(=S)CC/C=C/CCC(*)=O,28.262367
*CCCCCCCCCNC(=S)c1ccc(*)nn1,73.96637
*CCCCCCCCCOC(=O)C(CCCC)CC(=O)O*,-43.039062
*CCCCCCCCCOC(=O)CCCCC(=O)OCCCCCCOC(=O)c1cccc(C(=O)O*)c1,-7.6144714
*CCCCCCCCCOC(=O)CCCCCCC(=O)OC(=O)c1ccc2cc(N(C)CC)c(OC(C)=O)ccc3n(c(=O)c2c1)C3*,55.402313
*CCCCCCCCCOC(=O)CCCCCCC(=O)OCCC[N+](*)(C)C,-28.517227
*CCCCCCCCCOC(=O)CCCCCCCCCCC(*)=O,-20.574081
*CCCCCCCCCOC(=O)CCCCCCCCCCCCCC(=O)OCC(C)(C)C(=O)N*,-5.476822
*CCCCCCCCCOC(=O)CCCCCNC(=O)CCCCCCCCCCCCCCC(=O)NCCCCCC(=O)O*,2.0846405
*CCCCCCCCCOC(=O)CCCOC(=O)CCCCSCCSCCCS*,-40.313828
*CCCCCCCCCOC(=O)CCOC(=O)CCCCCCCCCCS(*)=O,-24.26892
*CCCCCCCCCOC(=O)CSCCCCNC(=O)CCCCCCCCS*,-19.73056
*CCCCCCCCCOC(=O)OCCCCCCCCCCC(=O)OCCCCCCOC(=O)c1ccc(C(=O)O*)cc1,-2.3414917
*CCCCCCCCCOC(=O)OCCOC(=O)OCCCCCOc1ccc(C(=O)Oc2ccc(O*)cc2)cc1,13.600418
*CCCCCCCCCOC(=O)OCSSCCCCCCOCCOC(=O)O*,-54.990433
*CCCCCCCCCOC(=O)SNC(=O)CCCCO*,-23.645096
*CCCCCCCCCOC(=O)c1ccc(-c2ccc(C(=O)OCCN(CCOCCOCCOCCOC)c3ccc(/C=C/c4ccc(O*)cc4)cc3)cc2)cc1,58.184883
*CCCCCCCCCOC(=O)c1ccc(C(=O)NCCCCCCCCCCNC(=O)c2ccc(C(=O)CCCCCCS*)cc2)cc1,25.26371
*CCCCCCCCCOC(=O)c1ccc(NC(=O)CCCCCCCCC(=O)NCCCCCCCCCCNC(=O)c2ccc(C(=O)O*)cc2)cc1,40.466003
*CCCCCCCCCOC(=O)c1ccc(NC(=O)O*)cc1,41.6681
*CCCCCCCCCOC(=O)c1ccc(OC(=O)CCCCCCCC(=O)O*)cc1,-10.528534
*CCCCCCCCCOC(=O)c1cccc(C(=O)NCCCCCCNC(=O)c2ccc(S(=O)(=O)c3ccc(O*)cc3)cc2)c1,49.33406
*CCCCCCCCCOC(=O)c1cccc(NC(=O)O*)c1,29.65915
*CCCCCCCCCOC(=O)c1cccc(NC(=O)c2cccc(C(=O)NCCCCCCCCC(=O)O*)c2)c1,38.12136
*CCCCCCCCCOC(=S)C(O*)OC(C)=O,-34.674255
*CCCCCCCCCOCCCCOCCCCOC(=O)c1ccc(C(=O)O*)cc1,-5.051132
*CCCCCCCCCOc1ccc(/C=N/c2ccc(/C=C/c3ccc(O*)cn3)cc2)cc1,92.57061
*CCCCCCCCCOc1ccc(/C=N/c2ccc(C(=O)c3ccc(O*)c(OC)c3)cc2)cc1,76.810936
*CCCCCCCCCOc1ccc(C(=O)/C=C/C(=S)c2ccc(O*)c(C)c2)cc1C,57.086487
*CCCCCCCCCOc1ccc(C(=O)OCCCCCCNC(=O)c2ccc(O*)cc2)cc1,40.355476
*CCCCCCCCCOc1ccc(C(=O)Oc2ccc(-c3ccc(O*)c(C)c3)cc2OC)cc1Br,92.21062
*CCCCCCCCCOc1ccc(C(=O)Oc2ccc(OC(=O)c3ccc(O*)cc3)cc2)cc1,65.47228
*CCCCCCCCCP(=O)(/C=C/c1ccc(C(C)(C)c2ccc(C)cc2)cc1)Cc1ccc(Cc2ccc(C(C)CCC(=O)O*)cc2)cc1,84.635506
*CCCCCCCCCP(CCCCC)CS*,-49.578995
*CCCCCCCCCS(=O)(=O)SS*,-18.709702
*CCCCCCCCCS(=O)(=O)c1c(C)cc(-c2cc(OCCOC)c(C(=O)NCCCCCCCCCCCCNC(=O)c3ccc(*)cc3)cc2C)cc1C,59.13803
*CCCCCCCCCSC(=O)C(CCCCCCCC)C(=O)N*,-15.827545
*CCCCCCCCCSC(=O)NNC(=O)NCc1ccc(NC(=O)O*)c(C)c1,94.719025
*CCCCCCCCCSCCCCSCCO*,-51.59413
*CCCCCCCCCSSCCCCCCCCSS*,-48.491043
*CCCCCCCCCSSSSSCCCSSCS*,-65.67465
*CCCCCCCCC[N+](*)(C)CC#N,-10.921661
*CCCCCCCCC[N+](*)(C)CCC,-37.13867
*CCCCCCCCC[N+](C)(C)c1ccc([N+](=O)[O-])cc1C(=O)O*,53.187737
*CCCCCCCCC[N+](C)(CC*)CCCCC,-29.799194
*CCCCCCCCCc1ccc(N*)cc1,27.391571
*CCCCCCCCN(C)c1ccc(*)cc1,27.675804
*CCCCCCCCN(CC)C(=O)CCCCCCCCCCCCCCC(=O)N(*)CCC,31.265053
*CCCCCCCCN1C(=O)c2ccc(C(=O)Nc3ccc(C=*)cc3)cc2C1=O,141.68678
*CCCCCCCCNC(=O)C(CC)C(=O)N*,97.57262
*CCCCCCCCNC(=O)C(CCCCCCCCCCSSC(=O)NCCCCCCCCSCCNC(=O)S*)c1ccccc1,18.44712
*CCCCCCCCNC(=O)C(CCCNC(=O)OC)C(*)=O,38.90438
*CCCCCCCCNC(=O)C(CCNC(=O)O*)c1ccccc1,47.70526
*CCCCCCCCNC(=O)CCCCC(=O)NC(Cc1ccccc1)C(=O)NCCCNC(=O)C(=O)Nc1cnc(*)s1,73.61376
*CCCCCCCCNC(=O)CCCCC(=O)NCCCCCCCCCCNC(=O)CCCCCNC(=O)CCCCC(=O)N*,37.40915
*CCCCCCCCNC(=O)CCCCCC(=O)NCCCCCO*,10.20694
*CCCCCCCCNC(=O)CCCCCCC(=O)NCCCCCCNC(=O)CCCO*,26.88327
*CCCCCCCCNC(=O)CCCCCCCCCCCCCCC(=O)NC(=O)CCCCC(=O)N*,29.684326
*CCCCCCCCNC(=O)CCCCCSCCCCCCCC(=O)N*,17.439354
*CCCCCCCCNC(=O)CCCSCCCCCCCCCCCCC(=O)N*,18.234024
*CCCCCCCCNC(=O)CCNC(=O)CCCCCCCCC(=O)NCCC(=O)N*,64.23836
*CCCCCCCCNC(=O)CCOCC(=O)N*,31.256989
*CCCCCCCCNC(=O)CCSCCCCC(=O)NCCCCCNC(=O)C(=O)N*,44.383835
*CCCCCCCCNC(=O)CCc1ccc(CCCC(=O)N*)cc1,61.546257
*CCCCCCCCNC(=O)CSCCCCC(=O)N*,31.1352
*CCCCCCCCNC(=O)NCCCCCCNC(=O)NCCCCCCNC(=O)N*,66.23909
*CCCCCCCCNC(=O)NCCCCCNC(=O)NCCC(=O)N*,90.5739
*CCCCCCCCNC(=O)c1cc(NC(=O)CC(C)NC(=O)c2ccc(C(=O)N*)cc2)ccc1N,137.6471
*CCCCCCCCNC(=S)C(Cc1ccccc1)C(=O)N*,66.35813
*CCCCCCCCNC(=S)Nc1cccc(Cc2ccc(N*)c(C)c2)c1,129.3576
*CCCCCCCCOC(=O)C(=O)NCCNC(=O)c1ccc(N2C(=O)c3ccc(*)cc3C2=O)cc1OC,108.706726
*CCCCCCCCOC(=O)C(C(=O)OCC(*)=C)c1ccccc1,-1.4524841
*CCCCCCCCOC(=O)C(CCCCCCCCCCCCCOc1ccc(C(=O)Oc2ccc(OCC)cc2)cc1)COC(=O)c1ccc(C(=O)O*)cc1,29.512558
*CCCCCCCCOC(=O)C(CCCCCCCCOc1ccc(-c2ccc(-c3ccccc3)cc2)cc1)CO*,28.150703
*CCCCCCCCOC(=O)C(Cc1ccccc1)N(C)CC(C)(C)CC(O)C(=O)O*,18.152374
*CCCCCCCCOC(=O)C1CCC(C(=O)O*)OC1,11.686081
*CCCCCCCCOC(=O)C1CCC1*,14.257263
*CCCCCCCCOC(=O)CC/C=C/CC(C)CSC(=O)O*,2.5862427
*CCCCCCCCOC(=O)CC1=CC=CSC(c2ccc(*)s2)=C1,46.659218
*CCCCCCCCOC(=O)CCC(=O)OC(=O)c1ccc(COC(=O)CCCCCCC(=O)O*)cc1,-14.704788
*CCCCCCCCOC(=O)CCC(C=CCCCC)S(=O)(=O)CCCC(=O)O*,-35.305054
*CCCCCCCCOC(=O)CCC(CC(=O)O)c1ccc(-c2ccc(O*)cc2)cc1,41.662094
*CCCCCCCCOC(=O)CCCCCCC(=O)OCCCCCCOC(=O)c1ccc(C(=O)NNC(=O)c2ccc(C(=O)O*)cc2)cc1,26.620483
*CCCCCCCCOC(=O)CCCCCCCCCCC(=O)OCCCCCCOC(=O)NCCCCCCNC(=O)O*,-14.251404
*CCCCCCCCOC(=O)CCCCCCCCCCS(=O)(=O)CCCOC(=O)CCCCCCCCC(=O)O*,-26.665527
*CCCCCCCCOC(=O)CCCCCCCCCNC(=O)CCCOC(=O)SCCCCCCCCS*,-10.016449
*CCCCCCCCOC(=O)CCCOCCSCCC(=O)O*,-52.33725
*CCCCCCCCOC(=O)CCCS(=O)(=O)CCCCCSCCS(=O)(=O)CCCCS(=O)(=O)CC(F)(F)COC(=O)CCCCCCC(=O)O*,-29.43164
*CCCCCCCCOC(=O)CCCSCC(=O)O*,-43.128372
*CCCCCCCCOC(=O)CCS(=O)(=O)CCCSc1ccc(Cc2ccc(N(C)C(=O)CO*)cc2)cc1,37.914482
*CCCCCCCCOC(=O)CCc1ccc(C(=O)N*)cc1,40.03907
*CCCCCCCCOC(=O)CCc1ccc(CNC(=O)CCCCC(=O)N*)cc1,23.633804
*CCCCCCCCOC(=O)CNC(=S)NCc1ccc(CNC(=O)O*)cc1,57.30211
*CCCCCCCCOC(=O)CSc1cc(S*)cc(N(c2ccccc2)c2ccccc2)c1,70.186264
*CCCCCCCCOC(=O)NC(=O)CCCCCCCCCCC(=O)NCCCCCCOC(=O)CCCOC(=O)CCCCCCCCC(=O)O*,-18.872818
*CCCCCCCCOC(=O)NC(OC)OC(=O)CCCO*,-25.139526
*CCCCCCCCOC(=O)NC1=NC(C(=O)O*)CC(C)(CCCCC)CC1,46.639442
*CCCCCCCCOC(=O)NC1CCC(CC(*)=O)C1,59.03386
*CCCCCCCCOC(=O)NCC(C)SC(=O)O*,-1.5899811
*CCCCCCCCOC(=O)NCCCCCCCCNC(=O)OCCOCCOCCOC(=O)O*,-24.042725
*CCCCCCCCOC(=O)Nc1ccc(NC(=O)CCCC(=O)Nc2ccc(Cc3ccc(C(=O)O*)cc3)cc2)cc1,86.86528
*CCCCCCCCOC(=O)OCC(C)(C)O[Si](C)(C)OCCCCOCCCOC(C)COC(=O)OC(COc1ccc(C(C)(C)c2ccc(O*)cc2)cc1)c1ccc(/C=C/c2ccc([N+](=O)[O-])cc2)cc1,40.98069
*CCCCCCCCOC(=O)OCCCCCCCCN(C)C(=O)c1ccc(C(=O)N*)c(C)c1,34.162346
*CCCCCCCCOC(=O)OCCCCOC(=O)OCCCCOC(=O)OCCCCCCOC(=O)c1cccc(C(=O)O*)c1,-7.670624
*CCCCCCCCOC(=O)OCCSCCCCCOC(=O)O*,-48.176193
*CCCCCCCCOC(=O)SCCCSCC(=O)O*,-46.749115
*CCCCCCCCOC(=O)SCSCCCCC(=O)O*,-45.26346
*CCCCCCCCOC(=O)SSS*,-35.572098
*CCCCCCCCOC(=O)c1ccc(/N=N/c2ccc(C(C)(CC)c3ccc(C(=O)O*)cc3)cc2)cc1,68.967255
*CCCCCCCCOC(=O)c1ccc(C(=O)N*)c(OCCOCC)c1,33.491035
*CCCCCCCCOC(=O)c1ccc(C(=O)NCCc2ccc(O*)c(O)c2)cc1,64.36022
*CCCCCCCCOC(=O)c1ccc(C(=O)OC(=O)c2ccc(C(=O)OC(=O)c3cc[c]4c(c3)C(=O)[N](*)[Sn]4)cc2)cc1,100.42764
*CCCCCCCCOC(=O)c1ccc(C(C#N)(C(=O)O)C(=O)O*)cc1,41.221718
*CCCCCCCCOC(=O)c1ccc(C(C)(C)c2ccc(C(=O)O*)c(C(=O)OCCCCCC)c2)cc1C,42.627144
*CCCCCCCCOC(=O)c1ccc(CCOC(=O)COCC(=O)O*)cc1,-20.301315
*CCCCCCCCOC(=O)c1ccc(CCc2ccc(C(=O)S*)cc2)cc1,35.7172
*CCCCCCCCOC(=O)c1ccc(NC(=O)CCCCCCCCCCCCCCCCC(=O)Nc2ccc(C(=O)O*)cc2)cc1,39.19017
*CCCCCCCCOC(=O)c1ccc(OCCCCCCOc2ccc(OC(=O)CCCCCCC(*)=O)cc2)cc1,3.6494293
*CCCCCCCCOC(=O)c1ccc(OCCOCCOCCOc2ccc(CCCOC(=O)O*)cc2)cc1,-11.965683
*CCCCCCCCOC(=O)c1ccc(Oc2ccc(C(=O)Oc3ccc(-c4ccc(O*)cc4)cc3)cc2)cc1,72.31839
*CCCCCCCCOC(=O)c1ccc(S(=O)(=O)C(=O)O*)cc1,37.911293
*CCCCCCCCOC(=O)c1ccc(S(=O)(=O)S*)c(Cl)c1Cl,41.293106
*CCCCCCCCOC(=O)c1ccc([Si](*)(C)COc2ccc(C=O)cc2CCCCCCCCCC)cc1,-10.679825
*CCCCCCCCOC(=O)c1cccc(C(=O)NCCO*)c1,16.033508
*CCCCCCCCOC(=O)c1cccc(OCCCCCCCOc2ccc(C(=O)Oc3ccc(O*)cc3)cc2)c1,27.962433
*CCCCCCCCOC(=O)c1ccccc1-c1ccccc1C(=O)O*,12.21611
*CCCCCCCCOC(=O)c1ccccc1C(=O)OCCOCCOC(=O)c1cccc[n+]1C(=O)O*,-0.61849976
*CCCCCCCCOCCCCCCCCCCCCCCOC(=O)NCCCCCCCCCCCCCNC(=O)O*,-9.230606
*CCCCCCCCOCCCCCCCCCOCCCCOCCCCCCO*,-40.67456
*CCCCCCCCOCCCCCCOCCCCCCOCCCCO*,-50.594955
*CCCCCCCCOc1ccc(-c2cc(OC)c(O*)c(OCCCCC)c2)cc1OC,47.64058
*CCCCCCCCOc1ccc(/C=C/c2ccc(OCCOCCOCCOCC(O*)OCC)cc2)cc1,41.144257
*CCCCCCCCOc1ccc(/C=C/c2ccccc2C(=O)O*)cc1,68.96065
*CCCCCCCCOc1ccc(/C=C2/CCCCC/C(=C/c3ccc(O*)cc3)CCC2)cc1C,72.5028
*CCCCCCCCOc1ccc(C(=O)CCCCCCCCCCCCC(=O)c2ccc(O*)cc2)cc1,9.661346
*CCCCCCCCOc1ccc(C(=O)CCc2ccc(OC=*)nc2)cc1,34.44271
*CCCCCCCCOc1ccc(C(=O)OC(=O)c2ccc(O*)cc2)cc1,41.902473
*CCCCCCCCOc1ccc(C(C)(C)c2ccc(OC(=O)CCCCCCCC(=O)OCCOCCOC(=O)c3ccc(O*)cc3)cc2)cc1,17.257034
*CCCCCCCCOc1ccc(CBc2cc(*)c(F)c(F)c2C(F)(F)F)cc1C,51.820892
*CCCCCCCCOc1ccc(Cc2ccc(O*)cc2OCCCCCCCCCCOCCCCOc2ccc(/C=N/c3ccc(OCCCCCCCC)c(C#N)c3)cc2)cc1OC,78.173965
*CCCCCCCCOc1ccc(NC(=O)CCCCCCCCCCCCCCCCCCC(=O)Nc2ccc(O*)cc2)cc1,49.117584
*CCCCCCCCOc1ccc(NC(=O)c2ccc(C(=O)NNC(=O)c3ccc(C(=O)Oc4ccc(*)cc4)cc3)cc2)cc1,117.15165
*CCCCCCCCOc1ccc(OC(=O)c2cc(OC)c(C(=O)O*)c(OCCCCCCCCCCCCCCCC)c2)cc1OC,32.405807
*CCCCCCCCOc1ccc(OCCCCOCCOCCOc2ccc(/N=C/c3ccc(O*)cc3)cc2)cc1,41.074738
*CCCCCCCCP(C#N)CC[Si](*)(C)c1ccc(-c2ccccc2)cc1,5.888275
*CCCCCCCCP(C)(=O)SCCCSCCCSCC(=O)N*,-29.440796
*CCCCCCCCP(CCCCCC)C(=O)CCCCCCCCCC(=O)N*,15.325134
*CCCCCCCCP(CCCCCCCCCCCCOC(=O)N*)C(=O)OCCCCCCCCCCCCCCCC,-25.572876
*CCCCCCCCS(=O)(=O)CCCCCCCCC(=O)NCc1ccc(CN(C)C(=O)CCCCCOC(=O)c2ccc(*)s2)cc1,18.948196
*CCCCCCCCS(=O)(=O)CCCCCCCCCS(=O)(=O)CCCCCCCNC(=O)c1ccc(C(=O)N*)c(C)c1,47.490623
*CCCCCCCCSC(=O)NCCCCSNC(=O)CC/C=C/C(=O)O*,12.008499
*CCCCCCCCSCCCCCCNC(=O)C(=O)N*,34.43309
*CCCCCCCCSCCCCCCNC(=O)c1cc(CCCC)cc(C(*)=O)c1,54.910545
*CCCCCCCCSCC[Si](C)(C)CCCO*,-58.348633
*CCCCCCCCSSC(=O)NCCCCCCNC(C)C(=O)O*,-9.355408
*CCCCCCCCSSCCOC(=O)Nc1ccc(Cc2ccc(NC(=O)SCCN(*)c3ccc(C#N)cc3)cc2)cc1,40.151382
*CCCCCCCCSSCCOCCCCSS*,-63.04648
*CCCCCCCC[N+](C)(C)CCCOC(=O)c1ccc(-c2cccc(C(=O)O*)c2)cc1,18.443764
*CCCCCCCC[N+](C)(C)CCC[Si](*)(C)CCCCCC,-73.86125
*CCCCCCCC[N+](C)(C)c1ccc(*)n1CCC(=O)O,-16.216599
*CCCCCCCC[PH](C)(C)CN(C)C(=O)CCCCC(=O)NCCCCCCNC(=O)c1nnc(*)n1O,41.0226
*CCCCCCCC[Si](*)(C)CCCNc1ccccn1,-28.299255
*CCCCCCCC[Si](C)(C)CCCOC(=O)c1ccc(C(=O)NCCc2ccc(/N=N/c3ccc(CCS(=O)(=O)O*)cc3)cc2)cc1,57.41046
*CCCCCCCC[Si](C)(C)c1ccc(C(C)(C)[Si](C)(C)c2ccc(-c3ccc(*)o3)c(C)c2)s1,7.843399
*CCCCCCCCc1ccc(*)c(OCC(CC)CCCC)c1,-23.65506
*CCCCCCCCc1ccc(/C=N/C(=C/CCCC=CC(*)=O)c2ccc(/N=N/c3ccc(OCC)cc3)cc2)cc1,81.94852
*CCCCCCCCc1ccc(CC(=O)Nc2ccc(NC(=O)c3ccc(*)cc3)cc2)cc1,139.44861
*CCCCCCCCc1cccc(-n2c(=O)c3cc4c(=O)n(*)c(=O)c4cc3c2=O)c1,202.63797
*CCCCCCCCn1ccc(-c2ccc(CSSCCCCCCCCCCCCCCCCCCCCC)cc2)c1*,4.323395
*CCCCCCCN(*)CCCCCCCCC,-80.84477
*CCCCCCCN(C)C(=O)CCCCCCCCCCCCCCC(=O)N(*)CC,18.685417
*CCCCCCCNC(=O)C(CCCCCCCCCCCCCCCCCCCCCCC)C(=O)NCCCCCCCCS*,8.672089
*CCCCCCCNC(=O)CCC(=S)NCCCCC(*)=O,24.942848
*CCCCCCCNC(=O)CCCCCC(=O)NCCCC(=O)O*,18.126083
*CCCCCCCNC(=O)CCCCCCCCC(=O)NCCCCCCCC(=O)N*,38.660896
*CCCCCCCNC(=O)CCCCCCCCC(=O)NCCNC(=O)C(=O)N*,52.975395
*CCCCCCCNC(=O)CCCCCCCCCC(=O)NNC(=O)CCCCC(=O)NC*,34.16249
*CCCCCCCNC(=O)CCCCCCCCCCCC(=O)NC(C)=C(C)C(=O)N*,56.153633
*CCCCCCCNC(=O)CCCCCCCCCCCCCCC(=O)NCCCSCCCCCSCCCNC(=O)O*,0.522583
*CCCCCCCNC(=O)CCCCNC(=O)CCCCCCCCCCCCC(=O)NCCCCCCNC(=O)C(=O)N*,45.295456
*CCCCCCCNC(=O)CCS(=O)(=O)CCCCC(=O)N*,21.737709
*CCCCCCCNC(=O)NCc1ccc(CNC(=O)O*)cc1,79.95526
*CCCCCCCNC(=O)c1ccc(C(=O)NCC(*)=C(C#N)N(C)CC)cc1,115.317154
*CCCCCCCNC(=O)c1ccc(NC(=O)CCCCCC(=O)Nc2ccc(C(=O)NCCCCCCCCCCNC(=O)c3ccc(C(=O)N*)cc3)cc2)cc1,80.36708
*CCCCCCCOC(=O)C(CCCC)OCC(C)(C)CC(=O)O*,-44.91301
*CCCCCCCOC(=O)C(CCCCCCCCC)C(CCCCCC)C(=O)O*,-47.618805
*CCCCCCCOC(=O)C(CCCCCCCSSSSCN(*)CC)C(=O)OC,-57.082687
*CCCCCCCOC(=O)C(O)C(OCC)C(=O)OCC(*)C(=O)OCC,-0.720047
*CCCCCCCOC(=O)CCCCC(=O)OCCOCCOCO*,-65.51988
*CCCCCCCOC(=O)CCCCCCCCCCCCC(=O)OCC(=O)O*,-31.18158
*CCCCCCCOC(=O)CNC(=O)c1ccc(C(=O)N*)c(OCCC)c1,62.65825
*CCCCCCCOC(=O)Cc1ccc(CC(=O)N*)cc1,22.209518
*CCCCCCCOC(=O)NCCCCCC(=O)O*,-26.685257
*CCCCCCCOC(=O)NCCCCCCCCCCCCNC(=O)O*,0.8245392
*CCCCCCCOC(=O)NSC(=O)OCCCCCCOC(=O)c1ccc(N=*)cc1,-0.021774292
*CCCCCCCOC(=O)Oc1cc(Cl)c(O*)cc1C,39.466766
*CCCCCCCOC(=O)c1ccc(C(=O)NCCOC(=O)c2ccc(C(=O)OCCOc3ccc(O*)cc3)cc2)cc1,38.31491
*CCCCCCCOC(=O)c1ccc(CCC(=O)N*)cc1,10.654602
*CCCCCCCOC(=O)c1ccc(NC(=O)CCc2ccc(C(=O)O*)cc2)cc1,45.585434
*CCCCCCCOC(=O)c1cccc(NC(=O)CCCCCCC(=O)Nc2ccc(C(=O)O*)cc2)c1,42.45909
*CCCCCCCOC(=O)c1ccccc1C(=O)Oc1ccc(OC(=O)c2ccc(C(=O)O*)c(C)c2)cc1C,47.025208
*CCCCCCCOc1ccc(/C=C/c2ccc(OC(=O)COCC(*)=O)cc2)cc1,49.056145
*CCCCCCCOc1ccc(/C=N/CC/C=C/c2ccc(OCCCCCOC(=O)c3ccc(O*)cc3)cc2)cc1,49.57734
*CCCCCCCOc1ccc(C(=NNCCCCCCCC)c2ccc(/C=C/c3ccc(*)cc3)cc2)cc1,87.9797
*CCCCCCCOc1ccc(C(=O)Nc2ccc(O)c(NC(=O)c3ccc(O*)c(OC)c3)c2)cc1,101.311676
*CCCCCCCOc1ccc(C(=O)OC(=O)c2ccc(OCCOc3ccc(S(=O)(=O)c4ccc(OC(=O)c5ccc(O*)cc5)cc4)cc3)cc2)cc1,75.44936
*CCCCCCCOc1ccc(C(=O)OCCCCCCCCCCOC(=O)c2cccc(C(=O)O*)c2)cc1,12.128433
*CCCCCCCOc1ccc(C(C)c2ccc(O*)c(C)c2)cc1C,51.17038
*CCCCCCCOc1ccc(CCCCCCCCC(=O)Oc2ccc(O*)cc2)cc1,16.495438
*CCCCCCCOc1ccc(NC(=O)c2ccc(C(=O)Oc3ccc(C(C)(C)c4ccc(O*)cc4)cc3)cc2)cc1,91.983475
*CCCCCCCOc1ccc(NC(=O)c2cccc(C(=O)Nc3ccc(-n4c(=O)c5cc6c(=O)n(*)c(=O)c6cc54)cc3C(=O)O)c2)cc1,205.90225
*CCCCCCCOc1ccc(OCCCCCCCCCOc2ccc(-c3ccc(O*)cc3)cc2)cc1,35.939507
*CCCCCCCOc1ccc(Oc2ccc(-n3c(=O)c4cc5c(=O)n(*)c(=O)c5cc4c3=O)cc2)cc1,202.21417
*CCCCCCCOc1ccc(Oc2ccc(OC(=O)c3ccc(OC(=O)c4ccc(O*)cc4)cc3)cc2)cc1,59.21617
*CCCCCCCS(=O)(=O)CCCCCCC(=O)NC(C)CSC(=O)N*,4.5861816
*CCCCCCCSC(=O)NCCCCCNC(=O)NCCCCC(=O)N*,28.757187
*CCCCCCCSC(=O)Nc1ccc(/C=N/c2ccc(O*)cc2)cc1,90.62773
*CCCCCCCSC(=O)OCCCC[Si](*)(C)CCC,-66.20004
*CCCCCCCSC(=O)c1ccc(C(=O)NCCCCCCNC(=O)c2ccc(*)o2)cc1,48.149963
*CCCCCCCSCCC(*)=O,-45.702377
*CCCCCCCSCCSCC(=O)N*,-29.199722
*CCCCCCCSCSCCSCCNC(=O)c1ccccc1/C=C/c1ccc(C(=O)N*)cc1,51.090958
*CCCCCCCSSCSCCCCC*,-81.017426
*CCCCCCCSSSCCCCCC*,-85.69241
*CCCCCCCSSSSSSSSC(=O)C(=O)N*,-23.091629
*CCCCCCC[N+](C)(C)CCCCCCC(=O)O*,-50.600754
*CCCCCCC[N+](C)(C)CCCCCOC(=O)c1ccc(O*)cc1,-19.337997
*CCCCCCC[N+](C)(C)COC(=O)c1ccc(O*)cc1,-19.361145
*CCCCCCC[PH](*)(C)C#C,-23.131332
*CCCCCCC[PH](C=C)(CCCCCCCC)N*,-30.200455
*CCCCCCC[Si](*)(NCCCCCCCCOc1ccc(C)cc1)OC,-32.743683
*CCCCCCC[Si](*)(c1ccccc1)c1ccc(C(C)(C)C)cc1,0.84432983
*CCCCCCCc1ccc(-c2nnc(*)s2)o1,45.369843
*CCCCCCCc1ccc(C[Si](*)(C)CCC(C)C)cc1,-23.379303
*CCCCCCN(*)C(=O)CCCCCCC=CC=C,-32.504807
*CCCCCCN(*)C(=O)CCCCCCCC,-46.5179
*CCCCCCN(*)C(=O)c1cc(F)c(F)c(Cl)c1F,51.138252
*CCCCCCN(*)c1ccc(C(C)(C)C)cc1,39.17559
*CCCCCCN(*)c1cccc(C)c1,3.8246155
*CCCCCCN(C)C(=O)CCCCCCCCC(=O)N(C)Cc1ccc(C)c(N*)c1,51.24993
*CCCCCCN(C)C(=O)NCCCCCCCCCCNC(=O)c1cc(N)c(C(=O)N*)cc1C,91.975204
*CCCCCCN(C)C(=O)c1cccc(C(=O)NCNC(=O)S*)c1,65.44538
*CCCCCCN(C)CC(=O)NCCCCCCNC(=O)N*,28.15989
*CCCCCCN(C)O[Si](C)(C)c1ccc(C(=O)N(*)C)cc1,-6.06987
*CCCCCCN(CC)C(=O)c1ccc(C(*)=O)cc1,136.01283
*CCCCCCN(CCBCCOC(=O)NCCC(=O)O*)CS(=O)(=O)CCC(C)C,-23.139221
*CCCCCCN(CCCCCC[Si](*)(C)C)c1ccc(/N=N/c2ccc(C#N)cc2)cc1,51.007942
*CCCCCCN(CCOC(=O)CCC(O)C(=O)N*)c1ccccc1,-11.468369
*CCCCCCN(CCOC(=O)NCCCCCCCNC(=O)O*)c1ccc(OCCCCCCC)cc1,-5.5808716
*CCCCCCN1C(=O)c2ccc(C(C)(C)c3ccc(C4(*)OC(=O)c5ccccc54)cc3C)cc21,152.04343
*CCCCCCN1C=CC(=C=C=*)C(C)(C#N)CC1,40.074112
*CCCCCCN1OCCOc2ccc(C(=O)O*)cc2C1=O,56.63012
*CCCCCCNC(=O)/C=C/C=C/C=C/C(=O)NCCCCCC*,65.00729
*CCCCCCNC(=O)C(*)C(=O)OC,51.08596
*CCCCCCNC(=O)C(/N=C/c1ccc(NCCCNC(=O)S*)cc1)c1ccc(/N=N/c2ccc(/N=N/c3ccc(OC)cc3)cc2)cc1,117.07849
*CCCCCCNC(=O)C(=O)N(*)CCCC,66.590675
*CCCCCCNC(=O)C(C)(C(=O)N*)C(=O)Nc1ccc(/N=N/c2ccccc2)s1,123.52797
*CCCCCCNC(=O)C(CCCCCC)C(=O)O*,-20.248886
*CCCCCCNC(=O)C(CCCCCCCCCCCCCC)SC(=O)N*,-9.092957
*CCCCCCNC(=O)C(CCCCCCCCCCCCCCCCCC(=O)N*)c1ccc(F)cc1,39.3351
*CCCCCCNC(=O)C(CCCCCCCCCCCCCCCCOc1ccc(/N=N/c2ccc([N+](=O)[O-])cc2)cc1)C(=O)O*,65.04705
*CCCCCCNC(=O)C(CCCCCCCCCCOc1ccc(-c2ccc(CCc3ccc(OC)cc3)cc2)cc1)C(=O)O*,49.594826
*CCCCCCNC(=O)C/C=C/CCC(*)C(=O)OCCCCC,29.509872
*CCCCCCNC(=O)C1=Cc2ccc(C(=O)O*)cc2C(=O)BC=C1,98.26103
*CCCCCCNC(=O)CC(C)NC(=O)N*,64.606094
*CCCCCCNC(=O)CC/C=C/CC(C)(C)C(=O)N*,67.386215
*CCCCCCNC(=O)CC=C(*)C,12.855225
*CCCCCCNC(=O)CC=CC/C=C/c1ccc(N(*)C)cc1,44.01722
*CCCCCCNC(=O)CCCC(=O)NCCCCCCNC(=O)COC(=O)N*,16.690277
*CCCCCCNC(=O)CCCCCC(=O)NCCCCCCNC(=O)C(=O)NCCCCC(=O)N*,46.76116
*CCCCCCNC(=O)CCCCCC(=O)NCCCCCNC*,10.772293
*CCCCCCNC(=O)CCCCCCC(=O)NCCC(CNC(=O)C(=O)N*)c1ccccc1,48.20912
*CCCCCCNC(=O)CCCCCCCC(=O)NOCC/C=C/CC(C)CCOC(=O)c1ccccc1C(=O)O*,12.549683
*CCCCCCNC(=O)CCCCCCCCC(=O)NC(Cc1ccccc1)C(=O)O*,22.901917
*CCCCCCNC(=O)CCCCCCCCC(=O)NCCCCCN(CC(=O)O*)c1ccc(OCCOCCOCC)cc1,20.690903
*CCCCCCNC(=O)CCCCCCCCCCC(=O)S*,20.916908
*CCCCCCNC(=O)CCCCCCCCCCCCC(=O)NCCCCCCCCCN(C)C(=O)O*,12.315338
*CCCCCCNC(=O)CCCCCCCCCCCCCCC(=O)NCCCCCCCNC(=O)C(=O)N*,60.253
*CCCCCCNC(=O)CCCCCCCCCCCCCCC(=O)NCCCCCCNC(=O)COCCOCCO*,12.026764
*CCCCCCNC(=O)CCCCCCCCCCCCN(*)C,5.929062
*CCCCCCNC(=O)CCCCCCCCC[PH](C)(C)CCCCCCC(=O)N*,12.149918
*CCCCCCNC(=O)CCCCCCCSCCCCCCCC(=O)N*,9.9292755
*CCCCCCNC(=O)CCCCCCNC(=O)N*,34.914665
*CCCCCCNC(=O)CCCCCSCCC(=O)N*,0.731369
*CCCCCCNC(=O)CCCCCSCCCC(=O)N*,-0.70680237
*CCCCCCNC(=O)CCCOCCCCCCCCCN(*)CCOCCC,-17.97847
*CCCCCCNC(=O)CCc1ccc(CNC(=O)O*)cc1,51.148956
*CCCCCCNC(=O)CCc1ccccc1CCC(=O)N*,39.422516
*CCCCCCNC(=O)NCc1ccc(NC(=O)S*)cc1,125.91295
*CCCCCCNC(=O)Nc1ccc(C(=O)N*)c(C(=O)Oc2ccc(OCCCC)cc2)c1,116.48894
*CCCCCCNC(=O)OCC(O)C(O*)c1ccccc1,-2.742569
*CCCCCCNC(=O)SCCCNC(=O)N*,27.77819
*CCCCCCNC(=O)c1cc(C(=O)S*)ccc1COC,90.99562
*CCCCCCNC(=O)c1cc(OCCCCCC)c(*)cc1CCCC,37.00563
*CCCCCCNC(=O)c1ccc(Bc2ccc(C(=O)O*)cc2)cc1,86.3831
*CCCCCCNC(=O)c1ccc(C(=O)NC(=O)/C=C/c2cc(OCC(C)CC)c(*)s2)cc1Br,117.61252
*CCCCCCNC(=O)c1ccc(C(=O)NCCCNC(=O)c2ccc(C(=O)NCCSCCCCCCNC(=O)c3ccc4c(c3)C(=O)N(*)C4=O)cc2)cc1,84.38573
*CCCCCCNC(=O)c1ccc(C(=O)NNC(=O)CCCCCCCCCCCC(=O)Nc2ccc(C(=O)O*)cc2)cc1,102.10971
*CCCCCCNC(=O)c1ccc(C(C)(C)c2ccccc2C(=O)N*)c(C)c1,101.76175
*CCCCCCNC(COCC(F)(F)C(F)(F)F)=C(CNCCCC)NC(=O)CCCCC(=O)NCCc1ccccc1C(=O)O*,36.257347
*CCCCCCOC(*)COCCSCCCC,-49.848755
*CCCCCCOC(=O)/C=C/C(=O)OCCOC(=O)CCCCC(=O)O*,-7.787628
*CCCCCCOC(=O)C(=O)NCCCCCNC(=O)C(=O)N*,37.468735
*CCCCCCOC(=O)C(=O)OCCCCCCOC(=O)c1ccc(-c2ccc(C(=O)O*)cc2)cc1,26.515
*CCCCCCOC(=O)C(=O)OCC[SH](C)(C)COC(=O)NNC(=O)c1ccc(N(*)CC)cc1,36.56125
*CCCCCCOC(=O)C(C)(C)CC(O*)C(=O)Oc1ccc(C=C(C#N)C=C)cc1,32.398567
*CCCCCCOC(=O)C(C)CCCCCCC(=O)O*,-39.053055
*CCCCCCOC(=O)C(CCCCCCCCCO)OCCOC(=O)OCCC(C)O*,-37.718002
*CCCCCCOC(=O)C(CCCCCCCCCOc1ccc(/N=N/c2ccc(O*)cc2Br)cc1)c1ccccc1,43.846313
*CCCCCCOC(=O)C(CCCCCCOc1ccc(/C=C/c2ccc(OC)cc2)cc1)C(=O)NCS*,50.197395
*CCCCCCOC(=O)C(COC(=O)CCCC)S(=O)(=O)CCCS(=O)(=O)c1ccccc1C(=O)O*,8.645111
*CCCCCCOC(=O)C(O)OC(=O)c1ccc(C(=O)O*)cc1,18.029282
*CCCCCCOC(=O)CC(=O)OCCCCCCOC(=O)c1cccnc1-c1ccccc1C(=O)O*,0.68655396
*CCCCCCOC(=O)CC(C)(CC)C(=O)O*,-24.499466
*CCCCCCOC(=O)CC(C)CCCCCCCCC(=O)O*,-40.070602
*CCCCCCOC(=O)CC(F)(F)C(F)(F)C(F)(F)COC(=O)NCCC(=O)NCC(=O)OCCCCCCOc1ccc(-c2ccc(OCCCCCCCCOc3ccc(O*)cc3)cc2)cc1,30.344986
*CCCCCCOC(=O)CC/C=C/CCCCCCCCCCS*,-15.087845
*CCCCCCOC(=O)CCC(=O)NCCCCCC(=O)O*,-36.688004
*CCCCCCOC(=O)CCC(=O)OCCOC(=O)CCCCC(=O)O*,-42.87474
*CCCCCCOC(=O)CCCCCC(=O)OCCCCOc1ccc(/N=C/c2ccc(OCCCCCCOC(=O)CCCC(=O)O*)cc2)cc1,11.658752
*CCCCCCOC(=O)CCCCCCC(=O)OCOC(=O)CCCCC(=O)O*,-39.302216
*CCCCCCOC(=O)CCCCCCCC(=O)OCCCCCCOc1ccc(OC(=O)c2ccc(/C=C/C(=O)Nc3ccc(O*)cc3C)cc2)cc1,51.991325
*CCCCCCOC(=O)CCCCCCCCCC(=O)OCCOC(=O)C(C)=C(CCCC)C(=O)O*,-21.736511
*CCCCCCOC(=O)CCCCCCCCCCCCCCCCCCCCC(=O)OCCCCCCOc1ccc(N(*)c2ccc(OC)cc2)cc1,16.707382
*CCCCCCOC(=O)CCCCCCCCCCCCCCCSCCCCCCC(=O)O*,-24.66388
*CCCCCCOC(=O)CCCCCCOCC1COC(=O)C1*,-4.6632385
*CCCCCCOC(=O)CCCCCOCCCCCCCCCCC(=O)O*,-37.49672
*CCCCCCOC(=O)CCCCCSSCCC(=O)O*,-46.690704
*CCCCCCOC(=O)CCCC[N+](CCCCC)C(=O)NCCCCSCCCCCCNC(=O)O*,15.621536
*CCCCCCOC(=O)CCCNC(=O)CCCCC(=O)S*,-20.04544
*CCCCCCOC(=O)CCSCCCCCCCCC(=O)O*,-39.413025
*CCCCCCOC(=O)CCc1ccc(CSC(=O)S*)cc1,14.078995
*CCCCCCOC(=O)CNC(=O)CCCCS*,-40.810272
*CCCCCCOC(=O)CSC(=O)Oc1ccc(O*)cc1,-31.39151
*CCCCCCOC(=O)CSCCNC(=O)CCCCCO*,-38.570496
*CCCCCCOC(=O)Cc1ccc(CCCNC(=O)CCSP(=O)(O*)OCC)cc1,3.3123016
*CCCCCCOC(=O)Cc1ccc(CN(CC)C(=O)CCCCCCCCCCC(=O)c2ccc(C(=O)O*)cc2)cc1,29.565346
*CCCCCCOC(=O)N(C)CCCC(=O)OCC(O)COc1ccc(C(C)(C)c2ccc(O*)cc2)cc1,16.547333
*CCCCCCOC(=O)NC(CCCCCCCCCCN=C(C(=O)O*)C(C)C)OCCC,-10.191925
*CCCCCCOC(=O)NC1CCC(SC(=O)O*)C1,34.566536
*CCCCCCOC(=O)NCCCCCCCCSCCCCCCSCC(=O)O*,-13.010849
*CCCCCCOC(=O)NCCCCCCNC(=O)OCCCCCCOC(=O)OCCCCO*,-15.694092
*CCCCCCOC(=O)NCCCCCCNC(=O)OCCO*,-17.154892
*CCCCCCOC(=O)NCCCCNC(=O)OCc1ccc(-c2ccc(*)o2)cc1,9.362366
*CCCCCCOC(=O)NCCCCSCCSCCCCCCNC(=O)O*,-26.6772
*CCCCCCOC(=O)NCCCSCCCCCCCCCCCCCCNC(=O)O*,-10.500259
*CCCCCCOC(=O)NCCCc1ccc(CNCCCOC(=O)O*)cc1,-11.608368
*CCCCCCOC(=O)NNC(=O)CCCCCCCCC(=O)NC(C)C(=O)O*,18.753769
*CCCCCCOC(=O)NNC(=O)CCCOC(=O)O*,-23.177124
*CCCCCCOC(=O)NNC(=O)c1ccc(C(=O)NC(=S)O*)cc1,93.61398
*CCCCCCOC(=O)NSCCS(=O)(=O)c1ccc(*)o1,-10.353058
*CCCCCCOC(=O)Nc1cc(NC(=O)O*)cc(C(C)(C)C)c1,48.513367
*CCCCCCOC(=O)Nc1cc(OCCC)c(O*)c(OCC)c1S,53.04374
*CCCCCCOC(=O)Nc1ccc(CCCc2ccc(NCCCCCCNC(=O)O*)cc2)cc1,38.256798
*CCCCCCOC(=O)Nc1ccc(NC(=O)/C=C/c2ccc(OCCCCCCCCOc3ccc(/N=C/c4ccc(O*)cc4)cc3)cc2)cc1,78.59237
*CCCCCCOC(=O)Nc1ccc(NC(=O)NC(=O)NCCCNC(=O)O*)cc1,58.854477
*CCCCCCOC(=O)Nc1ccc(NC(=O)O*)c(/C=C/c2ccc(OCCCCC)cc2)n1,71.196144
*CCCCCCOC(=O)Nc1ccc(NC(=O)OCCCCCCOC(=O)c2cccc(C(=O)OC3COCC(*)C3)c2)cc1,50.193764
*CCCCCCOC(=O)OC1CCC(OC(=O)O*)C(OC)C1,12.682144
*CCCCCCOC(=O)OCC(O)CN(*)c1cc(C)ccc1OC(C)=O,10.222107
*CCCCCCOC(=O)OCCCCCCCCCCOc1ccc(/C=N/c2ccc(/C=N/c3ccc([N+](=O)[O-])cc3)cc2)cc1C=*,86.78743
*CCCCCCOC(=O)OCCCCCCOC(=O)OCC[Si](C)(C)COC(=O)Oc1ccc(-c2ccc(O*)cc2)cc1,-7.5098877
*CCCCCCOC(=O)OCCCCCOc1ccc(NC(=O)/C=C/C(*)=O)cc1,26.317795
*CCCCCCOC(=O)OCCSCOC(=O)OCCCCOc1ccc(/N=C/c2ccc(OC)cc2)c(OC)c1*,11.617554
*CCCCCCOC(=O)SCCCCCCCCCCCC(*)=O,-14.333435
*CCCCCCOC(=O)SSCCCSCCNS(=O)(=O)CCCCC(=O)O*,-42.0506
*CCCCCCOC(=O)SSCCSSCCNC(=O)N*,-33.12285
*CCCCCCOC(=O)SSc1ccc(C(=O)N*)c(-c2ccccc2)c1,39.54139
*CCCCCCOC(=O)c1cc(C(=O)NCCCCCCCCCCN*)ccc1C,15.967499
*CCCCCCOC(=O)c1cc(OC)c(C(=O)O*)c(C)c1C,34.722466
*CCCCCCOC(=O)c1ccc(/C=C/C(=O)O*)cc1,55.376022
*CCCCCCOC(=O)c1ccc(C(=O)NCCCCCCCCCC(=O)O*)cc1,7.435257
*CCCCCCOC(=O)c1ccc(C(=O)NCCCCCCOC(=O)c2ccc(C=*)cc2)cc1,25.078796
*CCCCCCOC(=O)c1ccc(C(=O)NCCCNC(=O)CCCCCCCc2ccc(CO*)cc2)cc1,31.286781
*CCCCCCOC(=O)c1ccc(C(=O)OCCOc2ccc(/C=C/C(=O)Nc3ccc([Si](*)(C)C)cc3)cc2)cc1,89.70889
*CCCCCCOC(=O)c1ccc(N(*)CCCCC)cc1,11.909714
*CCCCCCOC(=O)c1ccc(NC(=O)CCCCC(=O)c2ccc(O*)cc2)cc1,8.8737335
*CCCCCCOC(=O)c1ccc(NC(=O)CCCCCCC(=O)Nc2cccc(O*)c2)cc1,51.592964
*CCCCCCOC(=O)c1ccc(NC(=O)CCCOc2ccc(C(=O)OCCOc3ccc(C(=O)Oc4ccc(-c5ccc(O*)cc5)cc4)cc3)cc2)cc1,48.45513
*CCCCCCOC(=O)c1ccc(O*)c(C(=O)OCCCCCCCCCCCC)c1,-10.099091
*CCCCCCOC(=O)c1cccc(C(=O)SCCCCCS(*)(=O)=O)c1,-4.300049
*CCCCCCOC(=O)c1cccc(S(=O)(=O)/C=C/C(=O)O*)c1,62.233803
*CCCCCCOC(=O)c1ccccc1C(=O)NCCCCCCOCCCCCCNC(=O)C(*)=O,1.6754913
*CCCCCCOC(=O)c1ccccc1N(*)CCCC,20.261124
*CCCCCCOC(=O)c1cnc(*)c(OCC)c1,40.174767
*CCCCCCOCCCCCCCCCCO*,-57.1996
*CCCCCCOCCCCCCCCOC(=O)C(=CCCCCCCCCCCCCCCCCC[C](=O)[Ca])C(=O)O*,-25.415482
*CCCCCCOCCCCCCCCOC(=O)C(CCCC)C(=O)CCCCCOC(=O)CCCCCCCCNC(=O)CCCCCCCCCCC(=O)NCC(C)(C)CCOC(=O)N*,-11.548233
*CCCCCCOCCCCCCCC[SH](*)=O,-13.748688
*CCCCCCOCCCCCCCOC(=O)c1cccc(NC(=O)O*)c1,15.869492
*CCCCCCOCCCCCCOCCCCCCCCOCCCCOC(=O)NC(=O)C(=O)N*,-9.064957
*CCCCCCOCCCCCOC(=O)CCCC(=O)O*,-48.963455
*CCCCCCOCCCCOCCCCCCOC(=O)c1ccc(N(CCCC)C(=O)O*)cc1,4.3753815
*CCCCCCOCCCCOCCOCCOCCOCCOCCOCCOCCOCCCCO*,-48.448135
*CCCCCCOCCOCCCOCCOCCOCCOC(=O)N1CC(NC(=O)O*)C1,-2.7533112
*CCCCCCOCCOCCOc1ccc(-c2cc(OCCCCCCCCCCCC)c(/C=C/c3ccc(O*)c(OC)c3)cc2OC)cc1OC,59.3404
*CCCCCCOP(=O)(/N=N/c1ccc(C(F)(F)F)cc1)C(=O)O*,18.886871
*CCCCCCOP(=O)(CCC(=O)O)/N=N/c1ccc(C(C)(C)c2ccc(NC(=O)CCCCC(=O)OCCc3ccc(O*)cc3)cc2)cc1,32.61254
*CCCCCCOP(=O)(O*)OCC(F)(F)C(F)(F)C(F)(F)C(F)(F)C(F)(F)C(F)(F)C(F)F,-50.162827
*CCCCCCOc1ccc(-c2ccc(-c3ccc(/C=C/C(=O)c4ccc(*)nc4)c(C)c3)cc2)cc1C,139.84406
*CCCCCCOc1ccc(-c2ccc(COC(=O)CCCCCC(=O)OCCCCCCOP(=O)(O*)OC)cc2)cc1,16.391708
*CCCCCCOc1ccc(-c2ccc(O*)c(OCCCOCCOCC)c2)cc1OC,30.729095
*CCCCCCOc1ccc(-c2ccc(O*)cc2Sc2ccc(C)cc2)cc1OC,104.71347
*CCCCCCOc1ccc(-c2ccc(OCC(=O)OCCOCCOCCOCCOCCOCCOCCOCCOC(=O)CCCCCCCCC(=O)O*)cc2)cc1,0.4217987
*CCCCCCOc1ccc(/C=C(\C)c2ccc(O*)cc2OC)cc1,85.537506
*CCCCCCOc1ccc(/C=C/C(=O)Nc2ccc(Cc3ccc(N(*)c4ccccc4)cc3)cc2)cc1,154.92517
*CCCCCCOc1ccc(/C=C/C=C/c2ccc(O*)c(C)c2)cc1OC,87.49488
*CCCCCCOc1ccc(/C=C/c2ccc(-c3ccc(-c4ccc(O*)cc4)cc3)cc2)c(S(=O)(=O)[O][Na])c1,137.7593
*CCCCCCOc1ccc(/C=C/c2ccc(/C=N/c3ccc(O*)cc3OC)cc2)cc1,129.05183
*CCCCCCOc1ccc(/C=C/c2ccc(O*)cc2-c2ccccc2)cc1,105.50264
*CCCCCCOc1ccc(/C=C/c2ccc(OCC(CCCCCCCC)COC(*)=O)cc2)cc1,36.599113
*CCCCCCOc1ccc(/C=C/c2ccc(OCCCCCC)cc2)c(O*)c1O,67.42081
*CCCCCCOc1ccc(/C=C/c2ccc(OCCCCCCOCC(OCCOC)c3ccc(/C=C/C(=O)Nc4ccc(O*)cc4)cc3)cc2)cc1,104.99339
*CCCCCCOc1ccc(/C=C/c2ccc(OCCN(*)c3ccccc3)cc2)cc1,97.02173
*CCCCCCOc1ccc(/N=C/c2ccc(OCc3ccc([N+](=O)[O-])cc3)cc2)cc1C(=O)O*,118.20462
*CCCCCCOc1ccc(C(=O)/C=C/c2ccc(OCCc3ccc(O*)cc3)cc2)cc1,89.665405
*CCCCCCOc1ccc(C(=O)NCCCCCNC(=O)c2ccc(*)cc2)cc1,73.07837
*CCCCCCOc1ccc(C(=O)NCCCCn2c(=O)c3cc4c(=O)n(*)c(=O)c4cc3c2=O)cc1,153.61052
*CCCCCCOc1ccc(C(=O)NNC(=O)c2ccc(*)nc2)cc1,114.181885
*CCCCCCOc1ccc(C(=O)Nc2ccc(Cc3cccnc3)c(OC)c2)cc1*,120.473465
*CCCCCCOc1ccc(C(=O)O*)c(C(=O)OCCCCCCCCCCCCCC)c1,2.1799011
*CCCCCCOc1ccc(C(=O)OCCOCCOCCOCCOCCOCCOCCOC(=O)c2ccc(C(=O)Oc3ccc(O*)cc3)cc2)cc1,21.74163
*CCCCCCOc1ccc(C(=O)OCCOCCOc2ccc(C(=O)N(*)C#N)cc2)cc1,42.165703
*CCCCCCOc1ccc(C(=O)OCCOc2ccc(*)cc2)cc1,50.734726
*CCCCCCOc1ccc(C(=O)OCCOc2ccc(NC(=O)c3ccc(C(=O)OC(=O)c4ccc(O*)cc4)cc3)cc2)cc1,80.60444
*CCCCCCOc1ccc(C(CC)(CC)c2ccc(O*)c(CN)c2)cc1OC,75.75074
*CCCCCCOc1ccc(CCCC/C=C(\c2ccccc2)c2ccc(O*)cc2)cc1,57.474266
*CCCCCCOc1ccc(CCCCCCCc2ccc(O*)c(OCc3ccccc3)c2)c(OCCCCCCCC)c1,20.131096
*CCCCCCOc1ccc(CCNC(=O)/C=C/c2ccc(O*)cc2C)cc1,112.57594
*CCCCCCOc1ccc(COC(=O)CCCCCCCCCCCCc2ccc(O*)cc2)cc1,23.751076
*CCCCCCOc1ccc(NC(=O)CCCCC(=O)Nc2ccc(C(=O)Oc3ccc(/N=C/C(=O)c4ccc(O*)cc4)cc3)cc2)cc1,82.11151
*CCCCCCOc1ccc(OC(=O)CCCCCCCCCCC(=O)Oc2ccc(-c3ccc(O*)cc3)c(OC)c2)cc1OCCOCCOCCOCCOC,23.262413
*CCCCCCOc1ccc(OC(=O)CCc2ccc(C(C)(C)c3ccc(C(=O)O*)cc3)cc2)cc1,60.74328
*CCCCCCOc1ccc(OC(=O)c2ccc(-c3ccc(OC(C)=O)cc3)cc2)cc1C(=O)O*,67.57386
*CCCCCCOc1ccc(OC(=O)c2ccc(C(=O)O*)cc2)cc1C(=O)OCc1ccccc1,71.00616
*CCCCCCOc1ccc(OCCCCCCCCCOc2ccc(-n3c(=O)c4cc5c(=O)n(*)c(=O)c5cc4c3=O)c(C)c2)cc1,138.81201
*CCCCCCOc1ccc(OCCCCOc2ccc(/C=C\c3cc(OCOCCOCCOCCOCCOCCOCCO[Si](*)(C)C)ccc3C)cc2)cc1,28.827164
*CCCCCCOc1ccc([Si](C)(C)c2ccc(O*)cc2)cc1,18.503563
*CCCCCCOc1cccc(Oc2ccc(Oc3ccc(O*)cc3)cc2)c1,62.482094
*CCCCCCP(C)(=O)CCCC(=O)N*,14.133102
*CCCCCCP(CC)C(=O)C(CCCCCCCCCCOc1ccc(N=*)cc1)c1ccc([Si](C)(C)C)cc1,10.065399
*CCCCCCP(CCCCCCCN)C(=O)O*,-44.395645
*CCCCCCP(c1ccc(/N=C/c2ccc(*)cc2)cc1)c1ccc(OC)cc1,109.84503
*CCCCCCS(=O)(=O)CCCCCOc1ccc(-c2ccc(O*)cc2)cc1,17.949303
*CCCCCCS(=O)(=O)CCSSC(=O)NSCCSCCNC(=O)O*,-28.356262
*CCCCCCS(=O)(=O)c1ccc(C(C)(C)c2ccc(Cc3ccc(NC(=O)CCCC(=O)Nc4ccc(C(=O)O*)cc4)cc3)cc2)cc1,100.87668
*CCCCCCS(=O)(=O)c1ccc(NC(=O)OCCCCCCCCCCOC(=O)C(C)(C)C(=O)OCC*)cc1,24.10122
*CCCCCCSC(=O)C(CCCCCCCCCCC)C(=O)SCCO*,-31.461853
*CCCCCCSC(=O)CCCCOC(=O)CCNC(=O)c1ccc([Si](*)(/C=C/c2ccc(OCCCCCC)cc2)c2ccc(OCCCCCCC)cc2)cc1,42.60157
*CCCCCCSC(=O)CCCS*,-56.521286
*CCCCCCSCC(=*)CCCOCC(=O)OCCOc1ccc(/N=N/c2ccc(-c3ccccc3)cc2)cc1,34.16063
*CCCCCCSCCCCC(=O)Nc1ccc(*)cc1,27.339249
*CCCCCCSCCCCSCCSCCCCC(=O)O*,-29.286255
*CCCCCCSNC(=O)c1cc(C(C)(C)C)ccc1C(=O)O*,68.7809
*CCCCCCSS(=O)(=O)CCCCCN(*)CC,-47.256256
*CCCCCCSSC(=O)NC(=O)CCCCO*,-19.808975
*CCCCCCSSCOC(=O)Nc1ccc(C)c(NC(=O)OCCCCCCCCOc2ccc(C(=O)Oc3ccc(C(=O)Oc4ccc(C(*)=O)cc4)cc3)cc2)c1,40.68048
*CCCCCC[N+](C)(C)CCC[Si](*)(C)C,-62.880524
*CCCCCC[N+](CC)(CCC)CCCCNC(CSCCOCCOCCOCC)CC(=O)N*,-5.9729767
*CCCCCC[N+](CC)CCCCCCCCOc1ccc(-c2ccc(-c3ccc(O*)cc3)cc2)cc1,48.05168
*CCCCCC[PH](CCCCC)CNC(=O)NCCCCCCNC(=O)O*,21.924492
*CCCCCC[SH](*)(=O)C=C,16.16452
*CCCCCC[SH](C)(C)CCCNC(=O)C(CCCCCCCCCCCCS(=O)(=O)CCc1ccc(O*)cc1)C(C)C,9.436584
*CCCCCC[SiH](C)CCC(=O)N*,-2.4976044
*CCCCCC[n+]1ccc(C(C)(C)c2ccc(-c3ccc([Si](*)(C)CC)s3)s2)o1,-3.052414
*CCCCCCc1ccc(CN(C)C(=O)CCCCCOc2ccc(C(=O)S*)cc2)cc1,57.74414
*CCCCCCc1ccc(CNC(=O)CCCCCCCC(=O)N*)cc1,46.15277
*CCCCCCc1ccc([Si](*)(C)C)c(CCCCCC)c1,-22.156906
*CCCCCN(*)C(=O)c1cc(C)ccc1C,44.336716
*CCCCCN(C)C(=O)COC(=O)CCCCCCCCC(=O)O*,-33.464813
*CCCCCN(C)C(=O)c1cc(OCCCCCCCCCCOC(=O)c2ccccc2-c2ccc(C(=O)O*)cc2)ccc1C,31.82029
*CCCCCN(CCNC(=O)CCCCC(=O)N*)CCSC,18.411835
*CCCCCN1CCN(*)C(C)C1O,80.3719
*CCCCCN1CCN(CCCCCC)C(=O)C1*,31.942734
*CCCCCNC(=O)C(C)NC(=O)C(=O)N*,140.0751
*CCCCCNC(=O)C(Cc1cc(C*)c(C)cc1C)NC(=O)CCCC,60.13732
*CCCCCNC(=O)C(Cc1ccccc1)C(=O)NC1CCN(*)CC1C,138.1779
*CCCCCNC(=O)CC(C)NC(=O)CCCOC(=O)NCCCCCCNC(=O)O*,23.224838
*CCCCCNC(=O)CCCC(=O)NCCCCC(=O)N*,54.19674
*CCCCCNC(=O)CCCCCCCCC(=O)NCCCCCCCCCCNC(=O)C(*)CC,47.07714
*CCCCCNC(=O)CCCCCCCCCCC(=O)NCCCCCSCCCCSCCNC(=O)CCCCCO*,-3.3040771
*CCCCCNC(=O)CCCCCCCCSCCC(=O)N*,4.665344
*CCCCCNC(=O)CCCS(=O)(=O)CCCCC(=O)N*,29.045982
*CCCCCNC(=O)CCSCC(=O)N*,-4.0185547
*CCCCCNC(=O)COC(=O)NCCCCCCNC(=O)O*,7.0130615
*CCCCCNC(=O)CSCCSCCCCCCCCC(=O)N*,-7.24736
*CCCCCNC(=O)Cc1cc(C)c(C(=O)N*)cc1C(=O)OC,105.90677
*CCCCCNC(=O)NC(=O)NCCCCCCNC(=O)N*,70.07313
*CCCCCNC(=O)NNC(=O)CSCCCCC(=O)NCCCCNC(*)=O,46.564316
*CCCCCNC(=O)Sc1ccc(C(C)(c2ccccc2)c2ccc(C(=S)N*)cc2)cc1,158.22012
*CCCCCNC(=O)[Si](*)(C)CCC,-16.853973
*CCCCCNC(=O)c1ccc(C(=O)NC(=O)Nc2ccc(C(=O)S*)cc2)cc1,175.92085
*CCCCCNC(=O)c1ccc(C(=O)NNC(=O)CCCCCN2C=CN(*)CC2)cc1,90.415634
*CCCCCNC(=O)c1cccc(C(=O)NNC(=O)C(*)C)c1,111.67614
*CCCCCNC(=O)c1ccccc1OC(=O)CCCS(=O)(=O)CCCOC(=O)NCCCCCCNC(=O)N*,20.753044
*CCCCCOC(=O)C(CCCCC(=O)N*)C(C)C,-34.805664
*CCCCCOC(=O)C(CCCCCCCCCCCCCOc1ccc(/N=N/c2ccc(C#N)cc2)cc1)C(=O)O*,26.179543
*CCCCCOC(=O)C(CCCCCCOc1ccc(/N=N/c2ccc([N+](=O)[O-])cc2)cc1)CCOC(=O)N(*)CCCCCCCCCC,25.73407
*CCCCCOC(=O)C(CCCCS(=O)(=O)O*)OCCCC,-41.83304
*CCCCCOC(=O)C(Cc1ccccc1)C(=O)NCCCCCCOCCCS*,-21.226395
*CCCCCOC(=O)CCCCC(=O)Oc1ccc(/C=C/C(=O)/C=C/c2ccc(OCCCCCCCCOc3ccc(-c4nnc(*)s4)cc3)cc2)cc1,71.720276
*CCCCCOC(=O)CCCCCCC(=O)OCCCCCCOC(=O)c1ccc(/N=N/c2ccc(C(=O)N(*)C)cc2)cc1,29.663918
*CCCCCOC(=O)CCCCCCCC(=O)OCCCCCCOC(=O)c1ccc(Sc2ccc(C(=O)O*)cc2)cc1,31.2378
*CCCCCOC(=O)CCCCCCCC(=O)OCCCOC(=O)c1ccc(C(=O)O*)cc1,-0.45446777
*CCCCCOC(=O)CCCCCS(=O)(=O)CCCCC(=O)O*,-32.904907
*CCCCCOC(=O)CCSSCS*,-56.37639
*CCCCCOC(=O)CNC(=O)CCCCCCCC(=O)NCCCCCCCCCCOC(=O)NCCOCCOCCOCCOCCOCCSS*,-24.432465
*CCCCCOC(=O)CNc1ccc(S(=O)(=O)c2ccc(O*)cc2)cc1,87.57133
*CCCCCOC(=O)CSC(=O)NCCC(=O)S*,-28.43126
*CCCCCOC(=O)Cc1ccc(CC(=O)O*)c(CNC(=S)OC)c1,9.977646
*CCCCCOC(=O)NC(=O)c1ccc(C(=O)O*)cc1,26.689857
*CCCCCOC(=O)NCC(CCCCCC)C(CCCCCC)C(=O)O*,-28.63301
*CCCCCOC(=O)NCCCCCCCCNC(=O)OC(C)COC(=O)NCCCCCCNC(=O)O*,-20.682297
*CCCCCOC(=O)NCCCCCCNC(=O)OCCOP(=O)(/C=N/c1ccc(/N=N/c2ccc(C(=O)Oc3ccc(C(*)=O)cc3)cc2)cc1)c1cccc(Oc2ccccc2)c1,29.710503
*CCCCCOC(=O)NCCCNC(=O)O*,-8.51001
*CCCCCOC(=O)NCCCSCCSCCNC(=O)O*,-31.352356
*CCCCCOC(=O)NCc1ccc(CNC(=O)S*)cc1,56.108215
*CCCCCOC(=O)NNC(=O)CCCCC(=O)NCCCNC(=O)c1ccc(O*)cc1,36.12065
*CCCCCOC(=O)NNC(=O)OCCCCCCOC(=O)O*,-27.961731
*CCCCCOC(=O)NSCCSCCCCCCSCCNSCCS*,-30.986725
*CCCCCOC(=O)NSc1ccc(CCCc2ccc(NC(=*)CC)cc2)cc1,69.643234
*CCCCCOC(=O)Nc1ccc(CCNc2ccc(N[N+]CC(=O)O)cc2)cc1*,76.8295
*CCCCCOC(=O)Nc1ccc(Cc2ccc(NC(=O)OCC(C)CC(=O)O*)cc2)cc1,36.386475
*CCCCCOC(=O)Nc1ccc(Oc2ccc(C(=O)O*)cc2)cc1,76.4541
*CCCCCOC(=O)OC(=O)CCc1ccc(O*)cc1,-13.676743
*CCCCCOC(=O)OCC(C)(C)NC(=O)O*,-41.62097
*CCCCCOC(=O)OCCCCCCCCOC(=O)OCCCCCOC(=O)c1ccc(C(=O)O*)cc1,-1.4993134
*CCCCCOC(=O)OCCCCCCOC(=O)OCCCCCCOC(=O)O*,-27.799103
*CCCCCOC(=O)OCCCCCCOc1ccc(C(=O)Oc2ccc(OC(=O)c3ccccc3O*)cc2)cc1,40.4412
*CCCCCOC(=O)Oc1ccc(OC(=O)CCCCCCC(=O)OC(C)COC(=O)c2ccc(O*)cc2)cc1,0.76057434
*CCCCCOC(=O)SSCCCCCCCCCCCCSCSCCSCCc1ccc(CNC(=O)O*)cc1,-3.4541779
*CCCCCOC(=O)c1cc(OCCOCCOCCOCCOCCOCCOCC)cc(C(=O)O*)c1,3.959076
*CCCCCOC(=O)c1ccc(C(=O)NCCNCCC(=*)CC)cc1,0.03250122
*CCCCCOC(=O)c1ccc(NC(=O)c2ccc(NC(=O)c3ccc4c(c3)C(=O)N(*)C4=O)cc2)cc1,165.30133
*CCCCCOC(=O)c1ccc(OCCCCCCCCCCOc2ccc(-c3ccc(C(=O)O*)cc3)cc2)cc1,30.086754
*CCCCCOC(=O)c1ccc(OCCCCCCCCCOCCCCO*)cc1SC,6.21344
*CCCCCOC(=O)c1ccc(Oc2ccc(C(=O)O*)cc2OCCCCOCC)cc1,33.559128
*CCCCCOCCCCCCOC(=O)CCC(=O)O*,-49.440475
*CCCCCOCCCCCCOCCCCO*,-49.765198
*CCCCCOCCCCOC(=O)c1cc(C(=O)O*)ccc1C,4.0025177
*CCCCCOCCCCOCCC(=O)NCCCCCCNC(=O)CCCCC(=O)N*,-6.798233
*CCCCCOc1cc(CCCCCCOC(=O)CCCCC(=O)O*)cc(-c2ccc(C#N)cc2)c1,17.114227
*CCCCCOc1cc(OCCOCCOCCOC)ccc1O*,2.408493
*CCCCCOc1ccc(-c2ccc(O*)c(C#N)c2)cc1C,63.935173
*CCCCCOc1ccc(/C=C/Cc2ccc(OCCCc3ccccc3)cc2)cc1OCCCCCCOc1ccc(N=*)cc1,66.37441
*CCCCCOc1ccc(/C=C/c2ccc([N+](=O)[O-])cc2)c(S(=O)(=O)c2ccccc2Oc2ccc(NC(=O)c3ccccc3O*)cc2)c1,181.83932
*CCCCCOc1ccc(C(=O)NCCCCCCCNC(=O)c2ccc(C(=O)SS*)cc2)cc1,47.49975
*CCCCCOc1ccc(C(=O)Nc2ccc(Cc3ccc(C(=O)OCC(O)c4ccc(O*)cc4C)cc3)cc2)cc1,103.07498
*CCCCCOc1ccc(C(=O)Nc2ccc(Oc3ccc(O*)c(C)c3)cc2Br)cc1C,144.57645
*CCCCCOc1ccc(C(=O)Nc2ccc(Oc3ccc(O*)cc3)cc2)cc1,106.38402
*CCCCCOc1ccc(C(=O)OCCOC(=O)c2ccc(OCCOc3ccc(C(C)(C)c4ccc(O*)cc4)cc3)cc2)cc1,61.473938
*CCCCCOc1ccc(C(=O)Oc2ccc(OCCOc3ccc(O*)cc3)cc2)cc1,52.776993
*CCCCCOc1ccc(C(CC)(CC)c2ccc(C(=O)Nc3ccc(S(*)(=O)=O)cc3)cc2)cc1,176.71727
*CCCCCOc1ccc(CCCCCOc2ccc(OC(=O)c3cc(C(=O)O)c(C(=O)O*)cc3Cl)cc2)cc1[N+](=O)[O-],99.8833
*CCCCCOc1ccc(CCOC(=O)c2cccc(C(=O)O*)c2)cc1Oc1ccccc1,60.223763
*CCCCCOc1ccc(OCCCCOc2ccc(OC(=O)COc3ccc(C(=O)Oc4ccc(O*)cc4)cc3)cc2)c(O)c1,62.593895
*CCCCCOc1ccc(Oc2ccc(C(=O)NCCNCC(=O)c3ccc(O*)cc3)cc2)c(O)c1,76.405945
*CCCCCOc1ccc(S(=O)(=O)c2ccc(O*)c(OC)c2)cc1,82.173355
*CCCCCOc1nc(CCCCCCCC)cc(*)c1OCCOCCOCCOCCOC,-2.9979553
*CCCCCS(=O)(=O)CCCC(=O)N*,32.718346
*CCCCCS(=O)(=O)CCCC(=O)NCCCCCC(=O)O*,-21.343521
*CCCCCS(=O)(=O)CCCNC(=O)CCCCCOC(=O)CCCCCCCCC(=O)O*,-21.212936
*CCCCCS(=O)(=O)CCCS(=O)(=O)CCCSCSC(=O)N*,-18.368668
*CCCCCSC(=O)/C(C(=O)[NH][Sn][C](=O)CCCCC(=O)N*)=C(\C)c1ccccc1,88.090485
*CCCCCSC(=O)CCCCCCCCCCCCCCCCCCCCCCCCC(=O)N*,-0.40193176
*CCCCCSC(=O)NCC(C)C(=O)N*,28.826508
*CCCCCSC(=O)NCCCCCNC(=O)O*,-37.640366
*CCCCCSCCCCCCCCCCOC(=O)Cc1ccc(CCCC(=O)S*)cc1,7.1549683
*CCCCCSSCCCCCNC(=O)CCCCCCCCC(=O)N*,3.0654297
*CCCCCSSCCNC(=O)CCCCCCCCCCCCCCCC(=O)N*,-5.7582703
*CCCCCSSCCOC(=O)NCCCCCCNC(=O)O*,-22.037735
*CCCCC[CH2][Fe]([CH3])([CH3])[CH2][Si](C)(C)CCCNC(=O)C(*)=O,13.775848
*CCCCC[CH2][Sn]([*])([CH3])[O][Si](C)(OC)OCCOCCOCCOC,-28.958694
*CCCCC[N+](C)(C)CCCS(=O)(=O)CCCCC(=O)O*,-36.891785
*CCCCC[N+](C)(C)CNC(=O)CCCCC(=O)N*,21.827156
*CCCCC[N+](C)(C)CNC(=O)CCCCCNC(=O)C(=O)NCCCCCCNC(=O)C(=O)N*,44.460304
*CCCCC[N+](C)(C)CNC(=O)O*,-15.077835
*CCCCC[N+](C)(C)CNC(=O)c1ccccc1C(*)=O,86.42412
*CCCCC[N+](C)(C)C[Si](C)(C)C[Si](*)(C)C,-28.634888
*CCCCC[N+](C)(NCC=C)c1ccc(-c2ccc([N+](=O)[O-])cc2)cc1C(=O)O*,102.77719
*CCCCC[N+](CC)(CC)CCCCOC(=O)NC(C)C(=O)O*,-14.433594
*CCCCC[N+](CCCC)CCCC(=O)N*,43.478188
*CCCCC[PH](*)(N=C)c1ccccc1,50.119133
*CCCCC[PH](C)(C)CCCN(*)C,-41.099792
*CCCCC[Si](*)(C)CCCCCCc1ccccc1,-53.97934
*CCCCC[Si](*)(C)c1c(F)c([2H])c(F)c(F)c1F,12.2982025
*CCCCCc1ccc(C=*)cn1,34.028893
*CCCCCc1ccc(SC(=O)CCCCCCCCC(=O)S*)cc1,17.677368
*CCCCN(C)C(=O)CCC(=O)N*,51.683594
*CCCCN(CCCCC)CC(C)C(=O)NCCCCC(=O)N*,48.897423
*CCCCN(CCSSCC)C(=O)C1CCCCOC(*)C1,26.992958
*CCCCNC(=O)C(*)Cc1ccccc1,70.08138
*CCCCNC(=O)C(C(=O)Nc1ccc(Cc2ccc(NC(=O)OC(C)(C)C(O)C(C)O*)cc2)cc1)c1ccccc1,145.04918
*CCCCNC(=O)C(CC)C(=*)CSC,22.465073
*CCCCNC(=O)C(CCC)S(=O)(=O)C(=*)O,64.08216
*CCCCNC(=O)C(CCCCCCCCCCCCCc1ccccc1)C(=O)NCCCCCNC(=O)c1ccc(C(*)=O)cc1,42.871407
*CCCCNC(=O)C(O)C(=O)O*,23.059387
*CCCCNC(=O)C(OC)C(=O)NCCCCCCCCSC=*,8.807831
*CCCCNC(=O)CC(CSCCCCCCCCC)C(=O)N*,-9.194717
*CCCCNC(=O)CCCCC(=O)NCCCCCCNC(=O)CCCCCCCCCCCCC(=O)O*,7.5881653
*CCCCNC(=O)CCCCC(=O)NCCCOCCO*,-19.541977
*CCCCNC(=O)CCCCC(=O)NCCCS*,0.56663513
*CCCCNC(=O)CCCCC(=O)NNC(=O)CCCCCC(=O)O*,1.58844
*CCCCNC(=O)CCCCCCCCC(=O)NC(=O)C(=O)NCCCCCCN*,19.509132
*CCCCNC(=O)CCCCCCCCC(=O)NCCCCCCNC(=O)C(C*)CCCCCCCC,5.014267
*CCCCNC(=O)CCCCCCCCC(=O)NCCCNC(=O)C(C)C(=O)N*,58.780815
*CCCCNC(=O)CCCCCCCCCCC(=O)NCCCNC(=O)CCCCC(=O)N*,40.225723
*CCCCNC(=O)CCCCCCCCCCCCC(=O)NCCCNC(=O)CCCOC(=O)N*,12.2999115
*CCCCNC(=O)CCCCNC(=O)NCCCCCCNC(=O)SCCCC*,40.112152
*CCCCNC(=O)CCCCOC(=O)CCCCCCCC(=O)O*,-38.752274
*CCCCNC(=O)CCS(=O)(=O)CC(C)(C)C(=O)N*,43.389603
*CCCCNC(=O)CCc1cccc(CSC(=O)O*)c1,36.295883
*CCCCNC(=O)CSS*,-21.945786
*CCCCNC(=O)Cc1cc(C(=O)O*)ccc1C(=O)Nc1ccccc1,131.21999
*CCCCNC(=O)Cc1ccc(CNC(=O)N*)cc1,135.24904
*CCCCNC(=O)Cc1ccc(CSC(=O)N*)c(C#N)c1,86.129684
*CCCCNC(=O)NCc1ccc(C#Cc2ccc(C(*)=O)cc2)cc1,147.5826
*CCCCNC(=O)NCc1ccc(CCCNC(=O)O*)cc1,76.99553
*CCCCNC(=O)Nc1ccc(CCc2ccc(NSCCS*)cc2)cc1,105.54331
*CCCCNC(=O)OCCCCCCOC(=O)Nc1ccc(Cc2ccc(NC(=*)C)cc2)c(OC)c1,75.57822
*CCCCNC(=O)c1ccc(C(=O)N*)c(C(=O)OC)c1,151.42628
*CCCCNC(=S)CC(CSC)C(=O)N*,49.340492
*CCCCNS(=O)(=O)CCCCC(=O)N(*)CC,8.929474
*CCCCOC(=O)/C=C/C(=O)NOCCCCCCOCCCOCCOCCOCCOCCOCc1ccc(O*)cc1,12.619888
*CCCCOC(=O)/N=C/c1ccc(N(C)C)c(OCCCCCCCCCCCCCCCCOC(=O)CCCCCCCCC(=O)O*)c1,2.1223602
*CCCCOC(=O)C(*)CC,-32.34584
*CCCCOC(=O)C(C)S*,-39.899673
*CCCCOC(=O)C(CCCC)C(=O)OCCCCOc1ccc(C(=O)COc2ccc(O*)cc2)cc1,19.687828
*CCCCOC(=O)C(CCCCCCCCCCCCOc1ccc(-c2ccccc2)cc1)CCOC(=O)NCCCCCCOCCCNC(=O)O*,-0.9779053
*CCCCOC(=O)C(CCCCCCOc1ccc(C(=O)O*)cc1)c1ccc(/N=N/c2ccc(C#N)cc2)cc1,67.31973
*CCCCOC(=O)C(COc1ccc(-c2ccc(OC)cc2)cc1)OC(=O)c1ccccc1O*,34.54905
*CCCCOC(=O)C(OC)C(C)(C)COC(=O)N(C)c1ccc(O*)cc1,7.0556335
*CCCCOC(=O)C(OC)c1ccc(OCC(O)COc2ccc(C(=O)O*)cc2)cc1,39.146896
*CCCCOC(=O)C/C(=C/C(=O)Nc1ccc(-c2ccc(NC(=O)O*)cc2)cc1)c1ccc(-c2ccc([N+](=O)[O-])cc2)cc1,180.6945
*CCCCOC(=O)C/C(=N/C=C/C=C[N+](CCCC)CC(=O)N*)c1ccc(/N=N/c2ccccc2)cc1,82.87367
*CCCCOC(=O)C/C(C#N)=C(/*)C,85.484085
*CCCCOC(=O)CC(*)=O,-45.18663
*CCCCOC(=O)CC(=O)OCCCCCOC(=O)c1ccc(C(*)=O)cc1,12.005539
*CCCCOC(=O)CCC(=O)OCCCCCCOC(=O)c1ccc(C(=O)O*)cc1,12.124313
*CCCCOC(=O)CCC(=O)OCCCCOC(=O)c1ccc(C(=O)CCc2ccc(O*)cc2)cc1,8.865036
*CCCCOC(=O)CCCCC(=O)OCCCCCCOC(=O)COCCOCCOCCOCO*,-27.909683
*CCCCOC(=O)CCCCC(=O)OCCCCCCOc1ccc(O/C(C)=C/c2ccc(O*)cc2)cc1,42.052032
*CCCCOC(=O)CCCCCC(=O)OCCCCCCC(=O)O*,-24.533401
*CCCCOC(=O)CCCCCCCCCCCCC(=O)OCCOc1ccc(O*)cc1,-2.0082397
*CCCCOC(=O)CCCCCCCCCCCCCCC(=O)SCC(C)CC(=O)O*,-25.970978
*CCCCOC(=O)CCCCCCCCCCCCCCCCCCCC(=O)O*,-17.60582
*CCCCOC(=O)CCCCCCCCCCCCCCNC(=O)c1ccc(C(=O)N*)cc1,50.92932
*CCCCOC(=O)CCCCCCCOCCC(=O)O*,-26.00827
*CCCCOC(=O)CCCSSCCC(=O)O*,-44.264572
*CCCCOC(=O)CCC[SH](=S)=CCC(=O)N*,0.6877289
*CCCCOC(=O)CCCc1ccc(NC(=O)O*)cc1,16.781189
*CCCCOC(=O)CNC(=O)c1ccc(C(=O)N*)c(Oc2ccc(C#N)cc2)c1,127.05683
*CCCCOC(=O)CSCCCCC(=O)OCCCOC(=O)O*,-23.679184
*CCCCOC(=O)Cc1ccc(C)c(O*)c1,15.2165985
*CCCCOC(=O)NC(=O)CCCCCCC(=O)NCCCCCOCCOCCOCCO*,-16.86377
*CCCCOC(=O)NC(CCCCCCCCOc1ccc(-c2ccc(OC)cc2)cc1)C(=O)O*,19.10955
*CCCCOC(=O)NC(COC(C)=O)C1C(=O)OC(=O)C1*,25.103325
*CCCCOC(=O)NC1=C(C=CNc2ccc(O*)cc2)C=C1C,70.53072
*CCCCOC(=O)NCC(C)CCSSCCCC(=O)O*,-19.718231
*CCCCOC(=O)NCC(C)NC(=O)CCCCC(=O)O*,-2.8466797
*CCCCOC(=O)NCCCCCCNC(=O)OCCCCCCCOc1ccc(-c2ccc(OCCCCCOC(=O)c3ccc(S(*)(=O)=O)cc3)cc2)cc1,41.974472
*CCCCOC(=O)NCCCCCCNC(=O)OCCCCCOc1ccc(O*)cc1,9.193832
*CCCCOC(=O)NCCCCCCNC(=O)OCCCOC(=O)OCCCOC(=O)OCCCCCCCCCOc1ccc(C(=O)Nc2ccc(O*)cc2)cc1,15.77507
*CCCCOC(=O)NCCCCCCNC(=O)OCCO*,-15.872543
*CCCCOC(=O)NCCCCCNC(=O)OCCCCCCOc1ccc(OC(=O)c2ccc(C(=O)OC(=O)c3ccc(O*)cc3)cc2)cc1,22.439034
*CCCCOC(=O)NCCCCSCCCCCCCCCNC(=O)O*,-1.0087585
*CCCCOC(=O)NCCCSCC(=O)N*,-19.385208
*CCCCOC(=O)NCCCSCCCCCSCCNC(=O)C(=O)NCCCCCCNC(=O)O*,6.4749146
*CCCCOC(=O)NCCSCCSCCSCCNC(=O)O*,-29.80603
*CCCCOC(=O)NNC(=O)CCCCC(=O)NCCCCCCCCC(=O)O*,-4.8115234
*CCCCOC(=O)NNC(=O)CCCCC(=O)NCCCCCCCNC(=O)CCCCCCCCC(=O)N*,15.305557
*CCCCOC(=O)NNC(=O)c1ccc(C(C)(C)c2ccc(C(=O)O*)cc2)cc1,87.24986
*CCCCOC(=O)Nc1ccc(Cc2ccc(NC(=O)O*)c(C(C)(C)C)c2)cc1,92.20471
*CCCCOC(=O)Nc1ccc(Cc2ccc(S(=O)(=O)O*)c(N)c2)cc1,88.62922
*CCCCOC(=O)Nc1ccc(NC(=O)OCCOC(=O)c2ccc(S(*)(=O)=O)cc2)cc1,80.09922
*CCCCOC(=O)Nc1ccc(Sc2ccc(NC(=O)O*)cc2)cc1,116.11951
*CCCCOC(=O)Nc1cccc(OCCOCCOCCOCCOCCOCCOc2cccc(NC(=O)O*)c2)c1,32.463577
*CCCCOC(=O)OC1CC(*)NC(C(=O)OCC)C1,48.263054
*CCCCOC(=O)OCCCCCCCCCCCCOc1ccc(OC(=O)c2ccc(C(=O)OC(=O)c3ccc(C(=O)Oc4ccc(C(*)=O)cc4)cc3)cc2)cc1,59.551224
*CCCCOC(=O)OCCCCCCCCCCOC(=O)OCCCCOC(=O)Nc1ccc(C(C)(C)/C=C/c2ccc(C(=O)O*)cc2)cc1,35.703484
*CCCCOC(=O)OCCCCCCCCCNC(=O)OCCCCOCCOC(=O)Nc1ccc(/N=N/c2ccc(CCCCCC(=O)O*)cc2)cc1,4.203125
*CCCCOC(=O)OCCCCCCCCCOC(=O)OCCCCOC(=O)OCCCCCCOc1ccc(C(C)(C)c2ccc(O*)cc2)cc1,14.06189
*CCCCOC(=O)OCCCCCCOC(=O)OCCCCCCOC(=O)OCCCCCCOc1ccc(C(C)(C)c2ccc(OC(=O)COc3ccc(C(=O)O)c(O*)c3)cc2)cc1,20.819489
*CCCCOC(=O)OCCCCCCOC(=O)OCCCCOC(=O)c1ccnc(/N=C/c2ccc(OCC[Si](C)(C)O*)cc2)c1,9.565704
*CCCCOC(=O)OCCOc1ccc(/C=C/c2ccc(/N=C/c3ccccc3)cc2)cc1*,94.34648
*CCCCOC(=O)Oc1ccc(CC(C(=O)CCCCCCC(=O)c2ccc(C(=O)Nc3ccc(O*)cc3)cc2)c2ccccc2)cc1,71.6044
*CCCCOC(=O)SCCSCCSCCNC(=O)O*,-29.074142
*CCCCOC(=O)SSCCCCS(=O)(=O)CCC(=O)O*,-26.272125
*CCCCOC(=O)c1ccc(-c2ccc(C(=O)NCCCCCCCCCCCCNC(=O)c3ccc(C(=O)O*)cc3)cc2)cc1,59.24476
*CCCCOC(=O)c1ccc(C(=O)NCCCCCCNC(=O)c2ccc(*)s2)cc1,36.264122
*CCCCOC(=O)c1ccc(C(=O)NCCOC(=O)c2ccc(C(=O)O*)cc2)cc1,66.419075
*CCCCOC(=O)c1ccc(C(=O)OCCCc2ccc(O*)cc2)cc1,44.37423
*CCCCOC(=O)c1ccc(C(=O)Oc2ccc(C(=O)O*)cc2)cc1,80.14335
*CCCCOC(=O)c1ccc(COC(=O)CCc2ccc(CC(=O)O*)cc2)cc1,26.794197
*CCCCOC(=O)c1ccc(NC(=O)CCCCC(=O)NCc2cccc(C(=O)O*)c2)cc1,49.821938
*CCCCOC(=O)c1ccc(NC(=O)CCCCCCCC(=O)Nc2ccc(*)nn2)cc1,81.65996
*CCCCOC(=O)c1ccc(NC(=O)CCCCCCCCC(=O)Oc2ccc(O*)cc2)cc1,35.80371
*CCCCOC(=O)c1ccc(NC(=O)c2ccc(C(=O)NNC(=O)c3ccc(O*)cc3)cc2)cc1,157.2185
*CCCCOC(=O)c1ccc(OCCOc2ccc(C(=O)Oc3ccc(O*)cc3)cc2)cc1,53.81331
*CCCCOC(=O)c1ccc(S(=O)(=O)CCS(=O)(=O)c2ccc(C#N)cc2)cc1-c1ccc(OCCOCCCCOCCOc2ccc(/N=C/c3ccc(OCCCCCCCC)cc3)cc2)c(O*)c1O,50.343803
*CCCCOC(=O)c1ccccc1C(*)=O,30.722076
*CCCCOCC(*)OC(=O)CCCCCCC(=O)OCCCCC,-38.92195
*CCCCOCCCCCCCCCOC(=O)C(CCCCCCCNC(=O)O*)c1ccc(/N=N/c2ccc(Br)cc2)cc1,33.01583
*CCCCOCCCCCCCCOC(=O)NCCCCCCNC(=O)O*,-7.8345337
*CCCCOCCCCCCCOC=CC(COc1ccc(-c2ccc(OCCCCCCCCCC)cc2)cc1)C(=O)O*,-8.704758
*CCCCOCCCCCOC(=O)CCCCCCCCCCCCCCCCCCCCCCCCCCC(=O)O*,-34.466675
*CCCCOCCCCCOC(=O)c1ccc(C(=O)NCCCCSCCSCCCNC(=O)O*)cc1,-3.5450592
*CCCCOCCCCOC(=O)CCCCCCCCCCCCCCCCC(=O)O*,-38.38878
*CCCCOCCCCOC(=O)c1ccc(-c2ccc(-c3ccc(O*)cc3)cc2)cc1,23.316727
*CCCCOCCCCOCCCCCCCCOC(=O)CCc1ccc(CCCCCCCCO*)cc1,-7.4256287
*CCCCOCCCCOCCCCOC(=O)c1ccc(C(=O)NCCCCOC(=O)c2ccc(C(=O)O*)cc2)cc1,16.585983
*CCCCOCCCCOCCOC(=O)CCCS*,-45.61844
*CCCCOCCCCOCCSCCO*,-55.60968
*CCCCOCCCS(=O)(=O)CCCCC(=O)O*,-42.495956
*CCCCOCCN(*)C(=O)CCCCC(=O)OCCCCC,-58.204086
*CCCCOCCOCCOCCOCCOC(=O)CCCCCC(=O)O*,-50.36821
*CCCCOCOC(=O)c1ccc(C(=O)c2ccc(C(=O)O*)cc2)cc1,23.862
*CCCCOP(=O)(/N=C/c1ccc(/N=N/c2ccc(CCCCCC)cc2)cc1)C(=O)NC(=O)CCCCCCCC(=O)/C=C/C=C(/*)C,58.64843
*CCCCOP(=O)(O*)OCC(C)=O,-44.427246
*CCCCOS(=O)(=O)c1ccc(-c2ccc(NC(=O)CCCCCCCCC(=O)Oc3ccc(C(=O)Oc4ccc(O*)cc4)cc3)cc2)cc1,52.977066
*CCCCOc1cc(OCC(O)CO)c(*)cc1OC,67.94759
*CCCCOc1ccc(*)c(OC(=O)c2ccccc2)c1,41.665596
*CCCCOc1ccc(/C(C)=C/c2ccc(/N=C(\c3ccccc3)c3ccc(O*)cc3)cc2)cc1,155.65192
*CCCCOc1ccc(/C=C/C(=O)/C=C/c2ccc(OC(=O)COc3ccc(C(C)(C)c4ccc(O*)cc4)cc3)cc2)cc1,119.14099
*CCCCOc1ccc(/C=C/C(=O)Oc2ccc(O*)cc2)cc1,94.33596
*CCCCOc1ccc(/C=C/c2ccc(-c3ccc(-c4ccc(O*)cc4)cc3)cc2)cc1,123.43446
*CCCCOc1ccc(/C=C/c2ccc(/C=C/c3ccc(*)c([SH](=O)=O)c3)cc2)cc1,183.76268
*CCCCOc1ccc(/C=C/c2ccc(OCCCCO*)cc2)cc1,63.011795
*CCCCOc1ccc(/C=N/CCCCCCCC/C=C/c2cc(OCCCCCCCCCC)c(C)c(O*)c2Br)cc1OC,75.59766
*CCCCOc1ccc(C(=O)/C=C/c2ccc(O*)cc2)cc1,95.64852
*CCCCOc1ccc(C(=O)CCCCNC(=O)c2ccc(C(=O)O*)cc2C)cc1,43.60874
*CCCCOc1ccc(C(=O)Nc2ccc(Cc3ccc(NC(=O)c4ccc(C(=O)Nc5ccc(O*)cc5)cc4)cc3)cc2)cc1,175.25038
*CCCCOc1ccc(C(=O)Nc2ccc(OCCCCCC)cc2)cc1C(=O)OCCCCCCOC(=O)NC(=O)COc1ccc(C(=O)O*)cc1,63.70189
*CCCCOc1ccc(C(=O)OCCN(c2ccccc2)c2ccc(O*)cc2)cc1,84.93901
*CCCCOc1ccc(C(=O)OCCSCCCCCOc2ccc(C(=O)Oc3ccc(O*)cc3)cc2)cc1,40.187172
*CCCCOc1ccc(C(=O)Oc2ccc(O*)cc2Oc2ccccc2)cc1,99.34451
*CCCCOc1ccc(C(=O)c2ccc(OCc3ccc(O*)cc3)cc2)cc1,86.011185
*CCCCOc1ccc(C(CC)c2cc(OC)c(O*)c(OC)c2)cc1OCCCCCCCCCC,58.468277
*CCCCOc1ccc(CCCCNC(=O)c2ccc(C(=O)S*)cc2)cc1,80.676765
*CCCCOc1ccc(CCCCc2ccc(-c3cc(C)c(-c4cc(CCCCCC)c(*)cc4C)c(OC)c3)cc2Br)cc1,82.29106
*CCCCOc1ccc(CCNC(=O)c2ccc(/C=N/P(=O)(O)OC3(O)COC(=O)c4ccc(O*)cc4C3=O)cc2)cc1,94.80237
*CCCCOc1ccc(CCOC(=O)CCCCCOC(=O)c2ccccc2)cc1OC(=O)CCCCCCCCC(=O)O*,7.522583
*CCCCOc1ccc(COC(=O)c2ccc(OCCOc3ccc(C(=O)O*)cc3)cc2)cc1,61.301674
*CCCCOc1ccc(OC(=O)Cc2cccc(C(=O)O*)c2)cc1,55.023888
*CCCCOc1ccc(Oc2ccc(-c3ccc(O*)cc3-c3ccccc3)cc2)cc1,124.738174
*CCCCOc1ccc(Oc2ccc(OC(=O)CCNCC(*)=O)cc2)cc1,43.631508
*CCCCOc1ccc(S(=O)(=O)CCc2ccc(OCCCCCCCCOC(*)=O)cc2)cc1,41.202995
*CCCCOc1ccccc1C(=O)OC(=O)c1ccc(O*)cc1,65.67699
*CCCCP(C)(=O)CCCCCCC(=O)NCc1ccc(C(=O)N*)cc1,77.846794
*CCCCP(C*)CCCCCCCCCCCCCCCN,-29.523834
*CCCCP(CC(=O)N/C=C/c1ccc(/N=N/c2ccc(C(=O)S*)cc2)cc1)c1ccc(/N=N/c2ccc(C#N)cc2)cc1,175.91138
*CCCCP(CC(=O)O*)c1ccccc1,18.380432
*CCCCP(CCCC)NC(=O)CCCCCC(*)=O,21.574348
*CCCCP(CCCCNC(=O)c1ccc(C(=O)O*)c(OC)c1)C(F)(F)C(=O)OC(C)(C)C,57.196724
*CCCCS(=O)(=O)CC(C)(C)CNC(=O)O*,17.651909
*CCCCS(=O)(=O)CCCCCS(=O)(=O)CCCCC(=O)O*,-23.16684
*CCCCS(=O)(=O)CCCSSCCCS*,-47.470947
*CCCCS(=O)(=O)CS(=O)(=O)CCCCCO*,-26.052673
*CCCCS(=O)(=O)NC(=O)c1ccccc1C(=O)NCCCCCNC(=O)Nc1ccc(CCNC(=O)N*)cc1,86.77861
*CCCCSC(=O)NCCCCCCNC(=O)CCCCCCCCCCCCC(=O)O*,-9.834106
*CCCCSC(=O)Nc1ccc(C(C)(C)c2ccc(C(=O)O*)cc2)cc1,122.6644
*CCCCSC(=O)c1ccc(C(=O)NCCCCNC(=O)c2ccc(C(=O)O*)cc2)cc1,75.75609
*CCCCSCCCCCCC(=O)N*,-12.168762
*CCCCSCCCCCCOC(=O)CCCCC(=O)N*,-19.36293
*CCCCSCCCCCOC(=O)COCC(*)=O,-26.418686
*CCCCSCCCCS(=O)(=O)CCCCC(=O)N*,-22.217316
*CCCCSCCCCSS*,-72.910324
*CCCCSCCCC[SH](C)(C)COC(=O)CCCCCCCCCCCCC(CC(=O)S*)c1ccccc1,6.528702
*CCCCSCCNC(=S)N*,23.705994
*CCCCSCOCCOCCOc1ccc(C(=O)OCCOC(=O)c2ccc(O*)cc2)cc1,-0.66682434
*CCCCSSC(=O)NCCCCCCCNC(=O)O*,-14.275375
*CCCCSSCCCCCCSSCCNC(=O)/C=C/C(=O)N*,12.772339
*CCCCSSCCCCS(=O)(=O)CCCS(=O)(=O)CCCCNC(*)=O,-20.000305
*CCCC[N+](C)(C)CCCCCCOC(=O)C/C=C/CC(=O)O*,-5.2818604
*CCCC[PH](*)(C)CC,-15.089767
*CCCC[SH](c1ccccc1)C(*)C(=O)OCCc1ccc(OC)cc1C,55.033638
*CCCC[Si](*)(C)CCCCOc1ccc(-c2ccc(C(=O)OCC)cc2)cc1,10.903458
*CCCC[Si](*)(C)CCCOc1ccc(COC(C)=O)cc1,-19.287155
*CCCC[Si](*)(C)CC[N+](C)(CC)c1ccccc1,-22.235306
*CCCC[Si](*)(CCCC)CCCCC,-47.19481
*CCCC[Si](C)(C)CCCCCCOC(=O)c1cccc(C(=O)O*)c1,-9.067734
*CCCC[Si](C)(C)O[Si](C)(C)O[Si](*)(C)C[Si](C)(C)C,-87.4666
*CCCC[n+]1cc(C(C)(C)C)c(C(*)=O)cc1OCCCn1c2ccccc2c2ccccc21,144.06561
*CCCCc1cc(/C=C/c2ccc(-c3ccc(*)[nH]3)o2)cc(C(C)(C)C)c1,90.315025
*CCCCc1ccc(-c2ccc(*)cc2)cc1,74.6958
*CCCCc1ccc(-c2ccc(N=*)c(SC)c2)cc1CCCCCC,50.01113
*CCCCc1ccc(/C=C/c2ccc(N(*)c3ccc(C#N)nc3)cc2)cc1,149.69687
*CCCCc1ccc(CCNC(=O)CCCC(=O)N*)cc1,82.7939
*CCCCc1ccc(CNC(=O)CCCCCCC(=O)N*)cc1,68.0675
*CCCCn1cccc1C(=O)c1cccc(C(=O)N(*)C)c1,109.19772
*CCCN(*)C(=O)CCCCC(F)(F)C(F)(F)C(F)(F)C(F)(F)C(F)(F)C(F)(F)F,-29.869934
*CCCN(*)C(=O)c1cccc(I)c1,97.63881
*CCCN(*)CC(C)CO,7.5041656
*CCCN(*)c1cccc(Br)c1,62.583565
*CCCN(C)C(=O)C(=O)N(*)CCCCC,62.953476
*CCCN(C)[Si](*)(Oc1ccc(C)cc1)c1ccccc1,-11.230057
*CCCN(CC(*)=O)c1ccc(OC)cc1,94.19011
*CCCN(CC(C)C)C(=O)CCc1ccc(Cc2ccc(N=*)cc2)cc1,111.118835
*CCCN(CC)C(=O)C(C)NC(=O)CC(C)SC(=O)N*,67.477325
*CCCN(CC)S(=O)(=O)c1cc(N=*)cc(C(C)(C)C)c1,98.443756
*CCCN(CCCC)C(=O)CCCCC(=O)NCCCCCCCCCCNC(*)=O,58.69207
*CCCN(CCCC)CO*,-4.2627563
*CCCN(CCOC(=O)CCCCC(=O)O*)c1ccc(F)cc1,-6.952774
*CCCN(CCOC(=O)Cc1ccc(C#N)cc1)C(=O)S*,47.082245
*CCCN(CCOC(=O)Nc1ccc(C)c(C=*)c1)c1ccc(Cl)c(C)c1,109.74599
*CCCN(CCOC(=O)Nc1ccccc1)C(=O)Oc1ccc(OC(=O)CCCCc2ccc(/N=N/c3ccc(C=*)cc3)cc2)cc1,52.33593
*CCCN(COC(=O)NCCCCCCNC(=O)O*)Cc1ccccc1,30.990883
*CCCN1C(=O)c2ccc(C(=O)c3ccc4c(c3)C(=O)N(*)C4=O)cc2C1=O,227.60657
*CCCNC(*)=O,63.13172
*CCCNC(=O)C(/C=C/c1ccc(C(=O)O*)cc1)C(F)(F)F,140.1142
*CCCNC(=O)C(C)NC(=O)C(=O)N*,172.11586
*CCCNC(=O)C(C)NC(=O)NCC#CC#CCOC(=O)NCCCCCNC(=O)S*,33.755905
*CCCNC(=O)CC/C=C/C(CC(C)(C)CCl)C(=O)N*,81.2594
*CCCNC(=O)CCC(=O)NCC(*)=O,60.266624
*CCCNC(=O)CCC(=O)NCCCO*,18.861977
*CCCNC(=O)CCC(=S)N*,55.03518
*CCCNC(=O)CCC(C)NC(=O)CCCCCCNS(*)=O,21.063614
*CCCNC(=O)CCCCC(=O)NCC(=O)N*,59.639053
*CCCNC(=O)CCCCC(=O)NCCCCCCNC(=O)CCCCCOC(=O)c1ccc(NC(=O)C(=O)Cl)c(NC(=O)O*)c1,58.488922
*CCCNC(=O)CCCCCC(=O)NCCCCCCOCCCCCCNC(=O)C(=O)N*,43.195786
*CCCNC(=O)CCCCCC(=O)NCCCNC(=O)C(=O)N*,86.89429
*CCCNC(=O)CCCCCC(=S)N*,34.562363
*CCCNC(=O)CCCCCCC(=O)NCCC/C=C/C(=C=*)C#N,52.440422
*CCCNC(=O)CCCCCCCCC(=O)NC(=O)CCCCC(=O)NCCCCCC(=O)O*,18.190392
*CCCNC(=O)CCCCCCCCCCCCC(=O)NCCCCCCCNC(=O)C(=O)Nc1nc(*)nc(N(CC)c2ccccc2)n1,65.55636
*CCCNC(=O)CCCCCCCCCCCCCCCCC(=O)NCCCCOCCO*,-7.263092
*CCCNC(=O)CCC[N+](C)(C)CNC(=O)O*,7.563843
*CCCNC(=O)CCCc1ccc(C(C)(C)c2ccc(C(=O)O*)cc2)cc1,96.248276
*CCCNC(=O)CCOC(=O)c1ccc(C(=O)NC(C)CCNC(=O)c2ccc(C(=O)O*)cc2)cc1,83.89887
*CCCNC(=O)CCS(=O)(=O)C(C)SNC(=O)C(*)=O,56.130363
*CCCNC(=O)Cc1ccc(CN(C)C(=O)N*)c(OCCO)c1,97.98825
*CCCNC(=O)Cc1ccc(Cc2ccc(NC(=O)N*)cc2)cc1,162.36935
*CCCNC(=O)NCCC(=O)NCCCCCCNC(=O)C1CCC(*)C1,103.22183
*CCCNC(=O)NCCCCCCCCCNC(=O)NCCCCCCNC(=O)N*,66.553734
*CCCNC(=O)NCCSCCCCCNC(*)=O,48.480133
*CCCNC(=O)OC(C)(C)CC(C)(C)C(=O)N*,59.195
*CCCNC(=O)OCc1ccc(COC(=O)CCCCSC(=O)O*)cc1,0.6414337
*CCCNC(=O)SCCc1ccc(CCc2ccc(C(=O)N*)cc2)cc1,111.27084
*CCCNC(=O)c1c(C)ccc(C)c1*,110.62599
*CCCNC(=O)c1ccc(C(=*)CCCC)cc1,63.235397
*CCCNC(=O)c1ccc(C(=O)N*)c(OCCCCCCCC)c1,41.591225
*CCCNC(=O)c1ccc(C(=O)N*)c(OCCCCCCCCCCCC)c1,15.686615
*CCCNC(=O)c1ccc(C(=O)NCCCS*)cc1,92.637146
*CCCNC(=O)c1ccc(C(C)(C)c2ccc(C(=O)N*)c(OC)c2)cc1OC,158.50937
*CCCNC(=O)c1ccc2c(c1)C(=O)N(c1ccc(C)c(N3C(=O)c4ccc(C(*)(C(F)(F)F)C(F)(F)F)cc4C3=O)c1)C2=O,261.9632
*CCCOC(=O)C(C)NC(=O)CCCCCCC(=O)O*,-25.905762
*CCCOC(=O)C(CCCCCCCCCC)S(=O)(=O)CCS(=O)(=O)CCCCC(=O)O*,-42.71054
*CCCOC(=O)C(CCCCCCCCCOC(=O)NCCCCCCCCCCNc1ccc(/N=N/c2ccccc2)cc1)C(=O)O*,14.988892
*CCCOC(=O)C(CCCCCCOc1ccc(-c2ccc(CC)cc2)cc1)C(=O)O*,32.721687
*CCCOC(=O)C(CCCCCOC(=O)O*)CSCC,-19.748718
*CCCOC(=O)C(CC[N+](CO)CCC)C(C)SS(=O)(=O)CCCCC(=O)O*,-4.1481476
*CCCOC(=O)C(Cc1cccc([N+](=O)[O-])c1)C(=O)O*,48.1792
*CCCOC(=O)C(Cc1ccccc1)C(CCNC(=O)O*)C(=O)OC,20.363823
*CCCOC(=O)C(OCCCCCCCCCOCC)C(=O)O*,-35.06833
*CCCOC(=O)C1CCC(c2ccc(OC(=O)COc3ccc(C(C)(C)c4ccc(O*)cc4)cc3)cc2)CC1,81.57403
*CCCOC(=O)CC/C=C/CCCCCCCC(=O)O*,-4.705551
*CCCOC(=O)CC=C(C#N)CO*,23.678108
*CCCOC(=O)CCC(C)N(CCCCC)C(=O)O*,-18.863007
*CCCOC(=O)CCCC(=O)OCCCCCOc1ccc(C(=O)Oc2cc(C)cc(OC(=O)CCCOC(=O)c3ccc(O*)cc3)c2)cc1C,31.573524
*CCCOC(=O)CCCCCC(=O)OO*,-25.70079
*CCCOC(=O)CCCCCOC(=O)c1ccc(C(=O)O*)cc1,16.220047
*CCCOC(=O)CCCCSSCCC(=O)O*,-36.370163
*CCCOC(=O)CCc1ccc(C(=O)O*)cc1,26.600761
*CCCOC(=O)CNC(=O)CCc1ccc(Cc2ccc(C(=O)O*)cc2)cc1,76.30302
*CCCOC(=O)COCC(O)C(O*)C(F)(F)F,-16.666428
*CCCOC(=O)CSCCCCC(=O)OCCOC(=O)c1cccc(C(=O)O*)c1,-9.516861
*CCCOC(=O)N(*)c1ccc(N(C)C)cc1,90.35802
*CCCOC(=O)NC(=O)CCCOC(=O)CCCCC(=O)O*,-38.828796
*CCCOC(=O)NC(=O)NCCSSCCNNCCNC(=O)O*,-15.534164
*CCCOC(=O)NC(=O)OCCCCCCCCCCCCCCOc1ccc(OC(=O)CCCCCOc2ccc(C(=O)Oc3ccc(O*)cc3)cc2)cc1,34.109253
*CCCOC(=O)NC1CCCCC1NC(=O)O*,61.157463
*CCCOC(=O)NCC(=O)OCCCCCCCCOC(=O)OCCCCOC(=O)C(O)C(CO)O*,-20.372162
*CCCOC(=O)NCCCCCCNC(=O)OCCCCN1CCN(*)CC1,4.7059326
*CCCOC(=O)NCCCCCCNC(=O)OCCCCOc1ccc(/C=C/c2ccc(O*)cc2)cc1,47.35824
*CCCOC(=O)NCCCCCCNC(=O)OCCCCOc1ccc(C(=O)O*)cc1,18.612045
*CCCOC(=O)NCCCCCCNCCCCCCNC(=O)O*,-5.749954
*CCCOC(=O)NCCCSSSCCCCSCSCCCSCCS*,-40.569626
*CCCOC(=O)NCCNCCSCCCCCCNC(=O)O*,-6.2075806
*CCCOC(=O)NCCS*,-36.36267
*CCCOC(=O)NCc1ccc(CNc2cccc(NC(=O)O*)c2)cc1,86.3677
*CCCOC(=O)NNC(=O)c1ccc(/N=N/c2ccccc2)cc1[Si](C)(C)C[Si](C)(C)CCSCC(=O)O*,22.102516
*CCCOC(=O)Nc1cc(C)cc(NC(=O)CCCCC(=O)N(*)C)c1,70.83964
*CCCOC(=O)Nc1ccc(Cc2ccc(NC(=O)NC(=O)O*)cc2)cc1,103.313576
*CCCOC(=O)OC(=O)O*,-31.607224
*CCCOC(=O)OCC(C)(C)COC(=O)O*,-31.577774
*CCCOC(=O)OCCCCCCCCOC(=O)OC(C)O*,-32.145752
*CCCOC(=O)OCCCCCCOC(=O)OC(C)CCOC(=O)C(CC(C)O)C(=O)O*,-19.406036
*CCCOC(=O)OCCCCCCOC(=O)OCCCCCCOC(=O)c1cccc(C(=O)OC(=O)c2ccc(C(=O)O*)cc2)c1,6.6762543
*CCCOC(=O)OCCC[PH](C)(C)O[Si](C)(C)OC(=O)c1ccc(C(=O)O*)cc1,-0.55023193
*CCCOC(=O)Oc1ccc(-c2ccc(O*)cc2)cc1,37.868874
*CCCOC(=O)SCC(=O)OCCOC(=O)O*,-20.92073
*CCCOC(=O)SCSCC(=O)O*,-38.741226
*CCCOC(=O)SNc1ccccc1NC(=O)N*,54.454094
*CCCOC(=O)[SH]C(=O)OCCCCCOc1ccc(N(*)c2ccc(OC)cc2)cc1,15.22522
*CCCOC(=O)c1c(N)ccc(C)c1O*,80.28497
*CCCOC(=O)c1ccc(C(*)=O)cc1Cl,62.100967
*CCCOC(=O)c1ccc(C(=O)NNC(=O)CCCCCCCCC(=O)Nc2cccc(C(=O)O*)c2)cc1,83.64862
*CCCOC(=O)c1ccc(C(=O)Nc2ccc(C(=O)OC(=O)c3ccc(C(=O)OC(C)O*)cc3)cc2)cc1,88.98447
*CCCOC(=O)c1ccc(NC(=O)/C=C/C(=O)OCCCCCCCCN(*)c2ccc([N+](=O)[O-])cc2)cc1,84.37459
*CCCOC(=O)c1ccc(NC(=O)CCCCCCCCCCCCCCC(=O)Nc2ccc(C(=O)Sc3ccc(C(=O)Nc4cccc(C(=O)O*)c4)c(OC)c3)cc2)cc1,98.366295
*CCCOC(=O)c1ccc(NC(=O)CCN(C)c2ccc(C(=O)N*)cc2)cc1,102.17577
*CCCOC(=O)c1cccc(C(=O)OCCCCC(=O)O*)c1,-20.566101
*CCCOC(=O)c1cccc(C(=O)OCc2ccc(O*)cc2)c1,39.574745
*CCCOCCCCCCOC(=O)C(CCCCCCCCCC)C(=O)O*,-53.57831
*CCCOCCCCCCOC(=O)Cc1ccc(CCc2ccc(C(=O)N*)cc2)cc1,47.75882
*CCCOCCCCC[N+](C)(C)O*,-68.18788
*CCCOCCCCOCCCCCCCOC(=O)c1ccc(C(=O)NCCCCCCCCCCSCCCCCOCCNC(*)=O)cc1,5.5906525
*CCCOCCCCOCCCCCOC(=O)CCCCCCCCCCCCC(=O)O*,-45.865875
*CCCOCCCCOCCCCOCCCCCCOCCCCO*,-48.343796
*CCCOCCCCOCCOCCOC(=O)NC(CCCCCCCCC)C(=O)O*,-48.17195
*CCCOCCCCOP(=O)(O*)c1ccc(O)c(OC)c1,-10.242828
*CCCOCCN(CCOCCOCCOC)O*,-34.39583
*CCCOCCOC(=O)c1ccc(C(C)(C)c2ccc([Si](c3ccccc3)c3ccc(C(=O)N*)cc3)cc2)cc1,93.84039
*CCCOCCOCCCCOC(=O)CCCCCCCCCCCCC(=O)O*,-37.344254
*CCCOCCOCCOC(=O)c1ccc(NC(=O)OCCCc2ccc(/N=N/P(=O)=O)cc2)cc1-c1ccccc1-c1ccccc1Cc1ccc(*)cc1,66.44026
*CCCOCCOCCOCCOC(=O)c1ccc(C(=O)O*)cc1,-3.1407318
*CCCOP(=O)(/C=C/c1ccc(*)cc1)C(=O)OCCCCOCCOC(=O)c1ccc(/C=C/c2ccccc2)cc1,69.19907
*CCCOP(=O)(CC(F)(F)C(F)(F)C(F)(F)C(F)(F)C(F)(F)F)C(=O)CC(=O)N(*)C,6.734024
*CCCOP(=O)(O*)SC,-15.412247
*CCCOc1ccc(/C=C/c2ccc(C(=O)Nc3ccc(O*)cc3)cc2)cc1,178.17178
*CCCOc1ccc(/C=C2\CCCCC/C(=C\c3ccc(O*)cc3)C2)cc1OC,134.10109
*CCCOc1ccc(C(=O)CNc2ccc(O*)cc2)cc1,94.875854
*CCCOc1ccc(C(=O)NCCCNC(=O)c2cccc(C(=O)O*)c2)cc1,112.49103
*CCCOc1ccc(C(=O)Nc2ccc(/C=N/NC(=O)c3ccc(O*)cc3)cc2)cc1,185.27486
*CCCOc1ccc(C(=O)OCCCCCCCCCCCOP(=O)(OC)c2ccc(O*)cc2)cc1,30.984238
*CCCOc1ccc(C(=O)OCCCCCCOc2ccc(O*)cc2)cc1,21.500237
*CCCOc1ccc(C(=O)OCCOCCOC(=O)c2ccc(O*)cc2C)cc1,27.478287
*CCCOc1ccc(CCC(=O)[SH]c2ccc(O*)c(OC)c2)cc1,115.72471
*CCCOc1ccc(Cc2ccc(O*)cc2Sc2ccccc2)cc1,112.66821
*CCCOc1ccc(NC(=O)CCCCCCCC(=O)Nc2ccc(C)cc2C(=O)O*)cc1,88.01863
*CCCOc1ccc(OC(=O)CCCCCCCS(=O)(=O)Oc2ccc(S(*)(=O)=O)cc2)cc1,53.37194
*CCCOc1ccc(S(=O)(=O)c2ccc(O*)c(OC)c2)cc1OC,145.56557
*CCCOc1ccc(S(=O)(=O)c2ccc(Oc3ccc(O*)cc3CCCC)cc2)cc1,126.43704
*CCCOc1cccc(C(=O)Oc2cccc(C3(*)OC(=O)c4ccccc43)c2)c1,128.00832
*CCCOc1cccc(N(*)c2ccccc2)c1,99.82894
*CCCP(*)(=O)CCCCCS(=O)(=O)[O][Na],4.7579346
*CCCP(=O)(/C=C/c1ccc(-c2ccc(*)o2)cc1)c1ccc(/C=C(/C(F)(F)F)[Si](F)(F)F)cc1,132.25822
*CCCP(=O)(NC(=O)O*)OCCOCCOCCOC,-43.52115
*CCCP(=O)(O*)OCCOCCOC,-83.42091
*CCCP(=O)(OC)C(C)N(*)C(=O)OCC,-5.9344177
*CCCP(C)(=O)CCC[N+](C)(C)CCCCCCNC(=O)NCCCCCCCCCNC(=O)O*,1.092041
*CCCP(C)(=O)CCc1ccccc1C(*)=O,44.986687
*CCCP(CC)C(=O)N*,54.193626
*CCCP(CCCCC)CCCCCCOc1ccc(C(C)(C)c2ccc(O*)c(OC)c2)cc1OC,47.42553
*CCCP(CCCCCCCCCCCCC)COC(=O)CCCCCCC(=O)O*,-44.649536
*CCCP(CCCCN)C(=O)CCCCCCCCCCCCCC(=O)N*,17.77806
*CCCP(CCOCCOC)C(=O)N*,-3.7014465
*CCCP(COC(=O)c1cccc(C(*)=O)c1)c1ccccc1,56.551712
*CCCS(=O)(=O)CC(C)S(=O)(=O)CCC(=O)O*,10.958832
*CCCS(=O)(=O)CCC(=O)NSC(=O)C(=O)N*,49.6708
*CCCS(=O)(=O)CCCC(=O)NNC(=O)CCCOC(=O)CCCCC(=O)O*,-26.630219
*CCCS(=O)(=O)CCCCC(=O)NCCCCCCNC(=O)c1ccc(*)cc1,39.42749
*CCCS(=O)(=O)CCCCC(=O)Nc1ccc(-c2ccc(NC(=O)N*)cc2)cc1,134.42775
*CCCS(=O)(=O)CCCCC(=O)Nc1ccc(Cc2ccc(NC(=O)SC(=O)N*)c([N+](=O)[O-])c2)cc1,115.27173
*CCCS(=O)(=O)CCCCC(=S)N*,-15.369904
*CCCS(=O)(=O)CCCCCC(=O)O*,-38.0224
*CCCS(=O)(=O)CCCCCCSSCCSCSCCS*,-44.620483
*CCCS(=O)(=O)CCCCCS(*)(=O)=O,-10.901779
*CCCS(=O)(=O)CCCS(=O)(=O)CCC(=O)N*,38.928177
*CCCS(=O)(=O)CCCS(=O)(=O)CCCC(=O)O*,-0.417511
*CCCS(=O)(=O)CCCSSSS*,-48.511276
*CCCS(=O)(=O)CCSC(=O)Nc1ccc(Cc2ccc(NC(=O)S*)cc2)cc1,118.365906
*CCCS(=O)(=O)CCSSCC(*)=O,-53.128708
*CCCS(=O)(=O)NCCOCCOCCOCC(C)CCCO*,-41.89943
*CCCSC(=O)CCCSCC(=O)N*,-26.774216
*CCCSC(=O)Nc1ccc(Cc2ccc(NC(=O)O*)cc2)c(S(=O)(=O)O)c1,119.30326
*CCCSC(=O)c1ccc(N(C)C(=O)NCCNC(=O)c2ccc(C(=O)O*)cc2)cc1,137.52028
*CCCSCCCCCCOC(=O)CCS(=O)(=O)CCC(=O)O*,-28.42891
*CCCSCCCCCCS*,-46.495926
*CCCSC[As]C(=O)Nc1ccc(C)c(NC(=O)O*)c1,78.37763
*CCCSSC(=O)Nc1ccc(NC(=O)O*)cc1,45.985435
*CCCSSCCC(=O)N*,-29.777084
*CCCSSCCCCCCCCSCCCCNC(=O)CCC(=O)N*,-10.973221
*CCCSSSCCCS*,-57.997284
*CCC[CH2][Sn]([CH3])([CH3])[CH2]CCOC(=O)c1cccc(NC(=O)O*)c1,52.82924
*CCC[N+](*)(C)C(=O)OCCC,0.24819946
*CCC[N+](C)(C)CCC(N)C#C[Si](C)(C)C[Si](*)(C)C,-3.966385
*CCC[N+](C)(C)CCCNC(=O)NCC(=O)N*,77.75227
*CCC[N+](C)(C)CCCOC(=O)CSC(=O)C(CCCCCCOC(=O)N*)c1ccccc1,0.36380005
*CCC[N+](CC)(CC)CCCCCN*,-49.34233
*CCC[PH](C)(C)CC(=O)N(*)CCCCCC,10.660782
*CCC[PH](C)(C)CCCCCCN*,-24.136063
*CCC[PH](CC)(CCC(=O)O*)c1ccccc1,39.099136
*CCC[Se]C(=O)N(*)CC,38.331024
*CCC[SiH](C)CCC(C)CCC(=O)O*,-47.58139
*CCC[Si](*)(C)CCCOc1ccc(/C=N/c2ccc(/N=N/c3ccc(OC)cc3)cc2)cc1,81.20539
*CCC[Si](*)(CCCC)CCCCCCCC,-77.00839
*CCC[Si](C)(C)CCC#CC(=O)N*,-5.097061
*CCC[Si](C)(C)CCCCCCCCC[Si](*)(C)c1ccc(C)cc1,-57.210938
*CCC[Si](C)(C)CCCCCCOC(=O)CCCCCCCCCCCC(=O)O*,-43.111267
*CCC[Si](C)(C)CCCOC(=O)c1cccc(C(=O)O*)c1,11.20816
*CCC[Si](C)(C)COC(=O)NCCCCCCCNC(*)=O,3.4120483
*CCC[Si](C)(C)O[Si](C)(C)C#C[Si](C=C)(COCCOC)C[Si](*)(C)C,-24.849487
*CCC[Si](C)(C)c1ccc(C/C=C/c2ccc(N(*)CCCCCC)nc2)cc1,43.350845
*CCCc1cc(I)c(C)c(*)c1O,107.787476
*CCCc1ccc(-c2ccc(SCCCCCCCCCCCCCCCC)cc2)c(*)c1,31.288902
*CCCc1ccc(/N=C/c2ccc(/C=C/c3ccc(*)s3)s2)cc1,142.031
*CCCc1ccc(C(=O)NCCNC(=O)c2ccc(C(=O)S*)cc2)cc1,131.1948
*CCCc1ccc(C(=O)SSCC(=O)OC(=O)c2cccc(C(=O)O*)c2)cc1,54.62686
*CCCc1ccc(C(C=CCNC(=O)CCc2ccc(COC(=O)CCCCC(=O)O*)cc2)c2ccc(S(=O)(=O)SSSSN(C)C)cc2)c(OCCCCCCCC)c1,25.151688
*CCCc1ccc(CN(C)C(=O)CCCCCCCCCCCC(=O)N(*)CCCC)cc1,41.629227
*CCCc1ccc(COC(=O)Nc2ccc(C(=O)N*)cc2)cc1,145.10648
*CCCc1ccc(SC(=O)/C=C/c2ccc(C=*)cc2)cc1,126.49031
*CCCc1cccc(CN(C)C(=O)C(C)C(O)C(=O)O*)c1,87.90644
*CCCc1cccc(CNC(=O)CCCCCCCCC(=O)S*)c1,48.035683
*CCCc1ccccc1C(=O)N(*)CC,110.86445
*CCN(*)C(=O)C(C(=O)O)C(=O)CC(F)(F)C(F)(F)C[N+](F)(F)Cl,38.341873
*CCN(*)C(=O)C(Cl)=C(Cl)C([2H])(C(F)(F)F)C(F)(F)F,114.780014
*CCN(*)C(=O)C(F)(F)C(F)(F)C(F)(F)C(F)(F)C(F)(F)C(F)(F)C(F)(F)Br,10.902466
*CCN(*)C(=O)C(F)(F)C(F)(F)C(F)(F)C(F)(F)C(F)(F)C(F)(F)C(F)(F)C(F)(F)C(F)(F)C(F)(F)C(F)(F)C(F)(F)C(F)(F)C(F)(F)C(F)(F)C(F)F,-29.220291
*CCN(*)C(=O)C(F)(F)C(F)(F)C(F)(F)C(F)(F)C(F)(F)C(F)(F)C(F)(F)C(F)(F)C(F)F,-3.6317596
*CCN(*)C(=O)C([2H])([2H])[2H],44.803276
*CCN(*)C(=O)C1C=CCCC1,79.73972
*CCN(*)C(=O)C1CCCC1C,99.002304
*CCN(*)C(=O)CCCCCCC(=O)Nc1ccc(C#N)cc1,88.00293
*CCN(*)C(=O)CCN(C)C,12.096756
*CCN(*)C(=O)c1cc(Br)c(Br)c(Cl)c1Cl,123.71654
*CCN(*)C(=O)c1cc(Cl)ccc1C(F)(F)C(F)(F)C(F)(F)C(F)(F)C(F)(F)C(F)(F)C(F)(F)C(F)(F)C(F)(F)F,17.114395
*CCN(*)C(=O)c1cc(F)cc(N(C)C)c1,116.02401
*CCN(*)C(=O)c1cc([N+](=O)[O-])c(O)c(C)c1O,164.67122
*CCN(*)C(=O)c1ccc(COC(C)C)cc1,74.20248
*CCN(*)C(=O)c1ccc(OC)nc1,91.831276
*CCN(*)C(=O)c1ccc(OCc2ccc([N+](=O)[O-])cc2N)cc1,146.83789
*CCN(*)C(=O)c1ccc([Si](C)(C)CC)cc1,76.09562
*CCN(*)C(=O)c1cccc(C(F)(F)C(F)(F)C(F)(F)Br)c1,62.409325
*CCN(*)C(=O)c1ccccc1[PH](=O)[O-],132.59128
*CCN(*)CCC1CCCO1,49.72667
*CCN(*)c1cc(C)cc(Br)c1Br,126.01639
*CCN(*)c1ccc(C(=O)[O][Na])cc1,139.50583
*CCN(*)c1ccccc1/C=C/c1ccccn1,151.18895
*CCN(*)c1ccncc1NCC,80.4995
*CCN(/C=N/c1ccc(/N=N/c2ccc(C)cc2)cc1)CCOC(=O)Nc1ccc(NC(=O)O*)c(C)c1,130.15508
*CCN(/N=C(\C)c1ccccc1*)PC(=O)c1ccc(C(=O)Nc2cccc(C)c2)cc1,189.77591
*CCN(C(=O)C(F)(F)C(=O)N(*)CC(F)(F)C(F)(F)F)C(C)(C)C,145.34222
*CCN(C(=O)OCCCCCCCCCC)C(=O)c1ccc(C(=O)O)c(C=*)c1,15.803894
*CCN(C)C(=O)C1CC1COC(=O)N1CCN(*)CC1,89.8315
*CCN(C)C(=O)CCCCCCCCCCC(=O)N(*)CCC,30.76152
*CCN(C)C(=O)CCCCCCCCc1ccc(CSC(=O)CCCCCCC(=O)N*)cc1,30.055374
*CCN(C)C(=S)NCCOCCCNC(=O)c1ccc(C(=O)O*)cc1,52.704956
*CCN(C*)CS(=O)(=O)C(=O)OCC,51.13521
*CCN(C=C)CN(*)C(=O)CC(C)C,64.26988
*CCN(CC(=O)Nc1ccc(C)c(NC(=O)O*)c1)c1ccc(/N=N/c2cccc(C#N)c2)cc1,147.8047
*CCN(CC(=O)Nc1ccc(NC(=O)OCc2ccc(*)cc2)cc1)OCCc1ccccc1,90.841415
*CCN(CC(=O)c1ccc(C(=O)c2ccc(O*)cc2)cc1)c1ccc([N+](=O)[O-])cc1,141.18185
*CCN(CC(C)C)C(=O)C(=O)N(*)C,148.5564
*CCN(CC(F)(F)C(F)(F)C(F)(F)C(F)(F)C(F)(F)C(F)(F)F)C(=O)C(*)([2H])Cl,50.164215
*CCN(CC)C(=O)CCC(=O)NC(=O)CNC(=O)C(Cl)C(=O)NNC(=O)c1ccccc1C(=O)NCCCCCCCCCCCCCCCCNC(=O)C(=O)N*,67.22897
*CCN(CC)C(=O)CCCC(=O)NCCCCCCNC(=O)C(=O)N*,87.65939
*CCN(CCC(F)(F)C(F)(F)C(F)(F)C(F)(F)C(*)(F)F)OCC[N+](C)(C)C,1.5945282
*CCN(CCCC(F)(F)C(F)(F)C(F)(F)C(F)(F)C(F)(F)C(F)(F)C(F)(F)C(F)(F)C(F)(F)F)C(=O)C(NCC(=O)O*)C(C)CCC(C)C,11.028152
*CCN(CCCC)C(=*)CC=C,14.446548
*CCN(CCCC)CS(*)(=O)=O,79.04363
*CCN(CCCCCCC)NS(=O)(=S)C(=O)NNC(=O)CCCCC(=O)N*,28.873055
*CCN(CCCCCCCCCCCCOC(=O)c1ccc(C(=O)O*)cc1)c1ccc(C(=O)Oc2ccc(/C=C/c3ccc([N+](=O)[O-])cc3)cc2)cc1,106.821884
*CCN(CCCCCCCCN(C)C)C(=O)C(C)N*,10.742172
*CCN(CCCCCCOC(=O)NCCCCCCSCCNC(=O)O*)SC,-7.4644623
*CCN(CCCCCCOc1ccc(Cc2ccc(-c3ccc(C#N)cc3)cc2)cc1)C[N+](C)(C)CCCCCCCCCCCCCC(=O)N*,43.61406
*CCN(CCCCCC[PH](C)(C)C)C(=O)N*,13.6707
*CCN(CCCCCOOc1ccc(/N=N/c2ccc(C#N)cc2)cc1)COC(=O)Nc1cccc(Cc2ccc(NC(=O)O*)cc2)c1,66.43927
*CCN(CCCCCOc1ccc(-c2ccc(*)cc2)cc1)C(C(=O)OO)C(=O)OCCCCCCCCCCCC,25.35028
*CCN(CCCCCSCCNC(=O)C(=O)NCCCCCCCNC(=O)O*)c1ccc(/N=N/c2ccc([N+](=O)[O-])cc2)cc1,83.70921
*CCN(CCCCNC(=O)c1ccc(C(=O)NCCCNC(=O)c2ccc(C(=O)N*)cc2)cc1)c1ccc(N(C)C(C)C)cc1,110.05121
*CCN(CCCCOc1ccc(/C=C/c2ccc(OC)cc2)cc1)C(=O)O*,61.605232
*CCN(CCCCOc1ccc(/N=N/c2ccc(OC)cc2)cc1)CS(=O)(=O)c1ccc(C#N)cc1*,98.09954
*CCN(CCCCS(=O)(=O)c1ccccc1)S*,0.49028015
*CCN(CCCCl)C(=O)CCCCC(=O)N(*)C,58.40854
*CCN(CCCOC(=O)Nc1ccc(C)c(NC(=O)O*)c1)c1ccc(/N=N/c2ccc(C#N)cc2)cc1,118.782646
*CCN(CCCOC(=O)c1ccc(C(=O)O*)cc1)c1ccc(/N=N/c2ccc(C#N)cc2)cc1,104.647026
*CCN(CCCOCC)CS*,-46.568466
*CCN(CCNC(=O)CCCCCCCCCCCC(=O)N(*)[CH2][Na])c1ccccc1,42.901672
*CCN(CCNC(=O)c1ccc(*)cc1)C(=O)[O][Na],110.23538
*CCN(CCNC(=O)c1ccc(C(=N)N(C)C)cc1)CC(=O)NCCCCCCNC(=O)CCCCCCCCCCCCCCS*,37.23265
*CCN(CCNC(=O)c1ccc(C(=O)O*)cc1)c1ccc(/N=N/c2ccc(OCCCCCCCCCC)cc2)cc1,63.256485
*CCN(CCO*)CC(C)(C)C[N+](C)(C)C,44.2433
*CCN(CCOC(=O)/C=C/CCC(*)=O)COc1ccc(-c2ccc(C#N)cc2)cc1,79.31463
*CCN(CCOC(=O)C(F)(F)C(*)(F)F)C(F)(Cl)C(=O)OCC,43.19055
*CCN(CCOC(=O)CCCCCC(=O)Nc1ccc(Cl)cc1)C(=O)NCc1ccc(CNC(C)C(=O)S*)cc1,85.49929
*CCN(CCOC(=O)CCCCCCCCC(=O)O*)c1ccc(/N=N/c2ccc(OC)cc2)cc1,19.084175
*CCN(CCOC(=O)CCCCCNC(=O)C(C)S(=O)(=O)CCCC(=O)NNC(=O)C(CC(C)C)O*)C(C)C,16.571884
*CCN(CCOC(=O)CSCCC(=O)Oc1ccc(OC(=O)COc2ccc(-c3ccc(O*)cc3)cc2)cc1)OC(=O)c1ccc(OC(=O)c2ccc(CCCC)cc2)cc1,50.47999
*CCN(CCOC(=O)N(C)CSC(=O)O*)c1ccc(/C=C/c2ccc(C(C)=O)cc2)cc1,107.08772
*CCN(CCOC(=O)N(C)c1ccc(C)cc1)C(=O)OCCc1ccc(S*)cc1,88.88642
*CCN(CCOC(=O)NC(=O)O*)OCC,32.59162
*CCN(CCOC(=O)NC(=O)S*)c1ccc(CCCCCCCCC)cc1,10.622177
*CCN(CCOC(=O)NCC(C)(C)CCC(C)S*)c1ccc(/N=N/c2ccc([N+](=O)[O-])cc2)cc1,88.68517
*CCN(CCOC(=O)NCC(C)CC)NC(=O)CCCCC(=O)NCCCCNC(=O)CCCO*,-3.4513092
*CCN(CCOC(=O)NCCCCCCCCCCNC(=O)O*)c1ccc(/N=N/c2ccccc2)cc1,38.751854
*CCN(CCOC(=O)NCCCCCCCCSCSSCCNC(=O)O*)c1cc(C)cc(C)c1,-5.697052
*CCN(CCOC(=O)NCCCCCCNC(=O)O*)c1ccc(/N=N/c2ccc(CCCCCCCC)cc2)cc1,19.472519
*CCN(CCOC(=O)NCCCCCCNC(=O)O*)c1ccc(/N=N/c2ccc(S(=O)(=O)Oc3c(C)cc(C)cc3C)c(C)c2)cc1C,60.011803
*CCN(CCOC(=O)NCCCCCCNC(=O)O*)c1ccc(C=C(C)CCC)cc1,12.646362
*CCN(CCOC(=O)NCCCCCNC(=O)O*)c1ccc(C)cc1C,21.51809
*CCN(CCOC(=O)NCCCCCNC(=O)O*)c1ccc(OCC)cc1,29.207497
*CCN(CCOC(=O)NCCSCCNC(=O)O*)SC(=O)NCCCC,-0.9030609
*CCN(CCOC(=O)NCCSCCNC(=O)O*)c1ccc(-c2cc(C(=O)OCCCCCC)ccc2C(=O)O)cc1,35.83226
*CCN(CCOC(=O)NCCSCCNC(=O)O*)c1ccc(/N=N/c2ccc(CCCCCC)cc2)cc1,27.790009
*CCN(CCOC(=O)NCc1ccc(C)c(NC(=O)O*)c1)c1ccc(-c2ccc(S(F)(F)F)cc2)cc1,119.902985
*CCN(CCOC(=O)NCc1ccc(CNC(=O)O*)cc1)CC(C)CCCCCC,27.230637
*CCN(CCOC(=O)Nc1ccc(C)c(C(*)=O)c1)c1ccc([N+](=O)[O-])cc1,168.77559
*CCN(CCOC(=O)Nc1ccc(C)c(N=*)c1)P(=O)(O)c1ccc(Br)cc1,99.7486
*CCN(CCOC(=O)Nc1ccc(CCOCCCCCC)cc1)C(=O)O*,-7.413162
*CCN(CCOC(=O)Nc1ccc(CNC(=O)O*)cc1)c1ccc(-c2ccc(C#N)cc2)cc1,123.992355
*CCN(CCOC(=O)Nc1ccc(Cc2ccc(NC(=O)N*)cc2)cc1)c1ccc(/N=N/c2ccc(Cl)cc2)cc1,154.49982
*CCN(CCOC(=O)Nc1ccc(Cc2ccc(NC(=O)O*)cc2)cc1)COC(=O)OCCCCCCCOC(=O)Oc1ccccc1,29.744797
*CCN(CCOC(=O)Nc1ccc(NC(=O)O*)cc1)c1ccc(/N=N/c2ccc(NCC)cc2)cc1,115.83203
*CCN(CCOC(=O)Nc1ccc(S*)cc1)c1ccc(N(Cc2ccccc2)c2ccc(C#N)cc2)cc1,152.0729
*CCN(CCOC(=O)Nc1ccc([N+](=O)[O-])cc1)C(=O)OCC(=O)NCCNC(=O)O*,44.16044
*CCN(CCOC(=O)OC(C)=O)C(=O)OCCCCCCOc1ccc(-c2ccc(O*)cc2)cc1,9.884293
*CCN(CCOC(=O)OCCCCCCCCCCOc1ccc(-c2ccc(OCCCCCCCC)cc2)cc1)C(=O)O*,-6.2685547
*CCN(CCOC(=O)SCCCCC(=O)O*)c1ccc(-c2ccc(Br)cc2)cc1,53.131058
*CCN(CCOC(=O)SCCCCC(=O)O*)c1ccc(-c2ccc(C#N)cc2)cc1,37.797226
*CCN(CCOC(=O)c1cc(C(=O)O)ccc1C(=O)O*)c1ccccc1,82.67941
*CCN(CCOC(=O)c1ccc(*)cc1)c1ccc(C)cc1,70.02318
*CCN(CCOC(=O)c1ccc(-c2ccc(C(=O)O*)cc2)cc1)c1ccc(C)cc1,91.15957
*CCN(CCOC(=O)c1ccc(C(=O)NC(=O)c2ccc(*)cc2)cc1)c1ccccc1,142.47084
*CCN(CCOC(=O)c1ccc(C(=O)Nc2ccc(*)cc2)cc1)CCOC(=O)c1cnc(Cl)c(O)c1,145.0202
*CCN(CCOC(=O)c1ccc(C(=O)O)cc1)C(=O)Oc1ccc(-c2ccc([N+](=O)[O-])cc2)cc1OC(=O)COC(=O)c1ccc(C(=O)O*)cc1,102.83777
*CCN(CCOC(=O)c1ccc(C(=O)O*)c(OCCC(C)C)c1)c1ccc(/N=N/c2ccc(-c3ccc([N+](=O)[O-])cc3)cc2)cc1,124.005264
*CCN(CCOC(=O)c1ccc(C(=O)O*)c(OCCCC)c1)c1ccc(/N=N/c2ccc(OC)cc2)cc1,83.46132
*CCN(CCOC(=O)c1ccc(C(=O)O*)c(OCCCCC)c1)c1ccc(/N=N/c2ccc(-c3nc4ccc([N+](=O)[O-])cc4o3)cc2)cc1,143.81248
*CCN(CCOC(=O)c1ccc(C(=O)O*)cc1)C(=O)NCCCCCCCCCCCCCCCCCCCC,10.836929
*CCN(CCOC(=O)c1ccc(C(=O)O*)cc1)OC(=O)c1ccccc1,35.7679
*CCN(CCOC(=O)c1ccc(C(=O)O*)cc1)OC(C)CCCCCC,-18.66922
*CCN(CCOC(=O)c1ccc(C(=O)O*)cc1)c1ccc(/N=N/c2ccc(/N=N/c3ccc(C#N)cc3)cc2)cc1,125.75704
*CCN(CCOC(=O)c1ccc(C(=O)OCCCCCCOc2ccc(O*)cc2)cc1)c1ccc(/C=C\CC)cc1,64.88649
*CCN(CCOC(=O)c1ccc(C(=O)c2ccc(C(=O)O*)cc2)cc1)c1ccc(/N=N/c2ccc(S(=O)(=O)[O][Na])cc2)cc1,160.24893
*CCN(CCOC(=O)c1ccc(N(C)CCCN)cc1)c1ccc(*)nc1,64.847626
*CCN(CCOC(=O)c1ccc(S(=O)(=O)c2ccc(N=*)cc2)cc1)c1ccccc1,134.17258
*CCN(CCOC(=O)c1cccc(C(*)=N)c1)c1ccccc1,65.554596
*CCN(CCOC(=O)c1cccc(C(=O)O*)c1)c1ccc(/N=N/c2ccc(/N=N/c3ccc(OCCCC)cc3)cc2)cc1,95.6265
*CCN(CCOCCCCOC(=O)NCCc1ccc(CNC(=O)O*)cc1)c1ccc(/N=N/c2ccc(OC)cc2)nc1,61.281227
*CCN(CCOc1ccc(-c2ccc(-c3ccc(-c4ccccc4)cc3)cc2)cc1)C(OC)C(*)C(=O)OC,125.03203
*CCN(CCOc1ccc(-c2ccc(OC(=O)CO*)cc2)cc1)c1ccccc1,67.76749
*CCN(CCOc1ccc(/C=C/c2ccc(NC(=O)CCCCC(=O)Nc3ccc(C(=O)O*)cc3)cc2)cc1)c1ccccc1,121.752556
*CCN(CCOc1ccc(C#N)cc1)N(*)CC(C)C,71.84482
*CCN(CCS(=O)(=O)CCC(=O)N*)c1ccc(/N=N/c2ccc(OCCCCCCCC)cc2)cc1,58.591087
*CCN(CCS(=O)(=O)c1ccc(*)cc1)C(=O)Oc1ccc(C(C)(C)C)cc1,131.64688
*CCN(CCSC(=O)Nc1ccc(NC(=O)OCC)cn1)C(=O)O*,74.53797
*CCN(Cc1ccccc1)N(*)C,77.32442
*CCN(c1ccccc1)C(*)(F)C(=O)OCCOC(C)(C)O,61.911713
*CCN=C(CNC(=O)NSC(=O)c1ccc(C(=O)O*)cc1)c1ccc(/N=N/c2ccc([N+](=O)[O-])cc2)cc1,144.20532
*CCNC(=O)/C=C/C(=O)NCCCc1cc(-c2ccc(*)cc2)cc(C(C)(C)C)c1,157.01865
*CCNC(=O)/C=C/CCCCCCSCCC(=O)N*,9.104858
*CCNC(=O)C(*)NCC,96.06326
*CCNC(=O)C(C)C(CSCCC#N)N*,14.77478
*CCNC(=O)C(C)NC(=O)NCCNC(=O)N*,156.20874
*CCNC(=O)C(C=C)CNC(=O)NCC(CS(=O)(=O)CCC(F)(F)C(F)(F)C(F)(F)C(F)(F)C(F)(F)C(F)(F)C(F)(F)C(F)(F)C(F)(F)C(F)(F)C(F)(F)C(F)(F)C(F)(F)F)C(=O)N*,-1.2578888
*CCNC(=O)C(CC(C)C)C(CCCCC(=O)O*)CC(C)C,1.0935211
*CCNC(=O)C(CCCC/C=C/C=C/CC(=O)N*)C(=O)OC,49.69522
*CCNC(=O)C(CCCCCCCCCCC)C(=O)NCCCS*,-21.076874
*CCNC(=O)C(CCOC(=O)N*)CC(C)NC(=O)C(C)CC,46.32801
*CCNC(=O)C/C(=C\CCCCCC(=O)N*)c1ccc(/N=N/c2ccc(OCCCCCCCC)cc2)cc1,57.63801
*CCNC(=O)CC(=O)NSC(=O)C(=O)N*,105.28296
*CCNC(=O)CC(C)NC(=O)NCCCCCCCCCCNC(=O)NCCC/C=N/c1ccc(/C=C/c2ccc(N=*)cc2)cc1,95.567795
*CCNC(=O)CC(CCCCCCCCC)C(=O)NCC(=O)N*,13.3780365
*CCNC(=O)CC/C=C/CCCCCC(*)=O,11.911743
*CCNC(=O)CCC(=O)NCCCCCCNC(=O)[Si](*)(C)C,50.43772
*CCNC(=O)CCC(=O)NCCCN(C)CCN(*)C,47.598907
*CCNC(=O)CCC(C)(C)CC(=O)N*,30.003136
*CCNC(=O)CCCC(=O)NCCCCCCNC(=O)C(=O)N*,103.70313
*CCNC(=O)CCCC(=O)NNC(=O)CCCCCCCCC(=O)N*,34.95523
*CCNC(=O)CCCC=C(CCC)C(=O)N*,39.817085
*CCNC(=O)CCCCC(=O)NC(CCC)C(=O)N*,73.94182
*CCNC(=O)CCCCC(=O)NCCCCCCCCNC(=O)CCCCCCOC(=O)CCC(=O)S*,-3.1036072
*CCNC(=O)CCCCC(=O)NCCCNC(=O)CCCCCO*,9.3810425
*CCNC(=O)CCCCCC(=O)NCCCCCCNC(=O)CCCOC(=O)CCCCC(=O)NCCCCCCCCCNC(=O)C(=O)N*,29.641037
*CCNC(=O)CCCCCCC(=O)NCCNC(=O)CCCO*,8.798248
*CCNC(=O)CCCCCCCC(=O)N*,11.5728
*CCNC(=O)CCCCCCCCC(=O)NCCCCCCCN*,11.617279
*CCNC(=O)CCCCCCCCC(=O)NCCCCCCNC(=O)c1ccc(-c2ccc(C(=O)N*)cc2)cc1,72.954865
*CCNC(=O)CCCCCCCCCCCCCCC(=O)NC(*)=O,54.771736
*CCNC(=O)CCCCCCCCCCCCCCC(=O)S*,14.376938
*CCNC(=O)CCCCCCCCCCCCCCCCC(=O)NCCC(=O)N*,41.73784
*CCNC(=O)CCCCCCCCCCCCCCCCCCCCCCCCCCCCCCCCCCCCC(=O)NCCCNC(=O)N*,60.013313
*CCNC(=O)CCCCCNC(=O)CCCCC(=O)NCCCCCCNC(=O)C(=O)N*,36.044632
*CCNC(=O)CCCCCS(=O)(=O)CC(C)(C)C(=O)N*,24.426666
*CCNC(=O)CCCNC(=O)c1cccc(C(*)=O)c1,126.78978
*CCNC(=O)CCOC(=O)SSS*,-36.0036
*CCNC(=O)CCSCC(C)NC(=O)S*,1.9514923
*CCNC(=O)CNC(=O)CCCCCOC(=O)/C=C/C(=O)N*,50.553734
*CCNC(=O)COC(=O)C(CCCCCCCCCCCCCCCSC(=O)O*)c1ccccc1,-13.030914
*CCNC(=O)COCC(=O)S*,6.287674
*CCNC(=O)C[N+](C)(C)C(*)=C(C)C,67.0521
*CCNC(=O)NCCCCCCCCNC(=O)N*,73.35858
*CCNC(=O)NCCCCCCCNC(=O)NCCCCCCCCCCCCSCCCCSCNC(=O)N*,26.76915
*CCNC(=O)NCCCCCCNC(=O)SCCOCCOCCN(C)O*,2.9900665
*CCNC(=O)NCCNC(=O)Oc1ccc(Oc2ccc(/C=N/c3ccc(O*)cc3)cc2)cc1,110.49141
*CCNC(=O)Nc1ccc(NC(=O)NNC(=O)/C=C/c2ccc(C(=O)O*)cc2)cc1,220.88742
*CCNC(=O)OCCCCCC(=O)NCCCCCCSS*,-25.571136
*CCNC(=O)OCCCCCCOC(=O)NNC(=O)CCCC(=O)NCCCCCNC(=O)c1ccc(C(=O)O*)cc1,12.238113
*CCNC(=O)OCCCCCCOC(=O)OCCOC(=O)c1ccc(C(=O)S*)cc1,13.722
*CCNC(=O)[Si](C)(CSCCCCCCCC)C(=O)N*,-13.87175
*CCNC(=O)c1cc(C(=O)N*)c(C)c(C)c1C,166.54347
*CCNC(=O)c1ccc(C(=O)NCCCCCNS(*)(=O)=O)cc1,81.5119
*CCNC(=O)c1ccc(C(=O)NCCCNC(=O)CCCCCS*)cc1,23.816566
*CCNC(=O)c1ccc(C(=O)NCCCOCCOCCOCCOCCOCCC(O)COC(=O)c2ccc(-c3ccc(S(*)(=O)=O)cc3)cc2)cc1,65.19846
*CCNC(=O)c1ccc(C(=O)NNC(=O)c2ccc(C(=O)NNC(=O)CCCCCCC(=O)O*)cc2)cc1,109.875565
*CCNC(=O)c1ccc(C[Si](*)(C)C)cc1,56.956978
*CCNC(=O)c1cccc(C(=O)NC(*)CCCCCCCC)c1,42.67373
*CCNC(=O)c1cccc(NC(=O)CCCCCCCCCCCCC[PH](=O)[O-])c1OC(=O)c1ccc(Cc2ccc(C(=O)O*)cc2)cc1,70.162895
*CCNCC(*)c1ccc(COCCc2ccc(C(C)(C)c3ccc([N+](=O)[O-])cc3)cc2)cc1,121.971756
*CCNNC(=O)c1ccc(C(=O)NCCCNC(=O)CCCCCCCC(=O)NCCCCCCCCCC[Si](*)(CC)CCCC)cc1,36.03086
*CCNS(=O)(=O)CCCOC(=O)NCC(C)(C)NC(=O)S*,46.728645
*CCNS(=O)(=O)c1cccc(C(=O)NNC(=O)CCCCCO*)c1,69.3213
*CCNS(=O)(=O)c1cccc(C)c1*,103.2235
*CCNc1ccc(Nc2ccccc2C(=O)Nc2ccc(Cc3ccc(N*)cc3)cc2)cc1,173.49709
*CCNc1ccc(S(=O)(=O)CCCCCO*)cc1,31.697739
*CCOC(=O)/C=C/C(=O)Oc1ccc(C(=O)OCCOC(=O)c2ccc(O*)cc2)cc1,59.43599
*CCOC(=O)/C=C/c1ccc(C#Cc2ccc(/N=N/c3ccc(C(=O)O*)cc3)cc2)cc1,146.37157
*CCOC(=O)C(C#N)=C(NC(=O)c1ccc(O*)cc1)C(C)C,80.47812
*CCOC(=O)C(C)S(=O)(=O)CCCC(=O)O*,-2.0523682
*CCOC(=O)C(C=*)CCCCCOc1ccc(-c2ccc(OCCCC)cc2)cc1,22.056335
*CCOC(=O)C(C=C)CC(=O)O*,0.552475
*CCOC(=O)C(C=C)COC(=O)NCCCCCCNC(=O)O*,-16.374191
*CCOC(=O)C(CC)N(C)CC(=O)O*,-6.624237
*CCOC(=O)C(CCCCCC(C)CCCCCC)C(=O)O*,-61.2527
*CCOC(=O)C(CCCCCCCOc1ccc(/N=N/c2ccc(C(*)=O)cc2)cc1)OP(=O)(O)O,31.703773
*CCOC(=O)C(O)CCNC(=O)CC(=O)NC([2H])(C=C(*)C)C(=O)OCC,59.72587
*CCOC(=O)C/C=C(/CCCC(=O)O*)c1ccccc1C,26.525978
*CCOC(=O)C1CCC(CCCC(=O)O*)CC1,-0.7444763
*CCOC(=O)CC(C)SC(=O)O*,-24.327194
*CCOC(=O)CCC(=O)NNC(=O)CCCOCC(=O)OCCCCCCCCOc1ccc(/C=C/C(=O)Oc2ccc(O*)cc2)cc1,34.69718
*CCOC(=O)CCCCC(=O)Oc1ccc(OC(=O)c2ccc(/C=C/c3ccc(O*)cc3)cc2)cc1,64.516785
*CCOC(=O)CCCCCCCC(=O)OCCOC(=O)c1ccc(*)o1,-42.33098
*CCOC(=O)CCCCCCCC(=O)OCc1ccc(C(=O)OCCCCOc2ccc(/C=C3/C=CN(*)C(=O)C(=O)N3)cc2)cc1,61.872757
*CCOC(=O)CCCCCCCCCCC(C)(C)C(=O)O*,-21.505356
*CCOC(=O)CCCCCCCCN(C(=O)OC)c1ccc(NC(=O)CCCCCCCC(*)=O)cc1,4.8699493
*CCOC(=O)CCCCCCCCOC(=O)COc1ccc(C(C(=O)O)c2ccc(O*)cc2)s1,14.858429
*CCOC(=O)CCCCS(=O)(=O)CCC(C)(C)CSC(=O)O*,-35.0896
*CCOC(=O)CCNC(=O)C(Cc1ccccc1)S*,13.903641
*CCOC(=O)CCNC(=O)CCCCCCCCCCCCC(=O)NCCCCCCCNC(=O)CCCCCO*,-1.7848969
*CCOC(=O)CCc1ccc(CCCCS*)cc1,-3.9224548
*CCOC(=O)CNC(=O)OCCCSCCC(=O)O*,-45.707077
*CCOC(=O)CS(=O)(=O)CCC(C)=C(C)C(=O)O*,24.48928
*CCOC(=O)CSSCCCCCSC(=O)O*,-31.854218
*CCOC(=O)NC(=O)NC(F)(Cl)C(*)=O,36.089058
*CCOC(=O)NC(=O)c1ccc(C(=O)NNc2ccc(*)nc2)cc1,137.9037
*CCOC(=O)NCC(C)(C)CC(C)(C)CC(=O)O*,11.25737
*CCOC(=O)NCCCC/C=C/c1ccc(-c2ccc(C(=O)O*)cc2)cc1,75.76751
*CCOC(=O)NCCCCCCCCCCCNC(=O)OCCCCCCCCOC(=O)Nc1ccc(OCC(O)COc2ccc(N(*)COc3ccc(I)cc3)cc2)cc1,43.679733
*CCOC(=O)NCCCCCCCCCCNC(=O)OCCCCCCOC(=O)NCc1ccc(CCNC(=O)S*)cc1,21.913063
*CCOC(=O)NCCNC(=O)OCCOC(=O)NNC(=O)C(CC(*)=O)CC(F)(F)C(F)(F)C(F)(F)C(F)(F)F,7.7323
*CCOC(=O)NCCNC(=O)Oc1ccc(-c2ccc(S(=O)(=O)c3ccc(O*)cc3)cc2)cc1,83.28528
*CCOC(=O)NCCOCCOCCOCCOCC(*)=O,-32.246414
*CCOC(=O)NCc1ccc(CCOC(=O)N*)cc1,14.235275
*CCOC(=O)NCc1ccc(CN(C)C[Si](C)(C)CCC(=O)O*)cc1,11.257477
*CCOC(=O)Nc1cc(NC(=O)O*)ccc1C(=O)Oc1ccc(OCCC)cc1,93.8461
*CCOC(=O)Nc1ccc(C(=O)NCCNC(=O)c2ccccc2O*)cc1,134.63411
*CCOC(=O)Nc1ccc(C(=O)OC(=O)c2ccc(O*)cc2)c([N+](=O)[O-])c1,122.05762
*CCOC(=O)Nc1ccc(Cc2ccc(NC(=O)S*)cc2)cc1,109.84762
*CCOC(=O)Nc1ccc(NCCCNC(=O)O*)cc1,20.346031
*CCOC(=O)Nc1ccc(Oc2ccc(C(C)(C)c3ccc(OCC(*)=O)cc3)cc2)cc1,126.80998
*CCOC(=O)Nc1ccc(Oc2ccc(S(=O)(=O)Oc3ccc(C(C)(C)COC(=O)c4ccc(O*)cc4)cc3)cc2)cc1,93.70326
*CCOC(=O)OC(=O)CC(C)NC(=O)CCCCSCC(=O)O*,-41.14293
*CCOC(=O)OCCCC(C)CC(=O)O*,-25.373795
*CCOC(=O)OCCCCCCCCCC(=O)OC1COC(*)CO1,14.022903
*CCOC(=O)OCCCCCCCCCCOCOCOC(=O)O*,-50.11615
*CCOC(=O)OCCCCCCOC(=O)OCCCCCCOc1ccc(C(=O)Oc2ccc(S(=O)(=O)c3ccc(O*)cc3)cc2)cc1,27.364876
*CCOC(=O)OCCCCCCOC(=O)OCC[PH](C)(C)COC(=O)NC(CCCC)C(=O)O*,-14.910858
*CCOC(=O)OCCCCCCOC(=O)c1ccc(O*)cc1,8.351364
*CCOC(=O)OCCCCCCOCCOCCOCCCCOC(=O)OCCCCCCCOc1ccc(NC(=O)c2ccc(C=*)cc2)cc1,-0.38824463
*CCOC(=O)OCCCCCCOc1ccc(OC(=O)c2ccc(SCCCCCCCCCCCC)cc2)cc1*,9.898682
*CCOC(=O)OCCCSCCCCSCCSS*,-53.039185
*CCOC(=O)OCCOC(=O)OC(=O)c1cccc(C(=O)O*)c1,-2.7688751
*CCOC(=O)OCCOCCOCCOC(=O)OCCCc1ccc(*)nc1,-33.388824
*CCOC(=O)OCc1ccc(CCOC(=O)c2cccc(C(=O)O*)c2)cc1,31.453743
*CCOC(=O)Oc1ccc(OC(=O)CCCCC(=O)Oc2ccc(O*)cc2)cc1,18.177437
*CCOC(=O)S([2H])(=O)=NCCCCCOC(=O)O*,-18.67804
*CCOC(=O)SSSCSCCSSSC(=O)O*,-53.506454
*CCOC(=O)c1cc(C(=O)OCCCCCCOc2ccc(O*)cc2)ccc1C,1.6513367
*CCOC(=O)c1cc(COC(=O)c2ccc3c(c2)C(=O)N(*)C3=O)cc(OCC)c1,139.7115
*CCOC(=O)c1ccc(/C=C/c2ccc(/C=C(\C)c3ccc(OC(=O)CCCCCCCCCCCCC(=O)OCCCCCCOc4ccc(*)o4)s3)cc2)c(OCCCC)c1,40.749405
*CCOC(=O)c1ccc(C(=O)NCCCCCCCCCCCOC(=O)c2ccc(C(=O)O*)cc2)cc1,41.286957
*CCOC(=O)c1ccc(C(=O)NCCCNC(=O)c2ccc(NC(=O)CCCCCCCCC(=O)S*)cc2)cc1,50.940247
*CCOC(=O)c1ccc(C(=O)NCCNCC(=O)CCCCCCCCCCCCC(=O)O*)cc1,11.032715
*CCOC(=O)c1ccc(C(=O)OCCCCOC(=O)Oc2ccc(/C=C/c3ccc(/C=C/C=C/N=C/c4ccc(O*)cc4)cc3)cc2)cc1,75.341225
*CCOC(=O)c1ccc(C(C)(C)CCCNC(=O)CCCCCCCCC(=O)Nc2ccc(C(=O)O*)cc2)cc1,59.43187
*CCOC(=O)c1ccc(C(C)(CCCCC(=O)O*)C(=O)COc2ccc(-c3ccc(C#N)cc3)cc2)cc1,77.23063
*CCOC(=O)c1ccc(NC(=O)CCCCC(=O)Nc2ccc(C(=O)OC(=O)c3ccc(O*)cc3)cc2)cc1,96.410614
*CCOC(=O)c1ccc(NC(=O)CCCCOC(=O)c2ccc(C(=O)SCC(=O)O*)cc2)cc1,39.43174
*CCOC(=O)c1ccc(NC(=O)NCCCCCCCCNC(=O)S*)cc1,63.648415
*CCOC(=O)c1ccc(NC(=O)O*)c(OCCCCCCCCCCCCCCCCC)c1,-13.830124
*CCOC(=O)c1ccc(OCCOc2ccc(-c3ccc(OC(=O)CCCCC(=O)O*)cc3)cc2)cc1,25.078987
*CCOC(=O)c1cccc(CC(=O)OCCCOc2ccc(-n3c(=O)c4cc5c(=O)n(*)c(=O)c5cc4c3=O)cc2)c1,172.37357
*CCOC(C)COC(=O)CCCCCC(=O)O*,-62.240555
*CCOCC(=O)NNC(=O)CCCCCOC(=O)NCCCCCCNC(=O)O*,11.658432
*CCOCC(=O)OCC1CCC(O*)C(C)C1,21.406296
*CCOCC(=O)OCCCCCCCCCCOC(=O)C1COC(=O)C1*,5.501892
*CCOCCC(*)(C)C,-47.687897
*CCOCCCCCCCCCCCCCCCOC(=O)c1ccc(NC(=O)OCC(O)COc2ccc(C(C)(CC)c3ccc(O*)cc3)cc2)cc1,42.53331
*CCOCCCCCCCOc1ccc(OCCCOc2ccc(C(C)(C)c3ccc(O*)cc3)cc2)cc1,47.79509
*CCOCCCCCCOC(=O)c1ccc(C(=O)CCCCCCC(=O)Nc2ccc(Cc3ccc(*)s3)nc2)cc1,41.819855
*CCOCCCCCCOc1ccc(CC(=O)Nc2ccc(Cc3ccc(NC(=O)c4ccc(O*)cc4)cc3)cc2)cc1,88.826645
*CCOCCCCCOC(=O)C(CCCCCCCCOc1ccc(S(=O)(=O)c2ccc(O*)cc2)cc1)C(C)(C)C,13.641327
*CCOCCCCNC(=O)C/C(=C\c1ccccc1)C(*)C(=O)O,56.63526
*CCOCCCCOC(=O)C/C=C(/*)CC,-9.37471
*CCOCCCCOC(=O)CCCCCCCCCCC(=O)O*,-48.03755
*CCOCCCCOC(=O)CCCCCSCCCCCCSCCCS*,-44.39633
*CCOCCCCOCCCCC(=O)OCCCCCCCCCCCCOC(=O)O*,-42.220184
*CCOCCCCOCCCCCCCCOC(=O)C(CCCCCCOc1ccc(-c2ccc(O*)cc2)cc1)OCCOc1ccccc1,4.333725
*CCOCCCCOCCOC(=O)CCc1ccc(Cc2ccc(CNC(=O)S*)cc2)cc1,34.682312
*CCOCCCCOCCOCCCCNC(=O)CCCCCCCCCCCCCNC(=O)C(=O)N*,-7.7282257
*CCOCCCCOc1ccc(C(=O)OC(=O)c2ccc(O*)c(OC)c2)cc1OCCCCCCCCCCCC,10.56694
*CCOCCCCS(=O)(=O)CCCCCCCCCOC(=O)c1ccc(NC(=O)O*)cc1,21.824524
*CCOCCCCS(=O)(=O)CCS*,-58.26712
*CCOCCN(CCOC(=O)Nc1ccccc1*)CCN(C)C,36.35498
*CCOCCOC#CCOc1ccc(OC(=O)c2ccc(C(=O)Oc3ccc(O*)cc3)cc2)cc1,37.55378
*CCOCCOC(=O)C(CC)CCC(=O)O*,-55.13385
*CCOCCOC(=O)C(CCCCCCC(=O)O*)OC(C)C,-56.38028
*CCOCCOC(=O)C(CCCCCCCCOc1ccc(OC(=O)c2ccc(C(=O)O*)cc2)cc1)c1ccc(/N=N/c2ccc(OCCCCCC)cc2)cc1,44.963104
*CCOCCOC(=O)C(CCCCCCOc1ccc(OC(=O)c2ccc(O*)cc2)cc1)COc1ccc(O)cc1,30.429619
*CCOCCOC(=O)C(COc1ccc(C(C)(C)C)cc1)CC(CC)NC(=O)O*,17.348999
*CCOCCOC(=O)CC(C)(CCCC)C(=O)CCCCCO*,-30.209854
*CCOCCOC(=O)CCCCCCC(=O)OCCCCCCOc1ccc(/C=C/c2ccc(OCC(O)COc3ccc(OC(=O)COc4ccc(C(=O)O*)c(C(=O)O)c4)cc3)cc2)cc1,40.61409
*CCOCCOC(=O)CCCCCCCCC(=O)OCCOC(=O)c1ccc(C(=O)O*)cc1,-9.179474
*CCOCCOC(=O)CCCCCCCCC(=O)OCCOc1ccc(/C=N/c2ccc(/C=C/NC(=O)c3ccc(C(=O)O*)cc3)cc2)cc1,57.394608
*CCOCCOC(=O)CCCNC(=O)/C=C/C(=O)N*,67.06696
*CCOCCOC(=O)CCCOC(=O)/C=C/C(=O)OC#COc1ccc(C(=O)OCCOCCOC(=O)c2ccc(O*)cc2)cc1,12.257309
*CCOCCOC(=O)CCCSCCCCCCC(=O)O*,-57.282104
*CCOCCOC(=O)COc1ccccc1C(=O)OC(=O)CCCCCOc1ccccc1-c1ccc(O*)cc1,19.571854
*CCOCCOC(=O)CSCc1ccc(CCS(=O)(=O)O*)cc1,-21.124222
*CCOCCOC(=O)NC(C)(C)CC(=O)N*,11.37323
*CCOCCOC(=O)NCCCCCCCCCCCCNC(=O)O*,-9.819275
*CCOCCOC(=O)NCCSCCNCSSCC(=O)O*,-34.544388
*CCOCCOC(=O)NCCSCCSSCCSS*,-42.86136
*CCOCCOC(=O)NCC[PH](C)(C)c1ccc(/C=C/c2ccc(C(=O)O*)cc2)cc1,73.296486
*CCOCCOC(=O)NCc1ccc(CCC(=O)O*)cc1,-4.148285
*CCOCCOC(=O)Nc1ccc(CCCOc2ccc(C(=O)S*)cc2)cc1,51.461494
*CCOCCOC(=O)Nc1ccc(NC(=O)OCCOC(=O)c2ccc(NC(=O)CS*)cc2)cc1,40.375877
*CCOCCOC(=O)Nc1cccc(SCCCCCCC(=O)O*)c1,-16.177551
*CCOCCOC(=O)SSCCSSSCSCCSSCOC(C)(C)CC(=O)O*,-59.218903
*CCOCCOC(=O)c1cc(C(=O)OCC(*)=O)cc([N+](=O)[O-])c1,31.89975
*CCOCCOC(=O)c1ccc(-c2cc(C(=O)O*)ccc2C)cc1,41.38424
*CCOCCOC(=O)c1ccc(-c2ccc(C(=O)N*)cc2)cc1,67.409035
*CCOCCOC(=O)c1ccc(-c2ccc(OCc3ccc(C(=O)O*)cc3)cc2)cc1,57.75116
*CCOCCOC(=O)c1ccc(/N=N/c2ccc(/C=C/c3ccc([N+](=O)[O-])cc3)cc2)cc1-c1ccccc1-c1ccccc1C(=O)O*,125.593025
*CCOCCOC(=O)c1ccc(C(=O)NCCCCCCCCNC(=O)O*)cc1,13.310135
*CCOCCOC(=O)c1ccc(NC(=O)CCC(=O)NC(=O)c2ccc(O*)cc2)cc1,46.28012
*CCOCCOC(=O)c1ccc(NC(=O)CCCCCCCCCCCn2c(=O)c3cc4c(=O)n(*)c(=O)c4cc3c2=O)cc1,87.49596
*CCOCCOC(=O)c1ccc(NC(=O)NCCCCCNC(=O)NCC(=O)O*)cc1,18.487587
*CCOCCOC(=O)c1ccc(Nc2cccc(C(=O)O*)c2)cc1,36.145905
*CCOCCOC(=O)c1ccccc1-c1ccc(SCCCCCCCCCCCCCCCCCCCC)cc1*,3.4337769
*CCOCCOCC(O)CSSC(=O)N*,-17.8237
*CCOCCOCCCCNC(=O)c1ccc(C(=O)NCCCCCCCNC(=O)c2ccc(C(=O)O*)cc2)cc1,48.226967
*CCOCCOCCCCOC(=O)c1ccc(/N=N/c2ccc(COC(=O)CCCCC(=O)O*)cc2)cc1,3.2937927
*CCOCCOCCCCOCCCCCCOc1ccc(C(C)(C)c2ccc(C(C)(C)c3ccc(O*)cc3)cc2)cc1,30.304314
*CCOCCOCCCOC(=O)CCCCSCCCCCC(=O)O*,-44.13469
*CCOCCOCCCOCCSCCOC(=O)NCC(CCCCNC(=O)O*)OC(C)=O,-34.34262
*CCOCCOCCN(*)C(=O)c1ccc(I)c(OC(=O)CCCCCCC)c1,-12.457153
*CCOCCOCCOC(=O)C(CCCC)CC(=O)N*,-28.791763
*CCOCCOCCOC(=O)CCCCCCCCC(=O)OCCOC(=O)c1ccc(C(=O)O*)cc1,-21.252518
*CCOCCOCCOC(=O)CCCCCCCCC(=O)OCC[N+](C)(C)O*,-52.769714
*CCOCCOCCOC(=O)CCc1ccc(CNC(=O)O*)cc1,-33.28824
*CCOCCOCCOC(=O)CNc1ccc(CC(*)=O)cc1,-0.15927124
*CCOCCOCCOC(=O)N1CCN(*)C1,-22.01007
*CCOCCOCCOC(=O)NC(=O)CCCCC(=O)OCC(CC)CO*,-40.071884
*CCOCCOCCOC(=O)Nc1ccc(NC(=O)OCCCCOc2ccc(/C=C/c3ccc(C(=O)O*)cc3)cc2)cc1,56.51986
*CCOCCOCCOC(=O)Nc1cccc(NC(=O)O*)c1,14.41803
*CCOCCOCCOC(=O)OCCCCCCCCOC(=O)NCCc1ccc(CCNC(=O)O*)cc1,0.7661743
*CCOCCOCCOC(=O)c1cc(OCCCCCCCCCCOc2ccc(C(=O)O*)cc2)ccc1/C=C/c1ccccc1,38.68872
*CCOCCOCCOC(=O)c1ccc(C(=O)NCCCCNC(*)=O)cc1,7.7867126
*CCOCCOCCOC(=O)c1ccc(C(C)(CCC(=O)O*)c2ccc([N+](=O)[O-])cc2)cc1,52.69748
*CCOCCOCCOC(=O)c1ccc(OCC)cc1OC(=O)c1ccc(-c2ccc(O*)cc2)cc1,38.205185
*CCOCCOCCOC(=O)c1cccc(C(=O)OCCCCCCOc2ccc(-c3ccc(O*)cc3)cc2)c1,10.593475
*CCOCCOCCOC(=O)c1cccc(F)c1*,-23.512314
*CCOCCOCCOC1COC(*)O1,0.6981201
*CCOCCOCCOCC(C)CCCO*,-70.01831
*CCOCCOCCOCC1(CO*)CCCC1,-46.95012
*CCOCCOCCOCCCCOCCOC(=O)NCCCCCCCCCNC(=O)OCCCCCCOc1ccc(/C=C/c2ccc(O*)cc2)cc1,24.18982
*CCOCCOCCOCCCOCCOC(=O)c1ccccc1C(=O)O*,-27.272583
*CCOCCOCCOCCOC(=O)C(O*)OC,-45.013245
*CCOCCOCCOCCOC(=O)C1CCCN1*,-6.4358826
*CCOCCOCCOCCOC(=O)COCC(=O)O*,-44.48703
*CCOCCOCCOCCOC(=O)COCCCCC(=O)O*,-55.28398
*CCOCCOCCOCCOC(=O)c1ccc(C(=O)NN*)cc1,27.918
*CCOCCOCCOCCOC(=O)c1ccc(C(=O)OCCCCCCCCOc2ccc(O*)cc2)cc1,-4.8109436
*CCOCCOCCOCCOC(=O)c1ccc(N(CCCC)c2ccc(O*)cc2)cc1,35.57415
*CCOCCOCCOCCOC(=O)c1ccc(O*)c(C)c1C,-4.2726593
*CCOCCOCCOCCOC(=O)c1cccc(-c2ccc(-c3ccc(C(=O)O*)cc3)cc2)c1,27.760513
*CCOCCOCCOCCOC(=O)c1ccccc1C(=O)NCCCCCCCCCCNC(=O)c1ccc(C(=O)N*)cc1,25.632408
*CCOCCOCCOCCOC1C=C(OC(C)=O)C=C(*)CC1,3.980194
*CCOCCOCCOCCOCCOC(=O)C(CCCCCC)OC(C)=CC(=O)O*,-36.959076
*CCOCCOCCOCCOCCOC(=O)C(CCCCCCOc1ccc(C(*)=O)cc1)OCC,-5.388794
*CCOCCOCCOCCOCCOC(=O)Nc1ccc(CCc2ccc(NC(=O)S*)cc2)cc1,47.689255
*CCOCCOCCOCCOCCOC(=O)OCCCCCCOC(=O)NCCCCCSCCSCCCNC(=O)O*,-29.191635
*CCOCCOCCOCCOCCOCCOC(=O)CCCCOC(=O)NCCCCCCCCNC(=O)O*,-33.04158
*CCOCCOCCOCCOCCOCCOC(=O)S*,-31.972916
*CCOCCOCCOCCOCCOCCOCCOC(=O)CC(C)NC(=O)CCCSS*,-41.20932
*CCOCCOCCOCCOCCOCCOCCOC(=O)Nc1ccc(Nc2ccc(NC(=O)O*)cc2)cc1,39.996323
*CCOCCOCCOCCOCCOCCOCCOC(=O)c1ccc(C(=O)O*)cc1,-9.717911
*CCOCCOCCOCCOCCOCCOCCOCCOC(=O)c1cc(*)ccc1-c1ccccc1,-2.5504913
*CCOCCOCCOCCOCCOCCOCCOc1ccc(NC(=O)CCCCC(=O)Nc2ccc(C(=O)O*)cc2)cc1,25.311852
*CCOCCOCCOCCOCCOCCOCCOc1cccc(CCCCCCCCOC(=O)c2ccc(O*)c(C)c2)c1,-16.59488
*CCOCCOCCOCCOCCSCCOCCO*,-60.647232
*CCOCCOCCOCCOCCSCc1ccc(/N=N/c2ccc(N=*)cc2)cc1,36.935287
*CCOCCOCCOCCOc1ccc(/C=C(\C)c2ccc(C=*)cc2)cc1,41.962074
*CCOCCOCCOCCOc1ccc(OC(=O)c2ccc(O*)cc2)cc1,5.8960724
*CCOCCOCCOCOC(=O)Nc1ccc(Cc2ccc(NC(=O)O*)cc2)cc1,40.61125
*CCOCCOCCOc1ccc(/C=N/c2ccc(/N=C/c3ccc(O*)cc3)cc2)cc1,92.1526
*CCOCCOCCOc1ccc(/C=N/c2ccc([N+](=O)[O-])cc2)cc1*,92.94021
*CCOCCOCCOc1ccc(C(=O)CCCCCCCCCCCCCCC(=O)c2ccc(-c3ccc(O*)cc3)cc2Br)cc1,22.765404
*CCOCCOCCOc1ccc(C(=O)OCOC(=O)O[Si](C)(C)c2ccc(O*)cc2Sc2ccc(OCC[N+](C)C)cc2)cc1,29.621735
*CCOCCOCCOc1ccc(CCC(=O)OCCCCCCCCCCCCCOc2ccc(/C=C/c3ccc(O*)cc3)cc2)cc1,55.30799
*CCOCCOCCOc1ccc(NC(=O)c2ccc(-c3ccc(S(=O)(=O)O)c(OCC)c3)cc2)c(/C=C/c2cc(OCCCCCCCCCC)c(*)cc2CCCCCCCC)c1,75.97661
*CCOCCOCCOc1ccc(NC(=O)c2ccc(C(=O)Nc3ccc(N=*)cc3)cc2)cc1,106.52573
*CCOCCOCCOc1ccc(OCCCCCCCCc2ccc(/N=C(\*)c3ccccc3)cc2)cc1,57.181236
*CCOCCOCCOc1ccc(Oc2ccc(O*)cc2)c(O)c1,21.598701
*CCOCCOCCOc1cccc(N=*)c1,-14.194138
*CCOCCOCC[N+](C)(CCC(F)(F)C(F)(F)C(F)(F)C(F)(F)F)C(=O)OCCCCCCOc1cccc(N*)c1,-11.189865
*CCOCCOCOc1ccc(/C=N/c2ccc(/C=C/c3ccc(N=*)cc3)cc2)cc1,95.49548
*CCOCCOP(=O)(CCCCCCCOc1ccc(-c2ccc(OC)cc2)cc1)C(=O)O*,2.8871765
*CCOCCOP(=O)(O*)OCCOc1ccc(-c2ccc([N+](=O)[O-])cc2)cc1,35.442543
*CCOCCOc1ccc(-c2cc(OC)c(O*)cc2OCCCCCCCC)cc1,25.981827
*CCOCCOc1ccc(C(=O)NCCCCCNC(=O)c2cccc(C(=O)Nc3ccc(C(=O)O)cc3)c2)cc1*,92.621254
*CCOCCOc1ccc(C(=O)OC(=O)c2ccc(S(=O)(=O)c3ccc(O*)c(C)c3)cc2SC)cc1,102.13202
*CCOCCOc1ccc(C(=O)OCCCCCCCCCCCCCCOC(=O)c2ccc(OC(=O)COc3ccc(C(*)=O)cc3)cc2)cc1,40.63611
*CCOCCOc1ccc(C(=O)c2ccc(O*)cc2)cc1C,30.100388
*CCOCCOc1ccc(C(CC)(CC)c2ccc(O*)c(C)c2)cc1C,86.92191
*CCOCCOc1ccc(C(c2ccccc2)c2ccc(O*)cc2)cc1,87.350555
*CCOCCOc1ccc(C=C2CCCC(=Cc3ccc(O*)c(OC)c3)CCC2)cc1O,62.917526
*CCOCCOc1ccc(CC(=O)OCCOCCOCCOC(=O)c2ccc(O*)cc2)cc1,1.5727692
*CCOCCOc1ccc(CCOC(=O)Cc2ccc(/C=C/c3ccc(OCCOCCOC(=O)c4ccc(O*)cc4)cc3)cc2)cc1,58.607178
*CCOCCOc1ccc(NC(=O)c2cc(C(=O)O*)c(C#N)cc2C)cc1,121.1581
*CCOCCOc1ccc(NC(=O)c2ccc(O*)c(OCCCCC)c2)cc1OCC,73.623924
*CCOCCOc1ccc(OCCOc2ccc(O*)cc2)c(C)c1CC,32.755783
*CCOCCOc1cccc(CN(C)CCCCCCCC)c1*,-25.718475
*CCOCOC(=O)NCC(=O)O*,-19.346771
*CCOCOC(=O)c1ccc(OC(=O)CCCCCCCCC(=O)O*)cc1,-24.846329
*CCOC[Si](C)(C)CCC[Si](*)(C)CC,-98.79228
*CCOCc1ccc(CN(*)CC)cc1,24.672302
*CCOP(=O)(CCCOc1ccc(-c2ccc(-c3ccc(C=*)s3)cc2)cc1)c1ccccc1,53.07344
*CCOS(=O)(=O)c1ccc(NC(=O)COCCOc2nnc(*)s2)cc1,59.039726
*CCO[Si](C)(C)Cc1c(F)c(F)c(*)c(Cl)c1Br,29.676094
*CCOc1ccc(-c2cc(C)c(NC(=O)S*)cc2OCCCCCCCC)cc1OCCCCCCOc1ccc(Br)cc1,84.464745
*CCOc1ccc(-c2cc(CCCCCCCCCCCCCC)c(O*)cc2OCCCCCCCCCCCCCC)cc1OC,35.47722
*CCOc1ccc(-c2ccc(/C=N/c3ccc(O*)cc3)cc2)cc1,150.101
*CCOc1ccc(-c2ccc(OCCOC(=O)c3ccc(OCCCCCCCOCCOCCOCCOCCOc4ccc(C(*)=O)cc4)cc3)cc2)cc1,51.222153
*CCOc1ccc(/C(C)=C/c2ccc(OC(=O)c3ccc(*)cc3)cc2)cc1,157.09326
*CCOc1ccc(/N=C/c2ccc(OC(=O)CCCCCCCCCCCCC(=O)O*)cc2)cc1,55.784393
*CCOc1ccc(/N=N/c2ccc(OCCOCCOCCOCOCCOc3ccc(*)cc3)cc2)cc1,70.50371
*CCOc1ccc(C(=O)NCCCCCC(=O)Oc2ccc(O*)cc2)cc1,61.15162
*CCOc1ccc(C(=O)Nc2ccc(OCCOCCOCCOCCOCOc3ccc(-c4ccc(*)cc4)cc3)cc2)cc1,94.7426
*CCOc1ccc(C(=O)OCCCCCCCCCCCCCCCOC(=O)c2ccc(C(=O)O*)cc2)cc1,36.753006
*CCOc1ccc(C(=O)OCCCCCCCCCCCCOC(=O)c2ccc(OCCCCCCCOc3ccc(C4=CC=C4*)cc3)cc2)cc1,35.911217
*CCOc1ccc(C(=O)OCCCCCCCn2c(=O)c3cc4c(=O)n(*)c(=O)c4cc3c2=O)cc1,150.4023
*CCOc1ccc(C(=O)OCCCCOC(=O)c2ccc(O*)cc2C)cc1,20.95131
*CCOc1ccc(C(=O)OCCCCOC(=O)c2cccc(C(=O)O*)c2)cc1,26.519722
*CCOc1ccc(C(=O)OCCN(CC)c2ccc(-c3ccc(-c4ccc(O*)cc4)cc3)cc2)cc1,117.279076
*CCOc1ccc(C(=O)c2ccc(O*)cc2)cc1,95.64766
*CCOc1ccc(C(=O)c2ccc(OCCCCCCOc3ccc(OC(=O)c4ccc(O*)cc4)cc3)cc2)cc1,53.68715
*CCOc1ccc(C(C)(C)c2ccc(OC(=O)c3ccc(P(=O)(c4ccccc4)c4ccc(C(=O)O*)cc4)cc3)cc2)cc1,155.5982
*CCOc1ccc(C(CCCC)c2ccc(O*)c(OCC(F)(F)F)c2)cc1OC,108.48062
*CCOc1ccc(CCCC(=O)Oc2ccc(O*)cc2)cc1,53.686363
*CCOc1ccc(CCCNC(=O)CCCCCCCCCCCCCCCCCCCC(=O)N*)cc1,35.899803
*CCOc1ccc(CCNC(=O)CCCCCCCCCCCCC(*)=O)cc1,34.59709
*CCOc1ccc(CCNC(=O)c2ccc(C(=O)NCCCCCCCCNC(=O)c3ccc(C(=O)N*)cc3)cc2)cc1,111.497025
*CCOc1ccc(CN(CCCC)c2cccc(O*)c2)cc1,118.70912
*CCOc1ccc(COCCCCCCOC(=O)c2ccc(O*)cc2)cc1,23.456993
*CCOc1ccc(NC(=O)c2ccccc2OC(=O)c2cccc(C(=O)O*)c2)cc1,114.76459
*CCOc1ccc(OC(=O)CCCCCCCCCCC(=O)OCCCCOCCOCCOc2ccc(O*)cc2)cc1,12.3190155
*CCOc1ccc(OC(=O)CCCCCCCCCCCCOC(=O)CCCCC(=O)OCCCCCCc2ccc(O*)cc2)cc1,6.4689484
*CCOc1ccc(OC(=O)Nc2ccc(O*)c(O)c2)cc1,109.44791
*CCOc1ccc(OC(=O)c2cc(OCCCCCCCC)cc(C(*)=O)c2)cc1C,58.92939
*CCOc1ccc(OC(=O)c2ccc(C(=O)O*)c(C)c2)cc1N,112.315765
*CCOc1ccc(OC(=O)c2ccc(C(=O)OCc3cccc(O*)c3)cc2)cc1,95.58151
*CCOc1ccc(OC(=O)c2cccc(C(=O)O*)c2)cc1,86.43998
*CCOc1ccc(OC(=O)c2cccc(C(=O)O*)c2)cc1OCC(=O)OCCCCCCCCCCCCCCCCCC,32.07721
*CCOc1ccc(OCCCc2ccc(O*)c(OC)c2)cc1OC,69.11334
*CCOc1ccc(OCCOc2cc(Cl)c(O*)c(Cl)c2)cc1Cl,107.5061
*CCOc1ccc(S(=O)(=O)c2ccc(O*)cc2Cl)cc1,144.71375
*CCOc1ccc([IH]C(=O)c2ccc(C(=O)OC(=O)c3ccc(OCCCCCCOc4ccc(O*)cc4)cc3)cc2)cc1,72.677864
*CCP(=*)(O)OCCCCC,-66.43318
*CCP(C)CCCCCCC(=O)NCCCCCCCCCCOC(=O)c1ccc(C(=O)NCCCc2ccc(C(=O)O*)cc2)cc1,34.79875
*CCP(CCCCCCCCCSCSC(=O)N*)CC(C)C,-17.77295
*CCS(=O)(=O)C=CC=C(C)C(=O)O*,23.470848
*CCS(=O)(=O)CC(C)(C)C1C(=O)N(*)C1=O,90.71405
*CCS(=O)(=O)CCCCCCCc1ccc(C(=O)S*)cc1,27.275787
*CCS(=O)(=O)CCCCCSCCS*,-63.827347
*CCS(=O)(=O)c1ccc(C(=O)N[Si](C)(C)c2ccc(*)s2)cc1,112.13647
*CCSC(=O)NCCSCCCSCCNC(=O)O*,-16.368683
*CCSC(=O)NN(C)C(=O)CCCCC(=O)N(*)CC,28.816032
*CCSC(=O)NNC(=O)CCCCCC(=O)NNC(=O)C(=O)N*,89.95318
*CCSCCCCCCCOC(=O)CCc1ccc(CCCOC(=O)CCCCCCCCC(=O)O*)cc1,-3.9581757
*CCSCCCCCCOC(=O)c1ccc(-c2ccc(C(*)=O)cc2)cc1,31.803993
*CCSCCCSSCCCCSC(=O)N*,-42.321884
*CCSCCOC(=O)C/C(=C/c1ccc(-c2ccc([N+](=O)[O-])cc2)cc1)C(=O)O*,86.99607
*CCSCCOC(=O)CCCCC(=O)OCCOC(=O)CCCCO*,-40.887817
*CCSCCOC(=O)c1ccc(C(=O)N*)c(Oc2ccc(C)cc2)c1,78.68915
*CCSSC(=O)NCCNC(=O)c1ccc(*)cn1,89.105736
*CCSSCCCCCO*,-77.95953
*CCSSCCCSS*,-67.752975
*CCSSCSc1ccc(CNC(=O)CCCCC(=O)N*)cc1,5.329117
*CC[As](C)CCCOc1ccc(C(=O)c2ccc(C(=O)O)cc2)c(*)c1,68.96731
*CC[CH2][Sn]([CH3])([CH3])[CH2]CCCCCCCC(=O)N*,4.8586273
*CC[CH2][Sn]([CH3])([CH3])[CH2]OC(=O)CNCC(=O)N*,12.851746
*CC[N+](C)(C#N)CCCNS(*)(=O)=O,79.23175
*CC[N+](C)(C)CC(F)(F)C(F)(F)COC(=O)CCCC(=O)N*,3.5901337
*CC[N+](C)(C)CCOC(=O)c1ccc(C(=O)O*)cc1,70.72502
*CC[N+](C)(C)CNC(=O)OCCCCCCOC(=O)O*,-7.03598
*CC[N+](C)(C)COC(=O)Nc1ccc(-c2ccc(C(=O)OCCOc3ccc(O*)cc3)cc2)c(S(=O)(=O)O)c1,101.61029
*CC[N+](CCC)=C(C)C#CC#C[Si](*)(C)C,56.882538
*CC[N+](O)CC(O)CN(*)CC,1.9793701
*CC[N+]CC(C)CNC(=O)CCCC(=O)N*,78.8232
*CC[NH+]CC(=O)O*,-34.550293
*CC[PH](*)(C)CCCNC(=O)c1ccc(C(=O)NCCC)cc1,142.83528
*CC[PH](*)(CC)CCCCCC,-26.349731
*CC[PH](C)(C)C(=O)NC(=O)CCOC(=O)C(=O)N(*)C,118.95496
*CC[PH](C)(C)CNC(=O)C(=O)O*,120.052956
*CC[PH](CCCCCCC)C(=S)N*,17.559914
*CC[SH](*)(C)CCCN,-30.787613
*CC[SH](*)(CC)CCCC(C)C,-3.3754578
*CC[SH](C)(=O)C(C)(C)NC(=O)CC(*)=O,74.2802
*CC[SH](C)(C)c1ccc(CN(*)CC)cc1,98.00467
*CC[Se](C)CCOC(=O)c1cccc(NC(=O)NCCCS*)c1,43.925896
*CC[Si](*)(/C=C/C=C)CCCCOc1ccc(OC(C)=O)cc1,46.862984
*CC[Si](*)(C)C(=O)OC1CCCC(O)C1,58.004852
*CC[Si](*)(C)CCOCCCCC[N+](C)(C)C,-47.760925
*CC[Si](*)(C)[Si](CC)CCC,-53.09291
*CC[Si](C)(C)CCCNC(=O)CCCCCCCCCC(=O)NCCNC(=O)CCNC(=O)N(*)C,35.95285
*CC[Si](C)(C)CCCOC(=O)Nc1cc(C)c(CNC(=O)O*)cc1S(=O)(=O)O,48.70845
*CC[Si](C)(CC)c1ccc(N(C)Cc2ccc([Si](*)(C)c3ccc([N+](=O)[O-])cc3)cc2)cc1,144.07701
*CCc1c(*)cccc1O,138.73264
*CCc1c(C)cc(*)cc1C,187.53384
*CCc1c(C)cc(C(=O)N(C)Cc2cc(C)c(O*)c(C)c2)cc1C,193.80077
*CCc1cc(C(=O)O)ccc1OC(=O)CCCCCCCCCCC(=O)O*,25.095139
*CCc1cc(C(=O)O*)cc(N(CC)C(=O)OCC)c1,95.414
*CCc1cc(CCCCCC)c(*)c(CCCCCCC)c1OC,-4.4006653
*CCc1cc(CCCCCCCCCCCCCCCCCC)cc(*)c1CCCCCCCCCC,-16.887878
*CCc1cc(NCC(=O)O*)ccc1-c1ccc(SC)cc1,133.83113
*CCc1cc(OCCCCCCCCCC)cc(N=*)c1O,27.195473
*CCc1ccc(*)c(O)c1,122.12732
*CCc1ccc(*)cc1OCCCCCCSCCCCCC#C,-2.5018005
*CCc1ccc(*)n1C#N,87.61419
*CCc1ccc(*)n1CCC(=O)NCCC(C)CC,77.7538
*CCc1ccc(-c2cc(CCCCCCCC)c(*)s2)cc1CCCCCCCCCCCCCCCCCCCC,-9.54863
*CCc1ccc(C#Cc2cc(CCCCCC)c(-c3cc(OC)c(*)s3)cc2CCCCCCCCCC)c(CCCCCCCC)c1,41.732124
*CCc1ccc(C(=*)C#N)cc1,82.36586
*CCc1ccc(C(=O)N(CC(C)C)C(=O)C(*)CC)cc1,137.08444
*CCc1ccc(C(=O)O*)c(C(=O)O)c1,107.281975
*CCc1ccc(C(=O)SCSCSC(=O)N*)cc1,6.677185
*CCc1ccc(C(C)(C)C(=O)OCc2ccc(*)cc2)cc1C#N,102.55519
*CCc1ccc(C(C)(C)c2ccc(CNC(=O)CCCCC(=O)N*)cc2)cc1,105.61266
*CCc1ccc(C(CC)CCC(=O)c2ccc(*)cc2)cc1,83.99094
*CCc1ccc(C/C=C(/*)C(CC)(CC)CCCC)cc1,78.02182
*CCc1ccc(C/N=C/c2ccc(C(c3ccc(O*)cc3)c3ccccc3[N+](C)(C)C)s2)o1,115.95737
*CCc1ccc(CCCCCCc2ccc(*)o2)s1,19.567398
*CCc1ccc(CCCCN)c(*)c1,28.231339
*CCc1ccc(CCNC(=O)CCCCCCCCC(=O)/C=C/c2ccc(C[N+](*)CCCCCC)cc2CCCC)cc1,55.226334
*CCc1ccc(CCc2ccc(/C=C/c3ccc(*)cc3)cc2)cc1,138.76616
*CCc1ccc(CN(C)CC(=O)O*)cc1,65.04948
*CCc1ccc(CN(CCCC)C(=O)CCCCCCCCCCCCCCCCCCCCC(=O)N(*)CC)cc1,61.320045
*CCc1ccc(CNC(=O)/C=C/c2ccc(C(=O)O*)cc2C)cc1,190.26671
*CCc1ccc(CNC(=O)C*)cc1,165.40355
*CCc1ccc(CNC(=O)O*)cc1,103.72934
*CCc1ccc(CNC(=O)c2ccc(C(=O)O*)cc2)c2ccccc12,161.56526
*CCc1ccc(CO*)c(OCC(C)C)c1,61.61499
*CCc1ccc(COC(=O)CCSSCCCCNC(=O)O*)cc1,-7.4270325
*CCc1ccc(CSC(=*)CC#N)cc1,67.79924
*CCc1ccc(CSSC(=O)O*)c(C)c1,43.431496
*CCc1ccc(C[Si](C)(C)c2ccc(/C=C(\C)c3ccc(*)o3)cc2)cc1,114.74855
*CCc1ccc(Cc2ccc(CN(*)c3ccccc3)nc2)cc1,129.35602
*CCc1ccc(Nc2ccc(NC(=O)c3ccc(S(*)(=O)=S)cc3)cc2)cc1,230.28683
*CCc1ccc(OCC2C=CC(NC(=O)S*)CCS2)cc1,94.64488
*CCc1ccc([Si](*)(C)CCC)cc1,11.640121
*CCc1ccc([Si](*)(c2ccccc2)c2ccc(C#N)cc2)cc1,155.28253
*CCc1cccc(-c2ccccc2)c1*,95.18977
*CCc1cccc(COC(=O)CCCCC(=O)O*)c1,-8.24205
*CCc1ccccc1C(=O)NNC(=O)CCCCCCCS*,36.48243
*CCc1ccccc1CN(*)CCCC,19.900444
*CCc1sc(*)cc1OCCN(CCCC)OCCCC,44.26622
*CCc1sc(COC(=O)CCCCC(=O)NCc2ccc(*)o2)cc1C,2.1064453
*CCn1ccc(COS(=O)(=O)c2ccc(S(*)(=O)=O)cc2)c1,105.98413
*CN(*)CCOc1ccc(C(=O)Oc2ccc(C#CC)cc2)cc1,117.12885
*CN(CC(C)C)N*,71.74369
*CN(CCOC(=O)NCCCCCCCCNC(=O)OCCC)C(=O)NC(=O)C(C)C(=O)N*,25.312782
*CNC(=O)C(*)(CBr)C(=O)CCN(C)C,56.645752
*CNC(=O)C(CC)C(=O)NCCCNC(=O)C(O)CN(*)C,98.12892
*CNC(=O)C(CC)COC(=O)N*,26.628899
*CNC(=O)CC(C)C[Si](C)(C)S(=O)(=O)C(Cc1cccc(S(=O)(=O)O)c1)c1cc(SC)c(N=*)cc1OC,79.58011
*CNC(=O)CC(C)N=C(C)C(=O)N*,79.62522
*CNC(=O)CCC(=O)NCC(*)=O,99.24603
*CNC(=O)CCCCCCCCC(=O)NCc1ccc(CNC(=O)C#N)cc1*,70.98148
*CNC(=O)CCCCCCCCC(=O)Nc1ccc(C(O)CCNCC(=O)NC(SC)c2ccc(*)cc2)cc1,82.71939
*CNC(=O)CCCCCCCCCCCCCCCCCCC(=O)NCC(=O)NC(=S)N*,58.20024
*CNC(=O)CCCCCCOC(=O)c1ccc(Cc2ccc(C(*)=O)cc2)cc1,61.00843
*CNC(=O)CCOC(=O)CC=C(C#N)c1ccc(C(=O)NC(C)CC(=O)Nc2ccc(*)s2)o1,77.45279
*CNC(=O)CNC(=O)CCCCC(=O)NCC(=O)N*,85.392365
*CNC(=O)COCC(=O)NCc1ccc(CNC(=O)O*)cc1,83.492165
*CNC(=O)NC(C)C(*)=O,143.21927
*CNC(=O)NC(C)COC(=O)O*,32.007988
*CNC(=O)NCCCCCCNC(=O)NCCCCCCNC(=O)NC(=O)O*,50.955505
*CNC(=O)NCCNC(=O)NCCCCCNC(*)=O,79.458565
*CNC(=O)NCCc1ccc(CCNC(=O)Nc2ccc(C(C)(C)c3ccc(N4C(=O)c5ccc(O*)cc5C4=O)cc3)cc2)cc1,197.92053
*CNC(=O)NSNC(=O)c1ccc(NC(=O)[Si](*)(CC)CCCCCC)cc1,71.52491
*CNC(=O)N[Si](C)(C)O[Si](C)(C)O[Si](C)(C)O[Si](C)(C)CCCCCC(=O)N(*)C,-38.183502
*CNC(=O)Nc1ccc(C(C)(C)CCCCCCC(=O)N*)cc1,68.514366
*CNC(=O)OCC(C)(C)COC(=O)N1CCN(*)CC1,35.698242
*CNC(=O)c1c(C)c(C)c(O)c(*)c1OO,105.51145
*CNC(=O)c1cc(C(=O)N*)c(F)cc1F,170.6173
*CNC(=O)c1ccc(-c2ccc(C(*)=O)cc2)cc1,181.30748
*CNC(=O)c1ccc(O*)c(OC)c1,151.80348
*CNC(=S)N(*)C(F)(F)F,97.53204
*CNC(=S)NNC(=O)c1cc(C)c(C(=O)NCCN(*)C)cc1C,171.23807
*CNC(CC(=O)OC)C(=O)O*,27.094376
*COC(=O)C(C)(CO*)OCCC(F)(F)C(F)(F)C(F)(F)F,-13.742722
*COC(=O)C(CCCCCCC)S(=O)(=O)CCOc1ccc(-c2ccc(S(=O)(=O)O*)cc2)cc1,27.405144
*COC(=O)C/C(=C/c1ccc(C)c(NC(=O)O*)c1)c1ccc(/N=N/c2ccc(C#N)cc2)cc1,171.25536
*COC(=O)CCCCCCCCCCCCC(=O)OCCCCOC(=O)c1ccc(C(*)=O)c([N+](=O)[O-])c1,25.52919
*COC(=O)CCCCNC(=O)CCCCC(=O)OC(=O)CCC(=O)O*,-33.994873
*COC(=O)COC(=O)CCCCCCCC(=O)OCCOc1ccc(/C=C/c2ccc(O*)cc2)cc1,31.340935
*COC(=O)Cc1cccc(CNC(=O)O*)c1,69.150185
*COC(=O)NCCNC(=O)OCCCCCOc1ccc(/C=C2\CCC/C(=C\c3ccc(OCCC(O)CO*)cc3)C2=O)cc1-c1ccccc1,66.47638
*COC(=O)OCCCCCCNC(=O)OCCCCCCOc1ccc(C(=O)NNC(=O)c2ccc(O*)cc2)cc1,28.350403
*COC(=O)Oc1ccc(OC(=O)c2ccc3c(c2)C(=O)N(*)C3=O)cc1,133.08386
*COC(=O)SSN1CCN(*)CC1,35.135567
*COC(=O)c1ccc(C(=O)NCCCCCCOCCN(*)CCC)cc1,4.959854
*COC(=O)c1ccc(C(=O)OCCCNC(=O)c2ccc(C(=O)NNC(=O)CC/N=C/c3ccc(C(=O)O*)cc3)cc2)cc1,72.594025
*COC(=O)c1ccc(NC(=O)CCCCC(=O)Nc2ccc(Cc3ccc(S*)c(SC)c3)cc2)cc1,102.84721
*COC(=O)c1ccccc1C(=O)OC(=O)CCCCCCCCC(=O)S(*)=O,-16.100708
*COC1CCCC(*)C1,83.83739
*COCCC(=O)OCCOC(=O)Cc1ccc(C(=O)O*)cc1,10.165863
*COCCCCOCCCCOc1ccc(-c2ccc(/C=C/c3ccc(OC(=O)c4ccc(C(*)=O)cc4)cc3)cc2)cc1,86.89578
*COCCOC(=O)c1ccc(/N=N/c2ccc(C(=O)O*)cc2)cc1,77.14798
*COCCOCCOCCOC(=O)C1CCOC(=O)C1*,-29.883636
*COc1c(O)c(O)c(*)c(Cl)c1CC,151.86266
*COc1cc(C(=O)O)c(*)cc1OCCOC(=O)c1ccc(O)cc1,90.47908
*COc1ccc(/C=C2\CCC/C(=C\c3ccc(O*)c(OC)c3)C2=O)cc1OC,171.38193
*COc1ccc(C(=O)N(*)CC)cc1,130.71304
*COc1ccc(C(=O)OCCOC(=O)c2ccc(OCCCC)cc2OC(=O)CCCCCCC(=O)O*)cc1,12.576874
*COc1ccc(C(C)(C)c2ccc(OCC(=O)N3CCN(*)CC3)cc2)cc1,136.53934
*COc1ccc(C(C)(C)c2ccc(OCCCCCCCCOc3ccc(S*)cc3)cc2)cc1,54.502625
*COc1ccc(C(CCCCCCC)c2ccc(OCC(O)COc3ccc(/C=C(\C)c4ccc(O*)cc4)cc3)cc2)cc1,118.810074
*COc1ccc(C(OCCO)c2ccc(OCCCC(C)CCOC(*)=O)cc2)cc1,33.877647
*COc1ccc(CCCCCCCCCCCCCCC(=O)OCCCC(=O)OCCOC(=O)c2ccc(O*)cc2)cc1,10.435989
*COc1ccc(CCCCOC(=O)c2ccc(C(=O)Oc3ccc(OC(=O)c4ccc(O*)cc4)cc3)cc2)cc1,65.91557
*COc1ccc(COC(=O)c2ccc(NC(=O)CCCCCCCC(=O)Nc3ccc(*)cc3)cc2)cc1,80.42669
*COc1cccc(OC(=O)c2ccc(OCCOCCOCCOCCOCCOCCOc3ccc(/C=C/c4ccc(O*)cc4)cc3)cc2)c1,60.221275
*CS(*)([2H])F,-21.028763
*CS(=O)(=O)CCCCCCC(=O)N(CCCC)C(=O)C(=O)O*,23.3432
*CSC(=O)C(Cc1ccccc1)OC(=O)c1ccc(C(*)=O)cc1,94.42648
*CSC(=O)NS(=O)(=O)CCc1cccc(CSC(=O)O*)c1,22.4775
*CSCC(=O)N*,58.71644
*CSCC(=O)NCCc1ccc(CNC(=O)CCCCCCN2CCN(*)CC2)cc1,34.117622
*CSCCCCCC(*)CCCCCCCCCC,-66.085144
*CSCCCCCCCCC(CC(C)C)N*,-20.754211
*CSSC*,23.827065
*CSSCSSS*,-78.632095
*C[CH2][Fe]([CH3])([CH3])[NH]C(=O)CCCCCNC(=O)CCCN(*)C,30.609146
*C[CH2][Sn]([*])([CH3])[O]c1ccccc1F,70.74734
*C[CH2][Sn]([*])([c]1ccccc1)[c]1ccccc1,60.752014
*C[CH2][Sn]([CH3])([CH3])[CH2]C(C)CNC(=O)C(CC(C)C)C(=O)O*,82.45065
*C[CH2][Sn]([CH3])([CH3])[CH2]CCCCCCCOC(=O)c1ccc(C(=O)NCCOC(=O)c2ccc(C(=O)O*)cc2)cc1,49.885063
*C[CH2][Sn]([CH3])([CH3])[CH2][Si](*)(C)C(C)C,-13.877167
*C[CH2][Sn]([CH3])([CH3])[CH2]c1ccc(-c2cc(O)c(O*)c(Br)c2)cc1[2H],100.65056
*C[CH2][Sn]([CH3])([CH3])[C]#CC#Cc1ccc(CCCNC(=O)CCCCCCCCCCCCC(=O)N*)cc1,24.931114
*C[CH]([Ca])C1C=CC(N2C(=O)c3ccc(*)cc3C2=O)=CC=C2C(=O)N2C1=O,233.99135
*C[N+](*)(C)C(F)(F)C(F)(F)C(F)(F)C(F)(F)C(F)(F)C(F)(F)F,-26.478165
*C[N+](*)(C)CCCCCCCCCCCOCCCCCCOc1ccc(-c2ccc(C#N)cc2)cc1,20.333694
*C[N+](*)(C)CCCCNC(=O)c1ccc(Oc2ccc(-c3ccc(Cl)cc3)cc2)cc1,132.54544
*C[N+](*)(C)COC(C)C,-42.321854
*C[N+](*)(CCBr)CCCC,-28.809265
*C[N+](C)(C)CCCOc1ccc(-c2ccc(*)c(-c3ccc(C)cc3)c2)o1,60.678375
*C[N+](C)(C)CCCOc1ccc(/C=N/c2ccc(OC(=O)OCC(C)O)c(O*)c2)cc1OC,70.41996
*C[NH2+]CCCCCCNC(*)C=C,-20.506653
*C[PH](*)(C#N)CCCCN(C)C,16.778427
*C[PH](*)(CCCCCC)CCCCCC,-20.7518
*C[PH](*)(Cl)CCC(F)(F)C(F)(F)C(F)(F)Cl,4.8775024
*C[PH](C)(C)CCCCCCCCCCOC(=O)c1ccc(C(=O)O*)c(C(C)(C)C)c1,18.272408
*C[PH](C)(C)CCC[Si](*)(C)c1ccccc1,-32.066727
*C[SH](C)C(*)F,-4.7981415
*C[Se](*)c1ccccc1C(C)(C)C,74.393684
*C[Se]C(*)(C)C(=O)OCCC,54.40754
*C[Se]CCC(C#N)N(*)C(=O)CCCCCCCC,-23.556046
*C[Si](*)(C)CCCCCCC(=O)Oc1ccc(Br)cc1,2.9886475
*C[Si](*)(C)CCCCCCCC(=O)OC(C)(OC)C(C)(C)C,-27.665314
*C[Si](*)(C)CCCCCCCCCCCC,-73.64479
*C[Si](*)(C)CCCCCCCCCOc1ccc(C(C)(C)c2ccc(Cl)cc2)cc1,19.472466
*C[Si](*)(C)CCCCCCCCOc1ccc(/N=N/c2ccc(OCC)cc2)cc1,17.749512
*C[Si](*)(C)CCCCCCCOc1ccc(OCCCCCCCCCCOc2ccc(/N=N/c3ccc(OC)cc3)cc2)cc1,19.819641
*C[Si](*)(C)CCCOc1ccc(-n2on2-c2ccccc2)cc1,50.602257
*C[Si](*)(C)CCCOc1ccc(C(=O)OC(C)CCC(C)C)cc1,-19.315277
*C[Si](*)(C)CCc1ccc(CCCCC(CC)(CCC)CCCC)cc1,-23.768143
*C[Si](*)(C)Oc1c(F)c(F)c(F)c(F)c1F,-36.729507
*C[Si](*)(C)c1ccccc1C,31.214455
*C[Si](*)(CC(C)C)CC(C)(C)C,24.824768
*C[Si](*)(CC)CCCCCCCCCCCC,-73.291855
*C[Si](*)(CC)SC,-26.88478
*C[Si](*)(CCCCC)COc1ccc(C(=O)Nc2ccc(OCCCC)cc2)cc1,63.27752
*C[Si](*)(CCCCC)c1ccc(S(=O)(=O)c2ccc(C#N)cc2)cc1,96.983475
*C[Si](*)(CCCCCC)CCCCCC[Si](C)(C)C,-75.27823
*C[Si](*)(CCCCCC)CCc1ccc(C#CC(=O)OCCCCC)cc1,-4.7630157
*C[Si](*)(CCCCl)C[N+](C)(C)CCCC,-59.876297
*C[Si](CC)CC(C)CCCCSC(=O)O*,-34.264633
*Cc1c(C)c(CCC)c(*)c(CBr)c1F,162.65268
*Cc1c(C)cc(Cc2cc(*)c(O)c(Br)c2)cc1Cl,215.59286
*Cc1cc(*)c(O)cc1F,177.93903
*Cc1cc(*)c(OCCCCCCCC)cc1Cl,27.533806
*Cc1cc(/C=C/c2ccc(*)cc2)cc(OCC(C)C)c1,156.9245
*Cc1cc(C#N)cc(NC(=O)CCCCCCCCCCCCC(=O)Nc2ccc(C)c(O*)c2)c1,97.60423
*Cc1cc(C(=O)O*)ccc1-c1ccc(/N=N/c2ccc(Cc3ccc(C[N+](C)(C)C)cc3)cc2)cc1,146.00632
*Cc1cc(C(=O)OC)cc(C(C)(C)c2ccc(N=*)cc2)c1,136.84015
*Cc1cc(C)c(*)cc1OCCCCCCCCCCCCCC,17.32254
*Cc1cc(CC)c(*)cc1C(CC)CCCCCC,51.360054
*Cc1cc(CCCCCCCCCCCCCCCCCC)c(*)cc1CCCCC,-22.33751
*Cc1cc(CN(CC)C(=O)CCCC(=O)N(*)C)ccc1OCC(=O)O,94.05932
*Cc1cc(CNC(=O)CCCCCCCCCCC(=O)N*)ccc1N,75.063805
*Cc1cc(COc2ccc(C(=O)NNC(=O)CCCCCCCCC(=O)N3CCN(*)CC3)cc2)ccc1C,116.82025
*Cc1cc(Cl)c(*)c(C)c1C,247.8477
*Cc1cc(Cl)c(*)c(F)c1F,151.36699
*Cc1cc(Cl)c(O*)c(C=O)c1F,134.28046
*Cc1cc(I)c(CNC(*)=O)cc1C,184.27953
*Cc1cc(OC)c(*)cc1C(=O)OCCc1ccccc1,156.31252
*Cc1cc(OCC(OC)C(C)CC)c(*)o1,36.7481
*Cc1cc(OCCCCCCCCCC)c(*)cc1C,22.07399
*Cc1cc(OCCCCCCCCCC)c(CCCCCCCCCCCCCO*)cc1OCCCCCCCCCC,-19.654877
*Cc1cc(OCCCCCCCCCCCCCC)c(*)cc1OCCCCCCCCCCCCCCCCCCCCCCCCCCCC,-10.40657
*Cc1cc(OC[Si](C)(C)C)cc(C(*)=O)c1,105.26317
*Cc1cc([2H])c(*)c(C)c1,198.90216
*Cc1ccc(*)c(CCCCCCCCC(=O)OCCOCCOCC)c1,-3.7197723
*Cc1ccc(*)c(NCCCCCCCCCCCCC(=O)SCCCCCCOc2ccccc2)c1,25.56791
*Cc1ccc(-c2cc(OCCCCCCCCCC)c(*)cc2OCCCC)cc1OCCCCCCO,22.7258
*Cc1ccc(-c2ccc(C(=O)NNC(=O)CCN(*)c3ccccc3)cc2)cc1,163.56375
*Cc1ccc(/C=C(\C#N)c2ccc(-c3ccc(C(=O)OC)cc3)c(O*)c2)cc1,160.63553
*Cc1ccc(/C=C/C(=O)CCCCCCCCCCCCCCCCC(=O)Nc2ccc(Cc3ccc(NC(=O)CCCN4C(=O)c5ccc(C(*)(C(F)(F)F)C(F)(F)F)cc5C4=O)cc3)cc2)cc1,124.37326
*Cc1ccc(/C=N/CC/N=C(\CC)c2ccc(*)s2)o1,72.19323
*Cc1ccc(/C=N/c2ccc(N(c3ccccc3)c3ccc(Cc4ccc(N(*)C)s4)cc3)cc2)cc1,166.57065
*Cc1ccc(C#C[Si](C)(C)c2ccc(N3C(=O)c4ccc(*)cc4C3=O)cc2)cc1,192.5306
*Cc1ccc(C#Cc2cc(SCCCCCCCC)c(*)s2)cc1,24.902702
*Cc1ccc(C#Cc2ccc(-c3ccc(*)s3)cc2)cc1,129.23235
*Cc1ccc(C#Cc2ccc(NC(=O)CCCCCCCCCCCCC(=O)Nc3ccc(C(=O)O*)cc3)cc2)cc1,107.785904
*Cc1ccc(C#N)c(CC#N)c1*,143.87369
*Cc1ccc(C#N)cc1CCCCN(*)CC,57.95742
*Cc1ccc(C(=O)C(=O)NCCCCCCNC(=O)c2ccc(C(=O)O*)cc2)cc1,77.151924
*Cc1ccc(C(=O)CCCCCCCCCCCCCCCCCCCC(=O)c2ccc(SC(=O)NC(*)=O)cc2)cc1,65.0977
*Cc1ccc(C(=O)NCCCCCCCCCOCCCCCCCNC(=O)c2ccc(C(C)(C)c3ccc(C(=O)O*)cc3)cc2)cc1,75.484406
*Cc1ccc(C(=O)O*)cc1C#N,112.31469
*Cc1ccc(C(C(=O)CCC(=O)O*)C(=O)OC)cc1,40.259537
*Cc1ccc(C(C)(C)c2ccc(C(C)(C)c3ccc(-c4c(C)cc(*)cc4CCCCCCCCCCCC)cc3C)cc2)cc1,99.676025
*Cc1ccc(C(C)(C)c2ccc(NC(=O)CCCCCCS(=O)(=O)CCCCOC(=O)c3ccc(C(=O)O*)cc3)cc2)cc1,65.30801
*Cc1ccc(C(C)(C)c2ccc([N+](=O)[O-])c(C(=O)OC(C)(C)C(=O)O*)c2)cc1,149.79688
*Cc1ccc(C(C)(CC)c2ccc([Si](*)(OCC)OCCCN(C)C)s2)cc1,40.26523
*Cc1ccc(C(C)(CCC)c2ccc(*)cc2)c(OCCCCCCCOCCO)c1,49.074036
*Cc1ccc(C(C)(c2ccccc2)c2cccc(O*)c2)cc1Br,182.48442
*Cc1ccc(C(C)=C(CCCC)CCCCC)cc1*,62.179955
*Cc1ccc(C(C)C(*)C#N)c(Br)c1Cl,135.78288
*Cc1ccc(C(CC)(CCC)C(=O)C(*)=CC=C(C)C)cc1,115.58918
*Cc1ccc(C(CCC)c2ccc(-c3ccc(-c4ccc(C=*)cc4)cc3)cc2)cc1,151.92896
*Cc1ccc(CC(=O)COCCCCCCCCCOC(=O)CCCCC(=O)O*)cc1,-26.954437
*Cc1ccc(CC(=O)OCCCCCCOc2ccc(S(*)(=O)=O)cc2)cc1,37.117165
*Cc1ccc(CCCCCCCCC(=O)O*)cc1,10.099258
*Cc1ccc(CCCCCCCCCCCCC#CC(*)=O)cc1,10.863052
*Cc1ccc(CCCCCc2ccc(/C=C/c3ccc(*)cc3)cc2)cc1,122.00487
*Cc1ccc(CCCNC(=O)CCCCCCCCCCC(=O)NCCCCCCNC(=O)CCCCCCCCO*)cc1,22.934593
*Cc1ccc(CCN(C)C(=O)CCCCCCCCCCC(=O)NCCCCCCCCC(*)=O)cc1,36.521652
*Cc1ccc(CCN(C)C(=O)c2cccc(C(=O)/C=C/c3ccc(C(=O)c4cccc(C(=O)Nc5ccc(*)cc5)c4)cc3)c2)cc1,199.15843
*Cc1ccc(CCNC(=O)C(C)CCC(=O)N*)cc1,95.4389
*Cc1ccc(CCNC(=O)CCCCCCCCC(*)=O)cc1,33.736954
*Cc1ccc(CCNC(=O)CCCC[Si](*)(C)C)cc1,48.077957
*Cc1ccc(CCNC(=O)CCCS*)cc1,70.55129
*Cc1ccc(CCNC(=O)CCc2ccc(C(C)(C)c3ccc(C(=O)N*)cc3)cc2)cc1,141.86012
*Cc1ccc(CCOC(=O)CC(=O)O*)cc1-c1ccc(N(C)C)cc1,88.01395
*Cc1ccc(CCOC(=O)CCCCCCCCC(=O)NCCCC(=O)O*)cc1,-2.071579
*Cc1ccc(CCOC(=O)CCCCCCCCCCSC(=O)O*)cc1,1.2089539
*Cc1ccc(CCOCCCCCCCCCCCCOC(=O)c2ccc(C(=O)O*)cc2)cc1,20.445465
*Cc1ccc(CCOP(=O)(O*)c2ccccc2)cc1,50.985252
*Cc1ccc(CCO[Si](C)(C)O[Si](C)(C)O[Si](C)(C)O[Si](C)(C)O[Si](C)(C)c2ccc(C(=O)N*)cc2)cc1,16.698349
*Cc1ccc(CCSCCCNC(=O)c2ccc(SCc3ccc(C(=O)N*)cc3)cc2)cc1,101.35106
*Cc1ccc(CCc2ccc(CCNC(=O)CCCCC(=O)S*)cc2)cc1,62.091125
*Cc1ccc(CN(*)C(=O)c2ccc(F)cc2C)cc1,164.66855
*Cc1ccc(CN(*)c2ccc(C)cc2)cc1,160.05898
*Cc1ccc(CN(C)C(=O)CCCC(=O)Nc2ccc(C(C)(NC(=O)c3ccc(*)cc3)c3ccccc3)cc2)cc1,179.84044
*Cc1ccc(CN(C)C(=O)CCCCCCCCC(=O)c2ccc(*)cc2)cc1,48.116913
*Cc1ccc(CN(CC)C(=O)CCCOC(=O)CCCCC(=O)N*)cc1,20.040459
*Cc1ccc(CN(CC)C(=O)SCCCCc2ccc(O*)cc2)cc1,78.1924
*Cc1ccc(CN(c2ccc([N+](=O)[O-])cc2)c2ccc(S(*)(=O)=O)cc2)cc1,262.01587
*Cc1ccc(CNC(=O)CCCCCCCCCC(=O)/C=C/c2ccc(C(=O)NC(*)=O)cc2)cc1,119.61897
*Cc1ccc(CNC(=O)CCCCCCCCCCCCCCCCCCC(=O)O*)cc1,29.362022
*Cc1ccc(CNC(=O)CCCCCOCCO*)cc1,19.746002
*Cc1ccc(CNC(=O)NCCCCCSCCNC(=O)CCCOCC(*)=O)cc1,42.324265
*Cc1ccc(CNC(=O)c2ccc(C(=O)N*)cc2)cc1,222.94446
*Cc1ccc(CNC(=S)CCC(=O)Nc2ccc(C(=O)O*)cc2)cc1,136.46301
*Cc1ccc(CNNC(=O)CCCCCC(=O)NCCCCCCNC(=O)c2ccc(C(=O)N*)c(C)c2)cc1CS(=O)(=O)O,87.943756
*Cc1ccc(COC(=O)C(CCCCCCCCCCCC)C(=O)O*)cc1,1.6841736
*Cc1ccc(COC(=O)CCCCCCN(*)CC)cc1,1.5696106
*Cc1ccc(COC(=O)NC(C)C(=O)OCCCCCCCOc2ccc(C(C)(C)c3cccc(S(*)(=O)=O)c3)cc2)cc1,63.64202
*Cc1ccc(COC(=O)c2cc(C(=O)O*)c(C)cc2C)cc1C,124.75813
*Cc1ccc(COC(=O)c2cc(CNC(=O)O*)ccc2C)cc1,88.2386
*Cc1ccc(COCCCCOC(=O)c2ccc(C(=O)O*)cc2)cc1,18.418648
*Cc1ccc(CO[Si](C)(C)c2ccc([Si](*)(C)C)cc2)cc1,45.622215
*Cc1ccc(CSC(=CCCCCCCCC(=O)N*)c2ccccc2)cc1,40.671806
*Cc1ccc(CSC(=O)CCCC(=O)Nc2ccc(C(=O)SN3CCN(*)CC3)cc2)cc1,117.691536
*Cc1ccc(CSC(=O)CCCCCCCCC(=O)NCCCCCC(=O)N*)cc1,35.554817
*Cc1ccc(CSC(=O)CCCOC(=O)c2ccc(C(=O)O*)cc2)cc1,58.74192
*Cc1ccc(CSC(=O)Nc2ccc(Cc3ccc(OCCCCCCCCCCOc4ccc(C(=O)O*)cc4)cc3)cc2)cc1,75.83267
*Cc1ccc(C[Si](*)(C)C)o1,27.099907
*Cc1ccc(C[Si](C)(C)O[Si](C)(C)O[Si](C)(C)O[Si](C)(C)O[Si](C)(C)O[Si](C)(C)c2ccccc2C)cc1*,23.880852
*Cc1ccc(Cc2c(Cl)cc(-n3c(=O)c4cc5c(=O)n(*)c(=O)c5cc4c3=O)cc2Br)c(Br)c1,359.4105
*Cc1ccc(N(C)c2ccc(N(C)C(=O)Nc3ccc(NC(=O)C(=O)Nc4ccc(*)nc4)cc3)cc2)cc1,214.4145
*Cc1ccc(N)c(C(=*)C#N)c1,161.52856
*Cc1ccc(NC(=O)CCCCCCCCCCCC(=O)Nc2ccc(C)c(N*)c2)cc1,101.60609
*Cc1ccc(NC(=O)CCCCCCCCCCCCCC(=O)Nc2ccc(C(=O)O*)cc2)c(C)c1,89.5616
*Cc1ccc(NC(=O)NCCCCSCCCCCNC(=O)c2ccc(C(=O)N*)cc2)cc1,113.988754
*Cc1ccc(NC(=O)NCCN(CCC)c2ccc(C(=O)O*)cc2)cc1,129.39717
*Cc1ccc(NCC(=O)CCCCCCCCCCC(=O)Nc2ccc(O*)cc2)cc1,73.399376
*Cc1ccc(OCCCCCCCCCCSOc2ccc(C(=O)OC(C)CCCC(*)=O)cc2)cc1,8.678589
*Cc1ccc(OCCCCOCCOCCCCOc2ccc(/C=C/c3ccc(O*)cc3)cc2)cc1,66.983795
*Cc1ccc(OCCCCOc2ccc(-c3ccc(-c4ccccc4)cc3)cc2)cc1*,114.07001
*Cc1ccc(Sc2ccc(CSC(=O)c3ccc(C(*)=O)cc3)cc2)cc1,218.63165
*Cc1ccc([N+](=O)[O-])c(NC(=O)CCCCCCCCCCC(=O)N*)c1,65.87225
*Cc1ccc([Si](*)(CC)CC)c(C(C)=O)c1,96.54744
*Cc1ccc([Si](C)(C)c2ccc(P(=O)(c3ccccc3)c3ccc(*)s3)cc2)cc1,153.65698
*Cc1ccc2cc(C(=O)Nc3ccc(*)cc3)ccc2c1,247.28659
*Cc1cccc(*)c1C(=O)NCC(C)NCC,125.03108
*Cc1cccc(C#C[Si](*)(c2ccccc2)c2ccccc2)c1,76.512596
*Cc1cccc(C(=O)c2ccc(NC(=O)CCCC(=O)Nc3ccc(O*)cc3)cc2)n1,118.228096
*Cc1cccc(CCCCS*)c1,17.03395
*Cc1cccc(CN(C)c2ccc(SS(*)(=O)=O)cc2)c1Cc1ccccc1,197.59283
*Cc1cccc(CNC(=O)CCCCC(=O)S*)c1,50.681007
*Cc1cccc(COC(=O)CCC(=O)NCCCCSCC(*)=O)c1,-16.115097
*Cc1cccc(CSC(=O)SCCC(*)=O)c1,45.46032
*Cc1cccc(O)c1CCN(*)CCCCCCC,7.7345734
*Cc1ccccc1-c1ccc(N2C=CC(=C=C=*)CC2)cc1,138.94414
*Cc1ccccc1C(=O)ON(*)CC,60.54666
*Cc1ccccc1C/C=C/C=C(\C)CN(CCC)CC(C)C(=O)n1c(=O)c2cc3c(=O)n(*)c(=O)c3cc2c1=O,212.55176
*Cc1ccccc1CC(=O)Nc1ccc(C(=O)O*)cc1,162.31087
*Cc1ccccc1CCCCCCCCCNC(=O)C(=O)N*,78.99276
*Cc1ccccc1CN(CC)c1ccc(/C=C/c2ccc(C(C)(C)c3ccc(N(c4ccccc4)c4ccc(/N=C/c5ccc([Si](*)(C)C)cc5)cc4)cc3)cc2)cc1,215.47389
*Cc1ccccc1CNS(=O)(=O)c1cccc(C(=O)NC(C)C(=O)N*)c1,169.43489
*Cc1ccccc1Cc1cccc(N=*)c1,118.99317
*Cc1ccccc1Nc1cccc(CNC(=O)CCCCCCCCCC(=O)N*)c1,89.67212
*Cc1ccccc1OCCCCCCCCCCO*,6.596573
*N(CC(*)(F)F)C([2H])([2H])Cl,43.826904
*N(CC(=O)OCC)C(=*)CCCN(C)c1ccc(C)cc1,36.986794
*N(CCC[Si](*)(C)CCCS(=O)(=O)OCCCCCCCCCCCCCCC)OCC,-57.509155
*N/C(=C/C(=O)C(C)(C)CC)O*,106.26614
*N/C(C)=N/c1cccc2cc(C(*)=O)ccc12,229.35733
*N/C=C/CCC(*)F,100.560616
*N=C(*)CN=Cc1ccc(/N=N/c2ccccc2)cc1,81.826126
*N=C(*)OCC,-6.5625153
*N=C(*)[Si](C)(C)C,6.7386475
*N=C(*)c1ccc(CC)cc1,59.299583
*N=C(C#N)C(=O)Nc1ccc(NC(=O)c2cc(NC(=O)CCCCCC(=O)Nc3ccc(C(*)=O)cc3)cc(C(=O)OCCCCCCCCCCCC)c2)cc1,103.01226
*N=C(C)CCCCCCCCCCCCCCCCCCCC(=O)NCC(*)=O,12.716766
*N=C(C=*)CCCS(=O)(=O)[O][Na],67.327515
*N=C(C=CCl)NCCC[N+](C)(C)CC[Si](*)(C)CC,27.836205
*N=C(N=*)c1cc(C)c(C)cc1C,91.66838
*N=N[PH](*)(NC(C)=O)c1ccc(/N=N/c2ccc(C#N)cc2)cc1,147.5239
*N=N[PH](=O)c1ccc(NC(=O)CCCCCCCCC(=O)Nc2ccc(*)nc2)cc1,101.74725
*N=Nc1cc(Br)cc(NC(=O)c2ccc(C=*)cc2)c1,126.87758
*N=Nc1ccc(-c2ccc(-c3ccc(NC(=O)c4cc(C)c(C(*)=O)cc4C)c(C)c3)cc2)cc1,213.49957
*N=Nc1cccc(CCOC(=O)c2ccc(NC(=O)CCC(*)=O)cc2)c1,77.763214
*N=P(*)(/N=N/c1ccc(C)cc1)c1ccc(C)cc1,76.68485
*N=P(*)(C#N)C(F)(F)C(F)(F)C(F)(F)C(F)(F)C(F)(F)C(F)(F)C(F)(F)C(F)(F)F,3.156479
*N=P(*)(C#N)CCN(C)c1ccc(C(=O)OCCCC)cc1,25.630074
*N=P(*)(C#N)CO,13.607834
*N=P(*)(C#N)CO[Si](C)(C)O[Si](C)(C)C,-27.621063
*N=P(*)(C#N)OCCCCC,-20.954285
*N=P(*)(C#N)OCCOCCSCC,-27.007202
*N=P(*)(C)CCCCCCCCOc1ccc(C(=O)Oc2ccc(C(=O)Oc3ccc(C#N)cc3)cc2)cc1,53.807602
*N=P(*)(C)CCN(CCCC)CCCCC,-21.386368
*N=P(*)(C)OCCc1ccc(N(C)C)cc1,17.27414
*N=P(*)(C)Oc1ccc(C(C)(C)C)cc1,-2.7586823
*N=P(*)(C=C(C#N)CCCC)Oc1ccc(C(O)c2ccccc2)cc1,68.54886
*N=P(*)(CC(=O)OCCCCC)C(=O)OCCCCCCCCCCCC,-37.10376
*N=P(*)(CC(C)(C)C)OCCCCCCCCCCCCC,-72.4478
*N=P(*)(CC(C)(OC)OC)OCC,29.51963
*N=P(*)(CC)NCCCCC,-15.440353
*N=P(*)(CC)OCCCOCCOC,-40.09305
*N=P(*)(CC)OCC[Si](C)(C)CCCC,-79.372635
*N=P(*)(CC=N)COc1ccc(/N=N/c2ccccc2)cc1,57.286316
*N=P(*)(CCC(=O)OCCCCCCCCCC)C(C)C,-71.5894
*N=P(*)(CCC(F)(F)C(F)(F)C(F)(F)C(F)(F)F)OCCC(F)(F)C(F)(F)C(F)(F)C(F)(F)C(F)(F)F,-41.08316
*N=P(*)(CCC)SCCCCCC,-40.23738
*N=P(*)(CCCC)Oc1ccccc1OC,5.694702
*N=P(*)(CCCCCCCC)OCCOCCOCCOCCOCCCCCCCCCCC(F)(F)F,-77.147995
*N=P(*)(CCCCCCCCCCC)CCCCCC(C)C,-91.27664
*N=P(*)(CCCCCCCCCCCCS#N)c1ccc(N(C)CC)cc1,-7.9917603
*N=P(*)(CCCCCCCOC(=O)OCCSCCOCCOC)OCC(=O)OCC[N+](C)(C)C,-35.508804
*N=P(*)(CCCC[Si](C)(C)C)NCBr,-47.654938
*N=P(*)(CCCCl)c1ccccc1,-5.3372498
*N=P(*)(CCCOc1ccc(OC(=O)c2ccc(OC)cc2)cc1)Oc1ccc(-c2ccccc2)cc1,27.923042
*N=P(*)(CCCOc1ccccc1)N(CCCC)c1ccc(/N=N/c2ccc([Si](C)(C)C)cc2)cc1,45.715492
*N=P(*)(CCO)CCCO,17.8816
*N=P(*)(CCS(=O)(=O)O)[Si](C)(C)CCC,-4.653534
*N=P(*)(CF)OC(C)C,-25.077927
*N=P(*)(CN)CCCC,4.5798187
*N=P(*)(CNC(=O)OCCCC)C(=O)OCCBr,7.823242
*N=P(*)(CNC(=S)OCC)OCC1CCCCCCCCCC1,3.132248
*N=P(*)(COC(O)O)OC(C)CCCC,-68.162155
*N=P(*)(COCC(C)C)OCC([2H])F,-50.685013
*N=P(*)(COCCCCCCCCCCCC)OCCCCCCCCCCCCCCCCC,-87.50113
*N=P(*)(COCCCCCCOCCOCCOCCN(CC)COCCOCCOCOC)OCCOCCOCCOC,-56.02533
*N=P(*)(COCCOCCOC)OCCOCCOC,-44.057373
*N=P(*)(COCCOCCOC)OCCOCCOCCOCCOCCOC,-53.561066
*N=P(*)(COCCOCCOCCOCCOC)OCCCCCCCOCCOCC,-57.976562
*N=P(*)(COc1ccc(C)cc1)c1ccccc1N,34.50688
*N=P(*)(COc1cccc(F)c1)C(F)(F)C(F)(F)C(F)(F)C(F)(F)C(F)(F)F,-15.203857
*N=P(*)(COc1ccccc1)OC(CCCC)OCC,-38.988907
*N=P(*)(Cc1ccccc1)c1ccccc1,4.559387
*N=P(*)(Cl)OCC(=O)OCC(C)CCC(F)(F)F,-4.1616516
*N=P(*)(Cl)OCC(F)(F)C(F)(F)CF,-31.645996
*N=P(*)(F)C([2H])(F)F,-40.89003
*N=P(*)(F)OCCCCCCOc1ccc(/N=N/c2ccc(/C=N/c3ccccc3)cc2)cc1,58.11126
*N=P(*)(NCCC)c1ccc(/N=N/c2ccc(C(=O)Oc3ccc([N+](=O)[O-])cc3)cc2)cc1,128.92485
*N=P(*)(NCCCC)OCCCCCCCC,-43.60515
*N=P(*)(NCCCCCCCCCC)OCCOCCOC,-52.844376
*N=P(*)(NCCCCCCCCCCCCCC)OCCCc1ccccc1,-56.20732
*N=P(*)(NCCCCCCCCNC(=O)Oc1ccc(C(F)(F)F)cc1)C(C)(C)C,8.134872
*N=P(*)(NCCCOc1ccc(-c2ccccc2)cc1)Oc1ccccc1,13.329239
*N=P(*)(NCCF)OCCN(CC)c1ccccc1,3.1428833
*N=P(*)(N[Si](C)(C)C)OCC=C,-37.932312
*N=P(*)(O)OCCOc1ccc(N(C)C)cc1,-2.1410828
*N=P(*)(OC(=O)c1ccc(F)cc1)Oc1ccc(S(=O)(=O)c2ccc([N+](=O)[O-])cc2)cc1,106.05156
*N=P(*)(OC)C(O)CO,-3.4885864
*N=P(*)(OC)OCCCCCCCCOC(=O)Oc1ccc([2H])cc1,-19.543076
*N=P(*)(OC)OCCOc1ccc(OC)cc1,-22.09848
*N=P(*)(OC)Oc1ccc(Br)cc1,-8.291412
*N=P(*)(OC)c1ccc(O)c(O)c1,11.031601
*N=P(*)(OC)c1ccccc1C,-9.86499
*N=P(*)(OCC#N)OCCC,-17.970383
*N=P(*)(OCC(COC)OCCOc1ccc(/N=N/c2ccc([N+](=O)[O-])cc2)cc1)Oc1ccc(C(F)(F)F)cc1,53.417015
*N=P(*)(OCC(F)(F)C(F)(F)C(F)(F)C(F)(F)C(F)(F)C(F)(F)C(F)Cl)C(F)(F)F,-49.11989
*N=P(*)(OCC(F)(F)C(F)(F)C(F)(F)C(F)(F)C(F)(F)C(F)(F)F)C(C)C,-37.43184
*N=P(*)(OCC(F)(F)C(F)(F)C(F)(F)C(F)(F)C(F)(F)OC(F)(F)F)C(=O)C(F)(F)C(F)(F)C(F)(F)C(F)(F)COC[PH](F)(F)Cl,-55.286728
*N=P(*)(OCC(F)(F)COCCOC)OCC(F)(F)C(F)(F)C(F)F,-29.372437
*N=P(*)(OCC(F)(F)F)C(F)(F)C(F)(F)C(F)(F)C(F)(F)C(F)(F)C(F)(F)F,-43.2256
*N=P(*)(OCCC)OCC(OCC)OCCOCCOC,-26.951462
*N=P(*)(OCCC)OCCOCCO,-29.416306
*N=P(*)(OCCC)OCC[Si](C)(C)CCCCCCCCCC,-76.919556
*N=P(*)(OCCC)Oc1ccc(/N=N/c2ccc(Cl)cc2)cc1,52.1613
*N=P(*)(OCCCC)OCC(C)(C)NCCC,-21.91092
*N=P(*)(OCCCC)OCC(OCC(F)(F)C(F)(F)C(F)F)C(F)(F)C(F)(F)Br,-26.856857
*N=P(*)(OCCCC)OCCOCCOCCOCCOCCN(CCOCCCCCCCCCCCCCCC)CCOCCOC,-51.97751
*N=P(*)(OCCCCC)OCCCCCCOc1ccc([N+](=O)[O-])cc1,-9.3901825
*N=P(*)(OCCCCC)OCCOCCOCCOCCOCCOCCOCCOCCOCC,-58.74652
*N=P(*)(OCCCCCC)OCCCCCCCCCCCCCC,-94.73706
*N=P(*)(OCCCCCC)[Si](C)(C)C,-77.951004
*N=P(*)(OCCCCCCC#N)c1ccc([N+](=O)[O-])cc1,-13.356812
*N=P(*)(OCCCCCCCC)OCC(CC)CCCC,-96.39986
*N=P(*)(OCCCCCCCC)O[Si](C)(C)O[Si](C)(C)Cc1ccccc1,-88.92604
*N=P(*)(OCCCCCCCCCCCCCCCCCCC)OCCOCCOCCOc1ccc(/N=N/c2ccc(C(=O)Oc3ccc(OCCCC)cc3)cc2)cc1,20.071
*N=P(*)(OCCCCCCNC(F)(F)C(F)(F)C(F)(F)C(F)(F)C(F)(F)F)C(F)(F)F,-47.56685
*N=P(*)(OCCCCCCOCCOCCOCCOC)OCCCOCCOCCCC,-61.38051
*N=P(*)(OCCCCCCOc1ccccc1-c1ccccc1)OCCOC,-20.36882
*N=P(*)(OCCCCOC(=O)OCC)C(=O)OC1CCCCC1,-20.307571
*N=P(*)(OCCCCOCCOC)OCC[N+](C)(C)COC(C)C,-54.90532
*N=P(*)(OCCCCOc1ccc(-c2ccc(C#N)cc2)cc1)OCCN(CC)OCCOCCOC,2.9559784
*N=P(*)(OCCCCOc1ccc(/N=N/c2ccc(Br)cc2)cc1)c1cccc(/N=N/c2ccc([N+](=O)[O-])cc2)c1,97.257545
*N=P(*)(OCCCCOc1ccc(OC(C)=O)cc1)C(=O)Oc1ccc(C(C)(C)C)cc1,8.842468
*N=P(*)(OCCCOCCOCC)OCCOO,-55.251007
*N=P(*)(OCCCOc1ccc(-c2ccccc2)cc1)OCCOc1ccc(-c2ccccc2)cc1,14.478134
*N=P(*)(OCCCOc1ccc(OC)cc1)c1ccccc1,-27.411652
*N=P(*)(OCCCl)OCCCC,-24.207352
*N=P(*)(OCCO)OC(CC)(CC)CCCC,-32.681274
*N=P(*)(OCCO)OCCOC,-25.061783
*N=P(*)(OCCOC)N1CCOC1,-1.8098602
*N=P(*)(OCCOC)OCC(=O)OCCCCCCCCCCCCCCCC,-56.96811
*N=P(*)(OCCOC)OCCN(CC)CCOCCOCCOC,-37.31491
*N=P(*)(OCCOC)OCCOCCOCCOC(=O)N(CCCC)CCCCCC,-42.148468
*N=P(*)(OCCOC)OCCOCCOCCOCCOCCCCCCCCOCCOCCOCCOCCOCCOC,-63.3898
*N=P(*)(OCCOCCCOCCOCCOCCOCCOCCOCCOCCOCCOC)OCCOCCOCCOC,-50.881607
*N=P(*)(OCCOCCOCCOC)OCCOCCOCOc1ccc(/N=N/c2ccc(OCC[N+](C)C)cc2)cc1,11.314835
*N=P(*)(OCCOCCOCCOCCOCCOC)OCCN(CCCBr)c1ccc(/N=N/c2ccc(-c3ccc([N+](=O)[O-])cc3)cc2)cc1,45.962776
*N=P(*)(OCCOCCOCCOCCOCCOC)O[Si](C)(C)COc1ccc(F)cc1,-48.63527
*N=P(*)(OCCOCCOCCOCCOCCOCCOC)OCCOCCOCCOCCOCCOCCOCCOC,-49.77765
*N=P(*)(OCCOCCOc1ccc(-c2ccc(OC)cc2)cc1)SS(=O)(=O)O,-2.4003906
*N=P(*)(OCCOc1c(Br)cc(F)c(F)c1Cl)C(F)(F)Cl,8.143646
*N=P(*)(OCCOc1ccc(/N=N/c2ccc(F)cc2)cc1)Oc1ccccc1,40.294945
*N=P(*)(OCCOc1ccc(C)cc1)O[Si](C)(C)CCCC,-63.376877
*N=P(*)(OCCOc1ccc(F)cc1)C(F)(F)F,2.7582092
*N=P(*)(OCCOc1ccc(OCCCC)cc1)Oc1ccc(I)cc1,14.853088
*N=P(*)(OCC[Si](O)(O)COc1ccccc1)c1ccccc1,-23.65709
*N=P(*)(OCI)OCCCl,-23.779312
*N=P(*)(OCO)OCCCl,-40.75711
*N=P(*)(Oc1cc(Cl)cc(OCC(C)C)c1)c1ccccc1,11.128418
*N=P(*)(Oc1ccc(Br)cc1)C(C)(C)C,-2.069336
*N=P(*)(Oc1ccc(C)cc1)Oc1ccc(I)cc1,-0.9688721
*N=P(*)(Oc1ccc(Cl)cc1)Oc1cccc(C(F)(F)F)c1,-15.0273285
*N=P(*)(Oc1ccc(Cl)cc1)Oc1ccccc1C,-10.3172455
*N=P(*)(Oc1ccc(I)cc1)c1ccc(C(F)(F)F)c(S(=O)(=O)O)c1,66.71422
*N=P(=Nc1ccc(-c2ccc(NC(*)=O)cc2)cc1)Oc1ccc(F)cc1,107.80274
*N=[PH](*)NCc1ccc(-c2ccccc2)cn1,105.74256
*N=[PH](*)c1ccc(C(=O)Nc2ccc(-c3ccc(/N=N/c4ccc(C)cc4)cc3)cc2)cc1,191.46996
*N=[PH](Nc1ccc(Cc2ccc(OC(*)C)cc2)cc1)OC,112.289505
*N=[PH](Oc1ccc(C#N)cc1)C(CC)CCC(=O)OCCCCc1ccc(C(*)=O)cc1,72.86787
*N=[PH](Oc1ccccc1)Oc1ccc(C(C)=C(C=N)c2cccc([Si](*)(C)C)c2)cc1,75.10337
*N=[PH](SCCNC(=O)Oc1ccc(C(C)(C)c2ccc(*)cc2)cc1)c1ccc(C[N+](C)(C)C)cc1,106.76372
*N=[PH](SSSc1ccc(CCc2ccc(C)cc2)cc1)C(*)C(=O)OC,49.55558
*N=[PH]1C(*)=C1Br,113.09143
*NC(*)=[N+],112.27646
*NC(*)C(=O)OCCCCCCCCCCCC,-45.15468
*NC(*)C(=O)OCCCCCCCCCC[N+](C)(F)c1ccc([N+](=O)[O-])cc1Br,9.509949
*NC(*)C(=O)c1cccc(C(F)(F)F)c1,67.33365
*NC(*)C(C)C(F)(F)Cl,39.53607
*NC(*)C1CCCC1,95.49588
*NC(*)CC(=O)N(F)Cl,32.824104
*NC(*)CN(C)c1ccc(S(=O)(=O)c2ccc(P(=O)(c3ccccc3)c3ccccc3)cc2)cc1,176.70624
*NC(=*)NCCN(CC)CCCCCCCCC,20.370491
*NC(=C(C#N)C(*)=O)C(C)(C)C,152.5152
*NC(=C(C)C)C(*)C,122.172714
*NC(=CCCc1ccc(C(*)=O)cc1)C(=O)OCCCCCCCCCC,9.411362
*NC(=N)NC(=O)/C=C/C(=O)NCC(C)NC(=O)CCCCC(*)=O,125.314514
*NC(=NCc1ccc(C(*)=O)cc1)C(C)C,146.01068
*NC(=O)/C=C/C=C/CCC(*)=O,114.77136
*NC(=O)C(C)C(=O)NC1CCC(*)C1,188.03784
*NC(=O)C(C)CCC(*)=O,30.318535
*NC(=O)C(C)OC(=O)CCCCCCCCC(=O)NCC(=O)N1CC(OCC)CN(*)C1,61.549767
*NC(=O)C(C)S(=O)(=O)CCC(=O)NNC(=O)CCC(=O)NC(C)C(=O)NCCNC(*)=O,103.83948
*NC(=O)C(C=C)C(=O)NCCCCCCNC(*)=O,95.12272
*NC(=O)C(CC(*)=O)Cc1ccccc1,124.167816
*NC(=O)C(CCCCCCC(=O)O)C(*)C(=O)OC,13.548676
*NC(=O)C(CCCCNNC(=O)CCCCCCCCCC)N*,1.6147919
*NC(=O)C(F)(C(F)(F)F)C(F)(F)C(*)(F)Cl,23.271263
*NC(=O)C1CC(CCCCOc2ccc(/C=C/C(=*)CC)cc2)C(=O)NC1(C)C,92.57569
*NC(=O)CC(c1ccccc1)C(C)C(=O)OCCCCCCOc1ccc(C(C)(C)c2ccc(OC(=O)CCCCCCC(*)=O)cc2)cc1,29.181717
*NC(=O)CCC(F)(F)C(F)(F)C(*)(F)F,-2.3203278
*NC(=O)CCCC(=O)NC(=C[CH2][Ge]([*])([CH3])[CH3])C(C)C,79.61103
*NC(=O)CCCCC(=O)NCCC(C)/C=C/C(=O)OCC1CCC1O*,58.70469
*NC(=O)CCCCC(=O)NCCCCCNC(*)OC(C)(C)C,17.691505
*NC(=O)CCCCC(=O)NNC(=O)CCCCCCCCCCCC(=O)NNC(*)=O,54.073563
*NC(=O)CCCCC(=O)NNC(=O)CCCOc1ccc(C(*)=O)cc1,69.67349
*NC(=O)CCCCC(=O)NNC(=O)c1cccc(NC(=O)CCCCCCCC(*)=S)c1,55.401596
*NC(=O)CCCCCC(=O)NCCCNC(=O)C(=O)NCC1CCC(*)C(C)C1,107.22285
*NC(=O)CCCCCCC(=O)NCCCCCCNC(=O)c1ccc(*)o1,46.405357
*NC(=O)CCCCCCCC(=O)NC1CCCCCCN1*,41.792
*NC(=O)CCCCCCCC(=O)NCCCCCCNC(=O)c1cccc(C(=O)O*)c1,45.619873
*NC(=O)CCCCCCCCC(=O)NC(CCCCCC)C(CC(=O)NNC(*)=O)Cc1ccccc1,83.10266
*NC(=O)CCCCCCCCC(=O)NCc1ccc(CNC(=O)NCCCCCCSCCCNC(*)=O)cc1,57.75241
*NC(=O)CCCCCCCCC(=O)NNC(=O)C(C)SS*,31.109825
*NC(=O)CCCCCCCCC(=O)NNC(=O)c1ccc(OC(=O)c2ccc(C(*)=S)cc2)cc1,111.07893
*NC(=O)CCCCCCCCCC(=O)NCCSCCC(=O)N*,14.466202
*NC(=O)CCCCCCCCCC(=O)NCc1ccc(Cc2ccc(C)c(*)c2)cc1,78.58592
*NC(=O)CCCCCCCCCCC(=O)NCc1ccc([Si](C)(C)c2ccc(CNC(*)=O)cc2)cc1,77.50254
*NC(=O)CCCCCCCCCCC(=O)Nc1ccc(C(=O)NCCNC(*)=O)cc1,109.51387
*NC(=O)CCCCCCCCCCCC(C)(C)CNC(=O)NCCSCCNC(*)=O,31.959213
*NC(=O)CCCCCCCCCCCCCCC(=O)NNC(=O)CCCC(=O)NNC(=O)CCCCC(=O)NCCCCNC(=O)c1ccc(C(*)=O)cc1SC(=O)OCCCCCCCCCCCCOC(=O)NCCc1ccccc1,30.97268
*NC(=O)CCCCCCCCCCCCCCC(=O)NNC(=O)P(CC(C)=C(*)CO)C(=O)OC,50.384087
*NC(=O)CCCCCCCCCCCCCCCCC(=O)NCC(=O)N*,47.245605
*NC(=O)CCCCCCCCSCC(=O)NCCCS*,-7.303879
*NC(=O)CCSC(=O)OCCCCCCCCOC(=O)NCCCCCCNC(=O)O*,-8.260178
*NC(=O)CCSCCCCC(=O)NCCCCCCNC(*)=O,25.268288
*NC(=O)CC[Si](C)(C)CCC(C)(C)CC(*)=O,13.068298
*NC(=O)CNC(=O)CC(C)(C)CC(=O)NCCC(*)C,102.52693
*NC(=O)CNCC(=O)NCCCC(*)Cl,107.55839
*NC(=O)CSCCC(=O)NC(C)C(=O)NCCCCCCNC(=O)C(*)=S,92.96375
*NC(=O)C[SH](C)(=CC(C)C)C(C)(C)C(*)=O,117.48308
*NC(=O)Cc1ccc(C)c(NC(*)=O)c1,186.2927
*NC(=O)Cc1ccc(C)c(NC(=O)CCCCCCCCCCC(=O)Nc2ccc(*)cc2)c1,118.76893
*NC(=O)NC(=O)CCN1C=CC(*)C1=O,116.60916
*NC(=O)NC(=O)c1ccc(C(C)(C)c2ccc(S(*)(=O)=O)cc2)cc1,236.50317
*NC(=O)NC(C#N)C(=O)O*,76.23909
*NC(=O)NC(C)S(=O)(=O)CC(*)N,109.828835
*NC(=O)NC1CCC(NC(=O)NCCCCCCNC(=O)O*)C1,91.150696
*NC(=O)NCC(C)NC(=O)NNC(=O)c1ccc(C(=O)N(*)C)cc1,221.65723
*NC(=O)NCCC/C=C/CCC(=S)S*,60.790504
*NC(=O)NCCCCCCNC(=O)NCCCc1ccc(NC(=O)c2ccc(*)cc2)cc1,142.15446
*NC(=O)NCCCCCCNC(=O)NCc1ccc(CNC(=O)CCCCCCC(=O)Nc2ccc(Cc3ccc(NC(=O)OCCCCCCCCCCOC(*)=O)cc3)cc2)cc1,50.758316
*NC(=O)NCCNC(=O)NCc1ccc([Si](*)(C)CCCC)cc1,130.24203
*NC(=O)NCCNC(C)C(=O)NC(C)=C(C)CCC(C)NC(=O)c1cc(*)nc(Br)c1,134.64664
*NC(=O)NCCSCCC[PH](C)SC(=O)OCC(C)(C)O*,-12.247971
*NC(=O)NCSCSCCCNSC(=O)NCc1ccc(C=*)cc1,53.57045
*NC(=O)NNC(=O)c1ccc(*)nc1,220.93054
*NC(=O)NNC(=O)c1ccc(NC(=O)NCCCCCCCCNC(*)=O)cc1,135.17159
*NC(=O)Nc1ccc(Cc2ccc(NC(=O)NCCCNC(*)=O)cc2)cc1,211.9492
*NC(=O)Nc1cccc(COC(=O)O*)c1,84.940285
*NC(=O)OC1COCCCCCCCOC(*)C1=O,27.742722
*NC(=O)OCC(C)(C)CC(C)(C)COC(*)=O,6.825058
*NC(=O)OCCCCCCOC(=O)O*,-12.9487
*NC(=O)OCCOC(=O)OCC(C)(C)NC(=O)c1ccc(*)s1,3.893921
*NC(=O)SCCCCCCCCCCC(=O)NNC(=O)CCCCCCC(*)=O,21.106682
*NC(=O)SCc1ccc(CC(=O)NCCCOCCCCCCOCCCCOCCCCCCCCCCO*)cc1,24.686638
*NC(=O)SSCCCCCC(=O)NCc1ccc(CNC(*)=O)cc1,69.33902
*NC(=O)[Si](CCCCCC)OCCCCCCCCCCOc1ccc(C(C)(C)c2ccc(C#N)cc2)cc1*,38.186386
*NC(=O)c1c(C#N)cc(C(*)=O)cc1OCCCCC,124.5431
*NC(=O)c1cc(C(*)=O)c(Cl)cc1Br,200.11975
*NC(=O)c1cc(OCCN(CC)CCCC)c(C)c(NC(=O)c2cccc(C(*)=O)c2)c1C(=O)O,121.629364
*NC(=O)c1ccc(-c2ccc(C(=O)NNC(=O)CCCCCCCCCCC(*)=O)cc2)cc1,106.01921
*NC(=O)c1ccc(C(=O)NCCCCCCCCCCCCCN(*)CCCC)cc1,84.862686
*NC(=O)c1ccc(C(=O)NCCCCCCCCNC(=O)/C=C/c2ccc(NC(*)=O)cc2)cc1,167.04028
*NC(=O)c1ccc(C(=O)NCCCCCCCCSNC(=S)c2ccc(C(*)=O)cc2)cc1,111.079254
*NC(=O)c1ccc(C(=O)NCCSSCCCCc2ccccc2N*)cc1,79.59151
*NC(=O)c1ccc(C(=O)NCCc2ccc(*)cc2)cc1,219.04468
*NC(=O)c1ccc(C(=O)NCN(*)CCC)cc1,129.55899
*NC(=O)c1ccc(C(C)(C)CC(=O)NCCCCCCCC(*)=O)cc1,53.935204
*NC(=O)c1ccc(C(C)(C)c2ccc(C(=O)Nc3ccc(*)cc3)cc2)cc1,237.80183
*NC(=O)c1ccc(OC(F)(F)C(F)(F)C(F)(F)C(F)(F)C(F)(F)C(C)(C)O*)cc1,53.211395
*NC(=O)c1ccc(S(*)(=O)=O)cc1-c1ccccc1,198.64894
*NC(=O)c1cccc(C(=O)NCCCCCCCCCNC(OC)C(*)=O)c1,116.6859
*NC(=O)c1cccc(C(=O)NCCCCCNC(=O)c2cccc(*)n2)c1,129.77454
*NC(=O)c1cccc(C(=O)OCCOC(*)=O)c1,60.302536
*NC(=O)c1ccccc1-c1ccccc1C(=O)NNC(=O)CCCCC(=O)NNC(=O)c1ccccc1NC(=O)CCCCC(=O)NCCCCCCOc1ccc(*)cc1,66.77145
*NC(=S)CCCCSC(=O)NC(CC(C)(C)C)C(*)C=C,45.011406
*NC(=S)NC(=C=*)C#N,77.90812
*NC(=S)NC(=O)c1ccc(N(C)C(=O)CCCCCCCCC(=O)Nc2ccc(*)cc2)cc1,127.455925
*NC(=S)NCCC(=O)OCCOC(=O)c1ccc(-c2ccc(C(*)=O)cc2)cc1,109.89606
*NC(=S)NCCC(N*)C(=O)NC(=O)O,103.58416
*NC(=S)NSCCCSCCSCC(*)=O,-13.586502
*NC(=S)Nc1ccc(Cc2ccc(NC(*)=S)cc2)cc1,200.51942
*NC(=S)Oc1ccc(C(C)(C)c2ccc(/N=C/c3ccc(C(*)=O)cc3)cc2)cc1,180.62259
*NC(=S)c1cc(*)oc1C,88.7015
*NC(C#CC=C)CC(*)=O,-1.4777222
*NC(C#N)=C(OCC(F)(F)F)C(*)=O,95.77068
*NC(C(*)=O)C(=O)Oc1ccccc1,101.31705
*NC(C(=O)OCC(C)(C)C(*)OC(=O)c1ccc(OC)cc1)=C(C#N)C#N,75.28723
*NC(C(=O)OCCCCNC(=O)NCCCC)N(*)C(C)CCCCCC,-7.4406586
*NC(C)(C)C(=O)N[PH](C)=C(C)CCCNC(*)=O,107.852646
*NC(C)=C(C)CC(C)(C)CC(C)(C)CC(*)=O,115.91391
*NC(C)=C(C)CCNC(=O)c1ccc(*)cc1C(C)(C)C,132.2989
*NC(C)C(*)(C)C(=O)OCCCCCCCCCC,-5.3325043
*NC(C)C(=*)CCCCCCC,-35.949265
*NC(C)C(=O)CCCC(=O)N(*)C,20.012543
*NC(C)C(=O)N(*)C(C)C,145.77081
*NC(C)C(=O)NC(C)(C)C(=O)NC(=O)N(*)CC,164.11963
*NC(C)C(=O)NC(C)(C)CC(C)(C)C(=O)NC(CC(F)(F)C(F)(F)C(F)(F)C(F)(F)F)C(=O)N(*)CC(C)C,127.369934
*NC(C)C(=O)NC(C)C(=O)NC(C#N)C(=O)O*,107.48634
*NC(C)C(=O)NC(CC(=O)NCc1ccccc1)C(=*)NCCCCCCCCCCOc1ccc(/N=N/c2ccc([N+](=O)[O-])cc2)cc1,105.512436
*NC(C)C(=O)NC(NC(=O)CCC)C(*)=O,115.6469
*NC(C)C(=O)NCCCCCC(=O)NCC(*)=O,70.19563
*NC(C)C(=O)NCCCCCCCC(*)=S,30.98323
*NC(C)C(=O)NCCCCCCCCCCCCCNC(=O)C(C)NC(=O)CCCC(*)=O,47.363914
*NC(C)C(=O)NCCCCCCNC(=O)Nc1ccc(NC(=O)Nc2ccc(*)c(OC)c2)cc1,134.88141
*NC(C)C(=O)NCCCCCCNC(=S)NC(*)=O,106.14855
*NC(C)C(=O)NCCCSCCNC(*)=O,54.69317
*NC(C)C(=O)NCc1cc(C)cc(NC(=O)OCC)c1*,134.41302
*NC(C)C(=O)OC(=O)SSSO*,-7.63443
*NC(C)C(=O)OC1CCCN(*)CC1,61.807693
*NC(C)C(=O)OCC1COCCC(*)OC1,34.68048
*NC(C)C=CC(=O)NNC(=O)CCNc1ccc(Cc2ccc(NC(=O)S*)cc2)cc1,128.76717
*NC(C)CCC(C)(CCCCCC)NC(=O)C(CCCCCCCC)C(=O)NCCCCCCNC(*)=O,23.915863
*NC(C)CCNC(=O)CCCCC(=O)NCCCCCCCCCC(*)=O,22.61776
*NC(C)COC(=O)c1ccc(C(=O)NCC(*)=O)cc1,98.701004
*NC(C)CSC(=O)c1cccc(C(=O)NCCCNC(=O)c2ccc(*)cc2)c1,126.47679
*NC(C)OC(*)C#N,14.816971
*NC(C)OCC(COC(=O)Nc1ccccc1)c1cccc(*)c1,45.35045
*NC(C)[Si](C)(C)CC(C)CCC(*)(C)c1cccc(C)c1,0.5389404
*NC(C=C)C(*)C(F)(F)F,76.25596
*NC(CC(*)=O)C(=O)Nc1ccc(O)cc1,157.55276
*NC(CC(*)=O)C(=O)OCCOc1ccc(C(=O)Oc2ccc(C#N)cc2)cc1,86.97189
*NC(CC(*)=O)C(=O)c1ccccc1,89.15883
*NC(CC(*)=O)C(O)C(=O)O,74.33708
*NC(CC(=O)NC(=O)OCc1ccc(C(*)=O)cc1)Oc1ccccc1,103.22267
*NC(CC(=O)OC)C(*)C(=O)OCC,49.022263
*NC(CC(=O)OCC)C(*)C(=O)C(F)(F)Cl,50.02053
*NC(CC(=O)OCC)C(*)C(=O)OCCCCCC,-8.370651
*NC(CC(=O)OCCN(C)C)C(=P)C(*)=O,40.92923
*NC(CC(C)(C)CC)NC(=S)CC(*)=O,70.60399
*NC(CC(C)(CNC(*)=O)OC)C(=O)OC,70.87726
*NC(CC(C)=S)C(*)CC,46.995872
*NC(CC(C)C)C(C)=C(C#N)C(=O)NC(*)C,153.60597
*NC(CC(C)C)C(C)NC(*)=O,108.26706
*NC(CC(C)C)C(C)OC(=O)CCCCC(*)=O,22.499382
*NC(CC(C)C)O[Si](*)(C)CCC,-64.671936
*NC(CC(C)Cc1ccccc1)C(*)c1ccccc1,105.54787
*NC(CC(C=C)C(*)=O)C(=O)OCC,61.792007
*NC(CC(F)(F)F)OC(=O)c1ccc(C(=O)OC(=O)c2ccc(C(*)=O)cc2)cc1,137.60027
*NC(CC(O)CO)C(*)C(=O)NCCCC,94.66992
*NC(CC(O)COC(=O)NCCCCCCCCC(=O)OC)C(*)=O,-8.261368
*NC(CC)CN(*)C,22.371086
*NC(CC)CNC(=O)CCCCC(=O)NC(C)COC(=O)NCCCNC(*)=O,59.256195
*NC(CC)NC(=O)c1cccc(C(=O)NNC(*)=O)c1,188.46776
*NC(CC)NC(=S)S*,74.4771
*NC(CCC#N)C(=O)OCCOC(=O)NC1CCC(CNC(=O)O*)C1,31.441078
*NC(CCC(*)=O)C(=O)NCCCCC,48.123016
*NC(CCC(*)=O)C(=O)OCC1CCCCC1,44.83171
*NC(CCC(=O)NC)C(*)=O,86.1252
*NC(CCC(=O)NCCCCCCCCCCCCCC)NC(=O)CCCCCCCCC(*)=O,19.440979
*NC(CCC(=O)NCCCCCCCCCCCNC(*)=O)SS(=O)(=O)c1c(Cl)cccc1OCCCCCCCCCCCCCCCC,48.843567
*NC(CCC(=O)NCCCCCCNC(*)=O)C(=O)OCCCCCCCCCCCC,-13.182159
*NC(CCC(=O)NCCCOC(=O)NCCSC(*)=O)c1ccc(-c2ccccc2)cc1,56.98033
*NC(CCC(=O)NCCc1ccccc1)C(*)(C)C,90.349396
*NC(CCC(=O)NC[Si](C)(C)CCC(*)=O)C(=O)OC,29.936539
*NC(CCC(=O)O)c1ccc(*)cc1,79.78497
*NC(CCC(=O)OC(C)C)C(C(=O)O*)C(C)c1ccccc1,49.924843
*NC(CCC(=O)OC(C)C)[SH](*)=O,20.650162
*NC(CCC(=O)OC)C(*)=S,26.122437
*NC(CCC(=O)OCC(C)C)C(C(*)=O)C(=O)OCCCCCCCCCCCCCCCC,-8.752914
*NC(CCC(=O)OCC)C(=O)N(CCCCCC)C(=O)NC(C)C(=O)c1ccccc1C(*)=O,70.838
*NC(CCC(=O)OCCCC)C(*)C(=O)NCC,39.482376
*NC(CCC(=O)OCCCCC)C(=*)CCCC(C)C,-47.892242
*NC(CCC(=O)OCCCCCC)C(=O)OCCC(C)N(*)CCCCCCCCCC,-38.62906
*NC(CCC(=O)OCCCCCCCCCCC(=O)OCc1ccc(OC(=O)CCCCCCCCCCC(*)=O)cc1)C(C)(CC)c1ccc(/N=N/c2ccc(C(=O)OC(C)(C)C)cc2)cc1,42.44819
*NC(CCC(=O)OCCCCCCCCCCCCCC)C(*)=CC=C(C)C,-23.400406
*NC(CCC(=O)OCCCCCCOc1ccc(-c2ccc(*)cc2)cc1)C(=O)OCCCCCCCCCCCCCCCc1ccc(/N=C/c2ccc([N+](=O)[O-])cc2)cc1,78.333534
*NC(CCC(=O)OCCCOc1ccc(C(=O)OC)cc1)C(*)=O,11.649567
*NC(CCC(=O)OCCOC(=O)c1ccccc1C(*)=O)C(=O)OC,23.87638
*NC(CCC(=O)OCc1ccc(*)cc1)C(Cc1ccccc1)NC(C)(C)C,80.82425
*NC(CCC(=O)OCc1ccccc1)C(*)c1ccccc1,71.270966
*NC(CCC(=O)OCc1ccccc1)C(=*)COc1ccc(/N=N/c2ccccc2)cc1,86.150986
*NC(CCC(F)(F)F)C(*)(F)Cl,-7.680664
*NC(CCC(F)(F)F)C(F)(F)C(*)(F)C(F)(F)F,-2.1873474
*NC(CCC)C(CCCC)S*,32.543518
*NC(CCC)CCOC(=O)c1ccc(C(C)(C)c2ccc(C(*)=O)cc2)cc1,123.1555
*NC(CCC/C=C/C=C/C(*)=O)C(=O)OC,73.269
*NC(CCCC)CNC(=O)c1ccc(C(*)=O)cc1,179.18344
*NC(CCCCCC)CCC[PH](*)(C)CCCCCC,-39.177887
*NC(CCCCCCCCC)C(=O)NCC[Si](*)(C)C,12.919373
*NC(CCCCCCCCCC)CS*,-46.621307
*NC(CCCCCCCCCCCCCCCCCCCCCC)C(CCCS)C(*)OC(C)(C)C,7.1088715
*NC(CCCCCCCCCCCCOC(=O)CCCCCCC(*)=O)CC(C)C,-24.015488
*NC(CCCCCCCCCl)C(OC(=O)NC(C)C)C(C)C(=O)C(*)=O,46.12063
*NC(CCCCCCCCNC(=O)Nc1ccc(NC(=O)NC(C)C(*)=O)cc1)c1ccccc1,106.45114
*NC(CCCCCCSC)CC(*)=O,-14.495026
*NC(CCCCN(*)C#N)c1ccc(-c2ccc(C)cc2)cc1,65.255424
*NC(CCCCN)C(=O)NCCCCCCCCCCCNC(=O)SCCCC(*)=O,17.775345
*NC(CCCCN)C(=O)OC(=O)CCC(*)=O,4.287552
*NC(CCCCN=C(C)C)C(=O)NC(C)C(=O)OC(C)C(*)=O,32.349716
*NC(CCCCNC(=O)C(=O)NC(*)(F)Cl)C(=O)O,73.52309
*NC(CCCCNC(=O)NCC)C(CC(*)=O)C(=O)OCC,72.71855
*NC(CCCCNC(=O)NCCCCCCCCCCCC)CC(*)=O,2.830536
*NC(CCCCNC(=O)OC)C(*)=O,11.419922
*NC(CCCCNC(=O)SCCCCCC)C(*)=O,1.2212219
*NC(CCCCNC(=O)c1ccccc1)C(*)C,60.203598
*NC(CCCCOC(=O)c1ccc(*)cc1)C(C)C,15.862717
*NC(CCCCOC(=O)c1cccc(C(*)=O)c1)C(C)(C)C,43.693817
*NC(CCCN(C)C)C(*)C(=O)OCCCCC,6.3025055
*NC(CCCNC(=O)C(F)(C(F)(F)F)C(F)(F)C(F)(F)C(*)(F)F)C(F)(F)F,31.687164
*NC(CCCNC(=O)CCCCCCCCCC(=O)Nc1cccc(*)c1)NC(=O)c1ccc(S(=O)(=O)c2ccccc2)cc1,96.62723
*NC(CCCNC(=O)NCCCCCCNC(=O)SCc1ccc(*)cc1)C(=O)OCCCCCCCCCCCCCCCC,20.835579
*NC(CCCNC(=O)OCCCCCCCCCCNC(=O)OCCCCCCCCCC)c1ccc(*)nc1,9.803009
*NC(CCCOC(=O)c1ccc(Cl)cc1F)CCC(=O)OCc1ccc(/N=N/c2ccc([N+](*)=S)cc2)cc1,102.49572
*NC(CCCOCCCC)CCC[Si](*)(C)C,-38.492477
*NC(CCCOc1ccc(OC(=O)/C=C/c2ccccc2)cc1)C(*)=O,95.61925
*NC(CCN(*)c1ccc(Br)cc1)Oc1ccc(C(F)(F)F)cc1,101.98811
*NC(CCNC(=O)NCc1ccc(C)cc1)NC(=O)c1ccc(C(*)=O)cc1,175.9469
*NC(CCOC(=O)NC(*)=O)C(=O)OCCCCCC,-20.589218
*NC(CCl)CSCCC(*)=O,31.778938
*NC(CN)(C(*)=O)C(=O)OC(C)C,115.04181
*NC(CN)N(*)CCCCCCCCC,-36.18544
*NC(CNC(=O)NCCOC)C(*)=O,100.611755
*NC(CNC(=O)NCc1ccc(C)cc1)C(=*)COCCCC,66.63208
*NC(COC(=O)NCCCCCCCCCNC(=O)O*)c1ccc(OCCC)cc1,50.61843
*NC(COC(=O)NCCCCCCCNC(*)=O)C(C)C,66.1458
*NC(COC(=O)Nc1ccc(C#N)c(C)c1C)C(*)F,138.7344
*NC(COC(=O)OCCCCCC)CC(*)(CCCCC)COCCCC,-7.880417
*NC(COCC(O)C(*)=O)C(=O)OCCCC,26.928673
*NC(CSC(=O)SCc1ccc(O)c(C(F)(F)C(F)(F)C(*)(C(F)(F)F)[Si](C)(C)C)c1)c1ccc(O)cc1,70.36537
*NC(Cc1ccccc1C)c1ccc(N=*)cc1,158.40065
*NC([2H])(C(=O)OCCCC)C(*)C(=O)OC(C)C,66.88302
*NC1=CC=C(OC(=O)c2ccc(NC(=O)CCCCCCC(*)=O)cc2)C(=O)C1,69.78816
*NC1CC(CC(C)(CNC(=O)c2ccccc2C(=O)O)C(*)Cl)C1,153.11366
*NC1CCC(C(O)CCCCC(*)=O)C1,56.905464
*NC1CCC(CNC(=O)NCCCCCCNC(*)=O)C1,87.33316
*NC1CCN(CCOC(=O)CCC(*)=O)C1,34.51355
*NC1CC[SH](*)(CC(C)(C)C)C1,132.23471
*NC=C(*)C(=C)CC(C)(C)C,80.33017
*NC=C=C[Si](C)(C)[Si](*)(C)CCCC[Si](C)(C)C,-51.717712
*NC=Cc1ccc(-c2ccc(S(*)(=O)=O)cc2)cc1,136.96613
*NCC(=O)NC(=O)N1CCN(CCNC(=O)c2ccc(*)cc2)C1=O,161.35753
*NCC(=O)NCCCCCCNC(=O)C1CCCC=CCC1*,104.642914
*NCCC(=O)NCCCOCCNC(=O)c1cccc(*)n1,78.04621
*NCCCCCCCCOCCN(CCOC(=O)NCCCCCCCNC(*)=O)C(=O)O,-9.950943
*NCCCCCCNC(=O)CCCCCCCCC(=O)N*,24.226723
*NCCN(CCCCSCCCCCCOc1ccccc1N(C)C)C(=O)N1CCN(*)CC(C)N1,39.964752
*NCCNCC(=O)CCCCC(=O)NCCNCOC(=O)NNC(=O)CCCCC(*)=O,4.7786865
*NCc1ccc(*)cc1N1C=CC2=CC=C(C1=O)c1ccccc1-c1ccc(c(=O)o1)C1C(=O)Oc3c(cccc31)O2,194.23132
*NCc1cccc(CCCNC(=O)CCCS(=O)(=O)CCCC(=O)NCC(*)=O)c1,49.211678
*NN(C)C(=O)c1ccc(N(C)C(=O)c2ccc(*)cc2)cc1,195.78026
*NN(CC(C)CC(F)(F)C(*)([2H])F)CC(F)(F)C(F)(F)F,38.43772
*NNC(=C(C#N)C(*)=O)C(C(=O)O)C(=O)OC,98.00546
*NNC(=O)/C=C/c1ccc(C(*)=O)cc1-c1ccc(C)cc1,220.53763
*NNC(=O)C(=O)NNC(=O)CCCCCN(*)c1ccc(F)[nH]1,61.85157
*NNC(=O)C(C)N(C)C(=O)OC(=O)c1ccc(C(*)=O)cc1,148.79723
*NNC(=O)C(C)NC(=S)C(*)=O,113.49666
*NNC(=O)C(CCCCCCCC)NC(=O)C(=O)NCCCSCCNC(=S)CNC(CCCC)=C(C)C=C=*,28.706024
*NNC(=O)C(COC(C)=O)C(*)=O,53.579903
*NNC(=O)CC(=O)NNC(=O)c1cccc(C(*)=O)c1,197.14612
*NNC(=O)CC(C)(C)NC(=O)NC(C=C(C)C(=O)OC(C)(C)C)=C(*)C,155.44098
*NNC(=O)CCCCC(=O)NC(CCCCCCCCC)NCC(*)=O,33.087105
*NNC(=O)CCCCC(=O)NCCCCNC(=O)/C=C/C(=O)NCc1ccccc1CN(*)C,115.81749
*NNC(=O)CCCCC(=O)NNC(=O)C(C)(C)CSSCCN(C)C(*)=O,42.16868
*NNC(=O)CCCCCCCCCCCCCC=CC(=O)NNC(=O)CCCCC(*)=O,41.02516
*NNC(=O)CCCCCOC(*)=O,-5.2521515
*NNC(=O)CCSCCC(*)=O,6.8439026
*NNC(=O)CCc1cc(NC(*)=O)ccc1-c1ccccc1,160.8018
*NNC(=O)CCc1cccc(C(=O)NCCCCCCCNC(=O)c2ccc(C(*)=O)cc2)c1,127.1615
*NNC(=O)CNC(=O)c1cccc(C(=O)NCCC)c1*,165.55664
*NNC(=O)COc1ccc(C(C)(C)c2ccc(NC(=O)COCC(*)=O)cc2)cc1,130.89682
*NNC(=O)Cc1cc(C(*)=O)cc(C(=O)N(C)C)c1,198.06612
*NNC(=O)Cc1ccc(C(*)=O)cc1SCCC(C)O,105.84661
*NNC(=O)Cc1ccc(C(=O)NCCCCCCNC(*)=O)cc1,109.52591
*NNC(=O)Oc1c(Cl)cc(*)cc1C(C)C,106.73454
*NNC(=O)c1cc(C(*)=O)cc(S(=O)(=O)O)c1,179.62064
*NNC(=O)c1cc(C(=O)NNC(=O)c2ccc(*)cc2)ccc1C,230.66699
*NNC(=O)c1cc(C(=O)OCCCCCCCCCCCCCC)c(*)s1,13.405685
*NNC(=O)c1cc(NC(=O)NCCNC(*)=O)cc(C(CC)CC)c1C,167.35518
*NNC(=O)c1cc(NC(=O)NCc2cccc(CNC(*)=O)c2)cc(C(F)(F)F)c1F,191.67542
*NNC(=O)c1cc(OCCCCCCCCC)cc(C(*)=O)c1O,34.915176
*NNC(=O)c1ccc(-c2ccc(NC(=O)NCCNC(*)=O)cc2)cc1,209.91122
*NNC(=O)c1ccc(C(=O)NC(=*)CCCCC(C)C)cc1,75.83505
*NNC(=O)c1ccc(C(=O)NC(=O)CCCCCCCC(*)=O)cc1,68.84131
*NNC(=O)c1ccc(C(=O)NCCCCCCNC(=O)c2ccc(*)s2)cc1,119.606445
*NNC(=O)c1ccc(C(=O)NCCNC(=O)c2ccc(C(=O)SCCN(*)CC)cc2)cc1,121.94301
*NNC(=O)c1ccc(C(=O)NNC(=O)/C=C(/*)c2ccccc2)cc1,242.70801
*NNC(=O)c1ccc(C(=O)NNC(=O)c2ccc(*)n2C)cc1,186.45724
*NNC(=O)c1ccc(C(C(=O)N(*)CCC)c2ccc(C#N)cc2)cc1,190.95786
*NNC(=O)c1ccc(C(C)(C)c2ccc(C(*)=O)cc2)cc1C,202.19339
*NNC(=O)c1ccc(C(C)(C)c2ccc(C(=O)NNC(=O)c3ccc(C(*)=O)cc3)cc2)nc1,233.59286
*NNC(=O)c1ccc(C(C)(C)c2ccc(C(=O)Nc3ccc(*)cc3)cc2)cn1,208.02469
*NNC(=O)c1ccc(C(C)(C)c2ccc(C(C)(C)c3ccc(C(C)(C)c4ccc(C(*)=O)cc4)cc3)cc2)cc1,214.98651
*NNC(=O)c1ccc(C(F)(F)C(F)(F)C(*)(F)F)cc1,86.10722
*NNC(=O)c1ccc(C[Si](C)(C)c2ccc(C(=O)OC(=O)c3ccc(C(*)=O)cc3)cc2)cc1,173.78833
*NNC(=O)c1ccc(N(C)CC[Si](C)(C)CCC(C)CC)cc1C(*)=O,94.24356
*NNC(=O)c1ccc(N(C)c2ccc(C(=O)Nc3ccc(Sc4ccc(*)cc4)cc3)cc2)cc1,241.61317
*NNC(=O)c1ccc(NC(=O)C(*)=O)cc1,212.40344
*NNC(=O)c1ccc(NC(=O)Nc2ccc(NC(=O)SCC(*)=O)cc2)cc1,188.952
*NNC(=O)c1ccc(Oc2ccc(C(*)=O)cc2)cc1C(=O)Oc1ccc(C)cc1,175.42783
*NNC(=O)c1ccc(Oc2ccc(S(=O)(=O)C(F)(F)C(F)(F)C(F)(F)C(F)(F)C(F)(F)C(*)(F)F)cc2)cc1,95.446495
*NNC(=O)c1ccc(Sc2ccc(NC(=O)OCCCCCCCCCOC(*)=O)cc2)cc1,76.46096
*NNC(=O)c1ccc([SH](C)(C)c2ccc(C(*)=O)cc2)cc1,211.8505
*NNC(=O)c1cccc(C(=O)Nc2ccc(S(=O)(=O)c3ccccc3-c3ccccc3C(=O)c3ccc(*)cc3)cc2S(=O)(=O)[O][Na])c1,221.22298
*NNC(=O)c1cccc(C(C)(C)c2ccc(C(=O)NC(=O)CN[PH](*)(c3ccccc3)c3ccccc3)cc2)c1,185.78818
*NNC(=O)c1cccc(NC(=O)c2cccc(C(=O)Nc3ccc(*)cc3)c2)c1,233.35019
*NNC(=O)c1cccc(OC(=O)C(CCCCC)Oc2ccccc2-c2ccc(N=*)cc2)c1,76.96319
*NNC(=O)c1cccc(S(=O)(=O)/N=C/c2ccc(C(*)=O)cc2)c1,197.55496
*NNC(=O)c1ccccc1C(=O)NCCCCCCCCCSCCc1ccccc1CCN(*)C[Si](C)(C)C,60.71315
*NNC(=O)c1ccccc1C(=O)OCC(C)CC[Si](*)(C)CC,36.66227
*NNC(=O)c1ccccc1C(C)(C)c1ccc(C(*)=O)cc1,195.33249
*NNC(=S)NCCCCC(*)=O,61.2352
*NNC(=S)c1ccc(NCC(*)=O)cc1,146.78484
*NP(=O)(Cc1ccccc1)C(C(*)=O)C(=O)OC,99.32273
*NS(*)([2H])(=O)Cl,25.547089
*NS(=O)(=O)CCC(*)=O,80.174934
*NS(=O)(=O)c1ccc(Cc2ccc(NC(=O)CCCCCCCCC(*)=O)cc2)cc1,95.52171
*N[PH](*)(C)CCCCCCCCCS(=O)(=O)O,-1.4910889
*N[PH](*)(CCCCC)c1ccc(O)c(C(C)(C)C)c1,68.27487
*N[Se](C)C(=O)c1cccc(C(=O)Nc2ccc(*)cc2)c1,158.78943
*N[Se]C(=O)c1ccc(-c2ccc(NC(=O)CCCCCCCCCC(*)=O)cc2)cc1,66.03144
*N[Se]P(=O)(/N=N/c1ccc(*)cc1)OCCOC,62.971375
*N[Si](*)(C)CC,-43.843918
*N[n+]1ccc(NC(=O)c2cc(NC(=O)CCCCCCCCC(*)=O)cc(C(=O)OCCCCCC)c2)cc1,66.02247
*Nc1c(*)cc(C)cc1CCCCC(Cl)C(=O)O,109.91716
*Nc1c(Br)cc(-c2cc(CCCC)c(C)cc2-c2ccc(*)c(OC)c2)cc1OC,152.14761
*Nc1c(C)cc(-c2cc(C)c(*)c(C)c2O)cc1C,190.51006
*Nc1c(C)cc(-c2cc(C)c(N=*)cc2OCCN(C)C)cc1OC,142.81781
*Nc1c(C)cc(-c2ccc(C#N)cc2)c(*)c1O,183.46907
*Nc1c(CC)cc(*)cc1-c1ccc(Br)cc1,249.30411
*Nc1c(Cl)cc(Cc2cccc(C(=O)c3ccc(*)cc3)c2)c(C)c1C,155.7977
*Nc1c(O)cc(*)cc1-c1ccccc1,222.41936
*Nc1c([2H])c(Cl)c(*)c(F)c1F,161.60104
*Nc1cc(*)c(C(C)(C)C)cc1C=N,169.49496
*Nc1cc(*)c(N)cc1-c1cc(C(=O)O)c(Cl)cc1Cl,197.63203
*Nc1cc(*)c(OCCC(=O)OCCCCCC)cc1C(=O)Oc1ccc(-c2ccc(/N=N/c3ccc(C)cc3)cc2)cc1,113.50847
*Nc1cc(*)cc(Cc2ccccc2)c1C(C)C,161.28354
*Nc1cc(*)cc(Cl)c1C,205.33334
*Nc1cc(*)cc([2H])c1C,180.94807
*Nc1cc(*)ccc1OCCCCCCCC,41.929733
*Nc1cc(*)nn1CC/C=C/C=C/C(C)=O,117.72243
*Nc1cc(-c2ccc(NC(=O)c3cc(C(*)=O)cc(N4C(=O)c5ccccc5C4=O)c3)c(C)c2)cc(S(=O)(=O)c2ccccc2)c1,292.117
*Nc1cc(/C(C#N)=C/c2ccc(/N=N/c3ccc(*)cc3)cc2)ccc1C,224.56287
*Nc1cc(Br)c(-c2cc(*)c(CCCC)cc2C)cc1C,142.86057
*Nc1cc(Br)c(Nc2ccc(*)nc2)cc1OC,177.84958
*Nc1cc(Br)nc(NC(=O)CCCCCCCCCCC(=O)Nc2ccc(*)cc2)c1,124.7166
*Nc1cc(C(*)=O)cc(C(F)(F)OC(F)(F)C(F)(F)C(F)(F)C(F)(F)F)c1,70.90654
*Nc1cc(C(*)=S)cc(C(=O)OC)c1C,157.70193
*Nc1cc(C(=O)NC(=O)c2ccccc2)c(*)cc1CC,213.55426
*Nc1cc(C(=O)OCCCCCCCCCCCC)ccc1*,40.316338
*Nc1cc(C(C)(C)C)c(*)cc1OCCOCCOCCOCCOCCOC,62.19323
*Nc1cc(C)c(CNC(*)=S)cc1CC(F)(F)F,163.04404
*Nc1cc(C)c(NC(=O)c2ccc(C(*)=O)cc2)cc1SCCCCCC(=O)OCCCCCCCCCCCCCC,79.61721
*Nc1cc(CC(*)=S)c(C)cc1-c1ccccc1,153.48216
*Nc1cc(CCCCC)c(C=C)c(*)c1Cl,76.94574
*Nc1cc(CCCCCC)cc(*)c1O,75.88684
*Nc1cc(CCCCCCC)c(*)cc1OCCC,64.27653
*Nc1cc(CCCCCCCCC)c(CS(=O)(=O)c2ccc(C(*)=O)cc2)c(F)c1F,99.273926
*Nc1cc(CCCCCCCCCC)cc(C(C)(C)C)c1C(=O)OC(=O)CCCCCCC(=O)OCCCCCC(*)=O,10.536285
*Nc1cc(CCCCCCCCCCC)c(*)cc1OCC(CO)CCCCCCCCCC,-9.712173
*Nc1cc(CCCCCCCCCCCCC)c(*)cc1SCCCCCCCCCCCC,7.050644
*Nc1cc(CCCCCCCCCCCCCCCCC)c(*)cc1OCCCC,13.123703
*Nc1cc(CCCCCNC(=O)c2ccc(C(*)=O)cc2)cc(C(=O)OCCCCCCCCCCCCCC)c1,56.60972
*Nc1cc(CCCc2ccc(C#N)cc2)c(C(*)=O)cc1C(=O)OC,135.05267
*Nc1cc(CNC(=O)CCCCCCCC)c(*)cc1OC,81.005806
*Nc1cc(CNC(=O)c2ccc(C(*)=O)cc2)cc(C(=O)Oc2ccc(/N=N/c3ccc(F)cc3)cc2)c1,208.82315
*Nc1cc(Cc2ccc(NC(=O)CCC(*)=S)cc2)cc(-c2ccccc2)c1,143.92258
*Nc1cc(Cl)c(C#N)c(*)c1C,200.36873
*Nc1cc(Cl)c(Cl)c(*)c1F,161.65663
*Nc1cc(Cl)c(N=*)cc1C,174.72552
*Nc1cc(Cl)c(OCCCCCCCCC)cc1*,40.43228
*Nc1cc(Cl)cc(NC(=O)c2ccc(NSC(*)=O)cc2)c1,198.2958
*Nc1cc(Cl)ccc1-c1ccc(*)cc1Br,192.32967
*Nc1cc(N(c2ccccc2)c2ccc(N=C(*)c3ccccc3)cc2)cc(C(C)(CCC)c2ccccc2)c1,185.81456
*Nc1cc(N)c(*)cc1-c1ccccc1,203.20657
*Nc1cc(N)c(*)cc1OC(C)CC,172.03268
*Nc1cc(N)c(-c2cc(C#N)c(*)cc2SC)cc1C,196.67429
*Nc1cc(N)c(C(*)=O)cc1C(C)C,233.47296
*Nc1cc(NC(*)=O)ccc1/N=N/c1ccc(/N=N/c2ccc(C#N)cc2)cc1,204.71628
*Nc1cc(NC(*)=O)ccc1CC,206.12044
*Nc1cc(NC(=*)CC)ccc1OCC(CO)COC(=O)Oc1ccc(C(=O)O)cc1,102.45836
*Nc1cc(NC(=O)/C(C)=C/c2ccc(C(*)=O)cc2)ccc1CC,254.42232
*Nc1cc(NC(=O)C(C)(C)C)c(*)cc1[N+](=O)[O-],226.81622
*Nc1cc(NC(=O)C(C)NC(=O)CC(C)CC)c(C(*)=O)cc1OC,169.04718
*Nc1cc(NC(=O)CCCCC(=O)NNC(=O)c2ccc(*)cc2)cc(OC(=O)c2ccc(OCC)cc2)c1,120.412315
*Nc1cc(NC(=O)CCCCCCCCC(*)=O)cc(C(=O)O)c1C,66.38919
*Nc1cc(NC(=O)CCCCCCCCC(*)=O)cc(CC(F)(F)C(F)(F)C(F)(F)C(F)(F)C(F)(F)C(F)(F)C(F)(F)F)c1F,29.149925
*Nc1cc(NC(=O)Cc2ccc(CC(=O)O*)cc2)cc(S(=O)(=O)c2ccc(C(C)(C)C)cc2)c1,184.87564
*Nc1cc(NC(=O)NCCNC(*)=O)cc([N+](=O)[O-])c1,212.64267
*Nc1cc(NC(=O)Nc2ccc(C(*)=O)c(C)c2)ccc1C,274.08466
*Nc1cc(NC(=O)Nc2ccc(C)c(NC(*)=S)c2)cc(C(c2ccc(C)cc2)C(N)(C(=O)NC(F)(F)F)C(F)(F)F)c1,196.70767
*Nc1cc(NC(=O)Nc2ccc(Cc3ccc(NC(=O)c4ccc(S(*)(=O)=O)cc4)c(C)c3)cc2)c(C)c(C)c1C,225.93109
*Nc1cc(NC(=O)Sc2cccc(NC(=O)Nc3ccc(Cc4ccc(NC(*)=O)cc4)cc3)c2)ccc1C,210.34149
*Nc1cc(NC(=O)c2cc(C(*)=O)cc(C(=O)OCCCC)c2)cc([2H])c1Cl,203.78949
*Nc1cc(NC(=O)c2cc(C(*)=O)cc(C(CC)(CCC)CCCCCC)c2)ccc1C,147.61548
*Nc1cc(NC(=O)c2cc(Cl)cc(C(*)=O)c2)cc(S(=O)(=O)NCCNC(=O)O)c1,205.7888
*Nc1cc(NC(=O)c2cc(SCCCCCCCC)ccc2-c2ccc(C(*)=S)cc2)c(C)cc1C,136.50163
*Nc1cc(NC(=O)c2ccc(-c3ccccc3)cc2C(*)=O)ccc1C,239.94742
*Nc1cc(NC(=O)c2ccc(C(*)=O)cc2)cc(C(=O)Nc2ccccc2C(=O)OCC)c1,223.37978
*Nc1cc(NC(=O)c2ccc(C(*)=O)cc2)cc(C(=O)OCCN(CCCC)c2ccc([N+](C)(C)C)cc2)c1,176.14516
*Nc1cc(NC(=O)c2ccc(C(*)=O)cc2)cc(OC(=O)c2ccc(OCCCCC)cc2)c1,136.05954
*Nc1cc(NC(=O)c2ccc(C(*)=O)cc2Br)ccc1/C=C/C(F)(F)F,250.28464
*Nc1cc(NC(=O)c2ccc(C(*)=O)cc2Sc2ccc(C)cc2)cc(C(=O)NNC(C)CCC(F)(F)F)c1,195.83435
*Nc1cc(NC(=O)c2ccc(C(*)=S)cc2)cc(C(=O)N(CC)c2ccccc2)c1,232.6997
*Nc1cc(NC(=O)c2ccc(C(C)(C)c3ccc(Cc4ccc(C(*)=S)cc4)cc3)cc2C)c(C)cc1Br,214.21964
*Nc1cc(NC(=O)c2ccc(NC(*)=O)cc2)cc(C(=O)OCCCCCCCCCCC)c1C(=O)OC,91.336136
*Nc1cc(NC(=O)c2ccc(NC(=*)C)cc2)cc(S(=O)(=O)/N=C(\C)c2ccccc2)c1,220.65244
*Nc1cc(NC(=O)c2ccc(NC(=O)CCCC(*)=O)cc2)cc(C(=O)[O][Na])c1,163.98792
*Nc1cc(NC(=O)c2ccc(NC(=O)CCCCCCCCC(=*)CCOCC(CO)COCC(F)(F)C(F)(F)C(F)(F)F)cc2)cc(C(=O)OCCCCCCCCCOc2ccc(-c3ccc([N+](=O)[O-])cc3)cc2)c1,63.617577
*Nc1cc(NC(=O)c2ccc(Nc3ccc(C(*)=O)cc3)cc2)c(Br)cc1Cl,245.97418
*Nc1cc(NC(=O)c2ccc(OCCCC)cc2)c(*)cc1-c1ccccc1,183.55641
*Nc1cc(NC(=O)c2ccc(OCCCCCCCCCCCCCC)cc2)cc(*)c1OCCCCCCCCCC,37.809776
*Nc1cc(NC(=O)c2cccc(*)c2)ccc1C(=O)OCCCCCCCCCCCCCCCCCCCCCCCC,84.607544
*Nc1cc(NC(=O)c2cccc(C(=O)Nc3ccc(*)cc3)c2)c(C)cc1CNC(C)(C)C,230.64032
*Nc1cc(NC(=O)c2ccccc2)cc(C(*)=O)c1OCCCCCC,119.72986
*Nc1cc(NC(=O)c2ccccc2)cc(C(=O)Nc2cc(*)c(C)cc2F)c1,229.80618
*Nc1cc(OC#CC)c(*)cc1CCC,91.90607
*Nc1cc(OC)c(*)cc1Oc1ccccc1C(C)(C)C,173.19235
*Nc1cc(OCC(C)C)c(*)c(OC)c1OCCCCCCCCCCCCCC,31.995232
*Nc1cc(OCC(C)C)c(*)cc1CC,157.7061
*Nc1cc(OCCC(CC)CCCC)c(*)cc1OC,59.25125
*Nc1cc(OCCC(CC)CCCCC)c(*)cc1C(=O)O,62.316345
*Nc1cc(OCCCCCCCCC)cc(*)c1O,46.94773
*Nc1cc(OCCCCCCCCCC)ccc1*,41.004295
*Nc1cc(OCCCCCCCCCCCC)c(*)cc1OCCCCCCCCCCCC,6.1958923
*Nc1cc(OCCCCCCCCCCCC)c(*)cc1OCCCCCCOc1ccc(-c2ccccc2)c(OC)c1,44.655403
*Nc1cc(OCCCCCCCCCCOC(*)=O)c(SC)c(C)c1C,34.22429
*Nc1cc(OCCN(c2ccccc2)c2ccc(CCCCNC(*)=O)cc2)ccc1C,118.25518
*Nc1cc(SCCCCC)c(C)cc1*,121.7767
*Nc1cc(SCCCCCCCCCCCC)c(*)s1,23.015419
*Nc1ccc(*)c(NC(=O)CCCCCCCCCCCCCCCCCCCC)c1,54.617393
*Nc1ccc(*)c(OC)c1O,154.48845
*Nc1ccc(*)c(OCCCCCCC)c1,37.24539
*Nc1ccc(*)cc1-c1ccc(N(C)CC)cc1,173.50517
*Nc1ccc(*)cc1C(=O)OCCCCCCCCCCCCCC,50.08113
*Nc1ccc(*)cc1C(C)CCl,145.25125
*Nc1ccc(*)cc1OCCCCCCCCCCCCCCCCCCCC,12.030838
*Nc1ccc(*)cc1S[Si](C)(C)c1ccccc1,105.45706
*Nc1ccc(-c2cc(*)c(C(C)(C)C)cc2CCCCCCC)c[c]1[Ge]([c]1ccccc1)[c]1ccccc1,140.23904
*Nc1ccc(-c2cc(SCCCC)c(*)cc2C)cc1OCC,135.82895
*Nc1ccc(-c2cc(SCCCCCCCCCC)c(*)cn2)cc1F,72.86309
*Nc1ccc(-c2ccc(*)cc2)cc1C#N,192.78383
*Nc1ccc(-c2ccc(-c3ccc(*)cc3)cc2)cc1OC,183.91626
*Nc1ccc(-c2ccc(-c3ccc(C=NNC(*)=O)cc3)cc2)cc1,200.70612
*Nc1ccc(-c2ccc(-c3ccc(Sc4ccc(*)c(OC)c4)cc3OCCCCCCCCCC)cc2)cc1C(C)(C)C,126.90191
*Nc1ccc(-c2ccc(Cc3ccc(N=*)cc3)cc2OC)cc1,178.47466
*Nc1ccc(-c2ccc(NC(=*)NCCCC)cc2)cc1C,200.1692
*Nc1ccc(-c2ccc(NC(=O)c3cc(C(*)=O)cc(C(=O)Nc4ccc(C)cc4)c3)c(C)c2)cc1C,296.18582
*Nc1ccc(-c2ccc(NC(=O)c3cc(C(*)=O)ccc3C(=O)O)cc2C)cc1,274.52814
*Nc1ccc(-c2ccc(NC(=O)c3cc(C(=O)OCC(C)(C)C)cc(C(*)=S)c3)cc2C)c([N+](=O)[O-])c1,233.78842
*Nc1ccc(-c2ccc(NC(=O)c3cc(CCC)c(C(*)=O)cc3OCCC(C)CCC(F)(F)F)cc2)cc1,155.3382
*Nc1ccc(-c2ccc(NC(=O)c3ccc(C(*)=O)cc3)cc2)c(S(=O)(=O)OCCCCCCCCCCCC)c1,113.4117
*Nc1ccc(-c2ccc(NC(=O)c3ccc(C(=O)N(*)c4ccc(C(C)C)cc4)cc3)cc2)cc1,270.87277
*Nc1ccc(-c2ccc(NC(=O)c3ccc(C(=O)Nc4ccc(C(*)=O)cc4)cc3)cc2)cc1C,302.32285
*Nc1ccc(-c2ccc(NC(=O)c3ccc(C(=O)OC(=O)c4ccc(*)cc4)cc3)cc2)cc1,220.2436
*Nc1ccc(-c2ccc(NC(=S)/C=C/c3ccc(N=*)cc3)cc2)cc1,229.66031
*Nc1ccc(-c2ccc(NC(=S)Cc3ccc(C(*)=O)cc3)cc2)cc1-c1ccc(C#N)cc1,235.26163
*Nc1ccc(-c2ccc(NC(=S)c3ccc(C(=O)Nc4ccc(C(*)=O)cc4)cc3)cc2)cc1C(C)(C)C,274.39673
*Nc1ccc(-c2ccc(SCc3ccc(N=*)cc3)cc2)cc1,171.52542
*Nc1ccc(/C(C)=C/c2ccc(*)cc2)cc1OCCCCCCCC,110.62774
*Nc1ccc(/C(C)=N/N=N/c2ccc(C=*)cc2)cc1,166.54556
*Nc1ccc(/C(C)=N/c2ccc(Nc3ccc(*)cc3)cc2)cc1,206.44272
*Nc1ccc(/C=C(\C#N)c2cc(C)c(*)s2)c(-c2ccc(OCCCCCCC)cc2)c1,101.12671
*Nc1ccc(/C=C/C(=O)/C=C/c2ccc(*)c(C)c2)cc1-c1ccc(OCCOC)cc1,195.16286
*Nc1ccc(/C=C/c2cc(CCCCCCC)c(*)cc2CCc2ccccc2)cc1C,117.35085
*Nc1ccc(/C=C/c2cc(NC(*)=O)c(C)cc2C)cc1,228.7027
*Nc1ccc(/C=C/c2ccc(-c3ccc(CCCCCCCS*)s3)c(Cl)c2)cc1CC,80.59574
*Nc1ccc(/C=C/c2ccc(NC(=O)CCCCC(=O)Nc3ccc(NC(*)=O)cc3)cc2)cc1,208.54579
*Nc1ccc(/C=N/CCC/C=C/c2cc(CCCCCC)c(*)cc2OC)cc1,90.53285
*Nc1ccc(/C=N/c2ccc(/N=C/c3ccc(/C=N/c4ccc(*)cc4)cc3)cc2Br)cc1,231.26271
*Nc1ccc(/C=N/c2ccc(Cc3ccc(NC(=O)C(CCCCCCC)OC(=O)c4ccc(C(*)=O)cc4)cc3)cc2)cc1,132.03072
*Nc1ccc(/C=N/c2ccc(NC(=*)C)cc2)cc1,214.82709
*Nc1ccc(/C=N/c2ccc(NC(=O)CCCCCCCCC(*)=O)cc2)cc1,106.993774
*Nc1ccc(/N=C(/N=N/c2ccc(/C=N/c3ccc(N=*)cc3)cc2)c2ccccc2)cc1,175.62459
*Nc1ccc(/N=C(\C)c2ccc(N(CC)C(=O)NCCCCCCNC(*)=O)cc2)cc1,120.16414
*Nc1ccc(/N=C/C(=C(/*)c2ccccc2)c2ccccc2)cc1,207.625
*Nc1ccc(/N=C/c2ccc(/C=C/C(*)=S)cc2)cc1,213.39523
*Nc1ccc(/N=C/c2ccc(S(=O)(=O)c3ccc([Si](C)(C)c4ccc(*)cc4)cc3)cc2)cc1OC,204.48834
*Nc1ccc(/N=C/c2ccccc2OC(=O)c2ccc(-c3ccc(C(*)=O)cc3)cc2)cc1[N+](=O)[O-],235.5183
*Nc1ccc(/N=C/c2ccccc2OC(=O)c2ccc(CS*)cc2)cc1,161.07497
*Nc1ccc(/N=N/CCC)c(*)c1,141.79305
*Nc1ccc(/N=N/c2ccc(-c3ccc(-c4ccc(/N=C/c5ccc(*)cc5)cc4)cc3)cc2)cc1,204.01248
*Nc1ccc(/N=N/c2ccc(/C=C/c3ccccc3)cc2)cc1*,211.05371
*Nc1ccc(/N=N/c2ccc(NC(=O)c3ccc(C(*)=O)cc3)c(C)c2)cc1C,240.22038
*Nc1ccc(C#Cc2ccc(/C=C/c3ccc(*)cc3)cc2)c(OCC(O)C[N+](C)(C)C)c1,166.29745
*Nc1ccc(C#Cc2ccc(NC(=O)c3ccc(C(=O)c4ccc(*)cc4)c(C)c3)cc2C)c(C)c1Cl,244.5849
*Nc1ccc(C#Cc2ccc(SCCOC(*)=O)cc2)cc1,103.40333
*Nc1ccc(C(*)=O)cc1OCCCC,145.74216
*Nc1ccc(C(=O)CCCCC(*)=O)c(C)c1,68.01669
*Nc1ccc(C(=O)NC(=O)c2ccccc2C(*)=O)cc1,223.85413
*Nc1ccc(C(=O)NCCCCCCNC(=O)c2ccc(C(*)=O)cc2)c(C(F)(F)F)c1,143.39746
*Nc1ccc(C(=O)NNC(=O)c2cccc(C(*)=O)c2)cc1C,236.96289
*Nc1ccc(C(=O)Nc2ccc(*)cc2)cc1C(C)CCCC,153.46922
*Nc1ccc(C(=O)Nc2ccc(NC(=O)c3ccccc3C(*)=O)cc2)cc1,281.7961
*Nc1ccc(C(=O)Nc2ccc(Sc3ccc(*)cc3)cc2)cc1,270.95255
*Nc1ccc(C(=O)OCC(C)C(C)CC(*)=O)cc1,89.311745
*Nc1ccc(C(=O)OCCN(CCOC(*)=O)c2ccccc2)cc1,67.72419
*Nc1ccc(C(=O)c2ccc(NC(*)=O)cc2)cc1CC,208.99156
*Nc1ccc(C(=O)c2ccc(NC(=O)c3ccc(-c4ccc(C(*)=O)cc4)cc3)cc2)cc1,271.6599
*Nc1ccc(C(=O)c2ccc(NC(=O)c3ccc(C(*)=O)cc3)cc2)cc1OC,259.93613
*Nc1ccc(C(=O)c2ccc(S(=O)(=O)c3cc(C)c(*)c(C)c3Br)cc2C)cc1,261.96884
*Nc1ccc(C(C)(C)c2ccc(NC(=O)c3ccc(*)cc3)cc2)cc1S(=O)(=O)O,211.65834
*Nc1ccc(C(C)(C)c2ccc(NC(=O)c3ccc(C(=O)/C=C/C(*)=O)cc3)cc2)cc1,238.39774
*Nc1ccc(C(C)C(=O)NNC(=O)c2cccc(*)c2)cc1,205.01453
*Nc1ccc(C(C=C)=C(CC)Oc2ccc([Si](*)(C)C)cc2)cc1,100.02864
*Nc1ccc(C(CCCC)c2ccc(C(*)=O)cc2)cc1SCCCCCCCC,85.35664
*Nc1ccc(C(NC(=O)C(Cc2ccccc2)C(=O)N(*)C#N)(c2ccccc2)c2ccccc2)cc1,219.16724
*Nc1ccc(C(c2ccc(*)cc2)c2ccc(N(C)CCCCCC)cc2)cc1,119.3924
*Nc1ccc(C(c2ccccc2)c2ccc(C(*)=O)cc2)cc1,239.62244
*Nc1ccc(C)c(NC(=O)c2cc(OCCCCCCCCCCCCCC)c(C(*)=O)cc2F)c1,106.670074
*Nc1ccc(C)cc1CCCNC(=O)CCCCC(=O)NNC(=O)c1ccc(C(*)=O)cc1,142.49323
*Nc1ccc(CC(*)=O)cc1Cl,185.33815
*Nc1ccc(CC(NC(=O)CCc2ccccc2)C(*)(C(F)(F)F)C(F)(F)F)cc1,162.25763
*Nc1ccc(CCC(NC(=*)CSCC)c2ccc(C#N)cc2)cc1,142.48495
*Nc1ccc(CCCCCCOC(=O)c2ccc(C(*)=O)cc2)cc1C,79.91621
*Nc1ccc(CCCNC(=O)c2ccc(C(=O)Nc3ccc(Sc4ccc(*)cc4)c(C(F)(F)F)c3)cc2Cl)cc1,206.99487
*Nc1ccc(CCCOC(=O)Nc2ccc(C=*)cc2)cc1,88.11882
*Nc1ccc(CCc2cc(C)c(C(*)=O)cc2C(=O)OCCCCCCCCCCCCCCCC)cc1,70.891884
*Nc1ccc(CCc2ccc(NC(=*)NCCCCCCCCCCCC)cc2)cc1,57.53444
*Nc1ccc(CCc2ccc(NC(=O)CCCCCCCCC(=O)Nc3ccc(C(=O)Nc4ccc(O*)cc4)cc3)cc2)cc1,146.37067
*Nc1ccc(CCc2ccc(NC(=O)CCCCCCCCCCCCC(*)=O)cc2C)c(C)c1,67.92619
*Nc1ccc(CCc2ccc(NC(=O)NCCCCCCCCCCCCCCNC(*)=O)cc2)cc1,84.58554
*Nc1ccc(CN(C)C(=O)CCCCCCc2ccc(C(*)=O)cc2)cc1,121.36122
*Nc1ccc(CN(CC)CCNC=*)c(CCC)c1,90.55471
*Nc1ccc(COc2ccc(NC(=O)c3ccc([Si](C)(C)c4ccc(C(S*)c5ccccc5)cc4)cc3)cc2)cc1,177.35562
*Nc1ccc(CSCc2ccc(NNC(=O)CCS(*)(=O)=O)cc2)cc1,153.22714
*Nc1ccc(CSc2ccc(SCCCCS(*)(=O)=O)cc2)cc1,102.53267
*Nc1ccc(Cc2ccc(NC(*)=Nc3ccccc3-c3ccccc3)cc2)cc1,204.59253
*Nc1ccc(Cc2ccc(NC(=*)Cc3ccccc3)cc2)cc1,194.26234
*Nc1ccc(Cc2ccc(NC(=*)NC(C)CC)cc2)cc1,196.60013
*Nc1ccc(Cc2ccc(NC(=*)c3ccccc3)c(C)c2)cc1C,191.10242
*Nc1ccc(Cc2ccc(NC(=*)c3ccccc3)s2)cc1,151.94673
*Nc1ccc(Cc2ccc(NC(=NCCCCCCCCCCCCCCCCCCCC)c3ccc(/C=C/c4ccc(C(*)=O)cc4)cc3)cc2)cc1OCCCCCCCC,131.29913
*Nc1ccc(Cc2ccc(NC(=O)/C=C/N=C(/*)C)c(C)c2)cc1,214.34755
*Nc1ccc(Cc2ccc(NC(=O)CCCC(*)=O)c(C)c2)cc1C,141.81686
*Nc1ccc(Cc2ccc(NC(=O)CCCCCCCC(=O)Nc3cccc(*)n3)cc2)cc1C(C)C,137.3793
*Nc1ccc(Cc2ccc(NC(=O)CCCCCCCCC(=O)Nc3ccc(*)cc3)cc2)cc1C(C)C,133.5069
*Nc1ccc(Cc2ccc(NC(=O)CCCCCCCCCCC(*)=O)c([N+](=O)[O-])c2)cc1,119.99342
*Nc1ccc(Cc2ccc(NC(=O)CCCCCCCCCCCCC(=O)Nc3ccc(*)cc3)cc2)cc1,131.3644
*Nc1ccc(Cc2ccc(NC(=O)CN3C(=O)c4ccc(C(=O)Nc5ccc(*)cc5C(F)(F)F)cc4C3=O)cc2)c(C(F)(F)C(F)(F)F)c1,237.61899
*Nc1ccc(Cc2ccc(NC(=O)NCCCC(C)NC(*)=O)cc2)cc1,170.93996
*Nc1ccc(Cc2ccc(NC(=O)NCCCCCCNC(=O)Nc3ccc(C(*)=O)cc3)cc2)cc1,167.33214
*Nc1ccc(Cc2ccc(NC(=O)NCCCNC(*)=O)cc2)cc1,200.3823
*Nc1ccc(Cc2ccc(NC(=O)NCCN(*)C)cc2)cc1,204.26895
*Nc1ccc(Cc2ccc(NC(=O)Nc3ccc(NC(=O)c4ccc(C(=*)O)cc4)cc3)cc2)cc1,237.20308
*Nc1ccc(Cc2ccc(NC(=O)Nc3cccc(S(*)(=O)=O)c3)c(C(=O)OCC(C)C)c2)cc1C(=O)[O][Na],197.63655
*Nc1ccc(Cc2ccc(NC(=O)c3cc(C(=O)O)c(*)cc3C)cc2)cc1,232.77405
*Nc1ccc(Cc2ccc(NC(=O)c3cc(C(=O)c4ccc(C(=O)c5ccc(C(*)=O)cc5)cc4)cc(C(C)(C)C)c3)cc2)cc1C(C)(C)C,241.87378
*Nc1ccc(Cc2ccc(NC(=O)c3ccc(/C=C(\C)c4ccc(C(C)(C)c5ccc(C(*)=O)cc5)cc4)cc3)cc2)cc1,240.51186
*Nc1ccc(Cc2ccc(NC(=O)c3ccc(C(*)=O)cc3)cc2)cc1C(C)c1ccc(Cl)cc1Cl,228.64957
*Nc1ccc(Cc2ccc(NC(=O)c3ccc(C(C)(C)c4ccc(C(*)=O)cc4)cc3)c(F)c2F)cc1,241.34526
*Nc1ccc(Cc2ccc(NC(=O)c3ccc(Oc4ccc(C(*)=O)cc4)c(C)c3)cc2C)c(O)c1,236.37291
*Nc1ccc(Cc2ccc(NC(=O)c3ccc([SH](=O)(c4ccccc4)c4ccc(*)nc4)cc3)cc2)cc1,236.18336
*Nc1ccc(Cc2ccc(NC(=S)NP(=O)(O)c3ccccc3)cc2)c(*)n1,151.53146
*Nc1ccc(Cc2ccc(NSC(=O)c3ccc(C(*)=O)cc3)cc2)cc1,214.2534
*Nc1ccc(Cc2ccc(Nc3ccc(NC(*)=O)cc3)cc2)cc1,199.80028
*Nc1ccc(Cc2ccc(SC(=O)NCCCCCCCCNC(*)=O)cc2)cc1,98.233505
*Nc1ccc(Cc2ccc(Sc3ccc(NC(=O)c4ccc(C(=O)c5cccc(C(=O)c6ccc(*)cc6)c5C)cc4)cc3)cc2)cc1,198.78142
*Nc1ccc(Cc2ccc([Si](*)(C)CCCCCC)s2)cc1,20.272469
*Nc1ccc(N(C)CCCc2ccc(C#N)cc2)c(NC(=O)c2cccc(C(*)=O)c2)c1,159.24634
*Nc1ccc(NC(*)=O)cc1OCC(CC)CCCCCCCCCC,52.616997
*Nc1ccc(NC(=*)OCCCCCCCCCCCCCCCCCC)cc1,15.563309
*Nc1ccc(NC(=O)/C=C/c2ccccc2C(=O)OC(=O)c2ccc(C(*)=O)cc2)cc1,235.63092
*Nc1ccc(NC(=O)/C=N/Nc2ccc(Cc3ccc(NC(*)=S)cc3)cc2)cc1,183.20187
*Nc1ccc(NC(=O)CCCCCCCCC(*)=O)cc1CCCCCCCC,27.008774
*Nc1ccc(NC(=O)CCCCCCCCC(=O)Nc2ccc(C(=O)O*)cc2)cc1,106.270546
*Nc1ccc(NC(=O)CCCCCCCCCC(=O)Nc2ccc(*)cc2)c(N)c1,99.62526
*Nc1ccc(NC(=O)CCCCCCCCCCC(=O)Nc2cccc(NC(=O)CCc3ccc(OC(=O)c4cccc(C(*)=O)c4)cc3)c2)cc1,94.22535
*Nc1ccc(NC(=O)CCCCCCCCCCCCCCCCCCCC(=O)Nc2ccc(*)cc2)cc1,100.969986
*Nc1ccc(NC(=O)Cc2cc(OCCCCCCCCCCCC)cc(C(*)=O)c2)cc1-c1ccccc1,112.90027
*Nc1ccc(NC(=O)Nc2ccc(/C=N/c3ccc(C=*)cc3)c(OCCCCCCCCCCCCCC)c2)cc1OC,104.5764
*Nc1ccc(NC(=O)Nc2ccc(C)cc2)cc1-c1ccccc1NC(=O)Nc1ccc(NC(=O)c2cccc(C(*)=O)c2)cc1,218.35635
*Nc1ccc(NC(=O)Nc2ccc(Cc3ccc(NC(*)=O)cc3)cc2)cc1O,224.51996
*Nc1ccc(NC(=O)Nc2ccc(Cc3ccc(NC(=O)CCCS(=O)c4ccc(*)cc4)cc3)cc2)cc1,153.54451
*Nc1ccc(NC(=O)Nc2ccc(Cc3ccc(Nc4ccc(NC(*)=O)cc4)cc3)cc2)cc1N,181.34174
*Nc1ccc(NC(=O)c2cc(*)c(C)cc2C)cc1C,237.52419
*Nc1ccc(NC(=O)c2cc(Br)c(C(*)=O)cc2S(=O)(=O)O)cc1OC(C)=O,206.37885
*Nc1ccc(NC(=O)c2cc(C(*)=O)c(C)cc2C)c(C)c1C,237.59183
*Nc1ccc(NC(=O)c2cc(C(*)=O)cc(C(C)(C)C)c2)c(Br)c1C,231.84679
*Nc1ccc(NC(=O)c2cc(C(*)=O)cc(N3C(=O)c4c(Cl)c([2H])c(Cl)c(Cl)c4C3=O)c2)cc1,297.49332
*Nc1ccc(NC(=O)c2cc(C(*)=O)ccc2C)cc1CC,236.85815
*Nc1ccc(NC(=O)c2cc(F)ccc2C(=O)NNC(=O)Oc2ccc(*)cc2)cc1,195.71019
*Nc1ccc(NC(=O)c2cc(NC(=O)CCCCCCCC(*)=O)cc(C(=O)O)c2)cc1,116.13212
*Nc1ccc(NC(=O)c2cc(OCCCCCCCCCCCC)cc(C(*)=O)c2)cc1CCCCCCCCCCCCC,78.650314
*Nc1ccc(NC(=O)c2cc(S(=O)(=O)N(C)C(*)=O)c([N-]C)cc2C)cc1C,268.36865
*Nc1ccc(NC(=O)c2cc([N+](=O)[O-])c(C(*)=O)cc2C(=O)O)cc1S,271.35703
*Nc1ccc(NC(=O)c2ccc(*)cc2)cc1C(C)(C)C,218.2721
*Nc1ccc(NC(=O)c2ccc(-c3ccc(-c4ccc(C(*)=O)cc4)cc3)c(Cl)c2Cl)cc1,259.38956
*Nc1ccc(NC(=O)c2ccc(-c3ccc(C(*)=O)cc3S(=O)(=O)O)cc2)cc1,233.91745
*Nc1ccc(NC(=O)c2ccc(-c3ccc(C(*)=S)cc3)cc2)cc1Cl,249.5702
*Nc1ccc(NC(=O)c2ccc(-c3cccc(C(*)=O)c3)c(C(=O)O)c2)cc1C(F)(F)F,223.92386
*Nc1ccc(NC(=O)c2ccc(C(*)=O)c(C(=O)O)c2)cc1C(=O)OCCCCCCCCCCCCCCC,91.581825
*Nc1ccc(NC(=O)c2ccc(C(*)=O)cc2)cc1-c1cccc(Cl)c1,247.66318
*Nc1ccc(NC(=O)c2ccc(C(*)=O)cc2)cc1CCCCCC,148.77356
*Nc1ccc(NC(=O)c2ccc(C(*)=O)cc2)cc1I,291.26495
*Nc1ccc(NC(=O)c2ccc(C(=O)/C=C/C(*)=O)cc2)cc1,237.68124
*Nc1ccc(NC(=O)c2ccc(C(=O)NNC(=O)c3ccc(C(*)=O)cc3)cc2)cc1C(=O)Oc1ccccc1,214.78223
*Nc1ccc(NC(=O)c2ccc(C(=O)Nc3ccc(-c4ccc(NC(=O)c5ccc(C(*)=O)cc5)cc4)cc3)cc2)cc1,269.22455
*Nc1ccc(NC(=O)c2ccc(C(=O)Nc3ccc(C(*)=O)cc3)cc2)c(Br)c1,303.81512
*Nc1ccc(NC(=O)c2ccc(C(=O)Oc3cccc(C(*)=O)c3)cc2)cc1,222.86539
*Nc1ccc(NC(=O)c2ccc(NC(=O)C(CCCCC)C(C)C(=O)Nc3ccc(Cc4ccc(Cc5ccc(C(*)(C(F)(F)F)C(F)(F)F)cc5)cc4)cc3C(F)(F)F)c(C(F)(F)F)c2)cc1,135.63718
*Nc1ccc(NC(=O)c2ccc(NC(=O)CCCC(*)=O)cc2)cc1C,187.92886
*Nc1ccc(NC(=O)c2ccc(NC(=O)CCCCC(=O)Nc3ccc(C(*)=O)cc3)c(C(=O)O)c2)cc1C(=O)OCCCCCCCCCCCCCCCC,97.4993
*Nc1ccc(NC(=O)c2ccc(NC(=O)c3cccc(C(*)=O)c3)c(C)c2C)c(C)c1,283.71594
*Nc1ccc(NC(=O)c2ccc(S(=O)(=O)O)c(-c3ccc(C(*)=S)cc3)c2)cc1,213.32886
*Nc1ccc(NC(=O)c2cccc(C(*)=O)c2)cc1S(=O)(=O)Oc1ccc(C(F)(F)F)cc1,206.58725
*Nc1ccc(NC(=S)CC(*)=C(C)C)cc1,162.99704
*Nc1ccc(NC(=S)N(*)c2ccccc2)cc1,195.35667
*Nc1ccc(NC(=S)NC(=O)c2ccc(NC(=O)c3ccc(C(*)=O)cc3)cc2)cc1-c1ccc(Br)cc1,247.6964
*Nc1ccc(NC(=S)c2cc(OCCCC)cc(C(*)=O)c2)cc1C,175.02805
*Nc1ccc(NC(=S)c2ccc(NC(=O)Cc3ccc(C(*)=O)cc3)cc2)cc1,243.03229
*Nc1ccc(NCCCC(=O)CCc2ccc(C(*)=O)cc2)cc1,115.13338
*Nc1ccc(NCN(CC[IH2]c2ccccc2)c2ccc(Cc3ccc(NC(*)=O)cc3)cc2)cc1,145.94965
*Nc1ccc(NNC(=S)c2ccc(S(=O)(=O)NCCC(C)S(*)=O)cc2C)cc1,147.62294
*Nc1ccc(Nc2ccc(NC(=O)C(*)=O)cc2Br)c(C)c1,193.06683
*Nc1ccc(Nc2ccc(NC(=O)c3ccc(NC(=O)c4ccc(*)cc4)cc3)cc2)c([PH](=O)[O-])c1,237.63007
*Nc1ccc(Nc2ccc(NC(=O)c3cccc(C(*)=O)c3)c(C(=O)O)c2)c(C(C)(C)C)c1,204.33661
*Nc1ccc(Nc2ccc(NC(=O)c3cccc(C(*)=O)c3)cc2)cc1C,238.04997
*Nc1ccc(OC(=O)CCCCCCCCCC(=O)O*)cc1,26.076996
*Nc1ccc(Oc2ccc(C(C)(C)C#N)cc2)c(*)c1O,192.3006
*Nc1ccc(Oc2ccc(NC(=O)c3ccc(OC(=O)c4cccc(C(*)=O)c4)cc3)cc2)cc1,202.79793
*Nc1ccc(S(=O)(=O)c2ccc(-c3ccc(NC(*)=O)cc3)cc2)cc1C(=O)O,228.017
*Nc1ccc(S(=O)(=O)c2ccc(NC(=O)CCc3ccc(C(*)=O)cc3)cc2)cc1,231.02155
*Nc1ccc(S(=O)(=O)c2ccc(NC(=O)c3cc(C(*)=O)cc(C(=O)OCCCCCC)c3)cc2)cc1C(=O)Oc1ccc(/N=N/c2ccc(C(=O)O)cc2)cc1,156.99901
*Nc1ccc(S(=O)(=O)c2ccc(S(=O)(=O)c3ccc(-c4ccc(*)cc4)cc3)cc2-c2ccccc2)cc1,251.07288
*Nc1ccc(SC(*)=Cc2ccccc2C)cc1,146.44096
*Nc1ccc(SCSCCCC(=O)c2ccc(C)cc2)c(-c2ccc(*)cc2)c1,79.936584
*Nc1ccc(S[Si](*)(C)C)cc1,68.3087
*Nc1ccc(Sc2ccc(-c3ccc(NC(=O)c4ccc(OC(=O)c5ccc(C(*)=O)cc5)cc4)cc3)cc2)cc1,220.84225
*Nc1ccc(Sc2ccc(NC(*)=O)cc2)cc1,220.1647
*Nc1ccc(Sc2ccc(NC(=*)CO)c(Cl)c2)cc1,203.41841
*Nc1ccc(Sc2ccc(NC(=O)c3ccc(C(*)=O)cc3)cc2CCCCC)cc1C,204.8726
*Nc1ccc(Sc2ccc(Nc3ccc(SC(=O)c4ccc(C(*)=O)cc4)cc3)cc2)cc1,208.93036
*Nc1ccc(Sc2ccc(S*)cc2)c(Sc2ccccc2)c1,168.55235
*Nc1ccc(Sc2ccc(SSc3ccc(NC(=O)NCc4ccc(*)[nH]4)cc3)c(O)c2)cc1,148.97191
*Nc1ccc(Sc2ccc(Sc3ccc(*)cc3)cc2)c(C(=O)OCCC(C)(C)C)c1,148.8462
*Nc1ccc(Sc2ccc(Sc3ccc(NC(*)=O)c(OC)c3)cc2)cc1,201.20294
*Nc1ccc(Sc2ccc(Sc3ccc(NC(=O)c4ccc(NC(=O)c5ccc(*)cc5)cc4)cc3)cc2C)cc1,228.84534
*Nc1ccc([Si](*)(C)C[Si](C)(C)c2ccc(C)cc2)cc1,55.525604
*Nc1ccc([Si](*)(CCC)CCC)cc1,84.888794
*Nc1cccc(-c2ccc(N=*)cc2)c1,141.31248
*Nc1cccc(-c2ccc(NC(=O)c3ccc(NC(=O)CCCCCN4C(=O)c5ccc(C(*)=O)cc5C4=O)cc3)cc2)c1,177.6672
*Nc1cccc(-c2ccc(NCc3ccc(NC(*)=O)cc3)cc2)c1,208.74168
*Nc1cccc(/C=N/N=N/c2ccc(C(=S)Nc3ccc(NC(*)=O)cc3)cc2)c1,182.91191
*Nc1cccc(C#Cc2ccccc2NC(=O)CCCCCC(*)=O)c1,86.37831
*Nc1cccc(C(=O)NS(=O)(=O)c2ccc(*)cc2)c1,200.4914
*Nc1cccc(C(=O)Nc2ccc(C(C)(C)c3ccc(*)cc3)cc2)c1C,211.08649
*Nc1cccc(C(=O)OCCOC(=O)c2ccc(C(*)=O)cc2)c1,120.63704
*Nc1cccc(C(=O)Oc2ccc(-c3ccc(*)cc3)cc2)c1,164.04697
*Nc1cccc(C(=O)Oc2ccc(C(C)(C)c3ccc(OC(*)=S)cc3)cc2)c1,122.45927
*Nc1cccc(C(=O)c2cc(C(*)=O)cc(C(F)(F)C(F)(F)C(F)(F)C(F)(F)C(F)(F)C(F)(F)OC(F)(F)C(F)(F)C(F)(F)F)c2)c1,37.768456
*Nc1cccc(C(=O)c2ccc(C(=O)Cc3ccccc3C(*)=O)cc2)c1,183.2886
*Nc1cccc(C(=O)c2cccc(C(=O)c3ccc(*)cc3)c2)c1,158.83047
*Nc1cccc(CCCCCc2ccc(NC(=O)c3cccc(C(=O)Oc4cccc(*)c4)c3)cc2)c1,121.21442
*Nc1cccc(CCCNC(=O)c2ccc(C(=O)Nc3ccc(Cc4ccc(NC(*)=O)cc4)cc3-c3ccccc3)cc2)c1,192.75217
*Nc1cccc(CCc2ccc(-c3ccc(-c4ccc(S(*)(=O)=O)cc4)cc3)cc2)c1,209.13684
*Nc1cccc(CN(*)c2ccccc2)c1,143.79866
*Nc1cccc(CN(CC)c2ccc(/N=C(\C)c3ccc(*)cc3)cc2)c1,186.77484
*Nc1cccc(CNC(=O)CCCCCCCCC(*)=O)c1,70.826965
*Nc1cccc(Cc2ccc(NC(=S)c3ccc(NC(*)=O)cc3)cc2)c1,231.55313
*Nc1cccc(I)c1*,147.59238
*Nc1cccc(NC(=N)c2ccc(*)cc2)c1,158.81006
*Nc1cccc(NC(=O)C(CCCCCCCCCCCC)C(=O)Nc2ccc(*)cc2)c1,93.79132
*Nc1cccc(NC(=O)CCCCCCCCC(=*)CC)c1,39.151917
*Nc1cccc(NC(=O)CCCC[Si](*)(C)C)c1,68.13958
*Nc1cccc(NC(=O)Cc2ccc(C(=O)Nc3ccc(*)cc3)cc2)c1,252.09799
*Nc1cccc(NC(=O)NCCCCCCCCCCCCNC(*)=O)c1,114.446
*Nc1cccc(NC(=O)c2cc(C)c(C=*)cc2C)c1,201.51486
*Nc1cccc(NC(=O)c2cc(Oc3ccccc3)cc(C(=O)Nc3ccc(*)nc3)c2)c1,224.92578
*Nc1cccc(NC(=O)c2ccc(-c3ccc(C(*)=O)cc3C(=O)O)cc2)c1,225.51965
*Nc1cccc(NC(=O)c2ccc(-c3ccc(C(=O)Nc4ccc(*)cc4)c(C)c3)cc2C)c1,270.48126
*Nc1cccc(NC(=O)c2ccc(-c3ccc(C(c4ccc(*)cc4)(C(F)(F)F)C(F)(F)F)cc3)cc2)c1C(F)(F)F,204.6416
*Nc1cccc(NC(=O)c2ccc(C(*)=O)cc2-c2ccccc2)c1,235.70471
*Nc1cccc(NC(=O)c2ccc(C(*)=O)cc2SSC(=O)OCCCCCC)c1,91.97586
*Nc1cccc(NC(=O)c2ccc(C(*)=O)cc2Sc2ccc(C(=O)OCC)cc2)c1,209.23761
*Nc1cccc(NC(=O)c2ccc(C(=O)Nc3ccc(NC(=O)c4ccc(*)cc4)cc3)c(C(F)(F)F)c2)c1,262.0396
*Nc1cccc(NC(=O)c2ccc(NC(=O)CCCCCCCCCCCCC(*)=O)cc2)c1,104.29048
*Nc1cccc(NC(=O)c2ccc(NC(=O)Nc3ccc([Si](*)(C)C)cc3)cc2)c1,222.70984
*Nc1cccc(NC(=O)c2ccc(NC(=O)c3cc(C)c(C(*)=O)cc3C(=O)O)cc2CCCCCC)c1,174.17534
*Nc1cccc(NC(=O)c2cccc(C(=O)OCCCCCOC(=O)CCCCC(*)=O)c2)c1,56.042107
*Nc1cccc(NC(=O)c2cccc(S(=O)(=O)c3cccc(C(=O)CNc4ccc(*)cc4)c3)c2)c1,194.77599
*Nc1cccc(Nc2ccc(Sc3ccc(N=*)cc3)cc2)c1,167.99606
*Nc1cccc(Oc2ccc(*)[nH]2)c1,120.13567
*Nc1cccc(S(=O)(=O)c2ccc(S(=O)(=O)c3ccc(Sc4ccc(C(*)=O)cc4)cc3)cc2C)c1,251.48523
*Nc1cccc2c(c1=O)=CC=2NC(=O)c1cc(SCCCCCCCC)c(C(*)=O)cc1C(=O)O,114.80343
*Nc1ccccc1-c1ccc(-c2ccc(NC(=O)c3ccc(C(*)=O)cc3)cc2)cc1S(=O)(=O)[O][Na],248.96599
*Nc1ccccc1-c1ccccc1CCCCCCC(=O)Nc1ccc(Oc2ccc(NC(=O)c3cccc(C(*)=O)c3)cc2)cc1,149.88893
*Nc1ccccc1/C=C/CCCCCCCCCCCCCCCCCCC(=S)Nc1ccc(*)cc1,70.99092
*Nc1ccccc1/N=C(/*)CCCCCCCCCC,47.35453
*Nc1ccccc1C(=O)Nc1ccc(Cc2cccc(NC(=O)NC(*)=O)c2)cc1,239.0626
*Nc1ccccc1C(=O)OC(=O)C(=O)Nc1ccc(*)cc1,179.63062
*Nc1ccccc1C(=O)OC(=O)c1ccc(C(=O)OC(F)(F)C(*)(F)F)cc1,96.714554
*Nc1ccccc1C(=O)Oc1cccc(OC(=O)c2ccc(C(C(=O)Oc3ccccc3)c3ccc(*)cc3)cc2)c1,127.37367
*Nc1ccccc1CC(=O)NCCSCCCC(*)=O,55.367058
*Nc1ccccc1CCCSSCCSC(*)=O,2.3632965
*Nc1ccccc1CCc1ccc(*)nc1,148.09146
*Nc1ccccc1CCc1ccc(Cc2ccc(C(*)=O)cc2Br)c(S(=O)(=O)O)c1,170.30771
*Nc1ccccc1CCc1ccccc1CCCCCc1ccccc1-c1ccc(NC(=O)c2ccc(C(*)=O)cc2)cc1,152.70758
*Nc1ccccc1CN(CC)C(=O)CCC(*)=O,152.26253
*Nc1ccccc1CN(CC)c1ccc(N(C)C(=O)O[Si](C)(C)CCCOC(*)=O)cc1,69.21821
*Nc1ccccc1CN=CCC[Si](*)(c1ccccc1)c1ccccc1,46.56639
*Nc1ccccc1CNC(=O)NCCCCC(=O)NNC(=O)CCC(*)=O,127.99545
*Nc1ccccc1Cc1ccccc1C(*)=O,178.10033
*Nc1ccccc1NC(=O)c1cc(Cl)c(Br)c(S(=O)(=O)c2cccc(C(*)=O)c2)c1,247.24225
*Nc1ccccc1Nc1ccccc1NC(=O)CCCCCCC(*)=O,109.62378
*Nc1ccccc1OC(=O)c1ccccc1C(*)=O,158.27454
*Nc1ccccc1[Si](*)(C)CCCCCCCCCCCCC,-27.48146
*Nc1cnc(*)n1NNC(=O)c1ccc(OCC(C)O)c(S(=O)(=O)O)c1,103.87457
*O/C=C(/*)CCP(=O)(O)OC,93.97716
*O/C=C(/*)[Si](C)(C)CC(C)C,65.40009
*OC#COc1ccc(NC(=O)c2ccc(C(=O)Nc3ccc(C(*)=O)cc3)cc2)cc1,194.97556
*OC(*)C#CC,-66.25804
*OC(*)C(=O)OC(=O)c1ccc(Br)cc1,54.741524
*OC(*)C(=O)OCCCC1COCC(C)(C)C1,9.025177
*OC(*)C(CCC(=O)OCCCC)C(=O)OCCCCCCCCCCCCCCCCC,-23.662933
*OC(*)CCCCCCC,-74.05299
*OC(*)CCCCCCCCC(F)(F)F,-21.039017
*OC(*)CCCCCOc1ccc(-c2ccc(C(=O)Oc3ccc([N+](=O)[O-])cc3)cc2)nc1,79.136055
*OC(*)CCCCOC(=O)c1ccc(Cl)c(Cl)c1F,10.3038025
*OC(*)CCCOc1ccc(C(=O)c2ccc(OCC(C)CC)cc2)cc1,46.47757
*OC(*)OC(=O)c1cc(OC)ccc1OC(C)CC,27.354195
*OC(*)OCC(O)COCCOC#N,-36.591797
*OC(*)OCCNCCCC,-65.42905
*OC(=O)/C=C/C(=O)OCCCCCCCCCCCCCCOc1ccc(Oc2ccc(OC(=O)c3ccccc3C(*)=O)cc2)cc1,72.08134
*OC(=O)/C=C/CC(=O)Oc1ccc(-n2on2-c2ccc(Oc3ccc(C(*)=O)cc3)cc2)cc1,131.09402
*OC(=O)/C=C/NC(=O)OCCCCCCOc1ccc(/N=N/c2ccc(C(C)(C)c3ccc(*)cc3)cc2)cc1,84.9284
*OC(=O)C(*)Cc1ccc(C#N)cc1,103.42761
*OC(=O)C(*)NC,26.978043
*OC(=O)C(*)NC(=O)CCCCC(=O)NNC(=O)c1ccc(C(C)C)cc1,96.17346
*OC(=O)C(*)c1cc(C)c(C)cc1C,136.78679
*OC(=O)C(=*)OCCOCCOCCOCCOCCOCCOCC,-56.978424
*OC(=O)C(=O)OCCCCCCCCCCOc1ccc(/C=C/c2ccc(OCCCCOc3ccc(/C=C/C(F)(F)C(F)(F)C(F)(F)C(F)(F)F)cc3)cc2)c(*)c1,64.59135
*OC(=O)C(=O)OCCCCCOC(*)=O,-26.287704
*OC(=O)C(C#N)C(*)C#Cc1ccccc1,48.374336
*OC(=O)C(C#N)C(=O)OCCCCCCOC(=O)c1ccccc1O*,-3.2601318
*OC(=O)C(C)(C)C(*)CCCOC(F)(F)F,5.579376
*OC(=O)C(C)(C)OC(=O)NCCCCCCSCCNC(*)=O,0.65252686
*OC(=O)C(C)(C)OC(=O)c1cccc(C(=O)NNC(=O)CCNC(*)=O)c1,68.02494
*OC(=O)C(C)=C(CNC(=O)OC(*)=O)C(C)(C)C,52.260445
*OC(=O)C(C)C(C)SC(*)=O,39.1745
*OC(=O)C(C)CSC(=O)Nc1ccccc1-c1ccccc1C(*)=O,110.46942
*OC(=O)C(C)NC(=O)CCCCCCCCCCCCC(*)=O,28.564903
*OC(=O)C(C)NC(=O)c1ccccc1C(=O)OC(=O)CCC(*)=O,63.275475
*OC(=O)C(C)OC(=O)c1ccc(C(=O)OCCCCCCOC(*)=O)cc1,-5.027359
*OC(=O)C(C)OC(=O)c1ccccc1CCCOc1cccc(C(=O)Oc2ccc(O*)cc2)c1,44.448944
*OC(=O)C(C=C)CCCC(=O)OC1COC2C(*)CCC12,62.67904
*OC(=O)C(CC)N(C)c1cccc(C(=O)NC(=O)c2ccc(C(=O)c3ccc(*)cc3)cc2)c1,166.40477
*OC(=O)C(CC=N)OC(=O)c1ccc(*)cc1,33.05536
*OC(=O)C(CCCCCCCC)OC(=O)c1ccc(C(=O)OCC(C)COC(*)=O)c(S(=O)(=O)[O][Na])c1,8.787079
*OC(=O)C(CCCCCCCCCCCCOc1ccc(-c2ccc(OC(=O)c3ccc(C(*)=O)c(OCCO)c3)cc2)cc1)OC,46.45523
*OC(=O)C(CCCC[Si](C)(C)C)c1ccc(OC(=O)CCCS(*)(=O)=O)cc1,14.073853
*OC(=O)C(CCl)NC(=O)CCCCCCCC(*)=O,0.31010437
*OC(=O)C(Cc1ccc(C(*)=O)cc1)C(C)(C)CCC(C)(C)c1ccccc1,78.63149
*OC(=O)C(Cc1ccccc1)C(*)OC(C)=O,27.047401
*OC(=O)C(OC(=O)c1ccccc1C(*)=O)Oc1ccc(S(=O)(=O)c2ccc(OC)cc2)cc1,107.868805
*OC(=O)C(OC(C)=O)C(*)Cl,58.543472
*OC(=O)C(Oc1ccc([N+](=O)[O-])cc1)C(=O)OCCCCCCCCCOc1ccc(/N=N/c2ccc(C(=O)Oc3ccc(O*)cc3)cc2)cc1,73.11504
*OC(=O)C(c1ccccc1)C(*)(CC)C(C)C,95.40474
*OC(=O)C/C(=C(/CCCC(*)=O)C(C)CCCC)C(CCCCCC)CC(C)(C)C,37.47513
*OC(=O)C/C(=C/c1cc(OC)c(CCCC)cc1*)CC(C)(C)C,104.41962
*OC(=O)C/C=C/CCCCC(=O)OCCCCCCOc1ccc(-c2ccc(Oc3ccc(-c4ccc(OC(*)=O)cc4)cc3)cc2)cc1,62.445045
*OC(=O)C1=CC=C2C(=O)N(CCC=C1)CC/C2=C\c1ccc(O*)cc1,168.36981
*OC(=O)C1CCC(C(*)=O)C(C)C1,96.47566
*OC(=O)C1CCC(C(=O)NNC(=O)CCCCC(*)=O)CC1,64.04364
*OC(=O)C1CCC(C)C(C)N(*)C1=O,146.15192
*OC(=O)CC(=O)OCCN(C)c1ccc(OC(=O)CCCCC(=O)Nc2ccc(C(=O)Nc3ccccc3NC(*)=O)cc2)cc1,68.493866
*OC(=O)CC(C)(C)O*,3.5863342
*OC(=O)CC(CC)CCC(=O)OCC(C=C)C(C)O*,0.098602295
*OC(=O)CC1CC(*)C(C)O1,93.07565
*OC(=O)CCC(=O)Nc1cccc(COC(*)=O)c1,47.13144
*OC(=O)CCC(=O)OC(=O)COC(=O)CCc1ccccc1-c1ccccc1NC(*)=O,29.35704
*OC(=O)CCC(C(=O)O*)c1ccc(/N=N/c2ccc(C(C)CC)cc2)cc1,93.68645
*OC(=O)CCC([2H])(OC(*)=O)C(=O)O,5.1193085
*OC(=O)CCCCC(=O)Nc1cccc(Sc2ccc[n+](-n3c(=O)c4cc5c(=O)n(*)c(=O)c5cc4c3=O)c2)c1,199.10143
*OC(=O)CCCCC(=O)OC(C)C(*)=O,-6.840622
*OC(=O)CCCCC(=O)OC1CCC(*)C1,10.825806
*OC(=O)CCCCC(=O)OCC(C)CC(*)CCO,-26.856232
*OC(=O)CCCCC(=O)OCCCCCCCCOC(=O)CCCCSCCCC(=O)O*,-38.758484
*OC(=O)CCCCC(=O)Oc1ccc(C(C)(C)c2ccc(OC(=O)CCC(C)CCC(*)=O)cc2)cc1,9.333008
*OC(=O)CCCCCCC(=O)Nc1ccc(OCCOc2ccc(-c3ccc(*)cc3)cc2)cc1,59.416756
*OC(=O)CCCCCCC(=O)OCCOCCOC(=O)c1ccc(*)cc1,-44.312256
*OC(=O)CCCCCCC(=O)Oc1cc(*)ccc1Oc1cccc(F)c1,39.32646
*OC(=O)CCCCCCCC(=O)OCC(C)COC(=O)N(C)CCOC(=O)Nc1ccc(C(=O)OC(C)C(=O)OC)c(*)c1,-2.1033936
*OC(=O)CCCCCCCCC(=O)OC1CC1CCN(*)CCCCC,-9.511551
*OC(=O)CCCCCCCCC(=O)OCC(C)CC(=O)OC(=O)O*,-41.749695
*OC(=O)CCCCCCCCC(=O)Oc1ccc(C(C)CC)cc1C(=O)OCCCOC(*)=O,-6.177765
*OC(=O)CCCCCCCCCCC(=O)OCCCCCC(=O)Oc1ccc(-c2ccc(OCC(*)=O)cc2)cc1,25.940369
*OC(=O)CCCCCCCCCCC(=O)OCCCCOC(=O)c1ccc(C(*)=O)cc1,9.26445
*OC(=O)CCCCCCCCCCC(=O)OCCOCCOCCOCCOc1ccc(*)cc1,-22.6958
*OC(=O)CCCCCCCCCCCCCCCC(*)=O,-15.25267
*OC(=O)CCCCCCCCCCCc1ccc(C)c(*)c1,5.2737885
*OC(=O)CCCCCNC(=O)CC(*)=O,18.924706
*OC(=O)CCCNC(=O)CCCCCCCCC(=O)NC(COC(C)=O)C(*)=S,5.96138
*OC(=O)CCCOC(=O)CCC(CCCCCCNC(=O)OCCCCCCOc1ccc(C(=O)Oc2ccc(OC(*)=O)cc2)cc1)C(=O)OCCOCCOCCOCCOCCOCCOC,-5.9713287
*OC(=O)CCNC(=O)CCCCCC(=O)NCc1ccc(C(C)CC(=O)OC(=O)c2ccc(C(*)=O)cc2)cc1,60.090363
*OC(=O)CCNC(=S)c1ccc(C(C)(C)c2ccc(C(*)=O)cc2)cc1,132.16881
*OC(=O)CCSCSC(=O)OCCCCCOC(=O)c1ccc(C(*)=O)cc1,-16.78096
*OC(=O)CCSSSSSCSC(=O)OCCCCCCOc1ccc(-c2ccc(OC(=O)CCCCCCCCCSC(*)=O)cc2)cc1,-3.7228699
*OC(=O)CCc1ccc(CC(=O)SS*)cc1,28.410507
*OC(=O)CCc1ccc(CNC(=O)CCCCCCC(=O)NCCCCCCCCCNC(*)=O)cc1,52.059196
*OC(=O)CCc1ccccc1CC(=O)OCCCCCOC(=O)C/C(=N\CCC)C(=O)OCCCCCCOC(=O)c1ccccc1-c1ccc(/N=C/c2ccc(/C=N/c3ccccc3)cc2)cc1*,57.433838
*OC(=O)CN(C(*)=O)c1ccc(/N=N/c2ccc([N+](=O)[O-])cc2)cc1,189.10144
*OC(=O)CN1CCC(C(C)(C)OC(=O)CCCC(*)=O)CC1,21.872147
*OC(=O)CNC(=O)/C(C)=N/N=C/c1ccc(*)cc1,154.25037
*OC(=O)CNC(=O)CCCCC(=O)NCCCCCC(*)=O,10.299255
*OC(=O)CNc1ccc(Cc2ccc(C(*)=S)cc2)cc1,130.65271
*OC(=O)COCC(*)OC(C)O,-28.51947
*OC(=O)COCC(=O)NCCCCCCN1CCC(*)C(C)(C)C1,51.53105
*OC(=O)COCCOC(*)=O,-53.18843
*OC(=O)COc1ccc(C(=O)Oc2ccc(OC(=O)c3ccc(OC(=O)c4ccc(C(*)=O)c(C)c4)cc3)cc2)cc1,106.62899
*OC(=O)COc1ccc(C(C)(C)c2ccc(OC(=O)COC(=O)c3ccc(*)cc3)cc2)cc1,88.384155
*OC(=O)CS(=O)(=O)CCc1ccc(OC(=O)c2cccc(C(*)=O)c2)cc1,88.93823
*OC(=O)CSC(=O)CCCCCCCCC(=O)OCCCCCOc1ccc(OC(=O)CCCCCCOc2ccc(O*)cc2)cc1,11.402237
*OC(=O)CSCCC(=O)NCCCCCCNC(=O)COCC(*)OCCCC,-0.6936188
*OC(=O)CSCCC(=O)Oc1ccc(-c2ccc(OC(=O)c3ccc(C(*)=O)cc3)cc2)cc1,75.28686
*OC(=O)CSCCCCC(=O)NCCCCCCOC(=O)c1ccccc1C(*)=O,-12.899673
*OC(=O)C[Si](C)(C)NC(*)=S,72.13522
*OC(=O)Cc1cc(*)c(C(F)(F)F)cc1Cl,115.43595
*OC(=O)Cc1cc(C(=O)NCCCCCCNC(*)=O)cc(S(=O)(=O)c2ccc(-c3ccc(OCCCCCC)c([N+](=O)[O-])c3)cc2)c1,77.64361
*OC(=O)Cc1cc(OCCCC)cc(C(*)=O)c1-c1ccccc1,75.48572
*OC(=O)Cc1ccc(/C=C/c2ccc(C(=O)O*)cc2)cc1,147.33931
*OC(=O)Cc1ccc(CC(=O)NCCOCCOCCOCCOC(=O)c2ccc(C#Cc3cccnc3*)cc2)cc1,60.76438
*OC(=O)Cc1ccc(CN(C)N(C)Cc2ccc(CC(*)=O)cc2)cc1,116.39103
*OC(=O)Cc1ccc(CNC(=O)CCCCC(=O)NCCCCCCNC(=O)c2ccc(*)cc2)cc1,56.539703
*OC(=O)Cc1ccc(COC(=O)c2ccc(C(=O)NNC(=O)c3ccc4c(c3)C(=O)N(*)C4=O)cc2)cc1,181.90422
*OC(=O)Cc1ccc(NC(*)=O)cc1,145.02345
*OC(=O)Cc1cccc(C(=O)O*)c1,70.61995
*OC(=O)N(C)c1ccc(CC)cc1C(=O)NNC(*)=O,173.64641
*OC(=O)N(CCCCNc1ccc(NC(=O)OCC)cc1)C(*)=O,44.74308
*OC(=O)NC(=O)OCCCCOCCCCCOC(*)=O,-10.370499
*OC(=O)NC(=O)c1ccc(C(=O)NCCCCCCNc2ccc(NC(=O)Oc3ccc(*)c(C)c3)cc2)cc1,82.83147
*OC(=O)NC(=S)c1cccc(C(=O)NNC(=O)CCC(=O)OCCOc2ccc(N(*)c3ccccc3)cc2)c1,102.08889
*OC(=O)NC(=S)c1cccc(C(=O)OC(=O)c2ccc(C(=O)O*)cc2)c1,116.533295
*OC(=O)NC(C)=C(*)O,93.59245
*OC(=O)NC1CC(CNC(*)=O)C1,118.8207
*OC(=O)NCC(C(*)=O)[N+](C)(C)C,97.578964
*OC(=O)NCCCCC(=O)SNc1ccc(CCCCCCc2ccc(*)cc2)cc1,48.900696
*OC(=O)NCCCCC/C=C/C(=O)Oc1ccc(C(=O)OC(=O)c2ccc(*)cc2)cc1,76.10636
*OC(=O)NCCCCCCCNC(=O)OCCCCCCCCCCOc1ccc(C(C)(C)c2ccc(C(C)(C)c3ccc(S(=O)(=O)c4ccc(OCCCCCCCCOc5ccc(*)cc5)cc4)cc3)cc2)cc1,36.53991
*OC(=O)NCCCCCCNC(=O)/C=C/c1ccc(C(=O)OCCOC(=O)c2ccc(*)o2)o1,-0.94503784
*OC(=O)NCCCCCCNC(=O)OCC(*)OC(C)(C)C,-12.853134
*OC(=O)NCCCCCCNC(=O)OCCOC(=O)c1ccc(NC(=O)CCC[Si](*)(C)CCCC)cc1,-1.6512909
*OC(=O)NCCCCCCSCCCCCSCCOCCCCCCNC(=O)OCCCCOc1ccc(C(*)=O)cc1,12.247833
*OC(=O)NCCCCNC(=O)C(C=C(C)C(=O)OCC(O)CN(C)S(=O)(=O)c1cccc(O*)c1)CC,44.399178
*OC(=O)NCCCNC(=O)OCCCCCCOc1ccc(*)nc1,8.673416
*OC(=O)NCCCNC(=O)SCc1ccc(C(=O)Oc2ccc(C(C)(C)c3ccc(C(*)=O)cc3)cc2)cc1,99.72894
*OC(=O)NCCNC(=O)OCC(CC)OC(=O)c1ccc(C(*)=O)cc1,50.785843
*OC(=O)NCCSCCCCCSCCNC(=O)OCC(*)OCCC,-1.2199249
*OC(=O)NCCSCC[N+](C)(C)O[Si](C)(C)O[Si](C)(C)O*,-36.732727
*OC(=O)NCc1ccc(NC(=O)OC(C)CCOC(=O)c2ccc(C(=O)OCCCCCCC(F)(F)C(*)(F)F)cc2)cc1,34.39978
*OC(=O)NCc1cccc(CNC(*)=O)c1,120.01953
*OC(=O)NNC(=O)CCCC(=O)Nc1ccc(C(C)(C)c2cccc(OC(=O)COc3ccc(*)cc3)c2)cc1,100.645584
*OC(=O)NS(=O)(=O)c1cc(*)cc(Br)c1,135.97931
*OC(=O)Nc1c(C)cc(Cc2ccc(NSC(=O)OCC(C)O*)c(CO)c2)cc1SCCC,89.44685
*OC(=O)Nc1cc(C(Cc2ccccc2)C(=O)O*)ccc1C,121.458824
*OC(=O)Nc1cc(CC(=O)NNC(*)=O)ccc1C,172.79626
*OC(=O)Nc1cc(NC(=O)OCCCCCCCC)c(*)o1,-4.0708923
*OC(=O)Nc1cc(NC(=O)Oc2ccc(CCCCC)cc2)cc(C(*)=O)c1,131.84546
*OC(=O)Nc1ccc(-c2ccc(NC(=O)OCCCCCOC(=O)c3cccc(C(*)=O)c3)cc2)cc1,97.061874
*OC(=O)Nc1ccc(C(=O)NNC(=O)NNC(*)=O)cc1,177.71942
*OC(=O)Nc1ccc(C)c(NC(=O)NNC(=O)c2ccc(*)cc2)c1,240.81323
*OC(=O)Nc1ccc(Cc2ccc(NC(=O)OCCCCCCCCOc3ccc(*)cc3)cc2)cc1,79.21985
*OC(=O)Nc1ccc(Cc2ccc(NC(=O)OCCCCCCCOC(=O)c3ccc(*)cc3)cc2)cc1,76.01109
*OC(=O)Nc1ccc(Cc2ccc(NC(=O)OCCN(CC)c3ccc(OC(=O)c4ccc(C(*)=O)cc4)cc3)cc2)cc1,116.245575
*OC(=O)Nc1ccc(Cc2ccc(NC(=O)SCC(C)(C)CO)c(*)c2)cc1,158.28651
*OC(=O)Nc1ccc(Cc2ccc(NC(=O)c3ccc(C(=O)Nc4ccc(NC(=O)CC/C=C/C(=O)Nc5ccc(*)cc5)cc4)cc3)cc2)cc1,191.90572
*OC(=O)Nc1ccc(Cc2ccc([Si](*)(C)CCC)cc2)c(OCCCCC)c1,64.363365
*OC(=O)Nc1ccc(NC(=O)OCCCCCCCCCCCCCCOC(*)=O)cc1,29.070122
*OC(=O)Nc1ccc(NC(=O)OCCCCCCOc2ccc(C(=O)Oc3ccc(C(=O)O[Si](C)(C)O*)cc3)cc2)cc1,49.24179
*OC(=O)Nc1ccc(NC(=O)c2cccc(C(=O)C(*)=O)c2)cc1,190.24727
*OC(=O)Nc1ccc(S(=O)(=O)c2cccc(NC(=O)c3ccc(C(*)=O)cc3)c2)cc1,265.50153
*OC(=O)Nc1ccc(Sc2ccc(*)c(S(=O)(=O)c3ccc([N+](=O)[O-])c(OCC)c3)c2)cc1,234.36404
*OC(=O)Nc1ccc(Sc2ccc(NC(=O)Nc3ccc(-c4ccc(C(=O)Nc5ccc(*)cc5)cc4)cc3)cc2)cc1,237.0069
*OC(=O)Nc1ccc2c(c1)C(=O)N(c1ccc(C=*)c(OC)c1)C2=O,199.59659
*OC(=O)Nc1cccc(NC(=O)OC(=O)N(C)c2ccc(*)cc2)c1,145.56253
*OC(=O)Nc1cccc(OC(*)=O)c1,74.684845
*OC(=O)OC(=O)/C(*)=C\c1ccc(C#N)cc1,125.73715
*OC(=O)OC(C)(C)OC1COC(*)OC1,17.016083
*OC(=O)OC(F)(F)C(=O)OC(C)(C)C(*)=O,70.35247
*OC(=O)OCC(C)(C)CC(C)(C)COC(=O)OC(=O)c1ccc(NC(=O)c2ccc(C(*)=O)cc2)cc1,88.34616
*OC(=O)OCC(C)(C)COC(=O)OCC(C)(C)COC(=O)O*,-11.222321
*OC(=O)OCC(C)(C)OC(=O)NCCCCCCNC(*)=O,19.005875
*OC(=O)OCC(C)OC(=O)c1ccccc1C(=O)OC(=O)CCCC(*)=O,-13.062515
*OC(=O)OCC(O)COc1ccc(C(C)(C)c2cccc(S(*)(=O)=O)c2)cc1C(=O)OCCCCOC(=O)Oc1ccc(OC)cc1,41.319695
*OC(=O)OCC1CCCC1*,53.259537
*OC(=O)OCCC(C)C[Si](C)(C)O[Si](C)(C)CCCOC(=O)OCC(CC(C)(C)C)O*,-55.733902
*OC(=O)OCCCCCCCCC(=O)OCC(O)COC(=O)c1ccccc1C(*)=O,-8.784882
*OC(=O)OCCCCCCCCCCCCCOC(=O)OC(C)COC(=O)S*,-24.687546
*OC(=O)OCCCCCCCCCCOC(=O)OCCCCCCOC(=O)O*,-36.194168
*OC(=O)OCCCCCCCCCCOC(=O)OCCCCCCOC(=O)OCCCCOC(=O)C1CCN(*)CC1,-3.0556183
*OC(=O)OCCCCCCCCCCOC(=O)Oc1ccc(C(C)(CCC(F)(F)F)c2ccccc2C(*)=O)cc1,27.443878
*OC(=O)OCCCCCCCCOC(=O)OCc1ccc(SSC(=O)O*)c(S(=O)(=O)O)c1,13.508911
*OC(=O)OCCCCCCCOC(=O)CCC1=CC=C(*)CC(C)(C)N1,27.83619
*OC(=O)OCCCCCCOC(=O)NC(C)C(*)=O,1.4160614
*OC(=O)OCCCCCCOC(=O)NCC1CCC(*)C1,11.419235
*OC(=O)OCCCCCCOC(=O)OC(=O)c1ccc(C(=O)NNC(*)=O)cc1,44.508453
*OC(=O)OCCCCCCOC(=O)OCCCCCOC(=O)OCCCCCCCCCCOC(=O)c1cccc(C(=O)OCCCCCCOc2ccc(/N=N/c3ccc(C#N)cc3)cc2)c1*,-0.71347046
*OC(=O)OCCCCCCOC(=O)OCCOCCOCCOC(=O)c1ccc(NC(=O)CCCCCC(=O)N(*)Cc2ccccc2)cc1,-2.126587
*OC(=O)OCCOC(=O)NC(=O)c1ccc(*)o1,31.631622
*OC(=O)OCCOC(=O)OCCCCCCOc1ccc(C(=O)Nc2ccc(Oc3ccc(Sc4ccc(Oc5ccc(*)cc5)cc4)cc3)cc2)cc1N,61.691597
*OC(=O)OCCOC(=O)c1ccc([Si](*)(C)C)cc1,28.023117
*OC(=O)OCCOCCOC(=O)c1ccc(*)cc1,-6.910019
*OC(=O)OCCOCCOCCCCCOC(=O)OCCCCCCCCCOC(=O)OCC(CSS*)OC,-39.245148
*OC(=O)OCCOCCOCCCCOC(=O)OC1COC1*,-9.945419
*OC(=O)OCCOCCOCCOCCOCCOCCOCCOC(*)=O,-29.639069
*OC(=O)OCCOc1ccc(C(*)=O)cc1Oc1ccc(OC(C)=C(c2ccccc2)C(C)O)cc1,82.29313
*OC(=O)OCCOc1ccc(C(CC(C)(C)C)C(=O)OC(C)(C)CC(*)=O)cc1,34.507347
*OC(=O)OCCOc1ccc(CCCCCCCCc2ccc(OC(=O)CS(*)(=O)=O)cc2)cc1,32.27339
*OC(=O)OCCSCCCCOC(=O)OCCCCCCOc1ccc(Oc2ccc(S(*)(=O)=O)nc2)cc1,26.498672
*OC(=O)OCCc1ccc(CNC(*)=O)cc1,55.895576
*OC(=O)OCc1ccc(C(C)(C)c2ccc(NC(=O)OCCCCCCCCCCOC(*)=O)cc2)cc1,24.671364
*OC(=O)OCc1ccc(OCC(O)O[Si](C)(C)O[Si](C)(C)O[Si](C)(C)O[Si](C)(C)O[Si](C)(C)C[Si](C)(C)C)cc1*,12.993149
*OC(=O)O[Si](C)(C)CCCN(C)C(=O)CCCCC(=O)OCCCCCOC(=O)N(*)c1ccc(F)cc1,-11.818726
*OC(=O)Oc1c(C)cc(-c2cc(C)c(OC(*)=O)c(Br)c2Cl)cc1OC,101.58849
*OC(=O)Oc1ccc(-c2ccc(OC(=O)CCCCC(*)=O)c(Br)c2)cc1CCCCCCCC,36.15428
*OC(=O)Oc1ccc(-c2ccc(OCc3ccc(OC(=O)c4ccc(C(*)=O)cc4)cc3)cc2)cc1,132.18694
*OC(=O)Oc1ccc(-c2ccccc2C(=O)N(*)C)cc1,121.42822
*OC(=O)Oc1ccc(C(=O)Nc2ccc(NC(=O)c3cccc(C(=O)Nc4ccc(*)cc4)c3)cc2)cc1,184.31804
*OC(=O)Oc1ccc(C(=O)OCC(O*)OC(=O)c2ccc(Cl)cc2)cc1,56.820778
*OC(=O)Oc1ccc(C(=O)Oc2cccc(OC(=O)c3ccc(*)cc3)c2)cc1,100.63671
*OC(=O)Oc1ccc(C(Oc2ccc(Oc3ccc(C(*)=O)cc3)cc2)c2ccccc2)cc1,123.50516
*OC(=O)Oc1ccc(CC(C)(C)c2ccc(OC(=O)OCC(O)C(*)=O)cc2)cc1,51.71441
*OC(=O)Oc1ccc(CC(NC(=O)C#N)c2ccc(C(*)=O)cc2)cc1,157.02525
*OC(=O)Oc1ccc(Cc2ccc(NC(=O)NC(=S)c3ccc(*)cc3)cc2)cc1,170.13058
*OC(=O)Oc1ccc(OC(=O)OCCCCCCCCOc2ccc(-c3ccc(OC(=O)c4ccc(-c5ccc(C(*)=O)cc5)cc4)cc3)cc2)cc1,69.29317
*OC(=O)Oc1ccc(OCCCCCC)cc1*,14.836136
*OC(=O)Oc1ccccc1C(=O)OCCCCC(O*)C(C)C,7.802124
*OC(=O)SC(=O)OCCCCCCCCOc1ccc(-c2ccc(OC(=O)c3ccccc3)cc2C(*)=O)cc1,47.350533
*OC(=O)SCCCCCC(=O)Oc1ccc(-c2ccc(OCCCOc3ccc(C(*)=O)cc3)cc2)cc1,57.527176
*OC(=O)SN1CCN(CC(C#N)C=N[Si](C)(C)O[Si](*)(C)CCCC(F)(F)F)C1,12.329941
*OC(=O)SNC(=O)CCCCCCC(=O)NCCCCCCCCCCNC(=O)C(Cc1ccccc1)C1CN(c2ccc(C(=O)OC(*)=S)cc2)C1=O,56.266373
*OC(=O)SNC(=O)c1ccc(C(=O)Nc2ccc(*)cc2)cc1,217.7965
*OC(=O)[Si](C)(CCC(=O)OC(C)C)C(*)(C(F)(F)C(F)(F)C(F)(F)F)C(C)(Cl)C(F)(F)F,32.183678
*OC(=O)[Si](CCC)(CCCCCC)c1ccc(*)cc1,64.53646
*OC(=O)c1c(OCCCCCCCCCC)cc(/C=C/c2ccc(*)cc2)cc1OC(=O)OCCCCC,63.060715
*OC(=O)c1cc(*)c(C(=O)OCCCCCC)c(C)c1,30.940765
*OC(=O)c1cc(-c2ccc(NC(=O)c3ccc(Cc4ccc(C(*)=O)cc4)cc3C)c(C)c2)ccc1OC,209.52737
*OC(=O)c1cc(C(=O)NCC(O*)c2ccc(-c3ccc(C)cc3)cc2)ccc1C(=O)O,120.12827
*OC(=O)c1cc(C(=O)OC)c(*)cc1O,115.76767
*OC(=O)c1cc(C)c(C(=O)OCCCCCCCCCCCCCCCOc2ccc(*)c(C)c2)cc1C(=O)OC,37.006737
*OC(=O)c1cc(Cl)c(C(C)(C)[Se])cc1C(=O)OC(=O)Cc1ccc(C(=O)OC(=O)C(*)=O)cc1,126.37937
*OC(=O)c1cc(NC(=O)NCCCCCCNC(=O)c2ccc(Cc3ccc(C(*)=O)cc3)cc2)ccc1N,107.22958
*OC(=O)c1cc(NC(=O)OCCOc2ccc(C(C)(C)c3ccc(COC(*)=O)cc3)cc2)ccc1C(=O)OC(C)(C)C,72.20583
*OC(=O)c1cc(OCCC)cc(C(*)=O)c1C,108.68635
*OC(=O)c1cc(OCCCC)cc(C(*)=O)c1C,83.915054
*OC(=O)c1cc(OCCCCC)cc(C(=O)NCCCCCCCCCCCNC(=O)c2ccccc2OC(=O)c2ccc(C(*)=O)cc2)c1,82.86206
*OC(=O)c1cc(OCCCCCCCCCCCC)c(C(*)=O)cc1SCCCCCC,29.395912
*OC(=O)c1ccc(-c2ccc(C(=O)CCCCC(=O)OCCCCCCCCCCOC(*)=O)cc2)cc1,1.4089661
*OC(=O)c1ccc(-c2ccc(C(=O)Nc3ccc(*)c(C)c3)cc2)cc1,196.53328
*OC(=O)c1ccc(-c2ccc(C(=O)OC(=O)CCCS(*)(=O)=O)cc2)cc1,98.03308
*OC(=O)c1ccc(-c2ccc(C(=O)OCC(C)CCOC(=O)/C=C/C(*)=O)cc2)cc1,85.51778
*OC(=O)c1ccc(-c2ccc(NC(=O)C(=O)c3ccc(C(=O)Nc4ccc(C(=O)OCCCCCCCOC(*)=O)cc4)cc3)cc2)cc1,84.48091
*OC(=O)c1ccc(-c2ccccc2P(=O)(c2ccccc2)c2ccc(C(C)(C)c3ccc(Oc4ccc(NC(=O)c5cccc(*)c5)cc4)cc3)cc2)cc1,174.9689
*OC(=O)c1ccc(-n2c(=O)c3cc4c(=O)n(*)c(=O)c4cc3c2=O)cc1,322.66754
*OC(=O)c1ccc(/C=C/C(=O)NNC(=O)c2cc(CN)ccc2Oc2ccc(*)cc2)cc1,214.5486
*OC(=O)c1ccc(/C=N/c2ccc(/N=C/c3ccc(OCc4ccc(C(*)=O)cc4)cc3)cc2)cc1,175.51562
*OC(=O)c1ccc(/N=N/c2ccc(OC(=O)CCCC(=O)OC)cc2)cc1OC(=O)CCCCC(*)=O,16.376907
*OC(=O)c1ccc(C(*)=O)c(O)c1O,110.07999
*OC(=O)c1ccc(C(=O)CNc2ccc(C(*)=S)cc2)cc1,130.6559
*OC(=O)c1ccc(C(=O)N/C=C/c2ccc(*)cc2C)cc1,180.23534
*OC(=O)c1ccc(C(=O)NCCCCCCNC(=O)/C=C/CC(=O)Nc2ccc(*)cc2)cc1,127.55064
*OC(=O)c1ccc(C(=O)NCCCCCNC(=O)CCCCCCCCCCC(=O)NCCCCCOC(=O)c2ccc(S(*)=O)cc2)cc1,46.36779
*OC(=O)c1ccc(C(=O)NCCNC(=O)c2cccc(C(=O)O*)c2)cc1,111.48877
*OC(=O)c1ccc(C(=O)NCc2ccc(O*)cc2)cc1,136.01047
*OC(=O)c1ccc(C(=O)NNC(=O)c2ccc(C(*)=O)cc2)cc1,208.27959
*OC(=O)c1ccc(C(=O)OC(=O)c2ccc(-c3ccc(C(=O)Oc4ccc(OCCCCCCCCCCCCCCCCOC(*)=O)cc4)cc3C(=O)NCCC(=O)O)cc2)cc1,66.925606
*OC(=O)c1ccc(C(=O)OC(=O)c2ccc(NC(=O)CSc3ccc(*)cc3-c3ccccc3)cc2)cc1,161.44348
*OC(=O)c1ccc(C(=O)OC(=O)c2cccc(C(=O)S(=O)(=O)c3cccc(C(*)=O)c3)c2)cc1,149.83418
*OC(=O)c1ccc(C(=O)OCCCCCCCCCCOC(=O)c2ccc(C(*)=O)cc2)c(Cl)c1,43.63817
*OC(=O)c1ccc(C(=O)OCCCCCCOC(=O)c2ccc(NC(=O)CN3C(=O)c4ccc(*)cc4C3=O)cc2)cc1,81.47044
*OC(=O)c1ccc(C(=O)OCCCCCOC(=O)c2ccc(C(=O)OC(=O)Nc3cccc(*)n3)cc2)cc1,63.78058
*OC(=O)c1ccc(C(=O)OCCC[Si](C)(CC)O[Si](C)(C)O[Si](C)(C)OC(C)O*)cc1,2.4787445
*OC(=O)c1ccc(C(=O)OCCN(CCOC(=O)c2ccc(*)cc2)c2ccc(C(=O)OCCCC)cc2)cc1,65.63063
*OC(=O)c1ccc(C(=O)OCCOc2ccc(OC(=O)CCCCCCCCC(*)=O)cc2)cc1,10.224823
*OC(=O)c1ccc(C(=O)c2ccc(C(=O)Nc3ccc(Sc4ccc(Oc5ccc(*)cc5)cc4)cc3)cc2)cc1,190.74625
*OC(=O)c1ccc(C(C)(C)c2ccc(C(*)=O)c(C)c2)cc1C,169.61865
*OC(=O)c1ccc(C(C)(C)c2ccc(C(=O)OC(C)CN(*)C(=O)c3ccccc3)cc2)cc1,134.36612
*OC(=O)c1ccc(C(CC(C)(C)O*)C(=O)O)cc1,74.59966
*OC(=O)c1ccc(C(CC)(CCCC)c2ccc(NC(=O)CCCCC(=O)NC(CCCCCCCCCCCC)C(=O)O*)cc2)cc1,65.66334
*OC(=O)c1ccc(C(CCC)c2ccc(C(*)=O)cc2)cc1,147.17177
*OC(=O)c1ccc(C(CCCCCC)c2ccc(Cl)cc2)cc1*,65.786964
*OC(=O)c1ccc(C=C)c(/C=C/C(=O)N(C)Nc2ccc(*)cc2)c1,175.61862
*OC(=O)c1ccc(CCC(=O)NCCCc2ccc(CNC(=O)c3ccccc3-c3ccccc3Nc3ccccc3C(=O)OCCC(C)(C)COC(*)=O)cc2)cc1,60.238495
*OC(=O)c1ccc(CCCCCCCCCCOc2ccc(-c3ccc(-c4nnc(*)o4)nc3)cc2)cc1,83.91594
*OC(=O)c1ccc(CCc2ccc(C(C)C(*)=O)cc2)cc1,123.35183
*OC(=O)c1ccc(CNC(=O)OCCCCCCOC(*)=O)cc1,3.3410645
*OC(=O)c1ccc(Cc2ccc(C(=O)OCC(O)CN3C(=O)c4ccc(C(*)(F)C(F)(F)F)cc4C3=O)cc2)cc1,144.04869
*OC(=O)c1ccc(NC(=O)CCCCCCCCCCCCC(=O)NC(C#N)C(=O)Oc2ccc(C(*)=O)cc2)cc1,64.96169
*OC(=O)c1ccc(NC(=O)Nc2ccc(Cc3ccc(NC(*)=O)cc3)cc2)cc1,202.10025
*OC(=O)c1ccc(NC(=O)OCCCCOCCCCC(*)=O)cc1,-3.0951996
*OC(=O)c1ccc(Nc2ccc(C(=O)Oc3ccc(/C=C/C(*)=O)cc3)cc2)cc1,175.24384
*OC(=O)c1ccc(OC(=O)CCC(=O)OCCCCCCCCOC(=O)c2ccc(O*)cc2)cc1,3.6369019
*OC(=O)c1ccc(OC(=O)CCCCC(=O)OC(=O)CCC(*)=O)cc1,-22.122986
*OC(=O)c1ccc(OC(=O)c2ccc(NC(=O)c3cccc(C(=O)Nc4ccc(*)cc4)c3)cc2)cc1,166.94426
*OC(=O)c1ccc(OCCC(C)CCCNc2ccc(C(=O)Oc3ccc(*)cc3)cc2)cc1,69.29889
*OC(=O)c1ccc(OCCCCCCCOc2cccc(C(*)=O)c2)cc1,30.184074
*OC(=O)c1ccc(OCCCCCCOC(=O)c2ccc(C(=O)OC(=O)c3ccc(S(*)=O)cc3)cc2)cc1,56.2881
*OC(=O)c1ccc(OCCCCCCOc2ccc(C(=O)Oc3ccc(C(=O)C(=O)Nc4ccc(*)cc4)cc3)cc2)cc1,86.00037
*OC(=O)c1ccc(OCCOC(=O)CCCC(=O)OCCCCCCOC(=O)c2ccc(*)cc2)cc1,-10.179367
*OC(=O)c1ccc(Oc2ccc(C(=O)Nc3ccc(*)cc3)cc2)cc1,203.34283
*OC(=O)c1ccc(Oc2ccc(NC(=O)OCCOc3ccc(C(*)=O)cc3)cc2)c(C)c1C,140.96901
*OC(=O)c1ccc(Oc2ccccc2C(=O)Oc2ccc(C(C)(C)c3ccc(*)cc3)cc2)cc1,149.91158
*OC(=O)c1ccc(P(=O)(c2ccccc2)c2ccc(C(*)=O)cc2)cc1,182.13397
*OC(=O)c1ccc(S(=O)(=O)CCCNC(=O)c2ccc(*)cc2)cc1,128.47426
*OC(=O)c1ccc(S(=O)(=O)c2ccc(/C=C/c3ccc(*)cc3)cc2)cc1,225.15437
*OC(=O)c1ccc(Sc2ccc(C(=O)Nc3ccc(*)cc3)cc2)cc1,224.94293
*OC(=O)c1ccc([Si](C)(C)c2ccc(C(=*)CC)cc2)cc1,104.09686
*OC(=O)c1ccc2c(c1)C(=O)N(c1ccc(Cc3ccc(N4C(=O)c5ccc(C(*)(C(F)(F)F)C(F)(F)F)cc5C4=O)cc3)cc1)C2=O,285.5337
*OC(=O)c1cccc(C(=O)NCCC(=O)Nc2ccc(/C=N/c3cccc(*)c3)cc2)c1,164.63983
*OC(=O)c1cccc(C(=O)NCCCCCCCCCCCCCCNC(=O)c2ccc(C(=O)OC(*)=O)cc2)c1,61.034515
*OC(=O)c1cccc(C(=O)NCCCCCCCCCCNC(=O)c2ccc(*)cc2)c1,86.27792
*OC(=O)c1cccc(C(=O)NCCCCCCNC(*)=P)c1,86.71176
*OC(=O)c1cccc(C(=O)NCCCCCCOC(*)=O)c1,9.762756
*OC(=O)c1cccc(C(=O)Nc2cccc([2H])c2)c1*,166.43932
*OC(=O)c1cccc(C(=O)OC(=O)CCCCCCC(=O)OC)c1*,-20.721405
*OC(=O)c1cccc(C(=O)OC(C)COC(*)=O)c1,20.448929
*OC(=O)c1cccc(C(=O)OC)c1*,76.53855
*OC(=O)c1cccc(C(=O)OCCCCCCCNc2ccc(*)o2)c1,12.860062
*OC(=O)c1cccc(C(=O)OCCCCCCOC(=O)CCCCCCCC(=O)Oc2ccc(C(=O)OCC)cc2)c1*,12.952728
*OC(=O)c1cccc(C(=O)OCCCCNC(=O)c2cccc(*)c2)c1,64.06597
*OC(=O)c1cccc(C(=O)OP(=O)(COC(C)=O)O*)c1,31.46553
*OC(=O)c1cccc(NC(=O)C(=O)Nc2ccccc2-c2ccccc2[Si](*)(C)C)c1,175.11111
*OC(=O)c1cccc(OC(=O)c2cccc(C(*)=O)c2)c1,131.9376
*OC(=O)c1ccccc1/C=C/c1ccc(C(*)=O)cc1,183.85062
*OC(=O)c1ccccc1C(=O)NCCCCC(=O)Nc1c(C)cc(*)cc1Cl,109.84141
*OC(=O)c1ccccc1C(=O)OC(=O)c1cccc(C(=O)NNC(=O)C(*)=O)c1,121.665596
*OC(=O)c1ccccc1C(=O)OC(=O)c1ccccc1-c1ccc(*)cc1,117.712585
*OC(=O)c1ccccc1C(=O)OCC(*)(C)C(=O)OCCCCCCCC,2.350769
*OC(=O)c1ccccc1C(=O)OCCCCCCCCCCOC(=O)c1ccc(C(*)=O)cc1,36.36432
*OC(=O)c1ccccc1C(=O)OCc1ccc(COC(C)(C)c2ccc(*)cc2)c(C(=O)OC)c1,92.10208
*OC(=O)c1ccccc1C=*,40.66967
*OC(=O)c1ccccc1OC(=O)c1ccc(C(=O)Nc2ccc(C#Cc3ccc(*)cc3)cc2)cc1,171.24466
*OC(=O)c1ccccc1OC(=O)c1ccccc1NC(=O)NC(CO)CC(C)C(=O)OCC(=O)Nc1ccc(Cc2ccc(*)cc2)cc1,108.21292
*OC(=S)NC(=O)c1ccc(/C(C)=N/c2ccc(/N=N/c3ccc(C(=O)Oc4ccc(C(*)=O)cc4)cc3)cc2OC)cc1,198.017
*OC(=S)Nc1ccc(COC(=O)C=CC)cc1*,100.65326
*OC(=S)c1cccc(C(=O)NCCCCCCCCCCNC(=O)CCCS*)c1,40.940544
*OC(C#C)c1ccc(*)c(C)c1,70.186554
*OC(C(=O)OCC)C(*)C(=O)OCCCCC,9.765793
*OC(C(=O)OCC)C(*)COc1ccc(/N=N/c2ccc(Cl)cc2)cc1,95.087135
*OC(C)(C)C(C)O[Si](*)(C)C,-47.463196
*OC(C)(C)COC(=O)CC(*)=O,9.470718
*OC(C)=C(*)C(=O)OCCCCCCCCC,-11.805222
*OC(C)=C(O)C(O)C(*)Oc1cccc(I)c1,59.859917
*OC(C)=C(O*)c1ccc(OCCOC)cc1,63.778328
*OC(C)=PSC(=O)c1ccc(C(=O)c2ccc(C(=O)c3ccc(S(*)(C)C)cc3)cc2)cc1,113.694664
*OC(C)C#Cc1cc(C(C)(C)C)cc(*)c1C,79.80714
*OC(C)C(*)(C)C(=O)OC,63.295685
*OC(C)C(*)=C(C)C,34.435883
*OC(C)C(*)CS(=O)(=O)CCC,38.56314
*OC(C)C(C)C(*)C(=O)O,91.863266
*OC(C)C(C)C(C)O*,-8.940735
*OC(C)C(C)CCC(C)OC(=O)CCCCC(*)=O,-43.442444
*OC(C)C(C)CCCCC(*)C,-50.476913
*OC(C)C(C)COC(=O)Nc1ccc(Cc2ccc(C(=O)OC(C)=C(*)c3ccccc3)cc2)cc1,91.90996
*OC(C)C(C)OC(*)Oc1ccc(C)cc1Cl,5.176544
*OC(C)C(C)O[N+](C)(C)CCCOC(=O)N(C)C(*)=O,18.335106
*OC(C)C(C)O[Si](C)(C)C[Si](*)(C)C,-55.95227
*OC(C)C(C)O[Si](C)(C)O[Si](C)(C)CNC(*)=O,-51.38208
*OC(C)C(O)O*,-44.459976
*OC(C)C=CC(CC=C)O*,-10.129639
*OC(C)CC(C)CC(C)C(*)O,9.004364
*OC(C)CC(C)CNC(=O)CCCCCCCCC(=O)S*,24.055733
*OC(C)CC(O)COC(C)(C)O[Si](*)(C)C,-50.009125
*OC(C)CCC(C)CCCC[Si](*)(C)[Si](C)(C)O[Si](C)(C)C,-73.13434
*OC(C)CCC(C)COC(=O)N(CCCC)NC(=O)c1ccc(C(*)=O)cc1,47.24122
*OC(C)CCCCC(C)CCCCCCCS(*)(=O)=O,-19.896133
*OC(C)CCCCCCC(C)C(C)(C)C(*)=O,0.59465027
*OC(C)CCCCOC(=O)CCCCC(*)=O,-58.142563
*OC(C)CCOC(=O)CCCCCCC(=O)OCC(C(*)=O)C(F)(F)C(F)(F)C(F)(F)C(F)(F)C(F)(F)C(F)(F)C(F)(F)F,-23.082733
*OC(C)CCOC(=O)CCC[Si](C)(C)CCC(*)=O,-41.073166
*OC(C)CCOC(=O)NCc1ccc(-c2ccc(NC(=O)OCCCCCCOC(*)=O)cc2)cc1,34.96183
*OC(C)CCOC(=O)OCCCCCCCCCCCCOC(=O)NCc1ccc(NC(*)=O)cc1,27.680496
*OC(C)CCOC(=O)c1ccc(C(=O)CCCCCCCCCCCC(=O)N2CCN(*)CC2)cc1,34.821373
*OC(C)CCOc1ccccc1C(*)=O,35.02495
*OC(C)CC[Si](C)(C)O*,-58.364777
*OC(C)CNC(=O)NCCCCCCCCCCCCCCCCCCCCNC(*)=O,44.480087
*OC(C)CNC(=O)c1cccc(C(=O)NCCCCCCNC(=O)c2ccc(*)cc2)c1,72.99891
*OC(C)COC(*)OC(C)CC,-50.380707
*OC(C)COC(=O)C(C)NC(=O)c1ccc(C(*)=O)cc1OCC,90.86372
*OC(C)COC(=O)C(CC)(CCNC(=O)O)C(C)O*,40.847244
*OC(C)COC(=O)C(CCC)NC(=O)CCCCCNC(=O)c1ccc(*)cc1,26.173447
*OC(C)COC(=O)CCCC(*)=S,-24.999847
*OC(C)COC(=O)CCCC(C)NC(=O)CCCCC(*)=O,-23.603561
*OC(C)COC(=O)CCc1ccc(CC[Si](C)(C)c2ccc(C(*)=O)cc2)cc1,43.735268
*OC(C)COC(=O)NNC(*)=O,34.463676
*OC(C)COC(=O)c1ccc(C(*)=O)cc1C(=O)Oc1ccc(C)cc1,78.860954
*OC(C)COC(=O)c1ccc(C(C)(C)c2ccc(C(*)=O)cc2)cc1,104.17009
*OC(C)COC(=O)c1ccc(NC(=O)CCCCC(=O)Nc2ccc(C(=O)OCCC[Si](C)(C)O*)cc2)cc1,18.965973
*OC(C)NC(=O)c1ccc(C(=O)NCCCCCCCCCCNC(=O)c2ccc(*)cc2)cc1,102.5443
*OC(C)OC(=O)CCc1ccc(C(C)(C)c2ccc(*)cc2)cc1,75.48756
*OC(C)OC(=O)c1cc(*)cc(N(CC)CCC)c1,87.76667
*OC(C)OC(C)(C)CCC(F)(F)C(F)(F)C(F)(F)C(*)(F)F,-24.354431
*OC(C)OCC(C)CNC(*)=O,11.574524
*OC(C)O[Si](C)(C)Oc1ccc(C(*)=O)cc1,-2.6661682
*OC(C)[PH](*)(C)CO,41.27112
*OC(C)c1ccccc1C(*)C,59.31836
*OC(C=*)COC(=O)NCCCCCCCCC,-24.645416
*OC(C=*)OCCS(=O)(=O)Cl,-8.777374
*OC(C=C)COC(=O)C1CCCC(*)O1,53.003555
*OC(C=C)OC(*)=O,-4.339432
*OC(C=C=C(C)C)C(*)(C)C,53.22843
*OC(CC(*)(C)C)c1ccccc1,40.394623
*OC(CC(*)(Cl)C(F)(F)F)C(F)(F)F,16.221176
*OC(CC(*)=O)C(=O)OCCCCCC(F)(F)C(F)(F)C(F)(F)C(F)(F)F,-25.26529
*OC(CC(*)=O)C(CC)CCCCC(F)(F)F,-3.0048218
*OC(CC(C)C)C(C)(C)COC(=O)C1CCC(*)C1,47.91848
*OC(CC(C)C)OC(*)Cl,-9.882156
*OC(CC(C)C)OC(C)S(*)(=O)=O,33.46511
*OC(CC(C)CCC(*)=O)C(=O)OC,-10.5668335
*OC(CC(C)O)C(*)(C#N)C#N,64.557945
*OC(CC(F)(F)C(F)(F)C(F)(F)F)C(*)(F)F,-37.99742
*OC(CC)SC(*)=O,13.269394
*OC(CCC(*)=O)c1ccc(OCCOC)cc1,36.53836
*OC(CCC(=O)OCCCCCCC)C1(*)CC(C)(C)O1,-13.092834
*OC(CCC(C)(C)C)C(C)(C)SC(*)=O,13.786224
*OC(CCC(C)C)C(*)CC(C)C,2.998932
*OC(CCC)C(OC(*)=O)C(C)O,43.999664
*OC(CCC)COC(*)OC(=O)c1ccccc1CF,18.599503
*OC(CCC)COC(=O)NCCCCCCCCCCNC(*)=O,45.6436
*OC(CCCCC)OC(=O)c1ccc(C(*)=O)cc1OCCOCCOCCOC,16.132294
*OC(CCCCCCC)C(OC)C(*)=O,-7.599655
*OC(CCCCCCCC)C(F)(F)C(F)(F)C(*)(F)F,-29.097778
*OC(CCCCOC(=O)[O][Na])c1cccc(OC(=O)CCCCCCCCCCC(*)=O)c1,-11.652893
*OC(CCCOC(=O)c1ccccc1)CC(*)=O,-15.984756
*OC(CCO)=C(*)C#N,66.29128
*OC(CCO)COC(=O)c1ccccc1C(=O)NC(C#N)C(*)=O,57.355247
*OC(CCOC(=O)c1cccc(C(*)=O)c1)OC(=O)c1ccc(C(C)(C)C)cc1,66.01328
*OC(CCl)CCC(=O)Nc1ccc(-c2ccc(*)cc2)cc1,123.70573
*OC(CCl)OC(=O)c1cccc(C(*)=S)c1,57.4926
*OC(CI)OC(=O)CCCC(*)=O,-13.7314
*OC(CI)OC(C)=C(OC)OC(C)COC(=O)c1ccccc1C(*)=O,33.3835
*OC(CO)(COC(*)=O)C(=O)O,35.828087
*OC(CO)C(*)(C(F)(F)F)C(F)(F)F,42.091476
*OC(COC(=O)CCCCC(*)=O)CSCCOCCO,-48.406433
*OC(COC(=O)CCCCCCCCC(*)=O)C(=O)OC1CCCCCC1,-5.563385
*OC(COC(=O)NCCSCCCSSOC(*)=O)C1CCCC[N+]1,-8.211899
*OC(COC(=O)c1ccccc1)C(=O)OCC1CCCOC1*,45.399597
*OC(COC(=O)c1ccccc1C(*)=O)C(C)(C)C,103.219696
*OC(COC(C)=O)C(CC(*)[2H])c1ccccc1,41.607315
*OC(COC)COC(*)(COCC(=O)O)C(=O)OCCCOC(C)(C)C,12.114456
*OC(COCC(*)=O)C(CC(C)C)C(C)C,21.536568
*OC(COc1ccc(-c2ccc(OC)cc2)cc1)O*,50.299683
*OC(COc1ccc(/N=N/c2ccc([N+](=O)[O-])c(C(*)=O)c2)cc1)Oc1cc(C(C)(C)C)cc(C(F)(F)F)c1,150.59897
*OC(COc1ccc(C(C)(C)C)cc1)c1ccc(*)cc1,97.38348
*OC(COc1ccc(N=*)cc1)c1ccc(C[Si](C)(C)CCCOC(=O)c2ccc(C#N)cc2)cc1,51.267715
*OC(CS(=O)(=O)OCC(C)(C)C)C(*)CCCCC(F)(F)F,-23.25093
*OC(CSC(=O)NCCOCCCCCCCCSCSCC)C(*)=O,-19.154587
*OC(Cl)=C(*)C[N+]C(C)=O,65.646515
*OC(Cl)=C(*)Cl,32.705025
*OC(Cl)C(*)=S,19.637993
*OC(Cl)C(*)C(=O)Oc1ccc(OCc2ccc(Cl)cc2)c(Cl)c1,132.48003
*OC(F)(F)C(F)(F)C(F)(F)C(*)(F)C(F)(F)F,-32.30156
*OC(F)(F)C(F)(F)C(F)(F)CCS(*)(F)OC(F)(F)F,-39.987778
*OC(F)(F)C(F)(F)CNC(=O)N(*)C,51.924294
*OC(F)(F)CC(F)(F)C(F)(F)C(F)(F)CCC(F)(F)C(F)(F)C(F)(F)C(F)(F)CN(*)CC,-20.51329
*OC(F)(F)COC(=O)CCCC(*)=O,-24.943344
*OC(F)(F)COC(=O)c1cccc(C(*)=O)c1,75.13467
*OC(N)CCCCCCOC(=O)c1cccc(C(*)=O)c1C,11.708496
*OC(O)C(C)N[Si]C(*)(CCC(F)(F)F)C(F)(F)C(F)(F)C(F)(F)F,-6.5098724
*OC(O)COCC(*)(C)CCC(C)C,-43.582047
*OC(O)CO[Si](C)(C)O[Si](C)(C)NC(*)=O,-58.215286
*OC(O)COc1ccc(C(C)(C)c2ccc(OC(=O)c3ccc(C(*)=C(C)C#N)cc3)cc2)cc1,121.8602
*OC(O)COc1ccc(C(C)(C)c2ccc([Si](*)(C)C)cc2)cc1,91.93897
*OC(O)COc1ccc(C(C)(CC)c2ccc(OC(=O)OCCCCCCOC(*)=O)cc2)cc1,34.079132
*OC(O*)C(=O)Oc1ccc(C)cc1,43.21398
*OC(O*)C(C)(C)C,4.435623
*OC(O*)c1ccc(CCCC)cc1,19.881943
*OC(OC(*)COCC(C)(C)C)C(C)CC,-8.884857
*OC(OC(=O)c1ccccc1)C(=O)OC(C)N(*)c1ccccc1,30.947906
*OC(OC(C)=O)C(*)CC,29.236374
*OC(OC(C)=O)c1ccc(NC(=O)CCCCCCC(=O)Nc2ccc(*)cc2)cc1,68.915565
*OC(OCCOCCOCCOC)C(C)N(*)C(C)C,-3.8561401
*OC([2H])(C(*)=O)C(=O)O,70.276215
*OC([2H])(F)C(F)(F)C(F)(F)O*,-53.024643
*OC([2H])=C(Cl)C(C)C(*)C(=O)OC1CCCC1,117.94191
*OC1(C)CCC(C(*)=O)C1,152.06741
*OC1=C(C(=O)OCCN(*)c2ccc(CCCC)cc2)C=C1C#N,100.82835
*OC1=CC=C(C(*)=O)C1,143.09972
*OC1=CC=C(Oc2ccc(Cl)cc2)CC(NC(=O)NCCCc2ccc(OCc3ccccc3S(*)=O)cc2)C=C1,130.68544
*OC1=CC=C(c2ccccc2)CC(NC(=O)c2ccc(C(=O)OC(=O)c3ccc(OCCOCCOCCOCCOCCOCCOCCOCCOCCOc4ccc(C(*)=O)cc4)cc3)cc2)C=C1,70.64898
*OC1=CC=C2CC(CCC1N)N1SCCCCSC2=CC=C1*,120.15973
*OC1=CC=CC1COC(*)OC1COCC1O,81.81009
*OC1=C[N+]=C(*)N=C1c1ccccc1,143.29274
*OC1C(*)C1C=Nc1ccccc1,136.8663
*OC1C=C(C(C)(C)C)C(CC(*)(C#N)C([2H])(F)F)C1,103.623764
*OC1C=CC(C)(C)C(=*)CS(=O)(=O)C1O,121.01842
*OC1C=CN(C(*)=O)C=C1,114.74883
*OC1CC2CC(*)CC(C)(C)C21,179.14061
*OC1CCC(*)C1C(=O)OCCC(C)C,58.79902
*OC1CCC(*)N1C(=O)CCC(CC)CC,61.700783
*OC1CCC(CNC(=O)CC(*)=O)CC1,142.1042
*OC1CCC(COC(*)=O)C(C)(C)CC1,67.972885
*OC1CCC(COC(*)=S)C1,42.235733
*OC1CCC(OC(=O)S*)C1,47.670082
*OC1CCCCC(C(*)CO)C(OC(=O)CCCCCCCCCCCCCCC(C)(C)C)O1,11.976517
*OC1CCCCCC(*)C(O)COC1,60.110184
*OC1CCOC(*)O1,71.72366
*OC1COCCCCOCCOC(*)(OCCCCCC)O1,-6.68692
*OC=C(*)C(=O)OCCCCCCCCCC,-66.86276
*OCC(*)COCCOCCOCCO,-41.844193
*OCC(*)COc1ccc(C(=O)Oc2ccc(OCCCC)cc2)cc1,66.07141
*OCC(*)OC(=O)c1ccc(OCc2ccccc2)cc1,79.06602
*OCC(*)OC(=O)c1ccccc1OCC,38.81109
*OCC(*)c1ccc(O)cc1,64.56662
*OCC(=O)CCCCCS(=O)(=O)c1ccc(C)cc1NC(=O)O*,22.379372
*OCC(=O)Nc1ccc(Cc2ccc(NC(=O)CS*)cc2)cc1,145.33633
*OCC(=O)Oc1ccc(OC(=O)c2ccc(C(=O)OCCOCCOCCOC(=O)c3ccc(O*)cc3)cc2)cc1,34.345444
*OCC(C)(C)COC(=O)CCCCCCCC(=O)OCC(C#N)COC(=O)c1ccccc1C(=O)O*,-16.840927
*OCC(C)(C)COC(=O)NC(=O)CCCCC(*)=O,-13.039154
*OCC(C)(C)COC(=O)c1cc(*)ccc1C(=O)OC,62.307632
*OCC(C)(CCC(=O)Nc1ccc(C)c(C)c1)NC(=O)OCCOC(=O)CCCCNC(*)=O,28.700317
*OCC(C)O[Si](C)(C)CCC(O)COc1ccc(-c2ccc(C(*)=O)cc2)cc1,62.653725
*OCC(C)S(=O)(=O)CC(*)=O,35.772903
*OCC(CCOC(=O)c1ccc(C(*)=O)cc1)C(C)(C)C,69.15607
*OCC(COC(=O)c1ccc(C(=O)OCCCCCCCCCCOC(=O)c2ccc(*)cc2)cc1)c1ccccc1,23.19577
*OCC(COCNC(*)=O)C(=O)CCCCC,-17.12117
*OCC(F)(F)COc1ccc(C(C)(C)c2ccc(O*)c(Cl)c2)cc1Cl,79.209206
*OCC(O)CN(*)c1ccc(C)cc1,53.021828
*OCC(OC)C(C)COC(=O)c1ccc(C(*)=O)cc1,91.58374
*OCC(OC)c1ccc(Oc2ccc(-c3ccc(*)cc3)cc2)cc1,122.08133
*OCCC(C)CCCC(*)C,-79.02258
*OCCC(O)COc1ccc(CC(C)CCC(*)=O)cc1,12.354935
*OCCCC(=O)NCCCCCCNC(=O)CCCCCCCCCCCCCCC(=O)NCCCCCCC#CC#*,23.613678
*OCCCC(CCCCCC#N)c1ccc(-c2ccc(/C=N/N=C/c3ccc(-c4ccc(C#N)cc4)cc3)cc2)c(*)c1,112.315125
*OCCCC(F)(F)C(F)(F)C(=O)N(*)C(C)C,40.1146
*OCCCC(O)COC(=O)c1ccccc1C(=O)OCCN(CCOC(=O)Nc1ccc(C#N)cc1)COC(=O)Nc1cccc(NC(=O)CCCC(=O)Nc2ccc(C(=O)O*)cc2)c1,44.53457
*OCCCCC(=N)c1ccccc1/C=C/S(=O)(=O)c1cccc(*)c1,94.26991
*OCCCCCC(=O)NNc1ccc(Cc2ccc(NC(=O)CCCCCCC(*)=O)cc2)cc1,34.538246
*OCCCCCCCCC(=O)Oc1ccc(C(C)(C)c2ccc(Oc3ccc(C(*)=O)cc3)cc2)cc1,74.39544
*OCCCCCCCCCC(=O)NCCCC(=O)O*,-18.34459
*OCCCCCCCCCCCCCCCCCCCCOc1ccc(OC(=O)CCCCCCCCC(=O)OCCCCCCOc2ccc(/C=C/C(=C)c3ccc(O*)cc3)cc2)cc1,44.094368
*OCCCCCCCCCCCCCCNC(=O)Cc1ccc(Cc2ccc(C(=O)O*)cc2)cc1,61.173332
*OCCCCCCCCCCOC(=O)c1cc(*)ccc1C(=O)OCCCCCCCCCCCCCCCC,5.9506226
*OCCCCCCCCCCOc1ccc(/C=C/c2ccc(O*)cc2)cc1,53.60221
*OCCCCCCCCCC[N+](C)(C)O[Si](C)(C)O[Si](C)(C)O[Si](C)(C)O[Si](C)(C)[Si](*)(C)C,-23.21347
*OCCCCCCCCCOC(=O)NCCCCCCCCCSCCCCCCNC(=O)O*,-7.79805
*OCCCCCCCCOC(=O)Nc1ccc(Cc2ccc(NS(=O)(=O)O*)c(C(=O)O)c2)cc1,59.621803
*OCCCCCCCCOC(=O)c1ccc(CC(=O)O*)cc1,-8.47583
*OCCCCCCCCSCCCNC(=O)C(C)=C(C)CCSCCCCCC[Si](C)(C)O*,-37.897232
*OCCCCCCCOCCCCO*,-68.23219
*OCCCCCCNC(=O)CC(C)NC(=O)C(O)C(*)OC(=O)CCC,16.64067
*OCCCCCCOC(=O)CCCCCCCCC(=O)O*,-42.904404
*OCCCCCCOC(=O)Nc1ccc(/N=N/c2ccc(C(*)=O)cc2)cc1,82.03959
*OCCCCCCOC(=O)Nc1cccc(CNC(=O)O*)c1,12.738739
*OCCCCCCOCC(=O)N(C)CCCCCCNC(=O)CS*,-4.167206
*OCCCCCCOCCCCOC(=O)Nc1cccc(Oc2ccccc2C(=O)OCCCCOC(=O)COc2ccc(/C=N/c3ccc(O*)cc3)cc2)c1,38.894325
*OCCCCCCOCOC(=O)Nc1ccc(SC(=O)S*)cc1,28.432419
*OCCCCCCS(=O)(=O)CCCCC(*)=O,-44.73915
*OCCCCCCSCCCCO*,-58.002335
*OCCCCCOC(=O)c1ccc(C(=O)NCCCCCCCCCCNC(=O)CCCCCCCCCCCCCCCC(=O)Nc2ccc(C(*)=O)cc2)cc1,50.769966
*OCCCCCOCCOC(=O)c1ccc(C(=O)S*)cc1,10.597076
*OCCCCCOc1ccc(CCCCc2ccc(/C=N/c3ccc(OC)cc3)cc2)cc1OC(=O)CCCCCCCCCC(*)=O,38.55455
*OCCCCCSCCCCSCCCCS*,-49.43567
*OCCCCCSSCCC[Si](*)(C)CCCC,-82.28517
*OCCCCOC(=O)c1ccc(C(=O)OCCOC(=O)c2ccc(C(=O)OC(=O)CCCCC(=O)Nc3ccc(*)cc3)cc2)cc1,17.923485
*OCCCCOC(=O)c1ccc(C(C)(C)c2ccc(C(=O)NCC(*)=O)cc2)cc1,64.292305
*OCCCCOC(=O)c1ccccc1C(=O)OC(=O)c1ccccc1*,12.749863
*OCCCCOCCCCCCSSCSCCOC(=O)c1ccc(C(=O)O*)cc1,-13.631256
*OCCCCOCCCCOC(=O)c1cccc(C(=O)NCCCCCOC(=O)NCCCCCCNC(=O)c2ccc(*)cc2)c1,-0.38545227
*OCCCCSCCCCCC(=O)OCCCCOC(=O)CCCCC(=O)OCCO*,-36.50888
*OCCCOc1cccc(-c2cc(OCCCCCCCCC(*)=O)cc(OC(C)=O)c2)c1,31.964447
*OCCC[PH](C)(C)CCCCCCOC(=O)c1ccc(O*)c(OC)c1,14.332672
*OCCN(CCC)C(=O)CCCCCCC(*)=O,-6.8867493
*OCCN(CCOC(=O)NCCCCCCCCNC(*)=O)S(=O)(=O)CCCC,0.41275024
*OCCN(CCOC(=O)c1ccc(C(*)=O)cc1)OC(C)C,45.171974
*OCCN(CCOC(=O)c1ccc(C(*)=O)cc1)c1ccccc1,86.20907
*OCCOC(=O)C(CCCCCCCCCCOc1ccc(-c2ccc(-c3ccc(C(*)=O)cc3)cc2)cc1)COC(=O)/C=C/c1ccc([N+](=O)[O-])cc1,91.18341
*OCCOC(=O)NC(=O)CCCCCOC(=O)c1ccc(CNC(=O)CCCCC(=O)NCCCCCCNC(=O)O*)cc1,3.0961914
*OCCOC(=O)NCCCCCCCCCNC(=O)O*,15.137344
*OCCOC(=O)Nc1ccc(C)c(C(=O)OCCCCCCCCCCCCCCCCCC(*)=O)c1,10.059235
*OCCOC(=O)OCCC(C)(C)COC(=O)NC(=O)CCCCC(=O)S*,-25.172852
*OCCOC(=O)c1cc(OCCBr)cc(C(*)=O)c1,55.47233
*OCCOC(=O)c1ccc(/N=C/N=C/c2ccc(COC(*)=O)cc2)cc1,69.01691
*OCCOC(=O)c1ccc(C(=O)OCCCCCCCCOC(=O)c2ccc(C(*)=O)cc2)cc1,34.422867
*OCCOC(=O)c1ccc(CC(=O)OC)c(C(*)=O)c1,36.8263
*OCCOC(=O)c1ccc(NC(=O)/C=C/c2ccc(/C=C/c3ccc(Nc4ccc(*)s4)s3)cc2)cc1,141.62396
*OCCOC(=O)c1ccc(NC(=O)CCCCCCC(=O)Nc2cccc(*)c2)cc1,62.501762
*OCCOC(=O)c1ccc(S(=O)(=O)c2ccc(OC(=O)CCCCCCCCCCCC(*)=O)cc2)cc1,21.671318
*OCCOCC(=O)NCCOCC(*)=O,-14.388687
*OCCOCCCCOC(=O)C[PH](C)(C)c1ccc(Sc2ccc(C(=O)O*)cc2)cc1,33.043053
*OCCOCCOC(=O)OC1CCCC(OC(=O)CCCCCCC(=O)OC(=O)c2ccc(O*)cc2)C1,6.777588
*OCCOCCOC(=O)c1ccc(C(=O)NCCNC(=O)c2cccc(C(=O)O*)c2)cc1,46.062912
*OCCOCCOCCOC(=O)CCCCCCCCC(=O)NCCCCCCNC(=O)CCCCCCCC(=O)O*,-37.79445
*OCCOCCOCCOC(=O)Nc1cccnc1C#CN(CC)C(=O)O*,-1.3085785
*OCCOCCOCCOCCOCCOC(=O)c1ccc(C(=O)Oc2ccccc2OC(*)=O)cc1,8.979309
*OCCOCCOCCOCCOCCOCCOC(=O)CCCCCCCCC(=O)OCC/C=C/COC(=O)c1cccc(C(=O)O*)c1,-23.108017
*OCCOCCOCCOCCOCCOCCOC(=O)c1ccc(CCCCCCCCCCC[Si](C)(C)c2ccc(C(*)=O)cc2)cc1,-25.344955
*OCCOCCOCCOCCOc1ccc(/C=C/c2ccc(*)cc2)cc1,60.59102
*OCCOCOC(=O)CCCCC(=O)OCCCCCCOc1ccc(C(=O)Oc2ccc(C(=O)OC(C)=C(*)OC(=O)c3ccccc3-c3ccccc3)cc2)cc1,22.33226
*OCCOc1ccc(C(C)(C)c2ccc(OCCCCCCC(C)CCCCC(=O)OC(OC)c3ccc(OC(=O)c4cccc(C(*)=O)c4)cc3)cc2)cc1,41.95453
*OCCS(=O)(=O)CCCCC(=O)OC(C)OC(F)(F)C(F)(F)C(*)OC(F)(F)F,-24.658539
*OCCSCCCCCOC(=O)NCCSCCCCSCCCCCSCCCCCCNC(*)=O,-15.003006
*OCCSSSSSS(=O)(=O)CC(C)(C)C[N+](C)(C)CC(=O)NC(C)c1ccc(*)nc1,43.69821
*OCC[Si](C)(C)CCCOC(=O)NCCCCCCNC(=O)OCc1ccc(C(*)=O)cc1,12.159149
*OCOC(=O)CCOC(=O)CCCCC(=O)OCCCCC(=O)OCCCCCCCCOc1ccc(/C=C/c2ccc(OC(=O)COCC(*)=O)cc2)cc1,14.569855
*OCOC(=O)c1ccc(OCCCCCCCc2ccc(OCCCCOC(=O)COc3cccc(C(=O)Oc4ccc(*)cc4)c3)cc2)cc1,35.997597
*OCOc1ccc(OCCCCCOC(=O)CCCCCCCCC(=O)[SH](*)(=O)CC)cc1,3.9965057
*OCc1c(Cl)cc(*)c(Cl)c1Cl,118.05647
*OCc1cc(F)c(OC(=O)Nc2cc(C)c(C)cc2NC(=O)NC(=O)O*)c(C#CCC(C)CC)c1,114.16883
*OCc1cc(OC)c(OCC)c(*)c1O,121.91435
*OCc1ccc(-c2ccc(*)cc2)c(C=Cc2ccccc2)c1C#N,111.6431
*OCc1ccc(C(*)=N)cc1,69.74732
*OCc1ccc(C(C)(C)c2cc(C)c(*)cc2C)cc1Cl,183.91968
*OCc1ccc(CC(=O)OCCCCOC(=O)c2cccc(*)c2)cc1,8.463135
*OCc1ccc(CCC(=O)OC(=O)c2ccc(*)s2)cc1,45.954002
*OCc1cccc(NC(=O)O*)c1,89.689384
*OCc1ccccc1NC(=O)c1cccc(NC(=O)NCCCNC(*)=O)c1,193.40489
*ON(*)CCCCCCCCCCC,-62.520462
*ON(*)OCCCCCCCCCCCCCCCCCCCCCCCCC,-75.30449
*ON(C(*)(F)F)C(F)(F)F,-8.409546
*ON(C(C)(C)C)C(C)(C)C(=*)CN,63.47706
*ON(C=C)SC(=O)c1ccc(N=*)cc1,60.56077
*ON=*,-16.203323
*ONc1ccc(Cl)cc1-c1cc(*)ccc1Cl,101.42265
*OP(*)(=O)Oc1ccc(C(=O)Oc2ccc(-c3ccccc3)cc2)cc1,97.61391
*OP(=O)(/N=N/c1ccc(N(C)CCC(*)=O)cc1)c1ccccc1,115.34279
*OP(=O)(CCC(F)(F)F)O[Si](C)(C)O[Si](C)(C)O[Si](C)(C)O[Si](C)(C)O[Si](*)(C)Oc1ccc(Br)cc1,-27.693497
*OP(=O)(O)COc1ccc(C(C)(C)c2ccc(OC(=O)/C=C/c3ccc(C(*)=O)cc3)cc2)cc1,143.284
*OP(=O)(O)OCCOc1ccc(-c2ccc(OC(=O)c3cccc(C(*)=O)c3)cc2)cc1,92.222885
*OP(=O)(O)O[Si](C)(C)O[Si](*)(C)CCC(F)(F)F,-78.79329
*OP(=O)(O)Oc1ccc(NC(=O)c2ccc(C(=O)Nc3ccc(*)cc3C)cc2)cc1,166.73523
*OP(=O)(O)c1ccc(-c2ccc(-c3ccc(C(*)=O)cc3)cc2)cc1C,140.63988
*OP(=O)(O*)OC(C)CCCCCCC,-54.83664
*OP(=O)(O*)OCCCCCCCCCCCCCCCC,-44.88936
*OP(=O)(O*)OCCN(CC)CCOCCOCCOCCOCCO[Si](C)(C)CC,-34.486862
*OP(=O)(OC(=O)CCCC(*)=O)Oc1ccc(C(C)(C)C)cc1,18.81414
*OP(=O)(OC(=O)NC(C)(C)CNC(*)=O)Oc1ccc(COCC)cc1,55.484802
*OP(=O)(OC)O[Si](C)(C)Oc1cc(OC)c(C#N)c(*)c1Cl,18.68425
*OP(=O)(OCC)OCCCCCCCCOc1ccc(C(C)(C)c2ccc(OC(*)=O)cc2)cc1,38.177567
*OP(=O)(OCC)c1ccc(N=*)cc1,44.84295
*OP(=O)(OCc1ccc(*)cc1)OC(F)(F)F,34.834953
*OP(=O)(OCl)OC1=C(Cl)C(*)C(=O)OC12CC1CC3CSC(=O)CC(C)(C1)C(C3)C2,165.27039
*OP(=O)(OSc1ccc(/N=N/c2ccc(S(*)(=O)=O)cc2)cc1)c1ccccc1,122.66161
*OP(=O)(Oc1ccc(/N=N/c2ccc(C#N)cc2)cc1)C(*)=O,89.676216
*OP(=O)(Oc1ccc(/N=N/c2ccc(OCC)cc2)cc1)Oc1ccc(C(C)(C)c2ccc(*)cc2)cc1,84.89779
*OP(=O)(Oc1ccc(C(*)=O)cc1)c1ccc(O)cc1,117.31061
*OP(=O)(Oc1ccc(C(=O)NCCN(C)C)cc1)c1ccc(*)nc1,107.45247
*OP(=O)(Oc1ccc(C(F)(F)C(F)(F)C(F)(F)C(F)(F)C(F)(F)C(*)(F)F)cc1)c1ccc(Br)cc1,31.016731
*OP(=O)(Oc1ccc(C(F)(F)F)cc1)C(*)(F)Cl,35.51445
*OP(=O)(Oc1ccc(C)cc1)Oc1c(Cl)c(Cl)c(*)c(Cl)c1Br,61.824333
*OP(=O)(Oc1ccc(Cl)cc1)c1ccc(*)cc1,75.98644
*OP(=O)(Oc1ccc(N(C)C)cc1)C(*)=O,83.4835
*OP(=O)(Oc1ccc(NC(=O)c2ccc(*)cc2)cc1)c1ccccc1,107.751656
*OP(=O)(Oc1ccc(OC)cc1)Oc1ccc(C(*)=O)cc1,53.73075
*OP(=O)(Oc1ccc(OCC)cc1)Oc1ccc(C(*)=O)cc1,64.238
*OP(=O)(Oc1ccccc1)C(*)c1ccc(Cl)cc1Br,66.24461
*OP(=O)(Oc1ccccc1)N(*)c1cccc(F)c1,15.088089
*OP(=O)(Oc1ccccc1)N(C(*)=O)c1ccc(Br)cc1,60.440598
*OP(=O)(Oc1ccccc1)Oc1c(C)cc(-c2cnc(*)c(-c3ccccc3)c2)cc1C(C)C,110.99797
*OP(=O)(Oc1ccccc1)Oc1cc(C)c(NC(=O)c2ccc(*)cc2)cc1Br,112.607544
*OS(=O)(=O)c1cc(*)cc(Cl)c1,122.17619
*OS(=O)(=O)c1cc(C(=O)O)c(*)c(C)c1C,140.44069
*OS(=O)(=O)c1cc(C(=O)O)ccc1*,140.56296
*OS(=O)(=O)c1cc(OC)c(*)cc1C,141.21034
*OS(=O)(=O)c1ccc(-c2ccc(-c3c(C)cc(C(C)(C)c4cc(N=*)c(C)c(C)c4C)cc3C)cc2C)cc1C,212.12416
*OS(=O)(=O)c1ccc(-c2ccc(NC(=O)CCCCCCCCC(*)=O)cc2)cc1,76.0503
*OS(=O)(=O)c1ccc(/C=C2/COC(*)C2)cc1,144.11734
*OS(=O)(=O)c1ccc(/N=N/c2ccc(C(=O)SS*)cc2)cc1,122.22792
*OS(=O)(=O)c1ccc(C(*)=O)cc1CCC(C)C,117.512115
*OS(=O)(=O)c1ccc(C(=O)CCCc2ccc(*)cc2)cc1C(=O)O,90.34005
*OS(=O)(=O)c1ccc(C(=O)NC(C=CC(=*)CC)CC)cc1,70.37744
*OS(=O)(=O)c1ccc(C(O)(C(=O)O)c2ccc(/N=N/c3ccc(NC(=O)CCCCC(=O)Nc4ccc(C(*)=O)cc4)cc3)cc2)cc1,165.1973
*OS(=O)(=O)c1ccc(Cc2ccc(NC(=O)/C(C)=C/c3ccc(*)cc3)cc2)cc1,205.37068
*OS(=O)(=O)c1ccc(NC(=O)CCCCCCC(=O)Nc2ccc(S(=O)(=O)c3ccc(*)cc3)cc2)cc1,140.03229
*OS(=O)(=O)c1ccc(NC(=O)c2ccc(C(*)=O)cc2Sc2ccccc2)cc1,215.0883
*OS(=O)(=O)c1ccc(OCc2ccc(C)c(*)c2)cc1,104.71096
*OS(=O)(=O)c1ccc(Oc2ccc(C(NC(C)=O)C(*)=S)cc2)cc1,167.20836
*OS(=O)(=O)c1ccc(Oc2ccc(Oc3ccc(C(C)(C)c4ccc(C(*)=O)cc4)cc3)cc2)cc1,177.11986
*OS(=O)(=O)c1ccc(Oc2ccc([Si](c3ccccc3)c3ccc(Oc4ccc(*)cc4)cc3)cc2)cc1,154.94023
*OS(=O)(=O)c1ccc(Sc2ccc(NC(=O)Cc3ccc(C(*)=O)cc3OC)cc2)cc1,202.61893
*OS(=O)(=O)c1ccc(Sc2ccc(S(=O)(=O)Oc3ccc(Cc4ccc(*)cc4)cc3)cc2)cc1,151.45752
*OS(=O)(=O)c1ccc([Si](C)(C)O[Si](C)(C)Oc2ccc(C(*)=O)cc2)cc1C,23.294907
*OS(=O)(=O)c1cccc(C(=O)NNC(=O)CCCCC(*)=O)c1,71.9019
*OS(=O)(=O)c1cccc(C(=O)OCC(C)(C)c2ccc(*)cc2)c1,59.40213
*OS(=O)(=S)c1ccc(Cc2ccc(Sc3ccc(S(*)(=O)=O)cc3)cc2)cc1,168.35039
*OS(=O)c1ccc(*)cc1OCCCCCCCCC,-1.4735718
*O[PH](*)(Oc1ccc(Cl)cc1)Oc1ccc(/N=N/c2ccc([N+](=O)[O-])cc2)cc1,93.58552
*O[PH](C)(C)CCCNC(=O)CCCCCCCC(*)=O,-11.8407135
*O[PH](CCCC)=C(C)OCCN(CCC)c1ccc(*)o1,0.06739807
*O[Se]P(=O)(Cl)Nc1nc(*)nc(N)n1,85.625046
*O[SiH](*)c1ccccc1CC(C)COCCC,-23.877579
*O[SiH](C)C#C[Si](C)(C)c1cccc(C(F)(F)C(F)(F)C(*)(F)F)c1,-31.454178
*O[SiH](C)Cc1ccc(*)c(Br)c1,64.32452
*O[SiH](CCCCCCCCCCCCCOc1ccc(/N=N/c2ccc(CCCCC)cc2)cc1)C(C=*)COC(C)=O,7.107239
*O[Si](*)(C#CCC=CC)N(OC(C)C)C(C)CCCCC([2H])(F)Cl,-24.93431
*O[Si](*)(C#CS[Si](C)(C)C)OCCCCCC,-63.195328
*O[Si](*)(C#N)CCCCCCCCCCOc1ccc(-c2ccc(Cl)cc2)cc1,31.866531
*O[Si](*)(C)C(=O)Oc1ccc(N(CC)CCCC)cc1,43.19448
*O[Si](*)(C)CCC#CCCCC,-93.078
*O[Si](*)(C)CCC(=O)OCCCCCCCCCC(F)(F)F,-39.00589
*O[Si](*)(C)CCC(C)(C)C#C,-51.090927
*O[Si](*)(C)CCC(C)C(=O)OCCCCCCCCCCC(=O)O,-45.445282
*O[Si](*)(C)CCC(C)CCOC(=O)c1ccc(C([2H])(F)F)cc1,3.725296
*O[Si](*)(C)CCC(F)(F)C(F)(F)C(F)(F)C(F)(F)C(F)(F)C(F)(F)C(F)(F)OC(F)(F)C(F)(F)C(F)(F)C(F)(F)C(F)(F)C(F)(F)C(F)(F)C(F)(F)OC(F)(F)C(F)(F)F,-57.823776
*O[Si](*)(C)CCC(F)(F)C(F)(F)C(F)(F)C(F)(F)C(F)(F)C(F)(F)Cl,-53.770294
*O[Si](*)(C)CCC(Oc1ccc(C(F)(F)F)cc1)c1ccc(OC)cc1,33.918488
*O[Si](*)(C)CCCC(=O)Nc1ccc(OC(=O)c2ccc(-c3ccc([N+](=O)[O-])cc3)cc2)cc1,98.26294
*O[Si](*)(C)CCCC(=O)OCCCCCCCCOC(=O)c1cc(F)ccc1Cl,-15.847015
*O[Si](*)(C)CCCC(=O)OCCOCCOC(C)(C)CC,-74.31589
*O[Si](*)(C)CCCC(=O)Oc1ccc(-c2ccc(-c3ccc(OC(C)=O)cc3)c(Br)c2)cc1C(C)(C)C,92.34302
*O[Si](*)(C)CCCC(=O)Oc1ccc(CCCC)cc1,-21.081848
*O[Si](*)(C)CCCC(C)CCCCCCCC,-102.889145
*O[Si](*)(C)CCCC(CC)CC,-101.74696
*O[Si](*)(C)CCCCC(=O)Nc1ccc(/N=N/c2ccccc2)cc1,44.613876
*O[Si](*)(C)CCCCC(=O)Nc1ccc(C(=O)OC(C)C)cc1,40.04081
*O[Si](*)(C)CCCCC(=O)OCCOc1ccc(OC(=O)c2ccc([N+](=O)[O-])cc2)cc1,30.391006
*O[Si](*)(C)CCCCC(=O)Oc1c(C)cc(C)cc1C,-9.113495
*O[Si](*)(C)CCCCC(=O)Oc1ccc(-c2ccc(-c3ccc(SCCCCCC)c(OC)c3)c(C(=O)OCC)c2)cc1,57.26355
*O[Si](*)(C)CCCCC(F)(F)C(F)(F)C(F)(F)C(F)(F)C(F)(F)C(F)(F)C(F)(F)C(F)(F)OC(F)(F)C(F)(F)F,-66.291595
*O[Si](*)(C)CCCCCC(=O)OCCCCCCOc1ccc(OC(=O)c2ccccc2OC)cc1,-3.5078583
*O[Si](*)(C)CCCCCC(=O)Oc1ccc(OC(=O)c2ccc(OCC(C)CC)cc2)cc1,20.023178
*O[Si](*)(C)CCCCCCC(=O)Nc1ccc(-c2ccc(OC(C)=O)c([N+](=O)[O-])c2)cc1,61.794174
*O[Si](*)(C)CCCCCCC(=O)OCC(C)(C)COCC,-68.35423
*O[Si](*)(C)CCCCCCC(=O)OCCCCCCCCCCCCCCOC(=O)NCCCCCCCCCCOCC(F)(F)C(F)(F)F,-19.7072
*O[Si](*)(C)CCCCCCC(=O)Oc1ccc(-c2ccc(F)cc2)cc1,12.946091
*O[Si](*)(C)CCCCCCC(=O)Oc1ccc(-c2ccc(OC(=O)c3ccc(OCCCCC)cc3)cc2)cc1,45.360718
*O[Si](*)(C)CCCCCCC(O)OCC(F)(F)C(F)(F)C(F)(F)C(F)(F)C(F)(F)C(F)(F)CBr,-48.9131
*O[Si](*)(C)CCCCCCCCCC(=O)OCC(C)(C)c1ccc(OC(=O)c2ccccc2C(=O)OC(C)C(C)C)cc1,5.234085
*O[Si](*)(C)CCCCCCCCCC(=O)Oc1ccc(-c2ccc(OC(=O)c3ccc(OCCCCCCCC)cc3)cc2)cc1,25.732704
*O[Si](*)(C)CCCCCCCCCC(=O)Oc1ccc(C(=O)Oc2ccc(C(=O)c3ccc(OCCCCCCCCCC)cc3)cc2)c(OCCCCCCCC)c1,24.846352
*O[Si](*)(C)CCCCCCCCCCC(=O)OCCCCCCCCCCCCCCOc1ccc(/C=C/c2ccc(S(=O)(=O)c3ccc(OC)c(O)c3)cc2)cc1,49.940445
*O[Si](*)(C)CCCCCCCCCCC(=O)Oc1ccc(C(=O)Oc2ccc(CCCCCC)cc2)c(C)c1,27.559738
*O[Si](*)(C)CCCCCCCCCCC(=O)Oc1cccc(OCCNCCCCCCOc2ccc(/C=N/c3ccccc3)cc2)c1,16.970047
*O[Si](*)(C)CCCCCCCCCCCCC(=O)Oc1ccc(C(=O)Oc2ccc(-n3ccc(OC(C)=O)c3)cc2)cc1,31.515366
*O[Si](*)(C)CCCCCCCCCCCCCCCCC(=O)Oc1ccc(Cl)cc1,-5.165634
*O[Si](*)(C)CCCCCCCCCCCCCCCCCCCCCCOC(F)(Cl)C([2H])(F)F,-55.532272
*O[Si](*)(C)CCCCCCCCCCCCCCCCCCOc1ccc(C#N)cc1,7.743408
*O[Si](*)(C)CCCCCCCCCCCCCCCCCCOc1ccc(C(=O)Oc2ccc(OCCCC)cc2)cc1,17.236588
*O[Si](*)(C)CCCCCCCCCCCCCCCCCCOc1ccc(OCc2ccc(OCCCCCC)cc2)cc1,11.950668
*O[Si](*)(C)CCCCCCCCCCCCCCCCOc1ccc(S(=O)(=O)c2ccc(OCCCCCCC)c(C(=O)O)c2)cc1-c1ccc(OCCCC)cc1,35.14666
*O[Si](*)(C)CCCCCCCCCCCCCCOc1ccc(C(=O)Oc2ccc(-c3ccc(OC(=O)c4ccc(/C=C/C(=O)Nc5ccc(OCC(CCCC)CCCCCC)cc5)cc4)cc3)cc2)cc1,55.14811
*O[Si](*)(C)CCCCCCCCCCCCCCOc1ccc(OC(=O)c2ccc(C(=O)Oc3ccc(OCc4ccccc4)cc3)cc2)cc1,47.95288
*O[Si](*)(C)CCCCCCCCCCCCCOc1ccc(/C=C/c2ccc(/N=N/c3ccc(COC(C)CC)cc3)cc2)cc1,55.663513
*O[Si](*)(C)CCCCCCCCCCCCOc1ccc(-c2ccc(OC(=O)c3ccc(OCCCCCC)cc3)cc2)cc1,22.126762
*O[Si](*)(C)CCCCCCCCCCCCOc1ccc(C(=O)Nc2ccc(OCCCCC)cc2)cc1,31.33049
*O[Si](*)(C)CCCCCCCCCCCCOc1ccc(C(=O)Oc2ccc(-c3ccc(OC(=O)c4ccc(OCC)cc4)cc3)cc2)cc1,51.45089
*O[Si](*)(C)CCCCCCCCCCCOC(=O)Nc1ccc(C)c(S(=O)(=O)O)c1,17.452507
*O[Si](*)(C)CCCCCCCCCCCOC(=O)c1ccc(-c2ccc(C(=O)Oc3ccc(OC(=O)c4ccc(OCC)cc4)cc3)cc2)cc1,36.214973
*O[Si](*)(C)CCCCCCCCCCCOc1ccc(-c2ccc(OC)cc2)cc1,13.156891
*O[Si](*)(C)CCCCCCCCCCCOc1ccc(C(=O)OC)cn1,3.6975098
*O[Si](*)(C)CCCCCCCCCCCS(=O)(=O)c1ccc(-c2ccccc2)cc1,24.40744
*O[Si](*)(C)CCCCCCCCCCCS(=O)(=O)c1ccc([N+](=O)[O-])cc1,40.888
*O[Si](*)(C)CCCCCCCCCCN(CC(F)(F)F)C(F)(F)F,-9.597855
*O[Si](*)(C)CCCCCCCCCCOC(=O)c1ccc(OCCC)c(C#N)c1,10.972046
*O[Si](*)(C)CCCCCCCCCCOc1ccc(-c2ccccc2C(=O)NC(C)C(CC)CCCC#N)c(N)c1,24.521828
*O[Si](*)(C)CCCCCCCCCCOc1ccc(C(=O)Oc2ccc(-c3cc(Cl)c(OC)c(OC)c3)cc2OCCCCCCCCCCCCCC)cc1OC,27.23668
*O[Si](*)(C)CCCCCCCCCOc1c(OC)cc(C)cc1OC,12.364441
*O[Si](*)(C)CCCCCCCCCOc1ccc(-c2ccc(C(=O)OCCCCCCCC)cc2)cc1,2.3864746
*O[Si](*)(C)CCCCCCCCOc1ccc(-c2ccc(S(=O)(=O)O)c(C(C)(C)C)c2)cc1,43.867653
*O[Si](*)(C)CCCCCCCCOc1ccc(CCCCCCCCCCCCCCCCCC#N)cc1,-18.431702
*O[Si](*)(C)CCCCCCCCOc1ccc(OCCCCCCCCCCCC)cc1,-27.041
*O[Si](*)(C)CCCCCCCCS(=O)(=O)Oc1ccc(C(C)(C)c2ccccc2)cc1,5.224716
*O[Si](*)(C)CCCCCCCCS(=O)(=O)Oc1ccccc1,-10.686035
*O[Si](*)(C)CCCCCCCOC(=O)OCCCCCCCCCCOc1ccc(OC(=O)c2ccc(OCC(C)C)cc2)cc1,11.650955
*O[Si](*)(C)CCCCCCCOCCc1ccccc1,-36.928085
*O[Si](*)(C)CCCCCCCOc1ccc(C(=O)Oc2ccc(-c3ccc(OC(C)=O)cc3)cc2)cc1C,47.70836
*O[Si](*)(C)CCCCCCCOc1ccc(C(=O)Oc2ccc(C(=O)Oc3ccc(OCCCCCCC)cc3)cc2)cc1,32.311195
*O[Si](*)(C)CCCCCCCOc1ccc(C(=O)Oc2ccc(COC(C)=O)cc2)cc1,27.89885
*O[Si](*)(C)CCCCCCCOc1ccc(C(=O)Oc2ccc(OC(=O)c3ccc(OCCCCCCCCCC)cc3)cc2)cc1Cl,28.645378
*O[Si](*)(C)CCCCCCC[N+](C)(C)CCCCCCCCCCCCCC,-65.27344
*O[Si](*)(C)CCCCCCC[N+](C)(C)Oc1ccc(OC)cc1,-34.026566
*O[Si](*)(C)CCCCCCN(C)c1ccc(C#C)cc1,11.388016
*O[Si](*)(C)CCCCCCOC(=O)c1cc(OC(=O)c2ccc(OCCCC)cc2)cc(C(C)(C)C)c1,32.274284
*O[Si](*)(C)CCCCCCOc1ccc(-c2cc(C)c(O)c(C(F)(F)C(F)(F)F)c2Br)cc1,47.5282
*O[Si](*)(C)CCCCCCOc1ccc(-c2ccc(/N=N/c3ccc(C#N)cc3)cc2)cc1,67.10819
*O[Si](*)(C)CCCCCCOc1ccc(-c2ccc(C(=O)OCC(C)CCC(O)C([2H])(F)C(F)(F)C(F)(F)C(F)(F)F)cc2)cc1,40.164734
*O[Si](*)(C)CCCCCCOc1ccc(-c2ccc(COCCCCCCCCCC)cc2)cc1,-18.80835
*O[Si](*)(C)CCCCCCOc1ccc(C(=O)OC(F)(F)C(F)(F)C(F)(F)C(F)(F)C(F)(F)C(F)(F)C(F)(F)C(F)(F)C(F)(F)C(F)(F)F)cc1,-28.69255
*O[Si](*)(C)CCCCCCOc1ccc(OC(=O)CCCCCC)cc1,-28.751587
*O[Si](*)(C)CCCCCCOc1ccc(OC(=O)Oc2ccc(OCCCC)cc2)cc1,18.37732
*O[Si](*)(C)CCCCCC[SH](C)(=O)C(Cl)C(F)(F)F,6.85437
*O[Si](*)(C)CCCCCCc1ccc(C)c(OC=C)c1,-17.977814
*O[Si](*)(C)CCCCCCc1ccc(CNC(=O)CCCCC(=O)OCC)cc1,-2.8233948
*O[Si](*)(C)CCCCCOCCCCCOc1ccc(-c2ccc([N+](=O)[O-])cc2)cc1,36.611877
*O[Si](*)(C)CCCCCOCCCOCCOCCOCCOCCOc1ccc(-c2ccc(OCCCC)cc2)cc1,3.4356842
*O[Si](*)(C)CCCCCOc1cc(CCCCCCCC)ccc1OCC,-27.246536
*O[Si](*)(C)CCCCCOc1ccc(-c2ccc(Oc3ccc(OC)cc3)cc2)cc1,38.19171
*O[Si](*)(C)CCCCCOc1ccc(/C=C/c2ccc(/C=C/c3ccccc3)cc2)cc1,82.581085
*O[Si](*)(C)CCCCCOc1ccc(C#Cc2cc(OCCC)ccc2OCCCCCCC)cc1,18.034355
*O[Si](*)(C)CCCCCOc1ccc(C(=O)Oc2ccc(-c3ccc(OC(=O)c4ccc(OC(=O)c5ccccc5)cc4)cc3)cc2)cc1,55.217003
*O[Si](*)(C)CCCCCOc1ccc(C(=O)Oc2ccc(-c3ccc(OC(C)=O)cc3)cc2)cc1,57.341507
*O[Si](*)(C)CCCCCOc1ccc(C(=O)Oc2ccc(/C=C/c3ccc([N+](=O)[O-])cc3)cc2)cc1,94.94333
*O[Si](*)(C)CCCCCOc1ccc(C(=O)Oc2ccc(C(=O)Oc3ccc(OCCCCC)cc3)cc2)cc1,46.725166
*O[Si](*)(C)CCCCCOc1ccc(C(=O)Oc2ccc(OCCCCOCCCCCCc3cc(C)c(OC)c(OC)c3)cc2)cc1OC,21.323792
*O[Si](*)(C)CCCCCOc1ccc(OC(=O)c2ccc(CCc3ccccc3)c(OC)c2)cc1OC,46.59651
*O[Si](*)(C)CCCCCOc1ccc(SSCC)cc1,-7.4004974
*O[Si](*)(C)CCCCOc1cc([Si](C)(C)C)ccc1C,-15.658066
*O[Si](*)(C)CCCCOc1ccc(-c2ccc(CCOCC#N)cc2)c(O)c1,7.286133
*O[Si](*)(C)CCCCOc1ccc(C(=O)Oc2ccc(/N=N/c3ccc(NC(=O)c4ccc(OC)cc4)c(-c4ccccc4)c3)cc2)cc1,75.9983
*O[Si](*)(C)CCCCOc1ccc(Cl)cc1Br,-5.334259
*O[Si](*)(C)CCCCOc1ccc(OCC(F)(F)C(F)(F)C(F)(F)C(F)(F)C(F)(F)C(F)(F)C(F)(F)C([2H])(F)F)cc1,-16.23378
*O[Si](*)(C)CCCCOc1ccc(S(=O)(=O)OC)cc1,11.533081
*O[Si](*)(C)CCCC[N+](C)(C)CCCCC(C)Cl,-60.59369
*O[Si](*)(C)CCCC[N+](CCC)CCCCCC,-72.72829
*O[Si](*)(C)CCCC[Si](C)(C)CCC,-104.95567
*O[Si](*)(C)CCCC[Si](CCC)(CCCCC)CCCCCC,-81.989075
*O[Si](*)(C)CCCCc1ccc(C(=O)Oc2ccc(/N=N/c3ccc(OC)cc3)cc2)cc1,67.502396
*O[Si](*)(C)CCCCc1ccc(OC(F)(F)F)c(Br)c1,5.9934845
*O[Si](*)(C)CCCCc1cccc(F)c1,-22.366806
*O[Si](*)(C)CCCN(CCCC)OC(=O)c1cc(C(C)(C)C)c(F)cc1Cl,27.505928
*O[Si](*)(C)CCCNC(=O)Oc1ccc(OC(=O)c2ccc(OCC(C)CC)cc2)cc1,31.91999
*O[Si](*)(C)CCCOCC(F)(F)C(F)(F)C(F)(F)C(F)(F)C(F)(F)C(F)(F)C(F)(F)C(F)(F)C(F)(F)C(F)(F)C(F)(F)C(F)(F)C(F)(F)F,-67.26175
*O[Si](*)(C)CCCOCCOCCOCCOCCOCCOc1ccccc1C,-30.811844
*O[Si](*)(C)CCCOCCOCCOCCOCCOc1ccc(C(=O)Oc2ccc(C#N)cc2)cc1,8.884384
*O[Si](*)(C)CCCOCCOCCOc1ccc(C(=O)OCCOc2ccc(N(C)C)cc2)cc1,6.8635406
*O[Si](*)(C)CCCOCCOc1ccc2ccccc2c1,-7.4170837
*O[Si](*)(C)CCCOc1cc(Br)ccc1Cl,-5.56456
*O[Si](*)(C)CCCOc1ccc(-c2ccc(-c3ccc(OCCCCCCCC)cc3)cc2)cc1,15.518875
*O[Si](*)(C)CCCOc1ccc(-c2ccc(C(=O)Oc3ccc(C(=O)Oc4ccccc4)cc3)cc2)cc1,64.02086
*O[Si](*)(C)CCCOc1ccc(-c2ccc(C(=O)Oc3ccc(C(=O)c4ccc(OC)cc4)cc3)cc2)cc1,74.32193
*O[Si](*)(C)CCCOc1ccc(-c2ccc(OC(=O)C(O)(OC)N(C)C)cc2)cc1,42.59507
*O[Si](*)(C)CCCOc1ccc(-c2ccc(OC)c(OCCCCCCCCC)c2)cc1OC(=O)CCCCCCCCCC(C)(C)C,-11.468689
*O[Si](*)(C)CCCOc1ccc(-c2ccc(OCC(C)C)cc2)cc1,23.513466
*O[Si](*)(C)CCCOc1ccc(-c2ccc(OCCCCCCCCCCC)cc2)cc1,-13.575546
*O[Si](*)(C)CCCOc1ccc(-c2ccccc2)cc1Cl,6.5391083
*O[Si](*)(C)CCCOc1ccc(/C=C/CC(=O)Nc2ccc(-c3ccc(C)cc3)cc2)cc1,104.62331
*O[Si](*)(C)CCCOc1ccc(/N=N/c2ccc(C(=O)Oc3ccc(C(=O)O)cc3)cc2)c(C(=O)OCCC)c1,57.03637
*O[Si](*)(C)CCCOc1ccc(/N=N/c2ccc(OCC)cc2)cc1,48.72802
*O[Si](*)(C)CCCOc1ccc(C(=O)NCCCC)cc1C,7.457428
*O[Si](*)(C)CCCOc1ccc(C(=O)Oc2ccc(-c3ccc(C)cc3)cc2)cc1,60.21232
*O[Si](*)(C)CCCOc1ccc(C(=O)Oc2ccc(-c3ccc(OC(=O)c4ccc(OCCCCCCCCOc5ccc(/C=N/c6ccc(OC)cc6)cc5)nc4-c4ccc(OCCCCCCCCCCCC)cc4)cc3)cc2)cc1,66.398315
*O[Si](*)(C)CCCOc1ccc(C(=O)Oc2ccc(C(=O)OCC)cc2)cc1,50.893234
*O[Si](*)(C)CCCOc1ccc(C(=O)Oc2ccc(C(=O)Oc3ccc(OC(=O)c4ccc(OCCCCCC)cc4C)cc3)cc2)cc1,49.497093
*O[Si](*)(C)CCCOc1ccc(C(=O)Oc2ccc(CO)cc2)cc1,36.299934
*O[Si](*)(C)CCCOc1ccc(C(=O)Oc2ccc(OC(F)(F)F)cc2)cc1,33.158493
*O[Si](*)(C)CCCOc1ccc(C(=O)Oc2ccc(OCCCCCCC)cc2)cc1,17.40815
*O[Si](*)(C)CCCOc1ccc(C(=O)Oc2ccccc2C(=O)O)cc1,38.581734
*O[Si](*)(C)CCCOc1ccc(C(=O)c2ccc(OC(F)(F)F)cc2)cc1,26.598534
*O[Si](*)(C)CCCOc1ccc(C(=O)c2ccc(OCCCCCCCC)cc2)c(O)c1,0.23414612
*O[Si](*)(C)CCCOc1ccc(C(C)(C)c2ccc(Br)cc2)cc1,45.477287
*O[Si](*)(C)CCCOc1ccc(C(C)(C)c2ccc(C(=O)Oc3ccccc3)cc2)cc1,45.499023
*O[Si](*)(C)CCCOc1ccc(COCCCCCCCC)cc1,-39.930176
*O[Si](*)(C)CCCOc1ccc(OC(=O)c2cc(OCC(C)CC)c(OCC(C)CCOCCOCCOCC)cc2OCCCCCC)cc1,0.27113342
*O[Si](*)(C)CCCOc1ccc(OC(=O)c2ccc(OC(C)=O)cc2)cc1,32.14924
*O[Si](*)(C)CCCOc1ccc(OCCOCCOCCOCOCCOCCOCCOC)c(C#N)c1,-12.910675
*O[Si](*)(C)CCCOc1ccc(S(=O)(=O)c2ccc(OCCCC)cc2)cc1,35.76481
*O[Si](*)(C)CCCOc1ccc2c(c1)-c1ccccc1-2,41.629868
*O[Si](*)(C)CCC[N+](C)(C)CCCCCC,-88.05728
*O[Si](*)(C)CCN(C)c1ccc(F)cc1,-12.366867
*O[Si](*)(C)CCOc1ccc(C(=O)Oc2ccc(/N=N/c3ccccc3)cc2)cc1,83.36757
*O[Si](*)(C)CC[CH2][Sn]([CH3])([CH3])[CH2]c1ccccc1,-13.407074
*O[Si](*)(C)CC[Si](C)(C)CCCOc1ccc(-c2ccc(C(F)(F)F)cc2)cc1,8.452087
*O[Si](*)(C)CCc1cc(C)c(-c2ccc(OCC)cc2)cc1OC,55.375107
*O[Si](*)(C)CCc1cc(F)cc(C(F)(F)F)c1,22.419258
*O[Si](*)(C)CCc1ccc(C(=O)OC(C)CCCCCC)cc1,-21.508621
*O[Si](*)(C)CCc1ccc(C)c(C(=O)OCc2ccccc2OC#N)c1,56.225525
*O[Si](*)(C)CCc1ccc(COc2ccc(S(=O)(=O)c3ccccc3)cc2)cc1,96.596954
*O[Si](*)(C)CSCCCCCCCCCCCCCC,-64.42648
*O[Si](*)(C)C[Si](C)(C)CCCOc1ccc(-c2ccccc2)cc1,-12.740829
*O[Si](*)(C)Cc1ccc(-c2ccccc2)c(SCC(=O)Oc2ccc(N3C(=O)c4ccccc4C3=O)c(C(C)C)c2)c1CC,154.90523
*O[Si](*)(C)Cc1ccc(CCOc2ccc(/N=N/c3ccc(C#N)cc3)cc2)cc1,103.41806
*O[Si](*)(C)NCCCCCCNC(=O)OCCCCC,-39.94716
*O[Si](*)(C)OC(CC)CCCCCCOc1ccc(OCCCCCCCC)cc1,-30.1212
*O[Si](*)(C)OC([2H])I,-69.78677
*O[Si](*)(C)OCCCCCCOc1ccc(C(=O)Oc2ccc(C(=O)OCCCCOc3ccc(/C=N/c4ccc(C#N)cc4)cc3)cc2)cc1,54.431206
*O[Si](*)(C)OCCCCOc1ccc(C(=O)OC(=O)Cl)c(OC)c1,2.6673431
*O[Si](*)(C)OCCOc1ccc(C(=O)Oc2ccc(-c3ccc(OC(=S)c4ccc([N+](=O)[O-])cc4)cc3)cc2)cc1,94.306656
*O[Si](*)(C)O[Si](C)(C)CCCC,-119.19185
*O[Si](*)(C)O[Si](C)(C)CCC[Si](C)(C)CCCOc1ccc(OC(=O)c2ccc(OCC(=O)Oc3ccc([N+](=O)[O-])cc3)cc2)cc1,41.390495
*O[Si](*)(C)O[Si](C)(C)Oc1ccc(/N=C/c2ccc(OCC(C)C)cc2)cc1,57.65789
*O[Si](*)(C)Oc1ccc(-c2ccc(C(=O)Oc3ccc(-c4ccc(OCCCCCCCC)cc4)cc3)cc2)cc1,52.195435
*O[Si](*)(C)c1ccc(C(=O)N(CC)C(F)(F)C(F)(F)C(F)(F)C(F)(F)C(F)(F)C(F)(F)C(F)(F)C(F)(F)C(F)(F)F)cc1,12.733307
*O[Si](*)(C)c1ccc(C(=O)Oc2ccc(F)cc2)cc1,55.527023
*O[Si](*)(C)c1ccc(C(C)(C)C)cc1,33.778313
*O[Si](*)(C)c1ccc(C(O)CC)cc1,31.240273
*O[Si](*)(C)c1ccc(C)cn1,-6.035446
*O[Si](*)(C)c1ccc(CO)c(S(=O)(=O)O)c1,46.088654
*O[Si](*)(C)c1ccc(CSCCCCCCC)cc1,-42.58632
*O[Si](*)(C)c1ccc(O)cc1C,30.840477
*O[Si](*)(C)c1ccc(OC#N)c(S(=O)(=O)[O][Na])c1,52.75509
*O[Si](*)(C)c1ccc(OC)c(C)c1,18.124863
*O[Si](*)(CC)CCCCCCCOC(=O)c1ccc(OCC(=O)OCC)c(O)c1,24.860313
*O[Si](*)(CC)OCC(C)CCCCC,-82.36618
*O[Si](*)(CCC(F)(F)C(F)(F)C(F)F)C(F)(F)F,-61.761063
*O[Si](*)(CCC)CCCCCCCCCCC[N+](C)(C)C,-32.66626
*O[Si](*)(CCC)OCCCCCCCCC,-72.4586
*O[Si](*)(CCC)SC(C)CCCCCCCC,-61.634674
*O[Si](*)(CCC)SCCCCC,-35.32187
*O[Si](*)(CCCC)CCCCCCCCCCCCC,-60.952225
*O[Si](*)(CCCC)OCCCCCC,-69.28183
*O[Si](*)(CCCCC)CCOc1ccc(/N=N/c2ccc(CC#N)cc2)cc1,67.16983
*O[Si](*)(CCCCC)OCCCOCCOCCOCCOCCOCCOC,-60.29619
*O[Si](*)(CCCCCC(F)(F)F)C(F)(F)F,-57.506943
*O[Si](*)(CCCCCC)[Si](CCCCCCCCCCCC)SCCCCCC,-78.54985
*O[Si](*)(CCCCCCC)CCCCCCCC,-81.679565
*O[Si](*)(CCCCCCC)OCCCCCCCCCCCCCCCCCCCCCCCCCCCCCCC,-55.698013
*O[Si](*)(CCCCCCC)O[Si](C)(C)CCCCC(F)(F)C(F)(F)C(F)(F)F,-64.34895
*O[Si](*)(CCCCCCCC)CCCCCCCCCCCCCCCCC,-75.265884
*O[Si](*)(CCCCCCCCCC)CCCCOCCCOCCOCCOCC,-67.61104
*O[Si](*)(CCCCCCCCCCCCC)OCCCCCCCC,-82.217804
*O[Si](*)(CCCCCCCCCCCCCCCC)CCCCCCCCCCCCCCCCCCC,-45.45784
*O[Si](*)(CCCCCCCCCCCCCCCCCC)CC(=O)Nc1ccc(C)c(C)c1,39.83934
*O[Si](*)(CCCCCCCCCOCCOCCOCCC)OCCCCCCCC,-60.969696
*O[Si](*)(CCCOC(=O)OCc1ccccc1)Oc1ccc(Cl)cc1,5.0850067
*O[Si](*)(CCCOc1ccc(-c2ccccc2)cc1)OCCOCCOC(C)CCCCCCCC,-23.262253
*O[Si](*)(F)Cl,-107.124115
*O[Si](*)(OCCCC)OC(C)C(CC)CCC,-49.476532
*O[Si](*)(Oc1ccc(C(C)(c2ccccc2)c2ccccc2)cc1)c1ccccc1,95.829346
*O[Si](*)(Oc1ccc(C)cc1)Oc1ccc(C(C)(C)C)cc1,22.58075
*O[Si](*)(Oc1ccc(Cl)cc1)c1ccc(/N=N/c2ccc(C(C)(C)C)cc2)cc1,105.79576
*O[Si](Br)(CC(*)c1ccccc1)c1ccc([N+](=O)[O-])cc1OCC,120.654495
*O[Si](C)(C#N)c1c(C)c(C)c(C)c(COC(=O)CCCCC(*)=O)c1C,13.656189
*O[Si](C)(C)C#C[Si](C)(C)c1ccc(*)c(Cl)c1,-3.1799011
*O[Si](C)(C)CC(F)(F)C(F)(F)CN(*)CC,-23.681335
*O[Si](C)(C)CC([2H])(NC(*)=O)OCCCC,32.87471
*O[Si](C)(C)CCC(*)CCCCCCCCCC,-76.37407
*O[Si](C)(C)CCC(*)COC(F)(F)C(F)(F)C(F)(F)C(F)(F)C(F)(F)C(F)(F)C(F)(F)F,-49.308563
*O[Si](C)(C)CCC(=O)OC(=O)CCCCC(*)=O,-39.304474
*O[Si](C)(C)CCC(C)CCC(*)C,-68.00676
*O[Si](C)(C)CCC(C)CCCOC(=O)c1ccc(C(=O)OC(=O)c2ccc(C(*)=O)cc2C)cc1,61.7752
*O[Si](C)(C)CCCC(*)O,-82.66649
*O[Si](C)(C)CCCC(C)CC(C)(C)COc1ccc(C(*)=O)cc1,17.175903
*O[Si](C)(C)CCCCC(=O)Oc1ccc(C(C)(C)c2ccc(OC(=O)c3ccc(NC(=O)c4ccc(*)cc4)cc3)cc2)cc1,80.66909
*O[Si](C)(C)CCCCCC(*)(C#N)COCC,-10.422577
*O[Si](C)(C)CCCCCCC(*)CCCCCCC,-73.058624
*O[Si](C)(C)CCCCCCC(=O)Oc1ccc(OC(=O)C(C)CC(*)=O)cc1,-7.1056976
*O[Si](C)(C)CCCCCCC(C)CC(C)(C)OC(C)OC(C)(C)O[Si](*)(C)CCCOc1ccc(C(=O)OCc2ccccc2)cc1,-19.936264
*O[Si](C)(C)CCCCCCCCC(=O)Oc1ccc(C(C)(C)c2ccc(OC(=O)CCCCCC(*)=O)cc2)cc1,0.5392151
*O[Si](C)(C)CCCCCCCCCCOc1ccc(*)cc1,-12.161301
*O[Si](C)(C)CCCCCCCCN(C)CCC(O)(C(=O)OC)C(*)(C)C,-16.949615
*O[Si](C)(C)CCCCCCCCO[Si](*)(C)Oc1ccc(C(F)(F)C(F)(F)C(F)(F)C(F)(F)C(F)(F)F)cc1,-38.057053
*O[Si](C)(C)CCCCCCOC(=O)NCCCCCCN(C)CCOC(*)=O,-38.667816
*O[Si](C)(C)CCCCCOc1ccc(-c2ccc(C(=O)OCCCCCCOC(=O)Oc3ccc(Cc4ccc(C(*)=O)cc4)cc3)cc2)cc1,45.26557
*O[Si](C)(C)CCCOC(=O)/C=C/C(=O)c1ccccc1C(*)=O,45.70659
*O[Si](C)(C)CCCOC(=O)Oc1ccc(OC(=O)CCCC(*)=O)cc1,-15.4561615
*O[Si](C)(C)CCCOC(=O)c1ccc(C(*)=O)cc1COCCOCCOC,3.0021515
*O[Si](C)(C)CCCOC(=O)c1ccc(C(=O)OC(=O)CCCCC(*)=O)cc1,-11.360413
*O[Si](C)(C)CCCOC(=O)c1ccc(C(=O)OC(=O)c2ccc(C(*)=O)cc2)cc1,67.76183
*O[Si](C)(C)CCCO[Si](C)(C)O[Si](C)(C)CCCOC(=O)NCCCCCCOCCOCCOCCOCC(*)(C)O,-49.366745
*O[Si](C)(C)CCCOc1ccc(-c2cc(Cl)c(N(*)CCCCCCCCCCCCCC)c(OCC(CC)CCCC)c2)cc1OC,13.094025
*O[Si](C)(C)CCCOc1ccc(/N=C/c2ccc(*)cc2)cc1OC,59.638275
*O[Si](C)(C)CCCOc1ccc(C(=O)OCCOC(=O)c2ccc(C(*)=O)cc2)cc1,43.39849
*O[Si](C)(C)CCCOc1ccc(C(=O)OCCOCCOC(*)=O)c(F)c1F,-18.516846
*O[Si](C)(C)CCOC(=O)CCCCS(=O)(=O)c1ccccc1NC(=O)Nc1ccc(C#Cc2ccc(*)cc2)cc1,72.15491
*O[Si](C)(C)CC[Si](C)(C)O[Si](C)(C)O[Si](C)(C)O[Si](C)(C)O[Si](C)(C)O[Si](C)(C)O[Si](C)(C)O[Si](*)(C)Oc1c(F)cc(Cl)cc1Br,-10.577698
*O[Si](C)(C)CC[Si](C)(C)O[Si](C)(C)O[Si](C)(C)O[Si](C)(C)O[Si](C)(C)c1ccc(*)cc1,-51.0092
*O[Si](C)(C)CO[Si](C)(C)O[Si](C)(C)O[Si](C)(C)O[Si](C)(C)O[Si](C)(C)CCC(O)[SH](*)(F)F,-27.543991
*O[Si](C)(C)C[Si](*)(C)CCCCCC(=O)OCCCC,-50.842896
*O[Si](C)(C)C[Si](*)(C)CCCCS(=O)(=O)O,-44.270187
*O[Si](C)(C)OC(C)(C)CCS(*)=O,-31.213486
*O[Si](C)(C)OC(C)(C)O[Si](OC)O[Si](C)(C)O[Si](*)(C)CCCC,-84.4877
*O[Si](C)(C)OC(C)CCCCCCOc1ccc(/C=C/c2ccc(*)cc2)cc1,55.861794
*O[Si](C)(C)OC(C)CCOC(=O)c1cc(OC(C)=O)cc(S(*)(=O)=O)c1,58.21251
*O[Si](C)(C)OC(C)COC(COC(=O)c1cccc(C(*)=O)c1)C(=O)OC(Cl)=C=C(CO)CC=C,24.155472
*O[Si](C)(C)OC(C)OC(C)O[Si](*)(C)CO,-59.24292
*O[Si](C)(C)OCCCCOc1ccc(-c2ccc(OC(=O)c3ccccc3C(*)=O)cc2)cc1,48.696564
*O[Si](C)(C)O[Si](*)(C)CCCOC(=O)Nc1ccc(C#N)cc1,17.055878
*O[Si](C)(C)O[Si](*)(C)CCC[N+](C)C,-90.13652
*O[Si](C)(C)O[Si](C)(C(=O)O)c1ccc(I)c(C(=O)c2cccc(/C=C/c3cccc(/C=C/c4ccc(*)cc4)c3)c2)c1,108.26866
*O[Si](C)(C)O[Si](C)(C)CCC(*)O,-83.48248
*O[Si](C)(C)O[Si](C)(C)CCCOc1cccc(*)c1O,-25.972412
*O[Si](C)(C)O[Si](C)(C)NC(=O)c1cc(NC(=O)OCC)cc(*)c1O,35.382446
*O[Si](C)(C)O[Si](C)(C)OC(F)(F)C(*)(F)F,-56.033813
*O[Si](C)(C)O[Si](C)(C)O[Si](*)(C)CCCOc1ccc(C(=O)Oc2ccc(P)cc2)cc1,-7.67041
*O[Si](C)(C)O[Si](C)(C)O[Si](C)(C)CCCCC(*)=O,-75.25264
*O[Si](C)(C)O[Si](C)(C)O[Si](C)(C)CCCCCCOc1ccc(C(*)=O)cc1,-14.6848755
*O[Si](C)(C)O[Si](C)(C)O[Si](C)(C)C[Si](*)(C)c1ccc(F)cc1,-56.42401
*O[Si](C)(C)O[Si](C)(C)O[Si](C)(C)C[Si](C)(C)O[Si](*)(C)c1ccc(-c2ccc([PH](C)(C)C)cc2)c(Br)c1Br,20.921638
*O[Si](C)(C)O[Si](C)(C)O[Si](C)(C)O[Si](*)(C)CCCCCCCCCCOc1ccc(OCCC(F)(F)C(F)(F)C(F)(F)C(F)(F)F)cc1,-49.141632
*O[Si](C)(C)O[Si](C)(C)O[Si](C)(C)O[Si](*)(C)CCCCOc1ccc(-c2ccc(C(=O)OC)cc2)cc1,-20.904633
*O[Si](C)(C)O[Si](C)(C)O[Si](C)(C)O[Si](*)(C)C[Si](C)(C)O[Si](C)(C)O,-41.815063
*O[Si](C)(C)O[Si](C)(C)O[Si](C)(C)O[Si](*)(C)c1cccc(C)c1,-82.77127
*O[Si](C)(C)O[Si](C)(C)O[Si](C)(C)O[Si](C)(C)C[Si](*)(C)CCC(F)(F)F,-59.297592
*O[Si](C)(C)O[Si](C)(C)O[Si](C)(C)O[Si](C)(C)OC(C)CCCCCC(*)O,-71.37282
*O[Si](C)(C)O[Si](C)(C)O[Si](C)(C)O[Si](C)(C)O[Si](*)(C)C#Cc1ccc(-c2ccccc2)cc1,-16.555481
*O[Si](C)(C)O[Si](C)(C)O[Si](C)(C)O[Si](C)(C)O[Si](*)(C)CCCCCCCOc1ccc(N(c2ccccc2)c2ccccc2)cc1,-46.60472
*O[Si](C)(C)O[Si](C)(C)O[Si](C)(C)O[Si](C)(C)O[Si](*)(C)CCCOOc1ccc([N+](=O)[O-])cc1Br,-26.960678
*O[Si](C)(C)O[Si](C)(C)O[Si](C)(C)O[Si](C)(C)O[Si](*)(C)OCCC(F)(F)C(F)(F)C(F)F,-43.76358
*O[Si](C)(C)O[Si](C)(C)O[Si](C)(C)O[Si](C)(C)O[Si](C)(C)CCCOC(=O)c1ccc(C(*)=O)cc1,-6.26593
*O[Si](C)(C)O[Si](C)(C)O[Si](C)(C)O[Si](C)(C)O[Si](C)(C)CCCOc1ccc(C(C)(CC)c2ccc(OC(=O)c3cccc(C(*)=O)c3)cc2)cc1,-1.2680969
*O[Si](C)(C)O[Si](C)(C)O[Si](C)(C)O[Si](C)(C)O[Si](C)(C)OC(C)O[Si](*)(C)CCCCC,-58.462524
*O[Si](C)(C)O[Si](C)(C)O[Si](C)(C)O[Si](C)(C)O[Si](C)(C)O[Si](*)(C)CCCOC(C)(CC)CC,-53.537262
*O[Si](C)(C)O[Si](C)(C)O[Si](C)(C)O[Si](C)(C)O[Si](C)(C)O[Si](*)(C)c1ccc(OC)cc1,-46.60179
*O[Si](C)(C)O[Si](C)(C)O[Si](C)(C)O[Si](C)(C)O[Si](C)(C)O[Si](C)(C)CO[Si](C)(C)c1ccc([Si](*)(C)CCCCCC)cc1,-51.510757
*O[Si](C)(C)O[Si](C)(C)O[Si](C)(C)O[Si](C)(C)O[Si](C)(C)O[Si](C)(C)O[Si](*)(C)CCCCC(F)(F)C(F)(F)C(F)(F)F,-41.40634
*O[Si](C)(C)O[Si](C)(C)O[Si](C)(C)O[Si](C)(C)O[Si](C)(C)O[Si](C)(C)O[Si](C)(C)O[Si](C)(C)c1ccc([Si](C)(C)O[Si](C)(C)O[Si](C)(C)O[Si](C)(C)C(*)=O)cc1,26.621239
*O[Si](C)(C)O[Si](C)(C)O[Si](C)(C)O[Si](C)(C)O[Si](C)(C)O[Si](C)(C)c1c(C)cc(-c2cc(C)c(*)c(C)c2)cc1O,-0.8878174
*O[Si](C)(C)O[Si](C)(C)O[Si](C)(C)O[Si](C)(C)O[Si](C)(C)O[Si](C)(OCC(C)CCCC)[Si](*)(C)C,-52.662064
*O[Si](C)(C)O[Si](C)(C)O[Si](C)(C)O[Si](C)(C)O[Si](C)(C)O[Si](NC(C)(C)C)C(*)=O,-24.546005
*O[Si](C)(C)O[Si](C)(C)O[Si](C)(C)O[Si](C)(C)O[Si](C)(C)Oc1cc(*)c(Cl)c(Cl)c1F,-31.531494
*O[Si](C)(C)O[Si](C)(C)O[Si](C)(C)O[Si](C)(C)O[Si](C)(C)[Si](*)(C)C[N+](C)(C)C,-26.93953
*O[Si](C)(C)O[Si](C)(C)O[Si](C)(C)O[Si](C)(C)O[Si](C)(CC)O[Si](*)(C)CCCCCCOCCOCCOCCOCCOc1ccc(OC(=O)C(C)(C)C)cc1,-40.871735
*O[Si](C)(C)O[Si](C)(C)O[Si](C)(C)O[Si](C)(C)O[Si](C)(O)O[Si](C)(C)O[Si](C)(C)O[Si](C)(C)O[Si](C)(C)O[Si](C)(C)Oc1c(*)cc(Cl)cc1Cl,-11.934372
*O[Si](C)(C)O[Si](C)(C)O[Si](C)(C)O[Si](C)(C)[Si](C)(C)O[Si](C)(C)CCCOP(=O)(c1ccccc1)c1ccccc1[Si](*)(C)c1ccc(O)cc1,-27.492569
*O[Si](C)(C)O[Si](C)(C)O[Si](C)(C)O[Si](C)(C)c1ccc(*)c([N+](=O)[O-])c1,-24.860626
*O[Si](C)(C)O[Si](C)(C)O[Si](C)(C)O[Si](C)(C)c1ccc(/N=N/c2ccc([PH](*)(C)C)cc2)cc1,13.772873
*O[Si](C)(C)O[Si](C)(C)O[Si](C)(C)O[Si](C)(I)O[Si](*)(C)OCCOc1ccc(C(=O)[O][Na])cc1,-19.324936
*O[Si](C)(C)O[Si](C)(C)O[Si](C)(C)O[Si](CC)(CC)N(C(=O)OCC)C(*)C#N,-47.622925
*O[Si](C)(C)O[Si](C)(C)O[Si](C)(C)Oc1ccc(C(NC(=O)CCc2ccc(OC(*)=O)cc2)C(=O)OCCc2ccccc2)cc1,8.626831
*O[Si](C)(C)O[Si](C)(C)O[Si](C)(C)c1ccc(C(C)(C)c2ccc(NC(*)=O)c(C)c2)cc1C,46.458084
*O[Si](C)(C)O[Si](C)(C)O[Si](C)(CC)OS(=O)(=O)c1ccc(*)cc1,-33.046783
*O[Si](C)(C)O[Si](C)(C)O[Si](S)(C=O)c1ccc(-c2ccc(S(=O)(=O)O)c(C(*)=O)c2)cc1,54.268715
*O[Si](C)(C)O[Si](C)(C)Oc1c(C)c(Br)c(*)c(F)c1F,-10.090439
*O[Si](C)(C)O[Si](C)(C)Oc1c(F)c(Cl)c(*)c(Cl)c1Cl,-10.128632
*O[Si](C)(C)O[Si](C)(C)Oc1c(F)c(F)c(*)c(Cl)c1Br,-18.021805
*O[Si](C)(C)O[Si](C)(C)Oc1c(F)cc(*)cc1Br,-19.541092
*O[Si](C)(C)O[Si](C)(C)Oc1cc(OC(=O)c2cccnc2)c(*)cc1Br,23.82035
*O[Si](C)(C)O[Si](C)(C)Oc1ccc(C=*)cc1,-43.994232
*O[Si](C)(C)O[Si](C)(C)[Si](*)(Cl)Cl,-83.459
*O[Si](C)(C)O[Si](C)(C)c1cc(Br)cc(*)c1C,-6.3722076
*O[Si](C)(C)O[Si](C)(C)c1cc(Cl)c(/C=C/c2cc(C(=O)O)c(*)cc2OC)c(OC)c1,101.08131
*O[Si](C)(C)O[Si](C)(C)c1ccc(-c2cc(OC)c(OC)c(*)c2S)cc1CCCC,38.11521
*O[Si](C)(C)O[Si](C)(C)c1ccc(-c2ccc(Sc3ccc(C(*)=O)cc3)c(C(F)(F)F)c2)c(F)c1,125.90321
*O[Si](C)(C)O[Si](C)(C=O)OC(F)(F)C(*)(F)F,-64.82736
*O[Si](C)(C)O[Si](C)(CC)O[Si](C)(C)O[Si](C)(C)O[Si](C)(C)O[Si](C)(C)C[Si](*)(C)P(=O)(CCCC)O[Si](C)(C)C,-24.821106
*O[Si](C)(C)O[Si](C)(CC)O[Si](C)(C)O[Si](I)(CCC(F)(F)F)C(F)(F)C(*)(F)F,-58.08644
*O[Si](C)(C)O[Si](C)(CCC(F)(F)Cl)C(*)OC(C)C,-52.536423
*O[Si](C)(C)O[Si](CC(*)Oc1ccc(F)cc1)Oc1ccccc1,-30.226212
*O[Si](C)(C)Oc1cc(OC)c(*)cc1OCC(CC)CC,11.550278
*O[Si](C)(C)Oc1ccc(-c2ccc(S(*)(=O)=O)c(CC)c2)cc1C,120.6589
*O[Si](C)(C)Oc1ccc(C(=O)Nc2ccc(NC(=O)c3ccc(*)cc3)cc2)cc1C(=O)OCCCCCCCCCCCCCC,65.75621
*O[Si](C)(C)Oc1ccc(C(C)(C)c2ccc(/N=C/c3ccc(*)cc3)cc2)cc1C,127.46236
*O[Si](C)(C)Oc1ccc(C(C)(C)c2ccc(OC(=O)CCCCCCCCC(*)=O)cc2)cc1,5.2648315
*O[Si](C)(C)Oc1ccc(C(C)(C)c2ccc(OC(=O)c3ccc(OC(*)=O)c(OCCCCCCCCCCCC)c3)cc2C)cc1C,38.536957
*O[Si](C)(C)Oc1ccc(C(C)(C)c2ccc(OCc3ccc(*)cc3)cc2)cc1,89.95754
*O[Si](C)(C)[Si](*)(C)CCCCCCCCCCCCCCCC,-85.51776
*O[Si](C)(C)[Si](C)(C)O[Si](C)(C)O[Si](C)(C)OC(=O)NCC(*)=S,-49.75142
*O[Si](C)(C)[Si](C)(C)c1ccc(C(O)(NC(=O)C(F)(F)F)C(*)(F)F)cc1,51.369057
*O[Si](C)(C)c1c(Cl)cc(Cl)c(*)c1OCCCCCCCCCCCC,-1.1598969
*O[Si](C)(C)c1c(O)cc(*)cc1Br,56.492035
*O[Si](C)(C)c1cc(C(F)(F)F)cc(S(*)(=O)=O)c1,77.766304
*O[Si](C)(C)c1cc(C)c(/N=C/c2ccc(Br)cc2)c(*)c1C,120.69486
*O[Si](C)(C)c1cc(CCC)c(*)cc1OC(=O)c1ccc([Si](C)(C)C)cc1,66.30163
*O[Si](C)(C)c1ccc(/N=C/c2ccc(C(*)=O)cc2)cc1,131.96301
*O[Si](C)(C)c1ccc(C(C)(C)c2cccc(C(*)=O)c2)cc1,98.48555
*O[Si](C)(C)c1ccc(Cl)c(C(*)=O)c1,73.78311
*O[Si](C)(C)c1ccc(OC[Si](C)(C)O[Si](C)(C)O[Si](C)(C)c2ccc(OC(*)=O)cc2)cc1,-8.531326
*O[Si](C)(C)c1ccc([Si](*)(C)NCC(F)(F)F)cc1,6.691757
*O[Si](C)(CC(C)(C)C)Oc1cccc(C(*)=O)c1,8.620743
*O[Si](C)(CC)CC(*)=O,-3.919403
*O[Si](C)(CCC(F)(F)F)CC(F)(F)C(F)(F)C(F)(F)C(=O)N(*)CCCCC(=O)Oc1ccc(F)cc1,-15.366364
*O[Si](C)(CCC(F)(F)F)COC(F)(F)C(*)=O,-29.054932
*O[Si](C)(CCC)OCC(C)O[Si](C)(C)O[Si](C)(C)c1ccc(*)cc1,-71.56619
*O[Si](C)(CCCCC)CCCSC(=O)Nc1ccc(C)c(*)c1,54.416115
*O[Si](C)(CCCNC(=O)OCCCCOc1ccc(-c2ccccc2)cc1)c1ccc(/N=N/c2ccc(C(=O)OC(=O)c3cccc(*)c3)cc2)cc1,55.749634
*O[Si](C)(CCOC(=O)CCCC(*)=O)C(=O)CC(C)(C)C,-24.295807
*O[Si](C)(F)C(F)(F)C(F)(F)C(*)(F)F,-76.059906
*O[Si](C)(Oc1ccc(C(C)=C(*)O)cc1)C(=O)OCc1ccccc1,57.66178
*O[Si](C=C)(COCCOC(C)=O)c1ccc(C(=O)OCCCCOc2ccc(*)cc2)cc1,24.61406
*O[Si](CC)(CCl)CC(O)CN(C)c1ccc(C(*)=O)cc1,103.03947
*O[Si](CCC(=O)OCCC)C(*)=S,-28.298523
*O[Si](COc1ccc(C(C)(C)c2ccc(*)cc2)cc1)OC(C)=S,54.664642
*O[Si](Cc1ccccc1)C(*)(C=C)N(C)C,26.192886
*O[Si](N[PH](=O)c1cccc(S(=O)(=O)O)c1)[Si](*)(C)c1ccc(Br)cc1,73.23645
*O[Si](O)(C(F)(F)F)C(*)(F)C([2H])(F)F,-45.30899
*O[Si](Oc1ccc(C(C)(C)c2cccc(C(*)(C)C)c2)cc1)OC(C)OCCCCCCC,-2.1381378
*O[Si]([2H])(C#C)C(C)(CC)C[N+](*)(C)C,23.26828
*O[Si]([PH])(CC(Cl)OC(*)Cl)OC(F)(F)C(F)(F)C(F)(F)C(F)(F)Cl,-34.652405
*Oc1c(/C=C/CCOCCCCCCCC)cc(C(=O)Oc2cc(OCCCCCCCCCC)cc(C(*)=O)c2)c(C)c1C,50.850197
*Oc1c(Br)cc(*)c(Br)c1Cl,195.26434
*Oc1c(Br)cc(-c2cc(CCCC)c(*)nc2CCCCCC)nc1OCC(CC)CCCCCCCCCC,31.476715
*Oc1c(Br)cc(-c2ccc(*)cc2)cc1OCCCCCCCCCC,55.14129
*Oc1c(Br)cc(Br)c(C(*)=O)c1C(F)(F)F,171.46179
*Oc1c(Br)cc(C(*)=O)c(C(=O)OC)c1Cl,157.52048
*Oc1c(Br)cc(C(*)=O)c(Cl)c1[2H],211.7471
*Oc1c(Br)cc(Cc2cc(C(=O)O)c(C(*)=O)cc2OC(=O)c2ccc(C)cc2)c(C)c1C,194.25046
*Oc1c(C(=O)O)ccc(C(F)(F)F)c1*,158.5765
*Oc1c(C(C)C)cc(*)cc1C(C)CCCCC,84.244225
*Oc1c(C)c(Cl)c(*)c(F)c1F,171.4762
*Oc1c(C)cc(*)c(-c2ccccc2CC)c1O,154.04251
*Oc1c(C)cc(*)cc1COCCF,86.24457
*Oc1c(C)cc(*)cc1OC,206.47382
*Oc1c(C)cc(-c2cc(Br)cc(C(=O)NNC(*)=O)c2)cc1C(C)C,207.4212
*Oc1c(C)cc(-c2cc(C)c(OC(=O)CCCCCCCCCCC(*)=O)c(OCCCCCCCCCCCC)c2)cc1OC(C)=O,28.855843
*Oc1c(C)cc(-c2cc(C)c(OC(=O)c3ccc(Cc4cccc(C(*)=O)c4)c(Cl)c3)cc2Br)c([2H])c1Cl,196.59001
*Oc1c(C)cc(-c2cc(C)c(OC(=O)c3cccc(C(*)=O)c3)c(OCCCCCCCC)c2)cc1OCCCCCCCCCCOc1ccc(OC(=O)c2ccc(OCCCC)cc2)cc1OCCOC,74.75106
*Oc1c(C)cc(-c2cc(CC)c(*)c(Cl)c2Cl)cc1-c1ccccc1,162.1972
*Oc1c(C)cc(-c2cc(F)c(*)c(NC(=O)[Si](C)(C)C)c2)cc1C(C)(C)C,177.20544
*Oc1c(C)cc(C(C)(C)c2cc(C)c(OC(*)=O)cc2Cl)c2ccccc12,171.98074
*Oc1c(C)cc(C(C)(C)c2cc(C)c(OC(=O)CCCCCCC(*)=O)c(C)c2)cc1C,87.76826
*Oc1c(C)cc(C(C)(C)c2cc(Cl)cc(C(*)=O)c2)cc1OCC(CC)CCCCCCCC,89.23561
*Oc1c(C)cc(C(C)(C)c2cc(OCCCC)c(OC(=O)NCCCCCCNC(*)=O)cc2Br)cc1C,79.43414
*Oc1c(C)cc(C(C)(C)c2ccc(OC(*)=O)c(C)c2)cc1Cl,161.5628
*Oc1c(C)cc(C)c(*)c1C#N,214.26999
*Oc1c(C)cc(C=*)cc1OC(=O)c1ccccc1,107.633354
*Oc1c(C)cc(CC(*)=O)cc1OC(=O)c1ccc(OCCCCC)cc1,93.72789
*Oc1c(C)cc(CC(OC(C)=O)c2ccc(C(*)=O)cc2C)cc1C,165.1075
*Oc1c(C)cc(Cc2cc(Br)c(OC(=O)NCC(*)=O)c(Br)c2)cc1C,117.64577
*Oc1c(C)cc(Cc2cc(C)c(OC(*)=O)c(Br)c2)cc1C,134.91658
*Oc1c(C)cc(Cc2cc(C)c(OC(=O)CCCCCCC(*)=O)c(OCCCC)c2)cc1OC,63.89995
*Oc1c(C)cc(Cc2cc(C)cc(NC(*)=O)c2Cl)c(OC)c1C,185.30618
*Oc1c(C)cc(Cc2cc(Cl)c(OC(*)=O)cc2C)cc1C,141.92033
*Oc1c(C)cc(Cc2cc(OCC(CC)OCCCCCC)c(C(*)=O)cc2C)c(Cl)c1Cl,80.46674
*Oc1c(C)cc(Cc2ccc(OC(=O)c3cc(F)cc(C(*)=O)c3)c(C)n2)cc1OC,205.77518
*Oc1c(C)cc(OC(=O)c2ccc(OCCCCC)c(OC(=O)CCCCCCCCC(*)=O)c2)c(S(=O)(=O)O)c1N,38.014786
*Oc1c(C)cc(OC(=O)c2cccc(C(*)=O)c2)cc1OCC(CC)CCCCCC,74.15814
*Oc1c(C)cc(S(=O)(=O)c2cc(Cl)c(*)c(F)c2F)cc1Cl,195.73822
*Oc1c(C)cc([Si](C)(C)O[Si](C)(C)Oc2ccc(*)c(CCCC)c2)cc1CC,16.796127
*Oc1c(CC(C)C)cc(*)cc1C(C)CCCCCCCCC,40.58819
*Oc1c(CCCCCCC)cc(C=*)cc1OCCCCCCCCCCCC,4.1007843
*Oc1c(Cl)cc(*)cc1C(=O)OCCCC,122.17122
*Oc1c(Cl)cc(-c2cc(Br)c(C(*)=O)c(F)c2F)cc1Cl,185.62201
*Oc1c(Cl)cc(C(*)=O)c(Br)c1C,219.16806
*Oc1c(Cl)cc(C(C)(C)c2cc(C)c(OC(*)=O)c(Br)c2Br)cc1Br,154.09918
*Oc1c(Cl)cc(C(C)(CC)c2cc(C)c(*)c(Br)c2Cl)c(F)c1F,193.55238
*Oc1c(Cl)cc(Cl)c(OC(=O)c2cccc(C(*)=O)c2)c1Cl,160.1474
*Oc1c(Cl)cc(N(C)c2cc(*)ccc2Br)cc1Cl,205.63098
*Oc1c(Cl)cc(S(=O)(=O)c2cc(C)c(N3C(=O)c4ccc(*)c(C(F)(F)F)c4C3=O)c(C)c2)cc1Br,273.89392
*Oc1c(F)cc(Cc2cc(CC)c(*)c(Cl)c2F)cc1Cl,161.55437
*Oc1c(N)cc(*)nc1C,222.93639
*Oc1c(NC(=O)c2ccccc2)cc(OC(=O)c2cccc(C(*)=O)c2)cc1C(C)C,187.1569
*Oc1c(OCCCCCC)cc(*)c(C)c1C=C,51.64798
*Oc1c(OCCCCCCCCCCCCCC)cc([Si](C)(C)O*)c(O)c1CCCCCCCCC,-18.656097
*Oc1c([2H])cc(-c2ccc(C(*)=O)c(OC)c2)cc1C,182.54184
*Oc1cc(-c2ccccc2)c(*)cc1O,184.9978
*Oc1cc(-c2ccccc2)c(OC(=O)c2ccc(OCC(C)C)cc2)cc1*,107.3032
*Oc1cc(Br)c(*)c(C(C)(C)C)c1Cl,194.61247
*Oc1cc(Br)cc(OC(=O)Nc2ccc(*)nc2)c1,174.43546
*Oc1cc(Br)ccc1-c1ccc(-c2ccc(C(=O)c3ccc(*)cc3)cc2)cc1-c1ccccc1,203.96007
*Oc1cc(C(*)=O)cc(C(=O)Oc2ccc(OCCOC(C)CC)cc2)c1CC,99.41527
*Oc1cc(C(*)=O)cc(C(O)COc2ccc(OC(=O)c3ccc(OCCCCCCCCCCCCC(C)C)cc3)cc2)c1,66.156845
*Oc1cc(C(=O)O)cc(*)c1CC=C,103.60192
*Oc1cc(C(=O)OCCOC)c(*)cc1Br,118.03247
*Oc1cc(C(C)(C)C)c(*)cc1O,207.56195
*Oc1cc(C(C)(C)C)c(/C=N/c2ccc(/N=N/c3ccc(OCc4ccc(OC)cc4)cc3)cc2)c(OC(=O)CCCCCC(*)=O)c1Cl,84.5451
*Oc1cc(C(C)(C)C)c(OC(=O)c2cccc(C(*)=O)c2)cc1OCC,146.90263
*Oc1cc(C(C)(C)C)cc(Oc2ccc(*)cc2)c1O,144.87413
*Oc1cc(C(C)C)c(Cc2cc(C)c(OC(*)=O)c(C(C)C)c2)cc1C,122.67977
*Oc1cc(C(C)C)c(OC(=O)P(=O)(O*)OCCc2ccccc2)cc1OC,80.58427
*Oc1cc(C)c(/C=C/c2ccc(C=*)c(OC)c2)cc1OCCCCCCCCCCCC,69.979774
*Oc1cc(C)c(OC(=O)CCCCCCCCCCCCCCC(*)=O)cc1CCCC,31.443672
*Oc1cc(C)c(OC(=O)NCCCCCCNC(*)=O)cc1OC(CC)CCCCCC,26.082497
*Oc1cc(C)c(OC(=O)c2ccc(C(=O)OCCCCCCCCCCCCCCCCCCCCCCCC)cc2)c(*)c1O,60.977272
*Oc1cc(CC(=O)O)c(Br)c(*)c1C,156.96053
*Oc1cc(CC(C)CC)c(*)cc1OCC(F)(F)C(F)(F)F,111.52165
*Oc1cc(CC(C)CCCC)c(CCCCCC)c(CCCCC(*)=O)c1O,10.000641
*Oc1cc(CC(CC)(CCC)COC(=O)CCCCCCC(*)=O)cc(C(C)(C)CCC)c1,32.276802
*Oc1cc(CC(CC)CCCC)cc(*)c1C,74.499245
*Oc1cc(CCCCC)c(/C=C/c2ccc(*)cc2)cc1OCCCCCCCCCCCC,62.45349
*Oc1cc(CCCCC)cc(*)c1C/C=C/c1ccccc1,104.6591
*Oc1cc(CCCCCC)c(/C=C/c2ccc(OC(=O)OCCCCCCOCCOCCOCCOCCOC(*)=O)cc2)cc1OC,24.59616
*Oc1cc(CCCCCCCCCC(C)CC)cc(*)c1CCCC(CC)CCCCCC,-29.378021
*Oc1cc(CCCCCCCCCCCC)c(/C=C(\c2ccccc2)c2ccc(*)cc2)c(C(=O)O)c1,86.45717
*Oc1cc(CCCCCCCCCCCC)c(/C=N/c2ccc(*)cc2)cc1OC(C)CCC,57.924904
*Oc1cc(C[N+](C)(C)C)c(-c2cc(CCCCCCCC)c(*)c(OC)c2O)cc1OCCCCCCC,33.06137
*Oc1cc(N(C)C)c(Cl)c(*)c1O,206.62535
*Oc1cc(NC(=O)C2=CC=C(OCCCCCCOc3ccc(/C=C/C(=O)Nc4ccc(C(*)=O)cc4)cc3)C=CC=C2c2ccccc2)ccc1-c1ccccc1,139.37941
*Oc1cc(NC(=O)c2ccc(C(*)=O)c(Cl)c2)ccc1Cl,233.44287
*Oc1cc(NC(=O)c2cccc(C(*)=O)c2)cc(C(C)(C)C)c1,196.76726
*Oc1cc(OC(*)=O)c(C)c(C)c1C,140.30547
*Oc1cc(OC(=O)/C=C/C(*)=O)c(OC)cc1OC,152.11243
*Oc1cc(OC(=O)/C=C/c2ccc(OC(*)=O)cc2)ccc1C(=O)Oc1ccccc1,130.88104
*Oc1cc(OC(=O)CCCC)c(C(*)=O)cc1OCCCCCCCCCCCCCC,13.35994
*Oc1cc(OC(=O)CCCCCCCCCCC(*)=O)cc(C(=O)OC)c1,32.02672
*Oc1cc(OC(=O)COc2ccc(C(*)=O)c(OC)c2)ccc1OCSCCCCC,59.907974
*Oc1cc(OC(=O)Nc2ccc(Cc3ccc(C(*)=O)cc3)cc2)cc(C(=O)OC)c1,150.5174
*Oc1cc(OC(=O)c2cc(Br)cc(C(*)=O)c2)cc(N(C)c2ccccc2)c1,149.07211
*Oc1cc(OC(=O)c2cc(OCCCCCCCCCCCC)cc(C(*)=O)c2)cc(C(=O)OCCN(CC)OC(C)=O)c1,42.478523
*Oc1cc(OC(=O)c2ccc(C(*)=O)cc2)cc(C(F)(F)F)c1,160.77731
*Oc1cc(OC(=O)c2ccc(OCC(COC)C(C)CC)c(OCc3ccc(*)cc3)c2)ccc1OCCOCCOC,79.82491
*Oc1cc(OC(=O)c2ccc(OCC)cc2)c(OC(=O)CCCCCCCCCCCCCC(*)=O)c(OCCCCCC)c1O,19.952103
*Oc1cc(OC(=O)c2ccc(OCC)cc2)cc(OC(=O)CCCCCC(*)=O)c1Cl,43.89353
*Oc1cc(OC(=O)c2ccc(OCC)cc2)cc(Oc2cccc(*)c2)c1,115.39812
*Oc1cc(OC(=O)c2ccc(OCCC(C)(C)COC(*)=O)cc2)ccc1N,57.28076
*Oc1cc(OC(=O)c2ccc(OCCC)cc2)c(O*)c([Si](C)(C)C)c1,101.30609
*Oc1cc(OC(=O)c2ccc(OCCCC)cc2)cc(C(=O)OCc2ccccc2)c1*,108.799576
*Oc1cc(OC(=O)c2ccc(OCCCCCC)cc2)c(OC(=O)CCC(*)=O)c(OC)c1O,29.742569
*Oc1cc(OC(=O)c2ccc(OCCCCCC)cc2Oc2ccc(C(*)=O)cc2OC)ccc1O,104.31726
*Oc1cc(OC(=O)c2ccc(OCCCCCCCC)cc2)c(OC(=O)CCCCC(*)=O)c(C)c1C,14.418869
*Oc1cc(OC(=O)c2ccc(OCCCCCCCC)cc2)ccc1C(*)=O,59.87214
*Oc1cc(OC(=O)c2ccc(OCCCCCCCCCC)cc2)cc(C(*)Cc2ccccc2)c1,65.0642
*Oc1cc(OC(=O)c2ccc(OCCOCCOCCOCCOCCOCCOCCOCCOCCOCCOCCOCCOc3ccc(CC=*)cc3)cc2)ccc1C,23.000092
*Oc1cc(OC(=O)c2ccc(Oc3ccc(C(C)(C)c4ccc(*)cc4)cc3)cc2Oc2ccc(C(=O)OCCCC)cc2)ccc1N,115.45968
*Oc1cc(OC(=O)c2cccc(C(*)=O)c2)ccc1C(=O)Oc1cccc(C=O)c1,127.184845
*Oc1cc(OC(=O)c2cccc(OCCCCCC)c2)c(OC(=O)CCCCCCCCCCCC(*)=O)cc1OC(=O)c1ccccc1,26.737755
*Oc1cc(OC(C)=O)c(Oc2ccc(/N=C/c3ccc(OC(*)=O)c(F)c3)cc2C)cc1C,154.88217
*Oc1cc(OC(F)(CI)COc2cccc(C(*)(C)C)c2)ccc1C(=O)OCCCC,41.05787
*Oc1cc(OC)c(C=*)cc1OC(=O)c1ccc(/N=N/c2ccc(C#N)cc2)cc1,154.92303
*Oc1cc(OC)c(OC(=O)c2ccc(C(*)=O)cc2O)c(OC(=O)c2ccc(OCCCCCCCC)cc2)c1,57.522278
*Oc1cc(OC)c(OCCCCCCCCCCCCCC)c(*)c1O,34.820435
*Oc1cc(OCC(C#N)=C(C)C(=O)OCC)cc(/C=C/C(*)=O)c1O,114.15877
*Oc1cc(OCC(C)CC)cc(*)c1O,112.795395
*Oc1cc(OCC(C)CCCC)c(*)cc1CO,54.291412
*Oc1cc(OCCC(C)CC)cc(*)c1O,86.51095
*Oc1cc(OCCC)cc(*)c1OC,117.262825
*Oc1cc(OCCCC)c(OC(=O)Oc2cccc(C(*)=O)c2)cc1OCCCCCCCC,44.87674
*Oc1cc(OCCCCCCCC)c(*)cc1OCC#C,28.47377
*Oc1cc(OCCCCCCCCCCCCCC)c(*)cc1OCCOCCOCCC,3.237915
*Oc1cc(OCCCCCCCCCCCCCC)c(C(*)=O)cc1OCCCCCCCCCCC,13.32547
*Oc1cc(OCCCCCCCCCCCCCCC)c(*)cc1SC,39.07556
*Oc1cc(OCCCc2ccc(OC(=O)CCCCCCCCC(*)=O)cc2)c(Br)cc1-c1ccccc1,58.222527
*Oc1cc(OCCOC(C)=O)c(*)cc1OC(COC(=O)C(=O)OC)C(=O)[O][Na],45.940865
*Oc1cc(OCCOC)c(OCCCCCC)cc1OCCOC(=O)c1cccc(C(=O)OCc2ccc(*)cc2)c1,54.664604
*Oc1cc(OCc2ccc(OC(C)COCC(*)CC)cc2)ccc1C,54.94342
*Oc1cc(Oc2ccc(OC(=O)CCCCCCC(*)=O)cc2)ccc1-c1ccccc1,65.75398
*Oc1cc(Oc2ccccc2)c(*)nc1COCCCCC,42.845673
*Oc1cc(S(=O)(=O)c2ccc(OC)cc2)c(OC)c(*)c1O,151.29176
*Oc1cc(S(=O)(=O)c2ccc(OC=COc3ccc(/N=C/c4ccc(OC)cc4)cc3)cc2)c(OC(=O)c2ccc(C(*)=O)cc2)cc1Br,116.40079
*Oc1cc(SCC(=O)OCCOc2ccc(-c3ccccc3Oc3ccc(Cc4ccc(*)c(Br)c4)cc3C)cc2)ccc1-c1ccccc1,162.71825
*Oc1cc(SCCCCCCCC)c(*)cc1Oc1ccccc1,65.41047
*Oc1cc(Sc2cc(OCCCc3ccccc3)c(*)cc2C)ccc1C,155.61163
*Oc1ccc(*)c(NC(=O)CCCCCCCCC(=O)C(C)O)c1,40.42044
*Oc1ccc(*)cc1C(C)O,125.49115
*Oc1ccc(*)cc1CCCCCCCCCC,6.390991
*Oc1ccc(*)nc1CCCCCCCCCCCCCCCCCCCCCCCC,21.33828
*Oc1ccc(-c2cc(CCCCCCCCCC)c(*)cc2OCCOCCOc2ccc(/N=N/c3ccc([N+](=O)[O-])cc3)cc2)c(C)c1,108.09042
*Oc1ccc(-c2ccc(-c3ccc(-c4ccc(-c5ccc(*)cc5)cc4)cc3)cc2)cc1,194.96695
*Oc1ccc(-c2ccc(-c3ccc(-c4ccc(Oc5ccc(*)cc5)cc4)cc3)cc2)cc1,191.07434
*Oc1ccc(-c2ccc(/C(C)=N/N=C(/*)c3ccccc3)cc2)cc1,201.4131
*Oc1ccc(-c2ccc(/N=C/c3ccc(OC(=O)c4cc(CCCCCCCC)c(C(*)=O)c(C(C)C)c4)cc3S(=O)(=O)O)cc2)cc1,122.673996
*Oc1ccc(-c2ccc(Br)c(C(*)=O)c2)c(C)c1CCCCCCCCCC,75.77695
*Oc1ccc(-c2ccc(C(*)=O)cc2)cc1C(=O)Nc1ccccc1,207.52638
*Oc1ccc(-c2ccc(C(*)=O)cc2)cc1C(C)(C)C,161.8049
*Oc1ccc(-c2ccc(C(=O)Nc3ccc(C(=O)c4ccc(C(=O)c5ccc(*)cc5)cc4)cc3)cc2)cc1,210.7048
*Oc1ccc(-c2ccc(C(=O)OCCOc3ccc(C(*)=O)cc3)cc2)cc1,140.97708
*Oc1ccc(-c2ccc(C(=O)c3ccc(Oc4ccc(-c5ccc(-c6ccc(*)cc6)cc5)cc4)cc3)cc2)cc1,187.75896
*Oc1ccc(-c2ccc(C(C)(C)c3ccc(Oc4ccc(-c5ccc(*)cc5)cc4)cc3)cc2)cc1,201.69226
*Oc1ccc(-c2ccc(NC(=O)Nc3cccc(C(=O)Nc4ccc(*)cc4)c3)cc2)cc1,266.36252
*Oc1ccc(-c2ccc(NC(=O)c3cc(OCCC(C)CC)c(C(*)=O)cc3C(C)CCCCCC)cc2)cc1,114.290306
*Oc1ccc(-c2ccc(OC(=O)/C(C)=C/c3ccc(OC(=O)c4ccccc4[Si](*)(C)C)cc3)cc2)cc1,140.07153
*Oc1ccc(-c2ccc(OC(=O)CC(CCC)C(*)=O)cc2)cc1,102.35542
*Oc1ccc(-c2ccc(OC(=O)CCCCC(*)=O)c(C#C)c2)cc1C,106.42096
*Oc1ccc(-c2ccc(OC(=O)CCCCC(=O)Oc3ccc(OC(*)=S)cc3)c([N+](=O)[O-])c2)cc1Cl,95.56679
*Oc1ccc(-c2ccc(OC(=O)CCCCCCCCCC(*)=O)c(C(C)C)c2)cc1C,71.16897
*Oc1ccc(-c2ccc(OC(=O)CCCCCCCCCCC(*)=O)c(C(C)=N)c2)cc1OC,75.25022
*Oc1ccc(-c2ccc(OC(=O)CCCCCCCCCCCCC(*)=O)c(C(C)(C)C)c2)cc1OC,75.58317
*Oc1ccc(-c2ccc(OC(=O)CCCCCCCCCCCCCCCCCCOC(*)=O)c(OCl)c2)cc1OC,42.612656
*Oc1ccc(-c2ccc(OC(=O)COCC(*)C#N)c(C(C)C)c2)cc1OC,115.70155
*Oc1ccc(-c2ccc(OC(=O)Nc3ccc(C(*)=O)cc3)cc2)cc1C([2H])=O,195.29962
*Oc1ccc(-c2ccc(OC(=O)OC(Cc3ccc(OC)cc3)OC(=O)c3ccc(*)cc3)cc2)cc1,81.112755
*Oc1ccc(-c2ccc(OC(=O)OCC(=O)OCCCOC(*)=O)cc2)c(OC)c1,31.802635
*Oc1ccc(-c2ccc(OC(=O)OCCCCCCCCCCOc3ccc(C(*)=O)c(O)c3)cc2)cc1C,64.28202
*Oc1ccc(-c2ccc(OC(=O)OCCCCCCCCCOC(*)=O)cc2)cc1,25.280273
*Oc1ccc(-c2ccc(OC(=O)OCCCCCCCCOc3ccc(/C=C/c4ccc(OC(=O)c5ccc(C(*)=O)cc5)cc4)cc3)cc2)cc1,93.03365
*Oc1ccc(-c2ccc(OC(=O)OCCCCCOCCCOCCOC(*)=O)cc2)cc1,17.652527
*Oc1ccc(-c2ccc(OC(=O)Oc3ccc(C(*)=O)c(S(=O)(=O)O)c3)cc2)cc1,129.39493
*Oc1ccc(-c2ccc(OC(=O)c3cc(NC(=O)C4CC5CC6CC(CO6)CC(C5)C4=O)cc(C(=O)Nc4ccc(*)cc4)c3)cc2)cc1,242.28156
*Oc1ccc(-c2ccc(OC(=O)c3cc(OC)c(OC(*)=O)c(OC)c3)cc2OC)cc1,129.58713
*Oc1ccc(-c2ccc(OC(=O)c3cc(OC)c(OC)c(C(*)=O)c3)cc2S(=O)(=O)O)c(Br)c1,190.93327
*Oc1ccc(-c2ccc(OC(=O)c3cc(OCCCCC)c(C(*)=O)c(OCCCCCC)c3)cc2)cc1OC,86.929886
*Oc1ccc(-c2ccc(OC(=O)c3cc(OCCCCCC)c(C(*)=O)cc3C)cc2-c2ccccc2)cc1,136.7748
*Oc1ccc(-c2ccc(OC(=O)c3cc(OCCCCCCCCCC)cc(C(*)=O)c3)cc2)cc1OCCCCCCCC,61.177185
*Oc1ccc(-c2ccc(OC(=O)c3cc(OCCCCCCCCCCCCCCOCCCCCC)c(C(*)=O)c([N+](=O)[O-])c3)cc2-c2ccccc2)cc1OCCCCCCCCCC,87.06766
*Oc1ccc(-c2ccc(OC(=O)c3ccc(*)c(C(=O)O)c3)cc2)cc1[N+](=O)[O-],185.68745
*Oc1ccc(-c2ccc(OC(=O)c3ccc(C(*)=O)cc3)c(C(=O)OCCCCCCCCCCCC)c2)cc1C(=O)OCCCCCCCCCCCCCC,45.779663
*Oc1ccc(-c2ccc(OC(=O)c3ccc(C(*)=O)cc3)cc2)cc1[N+]c1ccccc1,191.45737
*Oc1ccc(-c2ccc(OC(=O)c3ccc(C(*)=O)cc3)cc2Br)cc1C(=O)OCCCCCCCCCCCCCCCC,98.12598
*Oc1ccc(-c2ccc(OC(=O)c3ccc(C(*)=O)cc3)cc2C(=O)CCCCCCCCCC)cc1,84.054306
*Oc1ccc(-c2ccc(OC(=O)c3ccc(C(*)=O)cc3)cc2C)c(O)c1,192.8047
*Oc1ccc(-c2ccc(OC(=O)c3ccc(C(*)=O)cc3C(=O)OCCCCCCCCCCCCCC)cc2)cc1,77.36831
*Oc1ccc(-c2ccc(OC(=O)c3ccc(C(*)=O)cc3C)cc2OCCCCCCCCCCCCCC)cc1,88.99816
*Oc1ccc(-c2ccc(OC(=O)c3ccc(C(=O)Oc4ccc(OC(=O)CCCCCCCCCCCCC(*)=O)c(C(C)C)c4)cc3)cc2)cc1,67.67031
*Oc1ccc(-c2ccc(OC(=O)c3ccc(NC(=O)Nc4cc(C)c(C(*)=O)cc4OC(C)=O)cc3)cc2)cc1-c1ccc(OC)cc1,173.56001
*Oc1ccc(-c2ccc(OC(=O)c3ccc(NC(=O)c4ccc(C(*)=O)cc4Oc4ccccc4)cc3)cc2)cc1,196.56503
*Oc1ccc(-c2ccc(OC(=O)c3ccc(NCC(=O)Oc4ccc(C(*)=O)cc4)cc3)cc2)cc1,134.12247
*Oc1ccc(-c2ccc(OC(=O)c3ccc(OC(*)=O)c(Br)c3)cc2C)cc1,128.22252
*Oc1ccc(-c2ccc(OC(=O)c3ccc(OC(=O)c4ccc(OC(=O)CCCC(*)=O)cc4)cc3)cc2)cc1,55.826134
*Oc1ccc(-c2ccc(OC(=O)c3ccc(OC(=O)c4ccccc4C(*)=O)cc3)cc2)c(C(C)(C)C)c1,155.18842
*Oc1ccc(-c2ccc(OC(=O)c3ccc(OCCCCCCCCOc4cccc(OC(*)=O)c4)cc3)cc2)cc1,50.0504
*Oc1ccc(-c2ccc(OC(=O)c3ccc(OCCCCS(*)(=O)=O)cc3)cc2)c(-c2ccccc2)c1,89.89932
*Oc1ccc(-c2ccc(OC(=O)c3ccc(Oc4ccc(-c5ccc(C(C)(C)c6ccc(*)cc6)cc5)cc4)cc3)c(OCCCCC)c2)cc1OC,133.3057
*Oc1ccc(-c2ccc(OC(=O)c3ccc(Oc4ccc(C(*)=O)cc4)cc3)cc2)cc1-c1ccccc1,175.98795
*Oc1ccc(-c2ccc(OC(=O)c3ccc(Oc4ccc(C(C)(C)c5ccc(*)c(OC(F)(F)F)c5)cc4)cc3C(F)(F)F)cc2C)c(F)c1,145.14688
*Oc1ccc(-c2ccc(OC(=O)c3ccc(Oc4ccc(C(C)CNC(=O)CCCCCC(*)=O)cc4)cc3)cc2)cc1,68.92193
*Oc1ccc(-c2ccc(OC(=O)c3cccc(C(*)=O)c3)c(C(=O)O)c2)cc1C,185.57233
*Oc1ccc(-c2ccc(OC(=O)c3cccc(C(*)=O)c3)c(C(C)CC)c2)cc1C,190.43211
*Oc1ccc(-c2ccc(OC(=O)c3cccc(C(*)=O)c3)c(Cl)c2F)cc1,176.79868
*Oc1ccc(-c2ccc(OC(=O)c3ccccc3/C=C/c3ccc(C(=O)Oc4ccc(C(*)=O)cc4)cc3)cc2)cc1Br,179.61264
*Oc1ccc(-c2ccc(OCCCCCCCCCCOc3ccc(/C=C/c4ccc(*)c(OCCCOc5ccccc5)c4-c4ccccc4)cc3OC)cc2)cc1,116.755554
*Oc1ccc(-c2ccc(OCCCCCCOC(=O)CCC(*)=O)cc2)cc1,19.798378
*Oc1ccc(-c2ccc(OCCCCCCOc3ccc(/C=N/CCN=Cc4ccc(C(*)=O)cc4)cc3)cc2)cc1,84.93097
*Oc1ccc(-c2ccc(OCCCCCOC(=O)CCCCCCCCCCC(=O)OCCC(*)C)cc2)cc1,18.266624
*Oc1ccc(-c2ccc(Oc3ccc(*)cc3)cc2)c(OC(=O)CCCCCCCCCCCCCCCCCC)c1,46.627014
*Oc1ccc(-c2ccc(Oc3ccc(-c4ccc(*)cc4)cc3)cc2C(C)=O)cc1,184.2351
*Oc1ccc(-c2ccc(Oc3ccc(-c4ccc(Oc5ccc(C(c6ccc(*)cc6)(C(F)(F)F)C(F)(F)F)cc5)cc4)cc3)cc2)cc1,181.9426
*Oc1ccc(-c2ccc(Oc3ccc(/N=C(\C)c4ccc(*)cc4)cc3)cc2)cc1,196.57803
*Oc1ccc(-c2ccc(Oc3ccc(C(*)=O)cc3)cc2)cc1OC,187.85611
*Oc1ccc(-c2ccc(Oc3ccc(C(*)=O)cc3Oc3ccccc3)cc2)cc1,187.02388
*Oc1ccc(-c2ccc(Oc3ccc(C(=O)c4ccc(*)c(C(F)(F)F)c4)cc3C(=O)O)c(C(C)(C)C)c2)cc1,194.92899
*Oc1ccc(-c2ccc(Oc3ccc(C(=O)c4ccc(*)cc4)cc3)c(O)c2)cc1C,193.01047
*Oc1ccc(-c2ccc(Oc3ccc(C(=O)c4ccc(NC(=O)CCCCCCC(=O)Oc5ccc(C(*)=O)cc5)cc4)cc3)cc2)cc1,115.871
*Oc1ccc(-c2ccc(Oc3ccc(C(=O)c4cccc(*)c4)cc3)c(C)c2)cc1,192.96927
*Oc1ccc(-c2ccc(Oc3ccc(C(C)(c4ccccc4)c4cccc(C(F)(F)F)c4)c(C(=O)OC(=O)c4ccc(C(*)=O)cc4)c3)cc2)cc1,188.46352
*Oc1ccc(-c2ccc(Oc3ccc(NC(=O)c4ccc(*)cc4C(=O)O)cc3)cc2)cc1,232.34082
*Oc1ccc(-c2ccc(Oc3ccc(S(=O)(=O)c4ccc(Oc5ccc(*)cc5)cc4)cc3)cc2)cc1,201.76562
*Oc1ccc(-c2ccc(S(=O)(=O)c3ccc(Oc4ccc(*)cc4)cc3)cc2)cc1Br,206.62256
*Oc1ccc(-c2ccc(Sc3ccc(C(*)=O)cc3)cc2)cc1-c1ccccc1,197.05444
*Oc1ccc(-c2cccc(C(=O)c3ccc(Oc4ccc(S(=O)(=O)c5ccc(C(=O)c6ccc(*)cc6)cc5)cc4)cc3)c2)cc1,191.69736
*Oc1ccc(-c2cccc(OC(=O)CCCCCCCCCC(*)=O)c2)cc1,28.318619
*Oc1ccc(-c2ccccc2Oc2ccc(Oc3ccc(*)cc3)cc2)cc1,153.51894
*Oc1ccc(-c2sc(*)c(Br)c2C)cc1C,181.17343
*Oc1ccc(-n2on2-c2ccc(C(*)=O)cc2Sc2ccc(C(=O)OC(C)CC)cc2)cc1,168.69014
*Oc1ccc(-n2on2-c2ccc(OC(=O)c3ccc(C(C)(C)c4ccc(C(*)=O)cc4)cc3)cc2)cc1,166.29787
*Oc1ccc(-n2on2-c2ccc(OCCCCCCCCOC(=O)OCC(F)(F)C(F)(F)C(*)(F)F)cc2)cc1,42.257042
*Oc1ccc(-n2on2-c2ccc(Oc3ccc(C(=O)c4ccc(Oc5ccc(*)cc5)cc4)cc3)cc2)cc1,177.52435
*Oc1ccc(/C(=C(\C)CC)c2ccc(OC(=O)CCCCC(*)=O)cc2)cc1,98.91973
*Oc1ccc(/C(=N/c2ccc(/C=C/c3ccc(C(*)=O)cc3)cc2)c2ccccc2)cc1,222.97003
*Oc1ccc(/C(=N/c2ccc([N+](=O)[O-])cc2)c2ccc(Oc3ccc(C(C)(C)c4ccc(*)cc4)cc3)cc2)c(C(F)(F)F)c1,218.35188
*Oc1ccc(/C(=N\c2ccccc2)c2ccc(OCCCCCCOc3ccc(NC(=*)C)cc3)cc2)cc1,90.088776
*Oc1ccc(/C(C#N)=C(\C)c2ccc(OC(=O)c3ccc(C(*)=O)cc3)cc2)cc1,215.69489
*Oc1ccc(/C(C#N)=C/c2ccc(-c3ccc(-c4ccc(*)cc4)cc3)cc2)s1,201.45367
*Oc1ccc(/C(C#N)=C/c2ccc(Oc3ccc(*)cc3)cc2)cc1,199.5534
*Oc1ccc(/C(C)=C/C=C/c2ccc(*)cc2)cc1,164.7997
*Oc1ccc(/C(C)=C/C=C/c2ccc(OC(*)=S)cc2)cc1,139.41243
*Oc1ccc(/C(C)=C/c2cc(OC)c(*)cc2C)cc1,194.78882
*Oc1ccc(/C(C)=C/c2ccc(OC(=O)Nc3ccc(NC(*)=O)cc3)cc2)cc1,204.11903
*Oc1ccc(/C(C)=C/c2ccc(OC(=O)c3ccc(C(*)=O)cc3)cc2)cc1-c1ccc(C)cc1,218.77644
*Oc1ccc(/C(C)=C/c2ccc(OC(=O)c3ccccc3C(*)=O)cc2)cc1Cl,188.79318
*Oc1ccc(/C(C)=C/c2ccc(OCc3ccccc3Oc3ccc(NC(=O)c4cccc(C(*)=O)c4)cc3)cc2)cc1,209.23257
*Oc1ccc(/C(C)=C/c2ccc(Oc3cc(OCCCC)c(C(*)=O)cc3OCCCCCCCC)c(C)c2)cc1CCCCCCCCCCCC,96.72165
*Oc1ccc(/C(C)=C/c2ccc(Oc3ccc(-c4ccc(Oc5ccc(*)cc5)cc4)cc3)cc2)cc1,170.83572
*Oc1ccc(/C(C)=N/C(=Cc2ccccc2)c2ccc(*)cc2)cc1,152.5428
*Oc1ccc(/C(C)=N/C=C/c2ccc(/N=C(\C)c3ccc(OC(=O)c4ccc(C(*)=O)cc4)cc3)cc2)cc1,197.2553
*Oc1ccc(/C(C)=N/CCNC(=O)CCc2cccc(S(*)(=O)=O)c2)cc1,143.15388
*Oc1ccc(/C(C)=N/N=*)cc1Cl,131.89995
*Oc1ccc(/C(C)=N/N=C/c2ccc(OC(=O)CCCC(*)=O)cc2)cc1OC,109.38399
*Oc1ccc(/C(C)=N/[SH]=C/c2ccc(OC(=O)c3ccc(C(=O)Oc4ccc(S(*)(=O)=O)cc4)cc3)cc2)cc1,172.75984
*Oc1ccc(/C(C)=N/c2ccc(-c3ccc(*)c(C(=O)OC(=O)OCCCCCCCCCCCC)c3)cc2)cc1,71.83978
*Oc1ccc(/C(C)=N/c2ccc(/N=C/c3ccc(*)c(C(C)C)c3)cc2)cc1OC,213.28345
*Oc1ccc(/C(C)=N/c2ccc(C(=O)OCCCCCCOC(=O)c3ccc(*)cc3)cc2)cc1,80.130615
*Oc1ccc(/C(C)=N/c2ccc(OC(=O)CCCCCCC(*)=O)cc2)cc1,64.688484
*Oc1ccc(/C(C)=N/c2ccccc2C(*)=O)cc1,195.8681
*Oc1ccc(/C=C(\C)c2ccc(OC(=O)CC(*)=O)cc2C)c(SC)c1,144.9891
*Oc1ccc(/C=C(\C)c2ccc(S(=O)(=O)c3ccc(Cc4ccc(NC(*)=O)cc4)cc3)cc2)cc1,228.58568
*Oc1ccc(/C=C(\c2ccccc2)c2ccc(/C=N/CCN(C)C(=O)C(*)=O)cc2)cc1,174.5499
*Oc1ccc(/C=C/C(=O)CNc2ccc(OC(=O)CC(*)=O)cc2)cc1,106.85912
*Oc1ccc(/C=C/C(=O)c2ccc(C(=O)/C=C/C(=O)c3ccc(*)cc3)cc2)cc1,188.57059
*Oc1ccc(/C=C/C(=O)c2ccc(C(=O)OCCCCOC(=O)c3ccc(OC(=O)c4ccc(*)cc4)cc3)cc2)cc1,76.417946
*Oc1ccc(/C=C/C(=O)c2ccc(NC(=O)c3cccc(C(=O)Nc4ccc(*)cc4)c3)cc2)cc1,243.23264
*Oc1ccc(/C=C/C=C/C(=O)Nc2ccc(C)c(NC(=O)c3ccc(*)cc3)c2)cc1,254.1347
*Oc1ccc(/C=C/C=C/C=C(\c2ccccc2)c2ccc(OC(=O)CCCCCCCCCCCCC(*)=O)cc2)cc1,76.093925
*Oc1ccc(/C=C/C=C/C=C/c2ccc(OC(=O)c3cc(CCCCCCCCCC)cc(C(*)=O)c3)c(S)c2)cc1O,110.87897
*Oc1ccc(/C=C/C=C/c2ccc(C(C)(C)c3ccc(*)cc3)cc2)cc1,198.98212
*Oc1ccc(/C=C/C=C/c2ccc(OC(=O)CCCCCCC(=O)OCCCCCCCCCCOC(*)=O)cc2)cc1,25.57061
*Oc1ccc(/C=C/C=C/c2ccc(OC(=O)NCCCCCCCCCCNC(*)=O)c(OC)c2)cc1OC,83.78169
*Oc1ccc(/C=C/C=C/c2ccc(OC(=O)Nc3ccc(C#Cc4ccc(NC(*)=O)cc4)cc3)cc2)cc1,195.26642
*Oc1ccc(/C=C/C=C/c2ccc(OC(=O)c3ccc(C(*)=O)cc3)cc2)cc1C(C)C,189.48094
*Oc1ccc(/C=C/C=C/c2ccc(OC(=O)c3cccc(C(*)=O)c3)cc2)c(P(=O)(O)O)c1,160.15273
*Oc1ccc(/C=C/CC/C=C/c2ccc(/C=C/C(=O)c3ccc(C(=O)c4ccc(C(*)=O)cc4)cc3)cc2)cc1,203.15646
*Oc1ccc(/C=C/COC(=O)c2ccc(Oc3ccc(C(*)=O)cc3)cc2)cc1,168.2482
*Oc1ccc(/C=C/N=C/c2ccc(OC(=O)CCCCCCCCC(*)=O)c(-c3ccccc3)c2)cc1-c1ccccc1,72.930214
*Oc1ccc(/C=C/c2ccc(C(C)(C)c3ccc(*)cc3)cc2)cc1,204.98686
*Oc1ccc(/C=C/c2ccc(OC(=O)C#Cc3ccccc3C(*)=O)cc2)cc1,149.16763
*Oc1ccc(/C=C/c2ccc(OC(=O)C(C)C(*)=S)cc2)cc1,142.99709
*Oc1ccc(/C=C/c2ccc(OC(=O)Cc3ccc(C(*)=O)cc3)cc2)cc1,185.09486
*Oc1ccc(/C=C/c2ccc(OC(=O)c3ccc(C(*)=O)cc3)cc2)cc1C[N+](C)(C)C,190.422
*Oc1ccc(/C=C/c2ccc(OC(=O)c3ccccc3O*)cc2)cc1,160.08174
*Oc1ccc(/C=C/c2ccc(Oc3ccc(O*)c(-c4ccccc4)c3)cc2OCCCCCC)c(OC)c1,126.12912
*Oc1ccc(/C=C/c2ccc(S(=O)(=O)CN(*)C)cc2)cc1,183.17557
*Oc1ccc(/C=C2/CCCC(C(=O)c3ccc(OC(=O)CCCCCCCCC(*)=O)cc3)C2)cc1,71.90159
*Oc1ccc(/C=C2C=C/C(=C(\C)c3ccc(O*)cc3)CC/2)cc1,182.89287
*Oc1ccc(/C=C2\CC/C(=C\c3ccc(OC(=O)c4ccc(C(*)=O)cc4)cc3)C2=O)cc1,218.77692
*Oc1ccc(/C=C2\CC/C(=C\c3ccc(OC(=O)c4ccc(C(*)=O)cc4)cc3)C2=O)cc1C,217.95438
*Oc1ccc(/C=C2\CC/C(=N\CC=COCC(=*)CC)C2C(=O)OC(C)CCCCC(C)C)cc1,38.3835
*Oc1ccc(/C=C2\CCC/C(=C\c3ccc(OC(=O)CCC(*)=O)cc3)CC2C)cc1,138.83838
*Oc1ccc(/C=C2\CCC/C(=C\c3ccc(OC(=O)c4ccc(OC(=O)CCCCC(*)=O)cc4)cc3)C2=O)cc1,110.13624
*Oc1ccc(/C=C2\CCC/C(=C\c3ccc(OC(C#N)O*)cc3)C2=O)cc1,173.91661
*Oc1ccc(/C=C2\CCC/C(=C\c3ccc(OCCCCCCCCOC(=O)c4ccc(/N=N/c5ccc(C(*)=O)cc5)cc4)cc3)C2=O)cc1,128.16309
*Oc1ccc(/C=N/C=C/CCCCCCCCCCCCCC/C=C/c2ccc(/N=N/c3ccccc3)cc2)c(*)c1,99.9816
*Oc1ccc(/C=N/C=C/CCN=*)c(CCC)c1,96.889854
*Oc1ccc(/C=N/C=C/c2ccc(/C=C/c3cccc(C(*)=O)c3)cc2Cl)cc1,208.52751
*Oc1ccc(/C=N/C=C/c2ccc(/N=C/c3ccc(C(*)=O)cc3)c(C(CC)CC)c2)cc1,198.594
*Oc1ccc(/C=N/C=C/c2ccc(OC(=O)CCCCCCC(*)=O)cc2C)cc1,51.43313
*Oc1ccc(/C=N/C=C/c2ccc(OC(=O)c3ccc(C(*)=O)cc3)cc2)cc1SCCCCCCCCCCCC,103.75368
*Oc1ccc(/C=N/CC/C=C/C=C/c2ccc(OC(=O)CCCCCCCCCCCCC(*)=O)cc2)cc1,69.13533
*Oc1ccc(/C=N/CCC/C=C/c2ccc(/C=C/[Si](C)(C)c3ccc(NC(=N)c4ccc(*)cc4)cc3)cc2)cc1,137.52576
*Oc1ccc(/C=N/CCC/N=C(\[Si]c2ccccc2)c2ccc(OC(=O)Cc3ccc(C(*)=O)cc3)cc2)cc1,138.03773
*Oc1ccc(/C=N/CCC/N=N/c2ccc(S(*)(=O)=O)cc2)cc1,137.5742
*Oc1ccc(/C=N/CCCCCCCCCCCCC/C=C/c2ccccc2O)c(OC(=O)CCC(*)=O)c1,52.911903
*Oc1ccc(/C=N/CCCCCCNC(=O)c2ccc(/C=N/c3cccc(C(*)=O)c3)cc2)cc1,134.35223
*Oc1ccc(/C=N/CCCN(*)c2ccc(COCC)cc2)cc1,91.71466
*Oc1ccc(/C=N/CCCNc2ccc(NC(=O)c3cc(*)ccc3-c3ccccc3)cc2)cc1,135.3628
*Oc1ccc(/C=N/CCCOC(=O)c2ccc(C(*)=O)cc2)cc1C(=O)O,105.86488
*Oc1ccc(/C=N/CCNC(=O)CCCCCCC(=O)N[Si](C)(C)c2ccc(*)cc2)cc1,82.1136
*Oc1ccc(/C=N/N=C(\C#N)c2ccc(C(*)=S)cc2)cc1,172.64873
*Oc1ccc(/C=N/N=C(\c2ccccc2)c2ccc(Oc3ccc(C(=O)c4ccccc4C(=O)c4cccc(*)c4)cc3)cc2)cc1,177.90652
*Oc1ccc(/C=N/N=C/CCC(=O)Nc2ccc(OC(=O)CCCCCCCCCOC(*)=O)cc2)cc1,55.580124
*Oc1ccc(/C=N/NC(=O)c2ccc(OC(=O)CCCCCCCCCCCCCCCCC(*)=O)cc2)cc1,69.15022
*Oc1ccc(/C=N/[Si](*)(C)CCCCCCCC)cc1,6.5929413
*Oc1ccc(/C=N/c2ccc(-c3ccc(Oc4ccc(C(=O)c5ccc(*)cc5)cc4)cc3)c(C(=O)OCCCC)c2)cc1,143.98099
*Oc1ccc(/C=N/c2ccc(/C=C/c3ccc(SCc4ccccc4)cc3)cc2)cc1*,196.61746
*Oc1ccc(/C=N/c2ccc(/C=N/c3ccc(C(=O)c4ccc(*)cc4)cc3)cc2)c(C)c1,196.16812
*Oc1ccc(/C=N/c2ccc(/N=C(\C)c3ccc(OC(=O)Nc4ccc(Cc5ccc(NC(*)=O)cc5)cc4)cc3)cc2)cc1,186.71114
*Oc1ccc(/C=N/c2ccc(/N=C/c3ccc(OC(=O)c4ccc(C(*)=O)cc4)c(OCC)c3)cc2)cc1,192.39206
*Oc1ccc(/C=N/c2ccc(CC(=O)OC(=O)c3ccc(OC(=O)c4ccc(*)cc4)cc3)cc2)cc1,125.86125
*Oc1ccc(/C=N/c2ccc(N(c3ccc(/N=N/c4ccc(C(*)=O)cc4)cc3)c3ccc(OC)cc3)cc2)cc1,204.10861
*Oc1ccc(/C=N/c2ccc(OC(*)=O)c(-c3ccc(Cl)cc3)n2)cc1,122.97352
*Oc1ccc(/C=N/c2ccc(OC(=O)CCCCCCCCC(*)=O)cc2)cc1,44.82514
*Oc1ccc(/C=N/c2ccc(OC(=O)CCCCCCCCCCC(*)=O)c(OC)c2)cc1OC,62.632957
*Oc1ccc(/C=N/c2ccc(OC(=O)OCCCCCCCCCCCCC(*)=O)cc2)cc1,39.455666
*Oc1ccc(/C=N/c2ccc(OC(=O)OCCCCCOC(*)=O)cc2)cc1,36.19271
*Oc1ccc(/C=N/c2ccc(OC(=O)[Si](C)(C)O[Si](C)(C)O[Si](C)(C)O[Si](*)(C)C)cc2)cc1,55.00367
*Oc1ccc(/C=N/c2ccc(OCCCCCCCCCCCCOC(=O)c3ccc(C(*)=O)cc3)cc2)cc1,64.84531
*Oc1ccc(/C=N/c2ccc(OCCCCCOc3ccc(/C=C/c4ccc(OCCCCCCCCCCOc5cccc(*)c5)cc4)cc3)cc2)cc1,81.858
*Oc1ccc(/C=N/c2ccc(OCc3ccc(NC(=O)c4ccc(C(*)=O)cc4)cc3)cc2)cc1,194.2461
*Oc1ccc(/C=N/c2ccc(Oc3ccc(/C=N/CCCNP(=O)(O*)OCC)cc3)cc2)cc1,110.34009
*Oc1ccc(/C=N/c2ccc(Oc3ccc(Sc4ccc(*)cc4)cc3)c([N+](=O)[O-])c2)cc1,213.4032
*Oc1ccc(/N=C(\C)c2ccc([N+](=O)[O-])cc2)cc1*,204.47505
*Oc1ccc(/N=C/C=C/N=C(\Cc2ccc(OC)cc2)c2ccc(/C=N/c3ccc(/C=C/c4ccc(N=*)nc4)cc3)cc2)cc1,178.99292
*Oc1ccc(/N=C/C=C/c2ccc(OC(=O)c3ccc(C(*)=O)cc3C)cc2C)c(OC)c1,181.54344
*Oc1ccc(/N=C/C=C/c2ccc(Oc3ccc(C(=O)Nc4ccc(Cc5ccc(NC(=O)c6ccc(*)cc6)cc5)cc4)cc3)cc2)cc1,216.98904
*Oc1ccc(/N=C/C=N/N=C/c2ccc(OC(=O)c3ccc(C(*)=O)cc3)cc2)cc1-c1ccc(-c2ccc(OCC(CC)CCCCCCI)cc2)cc1,126.059235
*Oc1ccc(/N=C/CCC/N=C/c2ccc(OC(=O)CCCCCCCCCCCCCCCCCCC(*)=O)cc2)cc1,44.52401
*Oc1ccc(/N=C/[Si](C)(C)c2ccc(OCC(C)CC(C)(C)C)cc2)c(*)c1,76.41903
*Oc1ccc(/N=C/c2cc(*)c(CCCCCCCCCCC)cc2C)cc1C,59.825005
*Oc1ccc(/N=C/c2ccc(OC(=O)CCCCCCC(*)=O)c(C)c2)cc1CCCCCC,41.74057
*Oc1ccc(/N=C/c2ccc(OC(=O)CCS(*)(=O)=O)cc2)cc1,120.17374
*Oc1ccc(/N=C/c2ccc(OC(=O)CN(CCC)c3ccc([N+](C)(C)C(=O)OCCOC(=O)c4ccc(*)cc4)cc3)cc2)cc1,108.94534
*Oc1ccc(/N=C/c2ccc(OC(=O)Nc3ccc(Cc4ccc(NC(=O)c5ccc(*)cc5)cc4)cc3)cc2)cc1,166.25261
*Oc1ccc(/N=C/c2ccc(OC(=O)OCCCCCCOC(*)=O)cc2)cc1,34.822372
*Oc1ccc(/N=C/c2ccc(OC(=O)c3cc(C(=O)OCCCCCCCCCCCCCCOP(=O)(O*)OC)ccc3O)cc2)cc1,58.469635
*Oc1ccc(/N=C/c2ccc(OC(=O)c3ccc(CCCCCCCCCCC(*)=O)cc3)cc2)cc1,77.27188
*Oc1ccc(/N=C/c2ccc(OC)cc2)c(OC(=O)c2ccc([Si](*)(C)CC)cc2)c1,98.155045
*Oc1ccc(/N=C/c2ccc(OCC(*)=O)cc2)cc1OCCCCCCCCCCCCCCCC,69.14614
*Oc1ccc(/N=C/c2ccc(OCCCCCCCCCCCCCCCCCCCCCCOC(*)=O)cc2)cc1,34.90267
*Oc1ccc(/N=C/c2ccc(OCCOc3ccc(C(*)=O)cc3)c(C)c2)cc1OC,160.534
*Oc1ccc(/N=C/c2ccc(Oc3ccc(/N=C(\C)c4ccc(Oc5ccc(*)cc5)cc4)cc3)cc2)cc1,176.11935
*Oc1ccc(/N=C/c2ccc(Oc3ccc(C(=O)c4ccc(*)cc4)cc3)cc2)cc1C(=O)OC,167.27573
*Oc1ccc(/N=C/c2ccc(Sc3ccc(Cc4ccc(*)o4)cc3)cc2)cc1,149.58644
*Oc1ccc(/N=C/c2cccc(C(=O)/C=C/C(=O)/C=C/C(=O)Oc3cccc(*)c3)c2)cc1C,152.27899
*Oc1ccc(/N=N/c2ccc(C(*)=O)cc2)c(Oc2ccc(OCCC)cc2)c1,149.72939
*Oc1ccc(/N=N/c2ccc(NNC(=O)c3cccc(C(*)=O)c3)c(C(=O)O)c2)cc1OC(=O)c1ccc(OCC)cc1,173.21208
*Oc1ccc(/N=N/c2ccc(OC(=O)c3cc(C)c(S(*)=O)c(C)c3)cc2O)cc1OCCCC,161.64417
*Oc1ccc(/N=N/c2ccc(OCC(C)CCC(*)=O)cc2)cc1,74.18515
*Oc1ccc(/N=N/c2ccc(S(=O)(=O)c3ccc(/C=C/C(=O)c4ccc(C(=O)c5ccc(*)cc5)cc4)cc3)cc2)cc1,198.39824
*Oc1ccc(/N=N/c2ccc(S[Si](C)(C)OC(=O)CCCCC(*)=O)cc2)cc1,45.44957
*Oc1ccc(/[SH]=C/c2ccc(OC(=O)CCC(=O)Oc3ccc(C4(*)OC(=O)c5ccccc54)cc3)cc2)cc1,134.94878
*Oc1ccc(Br)c(-c2ccc(*)c(Cl)c2)c1,152.38617
*Oc1ccc(C#Cc2ccc(OC(=O)c3cc(C(O)=C=*)cc(C(C)(C)C)c3)cc2)cc1C(C)C,144.38612
*Oc1ccc(C(*)=O)c(Br)c1Cl,179.60284
*Oc1ccc(C(*)=O)c(C(C)C)c1O,151.54506
*Oc1ccc(C(*)=O)cc1OCCOCCOCCOCCOCCOCCCC,16.103455
*Oc1ccc(C(=C(C)C#N)c2ccc(OC(*)=O)c([N+](=O)[O-])c2)cc1C,115.28825
*Oc1ccc(C(=O)/C(C)=N/c2ccc(Oc3ccc(*)cc3)cc2)cc1,178.93161
*Oc1ccc(C(=O)/C=C/C(=O)Oc2ccc(-c3ccc(OC(=O)c4ccc(C(*)=O)cc4)c(C(=O)O)c3)cc2)cc1,181.38953
*Oc1ccc(C(=O)/C=C/C(=O)c2ccc(Oc3ccc(C(=O)c4ccc(*)cc4)cc3)cc2)c(-c2ccc(C(=O)Oc3ccccc3)cc2)c1,172.3313
*Oc1ccc(C(=O)/C=C/c2ccc(OC(=O)CCC(C)N(*)CC)cc2)cc1,92.37302
*Oc1ccc(C(=O)/C=C/c2ccc(OCC(O)CCCCCOC(*)=O)cc2)cc1,46.91288
*Oc1ccc(C(=O)/N=C/c2ccc(C(=O)NS(*)(=O)=O)cc2)cc1,188.13272
*Oc1ccc(C(=O)C(=O)Nc2ccc(Oc3ccc(C(C)(C)c4ccc(*)cc4)cc3)cc2)c(C)c1,187.77112
*Oc1ccc(C(=O)C(=O)Nc2ccc(S(=O)(=O)c3ccc(Oc4ccc(C(=O)c5ccc(*)cc5)cc4)cc3)cc2)cc1,203.78229
*Oc1ccc(C(=O)C(C)OC(=O)c2ccc(C(*)=O)cc2)cc1,121.9506
*Oc1ccc(C(=O)C(CC(=O)O)c2ccc(OC(=O)c3ccc(C(*)=O)cc3)cc2)cc1,135.58665
*Oc1ccc(C(=O)CCCCCCCCCCCCC(=O)c2ccc(OC(=O)c3ccc(OC(=O)c4ccc(*)nc4)cc3)cc2)cc1,57.3676
*Oc1ccc(C(=O)CCCCCCCCCCCCCCCCCCCCCCCCCCCCC(=O)c2ccc(*)cc2)cc1CC,32.92141
*Oc1ccc(C(=O)CN=CCc2cc(OC)c(S(*)(=O)=O)cc2OCCOC)cc1OC,88.84172
*Oc1ccc(C(=O)CNCC(=O)NCCN(CC)c2ccc(/N=C/c3ccc(*)cc3)cc2)cc1,142.64531
*Oc1ccc(C(=O)CNCC(=O)c2ccc(C(*)=O)c(OC)c2)cc1OC,131.8394
*Oc1ccc(C(=O)CNCCCCCCCCNC(=O)c2ccc(*)cc2)cc1,114.90439
*Oc1ccc(C(=O)CNc2ccc(NC(=O)CCCC(=O)Nc3ccc(C(=O)OC(=O)c4ccc(*)cc4)cc3)c([N+](=O)[O-])c2)cc1OCCCCCCCCC,90.2841
*Oc1ccc(C(=O)CNc2ccc(NC(=O)c3ccc(C(*)=O)cc3)cc2)cc1,217.57988
*Oc1ccc(C(=O)CNc2ccc(S(=O)(=O)c3ccc(Oc4ccc(/C=N/c5ccc(C(=O)c6ccc(*)cc6)cc5)cc4)cc3)cc2)cc1,194.7525
*Oc1ccc(C(=O)CNc2ccccc2C(=O)Oc2ccc(C(=O)c3ccc(*)cc3)cc2)cc1Br,159.08273
*Oc1ccc(C(=O)N(CC)c2ccc(NC(=O)c3ccc(OCCCC(CC)C(*)=O)cc3)cc2)cc1,138.76578
*Oc1ccc(C(=O)N2CCCCN(c3ccc(OC(=O)CCCC(*)=O)cc3)CC2)cc1,91.45796
*Oc1ccc(C(=O)N2CCN(CCCCc3ccc(NC(=O)c4ccc(*)cc4)cc3)c3ccccc3-c3ccccc32)cc1,195.5364
*Oc1ccc(C(=O)NC(=O)Nc2ccc(Cc3ccc(NC(=O)c4ccc(C(=O)Nc5ccc(*)cc5)cc4)cc3)cc2)cc1,223.57086
*Oc1ccc(C(=O)NC(=O)c2ccc(C(=O)Oc3ccc(*)cc3)cc2)cc1,162.58017
*Oc1ccc(C(=O)NCC(=O)c2ccc(OC(=O)COc3ccc(SC(*)=O)cc3)cc2)cc1,128.7172
*Oc1ccc(C(=O)NCCC/C=N/c2ccc(Cc3ccc(N(*)C)cc3)cc2)cc1,122.497665
*Oc1ccc(C(=O)NCCCCCCCC/N=C/c2ccc(OC(=O)c3ccc(*)cc3)cc2)cc1,91.941475
*Oc1ccc(C(=O)NCCCCCCCCCCNC(=O)c2ccc(OC(=O)c3ccccc3Sc3ccc(*)cc3)cc2)cc1,103.58827
*Oc1ccc(C(=O)NCCCCCCCNC(=O)c2ccc(C(=O)OCc3ccc(*)cc3)cc2)cc1,91.58954
*Oc1ccc(C(=O)NCCCCCNC(=S)c2ccc(O*)cc2)cc1,92.770386
*Oc1ccc(C(=O)NCCCNC(*)=O)cc1,116.44075
*Oc1ccc(C(=O)NCCCNC(=O)c2ccc(C(=O)OCCCCCCCCOC(=O)c3ccc(OC(=O)c4ccc(C(*)=O)cc4)cc3)c(C(=O)O)c2)cc1,67.69921
*Oc1ccc(C(=O)NCCCNCCNC(*)=O)cc1,80.570206
*Oc1ccc(C(=O)NCCCOCCCCCCNC(*)=O)cc1,54.642532
*Oc1ccc(C(=O)NCCSCCNC(=O)c2ccc(O*)cc2)cc1,73.823364
*Oc1ccc(C(=O)NNC(=O)c2ccc(C(=O)NNC(*)=S)cc2)cc1,214.42795
*Oc1ccc(C(=O)NNC(=O)c2ccc(C(=O)Nc3ccc(SCCCCCOc4ccc(C(*)=O)cc4)cc3)cc2)cc1,136.96286
*Oc1ccc(C(=O)NNC(=O)c2ccc(C(=O)Oc3ccc(C(*)=O)cc3)cc2)cc1Br,212.65823
*Oc1ccc(C(=O)NNC(=O)c2ccc(NC(=O)c3ccc(S(=O)(=O)c4ccc(*)cc4)cc3)cc2)cc1,249.73996
*Oc1ccc(C(=O)NNC(=O)c2ccc(OC(=O)COCC(=O)OC)cc2)c(*)c1,106.09239
*Oc1ccc(C(=O)NNC(=O)c2ccc(OC(=O)c3ccc(C(=O)c4ccc(*)cc4)cc3)cc2)cc1,197.45918
*Oc1ccc(C(=O)NNC(=O)c2ccc(Oc3ccc(C(=O)c4ccc(Oc5ccc(*)cc5N)cc4)cc3)cc2)cc1,181.91356
*Oc1ccc(C(=O)Nc2ccc(-c3ccc(C(=O)c4ccc(*)cc4)cc3)cc2)c(-c2ccccc2)c1,196.93668
*Oc1ccc(C(=O)Nc2ccc(-c3ccc(S(=O)(=O)c4ccc(OCCCCC(*)=O)cc4)cc3)cc2)cc1,148.15607
*Oc1ccc(C(=O)Nc2ccc(C(=O)Nc3ccc(-c4ccc(-c5ccc(C(=O)c6ccc(*)cc6)cc5)cc4)cc3)cc2)cc1,233.96472
*Oc1ccc(C(=O)Nc2ccc(C(=O)c3ccc(C(=O)Nc4ccc(*)cc4)cc3)c(C(=O)O)c2)cc1C(=O)OCC(C)C,191.58435
*Oc1ccc(C(=O)Nc2ccc(Cc3ccc(NC(=O)c4ccc(*)cc4)c(C)c3)cc2OC)c(OC)c1,226.24832
*Oc1ccc(C(=O)Nc2ccc(NC(=O)C(=O)Nc3ccc(*)cc3)cc2)c(C(C)(C)C)c1,247.99121
*Oc1ccc(C(=O)Nc2ccc(NC(=O)CCCCC(=O)Nc3ccc(C(=O)Nc4ccc(*)cc4)cc3)cc2)cc1,203.37807
*Oc1ccc(C(=O)Nc2ccc(NC(=O)c3ccc(*)cc3)cc2)cc1C,238.30704
*Oc1ccc(C(=O)Nc2ccc(NC(=O)c3ccc(*)cc3OC)c(C)c2)cc1C,241.98596
*Oc1ccc(C(=O)Nc2ccc(NC(=O)c3ccc(C(=O)c4ccc(*)cc4)cc3)c(-c3ccccc3)c2-c2ccc(C#N)cc2)cc1,218.10849
*Oc1ccc(C(=O)Nc2ccc(NC(=O)c3cccc(C(=O)Nc4ccc(*)cc4)c3)cc2S(=O)(=O)c2ccc(OC(C)=O)cc2)cc1,223.88666
*Oc1ccc(C(=O)Nc2ccc(NC(=O)c3cccc(C(=O)Oc4ccc(*)cc4)c3)cc2)cc1,186.87584
*Oc1ccc(C(=O)Nc2ccc(Oc3ccc(-c4ccc(*)cc4)cc3)cc2)cc1C,195.1408
*Oc1ccc(C(=O)Nc2ccc(Oc3ccc(C(=O)c4ccc(*)cc4)cc3)cc2)cc1,192.40623
*Oc1ccc(C(=O)Nc2ccc(Oc3ccc(C(=O)c4ccc(*)cc4)cc3)cc2)cc1COc1ccccc1C,170.48357
*Oc1ccc(C(=O)Nc2ccc(Oc3ccc(C(C)(C)c4ccc(OC(=O)c5ccc(C(=O)Nc6ccc(*)cc6)cc5)cc4)cc3)cc2)cc1,189.65251
*Oc1ccc(C(=O)Nc2ccc(Oc3ccc(NC(=O)c4ccc(Cc5ccc(C(*)=O)cc5)cc4)cc3)c(C(C)(C)C)c2)cc1C,214.00543
*Oc1ccc(C(=O)Nc2ccc(Oc3ccc(NC(=O)c4ccc(Oc5ccc(NC(=O)c6ccc(*)cc6)cc5)cc4)cc3)cc2)cc1,178.59459
*Oc1ccc(C(=O)Nc2ccc(S(=O)(=O)Nc3ccc(*)cc3)c(C)c2)cc1C,262.75955
*Oc1ccc(C(=O)Nc2ccc(S(=O)(=O)c3ccc(-c4ccc(C(=O)Nc5ccc(*)cc5)cc4)cc3)cc2)cc1,266.99298
*Oc1ccc(C(=O)Nc2ccc(S(=O)(=O)c3ccc(NC(=O)c4ccc(C(=O)Nc5ccc(C(=O)c6ccc(*)cc6)cc5)cc4)cc3)cc2)cc1,249.49892
*Oc1ccc(C(=O)Nc2ccc(S(=O)(=O)c3ccc(Oc4ccc(C(=O)c5ccc(*)cc5)cc4)c(C)c3)cc2C)cc1CCCC(CCl)CCCCCC,113.70519
*Oc1ccc(C(=O)Nc2ccc(S(=O)(=O)c3ccc(Oc4ccc(C(C)(C)c5ccc(*)cc5)cc4)cc3)cc2)c(O)c1,196.9717
*Oc1ccc(C(=O)Nc2ccc(S(=O)(=O)c3ccc(Oc4ccc(NC(=O)c5ccc(*)cc5)cc4)cc3)cc2)cc1,224.51573
*Oc1ccc(C(=O)Nc2ccc(S(=O)(=O)c3ccc(S(=O)(=O)c4ccc(C(C)(C)c5ccc(*)cc5)cc4)cc3)cc2)cc1,226.85742
*Oc1ccc(C(=O)Nc2ccccc2-c2ccc(*)cc2)c(C(F)(F)F)c1,189.53082
*Oc1ccc(C(=O)OC(=O)CCCCCCCC(=O)OCCCCCCOc2ccc(C(*)=O)cc2)cc1,20.671188
*Oc1ccc(C(=O)OC(=O)c2ccc(C(=O)Nc3ccc(*)cc3)cc2)cc1C(F)(F)F,201.07285
*Oc1ccc(C(=O)OC(=O)c2ccc(OCCCCCCCc3cccc(OC(*)=O)c3)cc2)cc1,57.78813
*Oc1ccc(C(=O)OC(=O)c2ccc(Oc3ccc(C(*)=O)cc3)cc2C(=O)O)cc1,151.45802
*Oc1ccc(C(=O)OC(=O)c2ccc(Oc3ccc(C(C)(C)c4ccc(*)cc4)cc3)cc2)cc1OC(=O)c1ccc(OC(=O)c2ccc(OC)cc2)cc1,114.286575
*Oc1ccc(C(=O)OC(C)CCOC(*)=O)cc1,22.643898
*Oc1ccc(C(=O)OCC(=O)/N=C/c2ccc(*)cc2)cc1,103.724884
*Oc1ccc(C(=O)OCC(C)O*)c(C(=O)OCCCCCCCCCCOc2ccc(-c3ccc(C(=O)Oc4ccc(OCC)cc4)cc3)cc2)c1,53.026154
*Oc1ccc(C(=O)OCCCCC(F)(F)C(*)(F)F)c(F)c1F,1.1818085
*Oc1ccc(C(=O)OCCCCCCCCCCCCCCCCCCCCCCNC(=O)c2ccc(C(*)=O)cc2)cc1,62.998238
*Oc1ccc(C(=O)OCCCCCCCCCCCCCCCCCCCOC(=O)c2ccc(*)cc2)cc1,26.262619
*Oc1ccc(C(=O)OCCCCCCCCCCCCCCCCCCOC(=O)c2ccc(OC(=O)CC(CSC)=C(C)CCC(*)=O)cc2)cc1,2.473877
*Oc1ccc(C(=O)OCCCCCCCCCCCOC(=O)c2ccc(*)c(C(=O)OC)c2)cc1C(C)(C)C,42.480263
*Oc1ccc(C(=O)OCCCCCCCCCCOC(=O)c2ccc(OCCOCCOCCOCCOP(=O)(O*)OCC)cc2)cc1,17.855606
*Oc1ccc(C(=O)OCCCCCCCCCCOC(=O)c2ccc(OCCOP(=O)(O*)OC(C)C)cc2)cc1,24.485588
*Oc1ccc(C(=O)OCCCCCCCCCOC(=O)c2ccc(OC(=O)c3ccc(*)cc3)cc2)cc1,38.061462
*Oc1ccc(C(=O)OCCCCCCCCOC(=O)c2ccc(C(=O)Oc3ccc(OC(=O)CCCCCCCC(*)=O)cc3)cc2)cc1,23.103416
*Oc1ccc(C(=O)OCCCCCCCCOC(=O)c2ccc(OC(=O)C(*)=S)cc2)cc1,20.709778
*Oc1ccc(C(=O)OCCCCCCCCOc2ccc(/C=C/C(=O)Nc3ccc(*)cc3)cc2)cc1,113.08644
*Oc1ccc(C(=O)OCCCCCCCOC(=O)c2ccc(OC(*)=O)c(C)c2)cc1,14.59906
*Oc1ccc(C(=O)OCCCCCCCOC(=O)c2ccc(OCCCCc3ccccc3OC(C)CCCCC)cc2)cc1*,39.014557
*Oc1ccc(C(=O)OCCCCCCNC(=O)c2ccc(-c3ccc(*)cc3)cc2)cc1,60.9942
*Oc1ccc(C(=O)OCCCCCCOC(=O)c2ccc(OC(=O)c3ccc(*)cc3)cc2)cc1,32.680916
*Oc1ccc(C(=O)OCCCCCCOC(=O)c2ccc(OC(=O)c3ccc(C(*)=O)cc3Oc3ccc(Cl)cc3)cc2)cc1,75.18538
*Oc1ccc(C(=O)OCCCCCCOC(=O)c2ccc(Oc3ccc([Si](C)(C)c4ccc(*)cc4)cc3)cc2)cc1,49.544846
*Oc1ccc(C(=O)OCCCCCCOc2ccc(NC(=O)c3cccc(*)c3)cc2)cc1,53.86448
*Oc1ccc(C(=O)OCCCCOC(=O)c2ccc(/C=C/c3ccc(N(*)CC)cc3)cc2)cc1,106.07277
*Oc1ccc(C(=O)OCCCCOC(=O)c2ccc(OC(=O)c3ccccc3OC(=O)c3cccc(C(=O)OC(=O)c4ccc(O*)cc4)c3)cc2Br)cc1,53.46746
*Oc1ccc(C(=O)OCCCCOCCCCOC(=O)c2ccc(OC(=O)c3ccc(/C=C/c4ccc(OC(=O)CC(C)CCOC(*)=O)cc4)cc3)cc2)cc1,31.59948
*Oc1ccc(C(=O)OCCCCOCCCCOCCCCOCCCCCCCCCCCCOc2ccc(/C=C/c3ccc(OC(=O)CCCCCCCCC(*)=O)cc3)cc2)cc1,33.48655
*Oc1ccc(C(=O)OCCCCOCCOCCOCCOCCOC(=O)c2ccccc2)c(C(*)=O)c1,11.544373
*Oc1ccc(C(=O)OCCCN(CCO)c2ccc(C(C)(C)c3ccc(OC=COCCOC(=O)c4ccc(C(*)=O)cc4)cc3)cc2)cc1,61.838158
*Oc1ccc(C(=O)OCCN(C)c2ccc(OC(=O)CCCCC(*)=O)cc2)cc1,13.124725
*Oc1ccc(C(=O)OCCN(CCOC(*)=O)c2ccc(OCc3ccccc3)cc2)cc1,56.770523
*Oc1ccc(C(=O)OCCN(CCOC(=O)c2ccc(O*)cc2)c2ccccc2)cc1,45.688644
*Oc1ccc(C(=O)OCCNCC(N)C(=O)Oc2ccc(*)cc2)cc1,36.378532
*Oc1ccc(C(=O)OCCOC(*)=O)cc1OCCCCCC,6.9982452
*Oc1ccc(C(=O)OCCOC(=O)c2ccc(OC(=O)CCCCCOc3ccc(S(=O)(=O)c4ccc(OC(=O)c5ccccc5O*)cc4)cc3)cc2)cc1,63.351936
*Oc1ccc(C(=O)OCCSCCCCCCCCCCCOC(=O)Nc2ccc(*)cc2)cc1,43.907066
*Oc1ccc(C(=O)ONC(=O)c2ccc(C(*)=O)cc2)cc1C(=O)OCCCCCCCCCCCC,57.02487
*Oc1ccc(C(=O)Oc2ccc(-c3ccc(OC(=O)COCc4cc(*)cc(C(C)(C)C)c4)cc3)cc2)cc1,104.07852
*Oc1ccc(C(=O)Oc2ccc(-c3ccc(OC(=O)c4ccc(C(=O)Oc5ccc(C(=O)c6ccc(*)cc6)cc5)cc4)cc3)cc2)c(C(=O)O)c1,141.60425
*Oc1ccc(C(=O)Oc2ccc(-c3ccc(S(=O)(=O)c4ccc(Oc5ccc(NC(=O)c6ccc(*)cc6)cc5)cc4)cc3)c(C(=O)O)c2)cc1C,193.28082
*Oc1ccc(C(=O)Oc2ccc(/N=C(\c3ccccc3)c3ccc(OC(=O)c4ccc(C(*)=O)cc4)cc3)cc2)cc1,159.42838
*Oc1ccc(C(=O)Oc2ccc(/N=C/c3ccc(Oc4ccc(NC(=O)c5ccc(*)cc5)cc4)cc3)cc2)cc1,177.80069
*Oc1ccc(C(=O)Oc2ccc(C(=O)Nc3ccc(C(=O)OCCN(C)c4ccc(C=*)cc4)cc3)c(OC)c2)cc1,100.97142
*Oc1ccc(C(=O)Oc2ccc(C(c3ccccc3)c3ccc(*)cc3)cc2)cc1,164.07732
*Oc1ccc(C(=O)Oc2ccc(OC(=O)Oc3ccc(OC(C)=O)cc3)cc2)c(*)c1,80.480606
*Oc1ccc(C(=O)Oc2ccc(OC(=O)c3ccc(-c4ccc(OC(=O)c5ccc(C(C)(C)c6ccc(O*)cc6)cc5)cc4)cc3)cc2)cc1,121.75911
*Oc1ccc(C(=O)Oc2ccc(OC(=O)c3ccc(C(=O)Nc4ccc(*)cc4)cc3)cc2C)c(Cl)c1,181.2273
*Oc1ccc(C(=O)Oc2ccc(OC(=O)c3ccc(OC(=O)c4ccc(*)c(C(=O)O)c4)cc3OCC[N+](C)C)cc2)cc1,124.76503
*Oc1ccc(C(=O)Oc2ccc(OC(=O)c3ccc(OCCCCCCOC(*)=O)cc3)cc2)cc1,56.04592
*Oc1ccc(C(=O)Oc2ccc(OC(=O)c3ccc(Oc4ccc(C(=O)Oc5ccc(*)cc5)cc4)cc3)cc2)cc1,107.9851
*Oc1ccc(C(=O)Oc2ccc(Oc3ccc(NC(=O)c4cccc(C(=O)c5ccc(*)cc5)c4)cc3)cc2)cc1C(C)(C)C,145.45514
*Oc1ccc(C(=O)Oc2ccc(S(=O)(=O)c3ccc(*)cc3)cc2)cc1-c1ccccc1,164.47978
*Oc1ccc(C(=O)Oc2cccc(Oc3ccc(C(C)(C)c4ccc(*)cc4)cc3)c2)cc1,156.40054
*Oc1ccc(C(=O)Sc2ccc(-c3ccc(C(=O)c4ccc(*)cc4)cc3)c(F)c2F)cc1,189.50034
*Oc1ccc(C(=O)c2cc(OCCCCCCCC)c(C(*)=O)cc2OCCCCCCCC)cc1,41.29712
*Oc1ccc(C(=O)c2ccc(-c3cc(Br)c(O*)c(OC)c3)c(F)c2F)cc1C,151.55988
*Oc1ccc(C(=O)c2ccc(-c3ccc(C(=O)Cc4ccc(C(*)=O)cc4)cc3)cc2)cc1,191.41335
*Oc1ccc(C(=O)c2ccc(-c3ccc(C(=O)c4ccc(*)cc4)cc3)cc2C(=O)O)c(F)c1Cl,184.11719
*Oc1ccc(C(=O)c2ccc(-c3ccc(CC(*)=O)c(OCCCCCCCC)c3)cc2C)c(OCCCCCCCCCCCCCC)c1,34.461617
*Oc1ccc(C(=O)c2ccc(-n3c(=O)c4cc5c(=O)n(*)c(=O)c5cc4c3=O)c(Cl)c2)cc1F,334.169
*Oc1ccc(C(=O)c2ccc(/C=C/c3ccc(*)cc3)cc2)cc1,180.76454
*Oc1ccc(C(=O)c2ccc(/N=C/c3ccc(OC(=O)c4ccc(C(*)=O)cc4)cc3)cc2)cc1,192.43158
*Oc1ccc(C(=O)c2ccc(C(=O)COc3ccc(C(C)(CC)c4ccc(*)c(C(C)C)c4)cc3)cc2OC)cc1,146.99287
*Oc1ccc(C(=O)c2ccc(C(=O)Nc3ccc(COC(*)=N)cc3)cc2)cc1,127.007355
*Oc1ccc(C(=O)c2ccc(C(=O)c3ccc(C(=O)c4ccc(Oc5ccc(C(=O)c6cccc(*)c6)cc5)cc4)cc3)cc2)cc1,184.6711
*Oc1ccc(C(=O)c2ccc(C(=O)c3ccc(S(=O)(=O)c4ccc(S(=O)(=O)c5ccc(*)cc5)cc4)cc3)cc2)cc1,248.95676
*Oc1ccc(C(=O)c2ccc(NC(=O)c3ccc(C(=O)Oc4ccc(C(C)(C)c5ccc(*)cc5)c(C)c4)cc3Br)c(OC)c2)c(O)c1,208.39565
*Oc1ccc(C(=O)c2ccc(NC(=O)c3ccc(C(=O)c4ccc(C(=O)c5ccc(*)cc5)cc4)cc3)cc2)cc1C(=O)OCCCCCCCCCCCCCCC,83.63924
*Oc1ccc(C(=O)c2ccc(NC(=O)c3ccc4c(c3)C(=O)N(*)C4=O)cc2C(=O)O)cc1,252.44427
*Oc1ccc(C(=O)c2ccc(Nc3ccc(C(=O)c4ccc(*)nc4)cc3C(=O)Nc3ccccc3)cc2)cc1,215.99382
*Oc1ccc(C(=O)c2ccc(OC(=O)c3cc(C(=O)O)c(*)cc3C)cc2)cc1C,176.04224
*Oc1ccc(C(=O)c2ccc(OC(=O)c3ccc(*)c(F)c3)cc2)c(C(=O)Oc2ccccc2)c1,139.91594
*Oc1ccc(C(=O)c2ccc(OC(=O)c3ccc(*)cc3)cc2)cc1S(=O)(=O)Oc1ccc(/N=N/c2ccc(C#N)cc2)cc1,172.30357
*Oc1ccc(C(=O)c2ccc(OC(=O)c3ccc(OC(=O)c4cc(C(*)=O)cc(C(C)(C)C)c4)cc3)cc2)cc1,176.54187
*Oc1ccc(C(=O)c2ccc(OC(=O)c3cccc(C(*)=O)c3)cc2)cc1C(C)(C)C,176.57928
*Oc1ccc(C(=O)c2ccc(OC(=O)c3ccccc3Oc3ccc(*)cc3)cc2)c(C)c1,179.17734
*Oc1ccc(C(=O)c2ccc(Oc3ccc(C(*)=O)cc3)cc2)cc1C(=O)O,172.25264
*Oc1ccc(C(=O)c2ccc(Oc3ccc(C(=O)CNc4ccc(*)cc4)cc3)cc2)cc1,175.06079
*Oc1ccc(C(=O)c2ccc(Oc3ccc(C(=O)Nc4ccc(Oc5ccc(NC(=O)c6ccc(*)c(C)c6)cc5C)cc4)cc3)cc2)cc1,205.67738
*Oc1ccc(C(=O)c2ccc(Oc3ccc(C(=O)c4ccc(*)c(C)c4)cc3-c3ccccc3)cc2)cc1,197.20108
*Oc1ccc(C(=O)c2ccc(Oc3ccc(C(=O)c4ccc(*)c(Cl)c4)cc3C(F)(F)F)cc2)cc1F,190.5019
*Oc1ccc(C(=O)c2ccc(Oc3ccc(C(=O)c4ccc(*)cc4)cc3)c(Br)c2)cc1-c1cccc(-c2ccccc2)c1,187.05319
*Oc1ccc(C(=O)c2ccc(Oc3ccc(C(=O)c4ccc(Oc5ccc(C(=O)c6ccc(*)cc6)cc5)cc4)cc3)cc2)cc1,181.29921
*Oc1ccc(C(=O)c2ccc(Oc3ccc(C(C)(C)c4ccc(*)c(C(C)(C)C)c4)cc3CCCCCC)cc2)cc1,132.55371
*Oc1ccc(C(=O)c2ccc(Oc3ccc(C(C)(C)c4ccc(*)cc4)cc3)cc2C)c(O)c1,175.68019
*Oc1ccc(C(=O)c2ccc(Oc3ccc(Oc4ccc(NC(=O)c5ccc(C(*)=O)cc5)cc4)cc3)cc2)cc1,219.9816
*Oc1ccc(C(=O)c2ccc(P(=O)(c3ccccc3)c3ccc(*)cc3)cc2)cc1,192.59857
*Oc1ccc(C(=O)c2ccc(S(=O)(=O)c3ccc(*)c(N)c3)cc2)cc1,188.58301
*Oc1ccc(C(=O)c2ccc(S(=O)(=O)c3ccc(OCCOCCOCCOCCOCCOCCOC(=O)c4ccc(/C=C/c5ccc(*)cc5)cc4)cc3)cc2)cc1,98.196846
*Oc1ccc(C(=O)c2ccc(S(=O)(=O)c3ccc(SSC(=O)c4ccc(*)cc4)cc3)cc2)cc1,191.62646
*Oc1ccc(C(=O)c2ccc([N+](=O)[O-])cc2)cc1C(*)=O,184.89398
*Oc1ccc(C(=O)c2cccc(NC(=O)c3ccc(Oc4ccc(C(C)(C)c5ccc(*)cc5)cc4)cc3)c2)cc1,191.27426
*Oc1ccc(C(=O)c2cccc(Oc3ccc(C(=O)c4ccc(-c5ccc(NC(=O)c6ccc(*)cc6)cc5)cc4)cc3)c2)cc1,199.56552
*Oc1ccc(C(=O)c2ccccc2C(=O)c2cccc(Oc3ccc(C(c4ccc(*)cc4)(C(F)(F)F)C(F)(F)F)cc3)c2)cc1,180.77533
*Oc1ccc(C(=O)c2cccnc2)c(NC(=O)CCCCCS(*)(=O)=O)c1,88.6669
*Oc1ccc(C(C#Cc2ccc(OC(=O)OCCCCOC(*)=O)cc2)C(=O)OC#N)cc1,27.13124
*Oc1ccc(C(C#N)(C(F)(F)F)C(F)(F)C(F)(F)C(F)(F)F)cc1*,92.81688
*Oc1ccc(C(C#N)=Nc2ccc(OC(=O)c3ccc(C(*)=O)cc3)cc2)c(Br)c1,172.04338
*Oc1ccc(C(C(=O)O)c2ccc(OC(=O)OCCN(C)C(*)=O)cc2)cc1,72.905655
*Oc1ccc(C(C(=O)O)c2ccc(OC(=O)c3ccc(C(=O)Nc4ccc(*)cc4)cc3)cc2)cc1,207.91171
*Oc1ccc(C(C(=O)OC(C)=O)c2ccc(OC(=O)c3ccc(C(*)=O)c(C)c3)cc2)cc1,164.07153
*Oc1ccc(C(C(=O)OC(C)CC)c2ccc(OC(*)=O)cc2)c(OCCCCCCCCCCCCCC)c1,36.63764
*Oc1ccc(C(C(=O)OCC)c2ccc(N(CC)C(=O)Nc3ccc(C(*)=O)cc3)cc2)cc1,205.64764
*Oc1ccc(C(C(=O)OCCCCC)c2ccc(OC(=O)CCC(*)=O)cc2)cc1,62.23089
*Oc1ccc(C(C(=O)OCc2ccc(OC(=O)c3ccc(C(*)=O)cc3)cc2)c2ccccc2)cc1,165.32909
*Oc1ccc(C(C(=O)c2ccc(OC(F)(C(*)(F)F)C(F)(F)F)cc2)c2ccccc2)cc1,110.678925
*Oc1ccc(C(C)(C)C)cc1C(*)=O,169.79715
*Oc1ccc(C(C)(C)c2ccc(*)c(OCC(C)(C)CC)c2)cc1OC,118.87086
*Oc1ccc(C(C)(C)c2ccc(C(=O)Oc3ccccc3NC(=O)CCCCC(=O)Nc3ccc(*)cc3)cc2)cc1,134.18192
*Oc1ccc(C(C)(C)c2ccc(C(C)(C)c3ccc(Oc4ccc(/C=N/c5ccc(*)cc5)cc4)cc3)cc2)cc1,183.94327
*Oc1ccc(C(C)(C)c2ccc(N(c3ccccc3)c3ccc(*)cc3)c(C(C)C)c2)cc1,206.88751
*Oc1ccc(C(C)(C)c2ccc(NC(=O)c3ccc(C(*)=O)cc3)cc2)cc1,238.19293
*Oc1ccc(C(C)(C)c2ccc(OC(*)=C(CC)COCC(=O)Oc3ccc(C(C)(C)C)cc3)cc2)cc1,90.96788
*Oc1ccc(C(C)(C)c2ccc(OC(*)=O)c(C(=S)OCCCCCCCCCCC)c2)cc1CCC,36.67755
*Oc1ccc(C(C)(C)c2ccc(OC(*)=O)c(C([2H])=O)c2)cc1C(=O)OCC,114.27242
*Oc1ccc(C(C)(C)c2ccc(OC(*)=O)c(Cl)c2Br)cc1OC,134.16545
*Oc1ccc(C(C)(C)c2ccc(OC(*)=O)c(F)c2F)cc1Br,112.56614
*Oc1ccc(C(C)(C)c2ccc(OC(*)=O)cc2)c(N)c1,120.69535
*Oc1ccc(C(C)(C)c2ccc(OC(*)=O)cc2CC)cc1,127.18922
*Oc1ccc(C(C)(C)c2ccc(OC(*)=O)cc2OC)cc1C,131.70148
*Oc1ccc(C(C)(C)c2ccc(OC(*)=S)cc2)cc1C(C)(C)C,126.11385
*Oc1ccc(C(C)(C)c2ccc(OC(=O)/C=C/C(=O)Nc3ccc(C(=O)Oc4ccc(Oc5ccc(C(*)=O)cc5)cc4)cc3)cc2)cc1,170.14189
*Oc1ccc(C(C)(C)c2ccc(OC(=O)CCC(*)=O)c(C)c2)cc1C,109.04514
*Oc1ccc(C(C)(C)c2ccc(OC(=O)CCC(*)=O)c(CC)c2)cc1OCCCCCCCC,44.33516
*Oc1ccc(C(C)(C)c2ccc(OC(=O)CCCCC(*)=O)c(OC)c2)cc1,52.98271
*Oc1ccc(C(C)(C)c2ccc(OC(=O)CCCCCCC(*)=O)c(O)c2)cc1OC,38.340416
*Oc1ccc(C(C)(C)c2ccc(OC(=O)CCCCCCCC(*)=O)cc2OC)cc1,47.979523
*Oc1ccc(C(C)(C)c2ccc(OC(=O)CCCCCCCCCC(=O)OCCCCCCOC(=O)Nc3ccc(*)cc3)cc2)cc1,39.377075
*Oc1ccc(C(C)(C)c2ccc(OC(=O)CCCCCCCCCCC(*)=O)cc2OCCCCCCCCCC)cc1,20.321648
*Oc1ccc(C(C)(C)c2ccc(OC(=O)CCCCOC(*)=O)cc2)cc1,28.32515
*Oc1ccc(C(C)(C)c2ccc(OC(=O)COCCCC(*)=O)cc2)cc1,52.19845
*Oc1ccc(C(C)(C)c2ccc(OC(=O)CSCC(*)=O)cc2)cc1Oc1ccccc1,108.25186
*Oc1ccc(C(C)(C)c2ccc(OC(=O)NC(=O)Oc3ccc(/N=C/C(=O)Nc4ccccc4Oc4ccc(C(*)=O)cc4)cc3)cc2)cc1,165.40521
*Oc1ccc(C(C)(C)c2ccc(OC(=O)Nc3ccc(Cc4ccc(NC(*)=O)cc4)c(C)c3)cc2Br)cc1,189.6266
*Oc1ccc(C(C)(C)c2ccc(OC(=O)Nc3cccc(C(*)=O)c3)c(OC)c2)cc1Cl,167.5852
*Oc1ccc(C(C)(C)c2ccc(OC(=O)OC(=O)c3ccccc3C(=O)OCCCCCCCCCCOc3ccc(OC(=O)c4cccc(C(*)=O)c4)cc3)cc2)cc1,45.30696
*Oc1ccc(C(C)(C)c2ccc(OC(=O)OCCCCCCNC(*)=O)cc2)cc1C,39.772743
*Oc1ccc(C(C)(C)c2ccc(OC(=O)Oc3ccc(C(*)=O)cc3)cc2)c(NC(=O)c2ccc(OCCCC)cc2)c1,105.63012
*Oc1ccc(C(C)(C)c2ccc(OC(=O)Oc3ccc(C(*)=O)cc3)cc2)cc1OCCCCCCCCCCCCCCCC,44.032784
*Oc1ccc(C(C)(C)c2ccc(OC(=O)c3cc(C(*)=O)cc(C(C)=O)c3)cc2)c(C)c1,207.81139
*Oc1ccc(C(C)(C)c2ccc(OC(=O)c3cc(C(=O)OCC)c(C(*)=O)cc3CCCCCCCC)cc2CCCCCCCC)cc1,71.09372
*Oc1ccc(C(C)(C)c2ccc(OC(=O)c3ccc(-c4ccc(C(*)=O)cc4)cc3)cc2)cc1C,185.97885
*Oc1ccc(C(C)(C)c2ccc(OC(=O)c3ccc(C(*)=O)cc3)c(C(=O)O)c2)cc1C,187.62239
*Oc1ccc(C(C)(C)c2ccc(OC(=O)c3ccc(C(*)=O)cc3)cc2)cc1-c1ccc(/N=N/c2ccc(F)cc2)cc1,189.12
*Oc1ccc(C(C)(C)c2ccc(OC(=O)c3ccc(C(*)=O)cc3)cc2)cc1C(=O)OCCCCCCCCCCCCCCCCCCCCCCCCCCC,66.949814
*Oc1ccc(C(C)(C)c2ccc(OC(=O)c3ccc(C(*)=O)cc3)cc2)cc1CO,178.73709
*Oc1ccc(C(C)(C)c2ccc(OC(=O)c3ccc(C(*)=O)cc3)cc2)cc1OC,185.7652
*Oc1ccc(C(C)(C)c2ccc(OC(=O)c3ccc(C(=O)Nc4ccc(*)cc4)cc3)cc2C(=O)O)cc1,206.03264
*Oc1ccc(C(C)(C)c2ccc(OC(=O)c3ccc(C(=O)Oc4ccc(C(C)(C)c5ccc(*)cc5)c(C)c4)cc3)cc2)cc1-c1ccccc1,177.897
*Oc1ccc(C(C)(C)c2ccc(OC(=O)c3ccc(C(=O)c4ccc(*)cc4)cc3)cc2)cc1C(=O)OO,142.14206
*Oc1ccc(C(C)(C)c2ccc(OC(=O)c3ccc(OCc4ccc(C(*)=O)cc4)cc3)cc2)c(OC)c1,154.14378
*Oc1ccc(C(C)(C)c2ccc(OC(=O)c3ccc(Oc4ccc(C(*)=O)cc4)cc3)cc2)cc1-c1cccc(C)c1,182.69913
*Oc1ccc(C(C)(C)c2ccc(OC(=O)c3ccc(Oc4ccc(NC(=O)c5cccc(C(=O)Nc6ccc(*)cc6)c5)cc4)cc3)cc2)cc1C(C)C,183.81546
*Oc1ccc(C(C)(C)c2ccc(OC(=O)c3cccc(C(*)=O)c3)c(OCCCCCCCCC)c2)cc1C,70.33425
*Oc1ccc(C(C)(C)c2ccc(OC(=O)c3cccc(C(*)=O)c3)cc2)c(O[Si](C)(C)C)c1,120.16497
*Oc1ccc(C(C)(C)c2ccc(OC(=O)c3cccc(C(=O)NC(*)=O)c3)cc2)cc1,172.72118
*Oc1ccc(C(C)(C)c2ccc(OC(=O)c3ccccc3/C=C/c3ccc(/C=C/c4ccc(C(*)=O)cc4)cc3)cc2)cc1,217.53625
*Oc1ccc(C(C)(C)c2ccc(OC(=O)c3ccccc3C(=O)Nc3ccc(Oc4ccc(CC(C)(C)c5ccc(*)cc5)cc4)cc3)cc2)cc1,154.73483
*Oc1ccc(C(C)(C)c2ccc(OCC(O)COc3ccc(C(C)(C)COc4ccc(*)cc4)cc3)cc2Cl)c(Br)c1,140.37408
*Oc1ccc(C(C)(C)c2ccc(OCCCCCCOc3ccc(C(C)(C)c4ccc(*)cc4)cc3)cc2)cc1Oc1nccc(/C=C/c2ccccc2)c1C,125.37569
*Oc1ccc(C(C)(C)c2ccc(OP(=O)(O*)c3ccc(OC)cc3)cc2)c(O)n1,94.62108
*Oc1ccc(C(C)(C)c2ccc(Oc3ccc(*)cc3)cc2)c(C(C)(C)C)c1,168.19467
*Oc1ccc(C(C)(C)c2ccc(Oc3ccc(/C(C)=N/c4ccc([N+](=O)[O-])cc4)cc3)cc2C(*)=O)cc1,236.43715
*Oc1ccc(C(C)(C)c2ccc(Oc3ccc(/C=N/c4ccc(/C=N/c5ccc(*)cc5)cc4)cc3)cc2)cc1,182.50822
*Oc1ccc(C(C)(C)c2ccc(Oc3ccc(/C=N/c4ccc(OC(=O)NC(*)=O)cc4)cc3)cc2)cc1,156.32301
*Oc1ccc(C(C)(C)c2ccc(Oc3ccc(C(*)=O)cc3)cc2)cc1OC(=O)c1ccc(OCC(C)(C)C)cc1,136.77902
*Oc1ccc(C(C)(C)c2ccc(Oc3ccc(C(=O)CCCCC(=O)c4ccc(*)cc4)c(OC)c3)cc2)cc1OC,83.384026
*Oc1ccc(C(C)(C)c2ccc(Oc3ccc(C(=O)N(CSCCCCCCCCCCCC)C(=O)Nc4ccc(*)c(C(F)(F)F)c4)cc3C(=O)O)cc2)cc1,107.54687
*Oc1ccc(C(C)(C)c2ccc(Oc3ccc(C(=O)c4ccc(*)cc4)cc3)c(NC(=O)c3ccccc3)c2)cc1,179.68388
*Oc1ccc(C(C)(C)c2ccc(Oc3ccc(C(=O)c4ccc(*)cc4)cc3)c(O)c2)cc1-c1ccccc1,177.81953
*Oc1ccc(C(C)(C)c2ccc(Oc3ccc(C(=O)c4ccc(*)cc4)cc3)cc2)cc1OC,171.0843
*Oc1ccc(C(C)(C)c2ccc(Oc3ccc(C(=O)c4ccc(*)nc4)cc3C(=O)O)cc2)cc1C(C)=O,173.46933
*Oc1ccc(C(C)(C)c2ccc(Oc3ccc(C(=O)c4ccc(C(=O)c5ccc(*)cc5)cc4)cc3)cc2)c(F)c1F,179.22133
*Oc1ccc(C(C)(C)c2ccc(Oc3ccc(C(=O)c4cccc(C(=O)c5ccc(*)c(Cl)c5)c4)cc3)cc2)cc1Br,173.51627
*Oc1ccc(C(C)(C)c2ccc(Oc3ccc(C(=O)c4cccc(C(=O)c5ccc(*)cc5)c4)cc3)cc2)cc1C(C)(C)C,166.47565
*Oc1ccc(C(C)(C)c2ccc(Oc3ccc(C(C)(C#N)c4ccc(C=*)cc4)cc3)cc2)cc1,172.3465
*Oc1ccc(C(C)(C)c2ccc(Oc3ccc(C(C)(C)c4cc(C)c(O*)c(C(C)C)c4)cc3OC)c(OC)c2)cc1OC,182.9223
*Oc1ccc(C(C)(C)c2ccc(Oc3ccc(C(C)(C)c4ccc(Oc5ccc(C(=O)c6ccc(*)cc6)cc5)cc4)c(C)c3)cc2C)cc1C,188.08861
*Oc1ccc(C(C)(C)c2ccc(Oc3ccc(NC(=*)c4ccc(OC)cc4)cc3)cc2)cc1Cl,178.03409
*Oc1ccc(C(C)(C)c2ccc(Oc3ccc(S(=O)(=O)O*)c(C)c3)c(C)c2)cc1C,173.41992
*Oc1ccc(C(C)(C)c2ccc(Oc3cccc(C(=O)c4ccc(*)cc4)c3)cc2)cc1,155.39893
*Oc1ccc(C(C)(C)c2ccc(S(=O)(=O)c3ccc(Oc4ccc(*)c(C(=O)O)n4)cc3)cc2)cc1C(F)(F)F,168.63652
*Oc1ccc(C(C)(CC)c2ccc(N(C)c3ccc(C#N)cc3)c(S(*)(=O)=O)c2)cc1,207.3208
*Oc1ccc(C(C)(CC)c2ccc(OC(*)=O)cc2)cc1C(C)(C)C,140.01993
*Oc1ccc(C(C)(CC)c2ccc(OC(=O)CC(C)(C)S(*)(=O)=O)cc2)cc1,126.73609
*Oc1ccc(C(C)(CC)c2ccc(OC(=O)CCCCCCCCC(=O)Oc3ccc(C(*)=O)cc3)c(C(=O)O)c2)cc1,55.171555
*Oc1ccc(C(C)(CC)c2ccc(OC(=O)OC)cc2C(=O)OCCCCCCOc2ccc(-c3ccc(OC(=O)c4ccc(C(*)=O)cc4)cc3)cc2)cc1,85.9122
*Oc1ccc(C(C)(CC)c2ccc(OC(=O)OCC(C)(OBr)OC(*)(C(F)(F)F)C(F)(F)F)cc2)cc1,71.52983
*Oc1ccc(C(C)(CC)c2ccc(OC(=O)OCCOCCOC(*)=O)cc2OC)cc1,34.775673
*Oc1ccc(C(C)(CC)c2ccc(Oc3ccc(NC(=O)c4ccc(C(=O)Nc5ccc(*)cc5)cc4)cc3)cc2)cc1,206.66498
*Oc1ccc(C(C)(CC)c2ccccc2OC(=O)CCCCCCC(*)=O)cc1,34.161514
*Oc1ccc(C(C)(CCC(=O)O)c2ccc(OC(=O)CCCCC(*)=O)cc2)cc1,33.405655
*Oc1ccc(C(C)(CCC(=O)OCCCCC(*)=O)c2ccc(OCCCCCCOCCOCCOC)cc2)cc1,18.42595
*Oc1ccc(C(C)(CCC(=O)OCc2ccc(OC(*)=O)cc2)C(C)C)cc1,71.73249
*Oc1ccc(C(C)(CCC(F)(F)F)c2ccccc2Oc2cccc(C(*)=O)c2)cc1,157.3742
*Oc1ccc(C(C)(CCC)c2ccc(OC(*)=O)cc2)cc1C,126.61921
*Oc1ccc(C(C)(CCC)c2ccc(OC(=O)OC(C)C(*)=O)cc2)cc1,84.725204
*Oc1ccc(C(C)(CCC)c2ccc(OC(=O)OCCCCCCOC(*)=O)cc2)c(C(F)(F)F)c1,48.5626
*Oc1ccc(C(C)(CCC)c2ccc(OC(=O)c3cccc(C(*)=O)c3)c(-c3ccccc3)c2)cc1,169.69914
*Oc1ccc(C(C)(CCCC)c2ccc(OC(*)=O)c(C)c2)cc1CC,116.31171
*Oc1ccc(C(C)(CCCC)c2ccc(OC(=O)c3cc(C(=O)OC(C)CC)c(*)cc3CC)c(Br)c2)cc1Cl,161.9619
*Oc1ccc(C(C)(CCCC)c2ccc(OC(=O)c3ccc(OCC(C)CCOC(*)=O)cc3)cc2)cc1,71.09135
*Oc1ccc(C(C)(CCCCC)c2ccc(OC(=O)NCCCCCCCCC(*)=O)cc2)cc1,52.55374
*Oc1ccc(C(C)(CCOC(F)(F)C(F)(F)C(F)(F)F)c2ccc(*)cc2)cc1,68.21426
*Oc1ccc(C(C)(c2ccccc2)c2ccc(*)cc2)cc1OC,185.31271
*Oc1ccc(C(C)(c2ccccc2)c2ccc(-c3ccc(*)cc3)cc2)cc1,197.76123
*Oc1ccc(C(C)(c2ccccc2)c2ccc(OCC(O)COc3ccc(C(*)=O)cc3OC)cc2)cc1,152.9294
*Oc1ccc(C(C)(c2ccccc2)c2ccc(Oc3ccc(*)cc3)c(O)c2)cc1,174.12544
*Oc1ccc(C(C)(c2ccccc2)c2ccc(Oc3ccc(C(=*)OC(C)(CCC)CCC)cc3)cc2)cc1,127.609604
*Oc1ccc(C(C)(c2ccccc2)c2ccc(Oc3ccc(C(=O)c4ccc(*)cc4)cc3)c(S(=O)(=O)[O][Na])c2)cc1,206.88011
*Oc1ccc(C(C)(c2ccccc2)c2ccc(Oc3ccc(C(=O)c4ccc(*)cc4)cc3)cc2)cc1-c1ccc(C)cn1,202.04254
*Oc1ccc(C(C)C#CC(C)COc2ccc(/C=N/c3ccc(*)cc3)cc2)cc1,117.18341
*Oc1ccc(C(C)CCC[PH](C)(C)c2ccc(OC(=O)OC3CC(C)CC(*)OC3C)cc2)cc1,89.26378
*Oc1ccc(C(C)c2ccc(C(=O)Oc3ccc(C(=O)c4ccc(*)cc4)cc3)cc2)cc1C,199.38766
*Oc1ccc(C(C)c2ccc(OC(=O)OCCOCCOC(*)=O)cc2P(=O)=O)cc1,36.30314
*Oc1ccc(C(C)c2ccc(OC(=O)c3cccc(C(*)=O)c3)cc2)cc1CC(C)C,179.75006
*Oc1ccc(C(C)c2cccc(Oc3ccc(NC(=O)c4ccccc4C(=O)OC(=O)c4ccc(S(*)(=O)=O)cc4)cc3)c2)cc1,202.96832
*Oc1ccc(C(C=C2CCC[N+]2)OC(=O)Cc2ccc(OC(*)=O)c(OC)c2)cc1S(=O)(=O)O,102.70358
*Oc1ccc(C(CC(C)(C)c2ccc(OC(*)=O)c(C(C)(C)C)c2)c2ccccc2-c2ccccc2)cc1,157.6466
*Oc1ccc(C(CC)(CC)c2ccc(OC(*)=O)nc2)cc1,113.202194
*Oc1ccc(C(CC)(CC)c2ccc(OC(=O)c3cccc(Oc4ccc(C(*)=O)cc4)c3)cc2)cc1,180.78061
*Oc1ccc(C(CC)(CCC)c2ccc(OC(=O)OCC(*)OCc3ccc(Cl)cc3)cc2)cc1,86.5406
*Oc1ccc(C(CC)(CCC)c2ccc(Oc3ccc(C(=O)NNC(*)=O)cc3)cc2)cc1,196.94899
*Oc1ccc(C(CC)(CCCC)c2ccc(OC(=O)c3ccc(C)cc3C(*)=O)cc2)cc1,167.39182
*Oc1ccc(C(CC)(c2ccc(OC(=O)Nc3ccc(NC(*)=O)cc3)c(Cl)c2)C(C)C)cc1Cl,218.25471
*Oc1ccc(C(CC)(c2ccccc2)c2ccc(Oc3ccc(*)cc3)cc2)cc1,185.27856
*Oc1ccc(C(CC)NC(=O)NCCCCCCCOC(*)=O)c(OC)c1,49.542892
*Oc1ccc(C(CC)c2ccc(OCC(O)COc3ccc(C(*)=O)cc3)cc2)cc1,134.29692
*Oc1ccc(C(CCC(=O)NCCCCCC)C(=O)NC(*)=O)cc1,119.976906
*Oc1ccc(C(CCC(F)(F)F)NC(=O)CCc2ccc(OC(*)=O)cc2)cc1,100.779465
*Oc1ccc(C(CCC)(CCCCCCCC)c2ccc(NC(=O)c3ccc(C(*)=O)cc3)cc2)cc1,156.67596
*Oc1ccc(C(CCC)c2ccc(OC(=O)CCCCC(*)=O)cc2)cc1,76.59533
*Oc1ccc(C(CCCC)(COC)C(C)=C(/C=C(/C)CCCOC(=O)O)c2ccc(OC(=O)CCCCC(*)=O)cc2)cc1,61.087547
*Oc1ccc(C(CCCC)c2ccc(OC(=O)CCCCCCCC(*)=O)cc2)cc1C(C)C,50.774094
*Oc1ccc(C(CCCC)c2ccc(OC(=O)OCCOP(=O)(O*)c3ccccc3)cc2)cc1,61.83618
*Oc1ccc(C(CCCCC)c2ccc(OC(=O)c3ccc(C(*)=O)cc3)cc2)c(C)c1,143.4728
*Oc1ccc(C(CCCCCCCCCC)c2ccc(OC(=O)c3cccc(C(*)=O)c3)cc2)cc1-c1ccc(O)cc1O,108.53598
*Oc1ccc(C(CCCNCC(C)CC)c2ccc(OC(=O)CCCCCCCC(*)=O)cc2)cc1,32.281845
*Oc1ccc(C(CCO)COC(=O)c2ccc(OCC(=O)OCCCCCCCCCCCOC(=O)c3ccc(C(*)=O)cc3)cc2)cc1Cl,54.218666
*Oc1ccc(C(NC(=O)CCc2ccc(OC(=O)CCCCCCCCC(*)=O)cc2)C(=O)OCCCCCCCC)cc1,40.115288
*Oc1ccc(C(OC(=O)OCC)c2ccc(OC(=O)COCCCCCCCCC(*)=O)cc2)cc1,28.979805
*Oc1ccc(C(OC(=O)c2ccc(OC(=O)C(O)CCCC(*)=O)cc2)C(=O)OCCCCCCCC)cc1,35.189102
*Oc1ccc(C(Oc2ccc(C(C)C)cc2)c2ccc(OC(*)=S)cc2)cc1,138.44885
*Oc1ccc(C([SiH]C)c2ccc(OC(=O)CCCCCCCCC(C)C(C)CC(*)=O)cc2)cc1,49.434166
*Oc1ccc(C(c2ccc(*)cc2)c2ccc(C(F)(F)F)cc2)cc1,189.99397
*Oc1ccc(C(c2ccc(O)cc2)c2ccc(OC(=O)c3ccc(C(*)=O)cc3)cc2)cc1OC,199.90614
*Oc1ccc(C(c2ccc(OC(*)=O)cc2)C(F)(F)F)c(C(F)(F)F)c1,113.13716
*Oc1ccc(C(c2ccc(Oc3ccc(C(=O)c4ccc(*)cc4)cc3)cc2)C(C)(C)c2ccccc2)cc1,182.85962
*Oc1ccc(C(c2ccc(Oc3ccc(C(=O)c4ccc(-c5ccc(C(=O)c6ccc(*)cc6)cc5)cc4)cc3)cc2)c2ccc(C(C)(C)C)cc2)cc1,198.12576
*Oc1ccc(C(c2ccccc2)(c2ccc(*)cc2)c2ccc(S(=O)(=O)O)cc2)c(F)c1,225.12756
*Oc1ccc(C(c2ccccc2)(c2ccc(Cl)cc2)c2ccc(OC(*)=O)c(Cl)c2)cc1,177.74318
*Oc1ccc(C(c2ccccc2)(c2ccccc2)c2ccc(Oc3ccc(*)cc3)cc2)cc1,198.08981
*Oc1ccc(C(c2ccccc2)(c2ccccc2)c2ccc(Oc3ccc(Oc4ccc(*)cc4)cc3)cc2)cc1,189.58101
*Oc1ccc(C(c2ccccc2)(c2ccccc2)c2ccc(Oc3ccc([N+](=O)[O-])cc3)cc2)c(O)c1C(*)=O,237.64758
*Oc1ccc(C(c2ccccc2)c2ccc(C(*)=O)cc2)c(S(=O)(=O)c2ccccc2)c1,225.02763
*Oc1ccc(C(c2ccccc2)c2ccc(OC(=O)c3ccc(C(*)=O)cc3)cc2)cc1Cl,191.64131
*Oc1ccc(C(c2ccccc2)c2ccc(Oc3ccc(C(C)(C)c4ccc(*)c(Br)c4)cc3)cc2)cc1,183.27364
*Oc1ccc(C2(C)C=C(OC)C(c3ccc(Oc4ccc(C(=O)OC(C)C(C)C(=O)OC)cc4)c(S(=O)(=O)Nc4ccc(*)cc4)c3)CCCC2)c(OC)c1,159.92401
*Oc1ccc(C2(c3ccc(-c4ccc(*)cc4)cc3)C=C2)cc1,194.93578
*Oc1ccc(C2(c3ccc(C(C)(C)c4ccc(OC(=O)c5cccc(C(*)=O)c5)cc4)cc3)CCC2)cc1,197.91547
*Oc1ccc(C2(c3ccc(OC(=O)CCCCCCCC(*)=O)cc3)C(=O)c3ccccc32)cc1Br,112.86554
*Oc1ccc(C2(c3ccc(OC(=O)Nc4ccc(NC(*)=O)cc4)cc3)CCCC2)cc1,198.12137
*Oc1ccc(C2(c3ccc(OC(=O)c4cc(C)c(*)c(C)c4C)cc3C)C=C2Br)cc1C(=O)Cl,242.16852
*Oc1ccc(C2(c3ccc(OC(=O)c4cc(OC=C)cc(C(*)=O)c4)cc3)C=C2OCCCCCCCC)cc1C#C,143.35303
*Oc1ccc(C2(c3ccc(OC(=O)c4ccc(C(=O)Nc5ccc(C(*)=O)cc5)cc4)cc3)CC3CC3CC2C)cc1,255.80621
*Oc1ccc(C2CCC(CCCC(*)=O)CC2)cc1,71.03022
*Oc1ccc(C2CCN(*)C(=O)CCCCCCCCC2CC)cc1,61.224464
*Oc1ccc(C2COc3ccccc3N(C(=O)c3ccc(C(*)=O)cc3)C2=O)cc1OC,208.81618
*Oc1ccc(C=*)cc1Oc1cccc(C(F)(F)C(F)(F)C(F)(F)C(F)(F)C(F)(F)C(F)(F)F)c1,72.040634
*Oc1ccc(CC(*)=C(C)c2ccc([2H])c(Cl)c2C)cc1,125.904884
*Oc1ccc(CC(*)=NCc2ccc(N(NC)c3ccc(Br)cc3)cc2)cc1,155.92111
*Oc1ccc(CC(=O)NNC(=O)Cc2ccc(OC(=O)CSC(*)=O)cc2)cc1,121.66774
*Oc1ccc(CC(=O)Nc2ccc(Cc3ccc(NC(*)=O)c(C(=O)O)c3)cc2)cc1C(=O)OCCC,154.6984
*Oc1ccc(CC(=O)Nc2ccc(OC(=O)Oc3ccc(*)cc3)cc2)cc1,109.63211
*Oc1ccc(CC(=O)Nc2ccc(Oc3ccc(S(=O)(=O)c4ccc(Oc5ccc(C(=O)c6ccc(*)cc6)cc5)cc4)c(C)c3)cc2)cc1C,191.83522
*Oc1ccc(CC(=O)OC2=CC=C(c3ccc(OC(=O)c4ccc(C(*)=O)cc4)cc3)C2=O)cc1,140.71654
*Oc1ccc(CC(=O)OCCCCOC(=O)c2ccc(/C=N/c3ccc(OCCCOc4ccc(/N=N/c5ccc(*)cc5)cc4)cc3)cc2)cc1,75.405106
*Oc1ccc(CC(=O)Oc2ccc(C(=O)c3ccc(*)cc3)cc2)cc1OCCO,121.79853
*Oc1ccc(CC(C(=O)OCc2ccccc2)c2ccc(OC(=O)CCCCCCC(*)=O)cc2)cc1,36.986717
*Oc1ccc(CC(C)(C)c2ccc(OC(=O)C(O)COc3ccc(C(*)=O)cc3)cc2)cc1,82.164444
*Oc1ccc(CC(C)(C)c2ccc(OCC(C)COS(=O)(=O)c3ccc(OC(=O)CCCCCC(C)CC(*)=O)cc3)cc2)cc1,43.744972
*Oc1ccc(CC(C)(C)c2ccc(S(*)(=O)=O)cc2)cc1OCC,154.70667
*Oc1ccc(CC(CC(O)C(O)CO)NC(=O)CCCCCCC(*)=O)cc1,38.689888
*Oc1ccc(CC(CC)c2ccc(OC(*)=O)c(OC)c2)cc1OCCCCCCCCCCOc1ccc(C(C)=O)cc1,64.30391
*Oc1ccc(CC(CCC(C)(C)CCCc2ccccc2)NC(=O)CCc2ccc(OC(=O)c3ccccc3C(*)=O)cc2)c(OCCCCCC)c1,83.35917
*Oc1ccc(CC(CCCCCC)CCCCCCCC)cc1*,-13.55101
*Oc1ccc(CC(COC(=O)CCc2ccc(/C=N/c3ccc(OC(C)OC(=O)CCCCCCCCC(*)=O)cc3)cc2)c2ccccc2)cc1,50.89331
*Oc1ccc(CC(COC(=O)CCc2ccc(OC(=O)OCCOC(=O)OCCCCOCCC(C)CCCCCCOC(*)=O)cc2)C(=O)OCCCCCCCCCCCC)cc1,9.666794
*Oc1ccc(CC(COc2ccc([N+](=O)[O-])cc2)NC(=O)CCc2ccc(OC(=O)CCC(*)=O)cc2OC)cc1,85.679184
*Oc1ccc(CC(NC(=O)C(=O)OCC)c2ccc(OC(*)=O)cc2)c(C)c1,131.92973
*Oc1ccc(CC(NC(=O)CCCCCCCCCOc2ccc(OC(=O)OCCCOC(*)=O)cc2)C(=O)OCCCCC)cc1,17.306671
*Oc1ccc(CC(NC(=O)CCCCc2ccc(OC(=O)COCC(*)=O)c(OCCCCCCCC)c2)C(=O)OCCCCCCCCCCCC)cc1,37.060936
*Oc1ccc(CC(NC(=O)CCc2ccc(C(*)=O)cc2)c2ccccc2)cc1,177.1914
*Oc1ccc(CC(NC(=O)CCc2ccc(OC(*)=O)cc2)C(=O)OCc2ccc([N+](=O)[O-])cc2)cc1,123.11005
*Oc1ccc(CC(NC(=O)CCc2ccc(OC(=O)CC3CCCCC(*)CC3)cc2)C(=O)OCC)cc1,116.341156
*Oc1ccc(CC(NC(=O)CCc2ccc(OC(=O)CCCCC(*)=O)cc2)C(=O)OCC#CC)cc1,43.520645
*Oc1ccc(CC(NC(=O)CCc2ccc(OC(=O)CCCCCCC(*)=O)c(OC)c2)C(=O)OCC)cc1,50.845436
*Oc1ccc(CC(NC(=O)CCc2ccc(OC(=O)CCCCCCC(*)=O)cc2)C(=O)OCCCCCCCC)c(OCC)c1,41.176567
*Oc1ccc(CC(NC(=O)CCc2ccc(OC(=O)CCCCCCCCCCC(*)=O)cc2)NC(=O)OCCOc2ccc([N+](=O)[O-])cc2)cc1,66.606476
*Oc1ccc(CC(NC(=O)CCc2ccc(OC(=O)CCCCCCCCCCCCC(*)=O)cc2)C(=O)OCC(C)CCCCCCCOc2ccc(CCCCCC)cc2)cc1,45.41443
*Oc1ccc(CC(NC(=O)CCc2ccc(OC(=O)CCOC(*)=O)cc2)C(=O)OC(=O)OCCOC(C)=O)cc1,22.7527
*Oc1ccc(CC(NC(=O)CCc2ccc(OC(=O)CCc3ccc(C(*)=O)cc3)cc2)C(C)(CC)CCCC)cc1,123.3127
*Oc1ccc(CC(NC(=O)CCc2ccc(OC(=O)COCC(*)=O)cc2)c2ccc(C(C)C)cc2)cc1,93.850525
*Oc1ccc(CC(NC(=O)CCc2ccc(OC(=O)COCCOCCC(*)=O)cc2)C(=O)OCc2ccccc2)cc1,52.55609
*Oc1ccc(CC(NC(=O)CCc2ccc(OC(=O)CSC(*)=O)cc2)C(=O)OCCCCCCCCCCCCC)cc1,54.937225
*Oc1ccc(CC(NC(=O)CCc2ccc(OC(=O)OCc3ccc(C(*)=O)cc3)cc2)C(F)(F)F)cc1,113.71615
*Oc1ccc(CC(NC(=O)CCc2ccc(OC)cc2)C(OC(=O)c2ccc(Br)cc2)C(*)=O)cc1,128.62068
*Oc1ccc(CC(NC(=O)Cc2ccc(*)cc2)c2ccc(C(C)C)cc2)cc1,192.08173
*Oc1ccc(CC(NC(=O)Cc2ccc(OC(*)=O)cc2)C(=O)OC(C)CCCCC)cc1,39.55564
*Oc1ccc(CC(NC(=O)Cc2ccc(OC(*)=O)cc2)C(=O)OCCCC)cc1,80.20635
*Oc1ccc(CC(NC(=O)Cc2ccc(OC(=O)CCCCC(=O)OCCC)cc2)C(=O)OC(C)(C)O*)cc1,53.44747
*Oc1ccc(CC(NC(=O)Cc2ccc(OC(=O)CCCCCCC(*)=O)cc2)C(OC)C(OC)OC(C)OCC(C)(C)C)cc1,46.471313
*Oc1ccc(CC(NC(=O)Cc2ccc(OC(=O)CCCCCCCC(*)=O)cc2)C(=O)OCCCC)cc1,54.19094
*Oc1ccc(CC(NC(=O)Cc2ccc(OC(=O)CCCCCCCCC(*)=O)cc2)C(=O)OCCCO)cc1,49.417587
*Oc1ccc(CC(NC(=O)Cc2cccc(C(=O)O)c2)C(=O)C(*)=O)cc1,125.73195
*Oc1ccc(CC(NC(=O)c2ccc(*)cc2)c2ccc(C(=O)OCC)cc2)cc1,174.40552
*Oc1ccc(CC(NC(=O)c2ccc(OC(*)=O)cc2)C(=O)OCCCCCC)cc1,57.212715
*Oc1ccc(CC(NC(C(*)=O)=C(OC)C(=O)O)c2ccc(C(F)(F)F)cc2)cc1,165.84169
*Oc1ccc(CC(OC)c2ccc(OC(=O)c3cccc(C(*)=O)c3)cc2)cc1,118.51442
*Oc1ccc(CC(OCCCCCC)c2ccc(OC(=O)COCCOCCOCCOCCOCCOC(*)=O)cc2)cc1,18.89772
*Oc1ccc(CC(SCC(C)(C)C)c2ccc(OC(=O)COCC(*)=O)cc2)cc1,64.2722
*Oc1ccc(CCC(=O)Nc2ccc(OC(=O)CCCCCCCCC(=O)Oc3ccc(C(*)=O)cc3)cc2)cc1,83.78788
*Oc1ccc(CCC(=O)Nc2ccc(Oc3ccc(C(=O)OCC(*)c4ccc(OC)cc4)cc3)cc2)cc1,149.55229
*Oc1ccc(CCC(OCc2ccccc2)c2ccc(N(*)C)cc2)cc1,110.56302
*Oc1ccc(CCCC(C)C)cc1C(*)=O,91.00969
*Oc1ccc(CCCCCCCCC(*)=O)cc1CCCCCCCCCCCCC,-4.318802
*Oc1ccc(CCCCCCCCCc2ccc(OC(=O)OCCCCCCOc3ccc(/C=N/c4ccc(*)cc4)cc3)cc2)cc1,56.607765
*Oc1ccc(CCCCCCCCc2ccc(*)cc2)cc1CCCCCCCCOc1cccc(/N=N/c2ccccc2)c1,53.503143
*Oc1ccc(CCCCc2ccc(Oc3ccc(C(=*)C#N)cc3)cc2)cc1,105.93202
*Oc1ccc(CCCOc2ccc(NC(=O)CCCC#CC(=O)Nc3ccc(O*)cc3)cc2)cc1,97.45833
*Oc1ccc(CCCc2ccc(OC(=O)CCCCCCCCC(*)=O)cc2)c(C)c1C,30.328995
*Oc1ccc(CCNC(=O)CCCCCCCCCCC(=O)Nc2ccc(Cc3ccc(O*)cc3)cc2)cc1,97.517105
*Oc1ccc(CCNC(=O)c2ccc(/N=C/c3ccc(OC(*)=O)cc3)cc2)c(C(=O)O)c1,174.37657
*Oc1ccc(CCNCC(=O)Nc2ccc(Oc3ccc(C(C)(C)c4ccc(*)cc4)cc3)cc2)cc1,163.6158
*Oc1ccc(CCOc2ccc(OC(=O)CCCCCC(*)=O)cc2SCCCC)cc1,49.93318
*Oc1ccc(CCc2ccc(OC(=O)CCCCC(*)=O)cc2)cc1-c1ccccc1,61.546516
*Oc1ccc(CCc2ccc(OC(=O)c3cccc(C(*)=O)c3)cc2)cc1C,169.14165
*Oc1ccc(CCc2ccc(OC(=O)c3ccccc3NC(=O)CCCCCCCCC(*)=O)cc2)cc1,71.495605
*Oc1ccc(CCc2ccc(OCC(*)C)cc2)cc1,87.50668
*Oc1ccc(CN(CC)CCc2ccc(OC(*)=O)cc2)cc1,98.39047
*Oc1ccc(CNC(=O)NCCCCCCNC(*)=O)cc1,103.464066
*Oc1ccc(COC(=O)/C=C/c2ccc(C(=O)Oc3ccc(OC(=O)Cc4ccc(NC(*)=O)cc4)cc3)cc2)cc1,152.162
*Oc1ccc(COC(=O)CCCCC(*)=O)cc1-c1ccc(I)c(Cl)c1,80.03721
*Oc1ccc(COC(=O)NCCSCCCCCCCCCCCCCCNC(=O)Oc2ccc(O*)cc2OCCCC)cc1,48.097664
*Oc1ccc(COC(=O)c2ccc(OCC(C)CCC(*)=O)cc2)cc1,44.19805
*Oc1ccc(COc2ccc(/N=N/c3ccc(OC(*)=O)cc3)cc2)cc1,136.70905
*Oc1ccc(Cc2cc(Br)cc(C(*)=O)c2)cc1C,177.55052
*Oc1ccc(Cc2cc(OCC)c(*)cc2OC)cc1OCC,145.85692
*Oc1ccc(Cc2ccc(C(*)=O)cc2)c(OCC(O)COc2ccc(C)cc2)c1,102.97714
*Oc1ccc(Cc2ccc(C(*)=O)cc2Sc2ccccc2)cc1,172.76694
*Oc1ccc(Cc2ccc(OC(=O)c3ccc(OCCCC)c(NC(*)=O)c3)cc2)cc1,111.684364
*Oc1ccc(Cc2ccc(OC(=O)c3ccccc3Oc3ccc(C(=O)OC)cc3)c(C(*)=O)c2)cc1C(=O)SCCCCCOc1ccccc1,107.12016
*Oc1ccc(Cc2ccc(OCC(O)COC(*)=O)cc2)cc1,48.853188
*Oc1ccc(Cl)c(*)c1Sc1ccccc1,173.28209
*Oc1ccc(Cl)cc1N=C(Oc1ccccc1)Oc1ccc(-c2ccc(OC(*)=O)cc2)cc1,83.86337
*Oc1ccc(N(C)C(=O)c2ccc(-c3ccc(C(*)=O)cc3)cc2)c(O)c1,210.79224
*Oc1ccc(N(C)c2ccc(Oc3ccc(*)cc3)cc2)cc1,173.63432
*Oc1ccc(N(C=C[N+](C)(C)C)C(=O)CCc2ccc(OC(=O)CCCC(*)=O)cc2)cc1,66.60718
*Oc1ccc(N(c2ccccc2)c2ccc(-c3ccc(*)cc3)cc2)cc1,199.62355
*Oc1ccc(N(c2ccccc2)c2ccc(OC(*)=O)cc2)cc1OC,136.21558
*Oc1ccc(NC#Cc2ccc(OC(=O)CCCCCCCCCCC(*)=O)cc2)cc1,49.014915
*Oc1ccc(NC(*)Oc2ccccc2)cc1,87.26944
*Oc1ccc(NC(=O)CCC(C)CC(*)=O)cc1,54.546486
*Oc1ccc(NC(=O)CCCC(=O)NCc2ccc(*)cc2)cc1C,130.92224
*Oc1ccc(NC(=O)CCCC(=O)Oc2ccc(-c3ccc(S(=O)(=O)c4ccc(*)cc4)cc3)cc2)cc1,150.55598
*Oc1ccc(NC(=O)CCCCC(=O)Nc2ccc(C(*)=O)cc2)cc1,148.29076
*Oc1ccc(NC(=O)CCCCCCCC(=O)Nc2ccc(C(=O)c3ccc(C(*)=O)cc3)c(C)c2)cc1C,124.3781
*Oc1ccc(NC(=O)CCCCCCCCC(=O)Nc2ccc(C(=O)OC(=O)c3ccc(/C=N/c4ccc(C(*)=O)cc4)cc3)cc2)cc1,134.10532
*Oc1ccc(NC(=O)CCCCCCCCCCC(=O)Nc2ccc(C(=O)Oc3ccc(C(C)(C)c4ccc(C(C)(C)c5ccc(*)cc5)cc4)cc3)cc2)cc1,95.377945
*Oc1ccc(NC(=O)CCCCCCCCCCCCC(=O)Nc2ccc(Oc3ccc(Oc4ccc(C(=O)c5ccc(*)cc5)cc4)cc3)cc2)cc1,98.496826
*Oc1ccc(NC(=O)CCCCCc2ccc(C(*)=O)cc2)cc1,101.70399
*Oc1ccc(NC(=O)CCCCc2ccc(C(*)=O)cc2S(=O)(=O)[O][Na])cc1,118.70375
*Oc1ccc(NC(=O)CCCS(=O)(=O)NC(C)NC(=O)c2ccc(C(C)(C)c3ccc(C(*)=O)cc3)cc2)cc1,144.65556
*Oc1ccc(NC(=O)CCOC(=O)c2ccc(C(*)=O)cc2)c(OC(C)=O)c1,117.25339
*Oc1ccc(NC(=O)CNc2ccc(Cc3ccc(Nc4cccc(NC(*)=O)c4)cc3)cc2)cc1,166.17859
*Oc1ccc(NC(=O)Cc2cc(C(=O)OCCCCCC)c(C(*)=O)cc2OC)c(C)c1,100.461555
*Oc1ccc(NC(=O)Cc2cc(OCCCCCCCCCCCC)c(OC(=O)CCCCCCCCCCCC(*)=O)c(OC)c2Cl)c(Cl)c1,47.680046
*Oc1ccc(NC(=O)Cc2ccc(CC(C)(C)c3ccc(C(*)=O)cc3)cc2)cc1,184.64859
*Oc1ccc(NC(=O)NCCCCNC(*)=S)cc1,93.68327
*Oc1ccc(NC(=O)NCc2ccc(Cc3ccc(NC(=O)Nc4ccc(Cc5ccc(*)nc5)cc4)cc3)cc2)cc1,175.91534
*Oc1ccc(NC(=O)NNC(=O)c2ccc(C(=O)Nc3ccc(Cc4ccc(NC(=O)Nc5ccc(*)cc5)cc4)cc3)cc2)cc1,223.3589
*Oc1ccc(NC(=O)Nc2cc(C(=O)O)cc(C(=O)Nc3cccc(*)c3)c2)cc1,211.14366
*Oc1ccc(NC(=O)Nc2ccc(CCc3cc(C)c(C)c(NC(*)=O)c3)cc2)cc1C,206.8972
*Oc1ccc(NC(=O)Nc2ccc(Cc3ccc(C(*)=O)cc3)cc2)cc1C(=O)OCC(C)C,185.70998
*Oc1ccc(NC(=O)Nc2ccc(NC(=O)Oc3ccc(C(C)CCC(*)=O)cc3)cc2)cc1,142.19824
*Oc1ccc(NC(=O)Nc2ccc(OCCOC(=O)CCCCC(*)=O)cc2)cc1,46.42302
*Oc1ccc(NC(=O)Nc2ccc(Oc3ccc(C(C)(C)c4ccc(NC(=O)NCCCCCCCCCCCCCCCNC(*)=O)cc4)cc3)cc2)cc1,93.653854
*Oc1ccc(NC(=O)Nc2ccc(Sc3ccc(C(=O)Nc4ccc(*)cc4)cc3)cc2)cc1,231.76541
*Oc1ccc(NC(=O)OCCCCCCCCOC(=O)Nc2ccc(Oc3ccc(OC(*)=O)cc3)cc2)c(OC(=O)OCC)c1,31.608826
*Oc1ccc(NC(=O)OCCCCCCCOc2ccc(C(*)=O)cc2)cc1,46.08821
*Oc1ccc(NC(=O)OCCCCCCOc2ccc(C(=O)Oc3ccc(/C=C/C(=O)c4ccc(*)cc4C(F)(F)F)cc3)cc2Cl)cc1,94.355385
*Oc1ccc(NC(=O)c2cc(*)c(Cl)c(Cl)c2)cc1C,228.10071
*Oc1ccc(NC(=O)c2cc(/C=N/c3ccc(*)cc3)cc(OCCCCC)c2)cc1CC,148.56482
*Oc1ccc(NC(=O)c2cc(C#N)cc(C(*)=O)c2)cc1C,233.76355
*Oc1ccc(NC(=O)c2cc(C(*)=O)c(C=O)cc2C)cc1C,218.52078
*Oc1ccc(NC(=O)c2cc(C(*)=O)cc(C(F)(F)C(F)(F)C(F)(F)C(F)(F)F)c2)cc1C,151.12231
*Oc1ccc(NC(=O)c2cc(C(=O)Nc3ccc(*)cc3)c(C)cc2C)cc1C,257.25586
*Oc1ccc(NC(=O)c2cc(C(=O)O)c(C(*)=O)cc2C)cc1O,199.82672
*Oc1ccc(NC(=O)c2cc(C(=O)O)c(C(=O)Nc3ccc(*)cc3)c(C(=O)O)c2)cc1C(C)(C)C,215.52478
*Oc1ccc(NC(=O)c2cc(C(=O)Oc3ccc(C(C)c4ccc(OC(=O)c5ccc(C(*)=O)cc5)cc4)cc3)ccc2N)cc1,171.52635
*Oc1ccc(NC(=O)c2cc(C(C)(C)C)c(C(*)=O)cc2S(=O)(=O)O)cc1CCCC,187.45789
*Oc1ccc(NC(=O)c2cc(CCCC(N)CCCCCC(C)(C)C)c(*)cc2C)cc1,61.664383
*Oc1ccc(NC(=O)c2cc(NC(=O)CCCCC(=O)Nc3ccc(*)cc3)cc(C(CCCCCC)OCC)c2)cc1,101.528755
*Oc1ccc(NC(=O)c2cc(NC(=O)c3ccc(OC(C)=O)cc3)cc(C(*)=O)c2)cc1,205.83168
*Oc1ccc(NC(=O)c2cc(NC(=O)c3cccc(NC(=O)OCC)c3)cc(C(*)=O)c2)c(C(=O)O)c1,177.86302
*Oc1ccc(NC(=O)c2cc(OCC(C)(C)C)cc(C(*)=O)c2)cc1Cl,180.29593
*Oc1ccc(NC(=O)c2cc(OCCC(C)C)c(C(*)=O)cc2C(=O)OCCCCCCCCCC)cc1,59.19349
*Oc1ccc(NC(=O)c2cc(OCCCCCCCC)c(*)cc2CCCC)cc1N=C(C#N)C#N,76.845825
*Oc1ccc(NC(=O)c2cc(OCCCCCCCCCCC(*)=O)cc(C(=O)OCCC)c2)cc1Cl,75.18526
*Oc1ccc(NC(=O)c2cc(OCCCCCCCCCCCC)c(C(*)=O)cc2S(=O)(=O)O)cc1,82.79905
*Oc1ccc(NC(=O)c2cc(OCCCCCCCCCCCCCCCC)cc(C(=O)O)c2)c(*)c1O,71.37091
*Oc1ccc(NC(=O)c2cc(OCCCCCCCCCCCCCCCCCCCC)cc(OC(=O)NCCCCCCCCCCNC(*)=O)c2)cc1,51.601784
*Oc1ccc(NC(=O)c2cc(OCCCCCCCCCCCCCCCCCCCCCCCC)cc(C(*)=O)c2CC)c(CCC)c1,85.22696
*Oc1ccc(NC(=O)c2ccc(-c3ccc(-c4ccc(-c5ccc(NC(=O)c6ccc(*)cc6)cc5)cc4)cc3)cc2)cc1,231.77667
*Oc1ccc(NC(=O)c2ccc(-c3ccc(C(*)=O)c(OC)c3)cc2OCCC(CC)CCC)c(OCCCCCCCCCC)c1,82.60303
*Oc1ccc(NC(=O)c2ccc(-c3ccc(C(=O)NCC(=O)Nc4ccc(*)cc4)cc3)cc2)cc1,242.30057
*Oc1ccc(NC(=O)c2ccc(-c3ccc(C(=O)Nc4ccc(*)cc4)cc3)c(C)c2)cc1C,269.10764
*Oc1ccc(NC(=O)c2ccc(-c3ccc(C(=O)Nc4ccc(C(=O)Nc5ccc(C(=O)Nc6ccc(S(*)(=O)=O)cc6)cc5)cc4)cc3)cc2)cc1,270.12564
*Oc1ccc(NC(=O)c2ccc(-c3ccc(C(=O)OCCCCC(=O)Nc4ccc(OCc5ccc(*)cc5)cc4)cc3)cc2)cc1,140.41292
*Oc1ccc(NC(=O)c2ccc(-c3ccc(C(C)(C)c4ccc(C(C(*)=O)C(F)(F)F)cc4)cc3)cc2)cc1,210.88501
*Oc1ccc(NC(=O)c2ccc(/C=C/C(C#N)N(*)C)cc2)cc1,201.42552
*Oc1ccc(NC(=O)c2ccc(C(*)=O)cc2)c(C(F)(F)F)c1,223.97417
*Oc1ccc(NC(=O)c2ccc(C(*)=O)cc2-c2ccccc2)cc1-c1ccccc1,211.58951
*Oc1ccc(NC(=O)c2ccc(C(*)=O)cc2C(=O)O)c(C(=O)OCCCC)c1,159.59323
*Oc1ccc(NC(=O)c2ccc(C(=O)Nc3cc(SCC)c(*)cc3OCCCCCCCCCCCCCC)cc2)cc1,127.20947
*Oc1ccc(NC(=O)c2ccc(C(=O)Nc3ccc(*)cc3)cc2)c(C(F)(F)F)c1,256.7084
*Oc1ccc(NC(=O)c2ccc(C(=O)Nc3ccc(*)cc3)cc2)c(N=NC(=O)c2ccc(I)cc2)c1,223.30656
*Oc1ccc(NC(=O)c2ccc(C(=O)Nc3ccc(-c4ccc(CC(=O)c5ccc(C(=O)c6ccc(*)cc6)cc5)cc4)cc3)cc2)cc1,208.75754
*Oc1ccc(NC(=O)c2ccc(C(=O)Nc3ccc(-c4ccc(NC(=O)c5ccc(/C=C/Cc6ccc(N(*)C)cc6)cc5)cc4)cc3)cc2)cc1,231.54773
*Oc1ccc(NC(=O)c2ccc(C(=O)Nc3ccc(/C=N/c4ccc(N(*)c5ccccc5)cc4)cc3)cc2)cc1,228.87325
*Oc1ccc(NC(=O)c2ccc(C(=O)Nc3ccc(C(=O)c4ccc(/C=N/c5ccc(*)cc5)cc4)cc3)cc2)cc1,223.2562
*Oc1ccc(NC(=O)c2ccc(C(=O)Nc3ccc(NC(=O)c4ccc(*)cc4)c(C(C)C)c3)c(C(C)(C)C)c2)cc1,256.3672
*Oc1ccc(NC(=O)c2ccc(C(=O)Nc3ccc(OC)cc3)c(C(*)=O)c2)c(CCCCCCCCC)c1,141.34375
*Oc1ccc(NC(=O)c2ccc(C(=O)Nc3ccc(S(=O)(=O)c4ccc(/N=C/c5ccc(C(=O)c6ccc(*)cc6)cc5)cc4)cc3)cc2)cc1,233.29651
*Oc1ccc(NC(=O)c2ccc(C(=O)OCN(CCCCCO)CCNC(=O)COc3ccc(*)cc3)cc2)cc1,83.69413
*Oc1ccc(NC(=O)c2ccc(C(=O)Oc3ccc(*)cc3)c(Br)c2)cc1CCCCCCC,124.86522
*Oc1ccc(NC(=O)c2ccc(C(=O)Oc3cccc(C(C)(C)c4ccc(*)cc4)c3)cc2)cc1,167.7813
*Oc1ccc(NC(=O)c2ccc(C(=O)c3ccc(P(=O)(O)c4ccc(OC(=O)c5ccc(C(*)=O)cc5)cc4)cc3)cc2)cc1,186.06816
*Oc1ccc(NC(=O)c2ccc(C(C)(C)c3ccc(*)cc3)cc2C(C)F)c(C)c1,193.8804
*Oc1ccc(NC(=O)c2ccc(C(C)(C)c3ccc(NC(=O)c4ccc(C(=O)Nc5ccc(*)cc5)cc4)cc3)cc2)cc1C,229.74945
*Oc1ccc(NC(=O)c2ccc(C(c3ccccc3)c3ccc(C(=O)/C=C/c4ccc(*)cc4)cc3)cc2)cc1,208.68004
*Oc1ccc(NC(=O)c2ccc(NC(=O)CCCCCCCCC(=O)Nc3ccc(C(=O)Nc4ccc(*)cc4)cc3)cc2)cc1,149.16086
*Oc1ccc(NC(=O)c2ccc(NC(=O)CCCCCCCCC(=O)Nc3ccc(C(=O)c4ccc(*)cc4)cc3)cc2)cc1,128.45934
*Oc1ccc(NC(=O)c2ccc(NC(=O)CCCCn3c(=O)c4cc5c(=O)n(*)c(=O)c5cc4c3=O)cc2-c2ccccc2)c2ccccc12,257.45615
*Oc1ccc(NC(=O)c2ccc(NC(=O)c3ccc(C(=O)Nc4ccc(C(=O)Nc5ccc(*)cc5)cc4)cc3)cn2)cc1,242.35083
*Oc1ccc(NC(=O)c2ccc(NC(=O)c3ccc(C(=O)Nc4ccc(S(=O)(=O)c5ccc(NC(=O)c6ccc(*)cc6)cc5)cc4)cc3)cc2)cc1C(=O)OCC,191.34377
*Oc1ccc(NC(=O)c2ccc(NC(=O)c3ccc(C(=O)c4ccc(C(=O)Nc5ccc(*)cc5)cc4)cc3)cc2)cc1,231.48708
*Oc1ccc(NC(=O)c2ccc(OC(=O)CCCCC(*)=O)cc2)c(CCCC)c1,89.780975
*Oc1ccc(NC(=O)c2ccc(OC(=O)CCCCC(*)=O)cc2C)c(C)c1,95.21855
*Oc1ccc(NC(=O)c2ccc(OC(=O)CCCCCCC(*)=O)cc2Sc2ccc(OC)cc2)cc1,91.898544
*Oc1ccc(NC(=O)c2ccc(OCCCCCCOc3ccc(C(*)=O)cc3)cc2)cc1OCC(CC)CCCC,66.20896
*Oc1ccc(NC(=O)c2ccc(Oc3ccc(C(*)=O)cc3)cc2)cc1C,223.62943
*Oc1ccc(NC(=O)c2ccc(Oc3ccc(C(=O)Nc4ccc(Oc5ccc(C(C)(C)c6ccc(*)cc6)cc5)cc4)cc3)cc2)cc1,193.24222
*Oc1ccc(NC(=O)c2ccc(Oc3ccc(C(=O)Nc4cccc(NC(=O)Cc5ccc(*)cc5)c4)cc3)cc2)cc1,215.66556
*Oc1ccc(NC(=O)c2ccc(Oc3ccc(C(C)(C)c4ccc(C(*)=O)c(O)c4)cc3)cc2)cc1,193.7699
*Oc1ccc(NC(=O)c2ccc(Oc3ccc(C(C)(C)c4ccc(OC(*)=O)cc4)cc3)cc2Oc2ccc(C(O)C(C)CC)cc2)cc1,154.13889
*Oc1ccc(NC(=O)c2ccc(Oc3ccc(S(=O)(=O)c4ccc(Oc5ccc(C(=O)Nc6ccc(*)cc6)cc5)cc4)cc3)cc2)cc1,216.51245
*Oc1ccc(NC(=O)c2ccc(S(=O)(=O)Sc3ccc(C(*)=O)cc3)cc2)cc1,240.45792
*Oc1ccc(NC(=O)c2ccc(S(=O)(=O)c3ccc(/N=C/c4ccc(*)cc4)cc3)cc2)cc1,251.86096
*Oc1ccc(NC(=O)c2ccc(S(=O)(=O)c3ccc(Cc4ccc(C(*)(C(F)(F)F)C(F)(F)F)cc4)cc3)cc2)cc1,220.98676
*Oc1ccc(NC(=O)c2ccc(S(=O)(=O)c3ccc(OC(=O)c4ccc(OCCCCC)cc4)cc3)cc2)c(Oc2ccc(Oc3ccc(C(=O)c4ccc(*)cc4)cc3)cc2)n1,120.789215
*Oc1ccc(NC(=O)c2ccc(S(=O)(=O)c3ccc(Oc4ccc(C(=O)OC(C)NC(*)=O)cc4)cc3)cc2)c(C(F)(F)F)c1,170.66925
*Oc1ccc(NC(=O)c2ccc([PH](C)(C)c3ccc(OC(=O)c4ccc(C(*)=O)cc4)cc3)cc2)cc1,202.15877
*Oc1ccc(NC(=O)c2cccc(C(=O)Nc3ccc(*)cc3)c2)c2ccccc12,244.72318
*Oc1ccc(NC(=O)c2cccc(C(=O)Nc3ccc(Oc4ccc(NC(=O)c5ccc(NC(=O)c6ccc(*)cc6)cc5)cc4)cc3)c2)cc1,212.63736
*Oc1ccc(NC(=O)c2ccccc2-c2ccc(C(=O)NNC(=O)C(C)COC(=O)OCCOC(*)=O)cc2)cc1,81.01066
*Oc1ccc(NC(=O)c2ccccc2C(=O)OC(=O)c2ccc(-c3ccccc3C(*)=O)cc2)cc1,188.1695
*Oc1ccc(NC(=O)c2ccccc2NC(=O)c2ccc(-c3ccc(C(*)=O)cc3)cc2)cc1,245.85129
*Oc1ccc(Nc2ccc(*)cc2CCCC)cc1,103.63487
*Oc1ccc(Nc2ccc(-c3ccc(/C=N/CCCCCCCCCCC/C=C/c4ccc(*)cc4)cc3)cc2)cc1,110.55531
*Oc1ccc(Nc2ccc(-c3ccc(NC(=O)c4ccc(C(=O)Nc5ccc(*)cc5)c(C(C)C)c4)cc3)cc2)cc1,243.15578
*Oc1ccc(Nc2ccc(OC(=O)c3cc(OCCCCCC)c(C(*)=O)cc3Br)cc2OCC(C)(C)CCC)cc1O,92.81531
*Oc1ccc(Nc2ccc(Oc3ccc(NC(=O)c4cccc(C(=O)Oc5ccc(C(=O)c6ccc(*)cc6)cc5)c4)cc3)cc2)cc1,164.2768
*Oc1ccc(O)c(C(=O)Oc2ccc(OC(=O)CCCCCCCCC(*)=O)cc2)c1,43.061195
*Oc1ccc(OC(=O)CCC(F)(F)C(F)(F)C(F)(F)C(F)(F)C(F)(F)C(F)(F)C(Cl)(OC(F)(F)C(*)(F)F)C(F)(F)F)cc1,-19.847656
*Oc1ccc(OC(=O)CCCCCC(=O)OCCC(*)=O)cc1,-3.655182
*Oc1ccc(OC(=O)CCCCCCCC(=O)Oc2ccc(OC(=O)CCCCC(*)=O)cc2)cc1,8.045807
*Oc1ccc(OC(=O)CCCSCCCCCCCCCCCCC(*)=O)cc1,-5.0749817
*Oc1ccc(OC(=O)COc2ccc(C(=O)Nc3cccc(S(*)(=O)=O)c3)cc2)cc1,156.95923
*Oc1ccc(OC(=O)Cc2ccc(C(*)=O)cc2S(=O)(=O)O)cc1,129.85428
*Oc1ccc(OC(=O)Cc2ccc(COC(=O)CCCCCCCCC(*)=O)cc2)cc1,30.587105
*Oc1ccc(OC(=O)Cc2ccc(Cc3ccc(C(*)=O)cc3)cc2)cc1,144.90207
*Oc1ccc(OC(=O)Cc2ccc([Si](*)(C)c3ccccc3)cc2)cc1-c1ccccc1,104.15718
*Oc1ccc(OC(=O)OCCCCOc2ccc(-c3ccc(OC(=O)CCCCCCCCCCC(*)=O)cc3)cc2)cc1,34.022408
*Oc1ccc(OC(=O)OCCOCCOCCOCCCCCCOC(*)=O)cc1,-16.848984
*Oc1ccc(OC(=O)OC[Si](C)(C)CCCCOC(*)=O)cc1OC,-6.2450714
*Oc1ccc(OC(=O)Oc2ccc(C(C)(c3ccccc3)c3ccc(C(=O)SC(*)=O)cc3)cc2)c(C)c1,145.19397
*Oc1ccc(OC(=O)c2cc(Br)cc(C(*)=O)c2)c(C(=O)O)c1,171.93556
*Oc1ccc(OC(=O)c2cc(C(*)=O)cc(C(=O)OCCCCCCCC)c2)cc1C(=O)OCCCCCCC,58.50775
*Oc1ccc(OC(=O)c2cc(C(*)=O)cc(C(F)(F)F)c2)cc1C(=O)c1ccccc1,160.3707
*Oc1ccc(OC(=O)c2cc(C(*)=O)ccc2/C=C/c2ccc(Cl)cc2)cc1,178.01369
*Oc1ccc(OC(=O)c2cc(C)c(C(*)=O)cc2OCCCCCC)cc1,80.33429
*Oc1ccc(OC(=O)c2cc(C)c(C(=O)Oc3ccc(Oc4ccc(C(*)=O)cc4)cc3OC)c(C(=O)O)c2)cc1C,162.65811
*Oc1ccc(OC(=O)c2cc(NC(=O)C(CC(*)=O)c3ccc(OCCOCCOC)cc3)cc(OCCCCCCCCCC)c2)cc1C,52.409103
*Oc1ccc(OC(=O)c2cc(NC(=O)NCCCCCCNC(*)=O)cc(S(=O)(=O)O)c2)cc1OC,80.41589
*Oc1ccc(OC(=O)c2cc(OC)c(OCC(*)=O)c(OCCC)c2)cc1,104.299774
*Oc1ccc(OC(=O)c2cc(OCC(O)COc3ccc(C(*)=O)cc3)cc(C(=O)O)c2)cc1C(=O)OCCCCCCCCCC,66.57837
*Oc1ccc(OC(=O)c2cc(OCCCCCC)c(OC(*)=O)c(Cl)c2Br)cc1,54.744667
*Oc1ccc(OC(=O)c2cc(OCCCCCC)c(OC(*)=O)cc2OC)cc1,45.047462
*Oc1ccc(OC(=O)c2cc(OCCCCCCCCCC)c(*)cc2C)cc1C,45.290443
*Oc1ccc(OC(=O)c2cc(OCCCCCCCCCC)c(C(*)=O)cc2SC=C)c(OCCCCCCCCCC)c1,31.06356
*Oc1ccc(OC(=O)c2cc(OCCCCCCCCCCCCCC)c(C(*)=O)cc2I)cc1-c1ccccc1,72.398
*Oc1ccc(OC(=O)c2cc(OCCCCCCCCCCCCCC)c(C(*)=O)cc2OCCCCCCCCCCCC)cc1OCCCCCCCCC,25.56015
*Oc1ccc(OC(=O)c2cc(OCCCCCCCCCCCCCC)cc(C(=O)OCCCCCCCCOc3ccc(-c4ccc(OCc5ccc(OC(=O)CCCCC(*)=O)cc5)cc4)cc3)c2)cc1,51.910454
*Oc1ccc(OC(=O)c2cc(OCCCCCCCCCCCCCCCCCC)c(C(*)=O)cc2OCCCCCCCCCCCC)cc1OC(=O)CCCCCCCCCCCCCCCCCCC,26.459251
*Oc1ccc(OC(=O)c2cc(OCCOCCOCCOCC)c(C(*)=O)cc2OCCCCCCCCCCCCCC)cc1,34.962418
*Oc1ccc(OC(=O)c2ccc(-c3ccc(C(*)=O)cc3)cc2)cc1C(C)=O,157.9421
*Oc1ccc(OC(=O)c2ccc(-c3ccc(C(*)=O)cc3)cc2)cc1C=C,156.54929
*Oc1ccc(OC(=O)c2ccc(-c3ccc(C(*)=O)cc3)cc2Br)c(OC)c1,164.18623
*Oc1ccc(OC(=O)c2ccc(-c3ccc(C(*)=O)cc3)cc2C(F)(F)F)c(Oc2ccccc2)c1,148.51764
*Oc1ccc(OC(=O)c2ccc(-c3ccc(C(*)=O)cc3)cc2Cl)cc1-c1ccc(C(=O)OC(C)COc2ccc(C(=O)Oc3ccc(C)cc3)cc2)cc1,126.078896
*Oc1ccc(OC(=O)c2ccc(-c3ccc(C(=O)c4ccc(OC(=O)c5cc(C(*)=O)cc(C(F)(F)F)c5)cc4)cc3)cc2)c(C(F)(F)F)c1,160.25603
*Oc1ccc(OC(=O)c2ccc(/C=C/c3ccc(*)c(C(C)C)c3)c(OCCCCCCCC)c2)cc1C(C)(C)C,114.34413
*Oc1ccc(OC(=O)c2ccc(/N=C(\C)c3ccc(/C=N/c4ccc(OCc5ccc(*)cc5)cc4)cc3)cc2)cc1,151.44452
*Oc1ccc(OC(=O)c2ccc(C(*)=O)c(C(=O)OC)c2)cc1-c1ccc(Br)cc1,158.47299
*Oc1ccc(OC(=O)c2ccc(C(*)=O)c(C(=O)OCC)c2)cc1C(=O)OCCCCCCCCCCCC,66.50247
*Oc1ccc(OC(=O)c2ccc(C(*)=O)c(C)c2)cc1,159.12155
*Oc1ccc(OC(=O)c2ccc(C(*)=O)cc2)c(C(=O)OCCOC(C)C)c1,91.43126
*Oc1ccc(OC(=O)c2ccc(C(*)=O)cc2)c(C)c1C#N,175.18561
*Oc1ccc(OC(=O)c2ccc(C(*)=O)cc2)cc1C(=O)OCCCCC,113.19097
*Oc1ccc(OC(=O)c2ccc(C(*)=O)cc2C)c(Cl)c1Br,168.15598
*Oc1ccc(OC(=O)c2ccc(C(*)=O)cc2Oc2ccc(-c3ccc(C(=O)OC)cc3)cc2)cc1,161.4508
*Oc1ccc(OC(=O)c2ccc(C(*)=O)cc2Oc2ccc(-c3ccc(C(=O)Oc4ccc(C(C)(C)C)cc4)cc3)cc2)cc1,163.07516
*Oc1ccc(OC(=O)c2ccc(C(*)=O)cc2SC(=O)c2ccccc2)cc1,135.24376
*Oc1ccc(OC(=O)c2ccc(C(*)=O)cc2Sc2ccccc2)cc1Oc1ccc(/N=N/c2ccc(Cl)cc2)cc1,197.85352
*Oc1ccc(OC(=O)c2ccc(C(*)=O)cc2Sc2ccccc2)cc1Oc1ccccc1C(=O)OCCOc1ccc(-c2ccccc2)cc1,150.4331
*Oc1ccc(OC(=O)c2ccc(C(*)=O)cc2Sc2ccccc2C)cc1CCCCC(C)C,126.06915
*Oc1ccc(OC(=O)c2ccc(C(=O)NCCCCCCCCCCNC(=O)c3ccc(*)cc3)cc2)cc1,80.435425
*Oc1ccc(OC(=O)c2ccc(C(=O)NNC(=O)c3ccc(OC(=O)c4ccc(*)cc4)cc3)c(C)c2)cc1C,159.86261
*Oc1ccc(OC(=O)c2ccc(C(=O)Nc3ccc(Oc4ccc(NC(=O)c5ccc(OCCC[Si](C)(C)c6ccc(*)cc6)cc5)cc4)cc3)cc2)cc1,108.83114
*Oc1ccc(OC(=O)c2ccc(C(=O)OC(=O)c3ccccc3C(*)=O)cc2)cc1,122.81157
*Oc1ccc(OC(=O)c2ccc(C(=O)OCCC(C)CCc3ccc(OC(=O)CCCCCCCCC(*)=O)cc3)c(C(C)(C)C)c2)cc1C,32.282677
*Oc1ccc(OC(=O)c2ccc(C(=O)OCCCCCCCCCCCCCCCCCC)c(C(*)=O)c2)cc1C(=O)OC,61.01326
*Oc1ccc(OC(=O)c2ccc(C(=O)OCCCCCCCOc3ccc(C(*)=O)cc3)cc2)c(C)c1C,55.07601
*Oc1ccc(OC(=O)c2ccc(C(=O)OCCCN(*)c3ccc(/N=N/c4ccccc4)cc3)cc2)cc1,95.90952
*Oc1ccc(OC(=O)c2ccc(C(C)(C)c3ccc(C(=O)Nc4ccc(-c5ccc(NC(=O)c6ccc(*)cc6)cc5)cc4)cc3)c(OCC)c2)cc1Cl,187.4544
*Oc1ccc(OC(=O)c2ccc(C(F)(F)F)cc2)c(C(*)=O)c1O,120.0033
*Oc1ccc(OC(=O)c2ccc(CCCCCCCCCCCCCC(=O)Oc3ccc(S(=O)(=O)c4ccc(*)cc4)cc3)cc2)cc1,75.53787
*Oc1ccc(OC(=O)c2ccc(CCc3ccc(OC(*)=O)cc3)cc2)cc1,84.64434
*Oc1ccc(OC(=O)c2ccc(Cc3ccc(C(*)=O)cc3C(=O)O)cc2)cc1,144.25996
*Oc1ccc(OC(=O)c2ccc(F)cc2)c(OC(=O)c2cccc(C(*)=O)c2)c1,97.8251
*Oc1ccc(OC(=O)c2ccc(NC(=O)CCCCCCCc3ccc(/C=N/c4ccc(C(*)=O)cc4)cc3)cc2)cc1,109.37222
*Oc1ccc(OC(=O)c2ccc(NC(=O)CCSCCCCC(=O)NCCCCCCCCCCNC(=O)c3ccc(*)cc3)cc2)cc1,56.96206
*Oc1ccc(OC(=O)c2ccc(NC(=O)c3ccccc3-c3ccccc3)cc2)cc1C(=O)OC(CCCCCCCC)OC(*)=O,71.72462
*Oc1ccc(OC(=O)c2ccc(OC(*)=O)c(OCCCCCCCCC)c2)cc1OC,31.230011
*Oc1ccc(OC(=O)c2ccc(OC(=O)C(C)CCCC(*)=O)cc2)cc1,46.98954
*Oc1ccc(OC(=O)c2ccc(OC(=O)C3CCC(CCCCC(C)C)(C(*)=O)C3(C)C)cc2)cc1,89.0307
*Oc1ccc(OC(=O)c2ccc(OC(=O)CCCCC(*)=O)c(C(C)(C)C)c2)cc1-c1ccccc1,61.090576
*Oc1ccc(OC(=O)c2ccc(OC(=O)CCCCCCCCC(=O)Oc3ccc(C(C)(C)c4ccc(*)cc4)cc3)cc2)cc1,51.424294
*Oc1ccc(OC(=O)c2ccc(OC(=O)CCCCCCCCCC[CH](CCc3ccccc3)[Sn][C](*)=O)cc2)cc1,49.3525
*Oc1ccc(OC(=O)c2ccc(OC(=O)NC(C)CCC(C)CC(C)COc3ccc(C(*)=O)cc3)cc2)cc1,67.50768
*Oc1ccc(OC(=O)c2ccc(OC(=O)OCCOCCOCC(*)=O)cc2C)cc1,16.26271
*Oc1ccc(OC(=O)c2ccc(OC(=O)c3cc(OCCCCCCCCCCCCCCCCCCCC)c(C(*)=O)cc3OC(C)=O)cc2)cc1,52.610367
*Oc1ccc(OC(=O)c2ccc(OC(=O)c3ccc(-c4ccc(C(*)=O)cc4)cc3)cc2)cc1,140.88113
*Oc1ccc(OC(=O)c2ccc(OC(=O)c3ccc(C(=O)OCCC(=O)Nc4ccc(*)cc4)cc3)cc2)cc1,114.52831
*Oc1ccc(OC(=O)c2ccc(OC(=O)c3ccc(OCCCCCCCC)cc3)c(C(*)=O)c2)cc1CCCCCCCCCCCC,67.90856
*Oc1ccc(OC(=O)c2ccc(OC(=O)c3ccc(OCCOCCOCCOCCOCCOCCOP(=O)(O*)Oc4ccc(C(=O)OC(C)C)cc4)cc3)cc2)cc1,24.93525
*Oc1ccc(OC(=O)c2ccc(OCC(C)OC(=O)c3ccccc3C(*)=O)cc2)cc1,69.03613
*Oc1ccc(OC(=O)c2ccc(OCC(CC)CCOC(*)=S)cc2)cc1,50.534264
*Oc1ccc(OC(=O)c2ccc(OCC(OC)Oc3ccc(OC(=O)c4cccc(C(*)=O)c4)cc3)cc2)cc1,79.56979
*Oc1ccc(OC(=O)c2ccc(OCCC/C=C/C(=O)OCCCCCCCCOc3ccc(-c4ccc(*)cc4)c(CCCCC)c3)cc2)cc1OCCCCCCCC,64.509575
*Oc1ccc(OC(=O)c2ccc(OCCCCCC)cc2)cc1C(=O)Oc1ccc(OC(=O)CCCCC(*)=O)cc1,48.921196
*Oc1ccc(OC(=O)c2ccc(OCCCCCCCCCCCCOc3ccc(C(*)=O)cc3)cc2)cc1C,53.957222
*Oc1ccc(OC(=O)c2ccc(OCCCCCCCCCCOc3ccc(C(*)=O)cc3)cc2)cc1CCCC,55.967796
*Oc1ccc(OC(=O)c2ccc(OCCCCCCCCCOc3ccc(C(*)=O)cc3)cc2)cc1C(=O)O,59.50763
*Oc1ccc(OC(=O)c2ccc(OCCCCCCOC(=O)CCCCC(*)=O)cc2)cc1,1.9216461
*Oc1ccc(OC(=O)c2ccc(OCCCCCCOc3ccc(*)cc3)cc2)cc1,41.767876
*Oc1ccc(OC(=O)c2ccc(OCCCCCCOc3ccc(C(=O)Oc4ccc(C(*)=O)cc4)cc3)cc2)cc1,59.941666
*Oc1ccc(OC(=O)c2ccc(OCCCCCCOc3ccc(C(C)(C)c4ccc(S(*)(=O)=O)cc4)cc3)cc2)cc1,77.0893
*Oc1ccc(OC(=O)c2ccc(OCCCCCCOc3ccc(OC(=O)c4ccc(OCCOCCOCCOCCOCC(*)=O)cc4)cc3)cc2)cc1,15.397415
*Oc1ccc(OC(=O)c2ccc(OCCCCOCCCCCCCCCCOc3ccc(/C=N/c4ccc(C(*)=O)cc4)cc3)cc2)cc1,62.69748
*Oc1ccc(OC(=O)c2ccc(OCCCCOCCO)c(C(*)=O)c2)cc1-c1ccccc1,56.24787
*Oc1ccc(OC(=O)c2ccc(OCCCCOc3ccc(C(=O)c4ccc(C(=O)c5ccc(*)cc5)cc4)cc3)cc2)cc1,74.60182
*Oc1ccc(OC(=O)c2ccc(OCCCC[Si](*)(C)C)cc2)cc1,32.60016
*Oc1ccc(OC(=O)c2ccc(OCCCc3cc(C)c(C(*)=O)c(C(=O)O)c3)cc2CCCCCC)cc1,75.57661
*Oc1ccc(OC(=O)c2ccc(OCCOCCCCCCOc3ccc(C(*)=O)cc3)cc2)cc1OC,61.09729
*Oc1ccc(OC(=O)c2ccc(OCCOCCOCCCCOCCOCCOCc3ccc(C(*)=O)cc3)cc2)cc1,47.239693
*Oc1ccc(OC(=O)c2ccc(OCCOC[Si](C)(C)O[Si](C)(C)O[Si](C)(C)CCCCCCSCCCOCCCCOC(=O)c3ccc(OC(*)=O)cc3)cc2)cc1,-1.2265472
*Oc1ccc(OC(=O)c2ccc(OCCO[Si](*)(C)C)cc2)cc1,51.579597
*Oc1ccc(OC(=O)c2ccc(OCCSCC)cc2)c(OC(=O)[Si](C)(C)c2ccccc2C(=O)OC(O)C(O)C(O)C(*)=O)c1,62.9542
*Oc1ccc(OC(=O)c2ccc(OCc3ccc(OC(*)=O)c(OC)c3)cc2OC)cc1,92.330765
*Oc1ccc(OC(=O)c2ccc(Oc3ccc(C(C)(C)N(C)c4ccc(C(*)=O)cc4)cc3)cc2)cc1,164.40468
*Oc1ccc(OC(=O)c2ccc(Oc3ccccc3-c3ccccc3C(=O)NCCCCCCCCCCCCCCCCCCCCC(*)=O)cc2)cc1,67.85334
*Oc1ccc(OC(=O)c2ccc(P(=O)(c3ccccc3)c3ccc(*)cc3)cc2)cc1,183.50488
*Oc1ccc(OC(=O)c2ccc(S(=O)(=O)c3ccc(-c4ccc(S(*)(=O)=O)cc4)cc3)cc2)cc1,228.99905
*Oc1ccc(OC(=O)c2ccc(S(=O)(=O)c3ccc(OC(=O)CCCCC(*)=O)cc3)cc2)cc1,82.3137
*Oc1ccc(OC(=O)c2ccc3c(c2)C(=O)N(c2ccc(S(=O)(=O)c4ccc(N5C(=O)c6ccc(*)cc6C5=O)cc4)cc2)C3=O)cc1,270.05347
*Oc1ccc(OC(=O)c2cccc(C(=O)Nc3ccc(*)c(C)c3)c2)cc1Cl,174.10007
*Oc1ccc(OC(=O)c2cccc(C(=O)Nc3cccc(*)c3)c2)c(NC(=O)c2ccc(OC)cc2)c1,166.5248
*Oc1ccc(OC(=O)c2cccc(C(=O)OC(=O)c3ccc(Cc4ccc(*)c(C(C)(C)C)c4)cc3)c2)cc1C,131.72037
*Oc1ccc(OC(=O)c2cccc(C(=O)Oc3ccc(-c4ccc([N+](=O)[O-])cc4)cc3)c2)cc1C(*)=O,168.95041
*Oc1ccc(OC(=O)c2cccc(C(=O)Oc3ccc(OC(*)=O)c(C(C)C)c3)c2)cc1C#N,100.690674
*Oc1ccc(OC(=O)c2cccc(NC(=O)c3ccc(Oc4ccc(C(=O)OCCC(C)CC(C)CCCCCCOC(*)=O)cc4)cc3)c2)c(OC)c1,55.317986
*Oc1ccc(OC(=O)c2cccc(OC(=O)c3ccc(C(*)=O)cc3)c2)cc1-c1ccccc1,147.89081
*Oc1ccc(OC(=O)c2cccc(OCCC#N)c2)cc1CCC(*)=O,62.413048
*Oc1ccc(OC(=O)c2cccc(OCCCCCCCCCOc3cccc(C(*)=O)c3)c2)cc1,56.01877
*Oc1ccc(OC(=O)c2cccc(OCCCCOc3ccc(C(=O)O)cc3)c2)c(*)c1C,67.12564
*Oc1ccc(OC(=O)c2cccc(OC[Si](C)(C)O*)c2)cc1,40.00605
*Oc1ccc(OC(=O)c2ccccc2C(=O)OC(=O)c2cc(OC(=O)c3ccc(OCCCCCCCCCCOC(*)=O)c(C)c3)ccc2C)cc1,51.081642
*Oc1ccc(OC(=O)c2ccccc2C(=O)Oc2ccc(C(=O)c3ccc(*)cc3)cc2)cc1CC,164.61696
*Oc1ccc(OC(=O)c2ccccc2OC(=O)OCCCCCCCCCCOC(*)=O)cc1,21.146973
*Oc1ccc(OC(=O)c2ccccc2Oc2ccc(-c3ccc(OC(=O)CCCCCCCCC(*)=O)cc3)cc2)cc1,74.84336
*Oc1ccc(OC=C(C)CCSCC)cc1*,27.410606
*Oc1ccc(OCC(CCCC)c2ccc(OC(=O)OCCCCCCOC(*)=O)cc2)cc1,18.648132
*Oc1ccc(OCC(NC(=O)c2ccc(-c3ccc(*)cc3)cc2)(c2ccccc2)c2ccccc2)cc1,191.13666
*Oc1ccc(OCCCC(F)(F)C(F)(F)C(F)(F)C(*)(F)F)cc1,-3.800583
*Oc1ccc(OCCCC)cc1Cc1cccc(OC(=O)COc2ccc(C(*)=O)cc2S(=O)(=O)O)c1,116.3351
*Oc1ccc(OCCCCCCCCCCCC)cc1S(=O)O*,15.322769
*Oc1ccc(OCCN(CCOC(=O)c2ccc(OC(=O)CCCCCCCCCCCCCC(*)=O)cc2)c2ccc(/N=N/c3ccc(OCCCC)cc3)cc2)cc1,55.998405
*Oc1ccc(OCCOC(=O)c2ccc(-c3cccc(C(=O)OCCCCCCOC(*)=O)c3)cc2)c(N)c1,15.614487
*Oc1ccc(OCCOC(=O)c2cccc(C(F)(F)C(F)(F)C(F)(F)C(=O)c3ccc(O*)cc3)c2)cc1,64.454
*Oc1ccc(OCCOCCOCCOCCOCC(*)c2ccc(OCCCCCCCCCC)cc2)cc1,15.30011
*Oc1ccc(OCCOc2cccc(*)n2)cc1,42.798355
*Oc1ccc(OCc2ccc(Oc3ccc(OC(=O)c4cccc(C(*)=O)c4)cc3)cc2)cc1,156.35492
*Oc1ccc(OP(=O)(C(=O)O)c2ccc(OC(=O)c3ccc(C(*)=O)cc3)cc2)cc1,140.53728
*Oc1ccc(Oc2c(C)cc(C(*)=O)cc2C)c(OCCCCCC)c1,81.762764
*Oc1ccc(Oc2cc(C(=O)OC)c(OCCCCCCCCCCCCCCCC)cc2C(=O)Nc2ccc(Oc3ccc(*)cc3)cc2)cc1,110.748375
*Oc1ccc(Oc2cc(C)c(Oc3ccc([Si](C)(C)c4ccc(*)cc4)cc3)cc2C(C)(C)C)cc1,147.08324
*Oc1ccc(Oc2cc(CCCCCCCCC)c(*)cc2CCCCCC)cc1,26.254524
*Oc1ccc(Oc2ccc(*)nc2)cc1,128.24402
*Oc1ccc(Oc2ccc(-c3ccc(OC(=O)c4ccc(C(C)(C)c5ccc(*)cc5)cc4)cc3)cc2)cc1,160.58363
*Oc1ccc(Oc2ccc(-c3ccc(OC(=O)c4ccc(CCc5ccc(C(*)=O)cc5)cc4)cc3)cc2)cc1,179.60793
*Oc1ccc(Oc2ccc(/C(=N/c3ccc(C(*)=O)cc3)c3ccccc3)cc2)cc1,206.76492
*Oc1ccc(Oc2ccc(/C(C)=C/c3ccc(OC(=O)OC(C)COC(=O)Nc4ccc(*)cc4)cc3)cc2)cc1,102.72388
*Oc1ccc(Oc2ccc(/C(C)=N/N(C)Oc3ccc(C(C)(C)c4ccc(*)c(Cl)c4)cc3)cc2)cc1C,151.77823
*Oc1ccc(Oc2ccc(/C(C)=N/S(=O)(=O)c3ccc(*)cc3)cc2)cc1,224.396
*Oc1ccc(Oc2ccc(/C(C)=N/c3ccc(Oc4ccc(/N=N/c5ccc([N+](=O)[O-])cc5)c(OC(*)=O)c4)cc3)cc2)cc1,168.85469
*Oc1ccc(Oc2ccc(/C=C/c3ccc(OC(=O)c4cccc(C(*)=O)c4)cc3)cc2)cc1,185.65146
*Oc1ccc(Oc2ccc(/C=N/C=C/c3ccc(OC(=O)c4ccc(C(*)=O)cc4)cc3)cc2)cc1,178.88228
*Oc1ccc(Oc2ccc(/C=N/CCC/C=C/c3ccc(*)cc3C)cc2)cc1,120.9579
*Oc1ccc(Oc2ccc(/C=N/N=C/c3ccc(OC)cc3)cc2)c(*)c1CC,158.11751
*Oc1ccc(Oc2ccc(/C=N/c3ccc(/C=N/c4ccc(*)cc4)cc3)cc2)cc1,189.38365
*Oc1ccc(Oc2ccc(/C=N/c3ccc(OC(=O)c4ccc(C(*)=O)cc4)cc3-c3ccccc3)cc2)cc1,187.24121
*Oc1ccc(Oc2ccc(/C=N/c3ccc(OC(=O)c4ccc(C(=O)c5ccc(*)cc5)cc4)cc3)cc2)cc1,165.12584
*Oc1ccc(Oc2ccc(/N=C/c3ccc(-c4ccc(/N=N/c5ccc(*)cc5)cc4)cc3)cc2)cc1,171.99759
*Oc1ccc(Oc2ccc(/N=C/c3ccc(OC(*)=O)c(OC)c3)cc2C)c(C)c1,171.93948
*Oc1ccc(Oc2ccc(/N=C/c3ccc(OCCCCCCCCOc4ccc(NC(=O)c5ccc(OCCCCCC)cc5)cc4)cc3)cc2)cc1*,71.95147
*Oc1ccc(Oc2ccc(/N=C/c3ccc([N+](=O)[O-])cc3-c3ccc(Oc4ccc(C(=O)c5cccc(*)c5)cc4)cc3)cc2)cc1,201.4405
*Oc1ccc(Oc2ccc(/N=N/c3ccc(OC(=O)c4ccc(C(=O)Oc5ccc(C(C)(C)c6ccc(*)cc6)cc5)cc4)cc3)cc2)cc1,134.21577
*Oc1ccc(Oc2ccc(C(*)=O)cc2)cc1OC(C)=O,135.54897
*Oc1ccc(Oc2ccc(C(*)=O)cc2Oc2ccc(N(C)C)cc2)cc1,186.55573
*Oc1ccc(Oc2ccc(C(=N)CCCCC(=O)c3ccc(*)cc3)cc2)c(I)c1F,95.24954
*Oc1ccc(Oc2ccc(C(=O)/C=C/C(*)=O)c(OC)c2)cc1OC,166.84819
*Oc1ccc(Oc2ccc(C(=O)C(C)CCCCCCC(*)=O)cc2)cc1,57.968643
*Oc1ccc(Oc2ccc(C(=O)CCCCCCCC(=O)c3ccc(*)cc3)cc2)cc1C(C)C,70.28895
*Oc1ccc(Oc2ccc(C(=O)N(CCNC(*)=O)c3ccc(OC)cc3)cc2)cc1,173.73688
*Oc1ccc(Oc2ccc(C(=O)NNC(=O)c3ccc(Sc4ccc(C(*)=O)cc4)cc3)cc2)c(Cl)c1,246.422
*Oc1ccc(Oc2ccc(C(=O)Nc3ccc(-c4ccc(*)cc4)cc3)c(O)c2)cc1C,236.85938
*Oc1ccc(Oc2ccc(C(=O)Nc3ccc(C(C)CCC(*)=O)cc3)cc2)cc1,159.15717
*Oc1ccc(Oc2ccc(C(=O)Nc3ccc(F)cc3)cc2)c(-c2ccccc2C(=O)CCCCCCC(*)=O)c1,104.060745
*Oc1ccc(Oc2ccc(C(=O)Nc3ccc(NC(=O)CCC(*)=O)cc3)cc2)cc1,191.85947
*Oc1ccc(Oc2ccc(C(=O)Nc3ccc(NC(=O)c4ccc(*)cc4)cc3)c(C)c2C)c(C)c1C,268.47
*Oc1ccc(Oc2ccc(C(=O)Nc3ccc(NC(=O)c4ccc(*)cc4)cc3)cc2)cc1C(=O)[O][Na],240.77539
*Oc1ccc(Oc2ccc(C(=O)Nc3ccc(NC(=O)c4ccc(C(=O)Nc5ccc(Oc6ccc(C(*)=O)cc6)cc5)cc4)cc3)cc2)cc1,218.9381
*Oc1ccc(Oc2ccc(C(=O)Nc3ccc(Nc4ccc(NC(=O)c5ccc(*)cc5)cc4)cc3)cc2)cc1C(=O)OCCCCCC,129.17671
*Oc1ccc(Oc2ccc(C(=O)Nc3ccc(S(=O)(=O)c4ccc(OC(=O)c5ccc([Si](C)(C)c6ccc(O*)cc6)cc5)cc4)cc3)cc2)cc1,161.89012
*Oc1ccc(Oc2ccc(C(=O)OC(C)CCCC(*)=O)cc2)cc1,78.54761
*Oc1ccc(Oc2ccc(C(=O)OCCOC(=O)NCC)cc2)cc1*,91.75233
*Oc1ccc(Oc2ccc(C(=O)Oc3ccc(C(c4ccccc4)c4ccc([SiH2]C(=O)c5ccc(*)cc5)cc4)cc3)c(C(C)C)c2)cc1,187.44846
*Oc1ccc(Oc2ccc(C(=O)Oc3ccc(OC(=O)c4ccc(OC(=O)c5ccc(C(*)=O)cc5)cc4)cc3)c(C(F)(F)F)c2)cc1,157.18405
*Oc1ccc(Oc2ccc(C(=O)SC3(C)CN(*)C3=O)cc2)cc1,157.95416
*Oc1ccc(Oc2ccc(C(=O)Sc3ccc(Oc4ccc(C(=O)c5ccc(*)cc5)cc4)cc3)cc2)cc1S(=O)(=O)Oc1ccccc1,152.56396
*Oc1ccc(Oc2ccc(C(=O)c3ccc(*)c(Br)c3)c(Cl)c2)cc1Cl,211.64627
*Oc1ccc(Oc2ccc(C(=O)c3ccc(*)c(C(=O)O)c3)c(Cl)c2)cc1C(C)Cl,188.55855
*Oc1ccc(Oc2ccc(C(=O)c3ccc(*)cc3)cc2S(=O)(=O)[O][Na])c(O)c1,179.69623
*Oc1ccc(Oc2ccc(C(=O)c3ccc(C(=O)c4ccc(*)cc4)cc3)cc2)cc1OCCN(CC)c1ccc(/N=N/c2ccccc2)cc1,148.18297
*Oc1ccc(Oc2ccc(C(=O)c3ccc(Cc4ccc(C(=O)c5ccc(*)cc5)cc4)cc3)cc2)cc1,169.1991
*Oc1ccc(Oc2ccc(C(=O)c3ccc(NC(=O)c4ccc(C(=O)Nc5ccc(*)cc5)cc4)cc3)c(Cl)c2)cc1,252.05954
*Oc1ccc(Oc2ccc(C(=O)c3ccc(NC(=O)c4ccc(C(=O)Nc5ccc(Oc6ccc(C(C)(C)c7ccc(*)cc7)cc6)cc5)cc4)cc3)cc2)cc1,202.36194
*Oc1ccc(Oc2ccc(C(=O)c3ccc(OC(C)Oc4cc(C)c(*)cc4C)c(C)c3)cc2C)cc1C,149.63737
*Oc1ccc(Oc2ccc(C(=O)c3ccc(OS(=O)(=O)c4ccc(*)cc4)cc3)c(O)c2)cc1-c1ccccc1,176.6851
*Oc1ccc(Oc2ccc(C(=O)c3ccc(Oc4ccc(C(=O)c5ccc(*)cc5)cc4)c(Cl)c3)cc2)cc1C,195.88611
*Oc1ccc(Oc2ccc(C(=O)c3ccc(Oc4ccc(C(=O)c5ccc(NC(=O)c6ccc(*)cc6)cc5)cc4)cc3)cc2)cc1,187.61502
*Oc1ccc(Oc2ccc(C(=O)c3ccc(Oc4ccc(C(C)(C)c5ccc(N=C(C)c6ccc(*)cc6)cc5)cc4)cc3)cc2)cc1,155.71257
*Oc1ccc(Oc2ccc(C(=O)c3cccc(C(=O)c4ccc(*)c(C(C)C)c4)c3)cc2C)cc1C,183.58707
*Oc1ccc(Oc2ccc(C(=O)c3cccc(C(=O)c4ccc(*)cc4)c3)c(-c3ccccc3)c2)cc1C,183.27454
*Oc1ccc(Oc2ccc(C(=O)c3cccc(C(=O)c4ccc(*)cc4)c3)cc2C)c(C(=O)O)c1O,159.407
*Oc1ccc(Oc2ccc(C(CC(C)C)c3ccc(OC(=O)c4ccc(C(*)=O)cc4)cc3)cc2)cc1,181.59663
*Oc1ccc(Oc2ccc(C(N=*)C(N)c3ccccc3)cc2)cc1,130.15196
*Oc1ccc(Oc2ccc(NC(=O)Nc3ccc(C(=O)NNC(=O)c4ccc(*)cc4)cc3)cc2)cc1,258.09918
*Oc1ccc(Oc2ccc(NC(=O)Nc3ccc(S(=O)(=O)Oc4ccc(C(C)(C)c5ccc(Oc6ccc(C(=O)c7ccc(*)cc7)cc6)cc5)cc4)cc3)cc2)cc1,166.77869
*Oc1ccc(Oc2ccc(NC(=O)c3cc(OCCCCCCC)ccc3C(=O)OCCCCCCCCCCCCOC(*)=O)cc2)cc1,54.02185
*Oc1ccc(Oc2ccc(NC(=O)c3ccc(*)cc3)cc2)cc1CC,223.62555
*Oc1ccc(Oc2ccc(NC(=O)c3ccc(Cc4ccc(NC(=O)c5ccc(C(=O)Nc6ccc(*)cc6)cc5)cc4)cc3)cc2)cc1,206.19965
*Oc1ccc(Oc2ccc(NC(=O)c3ccc(Oc4ccc(C(C)(C)c5ccc(*)c(Cl)c5)cc4)cc3)c(F)c2)cc1C#N,208.56325
*Oc1ccc(Oc2ccc(NC(=O)c3cccc(C(*)=O)c3)cc2)c(F)c1F,242.65915
*Oc1ccc(Oc2ccc(OC(=O)CCCCCCCCCCCCC(=O)Nc3ccc(*)cc3)cc2)cc1,88.572845
*Oc1ccc(Oc2ccc(OC(=O)NC(=O)c3ccc(C(=O)c4ccc(*)cc4)c(Br)c3)cc2)c(O)c1,171.6684
*Oc1ccc(Oc2ccc(OC(=O)c3cc(OCCCCCCCCCC)c(C(*)=O)cc3OCCCCCCCC)cc2)cc1,58.62874
*Oc1ccc(Oc2ccc(OC(=O)c3ccc(OC(=O)c4ccc(-c5ccc(*)cc5)cc4)cc3)cc2)cc1,142.42346
*Oc1ccc(Oc2ccc(OC(=O)c3ccc(Oc4ccc(C(C)(C)c5ccc(*)cc5)cc4)c(C)c3)cc2C(F)(F)F)cc1,161.3555
*Oc1ccc(Oc2ccc(OC(=O)c3ccc(Oc4ccc(C(C)(C)c5ccc(C(C)(CCl)c6ccc(C(*)=O)cc6)cc5)cc4O)cc3)cc2)cc1,164.51562
*Oc1ccc(Oc2ccc(OC(=O)c3cccc(C(*)=O)c3)cc2)cc1C(=O)OCCCC,135.5083
*Oc1ccc(Oc2ccc(OC(=O)c3ccccc3S(*)(c3ccccc3)c3ccccc3)cc2)cc1,189.24155
*Oc1ccc(Oc2ccc(Oc3cc(*)c(C)c(C)c3C)c(OC)c2)cc1C,197.41016
*Oc1ccc(Oc2ccc(Oc3cc(C)c(OC(=O)c4ccc(C(*)=O)cc4)cc3OC)cc2)cc1,188.69014
*Oc1ccc(Oc2ccc(Oc3ccc(*)cc3-c3ccccc3)cc2)cc1,184.31824
*Oc1ccc(Oc2ccc(Oc3ccc(C(*)=O)c(C(C)(C)C)c3)cc2C)c(C)c1C,193.87866
*Oc1ccc(Oc2ccc(Oc3ccc(C(=O)Nc4ccc(C(=S)c5ccc(*)cc5)cc4)cc3)cc2)cc1,192.19736
*Oc1ccc(Oc2ccc(Oc3ccc(C(=O)c4ccc(*)cc4)cc3)c(C(F)(F)F)c2)cc1C(F)(F)F,159.12126
*Oc1ccc(Oc2ccc(Oc3ccc(C(=O)c4ccc(C(=O)c5ccc(*)cc5)cc4)cc3)cc2)cc1C,171.88858
*Oc1ccc(Oc2ccc(Oc3ccc(C(=O)c4ccc([SiH](C)CCC(*)=O)cc4)cc3)cc2)cc1,150.29623
*Oc1ccc(Oc2ccc(Oc3ccc(OC(=O)c4cccc(C(=O)c5ccc(*)cc5)c4)cc3)cc2)cc1,145.64421
*Oc1ccc(Oc2ccc(Oc3ccc(Oc4ccc(C(=O)c5ccc(*)cc5)cc4)cc3)cc2)c(C(=O)OCCCN(C)c2ccc(C#N)cc2)c1,117.4081
*Oc1ccc(Oc2ccc(Oc3ccc(S(=O)(=O)c4ccc(NC(=O)C(=O)Nc5ccc(*)cc5)cc4)cc3)cc2)cc1,251.59286
*Oc1ccc(Oc2ccc(Oc3ccc(S(=O)(=O)c4ccc(Oc5ccc(C(C)(C)c6ccc(Oc7ccc(*)cc7)cc6)cc5)cc4)cc3)cc2)cc1,171.18726
*Oc1ccc(Oc2ccc(P(=O)(c3ccccc3)c3ccc(Oc4ccc(*)cc4)cc3)cc2)cc1,193.05496
*Oc1ccc(Oc2ccc(S(*)(=O)=O)cc2)cc1S(=O)(=O)O,190.24155
*Oc1ccc(Oc2ccc(S(=O)(=O)C3=CC=C4C=CC=CC(C(*)=O)=CC=C3C(=O)O4)cc2)cc1-c1ccccc1,198.82758
*Oc1ccc(Oc2ccc(S(=O)(=O)N(C)c3ccc(-c4ccc(*)cc4)cc3)cc2)cc1,240.48227
*Oc1ccc(Oc2ccc(S(=O)(=O)Oc3c(F)c(F)c(*)c(F)c3F)c(Cl)c2F)cc1,176.56808
*Oc1ccc(Oc2ccc(S(=O)(=O)c3ccc(OCCCCOC(=O)c4ccc(OC(=O)CCCCCCCCC(*)=O)cc4)cc3)cc2)cc1,48.758583
*Oc1ccc(Oc2ccc(S(=O)(=O)c3ccc(Oc4ccc(/N=N/c5ccc(C(*)=O)cc5C(=O)O)cc4)cc3)cc2)cc1,205.97472
*Oc1ccc(Oc2ccc(S(=O)(=O)c3ccc(Oc4ccc(C(=O)Nc5cccc(NC(=O)c6ccc(*)cc6)c5)cc4)cc3)cc2)cc1,225.37949
*Oc1ccc(Oc2ccc(S(=O)(=O)c3ccc(Oc4ccc(C(=O)c5ccc(NC(=O)c6ccc(*)cc6)cc5)cc4)cc3)cc2)cc1Cl,208.62727
*Oc1ccc(Oc2ccc(Sc3ccc(P(=O)(c4ccccc4)c4ccc(*)cc4)cc3)cc2)cc1,226.44724
*Oc1ccc(Oc2ccc([SH](C)(=O)c3ccc(Oc4ccc(C(=O)c5ccc(*)cc5)cc4)cc3)cc2)cc1,201.99571
*Oc1ccc(Oc2ccc([Si](*)(C)C)cc2)c(C(C)(C)C)c1,129.95277
*Oc1ccc(Oc2cccc(C(=O)c3ccc(S(=O)(=O)c4ccc(*)cc4)cc3)c2)cc1C(C)(C)C,208.31425
*Oc1ccc(Oc2cccc(NC(=O)c3ccc(-c4ccc(C(*)=O)cc4)cc3)c2)cc1,229.93481
*Oc1ccc(Oc2cccc(OC(=O)OCC(CC)CCCCCCCCOC(*)=O)c2)cc1,29.530502
*Oc1ccc(Oc2cccc(Oc3ccc(*)cc3)c2)c2ccccc12,145.14108
*Oc1ccc(Oc2ccccc2-c2ccccc2C(=O)Oc2ccc(-c3ccc(-c4ccc(Oc5ccc(-c6ccc(*)cc6)cc5)cc4)cc3)cc2)cc1,160.08858
*Oc1ccc(Oc2ccccc2C(=O)N(C)CC(N)C(*)=O)cc1,156.39915
*Oc1ccc(Oc2ccccc2Oc2cccc(Oc3ccc(C(*)(C)C)cc3)c2)cc1,135.51733
*Oc1ccc(P(=O)(c2ccccc2)c2ccc(OC(=O)Nc3ccc(Cc4ccc(NC(*)=O)cc4)cc3)cc2)cc1,171.23727
*Oc1ccc(P(C)(=O)c2cc(C)c(Cl)cc2C(=O)OCCCCCCCCC(*)=O)cc1OCC(C)(C)C,78.446655
*Oc1ccc(P(C)(=O)c2ccc(Oc3ccc(Oc4ccc(-c5ccc(*)o5)cc4)cc3C(F)(F)F)cc2)cc1C,158.48407
*Oc1ccc(P(CCC(=O)OCc2ccc(OC(*)=O)cc2)C(=O)OC(=O)c2ccc([N+](=O)[O-])cc2)cc1,119.64583
*Oc1ccc(S(=O)(=O)Oc2ccc(OC(=O)CCC[Si](C)(C)CCC(*)=O)cc2)cc1,36.57865
*Oc1ccc(S(=O)(=O)Oc2ccc(S(=O)(=O)c3ccc(S(=O)(=O)c4ccc(S(*)(=O)=O)cc4)cc3)cc2)cc1,243.63118
*Oc1ccc(S(=O)(=O)Sc2ccc(Oc3ccc(OC(=O)c4ccc(C(*)=O)cc4)cc3)cc2)cc1,181.85135
*Oc1ccc(S(=O)(=O)c2cc(Cl)c(OC(=O)c3cccc(C(*)=O)c3)c(OC)c2)cc1OC,170.60089
*Oc1ccc(S(=O)(=O)c2cc(NC(=O)CCCCCC(*)=O)cc(OC)c2)cc1OC,98.89072
*Oc1ccc(S(=O)(=O)c2ccc(*)cc2)c(C(F)(F)F)c1,156.28543
*Oc1ccc(S(=O)(=O)c2ccc(-c3ccc(OC(=O)c4ccc(NC(=O)c5ccc(C(=O)Nc6ccc(*)cc6)cc5)cc4OC)cc3)cc2Oc2ccccc2)cc1,211.0
*Oc1ccc(S(=O)(=O)c2ccc(-c3ccc(Oc4ccc(*)cc4)cc3)c(C(F)(F)F)c2)cc1,198.20335
*Oc1ccc(S(=O)(=O)c2ccc(-c3ccc(S(=O)(=O)c4ccc(*)cc4)c(C=C)c3)cc2)cc1,218.81226
*Oc1ccc(S(=O)(=O)c2ccc(/N=C(\C)c3ccc(OC(*)=O)c(C)c3)cc2C)cc1,178.31288
*Oc1ccc(S(=O)(=O)c2ccc(/N=C/c3cc(OCCOCCOCCOCCOCC)c(*)cc3O)cc2)c(O)c1[N+]=O,102.88406
*Oc1ccc(S(=O)(=O)c2ccc(/N=C/c3ccc(/C=C/c4ccc(OC(*)=O)c(OCCCCCCCC)c4)c(C(C)C)c3)cc2C(C)(C)C)cc1,117.18382
*Oc1ccc(S(=O)(=O)c2ccc(C(=O)Nc3cccc(Oc4ccc(NC(*)=O)cc4)c3)cc2)cc1,231.57463
*Oc1ccc(S(=O)(=O)c2ccc(C(=O)c3ccc(*)c(C(F)(F)F)c3)cc2)cc1C(=O)OC,168.10149
*Oc1ccc(S(=O)(=O)c2ccc(C(=O)c3ccc(C(=O)Nc4ccc(C(=O)c5ccc(*)cc5)cc4)cc3)cc2)cc1,232.75055
*Oc1ccc(S(=O)(=O)c2ccc(NC(=O)NCCCCCCCNC(=O)c3ccc(*)cc3)cc2)cc1,125.86644
*Oc1ccc(S(=O)(=O)c2ccc(NC(=O)c3ccc(Oc4ccc(C(=O)c5ccc(*)cc5C)cc4)cc3)cc2)cc1,215.4902
*Oc1ccc(S(=O)(=O)c2ccc(OC(*)=O)c(Br)c2)cc1SCCCCCC,63.299477
*Oc1ccc(S(=O)(=O)c2ccc(OC(=O)c3cc(C(*)=O)ccc3Br)cc2)cc1,194.21997
*Oc1ccc(S(=O)(=O)c2ccc(OC(=O)c3cc(OCCCCCCCC)cc(C(*)=O)c3)c(C)c2)cc1C,101.48279
*Oc1ccc(S(=O)(=O)c2ccc(OC(=O)c3ccc(C(*)=O)cc3)cc2)cc1C(C)(C)C,202.99432
*Oc1ccc(S(=O)(=O)c2ccc(OC(=O)c3ccc(OC(*)=O)c(-c4ccccc4)c3)cc2)cc1,141.33495
*Oc1ccc(S(=O)(=O)c2ccc(OC(=O)c3ccc(OC(=O)COc4ccc(C(*)=O)cc4)cc3)cc2)cc1,140.00551
*Oc1ccc(S(=O)(=O)c2ccc(OC(=O)c3ccc(OCCCOc4ccc(*)cc4)cc3)cc2)cc1,112.88057
*Oc1ccc(S(=O)(=O)c2ccc(OC(=O)c3ccc(Oc4ccc(S(=O)(=O)c5ccc(*)cc5)cc4)cc3)cc2)cc1-c1ccccc1,189.60815
*Oc1ccc(S(=O)(=O)c2ccc(OC(=O)c3cccc(C(*)=O)c3)cc2)cc1[N+](=O)[O-],204.98987
*Oc1ccc(S(=O)(=O)c2ccc(OC(C)=C(CC)c3ccc(*)cc3)cc2)cc1,127.02159
*Oc1ccc(S(=O)(=O)c2ccc(OCCOC(=O)c3ccc(/C(C)=C/c4ccc(*)cc4)cc3)cc2)cc1,189.81511
*Oc1ccc(S(=O)(=O)c2ccc(OP(=O)(NC(=O)OCCOC(*)=O)c3ccccc3C(=O)OCC)cc2)cc1,72.04351
*Oc1ccc(S(=O)(=O)c2ccc(OP(=O)(O*)OC#N)cc2)cc1,83.78233
*Oc1ccc(S(=O)(=O)c2ccc(Oc3c(C)cc(C(C)(C)c4cc(C)c(*)c(C)c4O)cc3C)cc2)cc1,233.7502
*Oc1ccc(S(=O)(=O)c2ccc(Oc3cc(Br)c(C(C)(C)c4cc(OC)cc(*)c4O)cc3C)cc2B)cc1,184.38135
*Oc1ccc(S(=O)(=O)c2ccc(Oc3ccc(-c4cc(-c5ccccc5)c(*)nn4)cc3)cc2)cc1,212.24881
*Oc1ccc(S(=O)(=O)c2ccc(Oc3ccc(/C=C/c4ccc(*)c(OC)c4)cc3OC)cc2)cc1,216.16211
*Oc1ccc(S(=O)(=O)c2ccc(Oc3ccc(/C=N/c4ccc([N+](=O)[O-])cc4)cc3)cc2)cc1CC(*)=O,216.28683
*Oc1ccc(S(=O)(=O)c2ccc(Oc3ccc(/N=C/c4ccc(-c5ccc(-c6ccc(*)cc6)cc5)cc4)cc3)cc2)cc1,229.00797
*Oc1ccc(S(=O)(=O)c2ccc(Oc3ccc(C(*)=O)cc3)c(OC)c2)cc1Cl,211.21417
*Oc1ccc(S(=O)(=O)c2ccc(Oc3ccc(C(=O)Oc4ccc(/N=C/c5ccc(OC(=O)C6=CC=C7C=C(C(=O)O)C=CC(*)=CC=C6OCCCCCCCCCCCCCCCCO7)cc5)cc4)cc3)cc2)cc1,121.219635
*Oc1ccc(S(=O)(=O)c2ccc(Oc3ccc(C(=O)c4ccc(*)c(C(F)(F)F)c4)cc3C(F)(F)F)cc2)cc1C(C)(C)C,197.07129
*Oc1ccc(S(=O)(=O)c2ccc(Oc3ccc(C(=O)c4ccc(*)cc4)cc3)c(F)c2F)c(F)c1F,185.63857
*Oc1ccc(S(=O)(=O)c2ccc(Oc3ccc(C(=O)c4ccc(*)cc4)cc3)cc2)c(Br)c1,198.09741
*Oc1ccc(S(=O)(=O)c2ccc(Oc3ccc(C(=O)c4ccc(*)cc4)cc3)cc2C)cc1,201.22427
*Oc1ccc(S(=O)(=O)c2ccc(Oc3ccc(C(=O)c4ccc(C(=O)c5ccc(*)cc5)c(C)c4)cc3C)cc2)cc1,223.92776
*Oc1ccc(S(=O)(=O)c2ccc(Oc3ccc(C(=O)c4ccc(C(=O)c5cccc(*)c5)cc4)cc3)cc2)cc1,196.44254
*Oc1ccc(S(=O)(=O)c2ccc(Oc3ccc(C(=O)c4ccc(Oc5ccc(C(*)=O)cc5)cc4)cc3)cc2)c(C(F)(F)F)c1,211.57129
*Oc1ccc(S(=O)(=O)c2ccc(Oc3ccc(C(C)(C)c4ccc(*)c(C(C)C)c4)cc3C(C)(C)C)cc2C)c(Br)c1,214.28073
*Oc1ccc(S(=O)(=O)c2ccc(Oc3ccc(C(C)(C)c4ccc(*)c(C(F)(F)F)c4)cc3)cc2F)cc1,185.05264
*Oc1ccc(S(=O)(=O)c2ccc(Oc3ccc(C(C)(C)c4ccc(*)c(C)c4)c(C(F)(F)F)c3)cc2C(=O)OCC(C)CC)cc1,168.00325
*Oc1ccc(S(=O)(=O)c2ccc(Oc3ccc(C(C)(C)c4ccc(*)c(OC)c4)cc3S(=O)(=O)O)c(C)c2)cc1C,198.87027
*Oc1ccc(S(=O)(=O)c2ccc(Oc3ccc(C(C)(C)c4ccc(*)cc4)c(C(F)(F)F)c3)cc2)cc1C(C)C,202.08307
*Oc1ccc(S(=O)(=O)c2ccc(Oc3ccc(C(C)(C)c4ccc(C(*)=O)cc4)cc3)cc2)cc1,212.22975
*Oc1ccc(S(=O)(=O)c2ccc(Oc3ccc(C(C)(C)c4ccc(S(*)(=O)=O)cc4)cc3)cc2)c(Br)c1,216.29605
*Oc1ccc(S(=O)(=O)c2ccc(Oc3ccc(C(c4ccc(*)cc4)c4ccccc4C(=O)O)cc3)cc2C(F)(F)F)cc1,209.99797
*Oc1ccc(S(=O)(=O)c2ccc(Oc3ccc(NC(=O)c4ccc(-c5ccc(*)cc5)cc4)cc3)cc2)cc1,216.04538
*Oc1ccc(S(=O)(=O)c2ccc(Oc3ccc(NC(=O)c4ccc(/C=N/c5ccc(C(*)=O)cc5)cc4)cc3)cc2)cc1,241.26682
*Oc1ccc(S(=O)(=O)c2ccc(Oc3ccc(NC(=O)c4ccc(C(=O)Nc5ccc(*)cc5)c(C)c4)cc3C)cc2)cc1,268.09296
*Oc1ccc(S(=O)(=O)c2ccc(Oc3ccc(NC(=O)c4ccc(Oc5ccc(C(=O)Nc6ccc(*)nc6)cc5)cc4)cc3)cc2)cc1,207.53381
*Oc1ccc(S(=O)(=O)c2ccc(Oc3ccc(OC(=O)CCCCC(*)=O)c(C(C)C)c3)cc2)cc1,80.294395
*Oc1ccc(S(=O)(=O)c2ccc(Oc3ccc(Oc4ccc(*)c(C(=O)O)c4)cc3C(=O)O)cc2)cc1,171.79152
*Oc1ccc(S(=O)(=O)c2ccc(Oc3ccc(Oc4ccc(*)cc4)cc3C(=O)O)cc2)cc1,184.9994
*Oc1ccc(S(=O)(=O)c2ccc(Oc3ccc(Oc4ccc(C(=O)c5cccc(C(=O)c6ccc(*)cc6)c5)cc4)cc3)cc2)cc1,180.74136
*Oc1ccc(S(=O)(=O)c2ccc(Oc3ccc(S(=O)(=O)c4cc(Br)c(C)c(C(*)=O)c4)cc3C)c(Br)c2)cc1Cl,235.57457
*Oc1ccc(S(=O)(=O)c2ccc(Oc3ccc(S(=O)(=O)c4ccc(-c5ccc(C(=O)c6ccc(*)cc6)cc5)cc4)cc3)cc2)cc1,224.32315
*Oc1ccc(S(=O)(=O)c2ccc(Oc3ccc(Sc4ccc(*)c(C(C)C)c4)cc3Br)cc2)cc1,209.7651
*Oc1ccc(S(=O)(=O)c2ccc(Oc3ccc([SH](=O)(O)c4ccc(Oc5ccc(C(=O)c6ccc(*)cc6)cc5)cc4)cc3)c(Br)c2)cc1-c1ccc(/N=N/c2ccc(C(=O)O)cc2)cc1,195.96152
*Oc1ccc(S(=O)(=O)c2ccc(Oc3cccc(C(=O)Nc4ccc(*)cc4)c3)cc2)cc1,218.44154
*Oc1ccc(S(=O)(=O)c2ccc(S(=O)(=O)c3ccc(C(c4ccc(*)cc4)(C(F)(F)F)C(F)(F)F)cc3)cc2)cc1,213.68895
*Oc1ccc(S(=O)(=O)c2ccc(S(=O)(=O)c3ccc(NC(=O)c4ccc(C(=O)Oc5ccc(*)cc5)cc4)cc3)cc2)cc1,197.7115
*Oc1ccc(S(=O)(=O)c2ccc(S(=O)(=O)c3ccc(OC(=O)c4ccc(*)cc4)cc3)cc2)c(O)c1,193.43062
*Oc1ccc(S(=O)(=O)c2ccc(Sc3ccc(Oc4ccc(C(=O)c5ccc(*)cc5)cc4)cc3)cc2)cc1C(C)C(=O)O,178.13472
*Oc1ccc(S(=O)(=O)c2ccc([N+](=O)[O-])cc2Oc2ccccc2-c2ccc(*)cc2)cc1,204.87122
*Oc1ccc(SC(=O)CCCCCCCCCCC(=O)c2ccc(OC(=O)OC)cc2)cc1N(CC(*)=O)CC(C)O,49.454254
*Oc1ccc(SC(=O)CCCCCCCCCCCCCCCC(=O)N/C=C/c2ccc(OCCCCCCCCOC(*)=O)cc2)cc1,63.53186
*Oc1ccc(SC(=O)Nc2ccc(C(=O)Oc3ccc(Oc4ccc(NC(=O)C(*)=O)cc4)cc3)cc2)cc1,179.37424
*Oc1ccc(SC(=O)Nc2ccc(Cc3ccc(NC(*)=O)cc3)c(C)c2)cc1C,231.80598
*Oc1ccc(SC(=O)c2ccc(NC(=O)c3ccc(C(=O)Oc4ccc(-c5ccc(O*)cc5)cc4)cc3)cc2)cc1,178.38916
*Oc1ccc(SC(=O)c2ccc(S(=O)(=O)OCCC(F)(F)C(F)(F)C(*)(F)F)cc2)cc1,109.95247
*Oc1ccc(Sc2ccc(OC(*)=O)c(CSCCCCCC)c2)cc1,66.912155
*Oc1ccc(Sc2ccc(OC(=O)NCc3ccc(NC(*)=O)cc3)cc2)cc1,214.28116
*Oc1ccc(Sc2ccc(OC(=O)c3cc(OCCCCCC)c(C(*)=O)cc3C(=O)O)cc2)cc1C(=O)OCC,102.9953
*Oc1ccc(Sc2ccc(OC(=O)c3ccc(/C=C/C(C)C(=O)Oc4ccc(*)cc4)cc3)cc2)cc1,166.18097
*Oc1ccc(Sc2ccc(OC(=O)c3ccc(C(=O)Nc4ccc(*)cc4)cc3)cc2C)cc1,254.04688
*Oc1ccc(Sc2ccc(OC(=O)c3ccc(C(=O)OC(C)O)c(*)c3)cc2)cc1,152.15198
*Oc1ccc(Sc2ccc(OC(=O)c3ccc(OCCOCCOCCOCCOCS(=O)(=O)c4ccc(C(*)=O)cc4)cc3)cc2)cc1,78.95998
*Oc1ccc(Sc2ccc(OC(=O)c3ccc(S(=O)(=O)c4ccc(OC(=O)CCCCCC(*)=O)cc4)cc3)cc2)cc1,107.594284
*Oc1ccc(Sc2ccc(OC(=O)c3ccccc3C(=O)OCCCCCCCCCCCCCCCCOC(*)=O)cc2)cc1,61.784622
*Oc1ccc(Sc2ccc(Oc3ccc(C(=O)c4ccc(*)cc4)cc3)cc2C)cc1-c1ccccc1,207.37141
*Oc1ccc(Sc2ccc(Oc3ccc(NC(=O)c4ccc(*)cc4)cc3)cc2)cc1C,230.70195
*Oc1ccc(Sc2ccc(Oc3ccc(S(=O)(=O)c4ccc(*)cc4)cc3)cc2)cc1,241.8175
*Oc1ccc([Si](C)(C)c2ccc(OC(*)=O)cc2OCCCCC)cc1,64.679695
*Oc1ccc([Si](C)(C)c2ccc(OC(=O)c3cccc(C(*)=O)c3)cc2)cc1Oc1ccccc1,157.26698
*Oc1ccc([Si](C)(C)c2ccc(OCC(CC)CCCS(=O)(=O)O)cc2Sc2ccc(C(*)=O)cc2)cc1,112.74363
*Oc1ccc([Si](C)(C)c2ccc([Si](C)(C)c3ccc(Oc4ccc(-c5ccc(*)cc5)cc4)cc3)cc2)cc1,138.98807
*Oc1ccc([Si](C)(CC)c2ccc(OC(=O)CCCCCCC(*)=O)cc2)cc1,41.79666
*Oc1ccc([Si](C)(c2ccccc2)c2ccc(Oc3ccc(Sc4ccc(*)cc4)cc3)cc2)cc1,164.15787
*Oc1ccc2cc(CCCCCCCCCCCCCCCC)c(*)cc2c1-c1ccc(Oc2ccc(OCC)cc2)cc1,94.86157
*Oc1ccc2cc(OC(=O)c3ccc(OCCCCCCCCCOc4ccc(C(*)=O)cc4)cc3)cc(Cl)c2c1,110.51734
*Oc1ccc2ccc(Oc3ccc(C(=O)c4cccc(S(=O)(=O)c5ccc(*)cc5)c4)cc3)cc2c1,226.13757
*Oc1ccc2ccc(Oc3ccc(NC(=O)c4ccc(C(=O)Nc5ccc(Cc6ccc(C(*)=O)cc6)cc5)cc4)cc3)cc2c1,240.94394
*Oc1cccc(-c2ccc(NC(=O)c3ccc(Sc4ccc(C(*)=O)cc4)cc3)c(O)c2)c1,234.01196
*Oc1cccc(-c2ccc(Oc3ccc(C(=O)c4ccc(*)cc4)cc3)cc2Oc2ccc(S(=O)(=O)c3ccccc3)cc2)c1,206.19
*Oc1cccc(-c2cccnc2Oc2ccc(*)cc2)c1,143.79408
*Oc1cccc(Br)c1C(=O)OC(C(*)=O)C(=O)OCC,105.440254
*Oc1cccc(C(=*)OC)c1,64.78022
*Oc1cccc(C(=O)NCCCCCNC(=O)c2ccc(*)cc2)c1,118.815125
*Oc1cccc(C(=O)NCCCCCNC(=O)c2ccc(OC(=O)c3ccc(C(*)=O)cc3)cc2)c1CCl,94.87496
*Oc1cccc(C(=O)NNC(=O)c2cccc(*)c2)c1,185.93207
*Oc1cccc(C(=O)NNC(=O)c2cccc(C(=O)OCC(O)C(*)=O)c2)c1,150.00261
*Oc1cccc(C(=O)Nc2ccc(NC(=O)c3ccc(*)cc3)c(C)c2)c1C,231.87732
*Oc1cccc(C(=O)Nc2cccc(NC(=O)CCCCCCCCCCC(*)=O)c2)c1,83.41983
*Oc1cccc(C(=O)OCCCCCCCCCCOC(=O)c2ccc(OC(=O)c3cccc(C(*)=O)c3)cc2OC)c1,47.085342
*Oc1cccc(C(=O)Oc2cc(C)c(O*)cc2OC)c1,115.35353
*Oc1cccc(C(=O)Oc2ccc(C(=O)Oc3ccc(O*)c(-c4ccc([N+](=O)[O-])cc4)c3)cc2OCCCCCCCCCCCCCCCC)c1,80.6461
*Oc1cccc(C(=O)Oc2ccc(OC(*)=O)cc2)c1,65.45881
*Oc1cccc(C(=O)Oc2ccc(S(=O)(=O)c3ccc(Oc4ccc(C(C)(C)c5ccc(*)nc5)cc4)cc3)cc2)c1,152.90848
*Oc1cccc(C(=O)c2cccc(Oc3ccc(NC(=O)c4ccc(*)cc4)cc3)c2)c1,175.52632
*Oc1cccc(C(COc2ccc([Si](C)(C)c3ccc([Si](C)(C)[Si](C)(C)Oc4ccc(*)cc4)cc3)cc2)OC)c1,71.67228
*Oc1cccc(COC(=O)Oc2ccc(/N=C/c3ccc(OC(=O)CCCCC(*)=O)cc3)cc2)c1,41.409225
*Oc1cccc(NC(=O)/C=C/C(=O)OCC(O)CC(*)=O)c1,94.368484
*Oc1cccc(NC(=O)CCCCCCCCC(=O)Nc2cccc(C(=O)Nc3ccc(OC(=O)c4ccc(*)cc4)cc3)c2)c1,109.52663
*Oc1cccc(NC(=O)NCCCCCCCCCCCNC(*)=O)c1,97.68582
*Oc1cccc(NC(=O)NCCCCNC(=O)Nc2ccc(C(=O)OC(=O)Nc3ccc(Oc4ccc(*)cc4)cc3)cc2)c1,116.682495
*Oc1cccc(NC(=O)Nc2ccc(Cc3ccc(N=*)c(OC)c3)cc2C(F)(F)F)c1,174.78381
*Oc1cccc(NC(=O)Nc2ccc(Sc3ccc(NC(=O)OCCCC(*)=O)cc3)cc2)c1,113.68907
*Oc1cccc(NC(=O)c2cc(NC(=O)OCCOCCOCCOC(*)=O)cc(S(=O)(=O)O)c2)c1,43.557053
*Oc1cccc(NC(=O)c2ccc(-c3ccc(C(=O)Nc4ccc(C(=O)c5ccc(*)cc5)cc4)cc3)cc2)c1C#N,240.8342
*Oc1cccc(NC(=O)c2ccc(-c3ccc(C(=O)Nc4ccc(NC(=O)c5ccc(*)cc5)cc4)cc3C(F)(F)F)c(C(C)(C)C)c2)c1,241.81258
*Oc1cccc(NC(=O)c2ccc(/N=N/c3ccc(OC(*)=O)cc3)cc2)c1,150.96503
*Oc1cccc(NC(=O)c2ccc(C(=O)NNC(=O)CCCCC(=O)Nc3ccc(C(*)=O)cc3)cc2)c1,173.5614
*Oc1cccc(NC(=O)c2ccc(N=*)c(C)c2)c1,169.92279
*Oc1cccc(NC(=O)c2ccc(NC(=O)/C=N/c3ccc(Cc4ccc(C(*)=O)cc4)cc3)cc2)c1,213.75095
*Oc1cccc(NC(=O)c2ccc(NC(=O)CCCCCCCCCCC(=O)c3ccc(-c4ccc(C(*)=O)cc4)cc3)cc2)c1,119.817406
*Oc1cccc(NC(=O)c2ccc(NC(=O)c3cccc(C(=O)Nc4ccc(*)cc4)c3)cc2)c1,246.41287
*Oc1cccc(NC(=O)c2ccc(Oc3ccc(C(=O)Nc4ccc(*)cc4)cc3)cc2C(=O)Oc2ccccc2)c1,191.16806
*Oc1cccc(NC(=O)c2ccc([Si](C)(C)c3cccc(C(*)=O)c3)cc2)c1,171.9563
*Oc1cccc(NC(=O)c2cccc(C(=O)Nc3ccc(C(=O)c4cccc(C(=O)c5ccc(*)cc5)c4)cc3)c2)c1C(=O)OCC#N,157.21216
*Oc1cccc(NC(=O)c2cccc(C(=O)O)c2)c1C(=O)N(*)C,179.54436
*Oc1cccc(NC(=O)c2cccc(P(=O)(c3ccccc3)c3cccc(C(=O)Nc4cccc(*)n4)c3)c2)c1,202.25948
*Oc1cccc(OC(=O)CC(CC(C)NC(=O)O)C(*)=O)c1,35.986694
*Oc1cccc(OC(=O)CCCCCCCCC(=O)Nc2ccc(Oc3ccc(C(C)(C)c4ccc(OC(*)=O)cc4)cc3)cc2)c1,73.68118
*Oc1cccc(OC(=O)CCCCCCCCC(=O)OCOC(*)=O)c1,-3.1078033
*Oc1cccc(OC(=O)CCCCCCCCCCCCCCC(*)=O)c1-c1ccc(OCCOCC)cc1,30.879707
*Oc1cccc(OC(=O)CCCCCCCCCCCCCCC(=O)Oc2cccc(*)n2)c1,43.559364
*Oc1cccc(OC(=O)CCCCCCCCCCCCCCCCCCCC(=O)Oc2ccc(*)cc2)c1,46.32328
*Oc1cccc(OC(=O)OCCCCCCCCOC(=O)OCCOC(=O)Nc2ccc(SC(=O)CS*)cc2)c1,19.799294
*Oc1cccc(OC(=O)OCCCCCCCOC(=O)c2ccc(OC(=O)CCCCCCCCC(*)=O)c(C#N)c2)c1,4.423004
*Oc1cccc(OC(=O)Oc2ccc(C(=O)OCCCCCCCCCCCCOC(=O)c3cccc(C(*)=O)c3)cc2)c1O,32.070915
*Oc1cccc(OC(=O)c2cc(Cc3ccc(*)cc3)cc(OCCOCCCC)c2)c1,85.52722
*Oc1cccc(OC(=O)c2ccc(C(*)=O)cc2SCCCCCC)c1,73.670204
*Oc1cccc(OC(=O)c2ccc(C(=O)Oc3ccc(*)cc3)cc2)c1,109.978745
*Oc1cccc(OC(=O)c2ccc(C(=O)[SH](C)(CC)OC(=O)c3ccc(*)cc3)cc2)c1,119.47182
*Oc1cccc(OC(=O)c2ccc(CCCCCC(=O)OC(=O)c3ccc(OCc4ccccc4)cc3)c(C(=O)O)c2)c1*,88.692444
*Oc1cccc(OC(=O)c2ccc(F)cc2)c1CC/C(=C/C=*)c1ccccc1,109.596634
*Oc1cccc(OC(=O)c2ccc(NC(=O)CCCCCCCCCCCCCCCCCCS(*)(=O)=O)cc2)c1,50.88816
*Oc1cccc(OC(=O)c2ccc(OCCC(F)CCC(*)S[Si](C)(C)C)cc2)c1,45.74417
*Oc1cccc(OC(=O)c2cccc(C(=O)OCCOCCOCCOCCOCCOC(*)=O)c2)c1,-3.0305023
*Oc1cccc(OC(=O)c2ccccc2C(=O)OCCOC(*)=O)c1,35.529175
*Oc1cccc(OCC(O)COC(=O)Nc2cccc(C(C(=O)O)c3ccc(*)cc3)c2)c1,115.336914
*Oc1cccc(OCc2ccc(S(*)(=O)=O)cc2C)c1,147.40495
*Oc1cccc(OP(=O)(C(*)=O)c2ccccc2)c1,89.32129
*Oc1cccc(Oc2c(C)cc(C(C)(C)c3cc(C)c(Oc4ccc(C(=O)Nc5ccc(NC(=O)c6ccc(*)cc6)cc5)cc4)c(C)c3C)cc2Br)c1C,235.87506
*Oc1cccc(Oc2ccc(-c3ccc(Oc4ccc(C(=O)c5cccc(*)c5)cc4)cc3)cc2)c1,183.53717
*Oc1cccc(Oc2ccc(-c3ccc(Oc4ccc(OC5=CC=C6C=CC=CC(*)=CC=C5C6=O)cc4C(F)(F)F)cc3)cc2)c1,190.3299
*Oc1cccc(Oc2ccc(/C=N/C=C/c3ccc(*)cc3)cc2)c1,165.1788
*Oc1cccc(Oc2ccc(/N=C/c3ccc(Oc4ccccc4-c4ccccc4)cc3)c(OCCCCCCCCCCCCCCCCCCCCCC)c2)c1*,102.06537
*Oc1cccc(Oc2ccc(C(=O)/C=C/c3ccc(*)c(C)c3)cc2)c1,200.00546
*Oc1cccc(Oc2ccc(C(=O)Nc3ccc(Cc4ccc(NC(=O)c5ccc(*)cc5)cc4)cc3)cc2)c1,201.91608
*Oc1cccc(Oc2ccc(C(=O)c3ccc(*)cc3)cc2)c1C,158.5557
*Oc1cccc(Oc2ccc(C(=O)c3ccc(C(=O)c4ccccc4*)cc3)cc2)c1,171.9298
*Oc1cccc(Oc2ccc(C(=O)c3ccc(Nc4ccc(C(=O)c5ccc(*)cc5)cc4)cc3)cc2)c1,179.26889
*Oc1cccc(Oc2ccc(C(=O)c3ccc(Oc4ccc(C(O)c5ccc(*)cc5)cc4)cc3)cc2)c1,185.11673
*Oc1cccc(Oc2ccc(NC(=O)/C=C/C(C)(C)C#N)cc2)c1SCCCCCCCCCCCCCCCCc1ccccc1C(*)=O,109.91936
*Oc1cccc(Oc2ccc(NC(=O)CCCCC(=O)Nc3ccc(S(=O)(=O)c4ccc(Oc5ccc(C(=O)c6ccc(*)cc6)cc5)cc4)cc3)cc2)c1,153.19217
*Oc1cccc(Oc2ccc(NC(=O)NCCCCCCNS(*)(=O)=O)cc2)c1,98.12138
*Oc1cccc(Oc2ccc(Oc3ccc(C(=O)c4ccc(*)cc4)cc3)cc2S(=O)(=O)[O][Na])c1,179.62355
*Oc1cccc(Oc2ccc(Oc3ccc(C(=S)c4ccc(*)cc4)cc3)cc2)c1,147.10208
*Oc1cccc(Oc2ccc(S(=O)(=O)c3ccc(NC(=O)c4ccc(NC(=O)c5ccc(C(=O)Nc6ccc(*)cc6)cc5)cc4)c(C)c3)cc2)c1C,228.08963
*Oc1cccc(Oc2cccc(NC(=O)c3cc(OCCCCCCCC)c(C(*)=O)cc3OCCCCCCCCCC)c2)c1,72.408264
*Oc1cccc(Oc2ccccc2C(=O)OCCCCCCOc2ccc(/N=N/c3ccc(OC(=O)c4ccccc4C(*)=O)cc3)cc2)c1C,91.54242
*Oc1cccc(Oc2ccccc2C(=O)c2cccc(C(=O)c3ccc(C(*)=O)cc3)c2)c1,169.31818
*Oc1cccc(Oc2ccccc2Oc2ccc(C(=O)c3ccc(*)cc3)cc2)c1,135.70645
*Oc1cccc(S(=O)(=NCC(*)=O)C(C)C)c1,79.49225
*Oc1cccc(S(=O)(=O)NCCCCNC(=O)c2ccc(*)cc2)c1,110.13755
*Oc1cccc(S(=O)(=O)Oc2ccc(SC(C)(C)c3ccc(*)cc3)cc2)c1,91.84276
*Oc1cccc(S(=O)(=O)c2ccc(Oc3ccc(C(C)(C)c4ccc([Si](*)(C)CCCC)cc4)cc3)cc2C(C)(C)C)c1,109.640335
*Oc1cccc(S(=O)(=O)c2cccc(NC(=O)c3ccc(NC(=O)c4ccc(C(=O)Nc5ccc(*)cc5)cc4)cc3)c2)c1,232.63362
*Oc1cccc(S(=O)(=O)c2cccc(Oc3ccc(*)cc3)c2)c1,150.97195
*Oc1cccc([Si](*)(C)C)c1,54.91604
*Oc1ccccc1-c1ccc(NC(=O)c2ccc([Si](C)(C)c3ccc(C(C)(C)c4ccc(C(=O)Oc5ccc(C(*)=O)cc5)cc4)cc3)cc2)cc1,170.10724
*Oc1ccccc1C(=O)NNC(=O)c1ccc(*)nc1,188.79126
*Oc1ccccc1C(=O)OC(=O)CCCCCCCCCCCOC(*)=O,5.536087
*Oc1ccccc1C(=O)OC(=O)c1cccc(NC(=O)CCCCCCCC(*)=O)c1,43.71521
*Oc1ccccc1C(=O)OC(C)C(*)CC,56.784187
*Oc1ccccc1C(=O)OC(O)C(O)N(*)CC,45.961708
*Oc1ccccc1C(=O)OCC(F)(F)C(F)(F)C(F)(F)C(*)(F)OCC(F)(F)CC(F)(F)C(F)(F)C(F)(F)C(F)(F)C(F)(F)C(F)(F)C(F)(F)C(F)(F)C(F)(F)C(F)(F)C(F)(F)C(C)(F)F,-24.749512
*Oc1ccccc1C(=O)OCCCCCCOC(*)=O,-5.778
*Oc1ccccc1C(=O)OCCOC(=O)Oc1ccc(OC(*)=O)cc1,25.6725
*Oc1ccccc1C(=O)OCCOC(=O)c1cc(Cl)ccc1OC(=O)OC(=O)c1ccccc1O*,60.727654
*Oc1ccccc1C(=O)OCCOCC(F)(F)C(F)(F)C(F)(F)C(*)(F)F,3.169342
*Oc1ccccc1C(=O)O[Si](C)(C)c1ccc(*)c(OCCOc2ccccc2Oc2ccc(Br)cc2)c1,70.622086
*Oc1ccccc1C(=O)Oc1ccc(C(C)(C)c2ccc(*)nc2)cc1,110.57605
*Oc1ccccc1C(=O)Oc1ccc(OC(=O)c2ccc(S(=O)(=O)N(C)[Si](C)(C)c3ccc(OC(*)=O)cc3)cc2)cc1,121.42261
*Oc1ccccc1C(=O)Oc1ccc(Oc2ccc(C(=O)CNc3ccccc3Oc3ccc(*)cc3)cc2)cc1,159.49998
*Oc1ccccc1C(=O)Oc1ccc(Oc2ccc(C(=O)OCCCCCCCOC(*)=O)cc2)cc1,50.995125
*Oc1ccccc1CC(=O)Nc1cccc(NC(=O)c2cccc(C(*)=O)c2)c1,217.87231
*Oc1ccccc1CCN(C=C)c1ccc(C(*)=O)cc1OCC(C)O,90.830734
*Oc1ccccc1COC(=O)c1ccc(/N=C/c2ccc(C=*)cc2)cc1,143.23926
*Oc1ccccc1NC(=O)CCCCC(=O)NNC(=O)c1cccc(C(=O)NNC(=O)c2cccc(C(*)=O)c2)c1,159.28401
*Oc1ccccc1NC(=O)CCCCCCC(*)=O,40.71975
*Oc1ccccc1OC(=O)c1ccccc1[Si](*)(C)O,44.539726
*Oc1ccccc1Oc1ccc(/C=C/N/C=N/c2ccc(*)cc2)cc1,183.86119
*Oc1ccccc1Oc1ccc(C(=O)c2ccc(Oc3ccc(C(=O)c4ccc(*)cc4)cc3NCCCCCCCCCC)cc2)cc1,94.40576
*Oc1ccccc1Oc1cccc(C(=O)c2ccc(*)cc2)c1,136.68793
*Oc1nc(Br)nc(C(*)=O)c1O,165.17973
*Pc1ccc(C(C)(C)c2ccc(S(*)(=O)=O)cc2)cc1,203.86296
*S#C[Si](*)(C)CCCCCCC,-82.41611
*SC(*)C(=O)OCC#N,3.1891022
*SC(=*)CCCC,-45.608322
*SC(=CCSCCCCCC(*)=O)CC(C)SC,-16.098907
*SC(=N)C(C)N(*)CCCC(C)C,-22.877335
*SC(=O)/C=C/c1ccc(NC(=O)CCCCCC(=O)Nc2ccc(C(=O)OCCOc3ccc(*)c(S(=O)(=O)O)c3)c(Cl)c2)cc1,129.39723
*SC(=O)C(O)C(C)C(*)=O,86.326096
*SC(=O)CCCCC(=O)Oc1ccc(/C=C2/CC/C(=C\c3ccc(OC(*)=O)cc3)C2=O)cc1,91.56142
*SC(=O)CCCCCCCCCCCCCC(=O)NC(C)CC(=O)NCCCCCCCCNC(*)=O,49.849068
*SC(=O)Cc1ccc(CC(*)=O)cc1,77.938896
*SC(=O)NCc1ccc(CN(*)CCC)cc1,106.76315
*SC(=O)Nc1ccc(NC(=O)c2cc(C(*)=O)cc(C(F)(F)F)c2)cc1,255.78558
*SC(=O)SSSCCSCCSCSCCCCNS(*)(=O)=O,-13.615723
*SC(=O)c1cc(OCCC(C)CC)c(C(*)=O)cc1C,78.35231
*SC(=O)c1ccc(-c2ccc(C(=O)NC(=O)c3ccc(C(=O)NNC(*)=O)cc3)cc2)cc1,232.84106
*SC(=O)c1ccc(NC(=O)CCCCC(=O)Nc2ccc(NC(*)=O)cc2)cc1,182.00212
*SC(=O)c1cccc(C(=O)/C=C/C(=O)Oc2ccc(C(*)=O)cc2C(=O)OCCCCCCCCCC)c1,82.21924
*SC(=O)c1ccccc1NC(=O)c1ccccc1C(=O)OCCOCCOC(*)=O,43.576332
*SC(=O)c1ccccc1Oc1ccccc1C(=O)c1ccc(*)cc1,120.23807
*SC(C(*)=O)C(=O)OCC(C)(C)C#N,74.76754
*SC(C)C(*)[Si](C)(C)C,37.931618
*SC(C)CCC(*)CO[Si](C)(C)C,-25.933884
*SC(F)(F)C(F)(F)C(F)(F)C(*)(F)F,-36.521423
*SC1C=CC(C(*)=O)C1(C)C,129.53415
*SC1CCC(C(=O)OCCC(C)CC(C)(C)C)C(*)C1,59.656822
*SC1CCC(NC(=O)CCCCCCCC(*)=O)C1(C)C,52.499794
*SC1CCC(OC(=O)CCCCCCCCC(*)=O)CC1,25.664764
*SC=C(*)CO,-41.838425
*SC=C(C(*)=O)S(=O)(=O)Cl,41.853195
*SCC(*)OC(C)(C)O,-47.106476
*SCC(*)SC(=O)O,-9.072678
*SCC(*)c1ccccc1C(=O)O,59.473824
*SCC(=O)NC(C)SC(*)=O,25.38665
*SCC(=O)NCC(*)CC,25.238281
*SCC(=O)NCCCCCCNC(=O)C(*)C,86.3611
*SCC(=O)Nc1ccc(Cc2ccc(NC(=O)NCCc3ccc(NC(*)=O)cc3)cc2)cc1,212.4371
*SCC(=O)OC(=O)c1ccc(OC(=O)CCCCCC(*)=O)cc1,-0.9164429
*SCC(=O)OCCCCCCOC(=O)C1CCN(*)CC1C,12.386246
*SCC(=[N+])Nc1ccc(Cc2ccc(NCC(*)=O)cc2)cc1,153.93636
*SCCCCCCCCOC(=O)c1ccc(C(*)=O)cc1,31.531479
*SCCCCCCOC(=O)CCCCCCC(=O)OCCCCOC(=O)c1ccc(C(=O)NCCC(=O)Nc2ccc(*)cc2)cc1,45.77276
*SCCCSS[Si](*)(C)C,-93.964005
*SC[Si](*)(C)CCCCCCC,-67.28409
*SN(CCC(=O)OCC)C(*)C(=O)OC,37.51693
*SNC(=O)/C=C/C(=O)OCCOCCOCCOCCOCCOCCOCCOc1ccc(*)cc1,23.824234
*SNC(=O)CCCCCCCCC(=O)OCCCCC(=O)NCCCCCCNC(=O)C(*)C,4.0393066
*SNC(=O)CCCCCCCCCCC(*)=O,34.254234
*SNC(=O)c1ccccc1C(=O)NNC(=O)c1ccc(*)cc1,200.77415
*SNc1ccc(*)c(C(=O)O)c1,114.081505
*SP(*)(=O)OC(C)COC(C)=O,-10.966385
*SSC(=O)NCCCCC(C(=O)NCCCCCCNC(*)=O)C(=O)OC(C)=O,24.282364
*SSSCSSSSSSSSSSSSSSSSSSSSS*,-57.810425
*SSc1ccc(-c2ccc(OC(=O)NCCCCCCOCC(*)=O)cc2)cc1,57.86567
*SSc1ccc(-c2cccc(C(*)=O)c2)cc1,124.868355
*SSc1ccc(/C=C/c2ccc(/N=N/c3ccc([Si](*)(C)C)cc3)cc2)cc1,151.34636
*S[Si](*)(C)CCCCCCc1ccc(-c2ccccc2)cc1,10.859985
*S[Si](*)(C)c1ccccc1,2.6233978
*Sc1c(C)cc(*)nc1C,211.26794
*Sc1cc(C(=O)O)cc(*)c1C,164.31747
*Sc1cc(C)c(NC(=O)c2cc(C(*)=O)cc(C(=O)O)c2)cc1C,249.01715
*Sc1cc(CCCCCCCCCC#N)c(*)cc1Cc1ccccc1,50.447136
*Sc1cc(O)c(*)cc1CCCCCCCC,65.07439
*Sc1cc(OCCCCCCCCCCCCCC)c(Cc2cc(C)c(*)c(CCCCCCCCC)c2)cc1C,32.00106
*Sc1ccc(*)c(N)c1,235.41914
*Sc1ccc(*)c(OCCC)c1C,122.76962
*Sc1ccc(*)cc1[N+](=O)[O-],213.64716
*Sc1ccc(-c2cc(CCCCCC)c(*)cc2CCCCCCCC)cc1,26.910896
*Sc1ccc(-c2ccc(*)c(S(=O)(=O)O)c2)cc1,154.25053
*Sc1ccc(-c2ccc(*)cc2)cc1-c1cccnc1,155.11847
*Sc1ccc(-c2ccc(-c3nnc(*)s3)s2)cc1,145.16817
*Sc1ccc(-c2ccc(NC(=O)NC(=O)c3ccc(C(=O)NNC(=O)c4ccc(C(*)=O)cc4)cc3)cc2)cc1,270.4429
*Sc1ccc(-c2ccc(Nc3ccc(Cc4ccc(NC(=O)c5ccc(C(*)=O)cc5)cc4)cc3)cc2)cc1,200.45403
*Sc1ccc(-c2ccc(SC(*)=S)cc2)cc1,118.448425
*Sc1ccc(/N=N/c2cc(C)c(N=*)cc2SCCCCCC)cc1,110.45814
*Sc1ccc(/N=N/c2ccc(C(=O)c3ccc(*)cc3)cc2)cc1,185.79135
*Sc1ccc(C(*)=C(Oc2ccc(C#N)cc2)c2ccc(OCCCCCC)cc2)cc1,89.06293
*Sc1ccc(C(*)=C)c2ccccc12,110.22418
*Sc1ccc(C(=O)/C=C/C(=O)Nc2cccc(*)n2)c(C)c1,192.77159
*Sc1ccc(C(=O)CCc2ccc(*)cc2)cc1,124.53017
*Sc1ccc(C(=O)CCc2ccc(C(=O)C=*)cc2)cc1,81.867516
*Sc1ccc(C(=O)NNC(=O)c2ccc(C(=O)SN(*)CC)cc2)cc1,186.19788
*Sc1ccc(C(=O)Nc2ccc(-c3ccc(NC(=O)CCCCCC(*)=O)cc3)cc2)cc1,122.3994
*Sc1ccc(C(=O)OCCOC(=O)c2ccc(OC(C)CCOC(=O)CCCCCCCCc3ccc(C(*)=O)cc3)cc2)cc1,70.0759
*Sc1ccc(C(=O)c2ccc(C(=O)Nc3ccc(Sc4ccc(NC(=O)c5ccc(C(=O)Nc6ccc(*)cc6)cc5)cc4)cc3)cc2)cc1,252.9946
*Sc1ccc(C(=O)c2ccc(N(CC)CCCC)cc2)c(OCC(*)CCCCCCC)c1,58.000214
*Sc1ccc(C(C)(C)c2ccc(/C(C)=C/c3ccc(Oc4ccc(*)cc4)cc3)cc2)cc1,213.38956
*Sc1ccc(C(C)(C)c2ccc(NC(=O)CCCCCCCCCCCCC(*)=O)c(C(C)(C)C)c2)cc1C(=O)OCCCCC,84.36291
*Sc1ccc(C(C)(C)c2ccc(NC(=O)c3ccc(C(*)=O)cc3)cc2)c(C)c1,257.43402
*Sc1ccc(C(C)(C)c2ccc(Nc3cccc(C(*)=O)c3)c(Cl)c2)cc1,196.84995
*Sc1ccc(CC(*)=O)cc1C(CC)CCCOc1ccc([N+](=O)[O-])cc1,109.66882
*Sc1ccc(CC(*)CCCCCCCCCC)cc1,2.9111633
*Sc1ccc(CCc2ccc(C(*)=O)cc2C)cc1S(=O)(=O)/C=C/c1ccc(C)cc1,205.00078
*Sc1ccc(Cc2ccc(/C=N/c3ccc([N+](=O)[O-])cc3)cc2C(*)=O)cc1,229.33183
*Sc1ccc(Cc2ccc(NC(=O)c3cc(C(*)=O)cc(C(=O)OCCC)c3)cc2)cc1C,220.00722
*Sc1ccc(Cc2ccc(NC(=O)c3ccc(*)cc3)cc2)c(C)c1,209.06522
*Sc1ccc(Cc2ccc(NCC(=O)c3ccccc3C(*)=O)cc2)cc1,206.68668
*Sc1ccc(N(CCC)c2ccc(NC(*)=O)cc2C)cc1,233.09474
*Sc1ccc(NC(=O)CCCCCCCCCCCCC(=O)Nc2ccc(*)cc2)cc1,104.8076
*Sc1ccc(NC(=O)CCCCCCCCCCCCC(=O)Nc2ccc(C(=O)Nc3ccc(*)s3)cc2)cc1,140.67484
*Sc1ccc(NC(=O)CCCS(=O)(=O)CCCCC(*)=O)cc1,70.85093
*Sc1ccc(NC(=O)c2cc(C(C)(C)c3ccc(C(*)=O)cc3)ccc2Cl)cc1-c1ccccc1,261.41006
*Sc1ccc(NC(=O)c2ccc(Cc3ccc(NC(=O)c4ccc(C(*)=O)cc4)cc3)cc2)cc1,241.9586
*Sc1ccc(NC(=O)c2ccc(NC(=O)CCN3C(=O)c4ccc(*)cc4C3=O)cc2Oc2ccc(/N=N/c3ccc([N+](=O)[O-])cc3)cc2)cc1,251.35574
*Sc1ccc(NC(=S)c2ccc(Nc3ccc(Sc4ccc(*)cc4)cc3)cc2)cc1,207.9822
*Sc1ccc(OC(=O)c2ccc(C(*)=O)cc2Oc2ccc(C(C)(C)OC(C)CC)cc2)cc1,158.39587
*Sc1ccc(Oc2ccc(-c3ccc(Oc4ccc(C(=O)c5ccc(*)cc5)cc4)cc3)cc2)cc1-c1cccc(-c2ccccc2)c1,183.85663
*Sc1ccc(Sc2ccc(-c3ccc(*)cc3)cc2)c(S(=O)(=O)[O][Na])c1,218.07579
*Sc1ccc(Sc2ccc(CC(C(*)=O)C(O)CC)cc2)cc1,160.28232
*Sc1ccc(Sc2cccc([Si](C)(C)c3ccc(*)cc3)c2)cc1,146.51483
*Sc1ccc2c(c1)C(=O)N(c1ccc(C(=O)Nc3ccc(N4C(=O)c5ccc(*)cc5C4=O)cc3-c3ccccc3)cc1)C2=O,317.16974
*Sc1cccc(NC(=O)c2ccc(C(=O)Nc3ccc(NC(=O)c4ccc(*)cc4)cc3)cc2)c1,270.40454
*Sc1cccc(OC(=O)c2cccc(C(*)=O)c2)c1,141.2984
*Sc1cccc(Oc2ccc(NC(=O)c3ccc(C(*)=O)cc3)cc2C(=O)O)c1,236.4308
*Sc1ccccc1CCCNC(*)=O,95.79591
*[CH2][Fe]([*])[CH2]N,95.920715
*[CH2][Ge]([*])([CH2]CCC)[CH2]CCCCCCC,20.920174
*[CH2][Ge]([CH3])([CH3])[CH2][Si](*)(C)CC,-13.502533
*[CH2][Sn]([*])([CH2]C)[CH2]C#N,116.77117
*[CH2][Sn]([*])([CH3])[CH2]CC[PH](C)(C)C,66.18574
*[CH2][Sn]([*])[CH2]CCCCCCCCCCCCCCCCC,-76.41876
*[CH2][Sn]([CH3])([CH3])[c]1ccc(N(*)CCCC)cc1,125.722046
*[N+](=O)c1ccccc1[Si](*)(c1ccccc1)c1ccccc1,130.01006
*[N+](C)(CCCl)C(=*)NCCC,72.38562
*[PH](*)(CC(CC)CCCC)c1cccc(CCCCCCCC)c1,-6.576416
*[PH](*)(CCC(F)(F)F)OCC(F)(F)C(F)(F)C(F)(F)C(F)(F)C(F)(F)C(F)F,-31.305984
*[PH](*)([2H])C,48.38974
*[SH](*)([2H])=O,100.195435
*[Se]=Pc1cc(*)c(OCCCCCC)cc1OCCOc1ccc(S(=O)(=O)[O][Na])cc1,65.90504
*[Se]C(CCCCCCCCCCCSC(=O)OCC)C(=*)CCCCCCCCCC,-36.1669
*[Se]Nc1cc(C)c(*)cc1SC,144.24031
*[Se]Nc1ccc(/N=N/c2ccc(N(c3ccccc3)c3ccc(*)cc3)cc2)cc1,206.045
*[Se]c1cc(*)c(OCC(CC)CCCC)cc1CCCC,32.005936
*[Se]c1cc(CC(CC)CCCC)c(*)cc1Cl,70.17378
*[Se]c1cc(CCCSCCCC)c(*)cc1OCCCCCCC,21.417603
*[Se]c1cc(OC)c(/C=C/c2ccc(*)cc2)c(OC)c1C,169.68892
*[Se]c1cc(SCC(=O)OCCCCCCCCCCCCCC)c(*)s1,-6.3388367
*[Se]c1ccc(*)cc1OC(C)=O,118.141136
*[Se]c1ccc(-c2ccc(-c3ccc(Sc4cccc(*)n4)c(Br)c3)cc2)cc1,201.63162
*[Se]c1ccc(Cc2ccc(NC(*)=O)cc2)cc1,170.88866
*[Se]c1ccc(NC(=O)Nc2ccc(C(=O)NNC(=O)c3ccc(NC(=O)c4ccc(NC(=O)c5cccc(*)n5)cc4)cc3)cc2)cc1,188.82713
*[Se]c1ccc(Sc2ccc(NC(=O)CC(C)C(=O)Nc3ccc(*)cc3)cc2)cc1,235.86156
*[SiH](*)c1ccccc1C(C)C,89.562775
*[SiH]c1cc(*)c(OCC(C)CC)cc1C[Si](C)(C)c1ccccc1,46.043236
*[SiH]c1ccc(Br)c(C(*)=O)c1,227.1304
*[Si](*)(C)CCCCCC(=O)Oc1ccc(C(=O)Oc2ccc(Br)cc2)c(C(C)(C)C)c1,67.244156
*[Si](*)(C)CCCCCCCCCCCCCCCCCCCCCCCCCCCCCCCCCC,-46.854706
*[Si](*)(C)CCCCCCCCCCCOc1ccc(C(=O)Oc2ccc(C(=O)Oc3cccc(C=O)c3)cc2)cc1,52.50596
*[Si](*)(C)CCCCCCCCCCOc1ccc(/N=N/c2ccc([N+](=O)[O-])cc2)cc1,66.257324
*[Si](*)(C)CCCN(C)c1ccc(-c2ccc(C#N)cc2)cc1,76.7395
*[Si](*)(C)CCCN(C)c1ccc(-c2ccc(S(=O)(=O)c3ccc(OC)cc3)cc2)cc1,123.53683
*[Si](*)(C)CCCOc1ccc(C(=O)Oc2ccccc2)cc1,42.092667
*[Si](*)(C)CCC[Si](C)(C)C,-57.64131
*[Si](*)(C)CC[N+](C)(C)C,-17.770065
*[Si](*)(C)CCc1ccc(/C=C/c2ccc(S(=O)(=O)O)cc2)cc1,130.33989
*[Si](*)(C)CCc1ccc(Cl)c(Br)c1,72.02147
*[Si](*)(C)Cc1ccc(OC)cc1,61.87417
*[Si](*)(C)OCCCCCCOc1ccc(C(=O)Oc2ccc(C(=O)Oc3ccc(OC)cc3)cc2)c(Br)c1,54.69993
*[Si](*)(C)[Si](C)(C)CCCC,-60.63774
*[Si](*)(C)c1ccc(CCCCC)cc1,16.071594
*[Si](*)(CCC(F)(F)F)OCC(F)(F)C(F)(F)C(F)(F)C(F)(F)C(F)(F)COC(F)(F)C(F)(F)F,-57.649963
*[Si](*)(CCC)CC(=O)OCCC,-4.805588
*[Si](*)(CCCC)CCCCCCCCCCCCCC(=O)O,-32.72293
*[Si](*)(CCCC)NCCCCCCCC,-79.04587
*[Si](*)(CCCCC)CCCCCCCCCCC,-70.952545
*[Si](*)(CCCCC)CC[N+](C)(C)CCCCCCCC,-68.36183
*[Si](*)(CCCCC)OCCCCCCCCCCCCCCCCCCCCCCCC,-76.018616
*[Si](*)(CCCCC)OCCCCCCCCCCCCCCCCCCSC,-54.22957
*[Si](*)(CCCCCCC)CCCCCOc1ccc(-c2ccc([N+](=O)[O-])cc2)cc1,49.83716
*[Si](*)(CCCCCCC)N(CCCCCC)SCCC,-56.62471
*[Si](*)(CCCCCCCC)CCCCCCCCOc1ccc(-c2ccc(C#N)cc2)cc1,22.941635
*[Si](*)(CCCCCCCCCC)CCCCCCCCC(=O)Oc1ccc(-c2ccc(C(=O)OCCOCCCCCCOC(=O)c3ccc(/C=C/C(=O)O)cc3)cc2)cc1,48.41613
*[Si](*)(CCCCCCCCCCCCCC)OCCCCC,-74.74107
*[Si](*)(CCCCOc1ccc(-c2ccccc2)cc1)c1ccc(-c2ccccc2)cc1,62.96454
*[Si](*)(CCc1ccccc1)C(C)NC(=O)c1cccc(OCC)c1,110.01259
*[Si](*)([2H])CCCCCCOc1ccc(/C=C/c2ccc([N+](=O)[O-])cc2)cc1,95.17591
*[Si](C)(C)C[Si](C)(C)O[Si](C)(C)O[Si](C)(C)O[Si](*)(C)C,-52.05313
*[Si](C)(C)c1ccc(-c2ccc(-c3ccc(OCc4ccc(N=*)cc4)cc3)cc2)cc1,124.46418
*c1[nH]c(*)c(-c2ccc(-c3ccc(C#N)cc3)c(C(F)(F)F)c2)c1OCCCCCOc1cccnc1,104.25581
*c1[nH]c(*)c(Br)c1C,195.5201
*c1[nH]c(*)c(OCCCCCC)c1CCCC,13.288849
*c1[nH]c(*)c(S(=O)(=O)O)c1Br,141.96008
*c1[nH]c(*)c2c1OCCO2,72.98496
*c1[nH]c(-c2ccc(C=*)cc2)c(C)c1C,124.753204
*c1c(/C=N/c2ccc(/N=C/c3ccc(OC)cc3)cc2)ccc([Si](*)(C)CCCCCCCC)c1OCCCCCC,62.7437
*c1c[n+](OCC(CC)CC)c(*)nc1CCCCC,25.226234
*c1c[nH]c(*)c1CCCCCCCCCC,18.499512
*c1cc(*)c(Br)c(O)c1O,173.92941
*c1cc(*)c(Br)c(S(=O)(=O)c2ccccc2)c1,186.1571
*c1cc(*)c(C(=O)C(F)(F)C(F)(F)C(F)(F)F)cc1C,69.733635
*c1cc(*)c(C(=O)Nc2ccc(C#N)cc2C)c(C)c1,239.5053
*c1cc(*)c(C(F)(F)F)cc1Cl,205.45892
*c1cc(*)c(CCCCC)c(C)c1Br,108.41186
*c1cc(*)c(CCCCCCC)c(CC)c1CC,33.11219
*c1cc(*)c(CCCCCCCCC)s1,0.5018463
*c1cc(*)c(Cl)c(C(CC)CCCC)c1,99.99475
*c1cc(*)c(OC(C)(C)C)c(C)c1C,139.66808
*c1cc(*)c(OCC(F)(F)F)c(Br)c1F,117.546524
*c1cc(*)c([2H])c(S(=O)(=O)O)c1,153.12604
*c1cc(-c2ccc(CCCCCCCCCCCC)cc2)c(*)s1,16.246338
*c1cc(-c2ccc([Si](c3ccccc3)c3ccc([Si](*)(C)C)cc3)cc2)cc(C(C(F)(F)F)C(F)(F)F)c1,148.53612
*c1cc(-c2cccc(Br)c2)cc(N(*)c2ccccc2)c1,163.66594
*c1cc(-c2ccccn2)c(*)s1,146.96843
*c1cc(/C=C/c2ccc(*)c(C#N)c2)ccc1N,246.62881
*c1cc(/C=C/c2ccc(-c3cc(CCCC)c(*)cc3CCCCCC)cc2)c(OC)c(C(C)=O)c1,118.86833
*c1cc(Br)c(-c2cc(Cl)c(S(*)(=O)=O)c(OCCCCCCCCCCCCCCCC)c2)cc1OC,117.13163
*c1cc(Br)c(N=*)cc1C(C)CCCOc1ccc(/N=N/c2ccccc2)cc1,138.94328
*c1cc(C#N)c(-c2cc(CC)c(*)s2)c(CCCCCCCCCC)c1,42.34011
*c1cc(C(*)[2H])c(OC)cc1Cl,184.11989
*c1cc(C(=O)C(F)(F)F)c(*)cc1[2H],144.56566
*c1cc(C(=O)N(C)C)c(*)cc1[2H],204.88055
*c1cc(C(=O)O)c(*)c(OCCCCCCCCCC)c1CC,26.528893
*c1cc(C(=O)OCCCC)c(N2C(=O)c3ccc(-c4ccc5c(c4)C(=O)N(*)C5=O)cc3C2=O)c(C)c1C,248.08705
*c1cc(C(=O)c2ccc(N=*)c(OC)c2)ccc1O,123.98466
*c1cc(C(C)(C)C)c(*)cc1C(C)=O,198.50464
*c1cc(C(C)(C)C)c(Cl)c(*)c1C,201.8845
*c1cc(C(CCCCCC)CCCCCCCCCC)c(*)s1,-34.33049
*c1cc(C(O)C(O)COc2ccccc2)c(*)s1,88.28519
*c1cc(C)c(-c2cc(CCCCCCCCCCCC)c(*)s2)cc1I,51.850693
*c1cc(C)c(-c2nnc(*)n2C)c(Br)c1,179.19942
*c1cc(C)c(C)c(*)c1C#N,232.45552
*c1cc(C)c(C=*)cc1[SH]OC,143.03787
*c1cc(C)c(Cc2cc(OC)c(*)c(Cl)c2Cl)c(Cl)c1F,162.14517
*c1cc(C)c(Oc2ccc(NS(=O)(=O)c3ccc(*)c(Br)c3F)c(F)c2F)o1,181.48746
*c1cc(C=*)c(Br)c(Cl)c1O,152.33028
*c1cc(CCCC(C)(C)C)c(/C=C/c2ccc(*)c(N(CC)CCCCCC)c2)cc1Cl,106.52666
*c1cc(CCCC)c(Sc2ccc(-c3ccc(-c4ccc(/N=C/c5nnc(*)s5)cc4)cc3)cc2C#N)c(OCC(C)C)c1,193.16656
*c1cc(CCCCCC)c(C#N)c(*)c1OCCCCCCCCCC,15.612564
*c1cc(CCCCCCC(=O)OC)cc(C(=O)OCCN(*)c2ccccc2)c1,38.44551
*c1cc(CCCCCCC(F)(F)F)c(*)cc1Cl,72.43285
*c1cc(CCCCCCC)sc1*,18.654144
*c1cc(CCCCCCCCCC(F)(F)C(F)(F)C(F)(F)C(F)(F)C(F)(F)C(F)(F)C(F)(F)C(F)(F)C(F)(F)[Si](F)(F)C(F)(F)OCC(F)(F)C(F)(F)C(F)(F)F)c(*)s1,-63.051575
*c1cc(CCCCCCCCCCCC)c(-c2cc(C)c(*)cc2OCCCCCCCCCCCCCCCCCCCC)s1,18.526344
*c1cc(CCCCCCCCCCCCC)c(*)cc1CCCCC,-9.933289
*c1cc(CCCCCCCCN)c(*)s1,9.385284
*c1cc(CCc2ccccc2[Si](CC(=O)C(CCC)(CCC)C(*)(C(=O)O)C(F)(F)F)C(F)(F)F)ccc1-c1ccccc1,116.224976
*c1cc(CN(C)C)c(-c2cc(C)c(*)cc2C)[nH]1,121.9228
*c1cc(COCCC)c(*)cn1,93.2968
*c1cc(COCCCCCCCC)c(*)s1,-28.202072
*c1cc(Cl)c(*)c(C)c1O,249.7335
*c1cc(Cl)c(*)nc1-c1cccc(C)c1,167.51665
*c1cc(Cl)c(C=*)cc1C,187.60056
*c1cc(Cl)c(OCC(C)CCC(F)(F)C(F)(F)C(F)(F)C(F)(F)C(F)(F)C(F)(F)C(*)(F)F)c(C(F)(F)F)c1O,2.8654327
*c1cc(N(C)C)c(*)cc1O,218.2652
*c1cc(NC(=O)OCCOCCOCCOCCOc2ccc(-c3ccccc3)cc2)cc(C(=O)Nc2ccc(S(*)(=O)=O)cc2)c1,111.935844
*c1cc(Nc2ccc(N=*)cc2)cc(C(=O)OC(C)(C)C)c1,125.37822
*c1cc(O)c(*)nc1-c1ccc(OC)cc1,137.3357
*c1cc(O)c(C)c(*)c1C,231.47757
*c1cc(OC)c(*)cc1C=C,115.712326
*c1cc(OC)c(*)cc1CCCCCCCCCCCCCCCC,20.638779
*c1cc(OC)c(-c2ccc(*)c(OCCCCCCCC)c2)cc1CCCCCCCC,10.9366
*c1cc(OC)c(OCC(CC)O[Si](C)(C)C[Si](C)(C)C)cc1Oc1ccc(C(C)(C)c2ccc(S(*)(=O)=O)cc2)cc1,117.14659
*c1cc(OC)cc(C=*)c1Cl,134.73758
*c1cc(OCC(CC)OCC)c(*)s1,27.046272
*c1cc(OCC(CCCC)CCCC)c(*)s1,-10.970291
*c1cc(OCCC(C)(C)C)cc(*)c1C,113.61325
*c1cc(OCCCC)c(*)c(Br)c1C,140.05087
*c1cc(OCCCC)c(*)cc1CCCCCCCCCC,22.1316
*c1cc(OCCCCCCCC)c(*)cc1NC(=O)c1ccccc1,82.719894
*c1cc(OCCCCCCCCCC)c(-c2cc(C)c(-n3c(=O)c4cc5c(=O)n(*)c(=O)c5cc4c3=O)cc2C(F)(F)F)c(OCC)n1,228.57253
*c1cc(OCCCCCCCCCCCCCCCCCCCC)c(*)cc1OC,32.526924
*c1cc(OCCCCCCCCCCCCCCCCCCCC)cc(-c2sc(*)c3c2OCCO3)c1CCCCCC,47.563652
*c1cc(OCCCCCCCCCCCCCCCCCCCCCC)c(*)cc1OC,34.16761
*c1cc(OCCCCCCCCCCCCCCCOc2ccc(S(*)(=O)=O)cc2)ccc1N,71.40592
*c1cc(OCCCOCCCCCCCC)c(*)cc1OCCCCCCCC,-1.0032806
*c1cc(OCCCS(=O)(=O)CCOc2ccc(C#N)cc2)c(*)[nH]1,50.92727
*c1cc(OCCO)c(*)nc1SCC#N,85.1943
*c1cc(OCc2ccccc2)c(*)cc1Br,220.50864
*c1cc(Oc2ccccc2)cc(N=*)c1O,123.015625
*c1cc([N+](=O)[O-])c(*)cc1O,221.26251
*c1cc([N+](=O)[O-])ccc1C=*,145.68279
*c1ccc(*)c(-c2ccc(C)cc2)c1OCCCCCCCCCCCCCCCC,28.765625
*c1ccc(*)c(C(=O)OCCCCCCCCCCCCCCCC)c1,41.291283
*c1ccc(*)c(CC(CC)(CC)CC(C)(O)O)c1,103.94614
*c1ccc(*)c(OCCOCC)c1O,83.20699
*c1ccc(*)c(OCCOc2ccc(C(C)(C)c3ccccc3)cc2)c1,128.45087
*c1ccc(*)c(Oc2ccc(N(C)C)cc2)c1,192.82443
*c1ccc(*)c(S(=O)(=O)[O][K])c1,201.40208
*c1ccc(*)c([Si](C)(C)C)c1,103.72777
*c1ccc(*)c([Si](CCCC)CCCCCCCC)c1C,-1.1021881
*c1ccc(*)n1C(=O)CCCCCCCCC(=O)O,50.86486
*c1ccc(*)n1C(=O)OCC(=O)OCCCCCCCCCC,13.007751
*c1ccc(*)n1C(=O)OCCCCC(=O)OC,47.36213
*c1ccc(*)n1C(=O)OCCCCCCCCCCOCC(=O)Nc1ccc(/N=N/c2ccc(OCC)cc2)cc1,84.59354
*c1ccc(*)n1C(C(=O)OCCCCCCC)C(=O)OCCCCCCCCCC,1.3548889
*c1ccc(-c2cc(Br)c(-c3ccc(*)s3)s2)o1,85.65101
*c1ccc(-c2cc(C#N)cc(*)c2C)cc1,162.43123
*c1ccc(-c2cc(CCCC)c(*)o2)cc1CCCCCCCCCCCCC,-5.0163574
*c1ccc(-c2cc(CCCCCCC)c(*)s2)s1,12.338745
*c1ccc(-c2cc(CCCCCCCCCC)c(-c3cc(CCCCCCCC)c(*)cc3CCCCCCCCCCCC)cc2CCCCC)cc1,24.851044
*c1ccc(-c2cc(CCCCCCCCCCCC)c(*)cc2C)cc1,35.2053
*c1ccc(-c2cc(CCCCCCCCCCCC)c(*)s2)cc1SC,33.162262
*c1ccc(-c2cc(CCCCCCCCCCCCCCCC)c(*)s2)cc1CCCCCCC,-5.286484
*c1ccc(-c2cc(CCCCCCCCCCCCCCCCCCCCCC)c(*)cc2SCCCCCCCCCC)cc1,21.518974
*c1ccc(-c2cc(OCC(C)CC)c(*)nc2OCCCCCCCCCCCC)cc1OCCCCOc1ccc(/N=N/c2ccc([N+](=O)[O-])cc2)cc1,96.52161
*c1ccc(-c2cc(OCCCCCCCC)c(*)s2)cc1CC,34.67578
*c1ccc(-c2cc(SCCCCCCCCCCCCCC)c(*)s2)cc1CCCCCCCCCC,19.066399
*c1ccc(-c2ccc(*)c(-c3ccccc3)c2-c2ccc(OCCOCCOCCOCCOCCOCCOCCOCCCCCC)cc2)cc1,60.48188
*c1ccc(-c2ccc(*)c([SiH](F)F)c2)cc1,176.12997
*c1ccc(-c2ccc(*)cc2CCCCCCCCCCCCCCCCCC)c(CCCC)c1,31.95549
*c1ccc(-c2ccc(*)n2CCCCCCCC)cc1,51.05922
*c1ccc(-c2ccc(*)s2)c(-c2cc(Cl)c(Cl)c(Cl)c2[2H])c1,154.0417
*c1ccc(-c2ccc(-c3cc(C(=O)NC(CC)CCCC)c(*)s3)cc2)cc1,146.04314
*c1ccc(-c2ccc(-c3cc(CCCCCC)c(*)cc3CCCCCCCCCC)cc2CCCCCCCCCCC)cc1,19.47406
*c1ccc(-c2ccc(-c3cc(OC)c(*)cc3OC)c(C)c2)cc1C,182.28421
*c1ccc(-c2ccc(-c3cc(OCCCCCCCCCCCC)c(*)cc3CCCCCCCCCCCC)[nH]2)cn1,33.292213
*c1ccc(-c2ccc(-c3ccc(-c4cc(CCCCCCCCCC)c(*)s4)s3)cc2Br)nn1,65.76141
*c1ccc(-c2ccc(-c3ccc(-c4ccc(*)o4)cc3)cc2)c(-c2ccccc2)c1,158.03099
*c1ccc(-c2ccc(-c3ccc(-c4ccc(-c5ccc(*)cc5)cc4)cc3)cc2)cc1,196.33813
*c1ccc(-c2ccc(-c3ccc(-c4ccc(-c5ccc(*)s5)s4)s3)cc2)cc1,145.51738
*c1ccc(-c2ccc(-c3ccc(-c4ccc(N(*)c5ccc(C(C)(C)CC)cc5)cc4)cc3)cc2)cc1,186.54234
*c1ccc(-c2ccc(-c3ccc(-c4ccc([Si](*)(C)CCCCCC)cc4)s3)cc2)cc1,57.091278
*c1ccc(-c2ccc(-c3ccc(-c4nnc(*)s4)cc3)cc2)[nH]1,157.40009
*c1ccc(-c2ccc(-c3ccc(C(*)(CCCC)CCCCCC)cc3)cc2)cc1,76.79573
*c1ccc(-c2ccc(-c3ccc(Nc4ccc(-c5ccc(*)nc5)cc4)cc3)cc2)cc1,191.37065
*c1ccc(-c2ccc(-c3ccc(S(*)(=O)=O)cc3)cc2SC)cc1,200.40005
*c1ccc(-c2ccc(-c3ccc(S(=O)(=O)c4ccc(Oc5ccc(S(=O)(=O)c6ccc7c(c6)C(=O)N(*)C(=O)C7=O)cc5)cc4)cc3)cc2)c(C)c1,271.53473
*c1ccc(-c2ccc(-n3c(=O)c4cc5c(=O)n(*)c(=O)c5c(C)c4c3=O)cc2C(F)(F)F)c(C(C)(C)C)c1,351.0456
*c1ccc(-c2ccc(-n3c(=O)c4cc5c(=O)n(*)c(=O)c5cc4c3=O)c(F)c2Cl)c(F)c1F,350.7743
*c1ccc(-c2ccc(-n3c(=O)c4cc5c(=O)n(*)c(=O)c5cc4c3=O)cc2)c(OCCCCCCCC)c1,185.9725
*c1ccc(-c2ccc(-n3c(=O)c4cc5c(=O)n(*)c(=O)c5cc4c3=O)cc2C(F)(F)F)c(C(C)(C)C)c1,357.18518
*c1ccc(-c2ccc(-n3c(=O)c4cc5c(=O)n(*)c(=O)c5cc4c3=O)cc2C(F)(F)F)nc1,348.4251
*c1ccc(-c2ccc(/C=C/c3ccc(Cl)cc3Cl)c(*)c2)cc1,226.6471
*c1ccc(-c2ccc(C(=O)NNC(=O)c3ccc(C(=O)NCCCNC(=O)c4ccc(S(*)(=O)=O)cc4)cc3)cc2)cc1,218.10634
*c1ccc(-c2ccc(C(C)(c3ccccc3)N(*)CCCC)cc2)cc1,156.46983
*c1ccc(-c2ccc(C[Si](*)(c3ccccc3)c3ccccc3)cc2)cc1,144.71732
*c1ccc(-c2ccc(Cc3ccc(Sc4ccc(-c5nnc(*)n5-c5ccccc5)cc4)cc3)cc2)cc1,250.52437
*c1ccc(-c2ccc(N(CCC)CC(=O)c3ccc(*)s3)s2)o1,68.15317
*c1ccc(-c2ccc(N(c3ccccc3)c3ccc(-c4ccc(*)s4)s3)s2)cc1,139.47913
*c1ccc(-c2ccc(OCCSCCCCCCCCCCCCc3ccc(N=*)cc3)cc2)cc1,61.37725
*c1ccc(-c2ccc(Oc3ccc(-c4nnc(*)o4)s3)cc2)cc1,163.00522
*c1ccc(-c2ccc(S(*)(=O)=O)c(C(F)(F)F)c2)cc1C#N,183.48074
*c1ccc(-c2ccc(S(*)(=O)=O)c(C=O)c2-c2ccccc2)cc1,195.02138
*c1ccc(-c2ccc(S(*)(=O)=O)cc2)c(OCC(C)C)c1,144.46681
*c1ccc(-c2ccc(SSSSS(=O)(=O)c3ccc(C(=O)N4C(=O)c5ccc(C(*)(C(F)(F)F)C(F)(F)F)cc5C4=O)cc3)cc2)cc1,187.71284
*c1ccc(-c2ccc(Sc3ccc([Si](*)(C)C#N)cc3)cc2)c(C)c1,170.82979
*c1ccc(-c2ccc([Si](*)(C)C#N)cc2)c(C(=O)NCC[Si](C)(C)CC)c1,111.178345
*c1ccc(-c2ccc([Si](*)(C)CCCCCCCCCC)s2)o1,-36.85927
*c1ccc(-c2ccc([Si](*)(C)CN(C)C)cc2)o1,74.369705
*c1ccc(-c2ccc([Si](*)(C)O[Si](C)(C)OCC)cc2)cc1,33.503975
*c1ccc(-c2ccc([Si](*)(CC)NS(=O)(=O)O)c(OC)c2)cc1O,136.94286
*c1ccc(-c2ccc3c4nc(c(-c5ccccc5)c3c2)C=c2nc(*)ccc2=N4)cc1,295.22614
*c1ccc(-c2cccc(*)n2)c(Cl)c1,147.05087
*c1ccc(-c2nc(-c3ccccc3)c(-c3cc(CCCCCCCCCCCCCCCC)c(*)s3)o2)s1,45.406113
*c1ccc(-c2nnc(-c3ccc(-c4nnc(*)o4)cc3)n2-c2ccc(F)cc2)cn1,240.35725
*c1ccc(-c2sc(-c3cc(CCCCCCCC(CC)CC)c(*)s3)cc2CCCCCC)cc1,15.937408
*c1ccc(-c2sc(-c3cc(CCCCCCCCCCCC)c(*)s3)cc2C/C=C/c2ccc(OCCCCCCCCCCCC)cc2)cc1,65.46175
*c1ccc(-c2sc(-c3cc(CCCCCCCCCCCC)c(*)s3)cc2CCCCCCCCCCCCCC)cc1,13.469986
*c1ccc(-n2on2-c2ccc([Si](*)(C)C)c[c]2[Na])cc1,133.58513
*c1ccc(/C(C)=N/N=C(\c2ccccc2)c2ccc(Oc3ccc(N4C(=O)c5ccc(C(*)(C(F)(F)F)C(F)(F)F)cc5C4=O)cc3)cc2)cc1,241.913
*c1ccc(/C=C(\C)c2ccc(C(c3ccccc3)c3nnc(*)s3)s2)s1,161.8827
*c1ccc(/C=C/C(=C(C#N)C[Si](*)(C)C)[Si](C)(C)C)cc1,127.30473
*c1ccc(/C=C/[Si](C)(C)CCC(F)(F)C(F)(F)C(*)(F)F)cc1,49.097008
*c1ccc(/C=C/[Si](C)(C)c2ccc([Si](C)(C)[Si](*)(C)C)s2)s1,22.037186
*c1ccc(/C=C/c2c(C#N)cc(*)nc2C)cn1,214.29498
*c1ccc(/C=C/c2c(CCC)cc(*)c(-c3ccccc3)c2C)nc1,188.73563
*c1ccc(/C=C/c2ccc(-c3nnc(*)s3)cc2)cc1,232.57425
*c1ccc(/C=C/c2ccc(/C=C/C=C/c3ccc(N=*)c(SC)c3)c(C(=O)OCCCCCCCCCCCCCC)c2)cc1,116.84462
*c1ccc(/C=C/c2ccc(/C=C/c3cc(SCCCCCCCCCCCCCC)c(*)cc3CCCCCCCC)cc2OCCCCCCCCCCCCCCCC)s1,83.22664
*c1ccc(/C=C/c2ccc(N(c3ccccc3)c3ccccc3)cc2)cc1*,246.92793
*c1ccc(/C=C/c2ccc(N3C(=O)c4ccc(C(=O)c5ccc6c(c5)C(=O)N(*)C6=O)cc4C3=O)cc2)cc1,342.95453
*c1ccc(/C=C/c2ccc([Si](*)(C)C)cc2)c(OCCCCCCCC)c1,56.527702
*c1ccc(/C=C/c2ccc([Si](C)(CCCC)c3ccc(-c4ccc(*)s4)o3)s2)s1,68.43635
*c1ccc(/C=C/c2sc(-c3cc(CCCC)c(*)s3)cc2CCCCCCCC)cc1,65.78771
*c1ccc(/C=N/c2ccc(N=*)c(C)c2)cc1SCCC,154.66176
*c1ccc(/C=N/c2cccc(N=*)c2)cc1,154.75267
*c1ccc(/N=C(\C#N)C#C[SiH]c2cccnc2*)cc1,130.91864
*c1ccc(C#C)c(C=*)c1,104.289314
*c1ccc(C#Cc2ccc(-c3ccc(N4C(=O)c5ccc(S(=O)(=O)c6ccc7c(c6)C(=O)N(*)C7=O)cc5C4=O)cc3)cc2)cc1,322.69022
*c1ccc(C#Cc2ccc(OC(Oc3ccccc3)C(OC)C(*)CCCC)cc2)cc1,104.37953
*c1ccc(C(*)(C(=O)OC)c2ccc(-c3ccc(C)cc3)cc2)cc1,206.11938
*c1ccc(C(=O)C=CC(=O)c2ccc(Oc3ccc(*)c(CCCCCCC)c3)cc2)cc1,61.634056
*c1ccc(C(=O)CCCCCn2c(=O)c3cc4c(=O)n(*)c(=O)c4cc3c2=O)c(C)c1,213.88974
*c1ccc(C(=O)CN2C=CC(Oc3ccc(N4C(=O)c5ccc(*)cc5C4=O)cc3)C2)c(OCC)c1,202.18486
*c1ccc(C(=O)CNCC(=O)NCCCCCCCCCCCCCCCCCCCC(CC)NC(*)CC=C)cc1,75.16425
*c1ccc(C(=O)NCCCCCNC(=O)c2ccc([Si](*)(C)C)cc2)cc1,126.384224
*c1ccc(C(=O)NCCN(C)c2ccc(Nc3ccc(N4C(=O)c5ccc(*)cc5C4=O)cc3)cc2)cc1,228.07617
*c1ccc(C(=O)NCCN(CC)CCCC[Si](C)(C)NC(=O)c2ccc(C(=O)NC(=O)c3ccc(*)n3CCCCCC)cc2)cc1,86.44179
*c1ccc(C(=O)NNC(=O)c2ccc(-c3sc(*)cc3C)cc2OCCCCCCCCCC)c(OCC)c1,103.873245
*c1ccc(C(=O)NNC(=O)c2ccc(C(=O)Oc3ccc(OC(=O)c4ccc(-c5nnc(*)o5)cc4)cc3)cc2)cc1,170.42523
*c1ccc(C(=O)NSC(=O)Nc2cccc(C(=O)Oc3ccccc3*)c2)cc1,162.34587
*c1ccc(C(=O)Nc2ccc(Cc3ccc(SC(=O)Nc4ccc(S(=O)(=O)c5ccc(*)cc5)cc4)cc3)cc2)cc1,259.93793
*c1ccc(C(=O)Nc2ccc(NC(=O)CCCCCCCCCCCCC(=O)Nc3ccc(NC(=O)CCCOc4ccc(C(=O)c5ccc(C(=O)c6ccc(*)cc6)cc5)cc4)cc3)cc2)cc1,109.08224
*c1ccc(C(=O)Nc2ccc(NC(=O)c3ccc(*)cc3)cc2)cc1,256.2624
*c1ccc(C(=O)Nc2ccc(S(=O)(=O)c3ccc(N4C(=O)c5ccc(*)cc5C4=O)cc3)cc2)cc1,312.00916
*c1ccc(C(=O)OCCCCCCCCCCCCCCOC(=O)c2ccc(OCCCCCCCCOc3ccc(-c4nnc(*)o4)cc3)cc2)cc1,65.99812
*c1ccc(C(=O)OCCCCOC(=O)c2ccc(-c3ccc(C(=O)SN(*)c4ccccc4)cc3)cc2)cc1,103.53183
*c1ccc(C(=O)Oc2ccccc2I)c(*)c1,150.3534
*c1ccc(C(=O)c2cc(*)c(C(=O)O)c(C(=O)O)c2)cc1C(=O)OCCC(C(F)(F)F)C(F)(F)F,135.83257
*c1ccc(C(=O)c2ccc(Oc3ccc(-c4nnc(*)n4C)cc3)cc2)cc1,199.68817
*c1ccc(C(=O)c2ccc(S(=O)(=O)c3ccc(S(=O)(=O)c4ccc(S(*)(=O)=O)cc4)cc3)cc2)cc1,296.63107
*c1ccc(C(C)(C)c2ccc(-c3nc4cc(-c5ccc6nc(*)c(-c7ccccc7)nc6c5)ccc4nc3-c3ccccc3)cc2)cc1,320.83246
*c1ccc(C(C)(CCC)c2ccc(N3C(=O)c4ccc(-c5ccc6c(c5)C(=O)N(*)C6=O)cc4C3=O)cc2OCC(C)CC)cc1,269.77103
*c1ccc(C(C)(c2ccccc2)c2ccc(N(*)c3ccc(F)cc3)c(C)c2)cc1-c1ccccc1,258.76877
*c1ccc(C(C)(c2ccccc2)c2ccc(N3C(=O)c4ccc(-c5ccc6c(c5)C(=O)N(*)C6=O)cc4C3=O)cc2)cc1,319.4171
*c1ccc(C(C)c2ccc(*)cc2C(=O)OCC[Si](C)(C)C)cc1,127.52152
*c1ccc(C(F)(F)C(F)(F)C(F)(F)C(F)(F)C(F)(F)C(F)(F)C(F)(F)C(F)(F)C(F)(F)C(F)(F)C(F)(F)C(*)(F)F)cc1,-11.931122
*c1ccc(C(c2ccccc2)c2ccc([Si](C)(C)c3ccc(*)nc3)cc2)cc1,155.25446
*c1ccc(C)n(*)c1=O,185.92569
*c1ccc(C=*)c(OCCCCCCCC)c1,-6.834381
*c1ccc(C=*)cc1C(C)CC,123.77739
*c1ccc(CC(*)(CC)SS(=O)(=O)c2ccccc2)cc1,100.07938
*c1ccc(CC(=O)/C=C/c2ccc(S(=O)(=O)N(*)c3ccccc3)cc2)cc1,227.23773
*c1ccc(CC[SiH](*)c2ccc(/N=N/c3ccc(C#N)cc3)cc2)cc1,171.81494
*c1ccc(CCc2ccc(-n3c(=O)c4cc5c(=O)n(*)c(=O)c5cc4c3=O)cc2C(=O)O)cc1,302.616
*c1ccc(COCCOCCOCCOCC(*)(C)CC)cc1,-7.48761
*c1ccc(CO[Si](CCCCC)(CCCCCCCC)Oc2ccc(N3C(=O)c4ccc(-c5ccc6c(c5)C(=O)N(*)C6=O)cc4C3=O)c(C)c2)cc1C#N,168.86847
*c1ccc(Cc2cc(C)c(*)cc2OCCCCCCCC)c(OCC)c1,50.47146
*c1ccc(Cc2cc(CCCCCCCCC)c(Cc3cc(OCC(CC)CCC)c(*)cc3CCCC)cc2-c2ccccc2)nc1,60.077103
*c1ccc(Cc2ccc(-c3nnc(*)o3)cc2)cc1,157.29709
*c1ccc(Cc2ccc(N(*)C(=O)CCCC#N)cc2)cc1,145.54755
*c1ccc(Cc2ccc(N(*)c3ccc(Br)cc3)cc2)cn1,186.01854
*c1ccc(Cc2ccc(P(=O)(c3ccccc3)c3ccc(N(*)C)cc3)cc2)cc1,206.24312
*c1ccc(Cc2ccc(SCc3ccc(N4C(=O)c5ccc(C(*)(C(F)(F)F)C(F)(F)F)cc5C4=O)c(Cl)c3)cc2Cl)cc1,270.30655
*c1ccc(Cl)c(*)c1CC#N,126.115746
*c1ccc(N(*)C(=O)c2cccc(CCCCC)c2)cc1,143.0945
*c1ccc(N(*)CCC)o1,99.87173
*c1ccc(N(*)c2ccc(C(=O)OCCCCCCCCCCC)cc2)cc1,85.00827
*c1ccc(N(*)c2ccc(C[n+]3ccccc3F)cc2)cc1,206.8874
*c1ccc(N(CCCCC)c2ccc(Sc3ccc(*)s3)cc2)cc1,114.15351
*c1ccc(N(CCC[Si](C)(C)[Si](*)(C)C)c2ccc(N(C)C)cc2)cc1,98.24248
*c1ccc(N=*)c(SCCCCCCCC)c1,8.504425
*c1ccc(NC(=O)CCCCCCC(=O)Nc2ccc(C(=O)NCCCCCCSC(=O)Nc3ccc(C(=O)c4ccc(C(=O)Nc5ccc(S(*)(=O)=O)cc5)cc4)cc3)cc2)cc1,132.93733
*c1ccc(NC(=O)CCCCCCCCCCOC(=O)c2ccc(*)cc2)cc1,50.747375
*c1ccc(NC(=O)CCCCN(CC)C(C)C(=O)Nc2ccc(*)cc2)cc1,149.50676
*c1ccc(NC(=O)CSCCCCCNC(=O)c2ccc(C(=O)NCCC[Si](*)(C)C)s2)s1,45.078346
*c1ccc(NC(=O)c2ccc(-c3ccc(NC(=O)CCCCCCCC=*)cc3)cc2)cc1,121.5468
*c1ccc(NC(=O)c2ccc(-n3c(=O)c4cc5c(=O)n(*)c(=O)c5cc4c3=O)cc2SC)c(C)c1,364.0194
*c1ccc(NC(=O)c2ccc(C(=O)Nc3ccc(C(=O)c4ccc(N5C(=O)c6ccc(*)cc6C5=O)cc4)cc3)cc2)cc1,294.21307
*c1ccc(NC(=O)c2ccc(C(=O)OCCCCOC(=O)c3ccc(*)cc3)cc2)cc1,105.38699
*c1ccc(NC(=O)c2ccc(NC(=O)CCCCCC(=O)Oc3ccc(*)cc3Br)cc2)cc1,131.81015
*c1ccc(NC(=O)c2ccc(S(=O)(=O)c3ccc(C=*)nc3)cc2)cc1,240.18411
*c1ccc(NC(=O)c2cccc(C(=O)NC[Si](C)(C)c3ccc(S(=O)(=O)c4ccc(*)cc4)cc3)c2)cc1,220.4642
*c1ccc(NCC(=O)c2ccc(C3(*)CCCCCCCCCCC3)cc2)cc1,95.16849
*c1ccc(Nc2ccc(-n3c(=O)c4cc5c(=O)n(*)c(=O)c5cc4c3=O)cc2C(F)(F)F)c(C(C)(C)C)c1,326.51224
*c1ccc(Nc2ccc(C#Cc3ccc(N=*)cc3)cc2)cc1,157.51984
*c1ccc(Nc2ccc(C(C)(C)c3ccc(N(*)c4ccc(O)cc4)c(Br)c3)cc2)cc1,199.093
*c1ccc(Nc2ccc(N3C(=O)c4ccc(Oc5ccc6c(c5)C(=O)N(*)C6=O)cc4C3=O)cc2C(=O)OC(C)(C)C)c(C)c1,242.53699
*c1ccc(Nc2ccc([Si](C)(C)[Si](C)(C)N[Si](*)(C)C)cc2)cc1,69.68936
*c1ccc(OC(*)c2ccccc2)cc1,148.35825
*c1ccc(OC(=O)CCCCCCCCC(=O)Oc2ccc(-c3nnc(*)o3)cc2)cc1,84.87217
*c1ccc(OC(=O)CCCCCCCCCCC(=O)Oc2ccc(-n3c(=O)c4cc5c(=O)n(*)c(=O)c5cc4c3=O)cc2OCc2ccccc2)cc1,153.46754
*c1ccc(OC(=O)CCCCCCC[Si](*)(C)O[Si](C)(C)C)cc1,2.75708
*c1ccc(OC(=O)NCCCCCCCCCCCCNC(=O)Nc2ccc(CCC(=O)OC(=O)c3ccc4c(c3)C(=O)N(*)C4=O)c(C(C)(C)C)c2)cc1,111.005066
*c1ccc(OC(=O)c2ccc(C(=O)NNC(=O)c3ccc(*)cc3)cc2)cc1,224.3498
*c1ccc(OC(=O)c2ccc(NC(=O)c3ccc(-c4ccc(-c5nnc(*)o5)cc4)cc3)cc2)cc1,212.0805
*c1ccc(OC(CCCN)C(*)Sc2ccccc2)cc1,63.870903
*c1ccc(OCCCCC(=O)Nc2ccc(-n3c(=O)c4cc5c(=O)n(*)c(=O)c5cc4c3=O)c(C)c2)cc1C,254.59537
*c1ccc(OCCCCCC(=O)OCCCCCCOc2ccc(N(*)C)cc2)cc1,3.1938782
*c1ccc(OCCCCCCC(*)C#N)cc1,17.6753
*c1ccc(OCCCCCCCCCCCCC(=O)Oc2ccc(OC(=O)c3ccc4c(c3)C(=O)N(*)C4=O)cc2)c(O)c1O,84.31125
*c1ccc(OCCCCCCCCCCCOc2ccc(/N=C/c3ccc(/C=C/c4ccc(*)o4)s3)cc2)cc1,94.3801
*c1ccc(OCCCCCCCCCCCOc2ccccc2Oc2ccc(N3C(=O)c4ccc(S(=O)(=O)c5ccc6c(c5)C(=O)N(*)C6=O)cc4C3=O)cc2C)cc1,160.39397
*c1ccc(OCCCCCCCCCCC[Si](*)(C)C#N)c(CCCCCCC)c1,-2.3108673
*c1ccc(OCCCCCCCCCCC[Si](*)(C)O[Si](C)(C)COCC)cc1,-34.36287
*c1ccc(OCCCCCCCCCCOc2ccc(-n3c(=O)c4cc5c(=O)n(*)c(=O)c5cc4c3=O)cc2OCCCCCCC)c(C#C)c1,156.84973
*c1ccc(OCCCCCCCCCC[Si](C)(C)O[Si](C)(C)O[Si](C)(C)O[Si](C)(C)O[Si](C)(C)O[Si](C)(C)O[Si](C)(C)O[Si](C)(C)c2ccc([Si](*)(C)C)cc2)c(OCCCCCCCCCCCCCC)c1,-36.876556
*c1ccc(OCCCCCCCCC[Si](C)(C)O[Si](C)(C)O[Si](*)(C)CCC)cc1,-34.776062
*c1ccc(OCCCCCCCOc2ccc(Oc3ccc(-c4ccc(-c5nnc(*)o5)cc4)cc3)cc2)cc1,117.471985
*c1ccc(OCCCCOc2ccc(-c3ccc(N=*)cc3)cc2)cc1,83.95891
*c1ccc(OCCCCOc2ccc(N(*)CCCC)cc2)cc1,44.97554
*c1ccc(OCCOCCOc2ccc(N3C(=O)c4ccc(-c5ccc6c(c5)C(=O)N(*)C6=O)cc4C3=O)cc2)cc1,189.72885
*c1ccc(OCCOC[Si](C)(C)O[Si](C)(C)O[Si](C)(C)c2ccc(C(*)(C)C)cc2)cc1,-0.9424896
*c1ccc(OCCSCCCCCCC(=O)Oc2ccc(-c3ccc(-c4nnc(*)o4)cc3)s2)o1,46.42846
*c1ccc(OCC[Si](*)(C)[Si](C)(C)C)cc1,31.527237
*c1ccc(OCCc2ccc(/C=N/c3ccc(Cc4ccc(-c5nnc(*)s5)cc4)cc3)s2)cc1,174.53076
*c1ccc(OCc2cc(OC)c(*)s2)s1,52.69831
*c1ccc(Oc2cc(C=*)cc(S(=O)(=O)c3ccccc3)c2)cc1,182.97209
*c1ccc(Oc2cc(CCCCCCCC)c(*)cc2CCCCCC)cc1,5.456833
*c1ccc(Oc2ccc(-c3ccc(-c4ccc(S(=O)(=O)c5ccc(C(=O)C6=CC=C6C6=CC(=O)N(*)C6=O)cc5)cc4)cc3)cc2)cc1,250.1334
*c1ccc(Oc2ccc(-c3ccc(Oc4ccc(/N=C(\C)c5ccc(*)s5)cc4)cc3)cc2)cc1,187.03203
*c1ccc(Oc2ccc(-c3ccc(Oc4ccc5cc(c4=O)N5C(=O)c4ccc(Oc5ccc6c(c5)C(=O)N(*)C6=O)cc4)cc3)c(C)c2)cc1C,250.3464
*c1ccc(Oc2ccc(-c3ccc4nc(*)cc-4n3CCCCCC)cc2CC#N)cc1,176.65799
*c1ccc(Oc2ccc(-c3ccc4nc(-c5ccc(*)cc5)cnc4c3-c3ccccc3)cc2)cc1,274.62723
*c1ccc(Oc2ccc(-c3nnc(*)n3-c3ccc(C#N)cc3)cc2)cc1,255.02946
*c1ccc(Oc2ccc(-n3c(=O)c4cc5c(=O)n(*)c(=O)c5cc4c3=O)cc2C)c(S(=O)(=O)[O][Na])c1,331.02292
*c1ccc(Oc2ccc(-n3c(=O)c4cc5c(=O)n(*)c(=O)c5cc4c3=O)cc2C)cc1,347.10657
*c1ccc(Oc2ccc(-n3c(=O)c4cc5c(=O)n(*)c(=O)c5cc4c3=O)cc2S(=O)(=O)C(CC)CC)cc1,301.3273
*c1ccc(Oc2ccc(/N=C(\C)c3ccc(N=*)cc3)cc2)cc1,192.08453
*c1ccc(Oc2ccc(C(=O)NNC(=O)c3ccc4c(c3)C(=O)N(*)C4=O)cc2)cc1,282.5118
*c1ccc(Oc2ccc(C(=O)c3ccc(Oc4ccc(-c5nnc(*)s5)cc4)cc3)cc2)cc1,215.87006
*c1ccc(Oc2ccc(C(=O)c3ccc(Oc4ccc(N5C(=O)c6ccc(C(F)(F)C(F)(F)C(*)(F)F)cc6C5=O)cc4)cc3)cc2)cc1,227.51187
*c1ccc(Oc2ccc(C(C)(C)c3ccc(Oc4ccc(-c5nnc(*)n5-c5ccc(C(C)(C)C)cc5)cc4)cc3)cc2)cc1,234.66621
*c1ccc(Oc2ccc(C3(c4ccc(-c5nnc(*)o5)cc4)c4ccccc4N3CC)cc2)cc1,280.4723
*c1ccc(Oc2ccc(N3C(=O)c4ccc(Oc5ccc6c(c5)C(=O)N(*)C6=O)cc4C3=O)c(Br)c2)cc1Cl,289.98608
*c1ccc(Oc2ccc(N3C(=O)c4ccc(Oc5ccc6c(c5)C(=O)N(*)C6=O)cc4C3=O)cc2)c(C)c1,284.01486
*c1ccc(Oc2ccc(N3C=CC4=CC=C(NC(C(F)(F)F)(C(F)(F)F)CC3=O)C(=O)c3cc(Oc5ccc6c(c5)C(=O)N(*)C6=O)ccc3S4(=O)=O)cc2)cc1,246.66583
*c1ccc(Oc2ccc(Oc3ccc(-c4ccc(Oc5ccc(-c6nnc(*)o6)cc5)c(-c5ccccc5)c4)cc3)cc2-c2ccc(-c3ccccc3)cc2)cc1,218.53044
*c1ccc(Oc2ccc(Oc3ccc(Cc4ccc(N5C(=O)c6ccc(*)cc6C5=O)cc4)cc3)cc2)cc1,256.9621
*c1ccc(Oc2ccc(Oc3ccc(N4C(=O)c5ccc(*)cc5C4=O)cc3)cc2)cc1,257.98917
*c1ccc(Oc2ccc(Sc3ccc(Oc4ccc(-c5nnc(*)n5-c5cccc(C(F)(F)F)c5)cc4)cc3)cc2)cc1,226.71564
*c1ccc(Oc2ccc(Sc3ccc(Oc4ccc(N5C(=O)c6ccc(Oc7ccccc7Oc7ccc8c(c7)C(=O)N(*)C8=O)cc6C5=O)cc4)cc3)cc2)cc1,218.6388
*c1ccc(Oc2ccc(Sn3c(=O)c4cc5c(=O)n(*)c(=O)c5cc4c3=O)cc2S(=O)(=O)[O][Na])c(C)c1,312.95233
*c1ccc(Oc2ccc([Si](c3ccccc3)c3ccc(Oc4ccc(-c5nnc(*)o5)cc4)cc3)cc2)cc1,195.18515
*c1ccc(Oc2cccc(N3C(=O)c4ccc(-c5ccc6c(c5)C(=O)N(*)C6=O)cc4C3=O)c2)o1,272.63983
*c1ccc(Oc2cccc(S(=O)(=O)N(*)CC)c2)cc1C,185.98239
*c1ccc(Oc2ccccc2Nc2ccc(N=*)cc2)c(-c2ccccc2)c1,146.19565
*c1ccc(P(=O)(Oc2ccccc2)c2ccc(S(*)(=O)=O)cc2)cc1,174.29732
*c1ccc(P(=O)(c2ccccc2)c2cc(C(=O)O)c(*)c(C(c3ccccc3)C([2H])(Cl)Cl)c2)cc1,163.5763
*c1ccc(P(=O)(c2ccccc2)c2ccc(-c3ccc(/C=N/c4ccc(*)s4)nc3)cc2)cc1,207.58148
*c1ccc(P(=O)(c2ccccc2)c2ccc(/C=N/c3ccc(N(*)c4ccccc4)cc3)cc2)cc1,223.30469
*c1ccc(P(C)(=O)c2ccc(N=*)cc2)cc1,178.44917
*c1ccc(S(*)(=O)=O)nc1,216.44228
*c1ccc(S(=O)(=O)N(C)c2ccc(NC(=O)Nc3ccc(NC(=O)Nc4ccc(S(*)(=O)=O)cc4)cc3)cc2)cc1,260.35873
*c1ccc(S(=O)(=O)NC(=O)c2cccc(N3C(=O)c4ccc(Oc5ccc6c(c5)C(=O)N(*)C6=O)cc4C3=O)c2)cc1,271.44864
*c1ccc(S(=O)(=O)c2ccc(C(=*)C)[nH]2)c(-c2ccccc2)c1,122.36293
*c1ccc(S(=O)(=O)c2ccc(Oc3ccc(-c4ccc(-c5nnc(*)n5-c5ccccc5)cc4)cc3)cc2)s1,231.0218
*c1ccc(S(=O)(=O)c2ccc(S(=O)(=O)c3ccc(-c4ccc(NC(=O)Nc5ccc6c(c5)C(=O)N(*)C6=O)cc4)cc3)cc2)cc1,280.51328
*c1ccc(S(=O)(=O)c2ccc(S(=O)(=O)c3ccc(Oc4ccc(N5C(=O)c6ccc(-c7ccc8c(c7)C(=O)N(*)C8=O)cc6C5=O)cc4)cc3)cc2)cc1,293.02527
*c1ccc(S(=O)(=O)c2ccc([Si](C)(C)[Si](C)(C)[Si](*)(C)C)cc2)cc1,116.94599
*c1ccc(S(=O)c2ccc(-c3ccc(-n4c(=O)c5cc6c(=O)n(*)c(=O)c6cc5c4=O)cc3)c(F)c2F)c(Cl)c1,364.446
*c1ccc(Sc2ccc(-c3ccc(*)s3)s2)s1,87.04834
*c1ccc(Sc2ccc(-c3ccc(-c4ccc(-c5nnc(*)s5)cc4)s3)s2)cc1,200.57903
*c1ccc(Sc2ccc(-c3nc4ccc(S(=O)(=O)c5ccc6nc(*)[nH]c6c5)cc4[nH]3)cc2)cc1,307.69196
*c1ccc(Sc2ccc(Nc3ccc(NC(=O)c4ccc(*)cc4)o3)cc2C)cc1,209.12332
*c1ccc([2H])c(*)c1C,221.85284
*c1ccc([SH](*)(CCC(=O)OC)CC(C)(CCl)C(C)C)cc1,116.195885
*c1ccc([Si](*)(C)CC(F)(F)[Si](F)(F)C(F)(F)F)cc1,6.5561676
*c1ccc([Si](*)(C)CC)c(Br)c1,89.548096
*c1ccc([Si](*)(C)CC)cc1C(=O)OCC=C,40.871506
*c1ccc([Si](*)(C)CCCC(=O)Oc2ccc(-c3ccc(CCCCC)c(-c4ccccc4)c3)cc2)cc1,69.80155
*c1ccc([Si](*)(C)CCCCCCCC(=O)OCCCCCC)cc1,-5.8668365
*c1ccc([Si](*)(C)C[Se]=O)cc1,95.09572
*c1ccc([Si](*)(C)O[Si](C)(OC)OC)cc1,-16.484833
*c1ccc([Si](*)(C)[Si](C)(C)O[Si](C)(C)O)cc1,13.308197
*c1ccc([Si](*)(C)c2ccc(C#N)cc2C(=O)[O][Na])cc1,146.67215
*c1ccc([Si](*)(C)c2ccc([Si](C)(C)c3ccccc3)cc2)cc1,106.20416
*c1ccc([Si](*)(C)c2cccc(C(CCC(F)(F)F)CC(C)C)c2)cc1,86.62308
*c1ccc([Si](*)(CC)NCCCCC)cc1,61.714165
*c1ccc([Si](*)(CCCC)NCC#N)cn1,79.012794
*c1ccc([Si](/C=C(/O)Cl)c2ccc([PH](*)(C)C)cc2)s1,168.85576
*c1ccc([Si](C)(C)CCCOc2ccc(-n3c(=O)c4cc5c(=O)n(*)c(=O)c5cc4c3=O)c(OC)c2)cc1CC,236.00139
*c1ccc([Si](C)(C)O[Si](*)(C)CCCCC)nc1,-80.97618
*c1ccc([Si](C)(C)[Si](C)(C)[Si](C)(C)[Si](*)(C)C)s1,6.7569733
*c1ccc([Si](C)(C)c2ccc(C(C)(C)c3ccc4cc(c3=O)N4C(=O)c3ccc(-c4ccc5c(c4)C(=O)N(*)C5=O)cc3)cc2)cc1,267.73932
*c1ccc([Si](c2ccccc2)c2cccc(S(*)(=O)=O)c2)cc1,212.14188
*c1ccc2c(c1)-c1cc(*)ccc1C2=O,170.85118
*c1ccc2c(c1)C(=O)N(c1cc(C(=O)OCC)cc(N3C(=O)c4ccc(C(*)(C(F)(F)F)C(F)(F)F)cc4C3=O)c1)C2=O,301.4115
*c1ccc2c(c1)C(=O)N(c1cc(C)c(N(C)C(C)C)c(S(*)(=O)=O)c1)C2=O,271.80197
*c1ccc2c(c1)C(=O)N(c1ccc(Cc3ccc(Cc4ccc(N5C(=O)c6ccc(C(*)(C(F)(F)F)C(F)(F)F)cc6C5=O)cc4)cc3)cc1)C2=O,338.523
*c1ccc2c(c1)C(=O)N(c1ccc(Nc3ccc(*)c(Cl)c3)cc1C(F)(F)F)C2=O,240.57756
*c1ccc2c(c1)C(=O)N(c1ccc(Oc3ccc(C(=O)C4=CC=C(n5c(=O)c6cc(*)ccc6c6ccccc65)Nc5ccccc54)cc3)cc1)C2=O,297.85483
*c1ccc2c(c1)C(=O)N(c1ccc(Oc3ccc(N4C(=O)c5ccc(C(*)(C(F)(F)F)C(F)(F)F)cc5C4=O)cc3-c3ccccc3)cc1)C2=O,307.00604
*c1ccc2c(c1)C(=O)N(c1ccc(Sc3ccc(-c4ccc(Oc5ccc(N6C(=O)c7ccc(C(*)(C(F)(F)F)C(F)(F)F)cc7C6=O)cc5)cc4)cc3)cc1)C2=O,278.237
*c1ccc2c(c1)C(=O)N(c1cccc(C(F)(F)C(F)(F)C(F)(F)c3cccc(N4C(=O)c5ccc(C(*)(F)F)cc5C4=O)c3)c1)C2=O,213.95248
*c1ccc2c(c1)C(=O)N(c1cccc(N3C(=O)c4ccc(*)cc4C3=O)c1C)C2=O,332.8692
*c1ccc2c(c1)C(=O)N(c1cccc(S(=O)(=O)Nc3ccc(N4C(=O)c5ccc(C(*)(C(F)(F)F)C(F)(F)F)cc5C4=O)cc3)c1)C2=O,320.24323
*c1ccc2c(c1)C(CCCCCCC)(CCCCCCCC)c1cc(*)ccc1O2,33.013824
*c1ccc2c(c1)C=Nc1cc(*)ccc1N2CCC#N,146.96921
*c1ccc2c(c1)c1cc(*)ccc1n2CSCCCCCCCCC,49.48732
*c1ccc2c(c1)c1sc(*)cc1n2CCCC,133.97083
*c1ccc2nc(*)ccc2c1,261.60904
*c1ccc2oc(-c3ccc([Si](*)(C)CC)cc3)cc2n1,140.98448
*c1cccc(-c2cc(CCCCCCCC)c(*)cc2Br)c1,64.90106
*c1cccc(-c2ccc(-n3c(=O)c4cc5c(=O)n(*)c(=O)c5cc4c3=O)cc2-c2ccccc2)c1,339.11008
*c1cccc(-c2nnc(-c3ccccc3)nc2*)c1,179.7525
*c1cccc(C(*)NCC(=O)OC)c1,93.24987
*c1cccc(C(=O)Nc2ccc(-c3ccc(NC(=O)c4ccc(S(*)(=O)=O)cc4)cc3)cc2)c1,293.2549
*c1cccc(C(=O)Nc2ccc(Oc3ccccc3Oc3ccc(N4C(=O)c5ccc(*)cc5C4=O)cc3)cc2)c1,246.10507
*c1cccc(CC(C)(C)CO[Si](C)(C)OC(=O)c2ccc(OCCCCCC)cc2)c1*,11.209015
*c1cccc(N(*)OC)c1,71.72685
*c1cccc(NC(=O)CCC(CCCC)S(*)(=O)=O)c1,87.29996
*c1cccc(NC(=O)CCCCC(=O)Nc2ccc(S(*)(=O)=O)cc2)c1,201.53365
*c1cccc(NC(=O)NCCCCCCCCCOC(=O)c2cccc(*)n2)c1,69.72733
*c1cccc(OCC(F)(F)C(F)(F)CC(F)(F)C(F)(F)C(F)(F)C(=O)N(*)CC(F)(F)F)c1,53.204666
*c1cccc(OCCCCCCCOc2ccc(N3C(=O)c4ccc(-c5cccc6c5C(=O)N(*)C6=O)cc4C3=O)cc2)c1,158.40874
*c1cccc(OCCCCCCCOc2cccc(N3C(=O)c4ccc(Oc5ccc6c(c5)C(=O)N(*)C6=O)cc4C3=O)c2)c1,136.49408
*c1cccc(OCCCCCCOc2ccc(Oc3ccc(-c4nnc(*)o4)cc3)cc2)c1,94.078316
*c1cccc(OCCCCCC[Si](*)(C)c2ccccc2)c1,-9.750336
*c1cccc(OCCCCC[Si](C)(C)[Si](*)(C)OCC)c1,-29.963623
*c1cccc(OCOCCOCCOC(=O)CCCn2c(=O)c3cc4c(=O)n(*)c(=O)c4cc3c2=O)c1,98.467316
*c1cccc(Oc2ccc([Si](*)(C)O[Si](C)(C)C)cc2)c1,45.346756
*c1cccc(Oc2cccc(S(=O)(=O)O)c2)c1*,150.88081
*c1cccc(P(=O)(c2ccccc2)c2cccc(-n3c(=O)c4c(F)c5c(=O)n(*)c(=O)c5c(C(F)(F)F)c4c3=O)c2)c1,306.98895
*c1cccc(SC[Si](*)(C)C)c1,53.72631
*c1cnc(*)c(Cl)c1Cl,180.13315
*c1cnc(*)n1CCCCCCCCCCC(=O)OC,12.31488
*c1cnc(-c2cc(C)nc(*)c2C(C)C)c(C)c1,174.13734
*c1csc([Si](*)(C)CCCCCC)n1,-30.91127
*c1nc(*)c(C(=O)OCCCCCC)cc1C(=O)OCCCC,46.54413
*c1nc(*)c(C)c(C)c1C,255.18185
*c1nc(CC(=O)OCCCCCC(C)CC)c(*)s1,-32.274307
*c1nc(CC)c(*)s1,159.3936
*c1nnc(*)c(C(C)CC)c1O,132.16681
*c1nnc(-c2ccc(-c3ccc(*)s3)s2)o1,95.89053
*c1nnc(-c2ccc(-c3ccc(C#N)cc3)nn2)nc1*,180.19756
*c1nnc(-c2ccc([Si](*)(C)[Si](C)(C)C)s2)o1,51.185013
*c1nsc(*)c1N,128.44049
*c1sc(*)c(C(C)(C)C)c1OCCCC,105.1656
*c1sc(*)c(OCCC)c1O,90.84066
*c1sc(*)c(SCCCCCC)c1OC,39.133873
*c1sc(*)c2c1CC(CCCCCCCCCCCCCC)CO2,11.588348
*c1sc(*)c2nc(CCCCCCC)c(CCCCCC)cc12,61.118813
*c1sc(C(=O)OCCC[Si](*)(C)C)c2ccccc12,54.610344
[*][Ge]([*])([CH2]CCCC)[CH2]CCCC,31.138077
[*][Ge]([*])([c]1ccccc1)[c]1ccccc1CC,135.51546
[*][Sn][c]1cccc(NC(=O)CCCCCCC(*)=O)c1Br,76.96548
