smiles,tg_true,tg_pred
*OP(=O)(Oc1ccc(C(C)(C)c2ccc(*)cc2)cc1)OC1CCCCC1,86.0,111.14575
*CC(*)C(=O)Oc1c(Cl)c(Cl)c(Cl)c(Cl)c1Cl,145.0,86.95335
*/C=C/C1CC(*)C2C(=O)N(c3ccccc3C)C(=O)C12,248.0,271.6275
*CC(*)c1ccc(-c2ccc3c(c2)C(CCCCCC)(CCCCCC)c2ccccc2-3)cc1,81.25,89.78739619047566
*CC(COC(=O)O*)OCCCCCCCCCCCOc1ccc(/C=C/c2ccc([N+](=O)[O-])cc2)cc1,21.0,36.271631428571425
*CC(*)(C)C(=O)OCCCCc1ccccc1,9.0,68.61300952380955
*c1ccc(Oc2ccc(C(=O)c3ccc(Oc4ccc(N5C(=O)c6ccc(Oc7cccc(Oc8ccc9c(c8)C(=O)N(*)C9=O)c7)cc6C5=O)cc4)cc3)cc2)cc1,201.0,197.2240725108227
*CC(*)C(=O)OCCCCC,-57.0,-42.67337532286342
*Oc1ccc(CC2(Cc3ccc(*)cc3)c3ccccc3-c3ccccc32)cc1,138.0,137.07883999999999
*CC(*)C(=O)OCCC#N,4.0,-10.351106666666666
*N=P(*)(Oc1ccc(Cc2ccccc2)cc1)Oc1ccc(Cc2ccccc2)cc1,13.3,7.019043333333329
*/C=C/*,-4.0,0.24269333333333315
*c1ccc2c(c1)C(=O)N(c1ccc(-c3cc(-c4ccc(OCCCC#N)cc4)cc(-c4ccc(N5C(=O)c6ccc(C(*)(C(F)(F)F)C(F)(F)F)cc6C5=O)cc4)n3)cc1)C2=O,339.0,299.79586666666665
*Oc1ccc(*)cc1,85.0,143.10897000000006
*C(=O)c1ccc2c(c1)C(=O)N(c1ccc(Oc3ccc(C(c4ccc(Oc5ccc(N6C(=O)c7ccc(*)cc7C6=O)cc5)cc4)(C(F)(F)F)C(F)(F)F)cc3)cc1)C2=O,261.5,273.43696666666676
*CN1C(=O)c2ccc(C(c3ccc4c(c3)C(=O)N(Cc3nc5cc(-c6ccc7oc(*)nc7c6)ccc5o3)C4=O)(C(F)(F)F)C(F)(F)F)cc2C1=O,231.0,218.28500000000003
*c1ccc(Oc2ccc(C(c3ccc(Oc4ccc(N5C(=O)c6ccc(Oc7ccc(Sc8ccc(Oc9ccc%10c(c9)C(=O)N(*)C%10=O)cc8)cc7)cc6C5=O)cc4)cc3)(C(F)(F)F)C(F)(F)F)cc2)cc1,217.5,198.43927857142864
*c1ccc(Oc2ccc(N3C(=O)C4CCC(C5CCC6C(=O)N(*)C(=O)C6C5)CC4C3=O)cc2)cc1,257.0,235.12097999999995
*c1ccc(Cc2ccc(N3C(=O)C4CCC5C(=O)N(*)C(=O)C5C4C3=O)cc2)cc1,341.0,286.23900000000003
*Oc1ccc(Oc2ccc(NC(=C(C#N)C#N)c3cccc(C(Nc4ccc(*)cc4)=C(C#N)C#N)c3)cc2)cc1,228.0,257.7533
*CNC(=O)OCC(OC(=O)NCc1ccc(C(CCC)c2ccc(*)o2)o1)c1ccco1,43.0,44.96655833333333
*Nc1ccc(NC(=O)CCCC(*)=O)cc1,135.0,160.47370000000004
*Oc1ccc(C(C)(C)c2ccc(OC(=O)c3ccc([Si](c4ccccc4)(c4ccccc4)c4ccc(C(*)=O)cc4)cc3)cc2)cc1,295.0,182.617205952381
*C(=O)Nc1ccc(Sc2ccc(NC(=O)c3ccc4c(c3)C(=O)N(c3ccc(Oc5ccc(C6(c7ccc(Oc8ccc(N9C(=O)c%10ccc(*)cc%10C9=O)cc8)cc7)NC(=O)c7ccccc76)cc5)cc3)C4=O)cc2)cc1,312.0,307.20741313131316
*Oc1ccc(OC(=O)c2ccc(C(*)=O)cc2)cc1,267.0,213.5318571428571
*Oc1cccc(NC(=O)CCCCC(=O)Nc2ccc(*)cc2)c1,160.0,136.86116926406922
*C(=O)Nc1ccc(Oc2ccccc2-c2ccccc2Oc2ccc(NC(=O)c3ccc4c(c3)C(=O)N(c3ccc(Cc5ccc(N6C(=O)c7ccc(*)cc7C6=O)cc5)cc3)C4=O)cc2)cc1,240.0,259.8657333333334
*Oc1ccc(/N=N/c2ccc(Oc3ccc(C(C)(C)c4ccc(*)cc4)cc3)cc2)cc1,175.0,139.7262238095238
*Oc1ccc(C2(c3ccc(Oc4ccc(-c5ccc(NC(=O)c6cc(C(=O)Nc7ccc(-c8ccc(*)c(C(F)(F)F)c8)cc7)cc(C(C)(C)C)c6)cc5)cc4C(F)(F)F)cc3)c3ccccc3-c3ccccc32)cc1,278.0,234.20274999999998
*c1ccc(Oc2ccc(Oc3ccc(-c4nnc(*)c5c(-c6ccc(F)cc6)c(-c6ccc(F)cc6)c(-c6ccc(F)cc6)c(-c6ccc(F)cc6)c45)cc3)cc2)cc1,309.0,299.4948333333333
*c1ccc(N2C(=O)c3ccc(Oc4ccc(C(C)(C)c5cccc(Oc6ccc7c(c6)C(=O)N(*)C7=O)c5)cc4)cc3C2=O)cc1,268.0,219.71408293650813
*C(=O)c1cc2c(cc1Cl)C(=O)N(c1cc(Cl)cc(N3C(=O)c4cc(*)c(Cl)cc4C3=O)c1)C2=O,311.0,327.721
*c1ccc(Oc2ccc(C(=O)c3ccc(-c4ccc(C(=O)c5ccc(Oc6ccc(-c7nc(-c8cccc(-c9nc(*)c(-c%10ccccc%10)[nH]9)c8)[nH]c7-c7ccccc7)cc6)cc5)cc4)cc3)cc2)cc1,276.0,271.2790793650794
*CCCCCC(=O)Oc1ccc(C(C)(C)c2ccc(C(C)(C)c3ccc(OC(=O)c4ccc5c(c4)C(=O)N(*)C5=O)cc3)cc2)cc1,104.0,99.40640109523812
*CC(*)(C)C(=O)OCCN(CC)c1ccc(/N=N/c2ccc(S(C)(=O)=O)cc2)cc1,144.0,118.61360000000002
*Oc1ccc(OC(=O)c2ccc(C(*)=O)cc2Oc2ccc(Oc3ccccc3)cc2)cc1,83.0,123.93860000000001
*C/C=C/C[Si](*)(CCCOc1ccccc1)c1ccccc1,-5.0,-14.934866666666665
*CCCCCCCCCNC(=S)N*,48.0,39.10933672321829
*Oc1ccc(S(=O)(=O)c2ccc(Oc3c(C)cc(C(c4cc(C)c(*)c(C)c4)(C(F)(F)F)C(F)(F)F)cc3C)cc2C(O)(C(F)(F)F)C(F)(F)F)c(C(O)(C(F)(F)F)C(F)(F)F)c1,196.0,195.18033611111127
*/C=C/C1CC(*)C(C#N)([Si](C)(C)C)C1,211.0,93.85300000000001
*CCCCCCCCCCCCCCCCOC(=O)NCCCCCCNC(=O)O*,39.0,-15.698974578673925
*Oc1ccc(NC(=O)c2ccc(Oc3ccc(C(=O)Nc4ccc(*)cc4)cc3)cc2)cc1,274.0,232.3830666666667
*CCC[Si](*)(C)C,-55.0,-58.457758467023105
*CCCCCCN1C(=O)C(=O)N(c2ccc(Oc3ccc(N4C(=O)C(=O)N(*)C4=O)cc3)cc2)C1=O,172.0,144.4726786935287
*OC1CCC(OC(=O)OCCCCOC(*)=O)CC1,30.0,14.937707142857152
*c1ccc2c(c1)C(=O)N(c1cccc(Oc3cccc(Oc4cccc(N5C(=O)c6ccc(C(*)(C(F)(F)F)C(F)(F)F)cc6C5=O)c4)c3)c1)C2=O,207.0,236.82617619047622
*CCOC(=O)c1ccccc1C(=O)O*,96.5,42.42229999999999
*c1ccc(Cc2ccc(N3C(=O)N(c4ccc(Cc5ccc(N6C(=O)N(*)C(C)(C)C6=O)cc5)cc4)C(=O)C3(C)C)cc2)cc1,259.5,253.15820000000002
*Oc1ccc(CC(NC(=O)CCc2ccc(OC(=O)CCCC(*)=O)cc2)C(=O)OCCOCCOCC)cc1,21.0,31.203799999999998
*c1ccc(Oc2ccc(S(=O)(=O)c3ccc(Oc4ccc(-c5c6c(c(*)c7ccccc57)C(=O)N(CCCCCCCCCCCC)C6=O)cc4)cc3)cc2)cc1,167.0,116.71449071428567
*C(=O)OCCCCCCCCCCOC(=O)c1ccc(NC(=O)c2ccc(N3C(=O)c4ccc(*)cc4C3=O)cc2)cc1,102.0,111.67075422077922
*OC1C(CO)OC(*)C(N)C1O,194.0,172.38060000000004
*c1cccc(C(=O)Nc2ccc(Oc3ccc(Oc4ccc(Oc5ccc(NC(=O)c6cccc(N7C(=O)c8ccc(-c9ccc%10c(c9)C(=O)N(*)C%10=O)cc8C7=O)c6)cc5)cc4)cc3)cc2)c1,244.0,251.31326533333336
*c1ccc(-c2nc3cc(C(=O)c4ccc5nc(-c6ccccc6)c(-c6ccc(N7C(=O)C8OC9C(=O)N(*)C(=O)C9C8C7=O)cc6)nc5c4)ccc3nc2-c2ccccc2)cc1,255.0,233.2
*CC/C=C(/*)Cl,-32.5,-29.64381666666666
*CCN(*)C(=O)CC12CC3CC(CC(C3)C1)C2,139.0,163.87777619047617
*CC(C)(CC)C(=O)O*,-9.0,19.737698333333274
*CC(O)COC(=O)C1CCC(C(=O)OCC(O)COc2ccc(C3(c4ccc(O*)cc4)c4ccccc4-c4ccccc43)cc2)CC1,110.0,135.8146
*CC(O)CN(C)S(=O)(=O)c1cccc(S(=O)(=O)N(C)CC(O)COc2ccc(C(C)(C)c3ccc(O*)cc3)cc2)c1,76.0,88.10646666666659
*CCCCCCN(C(=O)C(F)(F)C(F)(F)C(F)(F)C(=O)N(*)C(C)C)C(C)C,142.5,29.169177276321246
*CC1CCC(COC(=O)Nc2ccc(Cc3ccc(NC(=O)O*)cc3)cc2)CC1,134.0,70.42386666666664
*CC(*)c1ccc([Si](C)(C)C)cc1,136.0,134.60783333333333
*c1ccc(-c2ccc(N3C(=O)c4ccc(-c5ccc6c(c5)C(=O)N(*)C6=O)cc4C3=O)cc2C(F)(F)F)c(C(F)(F)F)c1,317.5,319.42616666666663
*c1ccc(-c2nc3cc(S(=O)(=O)c4ccc5nc(-c6ccccc6)c(*)nc5c4)ccc3nc2-c2ccccc2)cc1,345.0,316.1308095238095
*CC(*)c1ccccc1C(=O)O,177.0,151.61619166666668
*Oc1ccc(CC(NC(=O)CCc2ccc(OC(=O)CCCC(*)=O)cc2)C(=O)OCc2ccccc2)cc1,66.0,61.0576
*Nc1ccc(NC(=O)c2cccc(C(*)=O)c2)cc1,295.0,269.15991904761876
*=NP(=NP(=NC(=*)Oc1ccccc1C(F)(F)F)(Oc1ccccc1C(F)(F)F)Oc1ccccc1C(F)(F)F)(Oc1ccccc1C(F)(F)F)Oc1ccccc1C(F)(F)F,-20.0,51.836149999999996
*C(=O)c1ccc2c(c1)C(=O)N(c1c(CC)cc(Cc3cc(CC)c(N4C(=O)c5ccc(*)cc5C4=O)c(CC)c3)cc1CC)C2=O,296.0,287.9433404761905
*CC(*)c1ccc(Br)cc1,132.0,123.87501666666668
*CCCCCCCCOc1c(OC)cc(/C=C/c2cc(C(C)C)c(/C=C/c3cc(OC)c(O*)c(OC)c3)cc2C(C)C)cc1OC,85.0,54.903505357142826
*c1ccc(-c2ccc(-c3nc4ccc(-c5ccc6nc(*)c(-c7ccccc7)c(-c7ccccc7)c6c5)cc4c(-c4ccccc4)c3-c3ccccc3)cc2)cc1,420.0,386.7229757142857
*CC(*)C(=O)OCC(C)CC,-32.0,-15.08866666666667
*NC(CCC(=O)OCCC)C(*)=O,-10.0,-13.179700000000002
*c1cc(-c2sc(-c3cc(CCCC)c(*)s3)cc2CCCC)c2cccccc1-2,124.0,50.94768571428571
*OC(=O)C(Cc1ccccc1)NC(=O)CCCCCCC(=O)NC(Cc1ccccc1)C(=O)OC1COC2C(*)COC12,91.0,73.50411428571428
*CC(O)COc1ccc(C(C)(c2ccccc2)c2ccc(O*)cc2)cc1,115.0,102.6899
*C(=O)Nc1ccc(Oc2ccc(NC(=O)c3ccc4c(c3)C(=O)N(c3ccc(Oc5ccc(N6C(=O)c7ccc(*)cc7C6=O)cc5-c5ccccc5)c(-c5ccccc5)c3)C4=O)cc2-c2ccccc2)c(-c2ccccc2)c1,369.0,334.64776666666666
*c1ccc(C(=O)Nc2ccc(Oc3ccc(NC(=O)c4ccc(Oc5ccc(-c6nn(*)c(=O)c7ccccc67)cc5)cc4)cc3)cc2)cc1,280.0,294.08248333333324
*CCC(=O)Nc1ccc(Oc2ccc(Oc3ccc(NC(=O)CCN4C(=O)c5ccc(C(=O)c6ccc7c(c6)C(=O)N(*)C7=O)cc5C4=O)cc3)cc2)cc1,221.0,232.109
*Nc1ccc(Cc2ccc(NC(=O)c3cc(C(*)=O)cc(N4C(=O)C5C6C=CC(C6)C5C4=O)c3)cc2)cc1,303.0,284.65926666666667
*Nc1ccc(NC(=O)c2ccc(NC(=O)c3ccc([Si](C)(C)c4ccc(C(=O)Nc5ccc(C(*)=O)cc5)cc4)cc3)cc2)cc1,338.0,304.92292619047623
*Oc1ccc(C(=C(Cl)Cl)c2ccc(OC(*)=O)cc2)cc1,167.0,167.8064357142857
*Oc1ccc(S(=O)(=O)c2ccc(Oc3c(C)cc(C(C)(C)c4cc(C)c(*)c(C)c4)cc3C)cc2C(O)(C(F)(F)F)C(F)(F)F)c(C(O)(C(F)(F)F)C(F)(F)F)c1,187.0,198.25073777777806
*O[Si](*)(CCCOCCOC)CCCOCCOC,-55.0,-67.97795456099455
*C(F)(F)C(*)(F)OC(F)C(F)F,35.0,-0.6101733333333335
*c1ccc(NC(=O)CN2C(=O)c3ccc(C(c4ccc5c(c4)C(=O)N(CC(=O)Nc4ccc(-c6nnc(*)o6)cc4)C5=O)(C(F)(F)F)C(F)(F)F)cc3C2=O)cc1,280.0,253.784
*Oc1ccc(-c2ccc(Oc3ccc(C(=O)c4ccc(*)cc4)cc3)cc2)cc1,167.0,174.80388333333337
*O[Si](C)(C)O[Si](*)(C)CCCCOc1ccc(-c2ccc(C#N)cc2)cc1,-5.5,18.239579999999982
*O[Si](C)(CCC(F)(F)F)CCC(F)(F)C(F)(F)C(F)(F)C(F)(F)C(F)(F)C(F)(F)C(F)(F)C(F)(F)C(F)(F)C(F)(F)CC[Si](*)(C)CCC(F)(F)F,-11.0,-26.51
*CC(*)C(=O)OCCSC,-60.0,-29.497139999999998
*CC(=O)Nc1ccc(C2(c3ccc(NC(=O)c4ccc5c(c4)C(=O)N(*)C5=O)cc3)c3ccccc3-c3ccccc32)cc1,345.0,272.7563333333334
*/C=C/C(C)C(*)C(=O)OCCCCCCN(C)c1ccc(N(C)C)cc1,2.0,41.45169949494951
*CCCCCCCCCCc1ccc(-c2c(-c3ccccc3)cc(-c3cccc(-c4cc(-c5ccccc5)c(-c5ccc(*)cc5)c(-c5ccccc5)c4-c4ccccc4)c3)c(-c3ccccc3)c2-c2ccccc2)cc1,180.0,189.86721428571428
*c1ccc(Oc2ccc3ccc(Oc4ccc(N5C(=O)CC(=O)N(*)C5=S)cc4)cc3c2)cc1,151.5,158.43330000000003
*c1ccc(Oc2ccc(C(=O)c3cccc(C(=O)c4ccc(Oc5ccc(-c6nc7ccccc7n6-c6ccc(-n7c(*)nc8ccccc87)cc6)cc5)cc4)c3)cc2)cc1,219.0,250.04110952380955
*Oc1ccc(C(c2ccc(Oc3ccc(C(=O)c4ccc(*)cc4)cc3)cc2)(C(F)(F)F)C(F)(F)F)cc1,175.0,180.94153333333333
*CC(*)c1ccc(CCCCCCCCCCCCCCCC)cc1,4.5,-40.755578064393475
*Oc1cccc(NC(=O)c2ccc(P(=O)(c3ccccc3)c3ccc(C(=O)Nc4cccc(Oc5ccc(P(=O)(c6ccccc6)c6ccc(*)cc6)cc5)c4)cc3)cc2)c1,235.0,180.74896666666672
*CC(COc1ccc(-c2ccc(OC)cc2)cc1)O*,111.0,67.69790000000016
*CC(*)C(=O)OC(F)(C(F)(F)F)C(F)(F)F,10.0,46.72212666666667
*CC(*)OC(=O)C1(C)CCCCC1,86.0,64.56620000000001
*CCOCCOCCOCCOCCOC(=O)CCSCCC(=O)O*,-39.0,-35.429859047619054
*CC(*)OCCCCCCCCCCCOc1ccc(C(=O)Oc2ccc(OCC)cc2)cc1,37.0,32.54084968253968
*C#Cc1ccccc1C#C[SiH](*)c1ccccc1,71.0,119.52026000000001
*CC(OCC)C1(C)C(=O)OC(=O)C1(*)C,244.0,203.2233
*CC1(C)CC(*)(C)C(=O)OC1=O,144.0,137.6202
*C1C(=O)N(CCCCCCOc2ccc(-c3ccc(C#N)cc3)cc2)C(=O)C1*,76.0,64.19099666666669
*Oc1ccccc1C(=O)OC(=O)c1ccccc1OC(=O)CCCCCC(*)=O,40.0,28.24320476190476
*CCCCCCNC(=O)CCCCCCCC1C(CCCCCCCC(=O)N*)C=CC(CCCCCC)C1CCCCCCCC,-3.0,36.35372806321158
*CCCCCCNC(=O)CCCC(=O)O*,-18.0,6.448744181374182
*c1ccc2oc(-c3ccc(C(c4ccc(-c5nc6cc(C(*)(C(F)(F)F)C(F)(F)F)ccc6o5)cc4)(C(F)(F)F)C(F)(F)F)cc3)nc2c1,336.0,333.128
*/C=C/c1ccc(-c2nnc(-c3ccc(/C=C/c4ccc5c(c4)c4cc(*)ccc4n5CCCCCCCC)cc3)n2-c2ccccc2)cc1,147.0,145.76406666666668
*CCCCCCOC(=O)C(CCCCCP(=O)(O)O)C(=O)OCCCCCCOc1ccc(-n2on2-c2ccc(O*)cc2)cc1,17.0,21.94505714285714
*CCCC1(C)CCN(C(=O)CCCC(=O)N2CCC(*)(C)CC2)CC1,58.0,58.64621666666667
*CCCCCCCCCCOc1ccc(/C=C2\CC/C(=C\c3ccc(OCCCCCCCCCCOP(=O)(O*)OC)c(OC)c3)C2=O)cc1OC,48.0,69.40821190476188
*Nc1ccc(C(c2ccc(NC(=O)c3ccc(C(c4ccc(C(*)=O)cc4)(C(F)(F)F)C(F)(F)F)cc3)cc2)(P2(=O)Oc3ccccc3-c3ccccc32)P2(=O)Oc3ccccc3-c3ccccc32)cc1,235.0,253.8832047619048
*N(C)[Si](C)(C=C)N(C)[Si](*)(C)C,-42.0,-34.401461904761895
*Oc1ccc(C(c2ccccc2)c2ccc(OC(*)=S)cc2)cc1,179.0,148.835
*C(=O)c1ccc2c(c1)C(=O)N(c1cccc(C(c3ccccc3)(c3cccc(N4C(=O)c5ccc(*)cc5C4=O)c3)C(F)(F)F)c1)C2=O,311.0,288.83340000000004
*Oc1ccc(CC(NC(=O)CCc2ccc(OC(=O)CCCCCCCCC(*)=O)cc2)C(=O)OCCOCCOCC)cc1,2.0,17.55004444444445
*/C=C/c1ccc(/C=C/c2ccc3c(c2)Sc2cc(*)ccc2N3c2ccc(OCCCCCCCCCCCC)cc2)s1,155.0,156.08160277777776
*c1ccc2c(c1)Sc1cc(-c3sc4cc(*)sc4c3CCCCC)ccc1N2CCCCCCCCCCCC,136.0,128.36252380952385
*Oc1ccc(-c2ccc(OC(*)(Oc3ccccc3)Oc3ccccc3)c(C)c2)cc1C,125.0,116.34939999999999
*CC#CC#CCOc1ccc(C(=O)OCCN(CCOC(=O)c2ccc(O*)cc2)c2ccc(/N=N/c3ccc([N+](=O)[O-])cc3)cc2)cc1,100.0,114.73605000000005
*CCCCCCCCCCCCNC(=O)CCc1ccc(CCC(=O)N*)cc1,85.0,76.93234047619042
*Oc1cccc(Oc2ccc(C(=O)Oc3cccc(OC(=O)c4ccc(*)cc4)c3)cc2)c1,131.0,139.56473611111113
*C(=O)Nc1ccc(C2(c3ccc(N4C(=O)c5ccc(*)cc5C4=O)cc3)CCC(C(C)(C)CC)CC2)cc1,342.0,229.01636666666664
*/C=C/C1C/C(=C\C)C(*)C1,121.0,73.55055000000011
*CCCCCCCCCc1nc2ccc(-c3ccc4nc(*)oc4c3)cc2o1,64.0,126.91446827731099
*c1cccc(Cc2cccc(N3C(=O)c4ccc([Si](C)(C)c5ccc([Si](C)(C)c6ccc7c(c6)C(=O)N(*)C7=O)cc5)cc4C3=O)c2)c1,246.0,257.055
*c1c(C)cc(-c2cc(C)c(N3C(=O)c4cccc(Oc5c(C)cc(-c6cc(C)c(Oc7cccc8c7C(=O)N(*)C8=O)c(C)c6)cc5C)c4C3=O)c(C)c2)cc1C,327.0,311.6248
*CC(OCCCC)C(C(=O)OC)C(*)C(=O)OC,32.5,-12.137789473684213
*OS(=O)(=O)c1cccc(C(=O)c2cccc(S(=O)(=O)Oc3ccc(C(C)(C)c4ccc(*)cc4)cc3)c2)c1,122.0,141.41546666666667
*c1cccc(N2C(=O)c3ccc(Oc4ccc(C(=O)c5ccc(Oc6ccc7c(c6)C(=O)N(*)C7=O)cc5)cc4)cc3C2=O)c1,239.0,240.61646666666664
*=Nc1ccc(Cc2ccc(NC(=*)c3ccccc3)cc2)cc1,158.0,120.03308333333332
*c1ccc(Oc2ccc(-c3cnnc(-c4cccc(-c5ncc(*)nn5)n4)n3)cc2)cc1,223.0,208.20492857142855
*C(=O)Nc1ccc(Oc2ccc(C3(c4ccc(Oc5ccc(NC(=O)c6ccc7c(c6)C(=O)N(c6ccc(Oc8ccc(S(=O)(=O)c9ccc(Oc%10ccc(N%11C(=O)c%12ccc(*)cc%12C%11=O)cc%10)cc9)cc8)cc6)C7=O)cc5)cc4)NC(=O)c4ccccc43)cc2)cc1,283.0,304.94517657897666
*CC(CO*)C(C)(C)C,-4.0,-17.482566666666667
*OP(=O)(Oc1ccc(S(=O)(=O)c2ccc(*)cc2)cc1)OC1CCCCC1,120.0,127.98496771284273
*CCCCOC(=O)C(Cc1ccccc1)NC(=O)/C=C/C(=O)NC(Cc1ccccc1)C(=O)O*,103.0,49.21273095238095
*Oc1ccc(C(C)(C)c2ccc(OC(*)(Oc3ccccc3)Oc3ccccc3)cc2)cc1,92.0,124.07086666666665
*C(=O)Nc1ccc(C(c2ccc(NC(=O)c3ccc(N4C(=O)c5ccc(*)cc5C4=O)cc3C)cc2)(C(F)(F)F)C(F)(F)F)cc1,355.0,316.43621333333334
*CC(*)OC(=O)C(C)(C)CC(C)(C)C,55.0,41.676502380952385
*CC(CS(C)(=O)=O)O*,85.0,47.964019047619054
*Oc1ccc(P(=O)(c2ccccc2)c2ccc(Oc3ccc(-c4ccc(*)cc4)cc3)cc2)cc1,234.0,224.87201158424907
*CC(=O)NCCCCCCNC(=O)COC(=O)CCCCCCC(=O)O*,8.0,5.515531139971142
*c1ccc2oc3ccc(S(*)(=O)=O)cc3c2c1,360.0,203.109
*c1cccc(C(=O)Nc2ccc(Oc3cccc(Oc4ccc(NC(=O)c5cccc(N6C(=O)c7ccc(-c8ccc9c(c8)C(=O)N(*)C9=O)cc7C6=O)c5)cc4)c3)cc2)c1,253.0,243.04190952380952
*Oc1ccc(-c2ccc(OC(=O)c3cc(OCCCCCC)c(C(*)=O)cc3OCCCCCC)cc2)cc1,113.0,81.8290606227106
*CCOC(=O)C1CCC(C(=O)O*)CC1,25.0,21.61061666666667
*Oc1ccc(S(=O)(=O)c2ccc(Oc3c(C)cc(C(c4cc(C)c(*)c(C)c4)(C(F)(F)F)C(F)(F)F)cc3C)cc2)cc1,248.0,221.3615533333339
*CC(*)C(=O)NC(C)(C)CS(=O)(=O)O,85.0,73.59903333333335
*Oc1ccc(C(c2ccccc2)(c2ccccc2)c2ccc(OC(=O)c3ccc(C(*)=O)cc3)cc2)cc1,210.0,212.8345476190476
*/C(=N\c1ccccc1)c1ccc(-c2ccc(*)cc2)cc1,225.0,171.48256666666666
*C(C)C(*)C(=O)OCCC,116.0,38.51426666666667
*OC1C(C)(C)C(OC(=O)C2CCC(C(*)=O)CC2)C1(C)C,169.0,115.50633333333332
*CCN(CCN1C(=O)c2ccc(C(c3ccc4c(c3)C(=O)N(*)C4=O)(C(F)(F)F)C(F)(F)F)cc2C1=O)c1ccc(/N=N/c2ccc([N+](=O)[O-])cc2C)cc1,205.0,200.47019999999998
*CC(CO*)(CS(=O)(=O)CCC)CS(=O)(=O)CCC,71.0,75.82766666666669
*Oc1ccc(Oc2cccc(*)n2)c(-c2ccccc2)c1,115.0,146.2438
*c1ccc(Sc2ccc(S(*)(=O)=O)cc2)cc1,215.0,152.96876666666665
*CC(*)C(=O)OCCCCCCCCCCCCOc1ccc(C(=O)Oc2ccc(-c3cccc(OC(=O)c4ccc(OC(=O)c5ccc(OCCCCCCCCCCCC)cc5)cc4)c3)cc2)cc1,67.0,60.882770526695495
*O[Si](C)(C)O[Si](C)(C)OC(C)CCCCC(*)C,-87.0,-92.0079773015873
*c1ccc(OC(=O)c2cccc(C(=O)Oc3ccc(C4(*)c5ccccc5C(=O)N4C)cc3)c2)cc1,285.0,267.2951
*CC(*)CO,36.0,23.632158333333336
*c1ccc(-c2ccc(-n3c(-c4ccc(Oc5ccc(C(=O)c6cccc(C(=O)c7ccc(Oc8ccc(-c9nc%10ccccc%10n9*)cc8)cc7)c6)cc5)cc4)nc4ccccc43)cc2)cc1,244.0,258.3620261904763
*CC(CS(=O)(=O)CCCC)O*,37.0,26.479060317460316
*CC(*)(C)C(=O)OC1CCCCC1,88.0,80.0873833333333
*C(=O)Nc1cccc(NC(=O)c2ccc3[nH]c(-c4cccc(-c5nc6cc(*)ccc6[nH]5)c4)nc3c2)n1,302.0,311.16779333333335
*c1ccc(Oc2ccc(C(=O)c3ccc(-c4ccc(C(=O)c5ccc(Oc6ccc(-c7nc(-c8ccc(-c9nc(*)c(-c%10ccccc%10)[nH]9)cc8)[nH]c7-c7ccccc7)cc6)cc5)cc4)cc3)cc2)cc1,273.0,268.8303047619046
*OC(COC(=O)NCCCCCCNC(*)=O)c1ccco1,17.0,68.88663333333334
*c1ccc(-c2ccc(-n3c(-c4ccc(Oc5ccc(C(=O)c6ccc(C(=O)c7ccc(Oc8ccc(-c9nc%10ccccc%10n9*)cc8)cc7)cc6)cc5)cc4)nc4ccccc43)cc2)cc1,259.0,255.36822619047626
*CCCCCCCCCCOC(=O)CCCCCCCCC(=O)O*,-54.0,-54.407697845392946
*CC(*)C(=O)OCC(F)(F)C(F)C(F)(F)F,-22.0,47.34192000000001
*CC(*)(CC(=O)OCCOCCOCCOC)C(=O)OCCOCCOCCOC,-19.0,-24.928085714285718
*CC(*)c1ccc(COCCC(F)(F)C(F)(F)C(F)(F)C(F)(F)C(F)(F)C(F)(F)F)cc1,18.0,41.529
*Oc1ccc(-c2ccc(OC(=O)/C=C/c3ccc(/C=C/C(*)=O)cc3)cc2)cc1,243.0,203.20996666666667
*CC(*)OCCOc1ccc(/N=N/c2ccc([N+](=O)[O-])cc2)cc1,54.0,100.41740000000001
*c1c(C)cc(C(c2cccnc2)c2cc(C)c(N3C(=O)CC(Nc4cccc(NC5CC(=O)N(*)C5=O)c4)C3=O)c(C)c2)cc1C,224.0,239.34939999999997
*c1ccc(Oc2ccc(C(=O)c3ccc(Oc4ccc(C(=O)c5ccc(Oc6ccc(-c7nc8ccccc8n7-c7ccc(-n8c(*)nc9ccccc98)cc7)cc6)cc5)cc4)cc3)cc2)cc1,223.0,246.24230952380955
*CC(*)C(=O)c1ccc(C)c(C)c1,42.0,104.42881666666663
*CC(*)c1ccccc1Cl,119.0,134.078
*c1ccc(C(=O)Nc2ccc(-n3c(=O)c4cc5c(=O)n(*)c(=O)c5cc4c3=O)cc2C(=O)OCC)cc1,340.0,226.54768714285686
*Oc1ccc(S(=O)(=O)c2ccc(Oc3c(C(C)C)cc(C(C)(C)c4cc(C(C)C)c(*)c(C(C)C)c4)cc3C(C)C)cc2)cc1,175.0,221.40343636363704
*c1cc(C(=O)Nc2ccc(-c3nnc(*)o3)cc2)cc(N2C(=O)c3ccccc3C2=O)c1,324.0,308.8841666666666
*CCCCNC(=O)CC(=O)N*,73.0,70.14866666666666
*Oc1ccc(S(=O)(=O)c2ccc(Oc3ccc(NC(=O)c4cc(C(=O)Nc5ccc(*)cc5)cc(C(C)(C)C)c4)cc3)cc2)cc1,232.5,220.71090714285714
*Oc1ccc(C(c2ccc(OC(*)=S)cc2)c2cccc3ccccc23)cc1,191.0,176.06753333333333
*c1ccc(-c2nc3ccccc3o2)c(*)c1,229.0,242.40505
*CC(*)OC(=O)c1ccc(C(C)C)cc1,67.7,77.98528333333334
*Nc1cc(NC(=O)c2cc(OCCN(C)c3ccc(S(=O)(=O)C(F)(F)C(F)(F)C(F)(F)C(F)(F)C(F)(F)C(F)(F)C(F)(F)C(F)(F)F)cc3)cc(C(*)=O)c2)cc(C(=O)OCCN(C)c2ccc(C#N)cc2)c1,157.0,172.11720000000003
*c1cccc(C(=O)c2c(C)cc(C)c(N3C(=O)c4ccc(Oc5ccc6c(c5)C(=O)N(*)C6=O)cc4C3=O)c2C)c1,287.0,277.63823666666656
*Nc1ccc(C(C)(C)c2cccc(C(C)(C)c3ccc(Nc4ccc(C(=O)c5ccc(C(=O)c6ccc(*)cc6)cc5)cc4)cc3)c2)cc1,177.0,167.9246666666667
*CC(*)c1ccc(C(C)(C)O)cc1,170.0,142.92477857142856
*CCCCCCCCCCOc1ccc(/C=C2\CCC/C(=C\c3ccc(O*)cc3)C2=O)cc1,85.0,97.68035238095239
*C(=O)Nc1ccc(Oc2cccc(Oc3ccc(NC(=O)c4ccc5c(c4)C(=O)N(c4ccc(Oc6cccc(Oc7ccc(N8C(=O)c9ccc(*)cc9C8=O)cc7)c6C#N)cc4)C5=O)cc3)c2)cc1,217.0,223.6666166666667
*CC(*)C(=O)OCC1(CC)COCOC1,42.0,31.830966666666672
*CCC[Si](*)(C)c1ccc(N(C)C)cc1,6.5,15.440907619047627
*CCCCCOc1ccc(OCCCCCc2nnc(-c3ccc(-c4nnc(*)o4)cc3)o2)c(C)c1,95.0,91.16655737987503
*Oc1c(C)cc(*)cc1C(C)CCCCCC,54.0,9.123585714285715
*CCCCCOC(=O)NCC(F)(F)C(F)(F)C(F)(F)C(F)(F)CNC(=O)O*,33.0,4.798963395190641
*CC(F)(F)C(F)(F)C(F)(F)C(F)(F)COC(=O)NCCCCCCNC(=O)O*,-2.0,12.370733333333334
*CCCCCCCCCCOC(=O)CCCCCCC(=O)O*,-22.0,-54.407697845392946
*N=P(*)(CC1COCCOCCOCCO1)OCC1COCCOCCOCCO1,-40.0,-34.764
*c1ccc(-c2ccc(N(*)c3ccc(CCCC)cc3)cc2)cc1,180.0,115.96542904761925
*Oc1ccc(S(=O)(=O)c2ccc(Oc3ccc(P(C)(=O)c4ccc(*)cc4)cc3)cc2)cc1,233.0,210.6315272816073
*/C(C)=C(/*)[Si](C)(C)CC[Si](C)(C)C,200.0,139.4478
*Cc1ccc(CSSS*)cc1,8.0,26.0708
*CC(*)C(C)C,60.0,8.76496404761904
*Nc1ccc(C(c2ccc(NC(=O)c3cc(C(*)=O)cc(C(C)(C)C)c3)cc2)(P2(=O)Oc3ccccc3-c3ccccc32)P2(=O)Oc3ccccc3-c3ccccc32)cc1,235.0,258.1486000000002
*CC(C(C)C)C(COC(=O)c1ccc(C(=O)O*)cc1)C(C)C,65.0,53.05896666666667
*CCOC(=O)CCCCCCCCC(=O)O*,-23.0,-55.29896645021642
*CC(*)OC(=O)CC1CCCC1,-3.0,25.400233333333333
*CC1(*)CCCCC1,100.0,83.50913333333334
*Oc1ccc(S(=O)(=O)c2ccc(Oc3ccc(NC(=O)c4ccc(Oc5ccc(C(C)(C)c6ccc(C(C)(C)c7ccc(Oc8ccc(C(=O)Nc9ccc(*)cc9)cc8)cc7)cc6)cc5)cc4)cc3)cc2)cc1,177.0,187.05620708180695
*CC(*)(C)C(=O)OC(C(F)(F)F)C(F)(F)F,75.0,70.08342666666668
*C(=O)c1ccc2c(c1)C(=O)N(c1ccc(Cc3ccc(N4C(=O)c5ccc(*)cc5C4=O)c(C)c3)cc1C)C2=O,310.0,279.39260476190475
*C(=O)CCCCCCCCC(=O)N1CCN(*)CC1,82.0,6.694989983429884
*CCCCCCCCCOC(=O)Nc1ccc(C)c(NC(=O)O*)c1,62.0,58.26030476190474
*CCCCCCCCCCOc1ccc(/C=C/c2ccc(OCCCCCCCCCCOP(=O)(O*)OCCCCCCCCCCOc3ccc(/N=N/c4ccccc4)cc3)cc2)cc1,55.0,55.02031904761904
*c1ccc(Oc2cccc(Oc3ccc(N4C(=O)c5cccc(Oc6ccc(S(=O)(=O)c7ccc(Oc8cccc9c8C(=O)N(*)C9=O)cc7)cc6)c5C4=O)cc3)c2)cc1,230.0,213.91680476190476
*CCC1C(=O)N(CC)C(=O)C1*,109.2,124.02682000000047
*CC(=O)NCCCCCCNC(=O)CO*,10.0,8.77604484126984
*Oc1ccc(/C(=C/c2cc(OC)c(/C=C(/c3ccc(*)cc3)c3ccc(F)cc3)cc2OC)c2ccc(F)cc2)cc1,187.0,168.39430000000002
*C(=O)OCCCCCCCCCCCCCCCCCCCCCCOC(=O)c1ccc(N2C(=O)c3ccc(*)cc3C2=O)cc1,44.0,62.92740000555003
*O[Si](*)(C)CCCOc1ccc2c(c1)c1cc(-c3ccc4c(c3)c3ccccc3n4CC(CC)CCCC)ccc1n2CC(CC)CCCC,129.0,87.51057261904754
*c1ccc2c(c1)C(=O)N(c1cc(C(=O)Nc3c(C)cc(-c4cc(C)c(NC(=O)c5ccc(C)c(N6C(=O)c7ccc(C(*)(C(F)(F)F)C(F)(F)F)cc7C6=O)c5)c(C)c4)cc3C)ccc1C)C2=O,250.0,312.03526666666664
*c1ccc(-c2sc(-c3cc(SCCCC)c(*)s3)cc2SCCCC)cc1,129.0,89.24412142857162
*CC(*)(C)C(=O)OCCOCCOC,57.0,-34.220485714285715
*Oc1cccc(NC(=O)c2ccc(C(=O)c3cccc(C(=O)Nc4ccc(*)cc4)c3)cc2)c1,237.0,215.911
*c1nc(-c2ccccc2)nc(N(C)CCCCCCN(*)C)n1,57.0,32.65007185722775
*C(=O)OC1CC(*)N(C(=O)OCc2ccccc2)C1,78.0,129.60430833333334
*c1ccc(C(C)(C)c2ccc(N3C(=O)c4ccc(Oc5ccc(Oc6ccc7c(c6)C(=O)N(*)C7=O)cc5)cc4C3=O)cc2)cc1,264.0,209.3470142857144
*Oc1cc(OC(=O)c2ccc(OCCCC)cc2)c(OC(=O)CCCC(*)=O)cc1OC(=O)c1ccc(OCCCC)cc1,59.0,57.60993333333333
*Oc1ccc(C(C#N)(c2ccccc2)c2ccc(OC(*)=O)cc2)cc1,138.0,182.8744777777778
*CC1CC2CC1C1CCC(CN3C(=O)c4ccc(C(c5ccc6c(c5)C(=O)N(*)C6=O)(C(F)(F)F)C(F)(F)F)cc4C3=O)C21,207.0,214.8489
*CC(*)C(=O)OCCCOc1ccc(/N=N/c2ccc([N+](=O)[O-])cc2)cc1,45.6,39.581066666666814
*Oc1ccc(C(C)(c2ccccc2)c2ccc(OC(=O)OC3C(C)(C)C(OC(*)=O)C3(C)C)cc2)cc1,149.0,151.993
*CC(COc1ccc(C(C)(c2ccccc2)c2ccc(O*)cc2)cc1)OC(C)=O,110.0,93.78079999999993
*CC(c1ccccc1)C1C(=O)N(c2ccc(Oc3ccccc3)cc2)C(=O)C1*,194.0,201.1161666666667
*CC(*)OCC,-33.0,-26.714545238095226
*CCNC(=O)c1ccccc1O*,84.0,101.90263333333333
*Oc1ccc(N[Se]Nc2ccc(*)cc2)cc1,55.0,176.81637833333338
*Cc1ccc2oc(=O)c(C(=O)Nc3ccc(Oc4ccc(Oc5ccc(NC(=O)c6cc7cc(*)ccc7oc6=O)cc5)cc4)cc3)cc2c1,290.0,291.29359999999997
*Oc1ccc(OC(=O)c2cccc(Sc3ccc(OC(=O)c4ccc(C(=O)Oc5ccc(Sc6cccc(C(*)=O)c6)cc5)cc4)cc3)c2)cc1-c1ccccc1,128.0,143.17090000000002
*Nc1cccc2c(NC(=O)Nc3cc(NC(*)=O)cc(C(=O)Nc4ccc5c(c4)C(=O)c4ccccc4C5=O)c3)cccc12,178.0,192.1652
*OC(=O)C(C)NC(=O)CCCCCCCC(=O)NC(C)C(=O)OC1COC2C(*)COC12,46.0,48.97553333333333
*CC(C)(C)C1C(=O)N(c2ccccc2C)C(=O)C1*,207.0,208.754
*c1ccc(C(=O)OCCCCCCCCCCOC(=O)c2ccc(-c3nnc(*)s3)cc2)cc1,79.0,87.78073650793658
*c1ccc(C(C)(C)c2ccc(N3C(=O)c4ccc(Oc5cccc6c(Oc7ccc8c(c7)C(=O)N(*)C8=O)cccc56)cc4C3=O)cc2)cc1,265.0,254.40086444444444
*CC(*)(C)C(=O)OCCCCCCC(F)(F)C(F)(F)C(F)(F)C(F)(F)F,23.0,6.073410589584995
*c1ccc(Cc2ccc(-n3c(=O)c4cc5c(=O)n(*)c(=O)c5cc4c3=O)c(C(C)(C)C)c2)cc1C(C)(C)C,217.0,292.5546285714285
*CCOc1ccc(S(=O)(=O)c2ccc(OCCOP(=O)(O*)Oc3ccc(C)cc3)cc2)cc1,46.0,54.756
*/C=C(/*)C(CCC)[Si](C)(C)CCCCCC,40.0,60.43459848484849
*c1cccc(NC(=O)c2ccc(OCCOCCOCCOc3ccc(C(=O)Nc4ccc5[nH]c(*)nc5c4)cc3)cc2)c1,180.0,169.06009523809527
*c1ccc(Cc2ccc(N3C(=O)c4ccc(-c5ccc(-c6ccc(-c7ccc(-c8ccc(-c9ccc%10c(c9)C(=O)N(*)C%10=O)cc8)cc7)cc6)cc5)cc4C3=O)cc2)cc1,244.0,283.3178333333334
*C#CC#Cc1cc(C(C)(C)C)cc2c3cc(C(C)(C)C)cc(*)c3n(CCCCCCCCCCCCCCCC)c12,67.0,89.634986002886
*c1ccc(-c2cc(-c3ccc(-c4ccccc4)cc3)cc(-c3ccc(N4C(=O)c5ccc(NC(=O)Nc6cccc7c(NC(=O)Nc8ccc9c(c8)C(=O)N(*)C9=O)cccc67)cc5C4=O)cc3)n2)cc1,254.0,255.2268333333334
*CCCCCCCCN1C(=O)c2ccc(-c3ccc(-c4ccc5c(c4)C(=O)N(*)C5=O)cc3)cc2C1=O,120.0,109.7033443001442
*O[Si](*)(C)CCc1cc(-c2nnc(-c3ccc(OCCCCCCCCCCCC)cc3)o2)ccc1-c1nnc(-c2ccc(OCCCCCCCCCCCC)cc2)o1,156.0,89.94103333333337
*c1ccc2c(c1)C(=O)N(c1ccc(Oc3ccc(N4C(=O)c5ccc(-c6c(-c7ccccc7)c(-c7ccccc7)c(-c7ccc(Oc8ccc(-c9c(-c%10ccccc%10)c(-c%10ccccc%10)c(*)c(-c%10ccccc%10)c9-c9ccccc9)cc8)cc7)c(-c7ccccc7)c6-c6ccccc6)cc5C4=O)cc3)cc1)C2=O,329.0,321.4569642857143
*Oc1ccc(C2(c3ccc(OC(=O)c4ccc(C(*)=O)cc4)cc3)c3ccccc3C(=O)c3ccccc32)cc1,400.0,244.74975999999998
*C(=O)Nc1ccc(-c2ccc(NC(=O)c3ccc4c(c3)C(=O)N(c3ccc(Oc5cccc6c(N7C(=O)c8ccc(*)cc8C7=O)cccc56)cc3)C4=O)c(OC)c2)cc1OC,304.0,283.3563666666667
*Oc1ccc(C(C)c2ccc(OC(*)=O)cc2)cc1,130.0,157.2581738095238
*C(=O)OCCCCCCCCCOC(=O)c1ccc(NC(=O)c2ccc(N3C(=O)c4ccc(*)cc4C3=O)cc2)cc1,100.0,111.67075422077922
*CC(*)C(=O)OCCCCCCCCCOC(=O)c1ccc(OC(=O)c2ccc(C#N)cc2)cc1,15.0,20.822632683982686
*Oc1ccc(CC(NC(=O)CCc2ccc(OC(=O)COCCOCC(*)=O)cc2)C(=O)OC(C)C)cc1,58.0,54.992666666666665
*O[Si](C)(C)O[Si](C)(C)O[Si](C)(C)Oc1c(C)cc(-c2cc(C)c(*)c(C)c2)cc1C,14.0,-25.86619047619048
*c1ccc(*)c(C(=O)c2ccc(F)cc2)c1,194.0,175.5243
*O[Si](*)(C)CCCOc1ccc(C(=O)Oc2ccc(C(=O)Oc3ccc(OC)cc3)cc2)cc1,38.0,40.27174999999997
*c1ccc(OC(=O)Nc2ccc(-c3ccc(NC(=O)Oc4ccc(-c5nc(-c6ccc(-c7nc(-c8ccc([N+](=O)[O-])cc8)c(-c8ccc([N+](=O)[O-])cc8)[nH]7)cc6)[nH]c5*)cc4)cc3OC)c(OC)c2)cc1,223.0,220.93450476190478
*c1ccc(Oc2c(C)cc(C(C)(C)c3cc(C)c(Oc4ccc(N5C(=O)c6ccc(Oc7ccc(C8(c9ccc(Oc%10ccc%11c(c%10)C(=O)N(*)C%11=O)cc9)CCC(c9ccccc9)CC8)cc7)cc6C5=O)cc4)c(C)c3)cc2C)cc1,232.0,247.16556666666668
*OP(=O)(Oc1ccccc1)Oc1ccc(-c2ccc(*)cc2)cc1,112.0,114.62470000000002
*CC(=O)Nc1ccc(NC(=O)c2ccc3c(c2)C(=O)N(*)C3=O)cc1,292.0,247.31677666666667
*CCCCOC(=O)O*,-27.0,-45.07149588249989
*c1ccc(NC(=O)c2cc(NC(=O)c3ccc(OC(C)=O)cc3)cc(C(=O)Nc3ccc(-c4nnc(*)o4)cc3)c2)cc1,280.0,269.5616666666666
*Nc1cc(NC(=O)c2ccc(C(*)=O)cc2)cc(C(=O)OCCOC(=O)/C=C/c2ccc(N(C)C)cc2)c1,198.0,196.28300170940167
*Oc1ccc(S(=O)(=O)c2ccc(Oc3ccc(C(C)(C)c4ccc(OCCCCOc5ccc(C(C)(C)c6ccc(*)cc6)cc5)cc4)cc3)cc2)cc1,140.0,88.66983333333332
*=Nc1ccc(/N=C(\c2ccccc2)c2ccc(C(=*)c3ccccc3)cc2)cc1,179.0,160.15133333333333
*/C=C(/c1ccc(*)cc1)c1ccc(C(F)(F)F)cc1,199.0,197.64265
*Oc1ccc(CC(NC(=O)CCc2ccc(OC(=O)CCCCC(*)=O)cc2)C(=O)OCCCCCC)cc1,37.725,21.722810081585084
*CCOCCOCCOCCOCCOCCOC(=O)c1cc(OCCCCCCOc2ccc(-c3ccc(OC)cc3)cc2)cc(C(=O)O*)c1,12.5,48.67131952002245
*CC(*)C(=O)OC1CC2CCC1(C)C2(C)C,100.0,123.59060000000001
*O[Si](C)(C)O[Si](C)(C)O[Si](C)(C)OC(C)CCCCC(*)C,-94.0,-99.56127142857143
*CCCCCCCCCCOC(=O)Nc1ccc(C)c(NC(=O)O*)c1,18.0,58.26030476190474
*CC(O)CN(CC(O)COc1ccc(C(C)(C)c2ccc(O*)cc2)cc1)c1ccc(/N=N/c2ccc([N+](=O)[O-])cc2)cc1,59.0,177.3334
*CC(*)c1ccccc1C(F)(F)F,165.0,123.98576666666665
*CC(*)C(=O)OCCOCC(F)(F)C(F)(F)C(F)(F)F,-45.0,-14.301271428571436
*/N=N/c1ccc(Nc2ccc(C(=O)c3ccc(Nc4ccc(*)cc4)cc3)cc2)cc1,216.42,205.91150000000002
*c1cccc(N2C(=O)c3ccc(Oc4ccc5cc(Oc6ccc7c(c6)C(=O)N(*)C7=O)ccc5c4)cc3C2=O)c1,230.0,254.5486666666667
*CC(*)C(=O)c1ccc(C(C)C)cc1,62.5,89.75926738095244
*Nc1cc(NC(=O)c2ccc(-c3ccc(C(*)=O)cc3)cc2)cc(C(=O)OCCOc2ccc(/C=C/C(=O)c3ccccc3)cc2)c1,254.0,227.46453095238093
*Oc1ccc(OC(=O)c2cccc(Oc3cccc(C(*)=O)c3)c2)cc1,119.0,107.398
*c1ccc(Oc2cccc(Oc3ccc(N4C(=O)c5cccc(Oc6ccc(Oc7cccc8c7C(=O)N(*)C8=O)cc6)c5C4=O)cc3)c2)cc1,214.0,211.49346904761907
*CC(*)C(=O)OCC(C)O,-7.0,8.388433333333335
*C(=O)c1ccc(C(=O)c2ccc3c(c2)C(=O)N(c2ccc(C(=O)c4ccc(C(=O)c5ccc(N6C(=O)c7ccc(*)cc7C6=O)cc5)cc4)cc2)C3=O)cc1,260.0,288.28104761904757
*c1ccc2c(c1)C(=O)N(c1ccc(OC(C)COc3ccc(N4C(=O)c5ccc(C(*)(C(F)(F)F)C(F)(F)F)cc5C4=O)cc3)cc1)C2=O,234.0,190.62723333333335
*CCCCCC(=O)Nc1ccc(Oc2cccc(NC(=O)CCCCCN3C(=O)c4ccc(C(=O)c5ccc6c(c5)C(=O)N(*)C6=O)cc4C3=O)c2)cc1,170.0,163.4202090909091
*CC(*)OCCCCCCCCCC,-62.0,-67.53639898989903
*CC(*)(C#N)C(=O)OCC(C)C,51.0,89.09616333333335
*CCCCCCCCCCC(=O)Nc1ccc(Oc2cccc(NC(=O)CCCCCCCCCCN3C(=O)c4ccc(C(=O)c5ccc6c(c5)C(=O)N(*)C6=O)cc4C3=O)c2)cc1,126.0,163.4202090909091
*c1ccc(C(=O)OCCCCCCCCOc2ccc(/C=C3\CCCC/C(=C\c4ccc(OCCCCCCCCOC(=O)c5ccc(-c6nnc(*)o6)cc5)cc4)C3=O)cc2)cc1,98.0,84.20749047619046
*Oc1ccc(Cc2ccc(OC(*)=O)c(C)c2)cc1C,51.0,93.91680000000001
*CC(*)C(=O)NC(C)C,134.62,64.2879
*c1ccc(-c2ccc(N(*)c3ccc(C(F)(F)F)cc3)cc2)cc1,225.0,183.786
*c1ccc(Oc2ccc(-c3ccc(Oc4ccc(-c5cnc6cc(-c7ccc8nc(*)cnc8c7)ccc6n5)cc4)cc3)cc2)cc1,213.0,231.78641623376637
*O[Si](*)(C)CCCCCOc1ccc(/C=C/c2ccc(OC)cc2)cc1,52.0,36.856
*c1ccc(Oc2ccc(S(=O)(=O)c3ccc(Oc4ccc(N5C(=O)C6CCC(C7CCC8C(=O)N(*)C(=O)C8C7)CC6C5=O)cc4)cc3)cc2)cc1,256.5,239.34988333333334
*CC(O)CN(*)c1cc(C)c(/N=N/c2ccc(C#N)cc2)c(C)c1,150.0,121.71598333333336
*Oc1ccc(C2(c3ccc(OC(*)=O)cc3)c3cc(OC)ccc3-c3ccc([N+](=O)[O-])cc32)cc1,294.0,256.85679999999985
*C(=O)c1ccc2c(c1)C(=O)N(c1ccc(-c3c(-c4ccc(-c5ccccc5)cc4)cc(-c4ccc(OCCCCCCOc5ccc(-c6cc(-c7ccc(-c8ccccc8)cc7)c(-c7ccc(N8C(=O)c9ccc(*)cc9C8=O)cc7)c(-c7ccc(-c8ccccc8)cc7)c6)cc5)cc4)cc3-c3ccc(-c4ccccc4)cc3)cc1)C2=O,111.5,128.71053666666668
*CCCCCCCOc1ccc(-c2ccc(O*)c3ccccc23)c2ccccc12,129.5,126.97630476190479
*CC(*)OC(=O)C(F)(F)C(F)(F)F,42.0,22.211591666666667
*CC(*)(C)C(=O)OCCCCCCOc1ccc(C(=O)Oc2ccc(C#N)cc2)cc1,43.0,20.933200793650798
*c1ccc(Oc2ccc(Oc3ccc(N4C(=O)c5ccc(Oc6ccc(-c7ccc(Oc8ccc9c(c8)C(=O)N(*)C9=O)cc7)cc6)cc5C4=O)cc3)cc2)cc1,222.0,227.56095552225557
*Nc1ccc(NC(=O)CCCCC(*)=O)cc1,133.0,159.78360000000004
*CCCP(C)(=O)CCCNC(=O)CCCCC(=O)N*,33.0,62.001748882020735
*c1cccc(N2C(=O)c3cccc(Oc4cccc(Oc5cccc6c5C(=O)N(*)C6=O)c4)c3C2=O)c1,241.0,217.5209571428571
*COc1ccc(C(C)(C)c2ccc(Oc3ccc(*)n3-c3ccc(C#N)cc3)cc2)cc1,73.13,122.32411999999998
*Oc1ccc(/N=C/CCC/C=N/c2ccc(OC(=O)Nc3cc(NC(*)=O)ccc3C)cc2)cc1,69.0,71.36603333333335
*N=P(*)(Oc1ccc(C(C)CC)cc1)Oc1ccc(C(C)CC)cc1,-11.5,-0.6614000000000003
*c1ccc2c(c1)C(CC(CC)CCCC)(CC(CC)CCCC)c1cc(*)ccc1-2,29.0,123.61911666666673
*Nc1ccc(C2(c3ccc(NC(=O)c4cc(C(*)=O)cc(C(C)(C)C)c4)cc3)c3ccccc3-c3ccccc32)cc1,284.0,292.1798000000002
*c1ccc2c(c1)C(=O)N(c1cccc(S(=O)(=O)c3cccc(N4C(=O)c5ccc(C(*)(C(F)(F)F)C(F)(F)F)cc5C4=O)c3)c1)C2=O,271.0,289.08613333333335
*c1ccc(Oc2ccc(Oc3ccc(Oc4ccc(-c5nc6ccc(-c7ccc8nc(*)c(-c9ccccc9)nc8c7)cc6nc5-c5ccccc5)cc4)cc3)cc2)cc1,263.0,299.01096785714276
*Cc1ccc(C(C)(CC)c2ccc(Cn3c(=O)c4cc5c(=O)n(*)c(=O)c5cc4c3=O)o2)o1,143.0,143.199
*c1ccc(Oc2cccc(Oc3ccc(N4C(=O)c5ccc(-c6ccc7c(c6)C(=O)N(*)C7=O)cc5C4=O)cc3)c2C#N)cc1,271.0,251.70240516666667
*OC(=O)OCCOCCOC(=O)OC1COC2C(*)COC12,46.5,14.465503968253966
*C(=O)Nc1ccc(Oc2ccc(C(C)(C)c3ccc(Oc4ccc(NC(=O)c5ccc6c(c5)C(=O)N(c5ccc(Oc7cccc(N8C(=O)c9ccc(*)cc9C8=O)c7)cc5)C6=O)cc4)cc3)cc2)cc1,207.0,246.42853333333335
*C(=O)Nc1ccc(C(=O)Nc2ccc(NC(=O)c3ccc4[nH]c(-c5cccc(-c6nc7cc(*)ccc7[nH]6)c5)nc4c3)cc2)cc1,322.0,308.93065333333334
*CC(=O)NCCCCCCNC(=O)COC(=O)CCC(=O)O*,30.0,2.25085007936508
*CC(*)(C)C(=O)OCC1(C)COCOC1,142.0,101.14823333333334
*CCCCOC(=O)Nc1ccc(C)c(NC(=O)O*)c1,42.0,43.04634666666667
*Oc1cccc2cc(OC(=O)c3ccc(Oc4ccc(C(*)=O)cc4)cc3)ccc12,179.0,151.20946666666674
*Cc1cc(C)c(CNC(=O)c2ccc(C(=O)N*)cc2)cc1C,225.0,174.0182
*CC(*)C(=O)OCC(F)(F)F,3.1,48.463249999999995
*CC(*)C(=O)Oc1cc(C)cc(C)c1,54.0,68.77546666666667
*Oc1ccc(S(=O)(=O)c2ccc(Oc3ccc(-c4ccc(*)cc4)cc3)cc2N)c(N)c1,242.2,206.1648045499006
*CCOc1ccc(S(=O)(=O)c2ccc(OCCOP(=O)(O*)Oc3ccc(OC)cc3)cc2)cc1,52.0,57.647
*/C=C/C(C*)COCC(=O)OCCCCCCCCOc1ccc(/C=C/c2ccc([N+](=O)[O-])cc2)cc1,23.0,42.62814333333332
*OC(COC(=O)c1ccccc1-c1ccccc1C(*)=O)COc1ccc(/N=N/c2ccc(C#N)cc2)cc1,120.0,115.6552
*NNC(=O)c1ccccc1C(=O)Nc1cccc(/C=C2\CCC/C(=C\c3cccc(NC(=O)c4ccccc4C(*)=O)c3)C2=O)c1,195.0,191.46308000000025
*CC(*)(C)C(=O)OCCCCCCN1CCN(c2ccc(/N=N/c3ccc([N+](=O)[O-])cc3)cc2)CC1,60.0,68.1763666666667
*CCCCCCOC(=O)OCCCCCCOC(=O)OCCCCCCn1c(=O)c2cc3c(=O)n(*)c(=O)c3cc2c1=O,17.0,16.463871746031742
*CC(*)c1ccccc1C(=O)NC,189.0,153.39003333333332
*O[Si](C)(C)c1cccc2c([Si](*)(C)C)cccc12,62.0,62.39300000000001
*Oc1ccc2ccc(Oc3ccc(C(=O)Nc4ccc(Oc5ccc(C(C)(C)c6ccc(C(C)(C)c7ccc(Oc8ccc(NC(=O)c9ccc(*)cc9)cc8)cc7)cc6)cc5)cc4)cc3)cc2c1,166.0,156.8253515873016
*Oc1ccc(NC(=O)CCCCC(=O)Nc2ccc(*)cc2)cc1,230.0,169.53071123321118
*CC(O)COc1ccc(C(C)(CC)c2ccc(O*)cc2)cc1,95.0,82.76313333333333
*C(=O)Nc1cccc(NC(=O)/C=C/c2cccc(N3C(=O)c4ccc(*)cc4C3=O)c2)c1,257.5,276.3752
*CCCCCCCCCCCCOc1ccc(CCc2ccc(O*)cc2C)cc1,0.0,5.054200524475528
*CCN(CCOC(=O)NCCCCCCNC(=O)O*)c1ccc(/N=N/c2ccc([N+](=O)[O-])cc2)c(C)c1,75.0,51.69031904761915
*CCSSCCOCO*,-57.5,-48.7575880952381
*/C=C/C1CC(*)C(C(=O)OC(C)(C)C)C1C(=O)OC(C)(C)C,83.4,83.52670000000013
*c1cc(Br)c(-c2c(Br)cc(N3C(=O)c4ccc(-c5ccc6c(c5)C(=O)N(*)C6=O)cc4C3=O)cc2C(=O)OCCCCCCCCCCCCCCCC)c(C(=O)OCCCCCCCCCCCCCCCC)c1,92.0,116.04259578754574
*CCCCCCCNC(=O)N*,62.0,97.86612626262627
*c1ccc(C(c2ccccc2)c2ccc(N3C(=O)c4ccc(Oc5ccc6c(c5)C(=O)N(*)C6=O)cc4C3=O)cc2)cc1,269.0,293.14341904761903
*Oc1ccc(C(c2ccc(OC(*)=O)cc2)C2C3CCC(C3)C2C)cc1,232.0,223.97279999999998
*O[Si](*)(C)CCCCCCOC(=O)c1cc(OC(=O)c2ccc(OCCOCCOCCOCCOCCOCCOC)cc2)ccc1OC(=O)c1ccc(OCCOCCOCCOCCOCCOCCOC)cc1,-50.0,14.601230702630703
*CC(*)(C)CC,-5.0,14.592386666666666
*CCCCCCCCCCCCc1nc2ccc(-c3ccc4nc(*)oc4c3)cc2o1,55.0,126.91446827731099
*CC(*)OC(=O)c1ccc(Br)cc1,85.5,71.58164499999998
*c1cccc(*)c1,104.93,139.30682000000002
*CC(*)(C)C(=O)OCCCCCC(=O)Oc1ccc(OC(=O)c2ccc(OCC)cc2)cc1,43.0,44.318639682539704
*CC(*)(C)C(=O)OCC(F)(F)C(F)(F)C(F)(F)C(F)F,47.0,32.512847619047626
*c1cc(CCCCCCCC)c(*)s1,-9.2,-11.963885584415584
*c1ccc(-c2sc(-c3ccc(-c4cc(SCCCC)c(*)s4)cc3)cc2SCCCC)cc1,26.4,52.723378095237834
*CC(*)CCCCCCCC,-35.0,-46.33891381655068
*CCCCOC(=O)NNC(=O)CCCCCCCCC(=O)NNC(=O)O*,56.0,32.10040694962046
*c1ccc(C(=O)Oc2c(C)cc(C(c3cccnc3)c3cc(C)c(OC(=O)c4ccc(N5C(=O)CC(Nc6cccc(NC7CC(=O)N(*)C7=O)c6)C5=O)cc4)c(C)c3)cc2C)cc1,194.0,216.5844
*CCc1cc(C)c(*)cc1C,100.0,79.4265
*CC(*)OCCCCCCCC,-79.5,-67.53639898989903
*CC(CC(*)(C#N)C#N)c1ccc(CCl)cc1,180.0,127.81203333333335
*c1ccc(NC(=O)c2ccc(OCCOCCOCCOCCOCCOc3ccc(C(=O)Nc4ccc5[nH]c(*)nc5c4)cc3)cc2)cc1,125.0,159.7716047619048
*OP(=O)(Oc1ccc(Br)cc1)Oc1ccc(S(=O)(=O)c2ccc(*)cc2)cc1,89.0,116.5533611111111
*CCOC(=O)Nc1ccc(C)c(NC(=O)OCCOc2ccc(C3(c4ccc(O*)cc4)c4ccccc4-c4ccccc43)cc2)c1,175.0,144.91713333333334
*O[Si](C)(C)CC[Si](*)(C)O[Si](C)(C)C,-89.0,-62.88288317460303
*CC(*)C(=O)Oc1ccc(C(=O)OCCCC)cc1,13.0,52.45748666666665
*CCCCCCOC(=O)OCCCCCCCCCCCCOC(=O)OCCCCCCn1c(=O)c2cc3c(=O)n(*)c(=O)c3cc2c1=O,-9.0,16.463871746031742
*Nc1cc(NC(=O)c2cc(OCCCS(=O)(=O)c3ccc(/N=N/c4ccc(N(C)C)cc4)cc3)cc(C(*)=O)c2)cc(C(=O)OCCCN(C)c2ccc(/N=N/c3ccc(S(C)(=O)=O)cc3)cc2)c1,166.0,169.6346327677551
*CCCCOC(=O)CCCCCNC(=O)CCCCC(=O)NCCCCCC(=O)O*,-15.0,-9.55480856437348
*c1ccc(-c2ccc(-c3nc4cc(Oc5ccc6nc(-c7ccccc7)c(*)nc6c5)ccc4nc3-c3ccccc3)cc2)cc1,410.0,319.7760682539681
*c1ccc(C(=O)OCCCCCCCCCCOc2ccc(/C=C/C(=O)/C=C/c3ccc(OCCCCCCCCCCOC(=O)c4ccc(-c5nnc(*)o5)cc4)cc3)cc2)cc1,58.0,63.096288888888886
*Oc1ccc(C2(c3ccc(OC(=O)c4cccc(C(*)=O)c4)c(C)c3)CCC3CCCCC3C2)cc1C,207.0,229.9474533333333
*CC(*)c1cc(Br)ccc1OC,86.0,75.31754000000001
*CC(*)(C)C(=O)OCc1ccc(/C=C/C(=O)C2c3ccccc3C(=O)c3ccccc32)cc1,163.0,128.68593333333334
*C(=O)c1ccc2c(c1)C(=O)N(c1cccc(S(=O)(=O)c3cccc(N4C(=O)c5ccc(*)cc5C4=O)c3)c1)C2=O,278.0,285.86726
*N=P(*)(OCCc1ccccc1)OCCc1ccccc1,-32.7,-13.469126666666652
*CC(*)CCCCC,-45.5,-44.344789626237215
*c1ccc(Oc2ccc(C(=O)c3ccc(Oc4ccc(N5C(=O)c6ccc(S(=O)(=O)c7ccc8c(c7)C(=O)N(*)C8=O)cc6C5=O)cc4)cc3)cc2)cc1,275.5,255.56537619047617
*c1ccc(-c2nc3cc(Oc4ccc(NC(=O)c5cc(C(=O)Nc6ccc(Oc7ccc8nc(-c9ccccc9)c(-c9ccc(N%10C(=O)c%11ccc%12c%13c(ccc(c%11%13)C%10=O)C(=O)N(*)C%12=O)cc9)nc8c7)cc6)cc(N6C(=O)c7c(Cl)c(Cl)c(Cl)c(Cl)c7C6=O)c5)cc4)ccc3nc2-c2ccccc2)cc1,345.0,319.64241599999997
*CC(*)c1ccc(OC(C)=O)cc1,113.0,109.41770666666666
*CC1CC2CC1C1CCC(CN3C(=O)c4ccc(-c5ccc6c(c5)C(=O)N(*)C6=O)cc4C3=O)C21,230.0,216.6049
*c1ccc(Oc2ccccc2Oc2ccc(-n3c(=O)c4cc5c(=O)n(*)c(=O)c5cc4c3=O)cc2C(F)(F)F)c(C(F)(F)F)c1,277.0,309.407442857143
*c1cc(SCCCCCC)c(*)s1,32.0,24.598147857142855
*CC(*)(C)C(=O)OCCCCCCCCCCOc1ccc(OC(=O)c2ccc(OCCCCCC)cc2)cc1,41.0,22.25141904761904
*O[Si](*)(C)CCCCCCOc1ccc(C(=O)Oc2ccc(C(=O)Oc3ccc(C=C(C(=O)OCCCCCCCCC)C(=O)OCCCCCCCCC)cc3)cc2)cc1,-4.5,28.304730952380954
*CC(*)c1ccc(Cl)c(F)c1,122.0,111.37088333333337
*Oc1c(C)cc(C(C)(C)c2cc(C)c(OC(=O)CCCCCC(*)=O)c(C)c2)cc1C,84.0,56.645100000000006
*Oc1ccc(C2(c3ccc(OC(=O)c4cccc(C(*)=O)c4)cc3)CCCCC2)cc1,127.0,205.08886666666663
*c1ccc(Oc2ccc(N3C(=O)c4ccc(Oc5ccc(Sc6ccc(Oc7ccc8c(c7)C(=O)N(*)C8=O)cc6)cc5)cc4C3=O)cc2)cc1,212.0,195.75601440781446
*c1ccc2c(c1)C(=O)N(c1ccc(S(=O)(=O)c3ccc(S(=O)(=O)c4ccc(S(=O)(=O)c5ccc(N6C(=O)c7ccc(C(*)(C(F)(F)F)C(F)(F)F)cc7C6=O)cc5)cc4)cc3)cc1)C2=O,327.0,328.86681428571427
*c1ccc(OCOc2ccc(-c3nc(-c4ccc([N+](=O)[O-])cc4)oc3*)cc2)cc1,194.0,152.60105999999993
*c1ccc(OC(=O)c2ccc(C(=O)Oc3ccc(-c4nc5ccccc5nc4*)cc3)cc2)cc1,232.0,195.5399166666667
*Oc1ccc(OC(=O)c2ccc(-c3ccc(C(*)=O)cc3)cc2-c2ccccc2)cc1,140.0,171.2295
*c1ccc(Oc2ccc(-c3ccc(Oc4ccc(N5C(=O)c6cccc(Oc7c(Oc8cccc9c8C(=O)N(*)C9=O)cc(C(C)(C)C)cc7C(C)(C)C)c6C5=O)cc4)cc3)cc2)cc1,237.0,267.23864000000003
*CCCCOc1ccc(/C=C2\CC/C(=C\c3ccc(OCCCCOP(=O)(O*)OC)c(OC)c3)C2=O)cc1OC,75.0,79.79769999999999
*N=P(N=P(N=S(*)(=O)Nc1ccccc1)(Nc1ccccc1)Nc1ccccc1)(Nc1ccccc1)Nc1ccccc1,82.0,125.52863238095229
*C(=O)c1ccc2c(c1)C(=O)N(c1ccccc1C(=O)c1ccccc1N1C(=O)c3ccc(*)cc3C1=O)C2=O,289.0,288.65332952380953
*CCCNC(=O)Cc1ccc(C(=O)N*)cc1,109.0,118.11683333333333
*C(=O)OCCOCCOCCOCCOC(=O)c1ccc(N2C(=O)c3ccc(*)cc3C2=O)cc1,52.0,90.99674285714285
*CC(*)(C)C(=O)OCc1ccc(Cl)c(Cl)c1,34.45,52.01071333333326
*CC(*)(C)C(=O)OCCCCCCCCCCCCOc1ccc(C(=O)Oc2ccc(-c3cccc(OC(=O)c4ccc(OC(=O)c5ccc(OCCCCCCCCCCCC)cc5)cc4)c3)cc2)cc1,74.5,69.10251904761903
*CC(*)C(=O)OCCCCCCCCCCCCCCCCCC,-42.5,-45.34268094987531
*CC(*)C(=O)c1ccc(CCC)cc1,44.0,70.33335000000001
*C(=O)Nc1ccc(C(=O)c2ccc(NC(=O)c3ccc4c(c3)C(=O)N(c3ccc(NC(=O)Nc5ccc(N6C(=O)c7ccc(*)cc7C6=O)cc5)cc3)C4=O)cc2)cc1,212.0,216.45423095238107
*CC(*)(C)C(=O)OCCCN(C)c1ccc(N(C)C)cc1,12.5,82.30322000000001
*Nc1cccc(NC(=O)c2cc(NC(=O)c3ccccc3)cc(C(*)=O)c2)c1,300.0,307.88840000000005
*C(C)C(*)C(=O)OC12CC3CC(C)(CC(C)(C3)C1)C2,194.5,181.6536
*/C=C(/*)c1cccc[c]1[Ge]([CH3])([CH3])[CH3],180.0,155.47245
*CCCC1(C)CCN(C(=O)CCC(=O)N2CCC(*)(C)CC2)CC1,99.0,62.302216666666666
*CCOP(=O)(/N=N/c1ccc(COC(=O)c2cc(C(=O)OCc3ccc(/N=N/P(=O)(O*)OC)cc3)cc(C(C)(C)C)c2)cc1)OC,105.0,84.0211
*Oc1ccc(CC(Cc2ccc(*)cc2)(C(=O)OCC)C(=O)OCC)cc1,54.0,100.72059238095241
*C(=O)Oc1ccc(C(C)(C)c2ccc(OC(=O)c3ccc4c(c3)C(=O)N(c3ccc(-c5ccc(N6C(=O)c7ccc(*)cc7C6=O)cc5C)c(C)c3)C4=O)cc2)cc1,166.0,211.1622
*CCCCCCCCOc1ccc(CCc2ccc(O*)cc2C)cc1,-12.0,5.054200524475528
*c1ccc2c(c1)C(=O)N(c1ccc(-c3ccc(N4C(=O)c5ccc(C(*)(C(F)(F)F)C(F)(F)F)cc5C4=O)cc3C(F)(F)F)c(C(F)(F)F)c1)C2=O,320.0,301.2110238095241
*N=P(*)(OCc1ccc(-c2ccccc2)cc1)OCc1ccc(-c2ccccc2)cc1,60.0,37.30535333333341
*/C=C/c1cc(OCCc2ccccc2)c(*)cc1OC,121.0,52.683699999999995
*CC(*)(C)C(=O)OCCCCCCCCCCOc1ccc(OC(=O)c2ccc(-c3ccc(OC)cc3)cc2)cc1,57.0,55.6987380298786
*c1ccc2c(c1)C(=O)N(c1cc(OCCCCCCCC)cc(N3C(=O)c4ccc(C(*)(C(F)(F)F)C(F)(F)F)cc4C3=O)c1)C2=O,195.0,164.50889047619052
*Oc1ccc(C(C)(C)c2ccc(OC(*)=O)c(Cl)c2)cc1Cl,147.0,139.61326666666668
*c1ccc(-c2ccc(C(*)(C(F)(F)F)C(F)(F)F)cc2)cc1,264.0,187.93561428571428
*Oc1c(-c2ccccc2)cc(*)cc1-c1cccc(C)c1,219.0,215.87668
*CCOP(=O)(/N=N/c1ccc(-c2ccc(/N=N/P(=O)(O*)OCC)cc2)cc1)OCC,43.0,52.24763333333334
*CCOc1ccc(C2(c3ccc(OCCO[Si](O*)(c4ccccc4)c4ccccc4)cc3)c3ccccc3-c3ccccc32)cc1,97.0,75.71083999999999
*OC(C)(CC(*)=O)C(F)(F)F,27.0,19.76953333333333
*CCN(CCOC(=O)Nc1ccc(C)c(NC(=O)O*)c1)c1ccccc1,31.9,72.39426666666681
*c1ccc(Cc2ccc(N(c3ccc(C)cc3)c3ccc(-c4ccc(N(*)c5ccc(C)cc5)cc4)cc3)cc2)cc1,183.0,106.09422666666666
*c1ccc(C(=O)Nc2ccc(Oc3ccc(NC(=O)c4ccc(Oc5ccc(-c6nn(*)c(=O)c7ccccc67)c6ccccc56)cc4)cc3)cc2)cc1,317.5,297.6827333333333
*CCCCCCOC(=O)C(CCCCP(=O)(O)O)C(=O)OCCCCCCOc1ccc(-n2on2-c2ccc(O*)cc2)cc1,19.0,21.94505714285714
*O[Si](C)(C)O[Si](C)(C)Oc1c(C)cc(-c2cc(C)c(*)c(C)c2)cc1C,55.0,-24.38896190476191
*CC(O)COC(=O)CCCCC(=O)OCC(O)COc1ccc(C(=O)Oc2ccc(O*)cc2)cc1,37.0,46.66156666666666
*Oc1ccc(C(C)(C)c2ccc(OC(=O)c3cccc(C(*)=O)c3)c(C)c2)cc1C,162.0,150.00860666666668
*c1ccc(NC(=O)c2cccc(C(=O)Nc3ccc(-n4c(=O)c5cc6c(=O)n(*)c(=O)c6cc5c4=O)cc3)c2)cc1,296.0,310.02306666666664
*/C=C/c1ccc(/C=C/[Si](C)(C)c2ccc([Si](*)(C)C)cc2)cc1,76.6,-8.779066666666676
*C(=O)c1ccc2c(c1)C(=O)N(c1ccc(Oc3ccc(C(c4ccc(Oc5ccc(N6C(=O)c7ccc(*)cc7C6=O)cc5C(F)(F)F)cc4)(C(F)(F)F)C(F)(F)F)cc3)c(C(F)(F)F)c1)C2=O,220.0,237.92496666666662
*CC(*)c1cccc(OC(C)=O)c1,76.0,103.01006666666666
*CC(*)(C)C(=O)OCCCCCCC(F)(F)C(F)(F)C(F)(F)C(F)(F)C(F)(F)C(F)(F)C(F)(F)C(F)(F)C(F)(F)C(F)(F)C(F)(F)C(F)(F)F,84.0,8.392310589584996
*c1ccc(-c2nc3cc(-c4ccc5nc(*)c(-c6ccccc6)nc5c4)ccc3nc2-c2ccccc2)cc1,391.5,354.6270833333333
*c1ccc(Oc2ccc3ccccc3c2-c2c(Oc3ccc(N4C(=O)c5ccc(NC(=O)Nc6ccc(Oc7ccc(NC(=O)Nc8ccc9c(c8)C(=O)N(*)C9=O)cc7)cc6)cc5C4=O)cc3)ccc3ccccc23)cc1,274.0,279.3315983333334
*c1ccc(Oc2ccc(C(=O)c3ccc(Oc4ccc(-c5c6c(c(*)c7ccccc57)C(=O)N(c5ccccc5-c5ccccc5)C6=O)cc4)cc3)cc2)cc1,245.0,288.7402666666667
*CC(*)(CC(=O)OC1CCCCCCC1)C(=O)OC1CCCCCCC1,124.0,114.52504444444449
*CC(*)OC(=O)C1(F)C(F)(F)C(F)(F)C(F)(F)C(F)(F)C1(F)F,54.0,52.497541666666656
*/C(C)=C(/*)CCCCCCC,160.0,150.92130094627595
*CC(*)C(=O)OCCCCCCOc1ccc(C(=O)Oc2ccc(C#N)cc2)cc1,19.5,23.882350721500714
*CCCCCCCCCCOc1c(OC)cc(/C=C/c2ccc(/C=C/c3cc(OC)c(O*)c(OC)c3)cc2)cc1OC,68.5,70.77322059523806
*c1cccc(P(=O)(c2cccc(-n3c(=O)c4cc5c(=O)n(*)c(=O)c5c(-c5ccccc5)c4c3=O)c2)c2cc(C(F)(F)F)cc(C(F)(F)F)c2)c1,300.0,297.522
*Oc1ccc(Nc2ccc(C(=O)c3ccc(C(=O)c4ccc(Nc5ccc(*)cc5)cc4)cc3)cc2)cc1,215.0,182.67593357142871
*c1ccc2c(c1)C(=O)N(c1ccc(Oc3ccccc3-c3ccccc3Oc3ccc(N4C(=O)c5ccc(C(*)(C(F)(F)F)C(F)(F)F)cc5C4=O)cc3)cc1)C2=O,78.0,269.28423333333336
*/C=C/c1cc(OCCCCCCCCCCCCCCCC)c(/C=C/c2ccc(*)cc2)cc1OCCCCCCCCCCCCCCCC,33.0,52.91780952380953
*Oc1ccc(C(C)(C)c2ccc(Oc3ccc(C(=O)c4c(C(=O)c5ccc(*)cc5)c(-c5ccccc5)c(-c5ccc6ccccc6c5)c(-c5ccc6ccccc6c5)c4-c4ccccc4)cc3)cc2)cc1,264.0,272.20846666666665
*CCCCOC(=O)NCCCCNC(=O)O*,7.0,-15.072999003150516
*C(=O)Nc1cccc(NC(=O)c2ccc3[nH]c(-c4cc(-c5nc6cc(*)ccc6[nH]5)cc(N5C(=O)c6ccccc6C5=O)c4)nc3c2)c1,304.0,307.135
*Oc1ccc(CC(NC(=O)Cc2ccc(OC(=O)CCCCCCCCC(*)=O)cc2)C(=O)OCCCCCCCC)cc1,16.0,27.225285064935058
*c1cc(CCCCCCO[Si](C)(C)C)c(*)s1,10.0,3.8469648701298698
*CC(=O)C(*)c1ccc(C(C)(C)C)cc1,158.0,134.3766
*CCCCCCCCCNC(=O)CCCCC(=O)N*,68.0,46.27966114618116
*Nc1ccc(C(C)(C)c2cccc(C(C)(C)c3ccc(NC(=C(C#N)C#N)c4ccc(C(*)=C(C#N)C#N)cc4)cc3)c2)cc1,208.0,248.97709999999998
*CCN(*)CCOCCOC,16.0,-60.52303403161164
*N=P(*)(Oc1ccc(F)cc1)Oc1ccc(F)cc1,-4.0,13.39476833333333
*CCCCCCOC(=O)Nc1ccc(C)c(NC(=O)O*)c1,32.0,58.26030476190474
*N=P(*)(OCCC)OCCC,-84.0,-67.4527762849079
*CC(CS(=O)(=O)C(C)C)O*,64.0,41.474333333333334
*C(=O)c1ccc2c(c1)C(=O)N(c1cccc(C(=O)c3ccc(C(=O)c4cccc(N5C(=O)c6ccc(*)cc6C5=O)c4)cc3)c1)C2=O,240.0,279.9872666666667
*CC(*)C(=O)OCCCOc1ccc(C(=O)OCCCC(F)(F)C(F)(F)C(F)(F)C(F)(F)C(F)(F)C(F)(F)F)cc1,17.0,46.1056
*CCOCCOC(=O)CC(=O)O*,-41.5,-55.700165
*c1cccc(P(C)(=O)c2cccc(N3C(=O)c4ccc(NC(=O)OCCOc5c(Br)cc(C(C)(C)c6cc(Br)c(OCCOC(=O)Nc7ccc8c(c7)C(=O)N(*)C8=O)c(Br)c6)cc5Br)cc4C3=O)c2)c1,191.0,203.1684
*c1ccc(-c2ccc(-c3ccc([Si](*)(C)C)s3)s2)s1,45.0,43.3244
*CC(*)(C)C(=O)OCC1COCCOCCOCCOCCOC1,31.0,71.61038333333333
*OC(COC(=O)c1c(F)c(F)c(-c2c(F)c(F)c(C(*)=O)c(F)c2F)c(F)c1F)COc1ccc(/N=N/c2ccc(C#N)cc2)cc1,112.0,124.65589999999999
*Oc1ccc(OC(=O)c2cc(OCCCCCCCCCCC(F)(F)C(F)(F)C(F)(F)C(F)(F)C(F)(F)C(F)(F)C(F)(F)C(F)(F)C(F)(F)C(F)(F)F)cc(C(*)=O)c2)cc1,137.0,74.35457970695967
*CCCN(*)C(C)=O,30.0,3.2598534798534797
*C(=O)OCCOC(=O)c1ccc(N2C(=O)c3ccc(*)cc3C2=O)cc1,280.0,136.2605937950938
*Oc1ccc(C(C)(CC)c2ccc(OC(*)=S)cc2)cc1,102.0,132.48413333333332
*c1ccc2c(c1)C(CCCCCC)(CCCCCC)c1cc(-c3cc(OCc4ccccc4)c(*)cc3OCc3ccccc3)ccc1-2,73.0,100.23979238095238
*c1ccc(Oc2ccc(C(=O)c3ccc(Oc4ccc(-c5c6c(c(*)c7ccccc57)C(=O)N(CCCCCCCCCCCC)C6=O)cc4)cc3)cc2)cc1,147.0,121.21585357142854
*c1ccc2c(c1)C(=O)N(c1ccc(N3C(=O)c4ccc(-c5c(-c6ccccc6)c(-c6ccccc6)c(-c6ccc(Oc7ccc(-c8c(-c9ccccc9)c(-c9ccccc9)c(*)c(-c9ccccc9)c8-c8ccccc8)cc7)cc6)c(-c6ccccc6)c5-c5ccccc5)cc4C3=O)cc1)C2=O,353.0,321.4569642857143
*OC(=O)OC1COC2C(*)COC12,140.0,111.54374285714286
*Oc1ccc(NC(=O)c2ccc(Oc3ccc(C(C)(C)c4cccc(C(C)(C)c5ccc(Oc6ccc(C(=O)Nc7ccc(Oc8ccc(-c9ccc(*)cc9)cc8)cc7)cc6)cc5)c4)cc3)cc2)cc1,167.0,156.73420000000002
*Oc1ccc(NC(=O)c2cc(NC(=O)CCN3C(=O)c4ccccc4C3=O)cc(C(=O)Nc3ccc(*)cc3)c2)cc1,240.0,217.56441714285717
*C(=O)c1ccc2c(c1)C(=O)N(c1ccc(OCCOc3ccc(N4C(=O)c5ccc(*)cc5C4=O)cc3)cc1)C2=O,246.0,216.80081666666666
*CC(*)c1ccc(OCCC(C)C)cc1,57.0,65.18492000000002
*CCCNC(=O)CCCCC(=O)NCCCN(*)C,5.0,19.580392857142858
*CCOCCOCCOCCOC(=O)/C=C/C(=O)NCCCCCCNC(=O)/C=C/C(=O)O*,52.0,-1.8629206671106722
*CCOCCOCCOCCOCCOCCOc1ccc(C(=O)Nc2cc(NC(=O)c3ccc(O*)cc3)cc(-c3nc4ccccc4[nH]3)c2)cc1,125.0,176.24105073260088
*CC(*)(C)C(=O)OCCCCCCCCCCCCOc1ccc2cc(C(=O)Oc3ccccc3)ccc2c1,12.0,33.955735947385946
*Oc1ccc(NC(=O)c2ccc([Si](c3ccccc3)(c3ccccc3)c3ccc(C(*)=O)cc3)cc2)cc1,235.0,216.75946666666667
*Oc1ccc(C2(c3ccc(OC(=O)CCCCC(*)=O)cc3)c3ccccc3-c3ccccc32)cc1,166.0,149.7261996214897
*c1ccc(Oc2ccc3ccccc3c2-c2c(Oc3ccc(N4C(=O)c5ccc(NC(=O)Nc6ccc(-c7cc(-c8ccc(-c9ccccc9)cc8)cc(-c8ccc(NC(=O)Nc9ccc%10c(c9)C(=O)N(*)C%10=O)cc8)n7)cc6)cc5C4=O)cc3)ccc3ccccc23)cc1,302.0,286.41179999999997
*CCCCCCCCCCCN1C(=O)c2ccc(Oc3ccc4c(c3)C(=O)N(*)C4=O)cc2C1=O,74.0,99.97114668387165
*Nc1ccc(Cc2ccc(NC(=O)c3cc(NC(=O)CCCN4C(=O)c5ccccc5C4=O)cc(C(*)=O)c3)cc2)cc1,220.0,199.38415499999996
*c1ccc2c(c1)C(=O)N(c1c(C)c(C)c(N3C(=O)c4ccc(C(*)(C(F)(F)F)C(F)(F)F)cc4C3=O)c(C)c1C)C2=O,420.0,315.4058466666668
*CCc1ccc(*)c2ccccc12,160.0,92.31713333333332
*c1ccc(NC(=O)c2ccc(OCCOc3ccc(C(=O)Nc4ccc5[nH]c(*)nc5c4)cc3)cc2)cc1,225.0,195.72314444444447
*OP(=O)(Oc1ccc(C)cc1)Oc1ccc(S(=O)(=O)c2ccc(*)cc2)cc1,66.0,111.89633333333333
*C(=O)OCC(C)(C)CSCC(C)(C)COC(=O)C1(C)CNC(*)(C)CN1,40.0,67.34936666666667
*c1ccc(CCc2ccc(N3C(=O)C(=O)N(*)C3=O)cc2)cc1,196.0,216.36804
*C(=O)Nc1ccc(Oc2ccccc2-c2ccccc2Oc2ccc(NC(=O)c3ccc4c(c3)C(=O)N(c3ccc(Oc5ccc(-c6ccc(Oc7ccc(N8C(=O)c9ccc(*)cc9C8=O)cc7)cc6)cc5)cc3)C4=O)cc2)cc1,239.0,255.33950476190478
*CCCCCCCCCOC(=O)c1ccc(C(=O)O*)cc1,35.0,3.4989386682761685
*c1c(C)cc(C(c2cccc(C(F)(F)F)c2)c2cc(C)c(N3C(=O)c4ccc(Oc5ccc6c(c5)C(=O)N(*)C6=O)cc4C3=O)c(C)c2)cc1C,264.1,270.00126666666563
*Nc1ccc(C(C)(C)c2ccc(NC(=O)c3cc(C(*)=O)cc(S(=O)(=O)c4ccccc4)c3)cc2)cc1,287.0,297.2040000000002
*CC(*)CC1CCCCC1,75.0,51.86416666666667
*c1ccc(N[Se]Nc2ccc(S(*)(=O)=O)cc2)cc1,62.0,167.68369
*CCN(*)C(=O)CC,60.0,34.10233333333333
*/C=C/C(*)(C)C,-9.0,45.996433333333336
*CCN(CCOC(=O)Nc1ccc(C)c(NC(=O)O*)c1)c1ccc(/N=N/c2ccc(-c3nc4ccccc4o3)cc2)cc1,152.0,158.37220000000002
*CC(*)(C)C(=O)OCCN(CCCC)c1ccc(/N=N/c2ccc(S(=O)(=O)Nc3nccs3)cc2)cc1,53.0,106.64100000000002
*O[Si](*)(C)CCCCCCOc1ccc(C(=O)Oc2ccc(C#N)cc2C)cc1,45.0,17.13023761904762
*Oc1ccc(OC(=O)c2cc(OCCCCOCC3CCCN3c3ccc([N+](=O)[O-])cc3)c(C(*)=O)cc2OCCCCOCC2CCCN2c2ccc([N+](=O)[O-])cc2)cc1,68.0,74.84306155844156
*CCN(CCOC(=O)CCCCC(=O)O*)c1ccc(/C=N/N(c2ccccc2)c2ccccc2)cc1,54.0,70.47179583333332
*CC(*)C(=O)c1ccc(Br)cc1,101.5,94.15281666666665
*Oc1ccc(NC(=O)c2ccc(Oc3ccc(C(=O)Nc4ccc(Oc5ccc(C6(c7ccc(*)cc7)C7CC8CC(C7)CC6C8)cc5)cc4)cc3)cc2)cc1,230.0,261.10173333333336
*c1cccc(P(=O)(c2cccc(-n3c(=O)c4cc5c(=O)n(*)c(=O)c5c(-c5ccc(C(F)(F)F)cc5)c4c3=O)c2)c2cc(C(F)(F)F)cc(C(F)(F)F)c2)c1,292.0,292.609
*c1ccc2c(c1)C(=O)N(c1cc(C(=O)Nc3ccc(C(c4ccc(NC(=O)c5ccc(C)c(N6C(=O)c7ccc(C(*)(C(F)(F)F)C(F)(F)F)cc7C6=O)c5)cc4)(C(F)(F)F)C(F)(F)F)cc3)ccc1C)C2=O,293.5,311.15772000000004
*Oc1ccc(Oc2ccc(/C=N/c3ccc(Oc4ccc(/N=C/c5ccc(*)cc5)cc4)cc3)cc2)cc1,120.0,123.18605
*CC(C)(C)C1C(=O)N(c2c(CC)cccc2CC)C(=O)C1*,210.0,239.14479999999998
*CC(*)(C)C(=O)OCc1ccco1,111.0,58.44219999999992
*CC(F)(F)C(F)(F)C(F)(F)COC(=O)c1cc(OCCCCC)cc(C(=O)O*)c1,-30.0,54.959022727272725
*Oc1ccc(/N=C/CCC/C=N/c2ccc(OC(=O)NCCCCCCNC(*)=O)cc2)cc1,72.0,74.84281904761903
*CCOCCOC(=O)c1cccc(C(=O)O*)c1,16.0,-4.074983333333333
*Oc1ccc(NC(=O)c2ccc(Oc3ccc(C(C)(C)c4cccc(C(C)(C)c5ccc(Oc6ccc(C(=O)Nc7ccc(Oc8ccc(C(C)(C)c9ccc(*)cc9)cc8)cc7)cc6)cc5)c4)cc3)cc2)cc1,147.0,152.39297142857146
*CCCCCCCCCN1C(=O)c2ccc(C(c3ccc4c(c3)C(=O)N(*)C4=O)(C(F)(F)F)C(F)(F)F)cc2C1=O,135.0,144.6356117327116
*C(F)(F)C1(F)C(F)(F)C(*)(F)C(F)(F)C1(F)F,117.0,146.1875285714286
*CC1CCC(CNC(=O)CCCCCCCCCCC(=O)N*)CC1,85.0,98.00556666666667
*CCCCCCOC(=O)CCCCCCCCCCCCCCCCCCC(=O)OCCCCCCN1C(=O)c2ccc(S(=O)(=O)c3ccc4c(c3)C(=O)N(*)C4=O)cc2C1=O,19.0,56.36127242135643
*O[Si](*)(C)CCCC(=O)O,-29.0,-39.497723809523805
*CC(*)C(=O)OCCCCCCOc1ccc(C(=O)Oc2ccc(OC)cc2)cc1,29.5,27.95655555555555
*Nc1ccc(NC(=O)c2ccc(NC(=O)CCCCCCCCCCCCC(=O)Nc3ccc(C(*)=O)cc3)cc2)cc1C(=O)OCCCCCCCCCCCCCCCC,250.0,221.4967533139419
*O[Si](C)(C)O[Si](*)(C)CCCCCCCCOc1ccc(C(=O)Oc2ccc(C#N)cc2C)cc1,-15.0,17.156280476190474
*c1cc(*)cc(-c2nc3ccccc3o2)c1,250.0,248.84796000000003
*N=P(*)(OCC(F)(F)F)OCC(F)(F)F,-66.0,-62.246
*c1ccc(-c2ccc(-c3cc(CCCCCCCC)c(-c4ccc(-c5sc(*)cc5CCCCCCCC)cc4)s3)cc2)cc1,0.6,10.375954826839841
*CC(S*)c1ccccc1,-2.5,35.046866666666666
*c1[nH]c2ccccc2c1*,137.0,163.69161666666668
*Oc1ccc(C2(c3ccc(Oc4ccc(C(=O)c5cccc(C(=O)c6ccc(*)cc6)c5)cc4)cc3)c3ccccc3-c3ccccc32)cc1,223.0,224.10518571428574
*O[Si](C)(C)CCC/N=C1C=C/C(=N/CCC[Si](*)(C)C)c2c(O)ccc(O)c2\1,32.9,24.917623333333385
*c1ccc(Oc2ccc(N3C(=O)c4cccc(Oc5c(C)cc(Cc6cc(C)c(Oc7cccc8c7C(=O)N(*)C8=O)c(C)c6)cc5C)c4C3=O)cc2)cc1,270.0,256.9226
*CC(*)(CC(=O)OC)C(=O)O,159.0,110.3458176190476
*CC(*)C(=O)Oc1ccc(C(=O)OC)cc1,67.0,68.60153333333338
*CC(*)c1ccccc1C,131.0,126.67580000000002
*C(=O)c1ccc2c(c1)C(=O)N(c1cccc(OCCOc3cccc(N4C(=O)c5ccc(*)cc5C4=O)c3)c1)C2=O,191.0,193.93626666666663
*/C=C/c1cc(OCC(CC)CCCC)c(/C=C/c2ccc3c4ccc(*)cc4n(CC(CC)CCCC)c3c2)cc1OCC(CC)CCCC,61.0,106.10510766666665
*Oc1c(Br)cc(*)cc1Br,196.0,182.2327200000001
*OC(F)(F)COC(=O)c1cc(OCCCCC)cc(C(=O)OCC(*)(F)F)c1,14.0,61.62350606060606
*COC(=O)OCC1OC(OCC)(OCC)OC1*,10.8,47.95606666666656
*CC(*)(C)C(=O)OCc1ccc(OCCOCCOCC)c(OCCOCCOCC)c1,-33.0,-56.561299999999996
*CCCCCCNC(=O)c1ccc(C(=O)N*)c(Sc2ccccc2)c1,121.0,101.1419412698413
*CC(*)c1ccc(-c2ccccc2)cc1,161.5,150.82089166666665
*c1ccc(Oc2ccc(C3(c4ccc(Oc5ccc(-c6cccc(*)n6)cc5C(F)(F)F)cc4)c4ccccc4-c4ccccc43)cc2)c(C(F)(F)F)c1,182.5,209.98506666666665
*Oc1ccc(Oc2ccc(C(=O)c3ccc(C(=O)c4ccc(*)cc4)cc3)cc2)cc1-c1ccc(Cl)c(C(F)(F)F)c1,147.0,163.81518095238096
*CCCCCCCCNC(=O)C(OC)C(OC)C(=O)N*,89.0,94.43844213564225
*O[Si](*)(C)CCCCCCCCCCCn1c2ccccc2c2ccccc21,-45.0,11.763499999999993
*N=P(*)(OCCOc1ccc2cc(I)ccc2c1)OCCOc1ccc2cc(I)ccc2c1,64.8,49.159583333333245
*c1ccc2c(c1)Sc1cc(-c3ccc(-c4ccc(*)s4)s3)ccc1N2CCCCCC,140.0,141.96077523809524
*Oc1ccc(C(c2ccc(OP3(Oc4ccc(C(=O)OC)cc4)=NP(Oc4ccc(C(=O)OC)cc4)(Oc4ccc(C(=O)OC)cc4)=NP(*)(Oc4ccc(C(=O)OC)cc4)=N3)cc2)(C(F)(F)F)C(F)(F)F)cc1,78.0,114.95859999999999
*C(=O)OCCOC(=O)c1cccc(N2C(=O)c3ccc(*)cc3C2=O)c1,220.0,178.93539999999996
*c1ccc2c(c1)C(=O)N(c1ccc(N3C(=O)c4ccc(C(*)(C(F)(F)F)C(F)(F)F)cc4C3=O)cc1)C2=O,351.0,302.1161171428577
*Cc1ccc(COP(=O)(/N=N/c2ccc(-c3ccc(/N=N/P(=O)(O*)OC)cc3)cc2)OC)cc1,48.0,68.20266666666669
*c1ccc(/C=C/c2cc(OCCCCCCCC)c(/C=C/c3ccc(N(*)c4ccccc4)cc3)cc2OCCCCCCCC)cc1,74.0,95.35577023809525
*CC(*)CCCC,-50.0,-45.96579227911411
*CC1CCC(COP(=O)(/N=N/c2ccc(Oc3ccc(/N=N/P(=O)(O*)OC)cc3)cc2)OC)CC1,50.0,60.4015
*c1ccc(-c2sc(-c3ccc(-c4cc(SCCCCCCCC)c(*)s4)cc3)cc2SCCCCCCCC)cc1,-38.8,19.35046952380949
*Cc1cc(CNC(=O)CCCCC(=O)N*)cc(C(C)(C)C)c1,109.0,110.42912873015872
*Oc1ccc(CC(NC(=O)CCc2ccc(OC(=O)COCC(*)=O)cc2)C(=O)OCCCCCCCC)cc1,40.0,40.441176190476206
*CC(*)c1ccc(C(=O)CCC)cc1,74.0,125.46211666666667
*Oc1ccc(/C(=N/c2ccc(/N=C(\c3ccccc3)c3ccc(Oc4ccc(C(c5ccccc5)(c5ccccc5)c5ccc(*)cc5)cc4)cc3)cc2)c2ccccc2)cc1,198.0,179.12853333333337
*c1cccc(OCCCCCCCCCCCOC(=O)c2cccc(C(=O)OCCCCCCCCCCCOc3cccc(-c4nnc(*)s4)c3)c2)c1,15.0,30.529675429505144
*C(=O)Nc1cccc(NC(=O)c2ccc3c(c2)C(=O)N(c2cc(-c4nc5ccccc5o4)cc(N4C(=O)c5ccc(*)cc5C4=O)c2)C3=O)n1,365.0,334.7625
*Nc1ccc(Cc2ccc(NC(=O)c3ccc(P(=O)(c4ccccc4)c4ccc(C(*)=O)cc4)cc3)cc2)cc1,307.0,265.2408214285713
*Oc1ccc(CC(NC(=O)CCc2ccc(OC(=O)CCC(*)=O)cc2)C(=O)OCC(C)C)cc1,75.0,74.4258
*Oc1ccc(CC(NC(=O)CCc2ccc(OC(=O)CCCCCCC(*)=O)cc2)C(=O)OC)cc1,55.5,45.68180000000001
*Nc1ccc(Cc2ccc(NC(=O)CCCCCCCC(*)=O)cc2)cc1,140.0,143.2732428571428
*Oc1ccc(/C=N/N=C/c2ccc(Oc3ccc(C(C)(C)c4ccc(*)cc4)cc3)cc2)cc1,163.0,149.55173333333335
*c1cc(CCOC(=O)NCCCC)c(*)s1,67.5,55.163560000000004
*C(=O)Nc1cccc(NC(=O)c2ccc3[nH]c(-c4cc(-c5nc6cc(*)ccc6[nH]5)cc(N5C(=O)c6ccccc6C5=O)c4)nc3c2)n1,312.0,311.7655
*Oc1c(C)cc(C2(c3cc(C)c(OC(=O)c4cccc(C(*)=O)c4)c(C)c3)c3ccccc3-c3ccccc32)cc1C,315.0,268.031
*Oc1ccc(-c2ccc(OC(=O)c3cc(CCCCC)cc(C(*)=O)c3)cc2)cc1,138.0,111.06251666666668
*Oc1ccc(C(=O)c2cccc(NC(=O)CCCCCCCCC(=O)Nc3ccc(C(=O)c4ccc(*)cc4)cc3)c2)cc1,148.0,143.24899227994229
*C#Cc1cccc(C#C[SiH2]*)c1,72.0,109.53062
*CCCCCCCCNC(=O)CCP(C)(=O)CCC(=O)N*,52.0,50.237191431313434
*c1ccc(C(C#N)(C(=O)OC)C(*)(C#N)C(=O)OC)cc1,108.0,162.21321666666668
*c1ccc(Oc2ccc(-c3ccc(-c4ccc(Oc5ccc(-c6c7c(c(*)c8ccccc68)C(=O)N(c6ccccc6)C7=O)cc5)c(C(F)(F)F)c4)cc3)cc2C(F)(F)F)cc1,317.0,320.04
*CC(*)(C)C(=O)OCCC#N,91.0,55.110004666666676
*c1ccc(Oc2ccccc2Oc2ccc(N3C(=O)c4ccc(Oc5ccccc5Oc5ccc6c(c5)C(=O)N(*)C6=O)cc4C3=O)cc2)cc1,193.0,211.41240555555558
*c1ccc2c(c1)C(=O)N(c1cccc(P(=O)(c3cccc(N4C(=O)c5ccc(C(*)(C(F)(F)F)C(F)(F)F)cc5C4=O)c3)c3cc(C(F)(F)F)cc(C(F)(F)F)c3)c1)C2=O,247.0,260.22958666666665
*CCCCCCCCCCCCOc1c(OC)cc(/C=C/c2ccc(/C=C/c3cc(OC)c(O*)c(OC)c3)cc2)cc1OC,61.1,70.77322059523806
*CC(*)C(=O)OCCCC,-49.0,-47.34507233372493
*=NP(=NP(=NC(=*)Oc1ccc(OC)cc1)(Oc1ccc(OC)cc1)Oc1ccc(OC)cc1)(Oc1ccc(OC)cc1)Oc1ccc(OC)cc1,37.0,50.76991666666667
*CC(F)(F)C(F)(F)C(F)(F)COC(=O)c1cccc(C(=O)O*)c1OCCCCC,17.0,45.77128333333333
*/C(=C/c1cc(OCCCCCCCC)c(/C=C(\c2ccccc2)c2ccc3c(c2)Sc2ccc(*)cc2S3)cc1OCCCCCCCC)c1ccccc1,93.0,92.8693720238095
*CC(*)(CC(=O)OCCOCCOC)C(=O)OCCOCCOC,-40.5,-24.928085714285718
*Oc1ccc(NC(=O)c2ccc(S(=O)(=O)c3ccc(C(=O)Nc4ccc(Oc5ccc(C6(c7ccc(*)cc7)CC7CCC6C7)cc5)cc4)cc3)cc2)cc1,287.0,263.7819952380953
*O[Si](*)(C)CCCOC(=O)c1cc(OC(=O)c2ccc(OCCOCCOCCOCCOC)cc2)ccc1OC(=O)c1ccc(OCCOCCOCCOCCOC)cc1,-37.0,-7.808757142857143
*c1nnc(-c2cc(CCCCCCCCCC)c(-c3sc(-c4nnc(-c5cc(OCCCCCCCC)c(*)cc5OCCCCCCCC)o4)cc3CCCCCCCCCC)s2)o1,53.8,83.0211619047617
*CC(*)(C)C(=O)OCCOCCOc1ccc(/N=N/c2ccc(C#N)cc2)cc1,57.0,11.606682142857142
*C(=O)c1ccc2c(c1)C(=O)N(c1cccc(C(=O)c3ccc(Oc4ccc(N5C(=O)c6ccc(*)cc6C5=O)cc4C(F)(F)F)cc3)c1)C2=O,242.0,236.828124603174
*CCCS(=O)(=O)c1ccc(/N=N/c2ccc(N(CCCC)CC(=O)O*)cc2)cc1,92.4,88.13687999999999
*C/C=C/C(C)S(*)(=O)=O,71.0,43.02406666666661
*CC(*)OC(=O)C(C)(CC)C(C)(C)C,120.0,44.056519047619055
*N=P(*)(OCC(COCCOCCCC)OCCOCCCC)OCC(COCCOCCCC)OCCOCCCC,-86.0,-75.45859999999999
*OC1C(COCO)OC(*)C(O)C1O,208.0,224.45000909090913
*Oc1ccc(S(=O)(=O)c2ccc(Oc3ccc(C4(c5ccc(*)cc5)c5ccccc5-c5ccccc54)cc3)cc2)cc1,278.5,260.9145904761905
*c1ccc(-c2cc3c(ccc4ccccc43)cc2-c2ccc(N(*)c3ccc(C)cc3)cc2)cc1,126.0,195.27520476190477
*CCCOC(=O)OCCCCCCOC(=O)OCCCn1c(=O)c2cc3c(=O)n(*)c(=O)c3cc2c1=O,36.0,21.29176603174604
*C(=O)Oc1ccc(C(=O)Oc2cccc(OC(=O)c3ccc(OC(=O)c4ccc(*)nc4)cc3)c2)cc1,110.0,131.94070000000002
*c1ccc(Oc2cccc(NC(=O)c3cc(NC(=O)c4ccc(OC(C)=O)cc4)cc(C(=O)Nc4cccc(Oc5ccc(-c6nnc(*)o6)cc5)c4)c3)c2)cc1,270.0,237.84210000000004
*CCOCCOCCOc1ccc(/C=C/c2cc(OC)c(/C=C/c3ccc(O*)c4ccccc34)cc2OC)c2ccccc12,79.5,50.78196666666667
*C(=O)c1ccc2c(c1)C(=O)N(c1ccc(CP(=O)(OCCCl)OCCCl)c(N3C(=O)c4ccc(*)cc4C3=O)c1)C2=O,261.0,210.76548333333335
*c1ccc2c(c1)C(=O)N(c1ccc(OCCOCCOCCOc3ccc(N4C(=O)c5ccc(C(*)(C(F)(F)F)C(F)(F)F)cc5C4=O)cc3)cc1)C2=O,166.0,164.06875595238094
*CC(*)C(C)=O,115.0,39.170166666666674
*Oc1ccc(OC(=O)c2ccc(C(*)=O)cc2)cc1C1CC2CCC1C2,267.0,236.2706333333334
*Oc1cc(OC(=O)c2ccc(Oc3ccc(C4(c5ccc(Oc6ccc(C(*)=O)cc6)cc5)CCC(C(C)(C)C)CC4)cc3)cc2)ccc1C12CC3CC(CC(C3)C1)C2,180.0,245.81659999999997
*Oc1ccc(C(c2ccccc2)c2ccc(OC(*)=O)cc2C)c(C)c1,182.0,154.57019047619048
*/C=C/C1CC(*)C(C#N)(CC)C1,134.0,100.695
*C(=O)c1ccc2c(c1)C(=O)N(c1cccc(Nc3nc(Nc4cccc(N5C(=O)c6ccc(*)cc6C5=O)c4)nc(N(C)C)n3)c1)C2=O,294.0,299.8752
*CCCCOC(=O)c1ccc([Si](C)(C)c2ccc(C(=O)O*)cc2)cc1,42.0,37.98625948773451
*Oc1ccc(C(C)(C)c2ccc(Oc3ccc(C(=O)c4ccc(*)cc4)cc3)cc2)cc1,155.0,164.5545
*Oc1ccc(/C=C/C(=O)c2ccc(Oc3ccc(C(C)(C)c4ccc(*)cc4)cc3)cc2)cc1,152.0,162.41356666666667
*CC(*)(C)C(=O)OCCN(CC)c1ccc(/N=N/c2ccc(C#N)cc2)cc1,119.0,109.9068
*/C=C/c1cc(OCC(CC)CCCC)c(/C=C/c2cc(OC)c(*)cc2OC)cc1OC,110.0,93.95678095238095
*CC1CCCC(CN2C(=O)c3ccc(-c4ccc5c(c4)C(=O)N(*)C5=O)cc3C2=O)C1,234.0,216.622
*CC(*)CC(C)(C)C,190.0,9.554307142857134
*CCCCCC(*)CC,-73.0,-67.78059746804625
*SC(*)(F)F,-118.0,68.32883333333336
*CCCCCC(*)C,-66.0,-60.63054726800976
*C(=O)Nc1ccc(Oc2cccc(NC(=O)c3ccc4c(c3)C(=O)N(c3ccc(Oc5ccc(N6C(=O)c7ccc(*)cc7C6=O)cc5)cc3)C4=O)c2)cc1,236.0,234.99756666666667
*c1ccc(-c2nc3cc(-c4ccc5nc(-c6ccccc6)c(-c6ccc(-n7c(=O)c8cc9c(=O)n(*)c(=O)c9cc8c7=O)cc6)nc5c4)ccc3nc2-c2ccccc2)cc1,217.0,287.9106666666666
*CC(*)c1ccc(CCCCCC)cc1,-27.0,-40.755578064393475
*CCN(CCOC(=O)Nc1ccc(Cc2ccc(NC(=O)O*)cc2)cc1)c1ccc(/N=N/c2ccc([N+](=O)[O-])cc2)c(C)c1,115.0,136.0690000000002
*CC(*)OC(=O)c1nn(C(C)=O)c2ccccc12,150.0,140.5170733333334
*C(=O)Nc1ccc(S(=O)(=O)c2ccc(NC(=O)c3ccc4[nH]c(-c5cc(-c6nc7cc(*)ccc7[nH]6)cc(N6C(=O)c7ccccc7C6=O)c5)nc4c3)cc2)cc1,325.0,314.4266
*Oc1ccc(C(c2ccc(OC(*)=O)cc2)C2CCCCC2)cc1,190.0,166.43718095238097
*c1ccc(Oc2ccc(C(=O)c3ccc(Oc4ccc(-c5nnc(*)c6c(-c7ccc(F)cc7)c(-c7ccc(F)cc7)c(-c7ccc(F)cc7)c(-c7ccc(F)cc7)c56)cc4)cc3)cc2)cc1,313.0,284.8109357142857
*C(=O)c1ccc(N(*)CCCCCCCC)cc1,30.0,48.14461399711417
*CC(*)(C)C(=O)OCCOCCOCCOc1ccc(/N=N/c2ccc(C#N)cc2)cc1,37.0,11.606682142857142
*c1ccc(Oc2ccc(C(=O)c3cccc(C(=O)c4ccc(Oc5ccc(-c6nc(-c7ccccc7)[nH]c6*)cc5)cc4)c3)cc2)cc1,230.0,238.28445873015878
*CC(=O)NCC(=O)O*,67.0,22.765311428571433
*/C=C/C1CC(*)C2C(=O)N(c3ccccc3)C(=O)C12,220.0,218.59380000000002
*CC(*)N1CCCC1=O,158.0,154.11639999999997
*c1ccc(C(=O)Nc2ccc(-c3cc(Br)ccc3NC(=O)c3ccc(S(*)(=O)=O)cc3)cc2)cc1,288.0,227.41729999999998
*c1ccc(-c2ccc(-c3nc4cc(Oc5ccc(NC(=O)c6ccc7c(c6)C(=O)N(c6ccc(C(c8ccc(N9C(=O)c%10ccc(C(=O)Nc%11ccc(Oc%12ccc%13nc(-c%14ccccc%14)c(*)nc%13c%12)cc%11)cc%10C9=O)cc8)(C(F)(F)F)C(F)(F)F)cc6)C7=O)cc5)ccc4nc3-c3ccccc3)cc2)cc1,290.0,288.4603952380952
*CC(*)(CC(=O)Oc1ccc(OCCCCC)cc1)C(=O)Oc1ccc(OCCCCC)cc1,73.5,79.99106666666664
*NC(=O)Nc1ccc(Cc2ccc(NC(=O)Nc3cccc(*)n3)cc2)cc1,206.5,189.626
*c1ccc2c(c1)C(=O)N(c1ccc(Oc3ccc(C(=O)c4cccc(N5C(=O)c6ccc(C(*)(C(F)(F)F)C(F)(F)F)cc6C5=O)c4)cc3)c(C(F)(F)F)c1)C2=O,222.0,232.3829999999995
*CCN(CCCCCCOc1ccc(/N=N/c2ccccc2)cc1)CCOC(=O)Nc1ccc(Cc2ccc(NC(=O)O*)cc2)cc1,44.0,58.846665642690276
*Nc1cccc(NC(=O)c2cc(C(*)=O)cc(S(=O)(=O)c3ccccc3)c2)c1,277.0,291.17659999999995
*[Se]c1c(Cl)c(Cl)c(*)c(Cl)c1Cl,104.0,111.78236666666668
*c1ccc(Oc2ccc(-c3ccc(Oc4ccc(N5C(=O)c6ccc(Oc7ccccc7Oc7ccc8c(c7)C(=O)N(*)C8=O)cc6C5=O)cc4C(F)(F)F)cc3)cc2)c(C(F)(F)F)c1,208.0,202.20695555555557
*CC(*)(C)C(=O)OCCCn1c2ccccc2c2ccccc21,113.0,76.83305793650791
*OC(=O)c1cccc(C(=O)Oc2ccc3c(c2)Oc2cc(*)ccc2C32OC(=O)c3ccccc32)c1,276.0,262.07056
*CC(*)(C)C(=O)OCCCCCCOc1ccc(OC(=O)c2ccc(OCCCCCCCC)cc2)cc1,-1.0,22.25141904761904
*CC(*)(C)C(=O)OCCC,43.0,41.13883266666666
*CCCCCC(=O)O*,-60.0,-43.43963762903768
*/C=C/C(COCc1ccccc1)C(*)COCc1ccccc1,-4.0,49.464450000000014
*CCCCCCCCOC(=O)c1cccc(C(=O)O*)c1,-9.0,-4.165802788877789
*CC(CSC(C)C)O*,-44.0,-37.31582000000001
*CCOC(=O)c1ccc(C2(C)CC(C)(C)c3ccc(C(=O)O*)cc32)cc1,154.0,88.64290634920634
*O[Si](*)(C)c1ccccc1,-28.15,1.137209523809524
*c1ccc(-c2nnc(*)o2)c(OCCCCCCCC)c1,173.0,156.5514944444445
*c1ccc(Nc2c(F)c(F)c(-c3c(F)c(F)c(Nc4ccc(S(*)(=O)=O)cc4)c(F)c3F)c(F)c2F)cc1,332.0,168.93725
*c1cccc(Oc2cccc(-n3c(=O)c4cc5c(=O)n(*)c(=O)c5cc4c3=O)c2)c1,283.5,234.48649999999984
*Nc1ccc(*)cc1OC,90.0,127.25218333333312
*Oc1ccc(OC(=O)c2cc(/N=N/c3ccc(OCC)cc3)ccc2-c2ccc(/N=N/c3ccc(OCC)cc3)cc2C(*)=O)cc1,170.0,160.93946666666668
*Oc1ccc(C(=O)OCCCOC(=O)c2ccc(*)cc2)cc1,57.0,54.20577272727273
*C(=O)Nc1cccc(NC(=O)c2ccc3c(c2)C(=O)N(c2ccc(Oc4ccc(C5(c6ccc(Oc7ccc(N8C(=O)c9ccc(*)cc9C8=O)cc7)cc6)NC(=O)c6ccccc65)cc4)cc2)C3=O)c1,328.0,303.2695753302253
*CC(*)OC(=O)C(F)(F)F,55.0,30.080041666666666
*CCCCCCCCCCCC(=O)Oc1ccc2ccc(OC(=O)c3ccc4c(c3)C(=O)N(*)C4=O)cc2c1,98.0,99.62371885714285
*c1ccc(N2C(=O)c3ccc(Oc4ccc(Oc5ccc(P(=O)(c6ccccc6)c6ccc(Oc7ccc(Oc8ccc9c(c8)C(=O)N(*)C9=O)cc7)cc6)cc5)cc4)cc3C2=O)cc1,220.0,231.56686226551227
*CC(O)CO*,17.0,-11.262599999999999
*Oc1ccc(Oc2ccc(C(=O)Nc3ccc(Oc4ccc(NC(=O)c5ccc(*)cc5)cc4)cc3)cc2)cc1-c1ccccc1,219.0,214.32573333333337
*OC1CCCCC1OC(*)=O,117.3,64.2530380952381
*Oc1ccc(OC(C)COCCCCCCCOc2ccc(-c3ccc(C(*)=O)cc3)cc2)c([N+](=O)[O-])c1,50.0,66.56414428571425
*Oc1ccc(Oc2ccc(C(=O)c3ccc(Oc4ccc(Oc5cccc(*)n5)cc4)cc3)cc2)cc1,124.0,182.7732
*CC(*)C(=O)Nc1ccccc1,160.0,94.57491666666665
*c1ccc(Oc2ccc(N3C(=O)c4ccc(Oc5ccc6c(c5)C(=O)N(*)C6=O)cc4C3=O)cc2Br)c(Br)c1,251.0,256.64236904761907
*c1ccc(OCCOCCOc2cccc(N3C(=O)c4ccc(Oc5ccc6c(c5)C(=O)N(*)C6=O)cc4C3=O)c2)cc1,146.5,128.44742857142856
*CCCCCCCCNC(=O)CCCCCCCCCCCCCCCCCCCCC(=O)N*,48.0,46.27966114618116
*C(=O)Nc1ccc(Cc2ccc(NC(=O)c3ccc4c(c3)C(=O)N(c3ccc(S(=O)(=O)c5ccc(N6C(=O)c7ccc(*)cc7C6=O)cc5)cc3)C4=O)cc2)cc1,324.0,259.9227666666667
*C(=O)Nc1cccc(Oc2cccc(Oc3cccc(Oc4cccc(Oc5cccc(NC(=O)c6ccc7c(c6)C(=O)N(c6ccc(Oc8cccc(Oc9ccc(N%10C(=O)c%11ccc(*)cc%11C%10=O)cc9)c8C#N)cc6)C7=O)c5)c4C#N)c3)c2C#N)c1,199.0,216.31867222222226
*c1ccc2c(c1)C(=O)N(c1ccc(-c3ccc(Oc4ccc5c(c4)C(C)(c4ccc(Oc6ccc(-c7ccc(N8C(=O)c9ccc(C(*)(C(F)(F)F)C(F)(F)F)cc9C8=O)cc7)cc6C(F)(F)F)cc4)CC5(C)C)c(C(F)(F)F)c3)cc1)C2=O,262.0,255.43856666666676
*CC(*)(C)C(=O)OCc1c(Cl)cccc1Cl,58.9,73.10663333333319
*C(=O)c1ccc2c(c1)C(=O)N(c1cccc(Cc3ccc(C(=O)c4ccc(N5C(=O)c6ccc(*)cc6C5=O)cc4)cc3)c1)C2=O,254.0,274.25224761904764
*CCCCCCCCO*,-13.0,-64.99336796536794
*Oc1ccc(Oc2ccc(C(=O)c3ccc(C(=O)c4ccc(*)cc4)c4ccccc34)cc2)cc1,200.025,172.24834466089467
*C(=O)Oc1ccc(OCCCCCCCCCCCCOc2ccc(OC(=O)c3ccc4c(c3)C(=O)N(c3ccc(Cc5ccc(N6C(=O)c7ccc(*)cc7C6=O)cc5)cc3)C4=O)cc2)cc1,125.0,155.56725238095234
*Oc1cccc2ccc(Oc3ccc(NC(=O)c4ccc(Oc5ccc(Oc6ccc(C(=O)Nc7ccc(*)cc7)cc6)cc5)cc4)cc3)cc12,224.0,232.35428333333334
*CC(*)O,76.5,40.73849166666666
*OC1CCC(OC(=O)C(*)=O)CC1,139.6,105.18440476190473
*Oc1ccc(Oc2ccc(C(=O)Nc3ccc(Oc4ccc(-c5ccc(Oc6ccc(NC(=O)c7ccc(*)cc7)cc6)cc5)cc4)cc3)cc2)cc1-c1ccccc1,232.0,220.63946666666666
*C(=O)Nc1ccc(C2(c3ccc(N4C(=O)c5ccc(*)cc5C4=O)cc3)CCC(CC)CC2)cc1,312.0,229.7247066666666
*CC(*)(C)C(=O)OCC(C)(C)C1OCC(C)(C)CO1,118.0,103.63455000000002
*CC(*)(CC(=O)OCCCCCCCCC)C(=O)OCCCCCCCCC,-13.0,-16.343867778136893
*CC(c1ccccc1)C1C(=O)N(c2ccccc2)C(=O)C1*,221.0,214.1832666666667
*CC(*)(C)C(=O)OCCCCC1CCCCC1,43.0,73.91056666666667
*CC(C)N1C(=O)C2C3C=CC(C4C(=O)N(*)C(=O)C34)C2C1=O,212.0,195.562
*/C(C#N)=C/c1cc(OCC(CC)CCCC)c(/C=C(\C#N)c2ccc3c4ccc(*)cc4n(CC(CC)CCCC)c3c2)cc1OCC(CC)CCCC,72.0,113.6885893333333
*c1ccc(Oc2ccc(Oc3ccc(N4C(=O)c5ccc(-c6ccc7c(c6)C(=O)N(*)C7=O)cc5C4=O)cc3)cc2)cc1,265.0,255.09888888095205
*CC(*)C(=O)n1c2ccccc2c2ccccc21,50.1,150.98080333333348
*Oc1ccc(/C(=C/c2ccc(-c3ccc(/C=C(\c4ccccc4)c4ccc(OC(=O)CCCCC(*)=O)cc4)cc3)cc2)c2ccccc2)cc1,128.0,77.57246666666667
*Oc1cccc(NC(=O)c2cccc(C(=O)Nc3ccc(Oc4ccc(C(=O)c5ccc(*)cc5)cc4)cc3)c2)c1,114.0,172.50320000000002
*OC(=O)c1ccc(Cc2ccc(C(*)=O)cc2)cc1,122.0,67.9875
*Oc1ccc(Oc2cccc(C(=O)Oc3ccc(OC(=O)c4cccc(*)c4)cc3)c2)cc1,119.0,114.7784
*CC(*)c1ccc(C#N)cc1,180.0,134.3916
*Oc1cc(C)c(*)c(C)c1Br,280.15,133.36548000000002
*OC(C)COCC(C)OC(=O)c1ccccc1C(*)=O,25.0,51.742233333333346
*c1ccc(Oc2ccc(-c3ccc(Oc4ccc(N5C(=O)c6ccc(Oc7ccc8c(c7)C(=O)N(*)C8=O)cc6C5=O)cc4)cc3)cc2)cc1,245.0,227.56095552225557
*c1ccc(N2C(=O)c3ccc(C(c4ccc5c(c4)C(=O)N(c4ccc(N6C(=O)c7ccc(-c8ccc9c(c8)C(=O)N(*)C9=O)cc7C6=O)cc4)C5=O)(C(F)(F)F)C(F)(F)F)cc3C2=O)cc1,342.0,319.3050571428571
*CCN(CCOC(=O)c1ccc([Si](C)(C)c2ccc(C(=O)O*)cc2)cc1)c1ccc(/C=C/c2ccc([N+](=O)[O-])cc2)cc1,127.0,116.96673333333338
*CCCCCCCCCCC(c1ccc(O)cc1)C(*)c1ccc(O)cc1C,-4.0,3.8855733733586666
*c1ccc(Oc2ccc(N3C(=O)c4ccc(Oc5ccc(Oc6ccc(Oc7ccc8c(c7)C(=O)N(*)C8=O)cc6)cc5)cc4C3=O)cc2)cc1,215.0,223.29448001442998
*O[Si](*)(C)CCCCCCOc1ccc(C(=O)Oc2ccc(OC)cc2)cc1,-2.0,18.462564725274714
*c1ccc(Oc2ccc(-c3cnc4ccc(-c5ccc6nc(*)cnc6c5)cc4n3)cc2)cc1,280.0,235.19445952380957
*c1nc2cc(S(=O)(=O)c3ccc4oc(C5CCC(*)CC5)nc4c3)ccc2o1,296.0,180.54523333333339
*CCN(*)C(=O)C1CC1,77.0,72.31903333333334
*Oc1ccc(C(=O)c2ccc(Oc3ccc(C(=O)c4ccc(Oc5ccc(Cc6ccc(*)cc6)cc5)cc4)cc3)cc2)cc1,128.0,128.48556666666667
*Oc1ccc(NC(=O)Nc2ccccc2CCc2ccccc2NC(=O)Nc2ccc(*)cc2)cc1,232.0,185.95325000000008
*CCCCCCNC(=O)CCc1ccc(CC(=O)N*)cc1,87.0,79.80643333333327
*c1ccc(-c2ccc(N3C(=O)c4ccc(Oc5ccc(Sc6ccc(Oc7ccc8c(c7)C(=O)N(*)C8=O)cc6)cc5)cc4C3=O)cc2)cc1,257.0,204.76703253968245
*Oc1ccc(C2(c3ccc(OC(=O)c4ccc(C(*)=O)cc4)cc3)CCC(C(C)(C)C)CC2)cc1,210.0,202.17629126984124
*c1ccc2c(c1)C(=O)N(c1c(C)cc(C)c(C(=O)c3cccc(N4C(=O)c5ccc(C(*)(C(F)(F)F)C(F)(F)F)cc5C4=O)c3)c1C)C2=O,280.0,323.6485000000001
*CC(*)(C)C(=O)OC(F)(F)C(F)(F)C(F)(F)C(F)(F)C(F)(F)C(F)(F)C(F)(F)C(F)(F)F,49.0,57.1989
*CC(*)(C)C(=O)OCCCCOc1ccc(OC(=O)c2ccc(OC)c(Br)c2)cc1,69.0,66.95458787878786
*OCCOC(=O)CCCCC(=O)OCCOc1nc(-c2ccc(OCCCC)cc2)nc(*)c1-c1ccc(OC)cc1,34.0,50.5826
*c1ccc(C(C)(C)c2ccc(N3C(=O)c4ccc(Oc5ccc6cc(Oc7ccc8c(c7)C(=O)N(*)C8=O)ccc6c5)cc4C3=O)cc2)cc1,236.0,243.1578845238095
*CC(*)(C)C(=O)OCCN(CC)c1ccc(/N=N/c2ccc([N+](=O)[O-])cc2)cc1,126.0,115.57880000000003
*c1ccc2c(c1)C(CCCCCCCC)(CCCCCCCC)c1cc(-c3cc(F)c(*)cc3F)ccc1-2,34.0,51.010709999999996
*CCCCCCOc1ccc(/C=C2\CCC/C(=C\c3ccc(O*)c(OC)c3)C2=O)cc1OC,80.0,66.47025833333333
*CC(*)C(=O)NC(C)(C)C,135.0,79.30586666666669
*c1cc(CCCCCCOC(=O)COC)c(*)s1,37.0,31.109685714285717
*CC(*)OC(=O)c1cccc(Br)c1,57.5,69.30672333333335
*CC(*)C(=O)O,115.0,88.735
*c1ccc(Oc2ccc(C(C)(C)c3ccc(Oc4ccc(-c5nnc(*)n5-c5ccc(S(C)(=O)=O)cc5)cc4)cc3)cc2)cc1,230.0,208.52068333333335
*Oc1ccc2ccc(Oc3ccc(C(=O)Nc4ccc(Oc5ccc(Oc6ccc(NC(=O)c7ccc(*)cc7)cc6)cc5)cc4)cc3)cc2c1,191.0,179.3111666666667
*CC(O)COC(=O)CCCCC(=O)OCC(O)COc1ccc(C(C)(C)c2ccc(O*)cc2)cc1,34.0,40.425952380952374
*C(=O)Nc1ccc(Oc2ccc(C(C)(C)c3ccc(Oc4ccc(NC(=O)c5ccc(N6C(=O)c7ccc(*)cc7C6=O)cc5)cc4)cc3)cc2)cc1,216.0,266.24856666666665
*CC(*)(C)C(=O)OC12CC3CC(C)(CC(C)(C3)C1)C2,194.0,176.43226666666664
*Oc1ccc(C2(c3ccc(OC(=O)c4ccc(C(*)=O)cc4)cc3)CC3CC2C2CCCC32)cc1,322.0,253.15166666666667
*c1cc(C)c(*)s1,114.2,48.231
*/C=C/c1cccc(/C=C/[Si](C)(C)c2cccc([Si](*)(C)C)c2)c1,28.7,26.695866666666813
*CC(*)c1ccc(C)cc1,103.0,116.95963333333333
*c1ccc([Si](c2ccccc2)(c2ccccc2)c2ccc(-c3ccc4c(c3)c3cc(*)ccc3n4CCCCCC#N)cc2)cc1,165.0,132.09034246031743
*CC(*)(C)C(=O)OCCCCOc1ccc(OC(=O)c2ccc(OCCCC)cc2)cc1,51.0,72.16844285714285
*c1ccc(/C=N/c2cccc(/N=C/c3ccc(-c4ccc(*)s4)cc3)c2)cc1,150.0,118.742
*Nc1ccc(Cc2ccc(NC(=O)c3cc(NC(=O)c4ccc(NC(=O)C(CC(C)C)N5C(=O)c6ccccc6C5=O)cc4)cc(C(*)=O)c3)cc2)cc1,238.0,212.40279999999984
*c1ccc(Oc2ccc(-c3cc(OCCCCCC)c(-c4ccc(Oc5ccc(-c6nnc(*)o6)cc5)cc4)cc3OCCCCCC)cc2)cc1,103.0,125.70999666666668
*Oc1ccc(CC(NC(=O)CCc2ccc(OC(=O)COCCOCC(*)=O)cc2)C(=O)OCC)cc1,53.0,50.271
*Oc1ccc(CC(NC(=O)CCc2ccc(OC(*)=O)cc2)C(=O)OCCCC)cc1,67.0,53.326147619047624
*CCCCCCOC(=O)C(CCCCCCCCCCP(=O)(OCC)OCC)C(=O)OCCCCCCOc1ccc(-n2on2-c2ccc(O*)cc2)cc1,9.0,7.894457215007206
*Nc1ccc(Cc2ccc(NC(=O)c3cc(C(*)=O)cc(S(=O)(=O)c4ccccc4)c3)cc2)cc1,270.0,249.50206428571423
*Nc1ccc(NC(=O)c2ccc(NC(=O)CCCCCCCCC(=O)Nc3ccc(C(*)=O)cc3)cc2)cc1C(=O)OCCCCCCCCCCCCCCCC,220.0,221.4967533139419
*CC(CCl)O*,-23.3,-10.758285714285714
*CCCCCCCCN1C(=O)c2ccc(C(=O)c3ccc4c(c3)C(=O)N(*)C4=O)cc2C1=O,113.0,106.20498204906205
*O[Si](*)(C)CCCCCCOc1ccc(C(=O)Oc2ccc(C#N)cc2)cc1,8.0,16.189814725274708
*c1cccc(-c2nc3cc(-c4ccc5nc(-c6ccccc6)c(*)nc5c4)ccc3nc2-c2ccccc2)c1,320.0,338.59671333333335
*CC(*)c1nnn[nH]1,72.0,118.66775714285721
*Nc1ccc(CCNC(=O)CCCCC(*)=O)cc1,115.0,129.34252777777778
*Oc1ccc(S(=O)(=O)c2ccc(Oc3ccc(C(=O)c4cc(C(=O)c5ccc(*)cc5)cc(C(C)(C)C)c4)cc3)cc2)cc1,198.0,198.89248992784994
*O[Si](C)(C)CCCCCCCC[Si](*)(C)C,-88.0,-89.24461664666217
*CC(*)CC,-24.1,-20.73756726989042
*CCOCCOCCOC(=O)C1CCC(C(=O)O*)CC1,-25.0,9.276983333333332
*CCCCCCCCN1C(=O)c2ccc(C(c3ccc4c(c3)C(=O)N(*)C4=O)(C(F)(F)F)C(F)(F)F)cc2C1=O,155.0,144.6356117327116
*CCCCCCCCCCNC(=O)CCCCCCCCCCCCCCCCC(=O)N*,46.0,46.27966114618116
*OP(=O)(Oc1ccc(Cl)cc1)Oc1ccc(C(C)(C)c2ccc(*)cc2)cc1,71.0,109.08
*CC(*)(C)C(=O)OCCCCCCCCCCOc1ccc(OC(=O)c2ccc(OC)c(Br)c2)cc1,29.0,49.11876803751802
*CC(*)n1c2ccccc2c2ccccc21,225.0,192.8251
*c1ccc(OCCN(CC)c2ccc(C(C#N)=C(C#N)C#N)cc2)c(-c2cc(-c3ccccc3)c3cc(Oc4ccc5nc(*)cc(-c6ccccc6)c5c4)ccc3n2)c1,200.0,189.78722
*Oc1ccc(NC(=O)c2cc(C(=O)Nc3ccc(*)cc3)c(C(=O)O)cc2C(=O)O)cc1,207.4,228.99709999999968
*CCNC(=O)c1ccc(C(=O)N*)c(Sc2ccccc2)c1,172.0,142.891
*CCCCCCCCCOC(=O)NCCCCCCNC(=O)O*,58.0,-15.698974578673925
*c1ccc2c(c1)C(=O)N(c1ccc(OCCOc3ccc(N4C(=O)c5ccc(C(*)(C(F)(F)F)C(F)(F)F)cc5C4=O)cc3)cc1)C2=O,254.0,186.16011666666668
*CC(*)(C)C(=O)OCC(=O)c1ccccc1,92.5,67.084
*CCCOC(=O)c1ccc2cc(C(=O)O*)ccc2c1,88.0,51.07431871128875
*CCCCCCOC(=O)OCCCCCCCCOC(=O)OCCCCCCOc1ccc(C(=O)c2ccc(O*)cc2)cc1,-7.7,-3.5727950721500745
*C(=O)Oc1ccc(C(C)(C)c2ccc(OC(=O)c3ccc4c(c3)C(=O)N(c3cccc(N5C(=O)c6ccc(*)cc6C5=O)c3)C4=O)cc2)cc1,225.0,220.13259999999997
*CCCCCCOc1ccc(/C=C2\CC/C(=C\c3ccc(OCCCCCCOP(=O)(O*)OC)c(OC)c3)C2=O)cc1OC,74.0,69.40821190476188
*c1cc(C(c2ccc(OCCN(C)c3ccc(/C=C/C4=CC(=C(/C#N)S(C)(=O)=O)/CC(C)(C)C4)cc3)c(N3C(=O)c4ccc(Oc5ccc6c(c5)C(=O)N(*)C6=O)cc4C3=O)c2)(C(F)(F)F)C(F)(F)F)ccc1OCCN(C)c1ccc(/C=C/C2=CC(=C(/C#N)S(C)(=O)=O)/CC(C)(C)C2)cc1,225.0,204.96086666666665
*c1ccc(Oc2ccc(-c3ccc(Oc4ccc(N5C(=O)c6cccc(Oc7ccc(C(C)(C)c8ccc(Oc9cccc%10c9C(=O)N(*)C%10=O)cc8)cc7)c6C5=O)cc4)cc3)cc2)cc1,236.0,254.16109
*Oc1ccc(-c2ccc(Oc3cccc(*)n3)cc2)cc1,119.0,131.47833333333332
*CCCCCCCOC(=O)c1ccc(C(=O)O*)cc1,-1.0,3.4989386682761685
*c1cc(C)c(-c2c(C)cc(N3C(=O)c4ccc(-c5ccc6c(c5)C(=O)N(*)C6=O)cc4C3=O)cc2C)c(C)c1,280.0,329.25459999999987
*c1cccc(N2C(=O)c3ccc(Oc4ccc5ccc(Oc6ccc7c(c6)C(=O)N(*)C7=O)cc5c4)cc3C2=O)c1,254.0,255.39046666666664
*CC(*)C(=O)OCCOC(=O)c1cc([N+](=O)[O-])cc([N+](=O)[O-])c1,60.8,74.0821
*CCCCCOC(=O)c1cccc(C(=O)O*)c1,7.0,-4.165802788877789
*CC(*)(C)C(=O)Oc1ccc(C(=O)OC)cc1,109.0,94.9756666666667
*CC(*)(C)C(=O)OCCCCCCCCCCCCCCCCCC,-100.0,-32.35238509094363
*CCN(CCOC(=O)Nc1ccc(C)c(NC(=O)O*)c1)c1ccc(/N=N/c2ccc(-c3nc4ccc([N+](=O)[O-])cc4n3CC)cc2)cc1,158.0,156.3116
*c1c(C)cc(-c2cc(C)c(-n3c(=O)c4cc5c(=O)n(*)c(=O)c5cc4c3=O)c(C)c2)cc1C,340.0,353.0448
*CCCCCCCCCCOC(=O)CC/C=C/CCC(=O)O*,-15.0,-26.7611465322689
*CCCCCCCCOc1ccc(C(C)(C)c2ccc(O*)cc2)cc1,19.6,34.9436399134199
*CCCCCOc1ccc(CCc2ccc(O*)cc2C)cc1,15.4,5.054200524475528
*CC(=O)NCCCCCCNC(=O)Cc1ccc(O*)cc1,69.5,66.72147857142856
*CC(=O)c1ccc(Oc2ccc(C(=O)COc3ccc(/C=C4\CCC/C(=C\c5ccc(O*)c(OC)c5)C4=O)cc3OC)cc2)cc1,211.75,123.06050095238098
*Oc1cccc(C(=O)Nc2ccc(S(=O)(=O)c3ccc(NC(=O)c4cccc(Oc5nc(*)nc(Sc6ccccc6)n5)c4)cc3)cc2)c1,304.0,267.9752
*Oc1ccc(/N=C(\c2ccccc2)c2ccc(Oc3ccc(C(C)(C)c4ccc(Oc5ccc(/C(=N/c6ccc(*)cc6)c6ccccc6)cc5)cc4)cc3)cc2)cc1,155.0,162.2747
*c1ccc2c(c1)C(=O)N(c1cccc(C(F)(F)C(F)(F)C(F)(F)C(F)(F)C(F)(F)c3cccc(N4C(=O)c5ccc(C(F)(F)C(F)(F)C(*)(F)F)cc5C4=O)c3)c1)C2=O,111.0,135.4752333333333
*C(=O)OCCCCCOC(=O)c1ccc(N2C(=O)c3ccc(*)cc3C2=O)cc1,90.0,62.92740000555003
*C(=O)c1ccc2c(c1)/C(=N\c1ccc(Oc3ccc(C(c4ccc(Oc5ccc(/N=C6/OC(=O)c7ccc(*)cc76)cc5)cc4)(C(F)(F)F)C(F)(F)F)cc3)cc1)OC2=O,248.0,247.86892
*c1ccc(Oc2cccc(Oc3ccc(N4C(=O)C5CCC(C6CCC7C(=O)N(*)C(=O)C7C6)CC5C4=O)cc3)c2)cc1,215.0,218.2691166666667
*CC(O)COc1ccc(C(C)(C)c2ccc(OCC(O)COc3c(C)cc(S(=O)(=O)c4cc(C)c(O*)c(C)c4)cc3C)cc2)cc1,137.5,131.63666666666666
*CC(SS*)c1ccccc1,4.8,35.14886666666667
*N=P(*)(Oc1ccc(C)c(C)c1)Oc1ccc(C)c(C)c1,-1.5,11.626831428571434
*C(=O)Nc1cccc(S(=O)(=O)c2cccc(NC(=O)c3ccc4c(c3)C(=O)N(c3ccc(-c5sc(-c6ccc(N7C(=O)c8ccc(*)cc8C7=O)cc6)c(-c6ccccc6)c5-c5ccccc5)cc3)C4=O)c2)c1,320.0,309.12983333333335
*Oc1ccc(S(=O)(=O)c2ccc3cc(S(=O)(=O)c4ccc(Oc5c(C)cc(-c6cc(C)c(*)c(C)c6)cc5C)cc4)ccc3c2)cc1,280.0,262.14879999999897
*CC(*)CC1CCCC1,60.0,50.422780952380954
*C(=O)Nc1ccc(C(c2ccc(NC(=O)c3ccc4c(c3)C(=O)N(c3c(C)cc(-c5cc(C)c(N6C(=O)c7ccc(*)cc7C6=O)c6ccccc56)c5ccccc35)C4=O)cc2)(C(F)(F)F)C(F)(F)F)cc1,250.0,317.5478533333333
*CCc1ccc(CCNC(=O)CCCCCCCCCCCCCCCCC(=O)N*)cc1,75.0,97.12353333333334
*OC(=O)Oc1ccc2c(c1)Oc1cc(*)ccc1C21c2ccccc2-c2ccccc21,295.0,246.227
*Oc1ccc(Sc2ccc(Sc3ccc(Sc4ccc(*)cc4)cc3)cc2)cc1,84.0,109.66034000000026
*Oc1ccc(CC(NC(=O)CCc2ccc(OC(=O)CCCCCCCCC(*)=O)cc2)C(=O)OCCCCCC)cc1,22.0,21.722810081585084
*c1cccc(-c2nc3cc(-c4ccc5nc(*)c(-c6ccccc6)nc5c4)ccc3nc2-c2ccccc2)c1,319.0,338.59671333333335
*CC(*)(C)C(=O)OCCCCCCCCCCn1c2ccccc2c2cc(/N=N/c3ccc([N+](=O)[O-])cc3)ccc21,36.0,62.238898412698425
*c1ncnc(N(CCCCCCN(*)c2ccccc2)c2ccccc2)n1,72.0,58.52408571428572
*c1cc(N2C(=O)c3ccc(Oc4ccc5c(c4)C(=O)N(*)C5=O)cc3C2=O)c(O)cc1O,263.0,263.0049
*C(=O)Nc1ccc(C(c2ccc(NC(=O)c3ccc4c(c3)C(=O)N(c3c(C)cc(C)c(N5C(=O)c6ccc(*)cc6C5=O)c3C)C4=O)cc2)(C(F)(F)F)C(F)(F)F)cc1,250.0,312.0985133333333
*Oc1c(C)cc(C(c2cc(C)c(OC(*)=O)c(C)c2)(C(F)(F)F)C(F)(F)F)cc1C,208.0,193.4726
*C(=O)c1ccc(C(C)(CC)c2ccc(C(=O)N3CCN(*)CC3)cc2)cc1,232.0,136.03379999999999
*Oc1ccc(S(=O)(=O)c2ccc(Oc3ccc(C(c4ccc(*)c([Si](C)(C)C)c4)(C(F)(F)F)C(F)(F)F)cc3[Si](C)(C)C)cc2)cc1,168.6,205.19914
*CCC(C)O*,-50.0,-56.255748888888895
*c1cc(Br)c(-c2c(Br)cc(N3C(=O)c4ccc(-c5ccc6c(c5)C(=O)N(*)C6=O)cc4C3=O)cc2C(=O)OCCCCCCCCCC)c(C(=O)OCCCCCCCCCC)c1,116.0,116.04259578754574
*C(=O)c1ccc2c(c1)C(=O)N(c1ccc(Oc3ccc(C(=O)c4cccc(C(=O)c5ccc(Oc6ccc(N7C(=O)c8ccc(*)cc8C7=O)cc6)cc5)c4)cc3)cc1)C2=O,222.0,237.13964206349198
*Oc1ccc(S(=O)(=O)c2ccc(Oc3ccc(S(=O)(=O)c4ccc(-c5ccc(-c6ccc(S(=O)(=O)c7ccc(*)cc7)cc6)cc5)cc4)cc3)cc2)cc1,281.0,235.75470617198837
*c1ccc(C(=O)Oc2ccc3ccc(OC(=O)c4ccc(N5C(=O)CC(SCCOCCSC6CC(=O)N(*)C6=O)C5=O)cc4)cc3c2)cc1,160.0,166.7886333333333
*Oc1ccc(CC(NC(=O)CCc2ccc(OC(=O)CCCCC(*)=O)cc2)C(=O)OC(C)CC)cc1,50.0,58.107
*Oc1ccc(C2(c3ccc(Oc4ccc(/C=C/C(=O)c5ccc(*)cc5)cc4)cc3)c3ccccc3-c3ccccc32)cc1,195.0,242.15429999999995
*CC#CCOC(=O)CCCCCCCCCCC(=O)O*,-27.0,-34.751572676774565
*Cc1cc2cc(C(=O)Nc3ccc(-c4ccc(NC(=O)c5cc6cc(*)c(OC(=O)COc7ccc8ccc(=O)oc8c7)cc6oc5=O)cc4)cc3)c(=O)oc2cc1OC(=O)COc1ccc2ccc(=O)oc2c1,248.0,242.9811333333333
*c1ccc(OC(=O)c2cccc(C(=O)Oc3ccc(-c4nc5ccccc5nc4*)cc3)c2)cc1,245.0,199.43925
*OS(=O)(=O)c1cc(S(=O)(=O)Oc2ccc(C3(c4ccc(*)cc4)CCCCC3)cc2)ccc1C,142.0,144.94333333333333
*c1cc(-c2nc3ccccc3oc2=O)cc(-n2c(=O)c3cc4c(=O)n(*)c(=O)c4cc3c2=O)c1,130.0,266.6068
*c1cccc(N2C(=O)c3ccc(Oc4ccc(-c5ccc(Oc6ccc7c(c6)C(=O)N(*)C7=O)cc5)cc4)cc3C2=O)c1,247.0,236.56768614718635
*Cc1cccc(COC(=O)Nc2ccc(Cc3ccc(NC(=O)O*)cc3)cc2)c1,106.0,80.83755000000001
*NC1CC(C)(C)CC(C)(CNC(=O)CCCCC(*)=O)C1,150.8,147.4327
*c1ccc2c(c1)C(=O)N(c1cccc(NC(=O)C(F)(F)C(F)(F)C(F)(F)C(F)(F)C(F)(F)C(F)(F)C(=O)Nc3cccc(N4C(=O)c5ccc(C(*)(C(F)(F)F)C(F)(F)F)cc5C4=O)c3)c1)C2=O,218.0,248.73890000000003
*CC(c1ccccc1)C1C(=O)N(CCN(CC)c2ccc(/N=N/c3ccc([N+](=O)[O-])cc3)cc2)C(=O)C1*,172.0,176.64630000000002
*c1ccc(Oc2ccc(Oc3ccc(N4C(=O)c5ccc(-c6ccc7c(c6)C(=O)N(*)C7=O)cc5C4=O)cc3)c(-c3ccccc3)c2)cc1,247.0,232.23161869352876
*/C=C/C(C)C(*)C(=O)OCCCN(C)c1ccc(N(C)C)cc1,11.5,70.67940476190476
*C(=O)c1ccc2c(c1)C(=O)N(c1cccc(C(=O)c3ccc(Cc4ccc(C(=O)c5cccc(N6C(=O)c7ccc(*)cc7C6=O)c5)cc4)cc3)c1)C2=O,260.5,273.54940238095236
*Oc1ccc(S(=O)(=O)c2ccc(Oc3ccc(NC(=O)c4ccc(-c5ccc(C(=O)Nc6ccc(*)cc6)c(C)c5)cc4C)cc3)cc2)cc1,251.0,217.30868874671071
*CC(*)(C)C(=O)OCCCCCCOc1ccc(/N=N/c2ccc(OCCCC)cc2)cc1,79.0,82.07266666666666
*CNC(=O)OCc1cocc1COC(=O)NCc1ccc(C(C)(C)c2ccc(*)o2)o1,25.0,55.5532333333333
*c1ccc(Oc2ccc(-c3c(-c4ccccc4)c4c(c(-c5ccccc5)c3-c3ccccc3)C(=O)N(c3ccc(N5C(=O)c6c(c(-c7ccccc7)c(-c7ccccc7)c(*)c6-c6ccccc6)C5=O)cc3)C4=O)cc2)cc1,371.0,344.65211095238095
*NC(CCC(=O)OCc1ccc(C(F)(F)F)cc1)C(*)=O,26.57,73.51095000000036
*C1C(*)C2CC1C(C(=O)OCC1CC3CCC1C3)C2C(=O)OCC1CC2CCC1C2,320.0,242.692
*C(=O)Nc1cccc(Oc2cccc(Oc3cccc(NC(=O)c4ccc5c(c4)C(=O)N(c4cccc(Oc6cccc(Oc7cccc(N8C(=O)c9ccc(*)cc9C8=O)c7)c6C#N)c4)C5=O)c3)c2C#N)c1,214.0,216.0564
*CCCOC(=O)CCCC(=O)O*,-33.0,-47.06075000000002
*CC(*)P(=O)(Oc1ccccc1)N(C)C,27.0,55.004533333333335
*Oc1ccc(C(C)(C)C)cc1Oc1ccc(S(=O)(=O)c2ccc(*)cc2)cc1,181.25,196.1673962481962
*c1ccc2c(c1)C(CCCCCC)(CCCCCC)c1cc(-c3ccc4c(c3)c3cc(*)ccc3n4-c3ccc(C)cc3)ccc1-2,155.0,140.65912507936503
*Oc1ccc(-c2ccc(OC(=O)c3ccc(C(=O)c4ccc(C(*)=O)cc4)cc3)c(-c3ccccc3)c2)cc1-c1ccccc1,184.5,158.92093333333335
*c1ccc(Oc2ccc(C(c3ccc(Oc4ccc(-c5nnc(*)c6c(-c7ccc(F)cc7)c(-c7ccc(F)cc7)c(-c7ccc(F)cc7)c(-c7ccc(F)cc7)c56)cc4)cc3)(C(F)(F)F)C(F)(F)F)cc2)cc1,288.0,291.8646666666666
*CC(*)(C)C(=O)OCC(F)(F)F,75.0,58.86325666666666
*O[Si](*)(C)CCc1ccc(O)cc1,39.0,-19.797
*/C=C/c1cccc(/C=C/[Si](C)(C)c2ccc([Si](*)(C)C)cc2)c1,39.900000000000006,-6.3664333333333465
*c1ccc(Oc2ccc(Oc3ccc(Oc4ccc(-c5cnc6ccc(-c7ccc8nc(*)cnc8c7)cc6n5)cc4)cc3)cc2)cc1,216.0,235.19445952380957
*CCCCCCN1C(=O)c2ccc(Oc3ccc4c(c3)C(=O)N(*)C4=O)cc2C1=O,164.0,99.97114668387165
*Oc1ccc(Oc2ccc(C(=O)c3ccc(NC(=O)c4cccc(C(=O)Nc5ccc(C(=O)c6ccc(*)cc6)cc5)c4)cc3)cc2)cc1,198.0,167.3882
*/C=C(\C#N)C(=O)OCCCCCCOC(=O)/C(C#N)=C/c1ccc2c(c1)c1cc(*)ccc1n2CCCCCCCCCCCCCC,53.0,59.92702857142856
*CCCCCCCCCCn1c2ccccc2c2cc(/C=C(\C#N)C(=O)OCCCCCCOC(=O)/C(C#N)=C/c3ccc4c(c3)c3ccccc3n4*)ccc21,94.5,105.15045501498494
*Nc1cccc(C(=O)c2ccc(NC(=O)c3cccc(C(=O)c4ccc(C(*)=O)cc4)c3)cc2)c1,215.0,285.92273333333327
*c1ccc2c(c1)C(=O)N(c1ccc(Oc3ccc(N4C(=O)c5ccc(C(C)(C)CCCCCCCCC(*)(C)C)cc5C4=O)cc3)cc1)C2=O,123.65,163.8307452380953
*CCCCCCNC(=O)c1ccc(C(C)(CC)c2ccc(C(=O)N*)cc2)cc1,164.0,158.32685099345105
*Oc1cccc(OC(=O)c2ccc(C(C)(C)c3ccc(C(*)=O)cc3)cc2)c1,158.0,130.7887638888888
*CC(*)C(=O)OCCOCCOC(F)(F)C(F)F,-40.0,-29.534128571428575
*Oc1c(Cl)cc(C2(c3cc(Cl)c(OC(*)=O)c(Cl)c3)CC3CC2C2CCCC32)cc1Cl,281.0,247.4844
*CCCCCCCCCCOC(=O)NNC(=O)CCCCCCCCC(=O)NNC(=O)O*,34.0,32.10040694962046
*Oc1ccc(Oc2ccc(/C=N/c3ccc(/N=C/c4ccc(*)cc4)cc3)cc2)cc1,117.0,123.18605
*CC(*)(CC(=O)OC)C(=O)OC12CC3CC(C)(CC(C)(C3)C1)C2,144.0,159.06889999999996
*Oc1ccc(P(C)(=O)c2ccc(Oc3ccc(C(c4ccc(*)cc4)(C(F)(F)F)C(F)(F)F)cc3)cc2)cc1,208.0,215.33618952380954
*c1ccc(-c2cc(-c3ccc(OCCCC#N)cc3)cc(-c3ccc(N4C(=O)c5ccc(-c6ccc7c(c6)C(=O)N(*)C7=O)cc5C4=O)cc3)n2)cc1,360.0,302.64059999999995
*C[Si](*)(C)CCCN(CC)CC,-31.75,-69.31665608607061
*CCN(CCOC(=O)Nc1ccc(C)c(NC(=O)O*)c1)c1ccc(/N=N/c2ccc([N+](=O)[O-])cc2C)cc1,137.0,141.424
*Nc1cccc(NC(=O)c2ccc(C(*)=O)cc2)c1,238.0,285.02486190476185
*CC(*)c1ccccc1OC(C)=O,118.0,106.61
*Oc1ccc(C2(c3ccc(OC(=O)CCCCCCC(*)=O)cc3)c3ccccc3-c3ccccc32)cc1,158.0,138.2675285103785
*c1ccc(Oc2ccc(C(=O)c3cccc(C(=O)c4ccc(Oc5ccc(N6C(=O)c7ccc(Oc8ccc(Oc9ccc(Oc%10ccc%11c(c%10)C(=O)N(*)C%11=O)cc9)cc8)cc7C6=O)cc5)cc4)c3)cc2)cc1,192.0,220.4109984126984
*c1ccc(Oc2ccc(Oc3ccc(N4C(=O)c5ccc(Oc6ccccc6Oc6ccc7c(c6)C(=O)N(*)C7=O)cc5C4=O)cc3)cc2)cc1,202.0,211.68604408369407
*c1ccc(Oc2ccc(N3C(=O)c4ccc(Oc5ccc(Oc6ccc7c(c6)C(=O)N(*)C7=O)cc5)cc4C3=O)cc2)cc1,260.5,223.29448001442998
*CC(*)C(=O)NCCCCCC(=O)O,68.0,42.46221952840003
*CC(*)(C)C(=O)OCc1ccsc1,83.5,54.57196666666662
*CC(O)CN(C)S(=O)(=O)c1ccc(-c2ccc(S(=O)(=O)N(C)CC(O)COc3ccc(O*)cc3)cc2)cc1,84.0,98.84495
*c1ccc([Si](*)(C)C)s1,21.0,24.986566666666672
*c1ccc(Cc2ccc(N3C(=O)c4cccc5c(N6CCC(CCCC7CCN(c8ccc9c%10c(cccc8%10)C(=O)N(*)C9=O)CC7)CC6)ccc(c45)C3=O)c(C(C)(C)C)c2)cc1C(C)(C)C,202.7,213.8038966666665
*CCCCCOC(=O)Nc1ccc(C)c(NC(=O)O*)c1,52.0,58.26030476190474
*CCCCCCNC(=O)c1ccc(C(=O)N*)c(Oc2ccc(Cl)cc2)c1,112.0,112.48816092796092
*CCN(*)C(=O)CCCC,13.0,1.1914975267379677
*Oc1ccc(C(C)(CCC#N)c2ccc(OC(*)=O)c(C)c2)cc1C,117.0,120.46490000000001
*CC(COCOCC(C)([N+](=O)[O-])[N+](=O)[O-])O*,-15.0,-1.756666666666667
*c1ccc(-c2cc(-c3ccccc3)c3cc(-c4ccc5nc(*)cc(-c6ccccc6)c5c4)ccc3n2)cc1,395.0,373.83250793650785
*c1ccc(Cc2ccc(N3C(=O)c4ccc(Oc5ccc(C6(c7ccc(Oc8ccc9c(c8)C(=O)N(*)C9=O)cc7)CCC(c7ccccc7)CC6)cc5)cc4C3=O)cc2)cc1,232.0,256.4573
*c1ccc(-c2ccc(-c3nc4ccc(-c5ccc6nc(*)c(-c7ccccc7)nc6c5)cc4nc3-c3ccccc3)cc2)cc1,404.0,348.83199999999994
*Oc1c(-c2ccccc2)cc(-c2cc(-c3ccccc3)c(OC(=O)CCCCCCCCC(*)=O)c(-c3ccccc3)c2)cc1-c1ccccc1,98.0,103.61206988011989
*c1ccc(Oc2ccc(C(=O)c3ccc(Oc4ccc(C5(*)c6ccccc6C(=O)N5C)cc4)cc3)cc2)cc1,245.0,256.28064206349205
*CC(*)(CCCCCCCC)C(=O)OC,34.0,43.3181092812743
*CC(OCC(C)C)C1C(=O)OC(=O)C1*,145.0,156.848
*c1ccc(Sc2cc3c(cc2Sc2ccc(N4C(=O)c5ccc(Oc6ccc7c(c6)C(=O)N(*)C7=O)cc5C4=O)cc2)C(=O)N(c2ccc(CC)cc2)C3=O)cc1,271.0,212.75786666666667
*CCCCOC(=O)c1ccc(C(C)(C)c2ccc(C(=O)O*)cc2)cc1,44.0,46.878389523809595
*/C=C/c1sc(-c2ccc3c(c2)C(CCCCCC)(CCCCCC)c2cc(-c4sc(/C=C/C5=CC(=C(C#N)C#N)C=C(*)O5)c(CCCCCC)c4CCCCCC)ccc2-3)c(CCCCCC)c1CCCCCC,115.0,102.65476666666657
*CCC1C(=O)N(C)C(=O)C1*,141.2,140.59122000000016
*Oc1ccc(NC(=O)c2cc(NC(=O)CCCN3C(=O)c4ccccc4C3=O)cc(C(=O)Nc3ccc(*)cc3)c2)cc1,225.0,202.69370595238095
*Oc1cccc(NC(=O)CCCCCCC(=O)Nc2ccc(*)cc2)c1,140.0,119.41513798401589
*C(=O)c1ccc2c(c1)C(=O)N(c1c(C)cc(C(c3cc(C(F)(F)F)cc(C(F)(F)F)c3)c3cc(C)c(N4C(=O)c5ccc(*)cc5C4=O)c(C)c3)cc1C)C2=O,301.1,311.1288199999998
*CCCCOC(=O)Nc1ccc(Cc2ccc(NC(=O)OCCCCn3c4ccccc4c4cc(/C=C(\C#N)C(=O)OCCCCCCOC(=O)/C(C#N)=C/c5ccc6c(c5)c5ccccc5n6*)ccc43)cc2)cc1,122.0,115.53218241758236
*CC(C[Si](*)(C)C)c1ccccc1,-5.0,28.573966666666664
*c1ccc2c(c1)C(=O)N(c1cc(C(c3ccc(OC(C)=O)c(N4C(=O)c5ccc(C(*)(C(F)(F)F)C(F)(F)F)cc5C4=O)c3)(C(F)(F)F)C(F)(F)F)ccc1OC(C)=O)C2=O,266.5,275.1814866666666
*CCOCCC(=O)O*,-35.0,-41.310911190476205
*Oc1ccc(C(C)(C)c2ccc(OC(=O)C3CCC(C(*)=O)CC3)cc2)cc1,150.0,149.58016666666668
*C(=O)Nc1cccc(NC(=O)c2ccc3c(c2)C(=O)N(c2ccc(Oc4cccc5c(N6C(=O)c7ccc(*)cc7C6=O)cccc45)cc2)C3=O)n1,293.0,293.36769999999996
*Oc1ccc(C(=O)c2ccc(Oc3ccc(C(=O)c4c(C(=O)c5ccc(*)cc5)c(-c5ccccc5)c(-c5ccc6ccccc6c5)c(-c5ccc6ccccc6c5)c4-c4ccccc4)cc3)cc2)cc1,290.0,275.04429999999996
*CCOCCOC(=O)/C=C/C(=O)NCCCCCCNC(=O)/C=C/C(=O)O*,76.0,-1.8629206671106722
*c1ccc(C(=O)Nc2ccc(-c3nnc(*)o3)cc2)c(Oc2ccccc2)c1,235.0,246.56440000000006
*CC(*)c1cc(C)cc(C)c1,112.0,106.69759523809523
*CC(*)(C)C(=O)OCCN(CC)c1ccc(/N=N/c2ccc([N+](=O)[O-])c3ccccc23)cc1,116.0,112.22160000000004
*OC(=O)CNC(=O)CCCCCCCCC(=O)NCC(=O)OC1COC2C(*)COC12,66.0,38.628623809523816
*Nc1cc([N+](=O)[O-])c(NC(=O)CCCCCCCCC(*)=O)cc1/C=C/c1ccc(N(C)C)cc1,159.0,149.83375714285722
*OC1C(C)(C)C(OC(=O)c2ccc(C(*)=O)cc2)C1(C)C,184.0,102.02271666666667
*C(=O)Nc1c(C)cc(Cc2cc(C)c(NC(=O)c3ccc4c(c3)C(=O)N(c3ccc(/N=N/c5ccc([N+](=O)[O-])cc5)c(N5C(=O)c6ccc(*)cc6C5=O)c3)C4=O)c(C)c2)cc1C,280.0,273.91046666666665
*C(=O)Oc1ccc(C2(c3ccc(OC(=O)c4ccc5c(c4)C(=O)N(c4ccc(-c6ccc(N7C(=O)c8ccc(*)cc8C7=O)cc6C)c(C)c4)C5=O)cc3)CC3CC2C2CCCC32)cc1,226.0,222.45881904761907
*CCCCCCOC(=O)OCCCOC(=O)OCCCCCCOc1ccc(Oc2ccc(O*)cc2)cc1,-6.0,-9.388990375180379
*c1nc(-c2ccccc2)nc(N(CCCCCCN(*)c2ccccc2)c2ccccc2)n1,74.0,66.0099676190476
*CNC(=O)CCCCCCCCC(=O)NCC1COC(*)CO1,73.0,75.11693333333334
*Oc1ccc(S(=O)(=O)c2ccc3cc(S(=O)(=O)c4ccc(Oc5c(C)cc(-c6cc(C)c(*)c(C)c6C)c(C)c5C)cc4)ccc3c2)cc1,300.0,264.3251999999988
*c1ccc(Oc2ccc(S(=O)(=O)c3ccc(Oc4ccc(-c5c6c(c(*)c7ccccc57)C(=O)N(c5ccccc5-c5ccccc5)C6=O)cc4)cc3)cc2)cc1,278.0,307.9458
*CCCCCCCCCCNC(=O)c1ccc(C(=O)N*)c(Oc2ccccc2)c1,94.0,94.37834285714284
*Oc1ccc(CC(NC(=O)CCc2ccc(OC(=O)CCCCCCC(*)=O)cc2)C(=O)OCc2ccccc2)cc1,47.0,47.72036666666666
*CC(*)(C)C(=O)OCC=C,94.0,60.13018666666667
*CCCS(=O)(=O)CCCS(=O)(=O)CCCOC(=O)c1cccc(C(=O)O*)c1,67.0,53.5778
*CCCCCCCCNC(=O)CC(=O)N*,55.0,56.79621609491138
*CC(*)(C)C(=O)OC(C)C(C)(C)C,108.0,66.63317333333335
*Oc1ccc(C(C)(C)c2ccc(OC(=O)Oc3ccc(Cc4ccc(OC(*)=O)cc4)cc3)cc2)cc1,107.8,109.28413333333339
*C(=O)Nc1ccc(Oc2ccc(NC(=O)c3ccc4c(c3)C(=O)N(c3ccc(-c5sc(-c6ccc(N7C(=O)c8ccc(*)cc8C7=O)cc6)c(-c6ccccc6)c5-c5ccccc5)cc3)C4=O)cc2)cc1,320.0,304.650480952381
*c1ccc(N2C(=O)c3ccc(Oc4ccc(Sc5ccc(Oc6ccc7c(c6)C(=O)N(*)C7=O)cc5)cc4)cc3C2=O)cc1,238.0,195.75601440781446
*CCCCCCCCc1nc2cc(-c3ccc4[nH]c(*)nc4c3)ccc2[nH]1,234.0,201.755585
*C(=O)c1ccc2c(c1)C(=O)N(c1cccc(Cc3cccc(N4C(=O)c5ccc(*)cc5C4=O)c3)c1)C2=O,249.5,251.47430000000003
*CC(*)c1ccc(C(=O)CCCCCCC)cc1,50.0,5.875359415584416
*Oc1ccc(C(C)(CC)c2ccc(OC(=O)OC3C(C)(C)C(OC(*)=O)C3(C)C)cc2)cc1,124.0,130.39593333333337
*Oc1ccc(CC(NC(=O)CCc2ccc(OC(=O)CCC(*)=O)cc2)C(=O)OC(C)C)cc1,82.0,75.46539999999999
*CCCC(=O)Nc1ccc(Oc2ccc(Oc3ccc(NC(=O)CCCN4C(=O)c5ccc(C(=O)c6ccc7c(c6)C(=O)N(*)C7=O)cc5C4=O)cc3)cc2)cc1,178.0,195.0862090909091
*/C(CC)=C(/*)c1ccccc1,200.0,90.64201666666666
*c1cccc(OCCCCCCCCCCOc2cccc(N3C(=O)c4ccc(-c5cccc6c5C(=O)N(*)C6=O)cc4C3=O)c2)c1,127.0,149.65562647907652
*CC1CC(*)OC(CCC)O1,58.0,70.47129999999999
*Oc1ccc(C(C)(C)c2ccc(OC(*)=O)c(Cl)c2)cc1C,138.0,138.37033333333332
*CCCCCCCCCCCCCCCCCCNC(=O)CCCCCCCCCCCCCCCCC(=O)N*,50.0,46.27966114618116
*c1ccc(NC2CC(=O)N(c3ccc(-c4sc(-c5ccc(N6C(=O)CC(Nc7ccc(-c8nc(C#N)c(C#N)nc8*)cc7)C6=O)cc5)c(-c5ccccc5)c4-c4ccccc4)cc3)C2=O)cc1,231.0,229.8638333333333
*CCCCCCNC(=O)CCc1ccc(CCC(=O)N*)cc1,85.0,76.93234047619042
*c1ccc(-c2ccc3nc(*)cc(-c4ccccc4)c3c2)cc1,383.0,367.5446007936508
*CCCCCCCCCCCCNC(=O)c1ccc(C(=O)N*)cc1,130.0,132.10543192297902
*CC(*)(C)C(=O)OCCCCCCCCCCCOc1ccc2cc(C(=O)Oc3ccccc3)ccc2c1,10.0,33.955735947385946
*CCC1CC(OC(=O)CCCCCCCCCCOc2ccc(-c3ccc(C#N)cc3)cc2)CC1*,24.0,33.25878253968255
*C(=O)c1ccc2c(c1)C(=O)N(c1cccc(C(=O)c3cccc(N4C(=O)c5ccc(*)cc5C4=O)c3)c1)C2=O,242.0,276.8082
*CC(*)c1ccc(C(F)(F)C(F)(F)C(F)(F)C(F)(F)C(F)(F)C(F)(F)C(F)(F)F)cc1,42.0,121.56013333333333
*c1cccc(-n2c(=O)c3cc4c(=O)n(*)c(=O)c4cc3c2=O)c1,430.0,334.80483333333336
*c1cc(CC(=O)OCCN(CC)c2ccc(/N=N/c3ccc([N+](=O)[O-])cc3)cc2)c(*)s1,102.0,97.79719999999996
*CC(*)(C)C(=O)OCCCC,25.0,25.427255047619045
*NC(C)CC(*)=O,125.0,81.64135555555558
*CC(*)C(=O)OCCCCCCCOC(=O)c1ccc(OC(=O)c2ccc(C#N)cc2)cc1,20.0,20.822632683982686
*Oc1c(C)cc(-c2cc(C)c(Oc3ccc(C(=O)c4ccc(*)cc4)cc3)c(C)c2)cc1C,246.635,217.3959964285714
*CC(*)(C)C(=O)OCCCCCCCCOc1ccc(/N=N/c2ccc(C#N)cc2)cc1,35.0,57.02036666666667
*CCCCOC(=O)COCC(=O)O*,-23.0,-42.547487527472505
*OC(COCCCC)COC(*)=O,-22.0,-31.532303950216452
*c1ccc(OC(=O)c2ccc([Si](c3ccccc3)(c3ccccc3)c3ccc(C(=O)Oc4ccc(C5(*)OC(=O)c6ccccc65)cc4)cc3)cc2)cc1,250.0,259.50679999999994
*CCOCCOCCOC(=O)/C=C/C(=O)NCCCCCCNC(=O)/C=C/C(=O)O*,65.0,-1.8629206671106722
*C(=O)c1ccc2c(c1)C(=O)N(c1cccc(Cc3ccccc3N3C(=O)c4ccc(*)cc4C3=O)c1)C2=O,258.0,256.6831
*O[Si](C)(CCC(F)(F)F)CCC(F)(F)CC[Si](*)(C)CCC(F)(F)F,-38.0,-29.194766666666666
*CCCCCCOC(=O)OCCCCCCCCOC(=O)OCCCCCCOc1ccc(Oc2ccc(O*)cc2)cc1,-17.0,-15.60378402597403
*Oc1ccc2ccc(Oc3ccc(C(=O)Nc4ccc(C(C)(C)c5ccc(C(C)(C)c6ccc(NC(=O)c7ccc(*)cc7)cc6)cc5)cc4)cc3)cc2c1,155.0,156.8253515873016
*c1cccc(-c2nc3ccc(-c4ccc5nc(*)sc5c4)cc3s2)c1,495.0,274.05100571428585
*c1ccc2c(c1)C(=O)N(c1cccc3c(N4C(=O)c5ccc(C(*)(C(F)(F)F)C(F)(F)F)cc5C4=O)cccc13)C2=O,390.0,293.2902600000001
*CC(*)c1cccc(N(c2ccc(C)cc2)c2ccc(C)cc2)c1,126.5,99.49722666666666
*CCCCCCc1nc2cc(NC(=O)CCCCCCCCC(=O)Nc3ccc4oc(*)nc4c3)ccc2o1,86.0,89.32295317460316
*Oc1ccc(CC(NC(=O)CCc2ccc(OC(=O)CCCC(*)=O)cc2)C(=O)OCCCC)cc1,56.0,53.20171428571428
*CC(*)c1cc(C)c(C)cc1C,104.0,122.7045666666667
*CC[CH2][Sn]([CH3])([CH3])[CH2]CCOC(=O)C(CCCCCCOc1ccc(-c2ccc(OCc3ccc([N+](=O)[O-])cc3)cc2)cc1)C(=O)O*,40.5,46.20471125263622
*Oc1ccc(CC(NC(=O)CCc2ccc(OC(=O)CCCCCCCCC(*)=O)cc2)C(=O)OC(C)CC)cc1,36.0,44.91401428571429
*Oc1ccc(S(=O)(=O)c2ccc(-c3ccc(*)cc3)cc2)cc1,269.0,264.4505392461296
*CC(*)c1ccc(COCCC)cc1,22.0,41.07462142857143
*/C=C/c1cc(OCCCCCCCCCCCC)c(/C=C/c2ccc(*)cc2)cc1OCCCCCCCCCCCC,38.0,52.91780952380953
*C/C=C/COC(=O)CCCCCCCCC(=O)O*,-40.5,-39.32228410209757
*Oc1cc(Br)cc(Br)c1*,170.0,142.53464
*c1ccc(Cc2ccc(N3C(=O)c4ccc([Si](C)(C)O[Si](C)(C)O[Si](C)(C)c5ccc6c(c5)C(=O)N(*)C6=O)cc4C3=O)cc2)cc1,220.0,238.68966666666665
*CC(*)C(=O)OCC(F)(F)C(F)(F)OC(F)(F)F,-55.0,-17.591159523809523
*CC(*)c1ccccc1COCCC(C)C,78.0,71.49882142857143
*C(=O)Oc1ccc(C2(c3ccc(OC(=O)c4ccc5c(c4)C(=O)N(c4ccc(-c6ccc(N7C(=O)c8ccc(*)cc8C7=O)cc6C)c(C)c4)C5=O)cc3)C3CC4CC(C3)CC2C4)cc1,222.0,221.27153333333337
*C#Cc1cccc(C#C[SiH](*)C)c1,72.0,107.56888000000001
*CCCCCCCNC(=S)N*,52.0,39.10933672321829
*CCCCCCOC(=O)c1cc(OCCCCCCOc2ccc(/N=N/c3ccc(C#N)cc3)cc2)cc(C(=O)OCCCCCCN2C(=O)c3ccc(-c4ccc(-c5ccc6c(c5)C(=O)N(*)C6=O)cc4)cc3C2=O)c1,67.0,77.23930238095238
*C(=O)Nc1cc(NC(=O)c2cccc(*)n2)cc(-c2nnc(-c3ccccn3)o2)c1,255.0,194.55650000000003
*Oc1ccc(S(=O)(=O)c2ccc(Oc3ccc(/C=N/c4ccc(Oc5ccc(-c6ccc(Oc7ccc(/N=C/c8ccc(*)cc8)cc7)cc6)cc5)cc4)cc3)cc2)cc1,127.0,200.63574474277428
*CCOC(=O)CCC(=O)O*,-11.1,-33.105820000000016
*c1cccc(P(=O)(c2ccc(Oc3ccc(C45CC6CC(CC(C6)C4)C5)cc3)cc2)c2cccc(-n3c(=O)c4cc5c(=O)n(*)c(=O)c5cc4c3=O)c2)c1,330.0,260.0079099999998
*CC(C)CO*,-55.0,-46.82795047619047
*CC(*)c1ccc(B(Oc2ccc(B3OC(C)(C)C(C)(C)O3)c3cccnc23)c2ccc(C(C)(C)C)cc2)cc1,275.0,190.27275714285713
*Oc1ccc(S(=O)(=O)c2ccc(Oc3cccc(NC(=O)c4ccc(-c5ccc(C(=O)Nc6cccc(*)c6)c(C)c5)cc4C)c3)cc2)cc1,220.0,209.70360079774878
*c1ccc2c(c1)C(=O)N(C1CC(C)(C)CC(C)(CN3C(=O)c4ccc(C(*)(C(F)(F)F)C(F)(F)F)cc4C3=O)C1)C2=O,278.0,266.40340000000003
*Nc1cc(NC(=O)CCCCC(*)=O)cc(-c2nnc(-c3ccccn3)o2)c1,159.0,147.98186928571428
*CCN(*)C(=O)c1c(F)cc(F)cc1F,135.0,113.17616666666665
*Oc1ccc(C2(c3ccc(OC(=O)c4ccc(C(*)=O)cc4)c(C)c3)CCC3CCCCC3C2)cc1C,247.0,241.2862333333333
*/C=C/C1CC(*)C(C#N)(C[Si](C)(C)O[Si](C)(C)C)C1,68.0,32.676899999999996
*N(CCC)[Si](C)(C)C[Si](*)(C)C,-20.0,-70.60099999999998
*O[Si](*)(C)CCCC,-115.0,-93.56894311319404
*/C=C/c1ccc(*)cc1,240.0,156.13378333333327
*Oc1ccccc1Oc1ccc(S(=O)(=O)c2ccc(*)cc2)cc1,171.0,197.5835270285271
*CC(*)c1ccc(C(=O)OC(C)C)cc1,95.0,110.25803333333334
*Oc1ccc(C(C)(C)c2cccc(C(C)(C)c3ccc(Oc4ccc(C(=O)Nc5ccc(NC(=O)c6ccc(*)cc6)cc5)cc4)cc3)c2)cc1,154.0,152.39297142857146
*Oc1ccc(/C=C2\CC/C(=C\c3ccc(OC(=O)c4ccc(/N=C/c5ccc(/C=N/c6ccc(C(*)=O)cc6)cc5)cc4)cc3)C2=O)cc1,205.0,213.02548000000002
*c1ccc(S(=O)(=O)c2ccc(-n3nc(-c4ccccc4)c4ccc(S(=O)(=O)c5ccc6c(-c7ccccc7)nn(*)c(=O)c6c5)cc4c3=O)cc2)cc1,422.0,303.81966666666665
*Oc1ccc(S(=O)(=O)c2ccc(Oc3ccc(C(C)(CCC(=O)O)c4ccc(*)cc4)cc3)cc2)cc1,163.0,178.7817641269841
*C(F)(F)C(*)(F)OC(F)(F)C(F)(F)F,29.0,-20.706363333333336
*CC(OC(=O)C(CC(C)C)NC(=O)OCc1ccccc1)C(COC(=O)O*)OC(=O)C(CC(C)C)NC(=O)OCc1ccccc1,50.9,60.84280000000013
*O[Si](C)(C)CCCNC(=O)C(=O)NCCC[Si](*)(C)C,-46.48,-46.279520000000005
*Oc1cccc(NC(=O)c2cccc(C(=O)Nc3ccc(*)cc3)c2)c1,240.0,251.07840000000004
*c1ccc(C(=O)c2ccc(C(=O)c3ccc(S(*)(=O)=O)cc3)cc2)cc1,213.5,203.96038095238097
*c1ccc(N(c2ccc(C#N)cc2)c2ccc(N3C(=O)c4ccc(Oc5ccc(C(C)(C)c6ccc(C(C)(C)c7ccc(Oc8ccc9c(c8)C(=O)N(*)C9=O)cc7)cc6)cc5)cc4C3=O)cc2)cc1,224.0,213.0013501443003
*CCCCCCCCCCOC(=O)NCc1ccc(CNC(=O)O*)cc1,49.0,30.971017721167733
*C(=O)Nc1ccc(Cc2ccc(NC(=O)c3ccc4c(c3)C(=O)N(c3ccc(/N=N/c5ccc(C)cc5)c(N5C(=O)c6ccc(*)cc6C5=O)c3)C4=O)c(C)c2)cc1C,257.0,271.3828333333334
*OC(=O)OCC(OC)C(COC(=O)OC1COC2C(*)COC12)OC,61.0,65.44120000000001
*C(=O)c1ccc2c(c1)C(=O)N(c1ccc(Cc3ccc(Cc4cccc(N5C(=O)c6ccc(*)cc6C5=O)c4)cc3)cc1)C2=O,317.0,274.35094285714285
*CC(*)(CC(=O)OCCCc1ccccc1)C(=O)OCCCc1ccccc1,-8.0,67.27303333333334
*CCCCOC(=O)c1ccc2cc(C(=O)O*)ccc2c1,66.0,42.348397823842866
*Oc1ccc(C(C)(C)c2ccc(C(C)(C)c3ccc(Oc4ccc(C(=O)Nc5cccc(NC(=O)c6ccc(*)cc6)c5)cc4)cc3)cc2)cc1,173.0,202.74475238095238
*CCCCCC(=O)Oc1ccc(OC(=O)CCCCCn2c(=O)c3cc4c(=O)n(*)c(=O)c4cc3c2=O)c(C)c1,78.0,80.35512209523795
*CC(*)(C)C(=O)OCCCC1CCCCC1,60.0,73.81556666666667
*CCOC(=O)CCCCCC(=O)O*,-46.0,-55.29896645021642
*c1ccc(OCCN(C)c2ccc(/C=C/C3=CC(=C4/C(=O)c5ccccc5C4=C(C#N)C#N)/C=C(/C=C/c4ccc(N(C)CCOc5ccc(-c6nc7ccc(Oc8ccc9nc(*)c(-c%10ccccc%10)nc9c8)cc7nc6-c6ccccc6)cc5)cc4)O3)cc2)cc1,260.0,181.31505999999996
*CC/C=C(/*)CCCCCCCCCC,-53.0,-65.38377056415804
*CC(*)c1ccc(C(=O)c2ccc(OC)cc2)cc1,103.0,110.55644666666676
*CCCCCNC(=O)CCCCCCCCCCCCCCCCCCC(=O)N*,52.0,46.27966114618116
*c1ccc(Cc2ccc(N3C(=O)c4ccc(-c5ccc6c(c5)C(=O)N(*)C6=O)cc4C3=O)c(C(C)(C)C)c2)cc1C(C)(C)C,324.0,277.91296666666665
*Oc1c(F)c(F)c(-c2c(F)c(F)c(Oc3ccc(C(c4ccc(*)cc4)(C(F)(F)F)C(F)(F)F)cc3)c(F)c2F)c(F)c1F,167.0,187.39073000000002
*CC(*)C(=O)OCC(F)(F)C(F)(F)C(F)(F)F,-30.0,-8.53066666666667
*CCCCCOC(=O)c1ccccc1C(=O)[O][Pb][O]C(=O)c1ccccc1C(=O)OCCCCCOC(=O)NCCCCCCNC(=O)O*,-19.2,-7.02197777777782
*CC(*)(C)C(=O)OCCCCCC(=O)Oc1ccc(OC(=O)c2ccc(OCCC)cc2)cc1,45.0,41.14729523809524
*c1ccc(C(=O)OCCCCCCOc2ccc(/C=C/C(=O)/C=C/c3ccc(OCCCCCCOC(=O)c4ccc(-c5nnc(*)o5)cc4)cc3)cc2)cc1,62.0,63.096288888888886
*/C=C/C(C)(C(=O)OC)C(*)C,34.0,63.70004285714286
*Oc1ccc(Oc2ccc(Oc3ccc(Oc4ccc(OC(=O)c5cccc(C(*)=O)c5)cc4)cc3)cc2)cc1,134.0,166.17273333333335
*ON(C(F)(F)F)C(F)(Br)C(*)(F)F,3.0,20.51121333333333
*CCOCCOc1ccc(NC(=O)c2cccc(C(=O)Nc3ccc(O*)cc3)c2)cc1,155.0,114.87201666666667
*CC(*)(C)C(=O)Oc1ccc(C(=O)/C=C/c2ccc(OCc3ccccc3)cc2)cc1,152.0,111.25740000000037
*c1cccc(C(c2cccc(N3C(=O)c4ccc(-c5ccc6c(c5)C(=O)N(*)C6=O)cc4C3=O)c2)(C(F)(F)F)C(F)(F)F)c1,267.0,300.8365
*CC(*)c1ccccc1C(=O)OC,130.0,112.30003333333333
*Oc1ccccc1C(=O)OC(=O)c1ccccc1OC(=O)C(C)C(C)C(*)=O,45.0,117.98910000000001
*Oc1cc(C)c(C(c2cc(C(C)C)c(Oc3ccc(C(=O)c4ccc(*)cc4)cc3)cc2C)c2ccccc2C(=O)O)cc1C(C)C,228.0,168.66996666666668
*c1cccc(C(c2ccccc2)(c2cccc(N3C(=O)c4ccc(Oc5ccc6c(c5)C(=O)N(*)C6=O)cc4C3=O)c2)C(F)(F)F)c1,293.0,244.8132
*CCOCCOC(=O)C1CCC(C(=O)O*)CC1,-12.0,9.276983333333332
*Oc1cc(CCCCCCCCCCCCC)cc(OC(=O)c2cccc(C(*)=O)c2)c1,25.5,49.32521334776333
*Oc1ccc(CC(NC(=O)CCc2ccc(OC(=O)COCC(*)=O)cc2)C(=O)OC(C)CC)cc1,68.0,74.295
*Oc1ccc(Oc2ccc(OC(=O)c3cccc(C(*)=O)c3)cc2)cc1,164.5,166.17273333333335
*c1ccc(C(=O)Nc2ccc(-c3ccccc3NC(=O)c3ccc(S(*)(=O)=O)cc3)cc2)cc1,284.0,229.657
*c1ccc(Sc2ccc(-c3nc4ccc(-c5ccc6nc(*)c(-c7ccccc7)nc6c5)cc4nc3-c3ccccc3)cc2)cc1,288.0,316.4053333333333
*CC(*)(C)C(=O)OCCOc1ccc(-c2ccc(-c3ccc(C#N)cc3)cc2)cc1,115.0,107.21950000000002
*OP(=O)(Oc1ccccc1)Oc1ccc(*)cc1,97.0,99.19353333333333
*CC(*)(C)C(=O)OCCN(C)c1ccc(/N=N/c2ccc(S(=O)(=O)Nc3cc(C)on3)cc2)cc1,123.0,116.47370000000001
*c1ccc(-c2ccc(-c3ccc4c(c3)C(CCCCCCCC)(CCCCCCCC)c3cc(-c5ccc(*)s5)ccc3-4)s2)cn1,127.5,91.37180999999991
*c1cccc(P(=O)(c2ccc(Oc3ccc(C45CC6CC(CC(C6)C4)C5)cc3)cc2)c2cccc(N3C(=O)c4ccc(Oc5ccc6c(c5)C(=O)N(*)C6=O)cc4C3=O)c2)c1,290.0,250.80170606060605
*CC(C)(C)COC(=O)Nc1ccc(Cc2ccc(NC(=O)O*)cc2)cc1,94.0,58.11873333333334
*Oc1cc(C(C)(C)c2ccccc2)c(OC(=O)c2cccc(C(*)=O)c2)cc1C(C)(C)c1ccccc1,180.0,157.75507000000002
*Oc1ccc(CC(NC(=O)CCc2ccc(OC(=O)CCCC(*)=O)cc2)C(=O)OC(C)CC)cc1,52.0,63.896
*CCOCCOCCOC(=O)c1cc(/N=N/c2ccc(OCC)cc2)ccc1-c1ccc(/N=N/c2ccc(OCC)cc2)cc1C(=O)O*,65.0,21.0928
*SC1CCCC(*)C1,-52.0,87.08397999999994
*OC(C)CC(*)=O,3.4,18.327700000000014
*c1ccc(Oc2ccc(N3C(=O)c4ccc(-c5ccc6c(c5)C(=O)N(*)C6=O)cc4C3=O)cc2Br)c(Br)c1,275.0,292.24289
*c1cc(-c2nc3ccccc3[nH]2)cc(-n2c(=O)c3cc4c(=O)n(*)c(=O)c4cc3c2=O)c1,180.0,316.7763
*CCCCCCCCCCCCNC(=O)NCCCCCCNC(=O)N*,49.0,52.18494444444444
*C(=O)Nc1ccc(Oc2ccc(-c3ccc(Oc4ccc(NC(=O)c5ccc6c(c5)C(=O)N(c5ccc(Oc7ccc(S(=O)(=O)c8ccc(Oc9ccc(N%10C(=O)c%11ccc(*)cc%11C%10=O)cc9)cc8)cc7)cc5)C6=O)cc4)cc3)cc2)cc1,267.0,283.25356428571416
*NC(CCC(=O)OCc1ccccc1)C(*)=O,17.0,71.0691000000003
*c1ccc(-c2ccc(-c3ccc(-c4cc(-c5ccccc5)c5cc(Oc6ccc7nc(*)cc(-c8ccccc8)c7c6)ccc5n4)cc3)cc2)cc1,300.0,316.82520000000005
*c1c(C)cc(Cc2cc(C)c(N3C(=O)c4ccc(Oc5cc6ccccc6cc5Oc5ccc6c(c5)C(=O)N(*)C6=O)cc4C3=O)c(C)c2)cc1C,265.0,269.6514
*c1ccc(Oc2ccc(C(=O)c3cccc(C(=O)c4ccc(Oc5ccc(N6C(=O)c7ccc(Oc8ccc9c(c8)C(=O)N(*)C9=O)cc7C6=O)cc5)cc4)n3)cc2)cc1,208.6,235.7321158730156
*c1cccc(N2C(=O)c3cccc(Oc4ccc(Oc5ccc(Oc6cccc7c6C(=O)N(*)C7=O)cc5)cc4)c3C2=O)c1,238.0,253.28295857142857
*CC(*)c1ccc(-c2cccc3nsnc23)cc1,150.0,154.24606071428573
*CCOC(=O)C1CCC(C(=O)OCCOc2ccc(C3(c4ccc(O*)cc4)c4ccccc4-c4ccccc43)cc2)CC1,120.05,124.7706
*c1ccc(Oc2ccc(-c3ccc(Oc4ccc(-c5ncc(*)o5)cc4C(F)(F)F)cc3)cc2)c(C(F)(F)F)c1,200.0,198.15758333333332
*c1ccc(-c2ccc(-c3ccc([Si](*)(CCCC)CCCC)s3)s2)s1,30.0,-0.6345999999999999
*C(F)(F)C1(F)C(F)(F)C(*)(F)C1(F)F,122.0,137.89965238095246
*CCCCCCCCCCC(=O)NCCCCCC(=O)N*,25.5,46.27966114618116
*CC(*)(C)C(=O)Oc1ccc2c(c1)CCC2,113.5,124.55336666666665
*c1c(C)cc(C(C)(C)c2cc(C)c(S(*)(=O)=O)c(C)c2)cc1C,230.0,150.81840000000003
*CCOC(=O)Nc1ccc(Cc2ccc(NC(=O)OCCOc3ccc(O*)cc3)cc2)cc1,98.0,111.21678333333335
*c1ccc(-c2cc(C(C)(C)C)c(Oc3ccc(-n4c(=O)c5cc6c(=O)n(*)c(=O)c6cc5c4=O)cc3)c(C(C)(C)C)c2)cc1,398.5,344.2063400000001
*CCCCCCOC(=O)OCCCCCCN1C(=O)c2ccc(-c3ccc4c(c3)C(=O)N(*)C4=O)cc2C1=O,71.0,80.87009047619048
*CCCNC(=O)C(Cc1ccccc1)NC(=O)CCCCCCCCC(=O)NC(Cc1ccccc1)C(=O)NCCCOCCOCCO*,44.0,50.09784904761905
*CC#C/C(C#CCOC(=O)CCCCCCCCC(=O)O*)=C\c1ccc(C#Cc2ccc([N+](=O)[O-])cc2)cc1,60.0,49.356681746031725
*C(=O)Nc1ccc(C(c2ccc(NC(=O)c3ccc4c(c3)C(=O)N(c3c(C)cc(-c5cc(C)c(N6C(=O)c7ccc(*)cc7C6=O)c(C)c5)cc3C)C4=O)cc2)(C(F)(F)F)C(F)(F)F)cc1,318.0,318.3922533333334
*Oc1ccc(C2(c3ccc(OC(=O)CCCC(*)=O)cc3)c3cc(N(C)C)ccc3-c3ccc([N+](=O)[O-])cc32)cc1,181.0,174.45243095238095
*c1ccc(Oc2ccc(N3C(=O)CC4C(CC5C(=O)N(*)C(=O)C54)C3=O)cc2)cc1,350.0,255.16173933333332
*CCOC(=O)CCC(=O)OCCOC(=O)c1ccc(C(=O)O*)cc1,24.0,42.70919523809524
*c1ccc(Oc2ccc(N3C(=O)c4ccc(Oc5cccc6c(Oc7ccc8c(c7)C(=O)N(*)C8=O)cccc56)cc4C3=O)cc2)cc1,240.0,227.1036440476191
*c1ccc(C)c(N2C(=O)c3ccc(S(=O)(=O)c4ccc5c(c4)C(=O)N(*)C5=O)cc3C2=O)c1,348.0,341.08840000000004
*c1ccc(Oc2ccc(C(=O)c3ccc(C(=O)c4ccc(Oc5ccc(-c6cc(*)[nH]n6)cc5)cc4)cc3)cc2)cc1,235.0,218.2167761904762
*CC(*)c1ccccc1COCC,74.0,73.30907142857143
*=NP(Cl)(Cl)=NP(Cl)(Cl)=NC(=*)Cl,-21.0,19.013384761904756
*CC(*)(CC(=O)OCCOCCOCCOCCOCCOCCOCCOC)C(=O)OCCOCCOCCOCCOCCOCCOCCOC,-40.5,-24.928085714285718
*c1cc(/C=N/c2ccc3c(c2)c2cc(/N=C/c4cc(*)c(O)c(*)c4)ccc2n3CCCCCC)ccc1O,327.0,257.7386476190476
*CC(*)(C)C(=O)OCCCCCCCCCCOc1ccc(OC(=O)c2ccc(OCCCCCCCC)cc2)cc1,12.0,22.25141904761904
*c1ccc(Oc2cccc(Oc3ccc(N4C(=O)c5ccc(Oc6ccc(-c7ccc(Oc8ccc9c(c8)C(=O)N(*)C9=O)cc7)cc6)cc5C4=O)cc3)c2)cc1,205.0,202.3846598124099
*CC(*)c1ccc(C)cc1C,112.0,127.32634999999999
*c1ccc(NC(=O)CCCCCC(=O)Nc2ccc(S(*)(=O)=O)cc2)cc1,163.0,121.86950933333263
*CC(*)C(=O)OCC(F)(F)C(F)(F)C(F)(F)C(F)(F)C(F)(F)C(F)(F)C(F)(F)F,-17.0,-16.020807359307366
*CC(*)c1cc[n+](CCCCCCCC)cc1,206.2,-7.385095386639505
*c1ccc(-c2cc(CCCCCCCC)c(-c3ccc(-c4ccc(-c5sc(-c6ccc([Si](C)(C)[Si](C)(C)[Si](C)(C)[Si](C)(C)[Si](C)(C)[Si](C)(C)[Si](C)(C)[Si](*)(C)C)s6)cc5CCCCCCCC)s4)s3)s2)s1,13.0,10.409066666666666
*CCN(*)C(=O)CCCCCCC,10.0,-38.22489805844534
*CCCCSS*,-55.0,-56.80466923222974
*Oc1cccc2ccc(Oc3ccc(NC(=O)c4ccc(Oc5ccccc5Oc5ccc(C(=O)Nc6ccc(*)cc6)cc5)cc4)cc3)cc12,180.0,229.64558333333335
*O[Si](C)(C)COC(=O)CCCCCCCCC(=O)Oc1ccc(S(=O)(=O)c2ccc(Oc3ccc(/C=C4\CCCC/C(=C\c5ccc(Oc6ccc(S(=O)(=O)c7ccc(OC(=O)CCCCCCCCC(=O)OC[Si](*)(C)C)cc7)cc6)cc5)C4=O)cc3)cc2)cc1,81.0,75.24389904761907
*CNC(=O)OCCOC(=O)NCc1ccc(C(C)(C)c2ccc(*)o2)o1,50.0,72.61040000000003
*CCN(CCOC(=O)c1cc(OCCN(C)c2ccc(S(=O)(=O)CCCCCCCC)cc2)cc(C(=O)O*)c1)c1ccc(S(=O)(=O)C(F)(F)C(F)(F)C(F)(F)C(F)(F)C(F)(F)C(F)(F)C(F)(F)C(F)(F)F)cc1,80.0,49.041011513486495
*C(=O)N1C(=O)N(C(=O)c2ccc3c(c2)C(=O)N(c2ccc(Oc4ccc(N5C(=O)c6ccc(*)cc6C5=O)cc4)cc2)C3=O)C(C)(C)C1=O,156.0,263.2187476190476
*OC1C(COCC)OC(*)C(OCC)C1OCC,131.15,59.62036565656562
*CC(*)c1cc(C(C)(C)C)ccc1C,87.0,132.8028
*Nc1ccc(Cc2ccc(NC(=O)NCCCCCCCCNC(*)=O)cc2)cc1,50.0,34.77505304140304
*C/C=C/C[Si](*)(C)CCCOc1ccc2ccccc2c1,-1.0,17.6716044117647
*/C(=C/c1cc(OC)c(/C=C(\c2ccc(F)cc2)c2ccc3cc(*)ccc3c2)cc1OC)c1ccc(F)cc1,208.0,190.48
*OC(=O)C(C)NC(=O)CCCCCC(=O)NC(C)C(=O)OC1COC2C(*)COC12,45.0,48.97553333333333
*CCCCCCCCCCc1nc2ccc(-c3ccc4nc(*)oc4c3)cc2o1,64.0,126.91446827731099
*O[Si](*)(C)CCCOc1ccc(C(=O)Oc2ccc(-c3ccc(OC(=O)c4cc(OCC(C)CC)c(OCC(C)CC)c(OCC(C)CC)c4)cc3)cc2)cc1,60.0,55.01293904761879
*/C(=C(\C#N)c1ccc(C(=O)OC2CCN(*)CC2)cc1)c1ccc(OC)cc1,183.0,128.5382904761905
*CC(*)(C)C(=O)OCCCCCC,-5.0,-32.35238509094363
*c1ccc(Oc2ccc(C(=O)c3ccc(C(=O)c4ccc(Oc5ccc(-c6nc7ccccc7n6-c6ccc(-n7c(*)nc8ccccc87)cc6)cc5)cc4)cc3)cc2)cc1,238.0,246.24230952380955
*OP(=O)(Oc1ccc(Br)cc1)Oc1c(Br)cc(C(c2cc(Br)c(*)c(Br)c2)(C(F)(F)F)C(F)(F)F)cc1Br,152.0,150.0362
*Oc1ccc(-c2ccc(/N=N/c3ccc(C(*)=O)cc3)cc2)cc1,147.0,178.55403333333336
*c1ccc2c(c1)C(=O)N(c1ccc(Oc3cc(C(C)(C)C)c(Oc4ccc(N5C(=O)c6ccc(C(*)(C(F)(F)F)C(F)(F)F)cc6C5=O)cc4)cc3C(C)(C)C)cc1)C2=O,277.0,275.68119999999976
*C(=O)Nc1ccc(C2(c3ccc(NC(=O)c4ccc5c(c4)C(=O)N(c4ccc(Sc6ccc(Oc7ccc(Sc8ccc(N9C(=O)c%10ccc(*)cc%10C9=O)cc8)cc7)cc6)cc4)C5=O)cc3)c3ccccc3-c3ccccc32)cc1,298.0,251.87961190476193
*CCC[Si](*)(C)CCC[Si](C)(C)C,-46.0,-57.91182751464216
*c1ccc2oc(-c3ccc(C(c4ccccc4)(c4ccc(-c5nc6cc(C(*)(C(F)(F)F)C(F)(F)F)ccc6o5)cc4)C(F)(F)F)cc3)nc2c1,310.0,344.0310833333333
*CC(OO*)c1ccc(C(C)(C)C)cc1,19.9,56.2366666666665
*CC(*)(C)C(=O)OCCCCCCCCOc1ccc(C(=O)Oc2ccc(C(=O)/C=C/c3c(C)c4ccccc4n3CCCC)cc2)cc1,69.0,71.2798119047619
*Oc1ccc(C(=O)c2cccc(-c3cccc(C(=O)c4ccc(*)cc4)c3)c2)cc1,123.0,150.2744
*C(=O)c1ccc2c(c1)C(=O)N(c1c(C)cc(C(c3cccc(C(F)(F)F)c3)c3cc(C)c(N4C(=O)c5ccc(*)cc5C4=O)c(C)c3)cc1C)C2=O,285.0,297.68286000000063
*c1cccc(Oc2cccc(Oc3cccc(Oc4cccc(Oc5cccc(N6C(=O)c7ccc(Oc8ccc9c(c8)C(=O)N(*)C9=O)cc7C6=O)c5)c4C#N)c3)c2C#N)c1,176.0,206.83028333333334
*CCN(*)C(=O)CCC(=O)OC,31.0,-0.006566666666666606
*CC(*)(F)C(=O)OCC(F)(F)C(F)(F)F,99.0,73.21739444444445
*c1cccc(P(=O)(c2ccccc2)c2cccc(-n3c(=O)c4cc5c(=O)n(*)c(=O)c5c(-c5ccc(C(F)(F)F)cc5)c4c3=O)c2)c1,321.0,309.108
*O[Si](C)(CCC(F)(F)F)CCC(F)(F)C(F)(F)C(F)(F)C(F)(F)C(F)(F)C(F)(F)C(F)(F)C(F)(F)CC[Si](*)(C)CCC(F)(F)F,-28.0,-26.51
*CC(*)C(=O)OCC(F)(F)C(F)(F)C(F)(F)C(F)(F)F,-37.0,-13.573035930735935
*c1ccc(Oc2c(C)cc(C(c3cc(C)c(Oc4ccc(-n5c(=O)c6cc7c(=O)n(*)c(=O)c7cc6c5=O)cc4)c(C)c3)c3cccc4ccccc34)cc2C)cc1,315.0,315.4139138095242
*CC(C)(CO*)COCC(F)(F)C(F)(F)C(F)(F)F,-45.0,-43.14999999999999
*c1ccc2oc(-c3cccc(-c4nc5cc(C(*)(C(F)(F)F)C(F)(F)F)ccc5o4)c3)nc2c1,301.0,328.3989838095238
*Nc1ccc(Nc2ccc(C(O)(c3ccccc3)c3ccc(C(O)(c4ccccc4)c4ccc(*)cc4)cc3)cc2)cc1,200.0,191.16346666666666
*/C=C/c1ccc2c(c1)Sc1cc(*)ccc1N2c1ccc(OCCCCCCCCCCCC)cc1,129.0,155.43667777777782
*OC(COC(=O)c1ccc(C(*)=O)cc1)COc1ccc(/N=N/c2ccc(C#N)cc2)cc1,122.0,125.24
*c1ccc2c(c1)C(=O)N(c1cc(C(=O)O)cc(N3C(=O)c4ccc(C(*)(C(F)(F)F)C(F)(F)F)cc4C3=O)c1)C2=O,366.5,312.28980666666683
*Oc1ccc(NC(=O)c2ccc(Oc3ccc(C(C)(C)c4cccc(C(C)(C)c5ccc(Oc6ccc(C(=O)Nc7ccc(*)cc7)cc6)cc5)c4)cc3)cc2)cc1,155.0,152.39297142857146
*c1ccc(Oc2ccc(N3C(=O)c4ccc(Oc5ccc(C(=O)c6ccc(Oc7ccc8c(c7)C(=O)N(*)C8=O)cc6)cc5)cc4C3=O)cc2)cc1,210.0,251.7233198412698
*O[Si](*)(C)CCCCCCCCCCCOc1ccc(C(=O)OC/C=C(\C)CCC=C(C)C)cc1,25.0,18.403954126984125
*C(=O)Nc1ccc(Oc2cccc(Oc3ccc(NC(=O)c4ccc5c(c4)C(=O)N(c4cccc(Oc6cccc(Oc7cccc(N8C(=O)c9ccc(*)cc9C8=O)c7)c6C#N)c4)C5=O)cc3)c2)cc1,207.0,219.34351666666666
*Oc1ccc(CC(NC(=O)CCc2ccc(OC(=O)CCCC(*)=O)cc2)C(=O)OCC)cc1,70.0,64.6942
*CC(O)COc1c(Cl)cc(C(C)(C)c2cc(Cl)c(O*)c(Cl)c2)cc1Cl,135.0,117.55153333333332
*CC(COc1ccc(S(=O)(=O)c2ccc(O*)cc2)cc1)OC(C)=O,130.0,115.19702500000001
*Oc1ccc(NC(=O)CCCCCCCCCCC(=O)Nc2ccc(*)cc2)cc1,150.0,165.43892551892554
*CC(*)(C)C(=O)OCCCCCCOc1ccc(C(=O)Oc2ccc(/N=N/c3ccc(Br)cc3)c3ccccc23)cc1,46.0,42.65442051282051
*c1cccc(N2C(=O)c3cccc(Oc4ccc(-c5ccc(Oc6cccc7c6C(=O)N(*)C7=O)cc5)cc4)c3C2=O)c1,275.0,262.7799966666667
*c1ccc2c(c1)C(CCCCCCCC)(CCCCCCCC)c1cc(-c3ccc(*)c4nsnc34)ccc1-2,114.5,94.56386761904764
*Oc1ccc(C(CCC)c2ccc(OC(*)=S)cc2)cc1,130.0,112.36733333333335
*CC(*)(C)C(=O)OCCO[N+](=O)[O-],55.0,31.407967809523797
*c1cccc(C(=O)Nc2ccc(Oc3ccc(NC(=O)c4cccc(N5C(=O)c6ccc(-c7ccc8c(c7)C(=O)N(*)C8=O)cc6C5=O)c4)cc3)cc2)c1,253.0,251.31326533333336
*C(=O)c1ccc(Oc2ccc(C3(c4ccc(Oc5ccc(C(=O)c6ccc7c(c6)C(=O)N(c6ccc(Oc8ccc(N9C(=O)c%10ccc(*)cc%10C9=O)cc8)cc6)C7=O)cc5)cc4)OC(=O)c4ccccc43)cc2)cc1,260.0,237.33581277056274
*CC(C[Si](*)(C)C)c1cccc2ccccc12,39.0,76.38291666666666
*c1ccc(Sc2ccc3c(c2)Sc2ccc(Sc4ccc(-n5c(=O)c6cc7c(=O)n(*)c(=O)c7cc6c5=O)cc4)cc2S3)cc1,254.75,376.0369
*CC(OCC)C(C(=O)OC)C(*)C(=O)OC,50.0,44.61676666666665
*CCCCCCOc1c(OC)cc(/C=C/c2ccc(/C=C/c3cc(OC)c(O*)c(OC)c3)cc2)cc1OC,90.0,70.77322059523806
*c1ccc(-c2ccc(N3C(=O)c4ccc(Oc5ccc6c(c5)C(=O)N(*)C6=O)cc4C3=O)cc2C)c(C)c1,325.0,261.7071833333333
*Oc1ccc(C(=O)OCCCCCCOC(=O)c2ccc(*)cc2)cc1,15.0,30.31739591630592
*Oc1ccc(Oc2ccc(C(=O)Nc3ccc(Oc4ccc(-c5ccc(Oc6ccc(NC(=O)c7ccc(*)cc7)cc6)cc5)cc4)cc3)cc2)cc1C,220.0,218.64326666666668
*CCOCCOC(=O)C(CCCCCCC)C(=O)O*,-58.0,-51.91822226433696
*CC(*)(C)C(=O)OCCC[Si](OC)(OC)OC,9.0,36.64333923809526
*c1cccc(C(=O)c2c(C)cc(C)c(N3C(=O)c4ccc(-c5ccc6c(c5)C(=O)N(*)C6=O)cc4C3=O)c2C)c1,320.0,324.4189999999998
*CCN(*)C(=O)Cc1ccc(C(F)(F)F)cc1,75.0,84.0155
*c1cc(C(c2ccc(OCCN(C)c3ccc(/C=C/C4=CC(=C(C#N)C#N)CC(C)(C)C4)cc3)c(N3C(=O)c4ccc(Oc5ccc6c(c5)C(=O)N(*)C6=O)cc4C3=O)c2)(C(F)(F)F)C(F)(F)F)ccc1OCCN(C)c1ccc(/C=C/C2=CC(=C(C#N)C#N)CC(C)(C)C2)cc1,215.0,198.29846666666666
*Oc1ccc(C(=O)Nc2ccc(S(=O)(=O)c3ccc(NC(=O)c4ccc(Oc5ccc(C(=O)c6ccc(S(=O)(=O)c7ccc(C(=O)c8ccc(*)cc8)cc7)cc6)cc5)cc4)cc3)cc2)cc1,260.0,175.4359333333333
*c1ccc(Oc2ccc(Oc3ccc(N4C(=O)c5ccc(-c6ccc7c(c6)C(=O)N(*)C7=O)cc5C4=O)cc3)c(C)c2)cc1,265.0,264.04628676984146
*Nc1ccc(-c2ccc(NC(=O)c3cc(C(*)=O)cc(S(=O)(=O)c4ccccc4)c3)cc2)cc1,319.0,300.8069999999999
*CC(O)CN(Cc1ccccc1)CC(O)COc1ccc(C(C)(C)c2ccc(O*)cc2)cc1,94.25,90.44426666666646
*CC(*)OCCCCCCCCCCCOc1ccc(C(=O)Oc2ccc(C#N)cc2)cc1,37.0,25.499080202020203
*c1cccc(C(F)(F)C(F)(F)C(F)(F)C(F)(F)C(F)(F)c2cccc(N3C(=O)c4ccc(Oc5ccc6c(c5)C(=O)N(*)C6=O)cc4C3=O)c2)c1,157.0,209.31693333333328
*C1CCC(CC2CCC(N3C(=O)C4C5C=CC(C6C(=O)N(*)C(=O)C56)C4C3=O)CC2)CC1,239.0,203.508
*c1ccc2c(c1)C(=O)N(c1c(C)cc(-c3cc(C)c(-c4cc(C)c(N5C(=O)c6ccc(C(*)(C(F)(F)F)C(F)(F)F)cc6C5=O)c(C)c4)cc3C)cc1C)C2=O,361.0,350.95940000000013
*CC(OCCCC)C1C(=O)OC(=O)C1*,118.0,78.67791904761904
*Oc1ccc(S(=O)(=O)c2ccc(-c3ccc(-c4ccc(S(=O)(=O)c5ccc(*)cc5)cc4)cc3)cc2)cc1,311.0,264.4505392461296
*CC(*)c1c(F)c(F)c(OC)c(F)c1F,94.0,75.11694000000003
*O[Si](C)(C)c1ccc([Si](C)(C)Oc2c(C)cc(-c3cc(C)c(*)c(C)c3)cc2C)cc1,67.0,17.029533333333333
*Oc1ccc(C2(c3ccc(Oc4ccc5c(=O)n6c7cc(Oc8ccc9c(c8)nc8c%10ccc(*)c%11cccc(c(=O)n98)c%11%10)ccc7nc6c6cccc4c56)cc3)c3ccccc3-c3ccccc32)cc1,396.0,369.2856
*Oc1c(-c2ccccc2)cc(Cc2cc(-c3ccccc3)c(OC(=O)CCCCC(*)=O)c(-c3ccccc3)c2)cc1-c1ccccc1,115.0,113.98279892773894
*c1ccc(Oc2ccc(-c3ccc(Oc4ccc(N5C(=O)c6ccc(Oc7ccc(-c8ccc(Oc9ccc%10c(c9)C(=O)N(*)C%10=O)cc8)cc7)cc6C5=O)cc4)cc3)cc2)cc1,220.0,227.56095552225557
*CCCCCCCCNC(=O)c1cccc(C(=O)N*)c1,110.0,102.30207460317462
*CC(*)c1cccc2ccccc12,160.0,154.65484999999998
*c1ccc(C(c2ccc(-c3cc(-c4ccccc4)c4cc(Oc5ccc6nc(*)cc(-c7ccccc7)c6c5)ccc4n3)cc2)(C(F)(F)F)C(F)(F)F)cc1,260.0,304.62253333333337
*Oc1ccc(Oc2ccc(C(=O)c3ccc(C(=O)c4ccc(*)cc4)cc3)cc2)cc1-c1ccc(S(=O)(=O)O)cc1,174.0,175.13509642857147
*c1cc(C(c2ccc(OCCN(CC)c3ccc(/C=C/C4=CC(=C(C#N)C#N)CC(C)(C)C4)cc3)c(N3C(=O)c4ccc(Oc5ccc6c(c5)C(=O)N(*)C6=O)cc4C3=O)c2)(C(F)(F)F)C(F)(F)F)ccc1OCCN(CC)c1ccc(/C=C/C2=CC(=C(C#N)C#N)CC(C)(C)C2)cc1,202.0,210.75156666666663
*c1ccc(Oc2ccc(-n3c(=O)c4cc5c(=O)n(-c6ccc(Oc7ccc(-c8nc9cc%10sc(*)nc%10cc9s8)cc7)cc6)c(=O)c5cc4c3=O)cc2)cc1,400.0,316.6731214285714
*O[Si](Oc1ccc(C2(c3ccc(*)cc3)c3ccccc3-c3ccccc32)cc1)(c1ccccc1)c1ccccc1,166.0,180.09076666666667
*c1ccc2c(c1)C(=O)N(c1ccc(-c3ccc(N4C(=O)c5ccc(C(*)(C(F)(F)F)C(F)(F)F)cc5C4=O)c(O)c3)cc1O)C2=O,358.0,344.2624
*C(*)C(=O)OC,85.75,64.27290000000002
*Oc1ccc(Oc2ccc(C(=O)c3ccc(Oc4ccc(Oc5ccc(C(=O)c6ccc(*)c(C(C)C)c6)cc5)cc4)cc3)cc2C(C)C)cc1,145.0,188.77251666666666
*Oc1c(C)cc(C(C)(C)c2cc(C)c(ON3C(=O)c4ccc(Oc5ccc(C6(c7ccc(Oc8ccc9c(c8)C(=O)N(*)C9=O)cc7)CCC(C(C)(C)C)CC6)cc5)cc4C3=O)c(C)c2)cc1C,248.0,241.39159999999995
*=Cc1cc(OCCCCCCCC)c(/C=N/c2ccc(N=*)cc2)cc1OCCCCCCCC,32.7,72.29265595238095
*Oc1ccc(NC(=O)c2cc(NC(=O)c3ccncc3)cc(C(=O)Nc3ccc(*)cc3)c2)cc1,305.0,279.2090666666667
*CCC1C(=O)N(c2ccc(N(C)C)cc2)C(=O)C1*,195.0,198.58459999999988
*N=P(*)(OCCOCCOCCOCCOCCCCCCCCCCCC)OCCOCCOCCOCCOCCCCCCCCCCCC,-53.6,-68.7939482828659
*CCCCCCCCCCCCCCCCCCNC(=O)NCc1ccc(CNC(=O)N*)cc1,52.0,62.92146161616159
*OP(=O)(Oc1ccc(OC)cc1)Oc1c(C)cc(S(=O)(=O)c2cc(C)c(*)c(C)c2)cc1C,147.0,149.38139999999999
*CC(CCCC)O*,-69.0,-56.14168553391054
*c1ccc2c(c1)C(CCCCCC)(CCCCCC)c1cc(-c3ccc4c(c3)c3cc(*)ccc3n4-c3ccccc3)ccc1-2,170.0,144.03541079365078
*CCCCCCOC(=O)OCCCCCOC(=O)OCCCCCCOc1ccc(Oc2ccc(O*)cc2)cc1,-11.0,-15.60378402597403
*CC(*)(C)c1ccc2ccccc2c1,208.0,158.25993888888885
*Oc1ccc(Oc2cccc(*)n2)cc1,100.0,113.642
*CC(*)(C)C(=O)OCCc1ccccc1,49.0,45.68367499999999
*CC(*)C(=O)Oc1ccc(C(=O)Oc2ccc(OC(=O)c3ccc(OCCCCC)cc3)cc2)cc1,48.0,47.79886666666666
*c1ccc(Oc2ccc(N3C(=O)c4ccc(Oc5c(C)cc(Cc6cc(C)c(Oc7ccc8c(c7)C(=O)N(*)C8=O)c(C)c6)cc5C)cc4C3=O)cc2)cc1,266.0,260.3165
*CC(*)C(=O)Oc1ccc(C)cc1,42.5,73.69893333333333
*Oc1ccc(OC(=O)c2ccc(C(*)=O)cc2Oc2ccccc2)cc1,105.0,124.5706
*C(=O)Nc1ccc(Oc2ccc(-c3ccc(Oc4ccc(NC(=O)c5ccc6c(c5)C(=O)N(c5cccc(N7C(=O)c8ccc(*)cc8C7=O)c5)C6=O)cc4)cc3)cc2)cc1,292.0,282.6801119047619
*C(=O)c1ccc2c(c1)C(=O)N(c1cccc(OCCOCCOc3cccc(N4C(=O)c5ccc(*)cc5C4=O)c3)c1)C2=O,155.0,179.50997857142855
*C(=O)Nc1cc(NC(=O)c2ccc3[nH]c(-c4cccc(-c5nc6cc(*)ccc6[nH]5)c4)nc3c2)cc(-c2nc3ccccc3[nH]2)c1,315.0,276.73698666666667
*c1ccc(-c2ccc(NC(=O)c3cccc(C(=O)Nc4ccc(-c5ccc(-n6c(=O)c7cc8c(=O)n(*)c(=O)c8cc7c6=O)cc5)cc4)c3)cc2)cc1,227.0,300.9955
*CC(*)C(=O)NCCC[N+](C)(C)C,57.0,66.943
*/C=C/c1ccc(N(CC)Cc2ccccc2CN(CC)c2ccc(/C=C/c3ccc(/C=C(\C#N)S(=O)(=O)/C(C#N)=C/c4ccc(*)s4)s3)cc2)cc1,178.0,165.74041
*Oc1ccc(CC(NC(=O)CCc2ccc(OC(*)=O)cc2)C(=O)OCCCCCC)cc1,51.5,31.049421245421264
*CC(*)(C)C(=O)OCCOc1ccc(/N=N/c2ccc(OC)cc2)cc1,109.0,100.8792
*CC(*)c1ccccc1COCCCCCCCC,13.0,5.841866666666667
*CCCCCCCCCCCCOC(=O)Nc1ccc(Cc2ccc(NC(=O)O*)cc2)cc1,43.0,56.94040943325682
*OP(=O)(Oc1ccccc1)Oc1c(C)cc(S(=O)(=O)c2cc(C)c(*)c(C)c2)cc1C,142.0,143.02270000000001
*C(=O)OCC(COc1ccc(/N=N/c2ccc(C#N)cc2)cc1)OC(=O)c1ccc(*)s1,119.0,111.0457
*CC(O)COc1ccc(C(=O)c2ccc(O*)cc2)cc1,130.0,110.29978333333332
*CCCCCCCCCCC(=O)Nc1ccc(Oc2ccc(Oc3ccc(NC(=O)CCCCCCCCCCN4C(=O)c5ccc(C(=O)c6ccc7c(c6)C(=O)N(*)C7=O)cc5C4=O)cc3)cc2)cc1,122.0,163.3491471861472
*c1ccc(Oc2ccc(-c3ccc(Oc4ccc(N5C(=O)c6ccc(Oc7ccc(C8(c9ccc(Oc%10ccc%11c(c%10)C(=O)N(*)C%11=O)cc9)CCC(c9ccccc9)CC8)cc7)cc6C5=O)cc4)cc3C)c(C)c2)cc1,226.0,245.01326666666665
*Oc1ccc(Oc2ccc(C(=O)c3ccc(*)cc3)cc2)cc1-c1cc(C)cc(C)c1,162.0,155.6824014069264
*Oc1ccc(OC(=O)c2ccc(OCCCCCCCCCCOc3ccc(C(*)=O)cc3)cc2)cc1S(=O)(=O)c1ccccc1,88.0,92.10834857142845
*Oc1ccc(C(C)(C)c2ccc(OC(=O)Nc3cccc(P(=O)(c4ccccc4)c4cccc(NC(*)=O)c4)c3)cc2)cc1,62.0,112.96253333333333
*c1ccc(Oc2cccc(Oc3ccc(N4C(=O)c5ccc(Oc6ccc(C(C)(C)c7ccc(Oc8ccc9c(c8)C(=O)N(*)C9=O)cc7)cc6)cc5C4=O)cc3)c2)cc1,246.0,203.8643822427576
*C(=O)c1ccc2c(c1)C(=O)N(c1ccc(C)c(N3C(=O)c4ccc(*)cc4C3=O)c1)C2=O,319.5,323.4097266666667
*c1ccc2c(c1)C(=O)N(c1ccc(Oc3ccc(N4C(=O)c5ccc(C(*)(C(F)(F)F)C(F)(F)F)cc5C4=O)cc3)c(O)c1)C2=O,292.0,269.3737000000003
*N=P(*)(N1CCCCC1)N1CCCCC1,19.0,62.50615238095234
*Oc1cccc(Oc2ccc(C(=O)c3ccc(NC(=O)c4ccc(C(=O)Nc5ccc(C(=O)c6ccc(*)cc6)cc5)cc4)cc3)cc2)c1,190.0,167.591
*c1ccc2c(c1)C(=O)N(c1ccc(Oc3ccc(C(=O)c4cccc(C(=O)c5ccc(Oc6ccc(N7C(=O)c8ccc(C(*)(C(F)(F)F)C(F)(F)F)cc8C7=O)cc6)cc5)n4)cc3)cc1)C2=O,226.9,274.3635666666665
*O[Si](*)(C)CCCCCCCCCCCOC(=O)c1cc(OC(=O)c2ccc(OCCOCCOCCOCCOCCOCCOCCOCCOC)cc2)ccc1OC(=O)c1ccc(OCCOCCOCCOCCOCCOCCOCCOCCOC)cc1,-56.0,14.601230702630703
*c1cc(C(=O)Oc2cccc3cccnc23)c(*)s1,154.0,121.92890000000003
*CC(*)(C)C(=O)OCCOCCOCCOCCOc1ccc(/N=N/c2ccc(C#N)cc2)cc1,20.0,11.606682142857142
*CC(C)(C)COC(=O)O*,25.0,26.97491666666666
*/N=N/c1ccc(Nc2ccc(C(=O)c3ccc(C(=O)c4ccc(Nc5ccc(*)cc5)cc4)cc3)cc2)cc1,203.0,205.91150000000002
*c1ccc(C(=O)OCCCCCCCCOc2ccc(/C=C3\CC/C(=C\c4ccc(OCCCCCCCCOC(=O)c5ccc(-c6nnc(*)o6)cc5)cc4)C3=O)cc2)cc1,99.0,63.417253333333335
*C(=O)Nc1ccc(Oc2ccc(S(=O)(=O)c3ccc(Oc4ccc(NC(=O)c5ccc6c(c5)C(=O)N(c5ccc(Oc7ccc8ccc(Oc9ccc(N%10C(=O)c%11ccc(*)cc%11C%10=O)cc9)cc8c7)cc5)C6=O)cc4)cc3)cc2)cc1,274.0,264.20238095238096
*C(=O)OCCCCCCCCCCCCOC(=O)c1ccc(NC(=O)c2ccc(N3C(=O)c4ccc(*)cc4C3=O)cc2)cc1,74.0,111.67075422077922
*Oc1ccc(C(c2ccc(OC(*)=S)cc2)C(C)C)cc1,135.0,125.63189999999999
*Nc1cccc(NC(=O)CCCCC(*)=O)c1,114.25,157.91321392857142
*CC(*)C(=O)Oc1ccc(C(=O)Oc2ccc(OC(=O)c3ccc(OCCCC)cc3)cc2)cc1,47.0,50.136699999999976
*C(=O)OCCCCCCCCCCCCOC(=O)c1ccc2c(c1)C(=O)N(c1ccc(Oc3ccc(N4C(=O)c5ccc(*)cc5C4=O)cc3)cc1)C2=O,105.0,90.95180864135861
*c1cccc(C(=O)Nc2ccc(NC(=O)c3cccc(N4C(=O)c5ccc(-c6cccc7c6C(=O)N(*)C7=O)cc5C4=O)c3)cc2)c1,328.0,314.9005
*c1ccc2c(c1)C(=O)N(c1ccc(Oc3cccc(-c4cc(-c5ccccc5)cc(-c5cccc(Oc6ccc(N7C(=O)c8ccc(C(*)(C(F)(F)F)C(F)(F)F)cc8C7=O)cc6)c5)n4)c3)cc1)C2=O,180.0,263.1978666666667
*c1cc(-c2sc(-c3cc(CCCCCCCCCC)c(*)s3)cc2CCCCCCCCCC)c2cccccc1-2,22.5,35.43006904761905
*CC(*)c1ccccc1C(=O)Nc1ccccc1,191.0,159.89865833333334
*CCCCCCOC(=O)OCCCCCCCCCOC(=O)OCCCCCCOc1ccc(C(=O)c2ccc(O*)cc2)cc1,-6.0,-3.5727950721500745
*Oc1ccc(C(C)(C)c2ccc(C(C)(C)c3ccc(Oc4ccc(C(=O)Nc5ccc(NC(=O)c6ccc(*)cc6)cc5)cc4)cc3)cc2)cc1,163.0,182.4117737484736
*Oc1ccc(CC(NC(=O)CCc2ccc(OC(=O)CCCC(*)=O)cc2)C(=O)OCCCCCCCC)cc1,32.5,34.9084119047619
*Oc1ccc(C(c2ccc(Oc3ccc(C(=O)c4ccc(P(=O)(c5ccccc5)c5ccc(C(=O)c6ccc(*)cc6)cc5)cc4)cc3)cc2)(C(F)(F)F)C(F)(F)F)cc1,207.0,203.25220000000002
*Oc1ccc(C(C)(C)c2ccc(Oc3ccc(*)nn3)cc2)cc1,180.0,142.18164523809523
*CC(COC(=O)O*)OCCOc1ccc(/C=C/c2ccc([N+](=O)[O-])cc2)cc1,53.0,77.81391666666671
*Oc1ccc(C(=O)OCCOCCOCCOC(=O)c2ccc(OC(=O)c3ccc(C(*)=O)cc3)cc2)cc1,30.0,40.83773333333334
*Oc1ccc(NC(=O)NC2CC(C)(C)CC(C)(CNC(=O)Nc3ccc(*)cc3)C2)cc1,274.0,175.36565904761915
*C(=O)Nc1ccc(Cc2ccc(NC(=O)c3ccc4c(c3)C(=O)N(c3ccc(/N=N/c5ccc(C)cc5)c(N5C(=O)c6ccc(*)cc6C5=O)c3)C4=O)cc2)cc1,268.0,251.9175666666667
*CC(*)c1ccc(CCC(F)(F)C(F)(F)C(F)(F)C(F)(F)F)cc1,23.0,93.21766000000001
*C(=O)Nc1ccc(C2(c3ccc(N4C(=O)c5ccc(*)cc5C4=O)cc3)CCC(C)CC2)cc1,322.0,318.2125833333333
*O[Si](C)(C)c1cccc(C(F)(F)C(F)(F)C(F)(F)c2cccc([Si](*)(C)C)c2)c1,-8.0,-3.5957833333333338
*CC(*)F,41.0,42.123520000000006
*Oc1ccc(NC(=O)c2ccc(C(=O)Nc3ccc(Oc4ccc(C5(c6ccc(*)cc6)CC6CCC5C6)cc4)cc3)cc2)cc1,281.0,267.19381190476196
*c1ccc(Oc2ccc(-c3cnc4ccc(Oc5ccc6nc(*)cnc6c5)cc4n3)cc2)cc1,270.0,320.32886666666667
*c1cccc(P(=O)(c2ccc(C(F)(F)F)cc2)c2cccc(-n3c(=O)c4cc5c(=O)n(*)c(=O)c5c(-c5cc(C(F)(F)F)cc(C(F)(F)F)c5)c4c3=O)c2)c1,290.0,300.708
*c1ccc([Si](c2ccccc2)(c2ccccc2)c2ccc(-c3nnc(-c4cncc(-c5nnc(*)o5)c4)o3)cc2)cc1,272.0,273.429
*Oc1ccc(S(=O)(=O)c2ccc(Oc3ccc(C(c4ccc(*)c(Br)c4)(C(F)(F)F)C(F)(F)F)cc3Br)cc2)cc1,197.5,199.09601904761914
*CCCCCCCCCCCCOC(=O)c1ccc(-c2ccc(C(=O)O*)cc2)cc1,50.5,45.340126857290606
*C(=O)c1ccc2c(c1)C(=O)N(c1cccc(Cc3ccc(Cc4cccc(N5C(=O)c6ccc(*)cc6C5=O)c4)cc3)c1)C2=O,240.0,249.24513333333334
*CCCCCC(=O)NNC(=O)c1ccc(C(=O)NNC(=O)CCCCCOc2ccc(O*)c(C)c2)cc1,126.0,111.19760142857145
*CC(*)c1ccc(COCCOCCCC)cc1,-38.0,6.026466666666667
*N=P(*)(OCC1COCCOCCOCCOCCO1)OCC1COCCOCCOCCOCCO1,-40.0,-37.8746
*Oc1ccc(Oc2ccc(C(=O)c3ccc(-c4ccc(C(=O)c5ccc(*)cc5)cc4)cc3)cc2)cc1-c1ccccc1,186.0,176.9843
*CCCCCCCC(=O)OCC1COC(*)O1,-23.0,1.4685999999999997
*c1ccc(NC(=O)Nc2ccc(NC(=O)Nc3ccc(-c4nc(C#N)c(C#N)nc4*)cc3)cc2)cc1,248.7,276.1879190476191
*CCCCCCCCCCCCOC(=O)NCCCCCCCCCCNC(=O)O*,34.0,-15.698974578673925
*c1ccc(NC(=O)c2ccc(OCCOCCOc3ccc(C(=O)Nc4ccc5[nH]c(*)nc5c4)cc3)cc2)cc1,175.0,159.7716047619048
*C(*)F,102.0,48.57218000000004
*c1ccc2c(c1)C(=O)N(c1ccc(N(c3ccc(C#N)cc3)c3ccc(N4C(=O)c5ccc(C(*)(C(F)(F)F)C(F)(F)F)cc5C4=O)cc3)cc1)C2=O,321.0,304.01268380952416
*Oc1ccc(Oc2ccc(C(=O)c3ccc(NC(=O)c4ccc(C(=O)Nc5ccc(C(=O)c6ccc(*)cc6)cc5)cc4)cc3)cc2)cc1,224.0,171.17661666666666
*NC(CCC(=O)Nc1ccc(N(c2ccccc2)c2ccccc2)cc1)C(*)=O,132.0,187.92515128205125
*CCN(*)C(=O)c1cc(F)c(F)cc1F,105.0,111.17126666666668
*CC(CC(Cl)(Cl)Cl)O*,-36.0,-9.466785714285713
*C(=O)c1ccc(Oc2ccc(C(C)(C)c3ccc(Oc4ccc(*)s4)cc3)cc2)cc1,151.0,143.80966666666663
*/C(Cl)=C(/*)CCCCCCCC,90.0,131.1001993140846
*Oc1ccc(S(=O)(=O)c2ccc(Oc3ccc(C4(c5ccc(Oc6ccc(S(=O)(=O)c7ccc(Oc8ccc(/C=C9\CCC/C(=C\c%10ccc(*)cc%10)C9=O)cc8)cc7)cc6)cc5)CCCCC4)cc3)cc2)cc1,190.0,202.2405
*Nc1ccc(C(c2ccc(NC(=O)c3ccc(C(*)=O)cc3)cc2)(C(F)(F)F)C(F)(F)F)cc1,290.0,287.89576269841285
*Nc1cccc(NC(=O)c2cccc(C(*)=O)c2)c1,275.0,276.12473333333327
*c1ccc2c(c1)C(=O)N(c1ccc(Sc3ccc(Sc4ccc(N5C(=O)c6ccc(C(*)(C(F)(F)F)C(F)(F)F)cc6C5=O)cc4)cc3)cc1)C2=O,257.0,248.82684999999995
*OC(=O)c1ccc(SCCCCSc2ccc(C(*)=O)cc2)cc1,62.0,44.97708238095239
*CCCCCCOc1c(OC)cc(/C=C2\CCC/C(=C\c3cc(OC)c(O*)c(OC)c3)C2=O)cc1OC,71.0,56.8621767857143
*c1ccc(Oc2ccc(C(c3ccc(Oc4ccc(-c5nnc(*)c6c(-c7ccccc7)c(-c7ccc8ccccc8c7)c(-c7ccc8ccccc8c7)c(-c7ccccc7)c56)cc4)cc3)(C(F)(F)F)C(F)(F)F)cc2)cc1,291.0,307.978
*c1ccc2c(c1)C(=O)N(c1ccc(OC(CCC)COc3ccc(N4C(=O)c5ccc(C(*)(C(F)(F)F)C(F)(F)F)cc5C4=O)cc3)cc1)C2=O,204.0,188.65715
*Oc1c(C)cc(C2(c3cc(C)c(OC(=O)c4cccc(C(*)=O)c4)c(C)c3)CCC3CCCCC3C2)cc1C,261.0,253.402
*Oc1ccc(OC(=O)c2ccc(C(*)=O)cc2Sc2ccccc2)cc1-c1ccccc1,130.0,153.72373333333337
*c1ccc2oc(-c3ccc(-c4nc5cc(C(*)(C(F)(F)F)C(F)(F)F)ccc5o4)cn3)nc2c1,352.0,325.649
*CCCCCNC(=S)N*,55.0,39.10933672321829
*CC(*)(CC(=O)OC)C(=O)OC12CC3CC(CC(C3)C1)C2,197.0,179.9961476190476
*C(=O)Nc1ccc(Oc2cccc(NC(=O)c3ccc4c(c3)C(=O)N(c3ccc(Oc5ccc6ccc(Oc7ccc(N8C(=O)c9ccc(*)cc9C8=O)cc7)cc6c5)cc3)C4=O)c2)cc1,263.0,242.98076666666665
*c1ccc(Oc2ccc(C(C)(C)c3ccc(Oc4ccc(-c5ccc(*)s5)cc4C(F)(F)F)cc3)cc2)c(C(F)(F)F)c1,130.0,140.55
*C(F)(F)C1(*)OC(F)(C(F)(F)F)C(F)(C(F)(F)F)O1,165.0,126.37577142857192
*C(=O)Nc1ccc(Oc2ccc(NC(=O)c3ccc4c(c3)C(=O)N(c3ccc(S(=O)(=O)c5ccc(N6C(=O)c7ccc(*)cc7C6=O)cc5)cc3)C4=O)cc2)cc1,281.0,260.9796476190476
*c1ccc(C2(c3ccc(-c4cc(-c5ccccc5)c5cc(-c6ccc7nc(*)cc(-c8ccccc8)c7c6)ccc5n4)cc3)c3ccccc3C(=O)c3ccccc32)cc1,417.0,374.47
*Nc1cc(NC(=O)c2ccc(C(*)=O)cc2)cc(C(=O)Oc2cccc3ccccc23)c1,192.0,230.23543333333325
*C(=O)Nc1ccc(Oc2ccccc2-c2ccccc2Oc2ccc(NC(=O)c3ccc4c(c3)C(=O)N(c3ccc(Oc5ccc(C(C)(C)c6ccc(Oc7ccc(N8C(=O)c9ccc(*)cc9C8=O)cc7)cc6)cc5)cc3)C4=O)cc2)cc1,229.0,244.4515666666667
*CC/C=C/C[Si](*)(C)c1ccccc1,-14.9,13.644816666666658
*Oc1ccc(OC(=O)c2cc(OCCCCCCOCC3CCCN3c3ccc([N+](=O)[O-])cc3)c(C(*)=O)cc2OCCCCCCOCC2CCCN2c2ccc([N+](=O)[O-])cc2)cc1,56.0,43.702009884559914
*C(=O)Nc1ccc(Oc2ccccc2-c2ccccc2Oc2ccc(NC(=O)c3ccc4c(c3)C(=O)N(c3ccc(C)c(N5C(=O)c6ccc(*)cc6C5=O)c3)C4=O)cc2)cc1,266.0,258.5005
*c1ccc2c(c1)C(=O)N(c1cc(OCCCC)cc(N3C(=O)c4ccc(C(*)(C(F)(F)F)C(F)(F)F)cc4C3=O)c1)C2=O,246.0,209.06339999999997
*CC(*)(CC(=O)Oc1ccccc1)C(=O)Oc1ccccc1,132.0,91.2794
*CC(F)(F)C(F)(F)C(F)(F)C(F)(F)COC(=O)NCC(F)(F)C(F)(F)C(F)(F)C(F)(F)CNC(=O)O*,20.0,19.017666666666667
*Oc1ccc(/C(=C/c2cc(OC)c(/C=C(/c3ccc(*)cc3)c3ccc(C(F)(F)F)cc3)cc2OC)c2ccc(C(F)(F)F)cc2)cc1,194.0,180.73826666666668
*c1ccc(Oc2ccc(N3C(=O)c4c(c(-c5ccccc5)c(-c5ccc(-c6c(-c7ccccc7)c7c(c(-c8ccccc8)c6-c6ccccc6)C(=O)N(*)C7=O)cc5)c(-c5ccccc5)c4-c4ccccc4)C3=O)cc2)cc1,413.0,355.4808626666666
*Oc1ccc2ccc(Oc3ccc(C(=O)Nc4cccc(NC(=O)c5ccc(*)cc5)c4)cc3)cc2c1,168.0,189.44349999999997
*Oc1ccc(C2(c3ccc(Oc4ccc(C(=O)Oc5c(C)cc(C(C)(C)c6cc(C)c(OC(=O)c7ccc(*)cc7)c(C)c6)cc5C)cc4)cc3)CCC(C(C)(C)C)CC2)cc1,176.0,172.63244523809524
*CCCC(=O)Nc1ccc(Oc2cccc(NC(=O)CCCN3C(=O)c4ccc(C(=O)c5ccc6c(c5)C(=O)N(*)C6=O)cc4C3=O)c2)cc1,188.0,194.1496090909091
*CC(*)(C)C(=O)OCCCCCCCC/C=C/CCCCCCCC,-40.0,-32.43825651951506
*C(=O)c1ccc2c(c1)C(=O)N(c1cc(-c3nc4ccccc4[nH]3)cc(N3C(=O)c4ccc(*)cc4C3=O)c1)C2=O,197.0,355.37
*Nc1cccc(NC(=O)c2cccc(C(=O)Nc3ccc(C(=O)NC(*)=S)cc3)c2)c1,270.0,273.09011666666663
*CC(*)(C)C(=O)OCc1ccc(Cl)cc1Cl,19.4,43.948233333333164
*/C=N/c1ccc(C(=O)OCCCCOCCCCOCCCCOC(=O)c2ccc(/N=C/c3ccc(*)s3)cc2)cc1,25.0,54.4791787301588
*Oc1ccc(CC(NC(=O)CCc2ccc(OC(=O)CCCCC(*)=O)cc2)C(=O)OCCCCCCCCCCCC)cc1,22.0,21.722810081585084
*c1ccc(NC(=O)c2ccc(OCCOCCOCCOc3ccc(C(=O)Nc4ccc5[nH]c(*)nc5c4)cc3)cc2)cc1,155.0,159.7716047619048
*Nc1ccc(-c2ccc(Nc3ccc4c(c3)c3cc(*)ccc3n4CC(CC)CCCC)cc2)cc1,231.0,208.91403559523758
*/C=C(/*)C(CCC)[Si](C)(C)c1ccccc1,110.0,98.76623333333335
*CC(*)(C)C(=O)OCCCCCCOc1ccc(C(=O)Oc2ccc(/N=N/c3ccc(C#N)cc3)c3ccccc23)cc1,41.0,39.76258717948717
*CCCCCCCCCCCCOC(=O)NCCCCCCNC(=O)O*,36.0,-15.698974578673925
*CC(*)CNc1ccc([N+](=O)[O-])cc1,144.0,148.65898333333334
*CC(*)c1ccccc1C(=O)Oc1ccccc1,124.0,114.29650833333335
*CCC(=O)NCCCCCCNC(=O)CCS*,27.0,31.77073128333655
*Oc1ccc(N(CC)c2ccc(/C=C(\C#N)C(=O)NC3CCCCC3NC(=O)/C(C#N)=C/c3ccc(N(CC)c4ccc(*)cc4)cc3)cc2)cc1,235.0,158.50236460317464
*Oc1ccc(C(CC)(CC)c2ccc(OC(=O)c3ccc(C(*)=O)cc3)cc2)cc1,180.0,196.55750666666665
*c1ccc(N2C(=O)c3ccc(P(=O)(c4ccccc4)c4ccc5c(c4)C(=O)N(*)C5=O)cc3C2=O)cc1,366.0,290.6146666666666
*CC(OC(C)C)C1C(=O)OC(=O)C1*,142.0,157.8438
*CC(O)CN(C)S(=O)(=O)c1cccc(S(=O)(=O)N(C)CC(O)COc2ccc(O*)cc2)c1,66.0,80.4622
*CCCN(*)C(=O)c1ccccc1,72.0,64.84251666666667
*Oc1ccc(C(C)(C)c2ccc(Oc3ccc(C(O)C(O)c4ccc(*)cc4)cc3)cc2)cc1,151.0,141.26666666666665
*c1ccc(Oc2c(F)c(F)c(C(=O)c3c(F)c(F)c(Oc4ccc(C5(*)OC(=O)c6ccccc65)cc4)c(F)c3F)c(F)c2F)cc1,215.0,240.7157999999996
*N=P(*)(OCCOc1ccc(-c2ccccc2)cc1)OCCOc1ccc(-c2ccccc2)cc1,56.2,59.45252000000022
*c1c(C)cc(C)c(N2C(=O)c3cccc(Oc4c(C)cc(Cc5cc(C)c(Oc6cccc7c6C(=O)N(*)C7=O)c(C)c5)cc4C)c3C2=O)c1C,287.0,253.68708095238094
*c1ccc2c(c1)C(=O)N(c1ccc(Oc3ccc(S(=O)(=O)c4ccc(Oc5ccc(N6C(=O)c7ccc(C(*)(C(F)(F)F)C(F)(F)F)cc7C6=O)cc5)cc4)cc3)cc1)C2=O,276.5,283.57253333333335
*CNC(=O)OCC(OC(=O)NCc1ccc(C(C)(C)c2ccc(*)o2)o1)c1ccco1,20.0,46.53855833333332
*Oc1ccc(S(=O)(=O)c2ccc(Oc3ccc(C(c4ccc(*)cc4)(C(F)(F)F)C(F)(F)F)cc3)cc2C(O)(C(F)(F)F)C(F)(F)F)c(C(O)(C(F)(F)F)C(F)(F)F)c1,148.0,197.2401959523809
*CCCCCCCCCCC(=O)Nc1ccc(NC(=O)CCCCCCCCCCN2C(=O)c3ccc(C(=O)c4ccc5c(c4)C(=O)N(*)C5=O)cc3C2=O)cc1,125.0,186.15840785714292
*c1ccc(S(=O)(=O)c2ccc(-n3nccc3-c3cccc(-c4ccnn4*)c3)cc2)cc1,218.0,236.20833333333334
*CC(C)S*,-43.0,-25.288366666666665
*C(=O)c1ccc2c(c1)C(=O)N(c1ccc(Oc3ccc(C(=O)c4ccc5cc(C(=O)c6ccc(Oc7ccc(N8C(=O)c9ccc(*)cc9C8=O)cc7)cc6)ccc5c4)cc3)cc1)C2=O,246.0,240.13277857142847
*CC(O)COc1ccc(C2(C)CC(C)(C)c3cc(O*)ccc32)cc1,120.0,108.25885000000001
*CC(O)CN(*)c1cc(C)c(/N=N/c2ccc(Cl)cc2)c(C)c1,150.0,129.18248333333332
*/C=C(/*)CCCOc1ccc(OC(=O)c2ccc(OCCCCCCCC)cc2)cc1,42.0,46.087446275946235
*CCCCCCCCCCCCNC(=O)CCP(C)(=O)CCC(=O)N*,44.0,50.237191431313434
*Oc1ccc(CC(NC(=O)CCc2ccc(OC(=O)CCCCCCCCC(*)=O)cc2)C(=O)OCCCCCCCCCCCC)cc1,12.5,21.722810081585084
*C(=O)OCCN(CCOC(=O)c1ccc2c(c1)C(=O)N(c1c(C)cc(Cc3cc(C)c(N4C(=O)c5ccc(*)cc5C4=O)c(C)c3)cc1C)C2=O)c1ccccc1,177.0,182.92859999999996
*c1ccc(OCC2CCC(COc3ccc(N4C(=O)c5ccc(-c6ccc7c(c6)C(=O)N(*)C7=O)cc5C4=O)cc3)CC2)cc1,254.4,225.37669999999974
*C(=O)c1cc(C(=O)c2ccc3c(c2)C(=O)N(c2ccc(C(c4ccc(N5C(=O)c6ccc(*)cc6C5=O)cc4)(C(F)(F)F)C(F)(F)F)cc2)C3=O)cc(C(C)(C)C)c1,267.5,283.88986666666665
*CCOCCOCCOC(=O)c1ccc(-c2ccc(-c3ccc(C(=O)O*)cc3)cc2)cc1,50.0,31.273653852813837
*Oc1cc(OC(=O)c2ccc(OCCC)cc2)c(OC(=O)CCCCCCCCCCCCCCC(*)=O)cc1OC(=O)c1ccc(OCCC)cc1,18.0,39.39963095238096
*C(=O)c1ccc2c(c1)C(=O)N(c1cc(Oc3c(C)cc(-c4cc(C)c(Oc5cc(N6C(=O)c7ccc(*)cc7C6=O)cc(C(F)(F)F)c5)c(C)c4)cc3C)cc(C(F)(F)F)c1)C2=O,265.4,284.6653000000005
*CC(O)COc1ccc(C(C)(C)c2ccc(OCC(O)COc3cccc(C(=O)Nc4cccc(O*)c4)c3)cc2)cc1,117.0,127.80213333333333
*O[Si](*)(C)CCCCCCCCCCCOc1ccc(/C=C/c2ccc(C#N)cc2)cc1,-55.0,16.65463611111111
*C(=O)c1ccc2c(c1)C(=O)N(c1cccc(C(=O)Nc3ccc(N4C(=O)c5ccc(*)cc5C4=O)cc3)c1)C2=O,308.0,295.99129999999997
*CCC1CC(=O)N(*)C1=O,131.0,151.7866
*c1ccc(Oc2ccc(P(=O)(c3ccccc3)c3ccc(Oc4ccc(-c5cc(*)[nH]n5)cc4)cc3)cc2)cc1,296.0,247.40636666666666
*C(=O)Nc1ccc(C(c2ccc(NC(=O)c3ccc4c(c3)C(=O)N(c3ccc(-c5ccc(N6C(=O)c7ccc(*)cc7C6=O)c(OC)c5)cc3OC)C4=O)cc2)(C(F)(F)F)C(F)(F)F)cc1,250.0,237.07453333333333
*CC1CC(*)C(OC(=O)CCCCCCCCCCOc2ccc(-c3ccc(C#N)cc3)cc2)C1,30.5,26.30542813852815
*C(=O)Nc1cc(NC(=O)c2ccc3[nH]c(-c4cc(-c5nc6cc(*)ccc6[nH]5)cc(N5C(=O)c6ccccc6C5=O)c4)nc3c2)cc(-c2nc3ccccc3[nH]2)c1,334.0,335.259
*c1cccc(N2C(=O)c3ccc(C(c4ccc5c(c4)C(=O)N(c4cccc(N6C(=O)c7ccc(-c8ccc9c(c8)C(=O)N(*)C9=O)cc7C6=O)c4)C5=O)(C(F)(F)F)C(F)(F)F)cc3C2=O)c1,308.0,300.4328
*Sc1c(C)cc(*)cc1C,198.0,117.87341809523814
*CCCCCCOC(=O)Nc1ccc(C)c(NC(=O)OCCCCCCOc2ccc(-c3ccc(O*)cc3)cc2)c1,87.0,77.85263562940331
*O[Si](C)(C)C#C[Si](C)(C)C#C[Si](C)(C)C#C[Si](C)(C)C#C[Si](C)(C)C#C[Si](*)(C)C,-16.1,-19.574612380952438
*Oc1ccc(C(C)c2ccc(OC(*)=S)cc2)cc1,107.0,133.779
*c1ccc(OC(=O)c2cccc(C(=O)Oc3ccc(C4(*)NC(=O)c5ccccc54)cc3)c2)cc1,325.0,294.13319999999993
*Nc1ccc(*)cc1,75.3,199.96303333333336
*Oc1ccc(S(=O)(=O)c2ccc(Oc3ccc(C(c4ccc(*)c([Si](C)(C)C)c4)(C(F)(F)F)C(F)(F)F)cc3[Si](C)(C)C)cc2[Si](C)(C)C)c([Si](C)(C)C)c1,148.9,199.60193333333342
*CCCCCCCCCCN1C(=O)C2C3C=CC(C4C(=O)N(*)C(=O)C34)C2C1=O,219.0,132.00586452380952
*CC(C[N-][N+]#N)(C[N-][N+]#N)CO*,-30.0,-9.033133333333334
*CC(*)c1ccccc1C(=O)OCCCCCC,45.0,10.578022405372407
*C1C(=O)N(CCCCCCCOc2ccc(-c3ccc(C#N)cc3)cc2)C(=O)C1*,61.0,64.19099666666669
*c1cccc(OCCCCCCCCCCCCOc2cccc(N3C(=O)c4ccc(-c5cccc6c5C(=O)N(*)C6=O)cc4C3=O)c2)c1,116.0,149.65562647907652
*c1ccc(N(c2ccc(C#N)cc2)c2ccc(N3C(=O)c4ccc(Oc5ccc(C(C)(C)c6ccc(Oc7ccc8c(c7)C(=O)N(*)C8=O)cc6)cc5)cc4C3=O)cc2)cc1,230.0,213.0013501443003
*CC(*)C(=O)OCCC(C)OC,-56.0,-25.479406666666666
*Oc1ccccc1C(=O)OC(=O)c1ccccc1OC(=O)CCCCCCC(*)=O,28.0,28.24320476190476
*C[Si](*)(CCCCC)CCCCC,-55.0,-52.23483066149536
*O[Si](*)(C)CCc1cc(C(=O)Oc2ccc(OCCCC)cc2)ccc1-c1ccc(C(=O)Oc2ccc(OCCCC)cc2)cc1,96.0,88.43364984126984
*C(=O)Nc1ccc(Oc2ccc(-c3ccc(Oc4ccc(NC(=O)c5ccc6c(c5)C(=O)N(c5ccc(Oc7ccc(C8(c9ccc(Oc%10ccc(N%11C(=O)c%12ccc(*)cc%12C%11=O)cc%10)cc9)CC9CC8C8CCCC98)cc7)cc5)C6=O)cc4)cc3C)c(C)c2)cc1,265.0,257.81348888888886
*c1ccc(Oc2ccc(NC(=O)c3cc(C(=O)Nc4ccc(Oc5ccc(-c6nnc(*)o6)cc5)cc4)cc(N4C(=O)c5ccccc5C4=O)c3)cc2)cc1,285.0,266.7511295238095
*CCCCCCNC(=O)Cc1ccc(CC(=O)N*)cc1,95.0,91.2635238095238
*Nc1ccc(NC(=O)c2cc(NC(=O)c3ccncc3)cc(C(*)=O)c2)cc1,327.0,322.6099523809525
*c1ccc2c(c1)C(=O)N(c1ccc(N(C)CCN(C)c3ccc(N4C(=O)c5ccc(C(*)(C(F)(F)F)C(F)(F)F)cc5C4=O)cc3)cc1)C2=O,227.0,214.05531666666664
*c1cc(CCOC(=O)C(C)Br)c(*)s1,49.0,48.827950000000016
*CCCCCCOC(=O)OCCCCCCCCCCOC(=O)OCCCCCCOc1ccc(Oc2ccc(O*)cc2)cc1,-22.0,-15.60378402597403
*Oc1ccc(Oc2ccc(C(=O)c3cccc4cccc(C(=O)c5ccc(*)cc5)c34)cc2)cc1,202.0,214.82607575757575
*Sc1ccc(Sc2ccc(Sc3ccc(P(=O)(c4ccccc4)c4ccc(*)cc4)cc3)cc2)cc1,175.0,188.16346666666666
*c1ccc(Sc2ccc(Sc3ccc(Sc4ccc(-n5c(=O)c6cc7c(=O)n(*)c(=O)c7cc6c5=O)cc4)cc3)cc2)cc1,234.05,375.7813666666667
*Nc1ccc(NC(=O)c2ccc(C(=O)c3ccc(C(*)=O)c(C(=O)O)c3)cc2C(=O)O)cc1,317.0,233.3858666666655
*C1CCCC(S(*)(=O)=O)C1,108.0,86.39890666666663
*c1ccc(Oc2ccc(N3C(=O)c4cccc(Oc5ccc(Sc6ccc(Oc7cccc8c7C(=O)N(*)C8=O)cc6)cc5)c4C3=O)cc2)cc1,234.0,241.59436190476194
*Oc1ccc(CC(NC(=O)Cc2ccc(OC(=O)COCC(*)=O)cc2)C(=O)OCCCCCC)cc1,46.0,46.27150476190475
*N=P(*)(OC1COCCOCCOCCOCCOC1)OC1COCCOCCOCCOCCOC1,-3.85,-12.269699999999998
*c1ccc(-c2nc3cc(S(=O)(=O)c4ccc5nc(-c6ccccc6)c(-c6ccc(-n7c(=O)c8cc9c(=O)n(*)c(=O)c9cc8c7=O)cc6)nc5c4)ccc3nc2-c2ccccc2)cc1,186.0,287.263
*Oc1ccc(Oc2ccc(S(=O)(=O)c3ccc(Oc4ccc(C(=O)c5ccc(*)cc5)cc4)cc3)cc2)cc1,186.0,201.79594159451645
*CC(O)COC(=O)CCCCC(=O)OCC(O)COc1ccc(/C=C(\C)c2ccc(O*)cc2)cc1,33.0,42.542944444444444
*/C=C/C1CC(*)C2C(=O)N(CCCCCC)C(=O)C12,87.0,52.821357828282814
*C(=O)Nc1cccc(NC(=O)c2ccc3c(c2)C(=O)N(c2ccc(Oc4cccc5c(Oc6ccc(N7C(=O)c8ccc(*)cc8C7=O)cc6)cccc45)cc2)C3=O)c1,263.0,286.4254666666667
*c1ccc(OC(=O)c2ccc(C(=O)Oc3ccc(C4(*)OCc5ccccc54)cc3)cc2)cc1,312.0,247.5284
*O[Si](*)(C)CCC(F)(F)C(F)(F)C(F)(F)C(F)(F)F,-75.0,-72.51743333333332
*N=P(*)(Oc1ccc(C(=O)OC)cc1)Oc1ccc(C(=O)OC)cc1,-33.0,49.23368
*CCC1C(=O)N(CCCCCC)C(=O)C1*,41.5,62.7035497691198
*Oc1ccc(C(C)(C)c2ccc(OC(=O)c3ccc(C(*)=O)cc3)c(Cl)c2)cc1Cl,190.0,167.94538611111108
*CC(*)(C#N)C(=O)OCCCCCCC,102.0,48.51681812357579
*CC(*)C(=O)OCCOc1ccc(C(C)(C)c2ccc(OCCO)cc2)cc1,22.0,67.88053333333333
*Oc1ccc(Oc2ccc(P(C)(=O)c3ccc(*)cc3)cc2)cc1,213.0,220.71938730158726
*C(=O)Nc1ccc(Oc2ccccc2-c2ccccc2Oc2ccc(NC(=O)c3ccc4c(c3)C(=O)N(c3ccc(Oc5ccc(N6C(=O)c7ccc(*)cc7C6=O)cc5)cc3)C4=O)cc2)cc1,241.5,240.81046666666668
*CC(*)C(=O)Nc1ccc(C(=O)/C=C/c2cccc(Br)c2)cc1,55.0,90.65150833333333
*C1(F)OC(C(F)(F)F)(C(F)(F)Cl)OC1(*)F,330.0,102.41493333333341
*CC(CSC)O*,-37.0,-27.28371428571429
*CCCCCCCCCCC(=O)Oc1ccc2cc(OC(=O)CCCCCCCCCCn3c(=O)c4cc5c(=O)n(*)c(=O)c5cc4c3=O)ccc2c1,66.0,72.99625833333333
*c1ccc(OCCCCCCCCCCCCCCCC)c(N2C(=O)CC(C3C=C(C)C4C(=O)N(*)C(=O)C4C3)C2=O)c1,186.0,143.1704169841271
*c1ccc(NC(=O)CCCCCCCC(=O)Nc2ccc(S(*)(=O)=O)cc2)cc1,178.0,121.86950933333263
*CC(*)(C)C(=O)OCCN(CC)c1ccc(/N=N/c2ccc(OC)cc2)c(C)c1,95.0,115.68793333333333
*c1cc(Br)c(-c2c(Br)cc(N3C(=O)c4ccc(-c5ccc6c(c5)C(=O)N(*)C6=O)cc4C3=O)cc2C(=O)OCCCC)c(C(=O)OCCCC)c1,196.0,158.12752624930633
*CCCCCCCCCCOc1ccc(/N=C/c2ccc(/C=N/c3ccc(O*)cc3C)cc2)c(C)c1,77.6,51.260780487012966
*Oc1ccc(S(=O)(=O)c2ccc(Oc3ccc(C(=O)c4ccc(-c5ccc(C(=O)c6ccc(*)cc6)cc5)cc4)cc3)cc2)cc1,207.0,215.64200599082278
*Oc1cccc(Oc2ccc(NC(=O)c3cc(NC(=O)c4ccc(OC(C)=O)cc4)cc(C(=O)Nc4ccc(*)cc4)c3)cc2)c1,230.0,212.7862
*Oc1ccc(C(C)(CC)c2ccc(OC(*)=O)c(Cl)c2)cc1Cl,142.0,112.32433333333333
