smiles,tg_true,tg_pred
*OP(=O)(Oc1ccc(C(C)(C)c2ccc(*)cc2)cc1)OC1CCCCC1,86.0,150.28495833333332
*CC(*)C(=O)Oc1c(Cl)c(Cl)c(Cl)c(Cl)c1Cl,145.0,87.455
*/C=C/C1CC(*)C2C(=O)N(c3ccccc3C)C(=O)C12,248.0,238.9246
*CC(*)c1ccc(-c2ccc3c(c2)C(CCCCCC)(CCCCCC)c2ccccc2-3)cc1,81.25,65.80418015873018
*CC(COC(=O)O*)OCCCCCCCCCCCOc1ccc(/C=C/c2ccc([N+](=O)[O-])cc2)cc1,21.0,32.49216287601287
*CC(*)(C)C(=O)OCCCCc1ccccc1,9.0,23.955142857142857
*c1ccc(Oc2ccc(C(=O)c3ccc(Oc4ccc(N5C(=O)c6ccc(Oc7cccc(Oc8ccc9c(c8)C(=O)N(*)C9=O)c7)cc6C5=O)cc4)cc3)cc2)cc1,201.0,234.8183
*CC(*)C(=O)OCCCCC,-57.0,-34.75613755542703
*Oc1ccc(CC2(Cc3ccc(*)cc3)c3ccccc3-c3ccccc32)cc1,138.0,120.851
*CC(*)C(=O)OCCC#N,4.0,-3.908
*N=P(*)(Oc1ccc(Cc2ccccc2)cc1)Oc1ccc(Cc2ccccc2)cc1,13.3,10.853
*/C=C/*,-4.0,-49.836733333333335
*c1ccc2c(c1)C(=O)N(c1ccc(-c3cc(-c4ccc(OCCCC#N)cc4)cc(-c4ccc(N5C(=O)c6ccc(C(*)(C(F)(F)F)C(F)(F)F)cc6C5=O)cc4)n3)cc1)C2=O,339.0,171.294
*Oc1ccc(*)cc1,85.0,141.2100738095238
*C(=O)c1ccc2c(c1)C(=O)N(c1ccc(Oc3ccc(C(c4ccc(Oc5ccc(N6C(=O)c7ccc(*)cc7C6=O)cc5)cc4)(C(F)(F)F)C(F)(F)F)cc3)cc1)C2=O,261.5,247.37959999999987
*CN1C(=O)c2ccc(C(c3ccc4c(c3)C(=O)N(Cc3nc5cc(-c6ccc7oc(*)nc7c6)ccc5o3)C4=O)(C(F)(F)F)C(F)(F)F)cc2C1=O,231.0,202.581
*c1ccc(Oc2ccc(C(c3ccc(Oc4ccc(N5C(=O)c6ccc(Oc7ccc(Sc8ccc(Oc9ccc%10c(c9)C(=O)N(*)C%10=O)cc8)cc7)cc6C5=O)cc4)cc3)(C(F)(F)F)C(F)(F)F)cc2)cc1,217.5,223.11469999999926
*c1ccc(Oc2ccc(N3C(=O)C4CCC(C5CCC6C(=O)N(*)C(=O)C6C5)CC4C3=O)cc2)cc1,257.0,238.439880952381
*c1ccc(Cc2ccc(N3C(=O)C4CCC5C(=O)N(*)C(=O)C5C4C3=O)cc2)cc1,341.0,246.37
*Oc1ccc(Oc2ccc(NC(=C(C#N)C#N)c3cccc(C(Nc4ccc(*)cc4)=C(C#N)C#N)c3)cc2)cc1,228.0,201.6058333333333
*CNC(=O)OCC(OC(=O)NCc1ccc(C(CCC)c2ccc(*)o2)o1)c1ccco1,43.0,84.02666666666667
*Nc1ccc(NC(=O)CCCC(*)=O)cc1,135.0,125.86641666666665
*Oc1ccc(C(C)(C)c2ccc(OC(=O)c3ccc([Si](c4ccccc4)(c4ccccc4)c4ccc(C(*)=O)cc4)cc3)cc2)cc1,295.0,188.8739107142857
*C(=O)Nc1ccc(Sc2ccc(NC(=O)c3ccc4c(c3)C(=O)N(c3ccc(Oc5ccc(C6(c7ccc(Oc8ccc(N9C(=O)c%10ccc(*)cc%10C9=O)cc8)cc7)NC(=O)c7ccccc76)cc5)cc3)C4=O)cc2)cc1,312.0,292.8626
*Oc1ccc(OC(=O)c2ccc(C(*)=O)cc2)cc1,267.0,163.5521666666667
*Oc1cccc(NC(=O)CCCCC(=O)Nc2ccc(*)cc2)c1,160.0,93.35489523809525
*C(=O)Nc1ccc(Oc2ccccc2-c2ccccc2Oc2ccc(NC(=O)c3ccc4c(c3)C(=O)N(c3ccc(Cc5ccc(N6C(=O)c7ccc(*)cc7C6=O)cc5)cc3)C4=O)cc2)cc1,240.0,242.827
*Oc1ccc(/N=N/c2ccc(Oc3ccc(C(C)(C)c4ccc(*)cc4)cc3)cc2)cc1,175.0,175.07583333333326
*Oc1ccc(C2(c3ccc(Oc4ccc(-c5ccc(NC(=O)c6cc(C(=O)Nc7ccc(-c8ccc(*)c(C(F)(F)F)c8)cc7)cc(C(C)(C)C)c6)cc5)cc4C(F)(F)F)cc3)c3ccccc3-c3ccccc32)cc1,278.0,221.61732
*c1ccc(Oc2ccc(Oc3ccc(-c4nnc(*)c5c(-c6ccc(F)cc6)c(-c6ccc(F)cc6)c(-c6ccc(F)cc6)c(-c6ccc(F)cc6)c45)cc3)cc2)cc1,309.0,152.04543333333334
*c1ccc(N2C(=O)c3ccc(Oc4ccc(C(C)(C)c5cccc(Oc6ccc7c(c6)C(=O)N(*)C7=O)c5)cc4)cc3C2=O)cc1,268.0,227.51733333333334
*C(=O)c1cc2c(cc1Cl)C(=O)N(c1cc(Cl)cc(N3C(=O)c4cc(*)c(Cl)cc4C3=O)c1)C2=O,311.0,282.5376666666666
*c1ccc(Oc2ccc(C(=O)c3ccc(-c4ccc(C(=O)c5ccc(Oc6ccc(-c7nc(-c8cccc(-c9nc(*)c(-c%10ccccc%10)[nH]9)c8)[nH]c7-c7ccccc7)cc6)cc5)cc4)cc3)cc2)cc1,276.0,258.4502166666667
*CCCCCC(=O)Oc1ccc(C(C)(C)c2ccc(C(C)(C)c3ccc(OC(=O)c4ccc5c(c4)C(=O)N(*)C5=O)cc3)cc2)cc1,104.0,126.85933333333334
*CC(*)(C)C(=O)OCCN(CC)c1ccc(/N=N/c2ccc(S(C)(=O)=O)cc2)cc1,144.0,88.104
*Oc1ccc(OC(=O)c2ccc(C(*)=O)cc2Oc2ccc(Oc3ccccc3)cc2)cc1,83.0,164.26391666666666
*C/C=C/C[Si](*)(CCCOc1ccccc1)c1ccccc1,-5.0,-22.905644444444427
*CCCCCCCCCNC(=S)N*,48.0,35.79775739401264
*Oc1ccc(S(=O)(=O)c2ccc(Oc3c(C)cc(C(c4cc(C)c(*)c(C)c4)(C(F)(F)F)C(F)(F)F)cc3C)cc2C(O)(C(F)(F)F)C(F)(F)F)c(C(O)(C(F)(F)F)C(F)(F)F)c1,196.0,218.65464285714316
*/C=C/C1CC(*)C(C#N)([Si](C)(C)C)C1,211.0,25.0356
*CCCCCCCCCCCCCCCCOC(=O)NCCCCCCNC(=O)O*,39.0,-49.62533504192994
*Oc1ccc(NC(=O)c2ccc(Oc3ccc(C(=O)Nc4ccc(*)cc4)cc3)cc2)cc1,274.0,229.7922142857142
*CCC[Si](*)(C)C,-55.0,-72.96461984126985
*CCCCCCN1C(=O)C(=O)N(c2ccc(Oc3ccc(N4C(=O)C(=O)N(*)C4=O)cc3)cc2)C1=O,172.0,121.48240476190476
*OC1CCC(OC(=O)OCCCCOC(*)=O)CC1,30.0,26.16136666666667
*c1ccc2c(c1)C(=O)N(c1cccc(Oc3cccc(Oc4cccc(N5C(=O)c6ccc(C(*)(C(F)(F)F)C(F)(F)F)cc6C5=O)c4)c3)c1)C2=O,207.0,230.69646666666662
*CCOC(=O)c1ccccc1C(=O)O*,96.5,33.301
*c1ccc(Cc2ccc(N3C(=O)N(c4ccc(Cc5ccc(N6C(=O)N(*)C(C)(C)C6=O)cc5)cc4)C(=O)C3(C)C)cc2)cc1,259.5,242.92
*Oc1ccc(CC(NC(=O)CCc2ccc(OC(=O)CCCC(*)=O)cc2)C(=O)OCCOCCOCC)cc1,21.0,54.899
*c1ccc(Oc2ccc(S(=O)(=O)c3ccc(Oc4ccc(-c5c6c(c(*)c7ccccc57)C(=O)N(CCCCCCCCCCCC)C6=O)cc4)cc3)cc2)cc1,167.0,99.50058333333334
*C(=O)OCCCCCCCCCCOC(=O)c1ccc(NC(=O)c2ccc(N3C(=O)c4ccc(*)cc4C3=O)cc2)cc1,102.0,138.5281666666667
*OC1C(CO)OC(*)C(N)C1O,194.0,23.9196
*c1cccc(C(=O)Nc2ccc(Oc3ccc(Oc4ccc(Oc5ccc(NC(=O)c6cccc(N7C(=O)c8ccc(-c9ccc%10c(c9)C(=O)N(*)C%10=O)cc8C7=O)c6)cc5)cc4)cc3)cc2)c1,244.0,275.863
*c1ccc(-c2nc3cc(C(=O)c4ccc5nc(-c6ccccc6)c(-c6ccc(N7C(=O)C8OC9C(=O)N(*)C(=O)C9C8C7=O)cc6)nc5c4)ccc3nc2-c2ccccc2)cc1,255.0,327.7413333333334
*CC/C=C(/*)Cl,-32.5,-26.42981666666666
*CCN(*)C(=O)CC12CC3CC(CC(C3)C1)C2,139.0,187.49433333333334
*CC(C)(CC)C(=O)O*,-9.0,45.463
*CC(O)COC(=O)C1CCC(C(=O)OCC(O)COc2ccc(C3(c4ccc(O*)cc4)c4ccccc4-c4ccccc43)cc2)CC1,110.0,140.07735
*CC(O)CN(C)S(=O)(=O)c1cccc(S(=O)(=O)N(C)CC(O)COc2ccc(C(C)(C)c3ccc(O*)cc3)cc2)c1,76.0,109.69925000000002
*CCCCCCN(C(=O)C(F)(F)C(F)(F)C(F)(F)C(=O)N(*)C(C)C)C(C)C,142.5,-24.158617644176438
*CC1CCC(COC(=O)Nc2ccc(Cc3ccc(NC(=O)O*)cc3)cc2)CC1,134.0,65.014
*CC(*)c1ccc([Si](C)(C)C)cc1,136.0,114.962
*c1ccc(-c2ccc(N3C(=O)c4ccc(-c5ccc6c(c5)C(=O)N(*)C6=O)cc4C3=O)cc2C(F)(F)F)c(C(F)(F)F)c1,317.5,315.4905
*c1ccc(-c2nc3cc(S(=O)(=O)c4ccc5nc(-c6ccccc6)c(*)nc5c4)ccc3nc2-c2ccccc2)cc1,345.0,250.975
*CC(*)c1ccccc1C(=O)O,177.0,157.252
*Oc1ccc(CC(NC(=O)CCc2ccc(OC(=O)CCCC(*)=O)cc2)C(=O)OCc2ccccc2)cc1,66.0,54.833
*Nc1ccc(NC(=O)c2cccc(C(*)=O)c2)cc1,295.0,286.0724666666667
*=NP(=NP(=NC(=*)Oc1ccccc1C(F)(F)F)(Oc1ccccc1C(F)(F)F)Oc1ccccc1C(F)(F)F)(Oc1ccccc1C(F)(F)F)Oc1ccccc1C(F)(F)F,-20.0,90.53084999999999
*C(=O)c1ccc2c(c1)C(=O)N(c1c(CC)cc(Cc3cc(CC)c(N4C(=O)c5ccc(*)cc5C4=O)c(CC)c3)cc1CC)C2=O,296.0,272.043
*CC(*)c1ccc(Br)cc1,132.0,133.555
*CCCCCCCCOc1c(OC)cc(/C=C/c2cc(C(C)C)c(/C=C/c3cc(OC)c(O*)c(OC)c3)cc2C(C)C)cc1OC,85.0,43.54066190476192
*c1ccc(-c2ccc(-c3nc4ccc(-c5ccc6nc(*)c(-c7ccccc7)c(-c7ccccc7)c6c5)cc4c(-c4ccccc4)c3-c3ccccc3)cc2)cc1,420.0,260.477
*CC(*)C(=O)OCC(C)CC,-32.0,-13.759
*NC(CCC(=O)OCCC)C(*)=O,-10.0,-6.313566666666664
*c1cc(-c2sc(-c3cc(CCCC)c(*)s3)cc2CCCC)c2cccccc1-2,124.0,18.868116666666666
*OC(=O)C(Cc1ccccc1)NC(=O)CCCCCCC(=O)NC(Cc1ccccc1)C(=O)OC1COC2C(*)COC12,91.0,67.36442857142858
*CC(O)COc1ccc(C(C)(c2ccccc2)c2ccc(O*)cc2)cc1,115.0,114.54541666666667
*C(=O)Nc1ccc(Oc2ccc(NC(=O)c3ccc4c(c3)C(=O)N(c3ccc(Oc5ccc(N6C(=O)c7ccc(*)cc7C6=O)cc5-c5ccccc5)c(-c5ccccc5)c3)C4=O)cc2-c2ccccc2)c(-c2ccccc2)c1,369.0,290.361
*c1ccc(C(=O)Nc2ccc(Oc3ccc(NC(=O)c4ccc(Oc5ccc(-c6nn(*)c(=O)c7ccccc67)cc5)cc4)cc3)cc2)cc1,280.0,275.17900000000003
*CCC(=O)Nc1ccc(Oc2ccc(Oc3ccc(NC(=O)CCN4C(=O)c5ccc(C(=O)c6ccc7c(c6)C(=O)N(*)C7=O)cc5C4=O)cc3)cc2)cc1,221.0,201.042
*Nc1ccc(Cc2ccc(NC(=O)c3cc(C(*)=O)cc(N4C(=O)C5C6C=CC(C6)C5C4=O)c3)cc2)cc1,303.0,226.946
*Nc1ccc(NC(=O)c2ccc(NC(=O)c3ccc([Si](C)(C)c4ccc(C(=O)Nc5ccc(C(*)=O)cc5)cc4)cc3)cc2)cc1,338.0,302.73726190476185
*Oc1ccc(C(=C(Cl)Cl)c2ccc(OC(*)=O)cc2)cc1,167.0,157.69816666666668
*Oc1ccc(S(=O)(=O)c2ccc(Oc3c(C)cc(C(C)(C)c4cc(C)c(*)c(C)c4)cc3C)cc2C(O)(C(F)(F)F)C(F)(F)F)c(C(O)(C(F)(F)F)C(F)(F)F)c1,187.0,211.05944166666714
*O[Si](*)(CCCOCCOC)CCCOCCOC,-55.0,-70.85202261904759
*C(F)(F)C(*)(F)OC(F)C(F)F,35.0,-7.387
*c1ccc(NC(=O)CN2C(=O)c3ccc(C(c4ccc5c(c4)C(=O)N(CC(=O)Nc4ccc(-c6nnc(*)o6)cc4)C5=O)(C(F)(F)F)C(F)(F)F)cc3C2=O)cc1,280.0,222.784
*Oc1ccc(-c2ccc(Oc3ccc(C(=O)c4ccc(*)cc4)cc3)cc2)cc1,167.0,177.16574285714282
*O[Si](C)(C)O[Si](*)(C)CCCCOc1ccc(-c2ccc(C#N)cc2)cc1,-5.5,13.144800000000004
*O[Si](C)(CCC(F)(F)F)CCC(F)(F)C(F)(F)C(F)(F)C(F)(F)C(F)(F)C(F)(F)C(F)(F)C(F)(F)C(F)(F)C(F)(F)CC[Si](*)(C)CCC(F)(F)F,-11.0,-50.46483333333334
*CC(*)C(=O)OCCSC,-60.0,1.958
*CC(=O)Nc1ccc(C2(c3ccc(NC(=O)c4ccc5c(c4)C(=O)N(*)C5=O)cc3)c3ccccc3-c3ccccc32)cc1,345.0,239.929
*/C=C/C(C)C(*)C(=O)OCCCCCCN(C)c1ccc(N(C)C)cc1,2.0,38.23714682539682
*CCCCCCCCCCc1ccc(-c2c(-c3ccccc3)cc(-c3cccc(-c4cc(-c5ccccc5)c(-c5ccc(*)cc5)c(-c5ccccc5)c4-c4ccccc4)c3)c(-c3ccccc3)c2-c2ccccc2)cc1,180.0,37.431212698412665
*c1ccc(Oc2ccc3ccc(Oc4ccc(N5C(=O)CC(=O)N(*)C5=S)cc4)cc3c2)cc1,151.5,189.17311904761905
*c1ccc(Oc2ccc(C(=O)c3cccc(C(=O)c4ccc(Oc5ccc(-c6nc7ccccc7n6-c6ccc(-n7c(*)nc8ccccc87)cc6)cc5)cc4)c3)cc2)cc1,219.0,213.36010000000002
*Oc1ccc(C(c2ccc(Oc3ccc(C(=O)c4ccc(*)cc4)cc3)cc2)(C(F)(F)F)C(F)(F)F)cc1,175.0,171.12493571428567
*CC(*)c1ccc(CCCCCCCCCCCCCCCC)cc1,4.5,-46.38362842712842
*Oc1cccc(NC(=O)c2ccc(P(=O)(c3ccccc3)c3ccc(C(=O)Nc4cccc(Oc5ccc(P(=O)(c6ccccc6)c6ccc(*)cc6)cc5)c4)cc3)cc2)c1,235.0,216.93198095238094
*CC(COc1ccc(-c2ccc(OC)cc2)cc1)O*,111.0,34.6192
*CC(*)C(=O)OC(F)(C(F)(F)F)C(F)(F)F,10.0,46.581466666666664
*CC(*)OC(=O)C1(C)CCCCC1,86.0,68.29
*CCOCCOCCOCCOCCOC(=O)CCSCCC(=O)O*,-39.0,-41.706287698412694
*CC(*)OCCCCCCCCCCCOc1ccc(C(=O)Oc2ccc(OCC)cc2)cc1,37.0,9.075700979020977
*C#Cc1ccccc1C#C[SiH](*)c1ccccc1,71.0,135.944
*CC(OCC)C1(C)C(=O)OC(=O)C1(*)C,244.0,68.063
*CC1(C)CC(*)(C)C(=O)OC1=O,144.0,132.24720000000005
*C1C(=O)N(CCCCCCOc2ccc(-c3ccc(C#N)cc3)cc2)C(=O)C1*,76.0,83.79586923076923
*Oc1ccccc1C(=O)OC(=O)c1ccccc1OC(=O)CCCCCC(*)=O,40.0,39.72683571428571
*CCCCCCNC(=O)CCCCCCCC1C(CCCCCCCC(=O)N*)C=CC(CCCCCC)C1CCCCCCCC,-3.0,10.494670915851737
*CCCCCCNC(=O)CCCC(=O)O*,-18.0,12.066761033737505
*c1ccc2oc(-c3ccc(C(c4ccc(-c5nc6cc(C(*)(C(F)(F)F)C(F)(F)F)ccc6o5)cc4)(C(F)(F)F)C(F)(F)F)cc3)nc2c1,336.0,286.647
*/C=C/c1ccc(-c2nnc(-c3ccc(/C=C/c4ccc5c(c4)c4cc(*)ccc4n5CCCCCCCC)cc3)n2-c2ccccc2)cc1,147.0,111.34238492063493
*CCCCCCOC(=O)C(CCCCCP(=O)(O)O)C(=O)OCCCCCCOc1ccc(-n2on2-c2ccc(O*)cc2)cc1,17.0,96.4850880952381
*CCCC1(C)CCN(C(=O)CCCC(=O)N2CCC(*)(C)CC2)CC1,58.0,92.894
*CCCCCCCCCCOc1ccc(/C=C2\CC/C(=C\c3ccc(OCCCCCCCCCCOP(=O)(O*)OC)c(OC)c3)C2=O)cc1OC,48.0,46.48494404761905
*Nc1ccc(C(c2ccc(NC(=O)c3ccc(C(c4ccc(C(*)=O)cc4)(C(F)(F)F)C(F)(F)F)cc3)cc2)(P2(=O)Oc3ccccc3-c3ccccc32)P2(=O)Oc3ccccc3-c3ccccc32)cc1,235.0,299.56833333333327
*N(C)[Si](C)(C=C)N(C)[Si](*)(C)C,-42.0,-48.72266666666666
*Oc1ccc(C(c2ccccc2)c2ccc(OC(*)=S)cc2)cc1,179.0,157.8607
*C(=O)c1ccc2c(c1)C(=O)N(c1cccc(C(c3ccccc3)(c3cccc(N4C(=O)c5ccc(*)cc5C4=O)c3)C(F)(F)F)c1)C2=O,311.0,299.6635
*Oc1ccc(CC(NC(=O)CCc2ccc(OC(=O)CCCCCCCCC(*)=O)cc2)C(=O)OCCOCCOCC)cc1,2.0,43.73573809523809
*/C=C/c1ccc(/C=C/c2ccc3c(c2)Sc2cc(*)ccc2N3c2ccc(OCCCCCCCCCCCC)cc2)s1,155.0,138.05336666666668
*c1ccc2c(c1)Sc1cc(-c3sc4cc(*)sc4c3CCCCC)ccc1N2CCCCCCCCCCCC,136.0,99.28909523809521
*Oc1ccc(-c2ccc(OC(*)(Oc3ccccc3)Oc3ccccc3)c(C)c2)cc1C,125.0,120.97033333333333
*CC#CC#CCOc1ccc(C(=O)OCCN(CCOC(=O)c2ccc(O*)cc2)c2ccc(/N=N/c3ccc([N+](=O)[O-])cc3)cc2)cc1,100.0,93.63975
*CCCCCCCCCCCCNC(=O)CCc1ccc(CCC(=O)N*)cc1,85.0,80.60197142857143
*Oc1cccc(Oc2ccc(C(=O)Oc3cccc(OC(=O)c4ccc(*)cc4)c3)cc2)c1,131.0,171.59985
*C(=O)Nc1ccc(C2(c3ccc(N4C(=O)c5ccc(*)cc5C4=O)cc3)CCC(C(C)(C)CC)CC2)cc1,342.0,226.598
*/C=C/C1C/C(=C\C)C(*)C1,121.0,106.99860000000001
*CCCCCCCCCc1nc2ccc(-c3ccc4nc(*)oc4c3)cc2o1,64.0,20.05634457764457
*c1cccc(Cc2cccc(N3C(=O)c4ccc([Si](C)(C)c5ccc([Si](C)(C)c6ccc7c(c6)C(=O)N(*)C7=O)cc5)cc4C3=O)c2)c1,246.0,257.264
*c1c(C)cc(-c2cc(C)c(N3C(=O)c4cccc(Oc5c(C)cc(-c6cc(C)c(Oc7cccc8c7C(=O)N(*)C8=O)c(C)c6)cc5C)c4C3=O)c(C)c2)cc1C,327.0,254.59113333333332
*CC(OCCCC)C(C(=O)OC)C(*)C(=O)OC,32.5,-29.15809083694084
*OS(=O)(=O)c1cccc(C(=O)c2cccc(S(=O)(=O)Oc3ccc(C(C)(C)c4ccc(*)cc4)cc3)c2)c1,122.0,201.74047023809527
*c1cccc(N2C(=O)c3ccc(Oc4ccc(C(=O)c5ccc(Oc6ccc7c(c6)C(=O)N(*)C7=O)cc5)cc4)cc3C2=O)c1,239.0,262.2298333333334
*=Nc1ccc(Cc2ccc(NC(=*)c3ccccc3)cc2)cc1,158.0,148.3076
*c1ccc(Oc2ccc(-c3cnnc(-c4cccc(-c5ncc(*)nn5)n4)n3)cc2)cc1,223.0,191.76402976190477
*C(=O)Nc1ccc(Oc2ccc(C3(c4ccc(Oc5ccc(NC(=O)c6ccc7c(c6)C(=O)N(c6ccc(Oc8ccc(S(=O)(=O)c9ccc(Oc%10ccc(N%11C(=O)c%12ccc(*)cc%12C%11=O)cc%10)cc9)cc8)cc6)C7=O)cc5)cc4)NC(=O)c4ccccc43)cc2)cc1,283.0,308.753
*CC(CO*)C(C)(C)C,-4.0,-24.899285714285714
*OP(=O)(Oc1ccc(S(=O)(=O)c2ccc(*)cc2)cc1)OC1CCCCC1,120.0,192.41332784437782
*CCCCOC(=O)C(Cc1ccccc1)NC(=O)/C=C/C(=O)NC(Cc1ccccc1)C(=O)O*,103.0,55.5135
*Oc1ccc(C(C)(C)c2ccc(OC(*)(Oc3ccccc3)Oc3ccccc3)cc2)cc1,92.0,155.495575
*C(=O)Nc1ccc(C(c2ccc(NC(=O)c3ccc(N4C(=O)c5ccc(*)cc5C4=O)cc3C)cc2)(C(F)(F)F)C(F)(F)F)cc1,355.0,296.54
*CC(*)OC(=O)C(C)(C)CC(C)(C)C,55.0,36.154
*CC(CS(C)(=O)=O)O*,85.0,15.861762857142855
*Oc1ccc(P(=O)(c2ccccc2)c2ccc(Oc3ccc(-c4ccc(*)cc4)cc3)cc2)cc1,234.0,215.0348233766233
*CC(=O)NCCCCCCNC(=O)COC(=O)CCCCCCC(=O)O*,8.0,1.0147619047619045
*c1ccc2oc3ccc(S(*)(=O)=O)cc3c2c1,360.0,248.72966666666667
*c1cccc(C(=O)Nc2ccc(Oc3cccc(Oc4ccc(NC(=O)c5cccc(N6C(=O)c7ccc(-c8ccc9c(c8)C(=O)N(*)C9=O)cc7C6=O)c5)cc4)c3)cc2)c1,253.0,240.3286666666667
*Oc1ccc(-c2ccc(OC(=O)c3cc(OCCCCCC)c(C(*)=O)cc3OCCCCCC)cc2)cc1,113.0,76.62456809523809
*CCOC(=O)C1CCC(C(=O)O*)CC1,25.0,27.2161
*Oc1ccc(S(=O)(=O)c2ccc(Oc3c(C)cc(C(c4cc(C)c(*)c(C)c4)(C(F)(F)F)C(F)(F)F)cc3C)cc2)cc1,248.0,220.00934285714362
*CC(*)C(=O)NC(C)(C)CS(=O)(=O)O,85.0,89.701
*Oc1ccc(C(c2ccccc2)(c2ccccc2)c2ccc(OC(=O)c3ccc(C(*)=O)cc3)cc2)cc1,210.0,182.10393452380953
*/C(=N\c1ccccc1)c1ccc(-c2ccc(*)cc2)cc1,225.0,155.895
*C(C)C(*)C(=O)OCCC,116.0,13.5849
*OC1C(C)(C)C(OC(=O)C2CCC(C(*)=O)CC2)C1(C)C,169.0,113.9825
*CCN(CCN1C(=O)c2ccc(C(c3ccc4c(c3)C(=O)N(*)C4=O)(C(F)(F)F)C(F)(F)F)cc2C1=O)c1ccc(/N=N/c2ccc([N+](=O)[O-])cc2C)cc1,205.0,223.374
*CC(CO*)(CS(=O)(=O)CCC)CS(=O)(=O)CCC,71.0,32.093599999999995
*Oc1ccc(Oc2cccc(*)n2)c(-c2ccccc2)c1,115.0,179.837
*c1ccc(Sc2ccc(S(*)(=O)=O)cc2)cc1,215.0,213.03455000000002
*CC(*)C(=O)OCCCCCCCCCCCCOc1ccc(C(=O)Oc2ccc(-c3cccc(OC(=O)c4ccc(OC(=O)c5ccc(OCCCCCCCCCCCC)cc5)cc4)c3)cc2)cc1,67.0,31.749520634920632
*O[Si](C)(C)O[Si](C)(C)OC(C)CCCCC(*)C,-87.0,-113.0603142857143
*c1ccc(OC(=O)c2cccc(C(=O)Oc3ccc(C4(*)c5ccccc5C(=O)N4C)cc3)c2)cc1,285.0,256.2076333333333
*CC(*)CO,36.0,19.585
*c1ccc(-c2ccc(-n3c(-c4ccc(Oc5ccc(C(=O)c6cccc(C(=O)c7ccc(Oc8ccc(-c9nc%10ccccc%10n9*)cc8)cc7)c6)cc5)cc4)nc4ccccc43)cc2)cc1,244.0,213.5206
*CC(CS(=O)(=O)CCCC)O*,37.0,-35.515356457431466
*CC(*)(C)C(=O)OC1CCCCC1,88.0,83.85907142857145
*C(=O)Nc1cccc(NC(=O)c2ccc3[nH]c(-c4cccc(-c5nc6cc(*)ccc6[nH]5)c4)nc3c2)n1,302.0,273.8107
*c1ccc(Oc2ccc(C(=O)c3ccc(-c4ccc(C(=O)c5ccc(Oc6ccc(-c7nc(-c8ccc(-c9nc(*)c(-c%10ccccc%10)[nH]9)cc8)[nH]c7-c7ccccc7)cc6)cc5)cc4)cc3)cc2)cc1,273.0,262.33008333333333
*OC(COC(=O)NCCCCCCNC(*)=O)c1ccco1,17.0,71.45600586080586
*c1ccc(-c2ccc(-n3c(-c4ccc(Oc5ccc(C(=O)c6ccc(C(=O)c7ccc(Oc8ccc(-c9nc%10ccccc%10n9*)cc8)cc7)cc6)cc5)cc4)nc4ccccc43)cc2)cc1,259.0,214.26579999999998
*CCCCCCCCCCOC(=O)CCCCCCCCC(=O)O*,-54.0,-53.961632611832584
*CC(*)C(=O)OCC(F)(F)C(F)C(F)(F)F,-22.0,50.084
*CC(*)(CC(=O)OCCOCCOCCOC)C(=O)OCCOCCOCCOC,-19.0,-4.433757936507936
*CC(*)c1ccc(COCCC(F)(F)C(F)(F)C(F)(F)C(F)(F)C(F)(F)C(F)(F)F)cc1,18.0,37.29175
*Oc1ccc(-c2ccc(OC(=O)/C=C/c3ccc(/C=C/C(*)=O)cc3)cc2)cc1,243.0,165.5465
*CC(*)OCCOc1ccc(/N=N/c2ccc([N+](=O)[O-])cc2)cc1,54.0,67.9399
*c1c(C)cc(C(c2cccnc2)c2cc(C)c(N3C(=O)CC(Nc4cccc(NC5CC(=O)N(*)C5=O)c4)C3=O)c(C)c2)cc1C,224.0,257.548
*c1ccc(Oc2ccc(C(=O)c3ccc(Oc4ccc(C(=O)c5ccc(Oc6ccc(-c7nc8ccccc8n7-c7ccc(-n8c(*)nc9ccccc98)cc7)cc6)cc5)cc4)cc3)cc2)cc1,223.0,213.5818
*CC(*)C(=O)c1ccc(C)c(C)c1,42.0,116.018
*CC(*)c1ccccc1Cl,119.0,131.536
*c1ccc(C(=O)Nc2ccc(-n3c(=O)c4cc5c(=O)n(*)c(=O)c5cc4c3=O)cc2C(=O)OCC)cc1,340.0,202.8085
*Oc1ccc(S(=O)(=O)c2ccc(Oc3c(C(C)C)cc(C(C)(C)c4cc(C(C)C)c(*)c(C(C)C)c4)cc3C(C)C)cc2)cc1,175.0,215.27018888888963
*c1cc(C(=O)Nc2ccc(-c3nnc(*)o3)cc2)cc(N2C(=O)c3ccccc3C2=O)c1,324.0,316.51
*CCCCNC(=O)CC(=O)N*,73.0,55.76526292217844
*Oc1ccc(S(=O)(=O)c2ccc(Oc3ccc(NC(=O)c4cc(C(=O)Nc5ccc(*)cc5)cc(C(C)(C)C)c4)cc3)cc2)cc1,232.5,244.66430952380952
*Oc1ccc(C(c2ccc(OC(*)=S)cc2)c2cccc3ccccc23)cc1,191.0,160.18220000000002
*c1ccc(-c2nc3ccccc3o2)c(*)c1,229.0,275.096
*CC(*)OC(=O)c1ccc(C(C)C)cc1,67.7,83.87428333333332
*Nc1cc(NC(=O)c2cc(OCCN(C)c3ccc(S(=O)(=O)C(F)(F)C(F)(F)C(F)(F)C(F)(F)C(F)(F)C(F)(F)C(F)(F)C(F)(F)F)cc3)cc(C(*)=O)c2)cc(C(=O)OCCN(C)c2ccc(C#N)cc2)c1,157.0,120.4743
*c1cccc(C(=O)c2c(C)cc(C)c(N3C(=O)c4ccc(Oc5ccc6c(c5)C(=O)N(*)C6=O)cc4C3=O)c2C)c1,287.0,249.51733333333334
*Nc1ccc(C(C)(C)c2cccc(C(C)(C)c3ccc(Nc4ccc(C(=O)c5ccc(C(=O)c6ccc(*)cc6)cc5)cc4)cc3)c2)cc1,177.0,207.05823333333333
*CC(*)c1ccc(C(C)(C)O)cc1,170.0,148.38139999999999
*CCCCCCCCCCOc1ccc(/C=C2\CCC/C(=C\c3ccc(O*)cc3)C2=O)cc1,85.0,32.19042306859806
*C(=O)Nc1ccc(Oc2cccc(Oc3ccc(NC(=O)c4ccc5c(c4)C(=O)N(c4ccc(Oc6cccc(Oc7ccc(N8C(=O)c9ccc(*)cc9C8=O)cc7)c6C#N)cc4)C5=O)cc3)c2)cc1,217.0,238.84561904761907
*CC(*)C(=O)OCC1(CC)COCOC1,42.0,45.97006666666667
*CCC[Si](*)(C)c1ccc(N(C)C)cc1,6.5,1.0825333333333342
*CCCCCOc1ccc(OCCCCCc2nnc(-c3ccc(-c4nnc(*)o4)cc3)o2)c(C)c1,95.0,33.10385244200243
*Oc1c(C)cc(*)cc1C(C)CCCCCC,54.0,2.8264000000000005
*CCCCCOC(=O)NCC(F)(F)C(F)(F)C(F)(F)C(F)(F)CNC(=O)O*,33.0,-5.261244748109648
*CC(F)(F)C(F)(F)C(F)(F)C(F)(F)COC(=O)NCCCCCCNC(=O)O*,-2.0,-0.12447500000000002
*CCCCCCCCCCOC(=O)CCCCCCC(=O)O*,-22.0,-53.961632611832584
*N=P(*)(CC1COCCOCCOCCO1)OCC1COCCOCCOCCO1,-40.0,-25.537
*c1ccc(-c2ccc(N(*)c3ccc(CCCC)cc3)cc2)cc1,180.0,56.43146666666662
*Oc1ccc(S(=O)(=O)c2ccc(Oc3ccc(P(C)(=O)c4ccc(*)cc4)cc3)cc2)cc1,233.0,209.24831394161384
*/C(C)=C(/*)[Si](C)(C)CC[Si](C)(C)C,200.0,-8.254833333333334
*Cc1ccc(CSSS*)cc1,8.0,73.683
*CC(*)C(C)C,60.0,15.589799999999995
*Nc1ccc(C(c2ccc(NC(=O)c3cc(C(*)=O)cc(C(C)(C)C)c3)cc2)(P2(=O)Oc3ccccc3-c3ccccc32)P2(=O)Oc3ccccc3-c3ccccc32)cc1,235.0,304.9884333333333
*CC(C(C)C)C(COC(=O)c1ccc(C(=O)O*)cc1)C(C)C,65.0,57.592
*CCOC(=O)CCCCCCCCC(=O)O*,-23.0,-55.16004415584414
*CC(*)OC(=O)CC1CCCC1,-3.0,30.042242857142863
*CC1(*)CCCCC1,100.0,90.96873333333333
*Oc1ccc(S(=O)(=O)c2ccc(Oc3ccc(NC(=O)c4ccc(Oc5ccc(C(C)(C)c6ccc(C(C)(C)c7ccc(Oc8ccc(C(=O)Nc9ccc(*)cc9)cc8)cc7)cc6)cc5)cc4)cc3)cc2)cc1,177.0,234.30140714285722
*CC(*)(C)C(=O)OC(C(F)(F)F)C(F)(F)F,75.0,45.268
*C(=O)c1ccc2c(c1)C(=O)N(c1ccc(Cc3ccc(N4C(=O)c5ccc(*)cc5C4=O)c(C)c3)cc1C)C2=O,310.0,278.113
*C(=O)CCCCCCCCC(=O)N1CCN(*)CC1,82.0,69.43369523809524
*CCCCCCCCCOC(=O)Nc1ccc(C)c(NC(=O)O*)c1,62.0,34.43478333333334
*CCCCCCCCCCOc1ccc(/C=C/c2ccc(OCCCCCCCCCCOP(=O)(O*)OCCCCCCCCCCOc3ccc(/N=N/c4ccccc4)cc3)cc2)cc1,55.0,26.168411704961706
*c1ccc(Oc2cccc(Oc3ccc(N4C(=O)c5cccc(Oc6ccc(S(=O)(=O)c7ccc(Oc8cccc9c8C(=O)N(*)C9=O)cc7)cc6)c5C4=O)cc3)c2)cc1,230.0,242.939
*CCC1C(=O)N(CC)C(=O)C1*,109.2,160.445
*CC(=O)NCCCCCCNC(=O)CO*,10.0,11.945649999999999
*Oc1ccc(/C(=C/c2cc(OC)c(/C=C(/c3ccc(*)cc3)c3ccc(F)cc3)cc2OC)c2ccc(F)cc2)cc1,187.0,121.59200000000001
*C(=O)OCCCCCCCCCCCCCCCCCCCCCCOC(=O)c1ccc(N2C(=O)c3ccc(*)cc3C2=O)cc1,44.0,132.8780238095238
*O[Si](*)(C)CCCOc1ccc2c(c1)c1cc(-c3ccc4c(c3)c3ccccc3n4CC(CC)CCCC)ccc1n2CC(CC)CCCC,129.0,96.31058333333333
*c1ccc2c(c1)C(=O)N(c1cc(C(=O)Nc3c(C)cc(-c4cc(C)c(NC(=O)c5ccc(C)c(N6C(=O)c7ccc(C(*)(C(F)(F)F)C(F)(F)F)cc7C6=O)c5)c(C)c4)cc3C)ccc1C)C2=O,250.0,302.4928666666667
*c1ccc(-c2sc(-c3cc(SCCCC)c(*)s3)cc2SCCCC)cc1,129.0,59.105899999999984
*CC(*)(C)C(=O)OCCOCCOC,57.0,-11.81609126984127
*Oc1cccc(NC(=O)c2ccc(C(=O)c3cccc(C(=O)Nc4ccc(*)cc4)c3)cc2)c1,237.0,255.9483142857143
*c1nc(-c2ccccc2)nc(N(C)CCCCCCN(*)C)n1,57.0,16.860104285714296
*C(=O)OC1CC(*)N(C(=O)OCc2ccccc2)C1,78.0,130.6886
*c1ccc(C(C)(C)c2ccc(N3C(=O)c4ccc(Oc5ccc(Oc6ccc7c(c6)C(=O)N(*)C7=O)cc5)cc4C3=O)cc2)cc1,264.0,221.98033333333333
*Oc1cc(OC(=O)c2ccc(OCCCC)cc2)c(OC(=O)CCCC(*)=O)cc1OC(=O)c1ccc(OCCCC)cc1,59.0,46.14483333333333
*Oc1ccc(C(C#N)(c2ccccc2)c2ccc(OC(*)=O)cc2)cc1,138.0,163.7299
*CC1CC2CC1C1CCC(CN3C(=O)c4ccc(C(c5ccc6c(c5)C(=O)N(*)C6=O)(C(F)(F)F)C(F)(F)F)cc4C3=O)C21,207.0,224.248
*CC(*)C(=O)OCCCOc1ccc(/N=N/c2ccc([N+](=O)[O-])cc2)cc1,45.6,22.501333333333335
*Oc1ccc(C(C)(c2ccccc2)c2ccc(OC(=O)OC3C(C)(C)C(OC(*)=O)C3(C)C)cc2)cc1,149.0,158.55332000000007
*CC(COc1ccc(C(C)(c2ccccc2)c2ccc(O*)cc2)cc1)OC(C)=O,110.0,100.353
*CC(c1ccccc1)C1C(=O)N(c2ccc(Oc3ccccc3)cc2)C(=O)C1*,194.0,167.519
*CC(*)OCC,-33.0,-27.283333333333335
*CCNC(=O)c1ccccc1O*,84.0,80.622
*Oc1ccc(N[Se]Nc2ccc(*)cc2)cc1,55.0,189.7094833333333
*Cc1ccc2oc(=O)c(C(=O)Nc3ccc(Oc4ccc(Oc5ccc(NC(=O)c6cc7cc(*)ccc7oc6=O)cc5)cc4)cc3)cc2c1,290.0,115.61633333333334
*Oc1ccc(OC(=O)c2cccc(Sc3ccc(OC(=O)c4ccc(C(=O)Oc5ccc(Sc6cccc(C(*)=O)c6)cc5)cc4)cc3)c2)cc1-c1ccccc1,128.0,141.81861999999998
*Nc1cccc2c(NC(=O)Nc3cc(NC(*)=O)cc(C(=O)Nc4ccc5c(c4)C(=O)c4ccccc4C5=O)c3)cccc12,178.0,242.46336666666673
*OC(=O)C(C)NC(=O)CCCCCCCC(=O)NC(C)C(=O)OC1COC2C(*)COC12,46.0,40.6105
*CC(C)(C)C1C(=O)N(c2ccccc2C)C(=O)C1*,207.0,122.546
*c1ccc(C(=O)OCCCCCCCCCCOC(=O)c2ccc(-c3nnc(*)s3)cc2)cc1,79.0,53.34731825396825
*c1ccc(C(C)(C)c2ccc(N3C(=O)c4ccc(Oc5cccc6c(Oc7ccc8c(c7)C(=O)N(*)C8=O)cccc56)cc4C3=O)cc2)cc1,265.0,255.664
*CC(*)(C)C(=O)OCCCCCCC(F)(F)C(F)(F)C(F)(F)C(F)(F)F,23.0,1.682550989215463
*c1ccc(Cc2ccc(-n3c(=O)c4cc5c(=O)n(*)c(=O)c5cc4c3=O)c(C(C)(C)C)c2)cc1C(C)(C)C,217.0,243.235
*CCOc1ccc(S(=O)(=O)c2ccc(OCCOP(=O)(O*)Oc3ccc(C)cc3)cc2)cc1,46.0,68.4495
*/C=C(/*)C(CCC)[Si](C)(C)CCCCCC,40.0,-14.6385
*c1cccc(NC(=O)c2ccc(OCCOCCOCCOc3ccc(C(=O)Nc4ccc5[nH]c(*)nc5c4)cc3)cc2)c1,180.0,80.44025
*c1ccc(Cc2ccc(N3C(=O)c4ccc(-c5ccc(-c6ccc(-c7ccc(-c8ccc(-c9ccc%10c(c9)C(=O)N(*)C%10=O)cc8)cc7)cc6)cc5)cc4C3=O)cc2)cc1,244.0,281.726
*C#CC#Cc1cc(C(C)(C)C)cc2c3cc(C(C)(C)C)cc(*)c3n(CCCCCCCCCCCCCCCC)c12,67.0,101.77561428571428
*c1ccc(-c2cc(-c3ccc(-c4ccccc4)cc3)cc(-c3ccc(N4C(=O)c5ccc(NC(=O)Nc6cccc7c(NC(=O)Nc8ccc9c(c8)C(=O)N(*)C9=O)cccc67)cc5C4=O)cc3)n2)cc1,254.0,324.377
*CCCCCCCCN1C(=O)c2ccc(-c3ccc(-c4ccc5c(c4)C(=O)N(*)C5=O)cc3)cc2C1=O,120.0,71.46886904761904
*O[Si](*)(C)CCc1cc(-c2nnc(-c3ccc(OCCCCCCCCCCCC)cc3)o2)ccc1-c1nnc(-c2ccc(OCCCCCCCCCCCC)cc2)o1,156.0,79.27478333333337
*c1ccc2c(c1)C(=O)N(c1ccc(Oc3ccc(N4C(=O)c5ccc(-c6c(-c7ccccc7)c(-c7ccccc7)c(-c7ccc(Oc8ccc(-c9c(-c%10ccccc%10)c(-c%10ccccc%10)c(*)c(-c%10ccccc%10)c9-c9ccccc9)cc8)cc7)c(-c7ccccc7)c6-c6ccccc6)cc5C4=O)cc3)cc1)C2=O,329.0,265.9775
*Oc1ccc(C2(c3ccc(OC(=O)c4ccc(C(*)=O)cc4)cc3)c3ccccc3C(=O)c3ccccc32)cc1,400.0,225.09510999999998
*C(=O)Nc1ccc(-c2ccc(NC(=O)c3ccc4c(c3)C(=O)N(c3ccc(Oc5cccc6c(N7C(=O)c8ccc(*)cc8C7=O)cccc56)cc3)C4=O)c(OC)c2)cc1OC,304.0,259.321
*Oc1ccc(C(C)c2ccc(OC(*)=O)cc2)cc1,130.0,150.50295
*C(=O)OCCCCCCCCCOC(=O)c1ccc(NC(=O)c2ccc(N3C(=O)c4ccc(*)cc4C3=O)cc2)cc1,100.0,138.5281666666667
*CC(*)C(=O)OCCCCCCCCCOC(=O)c1ccc(OC(=O)c2ccc(C#N)cc2)cc1,15.0,-0.3618499999999998
*Oc1ccc(CC(NC(=O)CCc2ccc(OC(=O)COCCOCC(*)=O)cc2)C(=O)OC(C)C)cc1,58.0,56.923383333333334
*O[Si](C)(C)O[Si](C)(C)O[Si](C)(C)Oc1c(C)cc(-c2cc(C)c(*)c(C)c2)cc1C,14.0,25.158
*c1ccc(*)c(C(=O)c2ccc(F)cc2)c1,194.0,159.8202666666667
*O[Si](*)(C)CCCOc1ccc(C(=O)Oc2ccc(C(=O)Oc3ccc(OC)cc3)cc2)cc1,38.0,29.875599999999995
*c1ccc(OC(=O)Nc2ccc(-c3ccc(NC(=O)Oc4ccc(-c5nc(-c6ccc(-c7nc(-c8ccc([N+](=O)[O-])cc8)c(-c8ccc([N+](=O)[O-])cc8)[nH]7)cc6)[nH]c5*)cc4)cc3OC)c(OC)c2)cc1,223.0,227.9319833333333
*c1ccc(Oc2c(C)cc(C(C)(C)c3cc(C)c(Oc4ccc(N5C(=O)c6ccc(Oc7ccc(C8(c9ccc(Oc%10ccc%11c(c%10)C(=O)N(*)C%11=O)cc9)CCC(c9ccccc9)CC8)cc7)cc6C5=O)cc4)c(C)c3)cc2C)cc1,232.0,233.33833333333334
*OP(=O)(Oc1ccccc1)Oc1ccc(-c2ccc(*)cc2)cc1,112.0,142.87518333333335
*CC(=O)Nc1ccc(NC(=O)c2ccc3c(c2)C(=O)N(*)C3=O)cc1,292.0,246.889
*CCCCOC(=O)O*,-27.0,-51.7691985446528
*c1ccc(NC(=O)c2cc(NC(=O)c3ccc(OC(C)=O)cc3)cc(C(=O)Nc3ccc(-c4nnc(*)o4)cc3)c2)cc1,280.0,259.68369999999993
*Nc1cc(NC(=O)c2ccc(C(*)=O)cc2)cc(C(=O)OCCOC(=O)/C=C/c2ccc(N(C)C)cc2)c1,198.0,106.1365
*Oc1ccc(S(=O)(=O)c2ccc(Oc3ccc(C(C)(C)c4ccc(OCCCCOc5ccc(C(C)(C)c6ccc(*)cc6)cc5)cc4)cc3)cc2)cc1,140.0,57.3578
*=Nc1ccc(/N=C(\c2ccccc2)c2ccc(C(=*)c3ccccc3)cc2)cc1,179.0,145.34906666666666
*/C=C(/c1ccc(*)cc1)c1ccc(C(F)(F)F)cc1,199.0,200.7678666666667
*Oc1ccc(CC(NC(=O)CCc2ccc(OC(=O)CCCCC(*)=O)cc2)C(=O)OCCCCCC)cc1,37.725,30.202376190476194
*CCOCCOCCOCCOCCOCCOC(=O)c1cc(OCCCCCCOc2ccc(-c3ccc(OC)cc3)cc2)cc(C(=O)O*)c1,12.5,43.31802222222222
*CC(*)C(=O)OC1CC2CCC1(C)C2(C)C,100.0,126.667
*O[Si](C)(C)O[Si](C)(C)O[Si](C)(C)OC(C)CCCCC(*)C,-94.0,-113.14831428571429
*CCCCCCCCCCOC(=O)Nc1ccc(C)c(NC(=O)O*)c1,18.0,34.43478333333334
*CC(O)CN(CC(O)COc1ccc(C(C)(C)c2ccc(O*)cc2)cc1)c1ccc(/N=N/c2ccc([N+](=O)[O-])cc2)cc1,59.0,108.47245
*CC(*)c1ccccc1C(F)(F)F,165.0,114.646
*CC(*)C(=O)OCCOCC(F)(F)C(F)(F)C(F)(F)F,-45.0,-1.6882380952380949
*/N=N/c1ccc(Nc2ccc(C(=O)c3ccc(Nc4ccc(*)cc4)cc3)cc2)cc1,216.42,182.07288095238098
*c1cccc(N2C(=O)c3ccc(Oc4ccc5cc(Oc6ccc7c(c6)C(=O)N(*)C7=O)ccc5c4)cc3C2=O)c1,230.0,262.5703333333334
*CC(*)C(=O)c1ccc(C(C)C)cc1,62.5,105.195
*Nc1cc(NC(=O)c2ccc(-c3ccc(C(*)=O)cc3)cc2)cc(C(=O)OCCOc2ccc(/C=C/C(=O)c3ccccc3)cc2)c1,254.0,110.983
*Oc1ccc(OC(=O)c2cccc(Oc3cccc(C(*)=O)c3)c2)cc1,119.0,136.94778666666664
*c1ccc(Oc2cccc(Oc3ccc(N4C(=O)c5cccc(Oc6ccc(Oc7cccc8c7C(=O)N(*)C8=O)cc6)c5C4=O)cc3)c2)cc1,214.0,222.43400000000003
*CC(*)C(=O)OCC(C)O,-7.0,3.477
*C(=O)c1ccc(C(=O)c2ccc3c(c2)C(=O)N(c2ccc(C(=O)c4ccc(C(=O)c5ccc(N6C(=O)c7ccc(*)cc7C6=O)cc5)cc4)cc2)C3=O)cc1,260.0,285.1158333333334
*c1ccc2c(c1)C(=O)N(c1ccc(OC(C)COc3ccc(N4C(=O)c5ccc(C(*)(C(F)(F)F)C(F)(F)F)cc5C4=O)cc3)cc1)C2=O,234.0,216.187
*CCCCCC(=O)Nc1ccc(Oc2cccc(NC(=O)CCCCCN3C(=O)c4ccc(C(=O)c5ccc6c(c5)C(=O)N(*)C6=O)cc4C3=O)c2)cc1,170.0,120.18182051282052
*CC(*)OCCCCCCCCCC,-62.0,-67.139623015873
*CC(*)(C#N)C(=O)OCC(C)C,51.0,73.44166666666666
*CCCCCCCCCCC(=O)Nc1ccc(Oc2cccc(NC(=O)CCCCCCCCCCN3C(=O)c4ccc(C(=O)c5ccc6c(c5)C(=O)N(*)C6=O)cc4C3=O)c2)cc1,126.0,120.18182051282052
*c1ccc(C(=O)OCCCCCCCCOc2ccc(/C=C3\CCCC/C(=C\c4ccc(OCCCCCCCCOC(=O)c5ccc(-c6nnc(*)o6)cc5)cc4)C3=O)cc2)cc1,98.0,59.227131825396825
*Oc1ccc(Cc2ccc(OC(*)=O)c(C)c2)cc1C,51.0,88.127
*CC(*)C(=O)NC(C)C,134.62,67.418
*c1ccc(-c2ccc(N(*)c3ccc(C(F)(F)F)cc3)cc2)cc1,225.0,174.898
*c1ccc(Oc2ccc(-c3ccc(Oc4ccc(-c5cnc6cc(-c7ccc8nc(*)cnc8c7)ccc6n5)cc4)cc3)cc2)cc1,213.0,322.373
*O[Si](*)(C)CCCCCOc1ccc(/C=C/c2ccc(OC)cc2)cc1,52.0,17.30728333333333
*c1ccc(Oc2ccc(S(=O)(=O)c3ccc(Oc4ccc(N5C(=O)C6CCC(C7CCC8C(=O)N(*)C(=O)C8C7)CC6C5=O)cc4)cc3)cc2)cc1,256.5,254.89731428571426
*CC(O)CN(*)c1cc(C)c(/N=N/c2ccc(C#N)cc2)c(C)c1,150.0,111.13239999999999
*Oc1ccc(C2(c3ccc(OC(*)=O)cc3)c3cc(OC)ccc3-c3ccc([N+](=O)[O-])cc32)cc1,294.0,235.36180000000002
*C(=O)c1ccc2c(c1)C(=O)N(c1ccc(-c3c(-c4ccc(-c5ccccc5)cc4)cc(-c4ccc(OCCCCCCOc5ccc(-c6cc(-c7ccc(-c8ccccc8)cc7)c(-c7ccc(N8C(=O)c9ccc(*)cc9C8=O)cc7)c(-c7ccc(-c8ccccc8)cc7)c6)cc5)cc4)cc3-c3ccc(-c4ccccc4)cc3)cc1)C2=O,111.5,147.315
*CCCCCCCOc1ccc(-c2ccc(O*)c3ccccc23)c2ccccc12,129.5,102.43496666666665
*CC(*)OC(=O)C(F)(F)C(F)(F)F,42.0,13.736166666666664
*CC(*)(C)C(=O)OCCCCCCOc1ccc(C(=O)Oc2ccc(C#N)cc2)cc1,43.0,30.316313636363635
*c1ccc(Oc2ccc(Oc3ccc(N4C(=O)c5ccc(Oc6ccc(-c7ccc(Oc8ccc9c(c8)C(=O)N(*)C9=O)cc7)cc6)cc5C4=O)cc3)cc2)cc1,222.0,223.7828
*Nc1ccc(NC(=O)CCCCC(*)=O)cc1,133.0,126.50775
*CCCP(C)(=O)CCCNC(=O)CCCCC(=O)N*,33.0,57.161893200100835
*c1cccc(N2C(=O)c3cccc(Oc4cccc(Oc5cccc6c5C(=O)N(*)C6=O)c4)c3C2=O)c1,241.0,240.563
*COc1ccc(C(C)(C)c2ccc(Oc3ccc(*)n3-c3ccc(C#N)cc3)cc2)cc1,73.13,172.885
*Oc1ccc(/N=C/CCC/C=N/c2ccc(OC(=O)Nc3cc(NC(*)=O)ccc3C)cc2)cc1,69.0,90.7678
*N=P(*)(Oc1ccc(C(C)CC)cc1)Oc1ccc(C(C)CC)cc1,-11.5,3.875
*c1ccc2c(c1)C(CC(CC)CCCC)(CC(CC)CCCC)c1cc(*)ccc1-2,29.0,103.11873333333334
*Nc1ccc(C2(c3ccc(NC(=O)c4cc(C(*)=O)cc(C(C)(C)C)c4)cc3)c3ccccc3-c3ccccc32)cc1,284.0,304.70053333333334
*c1ccc2c(c1)C(=O)N(c1cccc(S(=O)(=O)c3cccc(N4C(=O)c5ccc(C(*)(C(F)(F)F)C(F)(F)F)cc5C4=O)c3)c1)C2=O,271.0,305.6765
*c1ccc(Oc2ccc(Oc3ccc(Oc4ccc(-c5nc6ccc(-c7ccc8nc(*)c(-c9ccccc9)nc8c7)cc6nc5-c5ccccc5)cc4)cc3)cc2)cc1,263.0,264.202
*Cc1ccc(C(C)(CC)c2ccc(Cn3c(=O)c4cc5c(=O)n(*)c(=O)c5cc4c3=O)o2)o1,143.0,131.466
*c1ccc(Oc2cccc(Oc3ccc(N4C(=O)c5ccc(-c6ccc7c(c6)C(=O)N(*)C7=O)cc5C4=O)cc3)c2C#N)cc1,271.0,253.2347
*OC(=O)OCCOCCOC(=O)OC1COC2C(*)COC12,46.5,32.66218333333333
*C(=O)Nc1ccc(Oc2ccc(C(C)(C)c3ccc(Oc4ccc(NC(=O)c5ccc6c(c5)C(=O)N(c5ccc(Oc7cccc(N8C(=O)c9ccc(*)cc9C8=O)c7)cc5)C6=O)cc4)cc3)cc2)cc1,207.0,256.35366666666664
*C(=O)Nc1ccc(C(=O)Nc2ccc(NC(=O)c3ccc4[nH]c(-c5cccc(-c6nc7cc(*)ccc7[nH]6)c5)nc4c3)cc2)cc1,322.0,285.97083333333336
*CC(=O)NCCCCCCNC(=O)COC(=O)CCC(=O)O*,30.0,1.4643404761904761
*CC(*)(C)C(=O)OCC1(C)COCOC1,142.0,85.347
*CCCCOC(=O)Nc1ccc(C)c(NC(=O)O*)c1,42.0,71.69
*Oc1cccc2cc(OC(=O)c3ccc(Oc4ccc(C(*)=O)cc4)cc3)ccc12,179.0,140.0690033333333
*Cc1cc(C)c(CNC(=O)c2ccc(C(=O)N*)cc2)cc1C,225.0,152.7793333333333
*CC(*)C(=O)OCC(F)(F)F,3.1,46.26199999999999
*CC(*)C(=O)Oc1cc(C)cc(C)c1,54.0,90.57875
*Oc1ccc(S(=O)(=O)c2ccc(Oc3ccc(-c4ccc(*)cc4)cc3)cc2N)c(N)c1,242.2,212.72823444388942
*CCOc1ccc(S(=O)(=O)c2ccc(OCCOP(=O)(O*)Oc3ccc(OC)cc3)cc2)cc1,52.0,67.197
*/C=C/C(C*)COCC(=O)OCCCCCCCCOc1ccc(/C=C/c2ccc([N+](=O)[O-])cc2)cc1,23.0,20.23870775335776
*OC(COC(=O)c1ccccc1-c1ccccc1C(*)=O)COc1ccc(/N=N/c2ccc(C#N)cc2)cc1,120.0,61.4965
*NNC(=O)c1ccccc1C(=O)Nc1cccc(/C=C2\CCC/C(=C\c3cccc(NC(=O)c4ccccc4C(*)=O)c3)C2=O)c1,195.0,184.83870000000047
*CC(*)(C)C(=O)OCCCCCCN1CCN(c2ccc(/N=N/c3ccc([N+](=O)[O-])cc3)cc2)CC1,60.0,65.21121904761905
*CCCCCCOC(=O)OCCCCCCOC(=O)OCCCCCCn1c(=O)c2cc3c(=O)n(*)c(=O)c3cc2c1=O,17.0,50.381625
*CC(*)c1ccccc1C(=O)NC,189.0,143.412
*O[Si](C)(C)c1cccc2c([Si](*)(C)C)cccc12,62.0,-13.764
*Oc1ccc2ccc(Oc3ccc(C(=O)Nc4ccc(Oc5ccc(C(C)(C)c6ccc(C(C)(C)c7ccc(Oc8ccc(NC(=O)c9ccc(*)cc9)cc8)cc7)cc6)cc5)cc4)cc3)cc2c1,166.0,233.27191190476182
*Oc1ccc(NC(=O)CCCCC(=O)Nc2ccc(*)cc2)cc1,230.0,82.66233333333334
*CC(O)COc1ccc(C(C)(CC)c2ccc(O*)cc2)cc1,95.0,78.58
*C(=O)Nc1cccc(NC(=O)/C=C/c2cccc(N3C(=O)c4ccc(*)cc4C3=O)c2)c1,257.5,324.669
*CCCCCCCCCCCCOc1ccc(CCc2ccc(O*)cc2C)cc1,0.0,4.762340476190506
*CCN(CCOC(=O)NCCCCCCNC(=O)O*)c1ccc(/N=N/c2ccc([N+](=O)[O-])cc2)c(C)c1,75.0,62.080735714285716
*CCSSCCOCO*,-57.5,-41.44135555555556
*/C=C/C1CC(*)C(C(=O)OC(C)(C)C)C1C(=O)OC(C)(C)C,83.4,80.6158
*c1cc(Br)c(-c2c(Br)cc(N3C(=O)c4ccc(-c5ccc6c(c5)C(=O)N(*)C6=O)cc4C3=O)cc2C(=O)OCCCCCCCCCCCCCCCC)c(C(=O)OCCCCCCCCCCCCCCCC)c1,92.0,104.97866666666667
*CCCCCCCNC(=O)N*,62.0,54.34977083232427
*c1ccc(C(c2ccccc2)c2ccc(N3C(=O)c4ccc(Oc5ccc6c(c5)C(=O)N(*)C6=O)cc4C3=O)cc2)cc1,269.0,239.45326666666665
*Oc1ccc(C(c2ccc(OC(*)=O)cc2)C2C3CCC(C3)C2C)cc1,232.0,162.5938
*O[Si](*)(C)CCCCCCOC(=O)c1cc(OC(=O)c2ccc(OCCOCCOCCOCCOCCOCCOC)cc2)ccc1OC(=O)c1ccc(OCCOCCOCCOCCOCCOCCOC)cc1,-50.0,46.71776626984128
*CC(*)(C)CC,-5.0,21.312
*CCCCCCCCCCCCc1nc2ccc(-c3ccc4nc(*)oc4c3)cc2o1,55.0,20.05634457764457
*CC(*)OC(=O)c1ccc(Br)cc1,85.5,75.90725
*c1cccc(*)c1,104.93,144.16917142857145
*CC(*)(C)C(=O)OCCCCCC(=O)Oc1ccc(OC(=O)c2ccc(OCC)cc2)cc1,43.0,32.3819403174603
*CC(*)(C)C(=O)OCC(F)(F)C(F)(F)C(F)(F)C(F)F,47.0,54.235
*c1cc(CCCCCCCC)c(*)s1,-9.2,-17.511867784992774
*c1ccc(-c2sc(-c3ccc(-c4cc(SCCCC)c(*)s4)cc3)cc2SCCCC)cc1,26.4,57.636766666666524
*CC(*)CCCCCCCC,-35.0,-60.06789630402278
*CCCCOC(=O)NNC(=O)CCCCCCCCC(=O)NNC(=O)O*,56.0,-10.887263786813728
*c1ccc(C(=O)Oc2c(C)cc(C(c3cccnc3)c3cc(C)c(OC(=O)c4ccc(N5C(=O)CC(Nc6cccc(NC7CC(=O)N(*)C7=O)c6)C5=O)cc4)c(C)c3)cc2C)cc1,194.0,213.45373333333333
*CCc1cc(C)c(*)cc1C,100.0,104.7018
*CC(*)OCCCCCCCC,-79.5,-67.139623015873
*CC(CC(*)(C#N)C#N)c1ccc(CCl)cc1,180.0,84.866
*c1ccc(NC(=O)c2ccc(OCCOCCOCCOCCOCCOc3ccc(C(=O)Nc4ccc5[nH]c(*)nc5c4)cc3)cc2)cc1,125.0,99.01425
*OP(=O)(Oc1ccc(Br)cc1)Oc1ccc(S(=O)(=O)c2ccc(*)cc2)cc1,89.0,180.85633906371402
*CCOC(=O)Nc1ccc(C)c(NC(=O)OCCOc2ccc(C3(c4ccc(O*)cc4)c4ccccc4-c4ccccc43)cc2)c1,175.0,113.311
*O[Si](C)(C)CC[Si](*)(C)O[Si](C)(C)C,-89.0,-89.62393095238096
*CC(*)C(=O)Oc1ccc(C(=O)OCCCC)cc1,13.0,31.39943333333333
*CCCCCCOC(=O)OCCCCCCCCCCCCOC(=O)OCCCCCCn1c(=O)c2cc3c(=O)n(*)c(=O)c3cc2c1=O,-9.0,50.381625
*Nc1cc(NC(=O)c2cc(OCCCS(=O)(=O)c3ccc(/N=N/c4ccc(N(C)C)cc4)cc3)cc(C(*)=O)c2)cc(C(=O)OCCCN(C)c2ccc(/N=N/c3ccc(S(C)(=O)=O)cc3)cc2)c1,166.0,163.31786666666667
*CCCCOC(=O)CCCCCNC(=O)CCCCC(=O)NCCCCCC(=O)O*,-15.0,-2.0559555629419775
*c1ccc(-c2ccc(-c3nc4cc(Oc5ccc6nc(-c7ccccc7)c(*)nc6c5)ccc4nc3-c3ccccc3)cc2)cc1,410.0,260.43
*c1ccc(C(=O)OCCCCCCCCCCOc2ccc(/C=C/C(=O)/C=C/c3ccc(OCCCCCCCCCCOC(=O)c4ccc(-c5nnc(*)o5)cc4)cc3)cc2)cc1,58.0,65.50936753968253
*Oc1ccc(C2(c3ccc(OC(=O)c4cccc(C(*)=O)c4)c(C)c3)CCC3CCCCC3C2)cc1C,207.0,126.49294666666667
*CC(*)c1cc(Br)ccc1OC,86.0,86.41
*CC(*)(C)C(=O)OCc1ccc(/C=C/C(=O)C2c3ccccc3C(=O)c3ccccc32)cc1,163.0,134.842
*C(=O)c1ccc2c(c1)C(=O)N(c1cccc(S(=O)(=O)c3cccc(N4C(=O)c5ccc(*)cc5C4=O)c3)c1)C2=O,278.0,293.068
*N=P(*)(OCCc1ccccc1)OCCc1ccccc1,-32.7,-11.19
*CC(*)CCCCC,-45.5,-58.28065219812868
*c1ccc(Oc2ccc(C(=O)c3ccc(Oc4ccc(N5C(=O)c6ccc(S(=O)(=O)c7ccc8c(c7)C(=O)N(*)C8=O)cc6C5=O)cc4)cc3)cc2)cc1,275.5,262.88890000000004
*c1ccc(-c2nc3cc(Oc4ccc(NC(=O)c5cc(C(=O)Nc6ccc(Oc7ccc8nc(-c9ccccc9)c(-c9ccc(N%10C(=O)c%11ccc%12c%13c(ccc(c%11%13)C%10=O)C(=O)N(*)C%12=O)cc9)nc8c7)cc6)cc(N6C(=O)c7c(Cl)c(Cl)c(Cl)c(Cl)c7C6=O)c5)cc4)ccc3nc2-c2ccccc2)cc1,345.0,273.6634
*CC(*)c1ccc(OC(C)=O)cc1,113.0,106.82275
*CC1CC2CC1C1CCC(CN3C(=O)c4ccc(-c5ccc6c(c5)C(=O)N(*)C6=O)cc4C3=O)C21,230.0,203.596
*c1ccc(Oc2ccccc2Oc2ccc(-n3c(=O)c4cc5c(=O)n(*)c(=O)c5cc4c3=O)cc2C(F)(F)F)c(C(F)(F)F)c1,277.0,288.8125
*c1cc(SCCCCCC)c(*)s1,32.0,25.6174617965368
*CC(*)(C)C(=O)OCCCCCCCCCCOc1ccc(OC(=O)c2ccc(OCCCCCC)cc2)cc1,41.0,45.15849379509379
*O[Si](*)(C)CCCCCCOc1ccc(C(=O)Oc2ccc(C(=O)Oc3ccc(C=C(C(=O)OCCCCCCCCC)C(=O)OCCCCCCCCC)cc3)cc2)cc1,-4.5,31.137522366522354
*CC(*)c1ccc(Cl)c(F)c1,122.0,115.992
*Oc1c(C)cc(C(C)(C)c2cc(C)c(OC(=O)CCCCCC(*)=O)c(C)c2)cc1C,84.0,38.69364357864358
*Oc1ccc(C2(c3ccc(OC(=O)c4cccc(C(*)=O)c4)cc3)CCCCC2)cc1,127.0,140.11247999999998
*c1ccc(Oc2ccc(N3C(=O)c4ccc(Oc5ccc(Sc6ccc(Oc7ccc8c(c7)C(=O)N(*)C8=O)cc6)cc5)cc4C3=O)cc2)cc1,212.0,206.6068666666659
*c1ccc2c(c1)C(=O)N(c1ccc(S(=O)(=O)c3ccc(S(=O)(=O)c4ccc(S(=O)(=O)c5ccc(N6C(=O)c7ccc(C(*)(C(F)(F)F)C(F)(F)F)cc7C6=O)cc5)cc4)cc3)cc1)C2=O,327.0,304.909
*c1ccc(OCOc2ccc(-c3nc(-c4ccc([N+](=O)[O-])cc4)oc3*)cc2)cc1,194.0,115.275
*c1ccc(OC(=O)c2ccc(C(=O)Oc3ccc(-c4nc5ccccc5nc4*)cc3)cc2)cc1,232.0,207.797
*Oc1ccc(OC(=O)c2ccc(-c3ccc(C(*)=O)cc3)cc2-c2ccccc2)cc1,140.0,198.634
*c1ccc(Oc2ccc(-c3ccc(Oc4ccc(N5C(=O)c6cccc(Oc7c(Oc8cccc9c8C(=O)N(*)C9=O)cc(C(C)(C)C)cc7C(C)(C)C)c6C5=O)cc4)cc3)cc2)cc1,237.0,262.22206666666665
*CCCCOc1ccc(/C=C2\CC/C(=C\c3ccc(OCCCCOP(=O)(O*)OC)c(OC)c3)C2=O)cc1OC,75.0,49.948166666666665
*N=P(N=P(N=S(*)(=O)Nc1ccccc1)(Nc1ccccc1)Nc1ccccc1)(Nc1ccccc1)Nc1ccccc1,82.0,115.81500000000001
*C(=O)c1ccc2c(c1)C(=O)N(c1ccccc1C(=O)c1ccccc1N1C(=O)c3ccc(*)cc3C1=O)C2=O,289.0,289.3043333333334
*CCCNC(=O)Cc1ccc(C(=O)N*)cc1,109.0,103.28045714285713
*C(=O)OCCOCCOCCOCCOC(=O)c1ccc(N2C(=O)c3ccc(*)cc3C2=O)cc1,52.0,191.884
*CC(*)(C)C(=O)OCc1ccc(Cl)c(Cl)c1,34.45,64.2305
*CC(*)(C)C(=O)OCCCCCCCCCCCCOc1ccc(C(=O)Oc2ccc(-c3cccc(OC(=O)c4ccc(OC(=O)c5ccc(OCCCCCCCCCCCC)cc5)cc4)c3)cc2)cc1,74.5,59.117169047619036
*CC(*)C(=O)OCCCCCCCCCCCCCCCCCC,-42.5,-35.83308536556752
*CC(*)C(=O)c1ccc(CCC)cc1,44.0,89.329
*C(=O)Nc1ccc(C(=O)c2ccc(NC(=O)c3ccc4c(c3)C(=O)N(c3ccc(NC(=O)Nc5ccc(N6C(=O)c7ccc(*)cc7C6=O)cc5)cc3)C4=O)cc2)cc1,212.0,295.8593333333334
*CC(*)(C)C(=O)OCCCN(C)c1ccc(N(C)C)cc1,12.5,81.58888095238095
*Nc1cccc(NC(=O)c2cc(NC(=O)c3ccccc3)cc(C(*)=O)c2)c1,300.0,301.7635333333334
*C(C)C(*)C(=O)OC12CC3CC(C)(CC(C)(C3)C1)C2,194.5,143.11620000000002
*/C=C(/*)c1cccc[c]1[Ge]([CH3])([CH3])[CH3],180.0,108.28072
*CCCC1(C)CCN(C(=O)CCC(=O)N2CCC(*)(C)CC2)CC1,99.0,92.9
*CCOP(=O)(/N=N/c1ccc(COC(=O)c2cc(C(=O)OCc3ccc(/N=N/P(=O)(O*)OC)cc3)cc(C(C)(C)C)c2)cc1)OC,105.0,74.19883333333334
*Oc1ccc(CC(Cc2ccc(*)cc2)(C(=O)OCC)C(=O)OCC)cc1,54.0,105.6275
*C(=O)Oc1ccc(C(C)(C)c2ccc(OC(=O)c3ccc4c(c3)C(=O)N(c3ccc(-c5ccc(N6C(=O)c7ccc(*)cc7C6=O)cc5C)c(C)c3)C4=O)cc2)cc1,166.0,247.8435333333333
*CCCCCCCCOc1ccc(CCc2ccc(O*)cc2C)cc1,-12.0,4.762340476190506
*c1ccc2c(c1)C(=O)N(c1ccc(-c3ccc(N4C(=O)c5ccc(C(*)(C(F)(F)F)C(F)(F)F)cc5C4=O)cc3C(F)(F)F)c(C(F)(F)F)c1)C2=O,320.0,318.4485
*N=P(*)(OCc1ccc(-c2ccccc2)cc1)OCc1ccc(-c2ccccc2)cc1,60.0,-9.037
*/C=C/c1cc(OCCc2ccccc2)c(*)cc1OC,121.0,36.8455
*CC(*)(C)C(=O)OCCCCCCCCCCOc1ccc(OC(=O)c2ccc(-c3ccc(OC)cc3)cc2)cc1,57.0,54.93661547619047
*c1ccc2c(c1)C(=O)N(c1cc(OCCCCCCCC)cc(N3C(=O)c4ccc(C(*)(C(F)(F)F)C(F)(F)F)cc4C3=O)c1)C2=O,195.0,156.53622222222222
*Oc1ccc(C(C)(C)c2ccc(OC(*)=O)c(Cl)c2)cc1Cl,147.0,148.81153333333333
*c1ccc(-c2ccc(C(*)(C(F)(F)F)C(F)(F)F)cc2)cc1,264.0,201.14316666666667
*Oc1c(-c2ccccc2)cc(*)cc1-c1cccc(C)c1,219.0,158.171
*CCOP(=O)(/N=N/c1ccc(-c2ccc(/N=N/P(=O)(O*)OCC)cc2)cc1)OCC,43.0,53.255
*CCOc1ccc(C2(c3ccc(OCCO[Si](O*)(c4ccccc4)c4ccccc4)cc3)c3ccccc3-c3ccccc32)cc1,97.0,36.26840000000001
*OC(C)(CC(*)=O)C(F)(F)F,27.0,22.20906666666667
*CCN(CCOC(=O)Nc1ccc(C)c(NC(=O)O*)c1)c1ccccc1,31.9,100.892
*c1ccc(Cc2ccc(N(c3ccc(C)cc3)c3ccc(-c4ccc(N(*)c5ccc(C)cc5)cc4)cc3)cc2)cc1,183.0,85.5262
*c1ccc(C(=O)Nc2ccc(Oc3ccc(NC(=O)c4ccc(Oc5ccc(-c6nn(*)c(=O)c7ccccc67)c6ccccc56)cc4)cc3)cc2)cc1,317.5,270.26133333333337
*CCCCCCOC(=O)C(CCCCP(=O)(O)O)C(=O)OCCCCCCOc1ccc(-n2on2-c2ccc(O*)cc2)cc1,19.0,96.4850880952381
*O[Si](C)(C)O[Si](C)(C)Oc1c(C)cc(-c2cc(C)c(*)c(C)c2)cc1C,55.0,25.078
*CC(O)COC(=O)CCCCC(=O)OCC(O)COc1ccc(C(=O)Oc2ccc(O*)cc2)cc1,37.0,38.885066666666674
*Oc1ccc(C(C)(C)c2ccc(OC(=O)c3cccc(C(*)=O)c3)c(C)c2)cc1C,162.0,146.63662333333332
*c1ccc(NC(=O)c2cccc(C(=O)Nc3ccc(-n4c(=O)c5cc6c(=O)n(*)c(=O)c6cc5c4=O)cc3)c2)cc1,296.0,328.573
*/C=C/c1ccc(/C=C/[Si](C)(C)c2ccc([Si](*)(C)C)cc2)cc1,76.6,-16.561
*C(=O)c1ccc2c(c1)C(=O)N(c1ccc(Oc3ccc(C(c4ccc(Oc5ccc(N6C(=O)c7ccc(*)cc7C6=O)cc5C(F)(F)F)cc4)(C(F)(F)F)C(F)(F)F)cc3)c(C(F)(F)F)c1)C2=O,220.0,244.9493333333333
*CC(*)c1cccc(OC(C)=O)c1,76.0,103.557
*CC(*)(C)C(=O)OCCCCCCC(F)(F)C(F)(F)C(F)(F)C(F)(F)C(F)(F)C(F)(F)C(F)(F)C(F)(F)C(F)(F)C(F)(F)C(F)(F)C(F)(F)F,84.0,1.8440509892154626
*c1ccc(-c2nc3cc(-c4ccc5nc(*)c(-c6ccccc6)nc5c4)ccc3nc2-c2ccccc2)cc1,391.5,261.648
*c1ccc(Oc2ccc3ccccc3c2-c2c(Oc3ccc(N4C(=O)c5ccc(NC(=O)Nc6ccc(Oc7ccc(NC(=O)Nc8ccc9c(c8)C(=O)N(*)C9=O)cc7)cc6)cc5C4=O)cc3)ccc3ccccc23)cc1,274.0,281.3256666666667
*c1ccc(Oc2ccc(C(=O)c3ccc(Oc4ccc(-c5c6c(c(*)c7ccccc57)C(=O)N(c5ccccc5-c5ccccc5)C6=O)cc4)cc3)cc2)cc1,245.0,269.79006666666663
*CC(*)(CC(=O)OC1CCCCCCC1)C(=O)OC1CCCCCCC1,124.0,71.24283333333332
*CC(*)OC(=O)C1(F)C(F)(F)C(F)(F)C(F)(F)C(F)(F)C1(F)F,54.0,42.68
*/C(C)=C(/*)CCCCCCC,160.0,-34.48445013042512
*CC(*)C(=O)OCCCCCCOc1ccc(C(=O)Oc2ccc(C#N)cc2)cc1,19.5,5.946531096681097
*CCCCCCCCCCOc1c(OC)cc(/C=C/c2ccc(/C=C/c3cc(OC)c(O*)c(OC)c3)cc2)cc1OC,68.5,45.60031666666669
*c1cccc(P(=O)(c2cccc(-n3c(=O)c4cc5c(=O)n(*)c(=O)c5c(-c5ccccc5)c4c3=O)c2)c2cc(C(F)(F)F)cc(C(F)(F)F)c2)c1,300.0,362.5875
*Oc1ccc(Nc2ccc(C(=O)c3ccc(C(=O)c4ccc(Nc5ccc(*)cc5)cc4)cc3)cc2)cc1,215.0,199.77235952380948
*c1ccc2c(c1)C(=O)N(c1ccc(Oc3ccccc3-c3ccccc3Oc3ccc(N4C(=O)c5ccc(C(*)(C(F)(F)F)C(F)(F)F)cc5C4=O)cc3)cc1)C2=O,78.0,255.10519999999994
*/C=C/c1cc(OCCCCCCCCCCCCCCCC)c(/C=C/c2ccc(*)cc2)cc1OCCCCCCCCCCCCCCCC,33.0,89.16567777777779
*Oc1ccc(C(C)(C)c2ccc(Oc3ccc(C(=O)c4c(C(=O)c5ccc(*)cc5)c(-c5ccccc5)c(-c5ccc6ccccc6c5)c(-c5ccc6ccccc6c5)c4-c4ccccc4)cc3)cc2)cc1,264.0,193.47185
*CCCCOC(=O)NCCCCNC(=O)O*,7.0,-28.343357907096046
*C(=O)Nc1cccc(NC(=O)c2ccc3[nH]c(-c4cc(-c5nc6cc(*)ccc6[nH]5)cc(N5C(=O)c6ccccc6C5=O)c4)nc3c2)c1,304.0,321.7555
*Oc1ccc(CC(NC(=O)Cc2ccc(OC(=O)CCCCCCCCC(*)=O)cc2)C(=O)OCCCCCCCC)cc1,16.0,30.489538095238096
*c1cc(CCCCCCO[Si](C)(C)C)c(*)s1,10.0,-0.06058564213564205
*CC(=O)C(*)c1ccc(C(C)(C)C)cc1,158.0,136.465
*CCCCCCCCCNC(=O)CCCCC(=O)N*,68.0,35.10119137938987
*Nc1ccc(C(C)(C)c2cccc(C(C)(C)c3ccc(NC(=C(C#N)C#N)c4ccc(C(*)=C(C#N)C#N)cc4)cc3)c2)cc1,208.0,226.48130000000003
*CCN(*)CCOCCOC,16.0,-59.22773827838829
*N=P(*)(Oc1ccc(F)cc1)Oc1ccc(F)cc1,-4.0,11.469
*CCCCCCOC(=O)Nc1ccc(C)c(NC(=O)O*)c1,32.0,34.43478333333334
*N=P(*)(OCCC)OCCC,-84.0,-64.52666969696969
*CC(CS(=O)(=O)C(C)C)O*,64.0,20.307519999999997
*C(=O)c1ccc2c(c1)C(=O)N(c1cccc(C(=O)c3ccc(C(=O)c4cccc(N5C(=O)c6ccc(*)cc6C5=O)c4)cc3)c1)C2=O,240.0,295.7695
*CC(*)C(=O)OCCCOc1ccc(C(=O)OCCCC(F)(F)C(F)(F)C(F)(F)C(F)(F)C(F)(F)C(F)(F)F)cc1,17.0,38.44106666666667
*CCOCCOC(=O)CC(=O)O*,-41.5,-58.210303571428575
*c1cccc(P(C)(=O)c2cccc(N3C(=O)c4ccc(NC(=O)OCCOc5c(Br)cc(C(C)(C)c6cc(Br)c(OCCOC(=O)Nc7ccc8c(c7)C(=O)N(*)C8=O)c(Br)c6)cc5Br)cc4C3=O)c2)c1,191.0,194.935
*c1ccc(-c2ccc(-c3ccc([Si](*)(C)C)s3)s2)s1,45.0,6.215
*CC(*)(C)C(=O)OCC1COCCOCCOCCOCCOC1,31.0,52.978
*OC(COC(=O)c1c(F)c(F)c(-c2c(F)c(F)c(C(*)=O)c(F)c2F)c(F)c1F)COc1ccc(/N=N/c2ccc(C#N)cc2)cc1,112.0,59.095
*Oc1ccc(OC(=O)c2cc(OCCCCCCCCCCC(F)(F)C(F)(F)C(F)(F)C(F)(F)C(F)(F)C(F)(F)C(F)(F)C(F)(F)C(F)(F)C(F)(F)F)cc(C(*)=O)c2)cc1,137.0,42.98063265623266
*CCCN(*)C(C)=O,30.0,-19.21030438596491
*C(=O)OCCOC(=O)c1ccc(N2C(=O)c3ccc(*)cc3C2=O)cc1,280.0,193.281
*Oc1ccc(C(C)(CC)c2ccc(OC(*)=S)cc2)cc1,102.0,124.24010000000001
*c1ccc2c(c1)C(CCCCCC)(CCCCCC)c1cc(-c3cc(OCc4ccccc4)c(*)cc3OCc3ccccc3)ccc1-2,73.0,96.83794047619047
*c1ccc(Oc2ccc(C(=O)c3ccc(Oc4ccc(-c5c6c(c(*)c7ccccc57)C(=O)N(CCCCCCCCCCCC)C6=O)cc4)cc3)cc2)cc1,147.0,103.73967857142858
*c1ccc2c(c1)C(=O)N(c1ccc(N3C(=O)c4ccc(-c5c(-c6ccccc6)c(-c6ccccc6)c(-c6ccc(Oc7ccc(-c8c(-c9ccccc9)c(-c9ccccc9)c(*)c(-c9ccccc9)c8-c8ccccc8)cc7)cc6)c(-c6ccccc6)c5-c5ccccc5)cc4C3=O)cc1)C2=O,353.0,265.9775
*OC(=O)OC1COC2C(*)COC12,140.0,100.15813333333332
*Oc1ccc(NC(=O)c2ccc(Oc3ccc(C(C)(C)c4cccc(C(C)(C)c5ccc(Oc6ccc(C(=O)Nc7ccc(Oc8ccc(-c9ccc(*)cc9)cc8)cc7)cc6)cc5)c4)cc3)cc2)cc1,167.0,225.5237
*Oc1ccc(NC(=O)c2cc(NC(=O)CCN3C(=O)c4ccccc4C3=O)cc(C(=O)Nc3ccc(*)cc3)c2)cc1,240.0,199.842
*C(=O)c1ccc2c(c1)C(=O)N(c1ccc(OCCOc3ccc(N4C(=O)c5ccc(*)cc5C4=O)cc3)cc1)C2=O,246.0,195.032
*CC(*)c1ccc(OCCC(C)C)cc1,57.0,68.402
*CCCNC(=O)CCCCC(=O)NCCCN(*)C,5.0,34.26816404820327
*CCOCCOCCOCCOC(=O)/C=C/C(=O)NCCCCCCNC(=O)/C=C/C(=O)O*,52.0,-38.555782043926385
*CCOCCOCCOCCOCCOCCOc1ccc(C(=O)Nc2cc(NC(=O)c3ccc(O*)cc3)cc(-c3nc4ccccc4[nH]3)c2)cc1,125.0,173.597
*CC(*)(C)C(=O)OCCCCCCCCCCCCOc1ccc2cc(C(=O)Oc3ccccc3)ccc2c1,12.0,29.752482539682532
*Oc1ccc(NC(=O)c2ccc([Si](c3ccccc3)(c3ccccc3)c3ccc(C(*)=O)cc3)cc2)cc1,235.0,151.3944666666667
*Oc1ccc(C2(c3ccc(OC(=O)CCCCC(*)=O)cc3)c3ccccc3-c3ccccc32)cc1,166.0,53.032701515151516
*c1ccc(Oc2ccc3ccccc3c2-c2c(Oc3ccc(N4C(=O)c5ccc(NC(=O)Nc6ccc(-c7cc(-c8ccc(-c9ccccc9)cc8)cc(-c8ccc(NC(=O)Nc9ccc%10c(c9)C(=O)N(*)C%10=O)cc8)n7)cc6)cc5C4=O)cc3)ccc3ccccc23)cc1,302.0,285.6344
*CCCCCCCCCCCN1C(=O)c2ccc(Oc3ccc4c(c3)C(=O)N(*)C4=O)cc2C1=O,74.0,93.41620238095238
*Nc1ccc(Cc2ccc(NC(=O)c3cc(NC(=O)CCCN4C(=O)c5ccccc5C4=O)cc(C(*)=O)c3)cc2)cc1,220.0,211.96703333333335
*c1ccc2c(c1)C(=O)N(c1c(C)c(C)c(N3C(=O)c4ccc(C(*)(C(F)(F)F)C(F)(F)F)cc4C3=O)c(C)c1C)C2=O,420.0,319.84
*CCc1ccc(*)c2ccccc12,160.0,122.0728
*c1ccc(NC(=O)c2ccc(OCCOc3ccc(C(=O)Nc4ccc5[nH]c(*)nc5c4)cc3)cc2)cc1,225.0,136.0605
*OP(=O)(Oc1ccc(C)cc1)Oc1ccc(S(=O)(=O)c2ccc(*)cc2)cc1,66.0,176.62509459429455
*C(=O)OCC(C)(C)CSCC(C)(C)COC(=O)C1(C)CNC(*)(C)CN1,40.0,73.28
*c1ccc(CCc2ccc(N3C(=O)C(=O)N(*)C3=O)cc2)cc1,196.0,217.051
*C(=O)Nc1ccc(Oc2ccccc2-c2ccccc2Oc2ccc(NC(=O)c3ccc4c(c3)C(=O)N(c3ccc(Oc5ccc(-c6ccc(Oc7ccc(N8C(=O)c9ccc(*)cc9C8=O)cc7)cc6)cc5)cc3)C4=O)cc2)cc1,239.0,293.228
*CCCCCCCCCOC(=O)c1ccc(C(=O)O*)cc1,35.0,-17.97343531746032
*c1c(C)cc(C(c2cccc(C(F)(F)F)c2)c2cc(C)c(N3C(=O)c4ccc(Oc5ccc6c(c5)C(=O)N(*)C6=O)cc4C3=O)c(C)c2)cc1C,264.1,250.4612
*Nc1ccc(C(C)(C)c2ccc(NC(=O)c3cc(C(*)=O)cc(S(=O)(=O)c4ccccc4)c3)cc2)cc1,287.0,299.1155
*CC(*)CC1CCCCC1,75.0,67.34254761904762
*c1ccc(N[Se]Nc2ccc(S(*)(=O)=O)cc2)cc1,62.0,225.78666666666663
*CCN(*)C(=O)CC,60.0,34.942380952380944
*/C=C/C(*)(C)C,-9.0,-7.108183333333334
*CCN(CCOC(=O)Nc1ccc(C)c(NC(=O)O*)c1)c1ccc(/N=N/c2ccc(-c3nc4ccccc4o3)cc2)cc1,152.0,137.0115
*CC(*)(C)C(=O)OCCN(CCCC)c1ccc(/N=N/c2ccc(S(=O)(=O)Nc3nccs3)cc2)cc1,53.0,101.601
*O[Si](*)(C)CCCCCCOc1ccc(C(=O)Oc2ccc(C#N)cc2C)cc1,45.0,14.536777777777779
*Oc1ccc(OC(=O)c2cc(OCCCCOCC3CCCN3c3ccc([N+](=O)[O-])cc3)c(C(*)=O)cc2OCCCCOCC2CCCN2c2ccc([N+](=O)[O-])cc2)cc1,68.0,122.402
*CCN(CCOC(=O)CCCCC(=O)O*)c1ccc(/C=N/N(c2ccccc2)c2ccccc2)cc1,54.0,49.99956666666666
*CC(*)C(=O)c1ccc(Br)cc1,101.5,115.159
*Oc1ccc(NC(=O)c2ccc(Oc3ccc(C(=O)Nc4ccc(Oc5ccc(C6(c7ccc(*)cc7)C7CC8CC(C7)CC6C8)cc5)cc4)cc3)cc2)cc1,230.0,233.9425714285714
*c1cccc(P(=O)(c2cccc(-n3c(=O)c4cc5c(=O)n(*)c(=O)c5c(-c5ccc(C(F)(F)F)cc5)c4c3=O)c2)c2cc(C(F)(F)F)cc(C(F)(F)F)c2)c1,292.0,344.4875
*c1ccc2c(c1)C(=O)N(c1cc(C(=O)Nc3ccc(C(c4ccc(NC(=O)c5ccc(C)c(N6C(=O)c7ccc(C(*)(C(F)(F)F)C(F)(F)F)cc7C6=O)c5)cc4)(C(F)(F)F)C(F)(F)F)cc3)ccc1C)C2=O,293.5,315.36233333333337
*Oc1ccc(Oc2ccc(/C=N/c3ccc(Oc4ccc(/N=C/c5ccc(*)cc5)cc4)cc3)cc2)cc1,120.0,116.7151
*CC(C)(C)C1C(=O)N(c2c(CC)cccc2CC)C(=O)C1*,210.0,118.994
*CC(*)(C)C(=O)OCc1ccco1,111.0,67.73466666666666
*CC(F)(F)C(F)(F)C(F)(F)COC(=O)c1cc(OCCCCC)cc(C(=O)O*)c1,-30.0,59.39459166666667
*Oc1ccc(/N=C/CCC/C=N/c2ccc(OC(=O)NCCCCCCNC(*)=O)cc2)cc1,72.0,79.54361538461538
*CCOCCOC(=O)c1cccc(C(=O)O*)c1,16.0,16.030166666666666
*Oc1ccc(NC(=O)c2ccc(Oc3ccc(C(C)(C)c4cccc(C(C)(C)c5ccc(Oc6ccc(C(=O)Nc7ccc(Oc8ccc(C(C)(C)c9ccc(*)cc9)cc8)cc7)cc6)cc5)c4)cc3)cc2)cc1,147.0,219.08477619047616
*CCCCCCCCCN1C(=O)c2ccc(C(c3ccc4c(c3)C(=O)N(*)C4=O)(C(F)(F)F)C(F)(F)F)cc2C1=O,135.0,146.28964194139195
*C(F)(F)C1(F)C(F)(F)C(*)(F)C(F)(F)C1(F)F,117.0,91.893
*CC1CCC(CNC(=O)CCCCCCCCCCC(=O)N*)CC1,85.0,112.10983571428572
*CCCCCCOC(=O)CCCCCCCCCCCCCCCCCCC(=O)OCCCCCCN1C(=O)c2ccc(S(=O)(=O)c3ccc4c(c3)C(=O)N(*)C4=O)cc2C1=O,19.0,53.18504761904761
*O[Si](*)(C)CCCC(=O)O,-29.0,-41.67668571428572
*CC(*)C(=O)OCCCCCCOc1ccc(C(=O)Oc2ccc(OC)cc2)cc1,29.5,7.508893001443003
*Nc1ccc(NC(=O)c2ccc(NC(=O)CCCCCCCCCCCCC(=O)Nc3ccc(C(*)=O)cc3)cc2)cc1C(=O)OCCCCCCCCCCCCCCCC,250.0,201.01306746031744
*O[Si](C)(C)O[Si](*)(C)CCCCCCCCOc1ccc(C(=O)Oc2ccc(C#N)cc2C)cc1,-15.0,15.13097777777778
*c1cc(*)cc(-c2nc3ccccc3o2)c1,250.0,235.041
*N=P(*)(OCC(F)(F)F)OCC(F)(F)F,-66.0,-61.21033333333333
*c1ccc(-c2ccc(-c3cc(CCCCCCCC)c(-c4ccc(-c5sc(*)cc5CCCCCCCC)cc4)s3)cc2)cc1,0.6,56.00386666666673
*CC(S*)c1ccccc1,-2.5,51.85379999999999
*c1[nH]c2ccccc2c1*,137.0,182.85
*Oc1ccc(C2(c3ccc(Oc4ccc(C(=O)c5cccc(C(=O)c6ccc(*)cc6)c5)cc4)cc3)c3ccccc3-c3ccccc32)cc1,223.0,221.82963333333333
*O[Si](C)(C)CCC/N=C1C=C/C(=N/CCC[Si](*)(C)C)c2c(O)ccc(O)c2\1,32.9,-2.770466666666667
*c1ccc(Oc2ccc(N3C(=O)c4cccc(Oc5c(C)cc(Cc6cc(C)c(Oc7cccc8c7C(=O)N(*)C8=O)c(C)c6)cc5C)c4C3=O)cc2)cc1,270.0,261.27
*CC(*)(CC(=O)OC)C(=O)O,159.0,64.3614
*CC(*)C(=O)Oc1ccc(C(=O)OC)cc1,67.0,92.11395
*CC(*)c1ccccc1C,131.0,119.879
*C(=O)c1ccc2c(c1)C(=O)N(c1cccc(OCCOc3cccc(N4C(=O)c5ccc(*)cc5C4=O)c3)c1)C2=O,191.0,188.783
*/C=C/c1cc(OCC(CC)CCCC)c(/C=C/c2ccc3c4ccc(*)cc4n(CC(CC)CCCC)c3c2)cc1OCC(CC)CCCC,61.0,112.25231666666669
*Oc1c(Br)cc(*)cc1Br,196.0,153.5185
*OC(F)(F)COC(=O)c1cc(OCCCCC)cc(C(=O)OCC(*)(F)F)c1,14.0,57.342349999999996
*COC(=O)OCC1OC(OCC)(OCC)OC1*,10.8,17.6419
*CC(*)(C)C(=O)OCc1ccc(OCCOCCOCC)c(OCCOCCOCC)c1,-33.0,28.888583333333333
*CCCCCCNC(=O)c1ccc(C(=O)N*)c(Sc2ccccc2)c1,121.0,111.15580952380951
*CC(*)c1ccc(-c2ccccc2)cc1,161.5,151.633
*c1ccc(Oc2ccc(C3(c4ccc(Oc5ccc(-c6cccc(*)n6)cc5C(F)(F)F)cc4)c4ccccc4-c4ccccc43)cc2)c(C(F)(F)F)c1,182.5,215.1094
*Oc1ccc(Oc2ccc(C(=O)c3ccc(C(=O)c4ccc(*)cc4)cc3)cc2)cc1-c1ccc(Cl)c(C(F)(F)F)c1,147.0,173.1377713924963
*CCCCCCCCNC(=O)C(OC)C(OC)C(=O)N*,89.0,-6.611047188016662
*O[Si](*)(C)CCCCCCCCCCCn1c2ccccc2c2ccccc21,-45.0,77.5107476190476
*N=P(*)(OCCOc1ccc2cc(I)ccc2c1)OCCOc1ccc2cc(I)ccc2c1,64.8,28.537
*c1ccc2c(c1)Sc1cc(-c3ccc(-c4ccc(*)s4)s3)ccc1N2CCCCCC,140.0,108.08388412698412
*Oc1ccc(C(c2ccc(OP3(Oc4ccc(C(=O)OC)cc4)=NP(Oc4ccc(C(=O)OC)cc4)(Oc4ccc(C(=O)OC)cc4)=NP(*)(Oc4ccc(C(=O)OC)cc4)=N3)cc2)(C(F)(F)F)C(F)(F)F)cc1,78.0,158.18861666666666
*C(=O)OCCOC(=O)c1cccc(N2C(=O)c3ccc(*)cc3C2=O)c1,220.0,186.04
*c1ccc2c(c1)C(=O)N(c1ccc(N3C(=O)c4ccc(C(*)(C(F)(F)F)C(F)(F)F)cc4C3=O)cc1)C2=O,351.0,304.427
*Cc1ccc(COP(=O)(/N=N/c2ccc(-c3ccc(/N=N/P(=O)(O*)OC)cc3)cc2)OC)cc1,48.0,64.6485
*c1ccc(/C=C/c2cc(OCCCCCCCC)c(/C=C/c3ccc(N(*)c4ccccc4)cc3)cc2OCCCCCCCC)cc1,74.0,53.771776190476196
*CC(*)CCCC,-50.0,-57.85755863711448
*CC1CCC(COP(=O)(/N=N/c2ccc(Oc3ccc(/N=N/P(=O)(O*)OC)cc3)cc2)OC)CC1,50.0,54.8395
*c1ccc(-c2sc(-c3ccc(-c4cc(SCCCCCCCC)c(*)s4)cc3)cc2SCCCCCCCC)cc1,-38.8,55.243056349206306
*Cc1cc(CNC(=O)CCCCC(=O)N*)cc(C(C)(C)C)c1,109.0,103.21
*Oc1ccc(CC(NC(=O)CCc2ccc(OC(=O)COCC(*)=O)cc2)C(=O)OCCCCCCCC)cc1,40.0,31.053304365079363
*CC(*)c1ccc(C(=O)CCC)cc1,74.0,137.562
*Oc1ccc(/C(=N/c2ccc(/N=C(\c3ccccc3)c3ccc(Oc4ccc(C(c5ccccc5)(c5ccccc5)c5ccc(*)cc5)cc4)cc3)cc2)c2ccccc2)cc1,198.0,223.18791666666667
*c1cccc(OCCCCCCCCCCCOC(=O)c2cccc(C(=O)OCCCCCCCCCCCOc3cccc(-c4nnc(*)s4)c3)c2)c1,15.0,45.14831093073593
*C(=O)Nc1cccc(NC(=O)c2ccc3c(c2)C(=O)N(c2cc(-c4nc5ccccc5o4)cc(N4C(=O)c5ccc(*)cc5C4=O)c2)C3=O)n1,365.0,324.7585
*Nc1ccc(Cc2ccc(NC(=O)c3ccc(P(=O)(c4ccccc4)c4ccc(C(*)=O)cc4)cc3)cc2)cc1,307.0,237.054
*Oc1ccc(CC(NC(=O)CCc2ccc(OC(=O)CCC(*)=O)cc2)C(=O)OCC(C)C)cc1,75.0,73.9308
*Oc1ccc(CC(NC(=O)CCc2ccc(OC(=O)CCCCCCC(*)=O)cc2)C(=O)OC)cc1,55.5,45.79641666666667
*Nc1ccc(Cc2ccc(NC(=O)CCCCCCCC(*)=O)cc2)cc1,140.0,114.88512424242423
*Oc1ccc(/C=N/N=C/c2ccc(Oc3ccc(C(C)(C)c4ccc(*)cc4)cc3)cc2)cc1,163.0,191.60158333333328
*c1cc(CCOC(=O)NCCCC)c(*)s1,67.5,62.627
*C(=O)Nc1cccc(NC(=O)c2ccc3[nH]c(-c4cc(-c5nc6cc(*)ccc6[nH]5)cc(N5C(=O)c6ccccc6C5=O)c4)nc3c2)n1,312.0,322.1995
*Oc1c(C)cc(C2(c3cc(C)c(OC(=O)c4cccc(C(*)=O)c4)c(C)c3)c3ccccc3-c3ccccc32)cc1C,315.0,185.04208
*Oc1ccc(-c2ccc(OC(=O)c3cc(CCCCC)cc(C(*)=O)c3)cc2)cc1,138.0,76.35718333333332
*Oc1ccc(C(=O)c2cccc(NC(=O)CCCCCCCCC(=O)Nc3ccc(C(=O)c4ccc(*)cc4)cc3)c2)cc1,148.0,93.5239285714286
*C#Cc1cccc(C#C[SiH2]*)c1,72.0,117.946
*CCCCCCCCNC(=O)CCP(C)(=O)CCC(=O)N*,52.0,36.925826835460676
*c1ccc(C(C#N)(C(=O)OC)C(*)(C#N)C(=O)OC)cc1,108.0,183.237925
*c1ccc(Oc2ccc(-c3ccc(-c4ccc(Oc5ccc(-c6c7c(c(*)c8ccccc68)C(=O)N(c6ccccc6)C7=O)cc5)c(C(F)(F)F)c4)cc3)cc2C(F)(F)F)cc1,317.0,309.2796666666666
*CC(*)(C)C(=O)OCCC#N,91.0,48.56
*c1ccc(Oc2ccccc2Oc2ccc(N3C(=O)c4ccc(Oc5ccccc5Oc5ccc6c(c5)C(=O)N(*)C6=O)cc4C3=O)cc2)cc1,193.0,241.1467380952381
*c1ccc2c(c1)C(=O)N(c1cccc(P(=O)(c3cccc(N4C(=O)c5ccc(C(*)(C(F)(F)F)C(F)(F)F)cc5C4=O)c3)c3cc(C(F)(F)F)cc(C(F)(F)F)c3)c1)C2=O,247.0,306.3298333333334
*CCCCCCCCCCCCOc1c(OC)cc(/C=C/c2ccc(/C=C/c3cc(OC)c(O*)c(OC)c3)cc2)cc1OC,61.1,45.60031666666669
*CC(*)C(=O)OCCCC,-49.0,-40.028762659489644
*=NP(=NP(=NC(=*)Oc1ccc(OC)cc1)(Oc1ccc(OC)cc1)Oc1ccc(OC)cc1)(Oc1ccc(OC)cc1)Oc1ccc(OC)cc1,37.0,86.80000000000001
*CC(F)(F)C(F)(F)C(F)(F)COC(=O)c1cccc(C(=O)O*)c1OCCCCC,17.0,37.169538095238096
*/C(=C/c1cc(OCCCCCCCC)c(/C=C(\c2ccccc2)c2ccc3c(c2)Sc2ccc(*)cc2S3)cc1OCCCCCCCC)c1ccccc1,93.0,42.56689444444444
*CC(*)(CC(=O)OCCOCCOC)C(=O)OCCOCCOC,-40.5,-4.433757936507936
*Oc1ccc(NC(=O)c2ccc(S(=O)(=O)c3ccc(C(=O)Nc4ccc(Oc5ccc(C6(c7ccc(*)cc7)CC7CCC6C7)cc5)cc4)cc3)cc2)cc1,287.0,236.6658888888889
*O[Si](*)(C)CCCOC(=O)c1cc(OC(=O)c2ccc(OCCOCCOCCOCCOC)cc2)ccc1OC(=O)c1ccc(OCCOCCOCCOCCOC)cc1,-37.0,60.868704761904766
*c1nnc(-c2cc(CCCCCCCCCC)c(-c3sc(-c4nnc(-c5cc(OCCCCCCCC)c(*)cc5OCCCCCCCC)o4)cc3CCCCCCCCCC)s2)o1,53.8,46.4759857864358
*CC(*)(C)C(=O)OCCOCCOc1ccc(/N=N/c2ccc(C#N)cc2)cc1,57.0,38.4985
*C(=O)c1ccc2c(c1)C(=O)N(c1cccc(C(=O)c3ccc(Oc4ccc(N5C(=O)c6ccc(*)cc6C5=O)cc4C(F)(F)F)cc3)c1)C2=O,242.0,247.07433333333336
*CCCS(=O)(=O)c1ccc(/N=N/c2ccc(N(CCCC)CC(=O)O*)cc2)cc1,92.4,76.48241666666667
*C/C=C/C(C)S(*)(=O)=O,71.0,54.8846
*CC(*)OC(=O)C(C)(CC)C(C)(C)C,120.0,30.641
*N=P(*)(OCC(COCCOCCCC)OCCOCCCC)OCC(COCCOCCCC)OCCOCCCC,-86.0,-63.45745238095239
*OC1C(COCO)OC(*)C(O)C1O,208.0,8.679
*Oc1ccc(S(=O)(=O)c2ccc(Oc3ccc(C4(c5ccc(*)cc5)c5ccccc5-c5ccccc54)cc3)cc2)cc1,278.5,260.48155555555553
*c1ccc(-c2cc3c(ccc4ccccc43)cc2-c2ccc(N(*)c3ccc(C)cc3)cc2)cc1,126.0,173.446
*CCCOC(=O)OCCCCCCOC(=O)OCCCn1c(=O)c2cc3c(=O)n(*)c(=O)c3cc2c1=O,36.0,58.614333333333335
*C(=O)Oc1ccc(C(=O)Oc2cccc(OC(=O)c3ccc(OC(=O)c4ccc(*)nc4)cc3)c2)cc1,110.0,116.84159999999999
*c1ccc(Oc2cccc(NC(=O)c3cc(NC(=O)c4ccc(OC(C)=O)cc4)cc(C(=O)Nc4cccc(Oc5ccc(-c6nnc(*)o6)cc5)c4)c3)c2)cc1,270.0,242.926
*CCOCCOCCOc1ccc(/C=C/c2cc(OC)c(/C=C/c3ccc(O*)c4ccccc34)cc2OC)c2ccccc12,79.5,39.0145
*C(=O)c1ccc2c(c1)C(=O)N(c1ccc(CP(=O)(OCCCl)OCCCl)c(N3C(=O)c4ccc(*)cc4C3=O)c1)C2=O,261.0,196.719
*c1ccc2c(c1)C(=O)N(c1ccc(OCCOCCOCCOc3ccc(N4C(=O)c5ccc(C(*)(C(F)(F)F)C(F)(F)F)cc5C4=O)cc3)cc1)C2=O,166.0,209.337
*CC(*)C(C)=O,115.0,50.48428333333333
*Oc1ccc(OC(=O)c2ccc(C(*)=O)cc2)cc1C1CC2CCC1C2,267.0,169.7108366666667
*Oc1cc(OC(=O)c2ccc(Oc3ccc(C4(c5ccc(Oc6ccc(C(*)=O)cc6)cc5)CCC(C(C)(C)C)CC4)cc3)cc2)ccc1C12CC3CC(CC(C3)C1)C2,180.0,155.37078333333332
*Oc1ccc(C(c2ccccc2)c2ccc(OC(*)=O)cc2C)c(C)c1,182.0,154.30755333333332
*/C=C/C1CC(*)C(C#N)(CC)C1,134.0,88.778
*C(=O)c1ccc2c(c1)C(=O)N(c1cccc(Nc3nc(Nc4cccc(N5C(=O)c6ccc(*)cc6C5=O)c4)nc(N(C)C)n3)c1)C2=O,294.0,325.25471428571433
*CCCCOC(=O)c1ccc([Si](C)(C)c2ccc(C(=O)O*)cc2)cc1,42.0,26.37665
*Oc1ccc(C(C)(C)c2ccc(Oc3ccc(C(=O)c4ccc(*)cc4)cc3)cc2)cc1,155.0,162.14509696969694
*Oc1ccc(/C=C/C(=O)c2ccc(Oc3ccc(C(C)(C)c4ccc(*)cc4)cc3)cc2)cc1,152.0,160.7965222943723
*CC(*)(C)C(=O)OCCN(CC)c1ccc(/N=N/c2ccc(C#N)cc2)cc1,119.0,76.2955
*/C=C/c1cc(OCC(CC)CCCC)c(/C=C/c2cc(OC)c(*)cc2OC)cc1OC,110.0,48.39373333333334
*CC1CCCC(CN2C(=O)c3ccc(-c4ccc5c(c4)C(=O)N(*)C5=O)cc3C2=O)C1,234.0,220.206
*CC(*)CC(C)(C)C,190.0,15.673478571428562
*CCCCCC(*)CC,-73.0,-67.22107858840505
*SC(*)(F)F,-118.0,63.359
*CCCCCC(*)C,-66.0,-67.79499886257533
*C(=O)Nc1ccc(Oc2cccc(NC(=O)c3ccc4c(c3)C(=O)N(c3ccc(Oc5ccc(N6C(=O)c7ccc(*)cc7C6=O)cc5)cc3)C4=O)c2)cc1,236.0,258.73511904761904
*c1ccc(-c2nc3cc(-c4ccc5nc(-c6ccccc6)c(-c6ccc(-n7c(=O)c8cc9c(=O)n(*)c(=O)c9cc8c7=O)cc6)nc5c4)ccc3nc2-c2ccccc2)cc1,217.0,346.4555
*CC(*)c1ccc(CCCCCC)cc1,-27.0,-46.38362842712842
*CCN(CCOC(=O)Nc1ccc(Cc2ccc(NC(=O)O*)cc2)cc1)c1ccc(/N=N/c2ccc([N+](=O)[O-])cc2)c(C)c1,115.0,92.1058
*CC(*)OC(=O)c1nn(C(C)=O)c2ccccc12,150.0,154.37566666666666
*C(=O)Nc1ccc(S(=O)(=O)c2ccc(NC(=O)c3ccc4[nH]c(-c5cc(-c6nc7cc(*)ccc7[nH]6)cc(N6C(=O)c7ccccc7C6=O)c5)nc4c3)cc2)cc1,325.0,319.207
*Oc1ccc(C(c2ccc(OC(*)=O)cc2)C2CCCCC2)cc1,190.0,160.12549999999996
*c1ccc(Oc2ccc(C(=O)c3ccc(Oc4ccc(-c5nnc(*)c6c(-c7ccc(F)cc7)c(-c7ccc(F)cc7)c(-c7ccc(F)cc7)c(-c7ccc(F)cc7)c56)cc4)cc3)cc2)cc1,313.0,169.5562084415584
*C(=O)c1ccc(N(*)CCCCCCCC)cc1,30.0,53.87700898545897
*CC(*)(C)C(=O)OCCOCCOCCOc1ccc(/N=N/c2ccc(C#N)cc2)cc1,37.0,38.4985
*c1ccc(Oc2ccc(C(=O)c3cccc(C(=O)c4ccc(Oc5ccc(-c6nc(-c7ccccc7)[nH]c6*)cc5)cc4)c3)cc2)cc1,230.0,234.79696666666663
*CC(=O)NCC(=O)O*,67.0,18.985
*/C=C/C1CC(*)C2C(=O)N(c3ccccc3)C(=O)C12,220.0,239.5196
*CC(*)N1CCCC1=O,158.0,138.258
*c1ccc(C(=O)Nc2ccc(-c3cc(Br)ccc3NC(=O)c3ccc(S(*)(=O)=O)cc3)cc2)cc1,288.0,263.22632380952376
*c1ccc(-c2ccc(-c3nc4cc(Oc5ccc(NC(=O)c6ccc7c(c6)C(=O)N(c6ccc(C(c8ccc(N9C(=O)c%10ccc(C(=O)Nc%11ccc(Oc%12ccc%13nc(-c%14ccccc%14)c(*)nc%13c%12)cc%11)cc%10C9=O)cc8)(C(F)(F)F)C(F)(F)F)cc6)C7=O)cc5)ccc4nc3-c3ccccc3)cc2)cc1,290.0,279.68246666666664
*CC(*)(CC(=O)Oc1ccc(OCCCCC)cc1)C(=O)Oc1ccc(OCCCCC)cc1,73.5,71.2206619047619
*NC(=O)Nc1ccc(Cc2ccc(NC(=O)Nc3cccc(*)n3)cc2)cc1,206.5,154.063
*c1ccc2c(c1)C(=O)N(c1ccc(Oc3ccc(C(=O)c4cccc(N5C(=O)c6ccc(C(*)(C(F)(F)F)C(F)(F)F)cc6C5=O)c4)cc3)c(C(F)(F)F)c1)C2=O,222.0,252.513
*CCN(CCCCCCOc1ccc(/N=N/c2ccccc2)cc1)CCOC(=O)Nc1ccc(Cc2ccc(NC(=O)O*)cc2)cc1,44.0,59.43496677489177
*Nc1cccc(NC(=O)c2cc(C(*)=O)cc(S(=O)(=O)c3ccccc3)c2)c1,277.0,285.6059333333334
*[Se]c1c(Cl)c(Cl)c(*)c(Cl)c1Cl,104.0,126.419
*c1ccc(Oc2ccc(-c3ccc(Oc4ccc(N5C(=O)c6ccc(Oc7ccccc7Oc7ccc8c(c7)C(=O)N(*)C8=O)cc6C5=O)cc4C(F)(F)F)cc3)cc2)c(C(F)(F)F)c1,208.0,247.77366666666666
*CC(*)(C)C(=O)OCCCn1c2ccccc2c2ccccc21,113.0,107.99166666666666
*OC(=O)c1cccc(C(=O)Oc2ccc3c(c2)Oc2cc(*)ccc2C32OC(=O)c3ccccc32)c1,276.0,226.1148399999999
*CC(*)(C)C(=O)OCCCCCCOc1ccc(OC(=O)c2ccc(OCCCCCCCC)cc2)cc1,-1.0,45.15849379509379
*CC(*)(C)C(=O)OCCC,43.0,39.62
*CCCCCC(=O)O*,-60.0,-58.22020101010103
*/C=C/C(COCc1ccccc1)C(*)COCc1ccccc1,-4.0,24.979875000000003
*CCCCCCCCOC(=O)c1cccc(C(=O)O*)c1,-9.0,1.3832428571428574
*CC(CSC(C)C)O*,-44.0,-25.03343333333333
*CCOC(=O)c1ccc(C2(C)CC(C)(C)c3ccc(C(=O)O*)cc32)cc1,154.0,80.949
*O[Si](*)(C)c1ccccc1,-28.15,-3.189
*c1ccc(-c2nnc(*)o2)c(OCCCCCCCC)c1,173.0,89.88798080808081
*c1ccc(Nc2c(F)c(F)c(-c3c(F)c(F)c(Nc4ccc(S(*)(=O)=O)cc4)c(F)c3F)c(F)c2F)cc1,332.0,227.07323809523808
*c1cccc(Oc2cccc(-n3c(=O)c4cc5c(=O)n(*)c(=O)c5cc4c3=O)c2)c1,283.5,306.672
*Nc1ccc(*)cc1OC,90.0,154.55133452380952
*Oc1ccc(OC(=O)c2cc(/N=N/c3ccc(OCC)cc3)ccc2-c2ccc(/N=N/c3ccc(OCC)cc3)cc2C(*)=O)cc1,170.0,104.2275
*Oc1ccc(C(=O)OCCCOC(=O)c2ccc(*)cc2)cc1,57.0,35.496833333333335
*C(=O)Nc1cccc(NC(=O)c2ccc3c(c2)C(=O)N(c2ccc(Oc4ccc(C5(c6ccc(Oc7ccc(N8C(=O)c9ccc(*)cc9C8=O)cc7)cc6)NC(=O)c6ccccc65)cc4)cc2)C3=O)c1,328.0,292.165
*CC(*)OC(=O)C(F)(F)F,55.0,23.841
*CCCCCCCCCCCC(=O)Oc1ccc2ccc(OC(=O)c3ccc4c(c3)C(=O)N(*)C4=O)cc2c1,98.0,100.98000000000002
*c1ccc(N2C(=O)c3ccc(Oc4ccc(Oc5ccc(P(=O)(c6ccccc6)c6ccc(Oc7ccc(Oc8ccc9c(c8)C(=O)N(*)C9=O)cc7)cc6)cc5)cc4)cc3C2=O)cc1,220.0,233.7065380952381
*CC(O)CO*,17.0,-14.02
*Oc1ccc(Oc2ccc(C(=O)Nc3ccc(Oc4ccc(NC(=O)c5ccc(*)cc5)cc4)cc3)cc2)cc1-c1ccccc1,219.0,232.74193333333324
*OC1CCCCC1OC(*)=O,117.3,60.660133333333334
*Oc1ccc(OC(C)COCCCCCCCOc2ccc(-c3ccc(C(*)=O)cc3)cc2)c([N+](=O)[O-])c1,50.0,73.82553015873015
*Oc1ccc(Oc2ccc(C(=O)c3ccc(Oc4ccc(Oc5cccc(*)n5)cc4)cc3)cc2)cc1,124.0,186.96037
*CC(*)C(=O)Nc1ccccc1,160.0,126.95
*c1ccc(Oc2ccc(N3C(=O)c4ccc(Oc5ccc6c(c5)C(=O)N(*)C6=O)cc4C3=O)cc2Br)c(Br)c1,251.0,237.71983015873016
*c1ccc(OCCOCCOc2cccc(N3C(=O)c4ccc(Oc5ccc6c(c5)C(=O)N(*)C6=O)cc4C3=O)c2)cc1,146.5,189.431
*CCCCCCCCNC(=O)CCCCCCCCCCCCCCCCCCCCC(=O)N*,48.0,35.10119137938987
*C(=O)Nc1ccc(Cc2ccc(NC(=O)c3ccc4c(c3)C(=O)N(c3ccc(S(=O)(=O)c5ccc(N6C(=O)c7ccc(*)cc7C6=O)cc5)cc3)C4=O)cc2)cc1,324.0,243.912
*C(=O)Nc1cccc(Oc2cccc(Oc3cccc(Oc4cccc(Oc5cccc(NC(=O)c6ccc7c(c6)C(=O)N(c6ccc(Oc8cccc(Oc9ccc(N%10C(=O)c%11ccc(*)cc%11C%10=O)cc9)c8C#N)cc6)C7=O)c5)c4C#N)c3)c2C#N)c1,199.0,237.6429523809524
*c1ccc2c(c1)C(=O)N(c1ccc(-c3ccc(Oc4ccc5c(c4)C(C)(c4ccc(Oc6ccc(-c7ccc(N8C(=O)c9ccc(C(*)(C(F)(F)F)C(F)(F)F)cc9C8=O)cc7)cc6C(F)(F)F)cc4)CC5(C)C)c(C(F)(F)F)c3)cc1)C2=O,262.0,253.67186666666663
*CC(*)(C)C(=O)OCc1c(Cl)cccc1Cl,58.9,69.508
*C(=O)c1ccc2c(c1)C(=O)N(c1cccc(Cc3ccc(C(=O)c4ccc(N5C(=O)c6ccc(*)cc6C5=O)cc4)cc3)c1)C2=O,254.0,281.592
*CCCCCCCCO*,-13.0,-64.88018282828286
*Oc1ccc(Oc2ccc(C(=O)c3ccc(C(=O)c4ccc(*)cc4)c4ccccc34)cc2)cc1,200.025,161.58362777777774
*C(=O)Oc1ccc(OCCCCCCCCCCCCOc2ccc(OC(=O)c3ccc4c(c3)C(=O)N(c3ccc(Cc5ccc(N6C(=O)c7ccc(*)cc7C6=O)cc5)cc3)C4=O)cc2)cc1,125.0,165.50261904761902
*Oc1cccc2ccc(Oc3ccc(NC(=O)c4ccc(Oc5ccc(Oc6ccc(C(=O)Nc7ccc(*)cc7)cc6)cc5)cc4)cc3)cc12,224.0,231.29473571428565
*CC(*)O,76.5,51.1654
*OC1CCC(OC(=O)C(*)=O)CC1,139.6,92.46164761904761
*Oc1ccc(Oc2ccc(C(=O)Nc3ccc(Oc4ccc(-c5ccc(Oc6ccc(NC(=O)c7ccc(*)cc7)cc6)cc5)cc4)cc3)cc2)cc1-c1ccccc1,232.0,238.6993833333333
*C(=O)Nc1ccc(C2(c3ccc(N4C(=O)c5ccc(*)cc5C4=O)cc3)CCC(CC)CC2)cc1,312.0,222.526
*CC(*)(C)C(=O)OCC(C)(C)C1OCC(C)(C)CO1,118.0,82.24
*CC(*)(CC(=O)OCCCCCCCCC)C(=O)OCCCCCCCCC,-13.0,-22.083714346764342
*CC(c1ccccc1)C1C(=O)N(c2ccccc2)C(=O)C1*,221.0,171.5846
*CC(*)(C)C(=O)OCCCCC1CCCCC1,43.0,40.248266666666666
*CC(C)N1C(=O)C2C3C=CC(C4C(=O)N(*)C(=O)C34)C2C1=O,212.0,159.38
*/C(C#N)=C/c1cc(OCC(CC)CCCC)c(/C=C(\C#N)c2ccc3c4ccc(*)cc4n(CC(CC)CCCC)c3c2)cc1OCC(CC)CCCC,72.0,111.31098333333334
*c1ccc(Oc2ccc(Oc3ccc(N4C(=O)c5ccc(-c6ccc7c(c6)C(=O)N(*)C7=O)cc5C4=O)cc3)cc2)cc1,265.0,246.5065
*CC(*)C(=O)n1c2ccccc2c2ccccc21,50.1,164.069
*Oc1ccc(/C(=C/c2ccc(-c3ccc(/C=C(\c4ccccc4)c4ccc(OC(=O)CCCCC(*)=O)cc4)cc3)cc2)c2ccccc2)cc1,128.0,51.73638666666667
*Oc1cccc(NC(=O)c2cccc(C(=O)Nc3ccc(Oc4ccc(C(=O)c5ccc(*)cc5)cc4)cc3)c2)c1,114.0,232.14265714285716
*OC(=O)c1ccc(Cc2ccc(C(*)=O)cc2)cc1,122.0,67.226
*Oc1ccc(Oc2cccc(C(=O)Oc3ccc(OC(=O)c4cccc(*)c4)cc3)c2)cc1,119.0,161.8513666666667
*CC(*)c1ccc(C#N)cc1,180.0,136.45
*Oc1cc(C)c(*)c(C)c1Br,280.15,123.862
*OC(C)COCC(C)OC(=O)c1ccccc1C(*)=O,25.0,34.47258333333333
*c1ccc(Oc2ccc(-c3ccc(Oc4ccc(N5C(=O)c6ccc(Oc7ccc8c(c7)C(=O)N(*)C8=O)cc6C5=O)cc4)cc3)cc2)cc1,245.0,223.7828
*c1ccc(N2C(=O)c3ccc(C(c4ccc5c(c4)C(=O)N(c4ccc(N6C(=O)c7ccc(-c8ccc9c(c8)C(=O)N(*)C9=O)cc7C6=O)cc4)C5=O)(C(F)(F)F)C(F)(F)F)cc3C2=O)cc1,342.0,282.816
*CCN(CCOC(=O)c1ccc([Si](C)(C)c2ccc(C(=O)O*)cc2)cc1)c1ccc(/C=C/c2ccc([N+](=O)[O-])cc2)cc1,127.0,80.778
*CCCCCCCCCCC(c1ccc(O)cc1)C(*)c1ccc(O)cc1C,-4.0,5.402826695526695
*c1ccc(Oc2ccc(N3C(=O)c4ccc(Oc5ccc(Oc6ccc(Oc7ccc8c(c7)C(=O)N(*)C8=O)cc6)cc5)cc4C3=O)cc2)cc1,215.0,209.4667047619048
*O[Si](*)(C)CCCCCCOc1ccc(C(=O)Oc2ccc(OC)cc2)cc1,-2.0,14.133818886668879
*c1ccc(Oc2ccc(-c3cnc4ccc(-c5ccc6nc(*)cnc6c5)cc4n3)cc2)cc1,280.0,323.614
*c1nc2cc(S(=O)(=O)c3ccc4oc(C5CCC(*)CC5)nc4c3)ccc2o1,296.0,106.686
*CCN(*)C(=O)C1CC1,77.0,70.30416666666666
*Oc1ccc(C(=O)c2ccc(Oc3ccc(C(=O)c4ccc(Oc5ccc(Cc6ccc(*)cc6)cc5)cc4)cc3)cc2)cc1,128.0,124.43758333333334
*Oc1ccc(NC(=O)Nc2ccccc2CCc2ccccc2NC(=O)Nc2ccc(*)cc2)cc1,232.0,117.927
*CCCCCCNC(=O)CCc1ccc(CC(=O)N*)cc1,87.0,72.60899999999998
*c1ccc(-c2ccc(N3C(=O)c4ccc(Oc5ccc(Sc6ccc(Oc7ccc8c(c7)C(=O)N(*)C8=O)cc6)cc5)cc4C3=O)cc2)cc1,257.0,212.97209999999922
*Oc1ccc(C2(c3ccc(OC(=O)c4ccc(C(*)=O)cc4)cc3)CCC(C(C)(C)C)CC2)cc1,210.0,189.25769642857145
*c1ccc2c(c1)C(=O)N(c1c(C)cc(C)c(C(=O)c3cccc(N4C(=O)c5ccc(C(*)(C(F)(F)F)C(F)(F)F)cc5C4=O)c3)c1C)C2=O,280.0,334.0885
*CC(*)(C)C(=O)OC(F)(F)C(F)(F)C(F)(F)C(F)(F)C(F)(F)C(F)(F)C(F)(F)C(F)(F)F,49.0,56.416
*CC(*)(C)C(=O)OCCCCOc1ccc(OC(=O)c2ccc(OC)c(Br)c2)cc1,69.0,58.14298095238095
*OCCOC(=O)CCCCC(=O)OCCOc1nc(-c2ccc(OCCCC)cc2)nc(*)c1-c1ccc(OC)cc1,34.0,54.506856190476164
*c1ccc(C(C)(C)c2ccc(N3C(=O)c4ccc(Oc5ccc6cc(Oc7ccc8c(c7)C(=O)N(*)C8=O)ccc6c5)cc4C3=O)cc2)cc1,236.0,233.60496666666668
*CC(*)(C)C(=O)OCCN(CC)c1ccc(/N=N/c2ccc([N+](=O)[O-])cc2)cc1,126.0,85.905
*c1ccc2c(c1)C(CCCCCCCC)(CCCCCCCC)c1cc(-c3cc(F)c(*)cc3F)ccc1-2,34.0,99.06430000000002
*CCCCCCOc1ccc(/C=C2\CCC/C(=C\c3ccc(O*)c(OC)c3)C2=O)cc1OC,80.0,45.9167880952381
*CC(*)C(=O)NC(C)(C)C,135.0,87.2714
*c1cc(CCCCCCOC(=O)COC)c(*)s1,37.0,19.45822380952381
*CC(*)OC(=O)c1cccc(Br)c1,57.5,88.11166666666666
*CC(*)C(=O)O,115.0,87.842
*c1ccc(Oc2ccc(C(C)(C)c3ccc(Oc4ccc(-c5nnc(*)n5-c5ccc(S(C)(=O)=O)cc5)cc4)cc3)cc2)cc1,230.0,185.0556107503607
*Oc1ccc2ccc(Oc3ccc(C(=O)Nc4ccc(Oc5ccc(Oc6ccc(NC(=O)c7ccc(*)cc7)cc6)cc5)cc4)cc3)cc2c1,191.0,232.35191904761902
*CC(O)COC(=O)CCCCC(=O)OCC(O)COc1ccc(C(C)(C)c2ccc(O*)cc2)cc1,34.0,39.56224285714287
*C(=O)Nc1ccc(Oc2ccc(C(C)(C)c3ccc(Oc4ccc(NC(=O)c5ccc(N6C(=O)c7ccc(*)cc7C6=O)cc5)cc4)cc3)cc2)cc1,216.0,275.677
*CC(*)(C)C(=O)OC12CC3CC(C)(CC(C)(C3)C1)C2,194.0,189.843
*Oc1ccc(C2(c3ccc(OC(=O)c4ccc(C(*)=O)cc4)cc3)CC3CC2C2CCCC32)cc1,322.0,182.1231166666667
*c1cc(C)c(*)s1,114.2,47.242
*/C=C/c1cccc(/C=C/[Si](C)(C)c2cccc([Si](*)(C)C)c2)c1,28.7,-15.781
*CC(*)c1ccc(C)cc1,103.0,115.793
*c1ccc([Si](c2ccccc2)(c2ccccc2)c2ccc(-c3ccc4c(c3)c3cc(*)ccc3n4CCCCCC#N)cc2)cc1,165.0,108.81910073260075
*CC(*)(C)C(=O)OCCCCOc1ccc(OC(=O)c2ccc(OCCCC)cc2)cc1,51.0,75.61916666666667
*c1ccc(/C=N/c2cccc(/N=C/c3ccc(-c4ccc(*)s4)cc3)c2)cc1,150.0,114.016
*Nc1ccc(Cc2ccc(NC(=O)c3cc(NC(=O)c4ccc(NC(=O)C(CC(C)C)N5C(=O)c6ccccc6C5=O)cc4)cc(C(*)=O)c3)cc2)cc1,238.0,223.588
*c1ccc(Oc2ccc(-c3cc(OCCCCCC)c(-c4ccc(Oc5ccc(-c6nnc(*)o6)cc5)cc4)cc3OCCCCCC)cc2)cc1,103.0,66.27917301587303
*Oc1ccc(CC(NC(=O)CCc2ccc(OC(=O)COCCOCC(*)=O)cc2)C(=O)OCC)cc1,53.0,54.79338333333333
*Oc1ccc(CC(NC(=O)CCc2ccc(OC(*)=O)cc2)C(=O)OCCCC)cc1,67.0,54.58371428571429
*CCCCCCOC(=O)C(CCCCCCCCCCP(=O)(OCC)OCC)C(=O)OCCCCCCOc1ccc(-n2on2-c2ccc(O*)cc2)cc1,9.0,68.88965476190477
*Nc1ccc(Cc2ccc(NC(=O)c3cc(C(*)=O)cc(S(=O)(=O)c4ccccc4)c3)cc2)cc1,270.0,219.719
*Nc1ccc(NC(=O)c2ccc(NC(=O)CCCCCCCCC(=O)Nc3ccc(C(*)=O)cc3)cc2)cc1C(=O)OCCCCCCCCCCCCCCCC,220.0,201.01306746031744
*CC(CCl)O*,-23.3,-12.521
*CCCCCCCCN1C(=O)c2ccc(C(=O)c3ccc4c(c3)C(=O)N(*)C4=O)cc2C1=O,113.0,88.33275341325343
*O[Si](*)(C)CCCCCCOc1ccc(C(=O)Oc2ccc(C#N)cc2)cc1,8.0,12.948366505716502
*c1cccc(-c2nc3cc(-c4ccc5nc(-c6ccccc6)c(*)nc5c4)ccc3nc2-c2ccccc2)c1,320.0,310.9586666666666
*CC(*)c1nnn[nH]1,72.0,128.08720000000002
*Nc1ccc(CCNC(=O)CCCCC(*)=O)cc1,115.0,119.26741666666666
*Oc1ccc(S(=O)(=O)c2ccc(Oc3ccc(C(=O)c4cc(C(=O)c5ccc(*)cc5)cc(C(C)(C)C)c4)cc3)cc2)cc1,198.0,204.20894231601721
*O[Si](C)(C)CCCCCCCC[Si](*)(C)C,-88.0,-88.611970521472
*CC(*)CC,-24.1,-19.47432142857143
*CCOCCOCCOC(=O)C1CCC(C(=O)O*)CC1,-25.0,11.267428571428573
*CCCCCCCCN1C(=O)c2ccc(C(c3ccc4c(c3)C(=O)N(*)C4=O)(C(F)(F)F)C(F)(F)F)cc2C1=O,155.0,146.28964194139195
*CCCCCCCCCCNC(=O)CCCCCCCCCCCCCCCCC(=O)N*,46.0,35.10119137938987
*OP(=O)(Oc1ccc(Cl)cc1)Oc1ccc(C(C)(C)c2ccc(*)cc2)cc1,71.0,130.98966666666664
*CC(*)(C)C(=O)OCCCCCCCCCCOc1ccc(OC(=O)c2ccc(OC)c(Br)c2)cc1,29.0,41.34104466089467
*CC(*)n1c2ccccc2c2ccccc21,225.0,161.87
*c1ccc(OCCN(CC)c2ccc(C(C#N)=C(C#N)C#N)cc2)c(-c2cc(-c3ccccc3)c3cc(Oc4ccc5nc(*)cc(-c6ccccc6)c5c4)ccc3n2)c1,200.0,134.1523333333333
*Oc1ccc(NC(=O)c2cc(C(=O)Nc3ccc(*)cc3)c(C(=O)O)cc2C(=O)O)cc1,207.4,205.92509999999982
*CCNC(=O)c1ccc(C(=O)N*)c(Sc2ccccc2)c1,172.0,139.287
*CCCCCCCCCOC(=O)NCCCCCCNC(=O)O*,58.0,-49.62533504192994
*c1ccc2c(c1)C(=O)N(c1ccc(OCCOc3ccc(N4C(=O)c5ccc(C(*)(C(F)(F)F)C(F)(F)F)cc5C4=O)cc3)cc1)C2=O,254.0,210.304
*CC(*)(C)C(=O)OCC(=O)c1ccccc1,92.5,62.1655
*CCCOC(=O)c1ccc2cc(C(=O)O*)ccc2c1,88.0,30.00898333333333
*CCCCCCOC(=O)OCCCCCCCCOC(=O)OCCCCCCOc1ccc(C(=O)c2ccc(O*)cc2)cc1,-7.7,16.71911763791764
*C(=O)Oc1ccc(C(C)(C)c2ccc(OC(=O)c3ccc4c(c3)C(=O)N(c3cccc(N5C(=O)c6ccc(*)cc6C5=O)c3)C4=O)cc2)cc1,225.0,251.9894
*CCCCCCOc1ccc(/C=C2\CC/C(=C\c3ccc(OCCCCCCOP(=O)(O*)OC)c(OC)c3)C2=O)cc1OC,74.0,46.48494404761905
*c1cc(C(c2ccc(OCCN(C)c3ccc(/C=C/C4=CC(=C(/C#N)S(C)(=O)=O)/CC(C)(C)C4)cc3)c(N3C(=O)c4ccc(Oc5ccc6c(c5)C(=O)N(*)C6=O)cc4C3=O)c2)(C(F)(F)F)C(F)(F)F)ccc1OCCN(C)c1ccc(/C=C/C2=CC(=C(/C#N)S(C)(=O)=O)/CC(C)(C)C2)cc1,225.0,185.054
*c1ccc(Oc2ccc(-c3ccc(Oc4ccc(N5C(=O)c6cccc(Oc7ccc(C(C)(C)c8ccc(Oc9cccc%10c9C(=O)N(*)C%10=O)cc8)cc7)c6C5=O)cc4)cc3)cc2)cc1,236.0,260.08279999999996
*Oc1ccc(-c2ccc(Oc3cccc(*)n3)cc2)cc1,119.0,164.0432
*CCCCCCCOC(=O)c1ccc(C(=O)O*)cc1,-1.0,-17.97343531746032
*c1cc(C)c(-c2c(C)cc(N3C(=O)c4ccc(-c5ccc6c(c5)C(=O)N(*)C6=O)cc4C3=O)cc2C)c(C)c1,280.0,309.78916666666663
*c1cccc(N2C(=O)c3ccc(Oc4ccc5ccc(Oc6ccc7c(c6)C(=O)N(*)C7=O)cc5c4)cc3C2=O)c1,254.0,263.2603333333334
*CC(*)C(=O)OCCOC(=O)c1cc([N+](=O)[O-])cc([N+](=O)[O-])c1,60.8,53.215300000000006
*CCCCCOC(=O)c1cccc(C(=O)O*)c1,7.0,1.3832428571428574
*CC(*)(C)C(=O)Oc1ccc(C(=O)OC)cc1,109.0,114.18725
*CC(*)(C)C(=O)OCCCCCCCCCCCCCCCCCC,-100.0,-22.628954975579987
*CCN(CCOC(=O)Nc1ccc(C)c(NC(=O)O*)c1)c1ccc(/N=N/c2ccc(-c3nc4ccc([N+](=O)[O-])cc4n3CC)cc2)cc1,158.0,154.348
*c1c(C)cc(-c2cc(C)c(-n3c(=O)c4cc5c(=O)n(*)c(=O)c5cc4c3=O)c(C)c2)cc1C,340.0,329.74466666666666
*CCCCCCCCCCOC(=O)CC/C=C/CCC(=O)O*,-15.0,-53.08792586879923
*CCCCCCCCOc1ccc(C(C)(C)c2ccc(O*)cc2)cc1,19.6,27.593883333333324
*CCCCCOc1ccc(CCc2ccc(O*)cc2C)cc1,15.4,4.762340476190506
*CC(=O)NCCCCCCNC(=O)Cc1ccc(O*)cc1,69.5,68.98514999999999
*CC(=O)c1ccc(Oc2ccc(C(=O)COc3ccc(/C=C4\CCC/C(=C\c5ccc(O*)c(OC)c5)C4=O)cc3OC)cc2)cc1,211.75,122.10403333333332
*Oc1cccc(C(=O)Nc2ccc(S(=O)(=O)c3ccc(NC(=O)c4cccc(Oc5nc(*)nc(Sc6ccccc6)n5)c4)cc3)cc2)c1,304.0,225.24821904761905
*Oc1ccc(/N=C(\c2ccccc2)c2ccc(Oc3ccc(C(C)(C)c4ccc(Oc5ccc(/C(=N/c6ccc(*)cc6)c6ccccc6)cc5)cc4)cc3)cc2)cc1,155.0,179.49158333333327
*c1ccc2c(c1)C(=O)N(c1cccc(C(F)(F)C(F)(F)C(F)(F)C(F)(F)C(F)(F)c3cccc(N4C(=O)c5ccc(C(F)(F)C(F)(F)C(*)(F)F)cc5C4=O)c3)c1)C2=O,111.0,192.574
*C(=O)OCCCCCOC(=O)c1ccc(N2C(=O)c3ccc(*)cc3C2=O)cc1,90.0,132.8780238095238
*C(=O)c1ccc2c(c1)/C(=N\c1ccc(Oc3ccc(C(c4ccc(Oc5ccc(/N=C6/OC(=O)c7ccc(*)cc76)cc5)cc4)(C(F)(F)F)C(F)(F)F)cc3)cc1)OC2=O,248.0,209.88551999999996
*c1ccc(Oc2cccc(Oc3ccc(N4C(=O)C5CCC(C6CCC7C(=O)N(*)C(=O)C7C6)CC5C4=O)cc3)c2)cc1,215.0,220.4623523809524
*CC(O)COc1ccc(C(C)(C)c2ccc(OCC(O)COc3c(C)cc(S(=O)(=O)c4cc(C)c(O*)c(C)c4)cc3C)cc2)cc1,137.5,123.46725000000002
*CC(SS*)c1ccccc1,4.8,51.85379999999999
*N=P(*)(Oc1ccc(C)c(C)c1)Oc1ccc(C)c(C)c1,-1.5,12.7986
*C(=O)Nc1cccc(S(=O)(=O)c2cccc(NC(=O)c3ccc4c(c3)C(=O)N(c3ccc(-c5sc(-c6ccc(N7C(=O)c8ccc(*)cc8C7=O)cc6)c(-c6ccccc6)c5-c5ccccc5)cc3)C4=O)c2)c1,320.0,331.7445
*Oc1ccc(S(=O)(=O)c2ccc3cc(S(=O)(=O)c4ccc(Oc5c(C)cc(-c6cc(C)c(*)c(C)c6)cc5C)cc4)ccc3c2)cc1,280.0,222.8861555555561
*CC(*)CC1CCCC1,60.0,63.10783333333333
*C(=O)Nc1ccc(C(c2ccc(NC(=O)c3ccc4c(c3)C(=O)N(c3c(C)cc(-c5cc(C)c(N6C(=O)c7ccc(*)cc7C6=O)c6ccccc56)c5ccccc35)C4=O)cc2)(C(F)(F)F)C(F)(F)F)cc1,250.0,290.8645
*CCc1ccc(CCNC(=O)CCCCCCCCCCCCCCCCC(=O)N*)cc1,75.0,82.27640476190476
*OC(=O)Oc1ccc2c(c1)Oc1cc(*)ccc1C21c2ccccc2-c2ccccc21,295.0,236.23739999999995
*Oc1ccc(Sc2ccc(Sc3ccc(Sc4ccc(*)cc4)cc3)cc2)cc1,84.0,115.03964047619048
*Oc1ccc(CC(NC(=O)CCc2ccc(OC(=O)CCCCCCCCC(*)=O)cc2)C(=O)OCCCCCC)cc1,22.0,30.202376190476194
*c1cccc(-c2nc3cc(-c4ccc5nc(*)c(-c6ccccc6)nc5c4)ccc3nc2-c2ccccc2)c1,319.0,310.9586666666666
*CC(*)(C)C(=O)OCCCCCCCCCCn1c2ccccc2c2cc(/N=N/c3ccc([N+](=O)[O-])cc3)ccc21,36.0,60.712719047619046
*c1ncnc(N(CCCCCCN(*)c2ccccc2)c2ccccc2)n1,72.0,16.087133333333338
*c1cc(N2C(=O)c3ccc(Oc4ccc5c(c4)C(=O)N(*)C5=O)cc3C2=O)c(O)cc1O,263.0,240.08383333333333
*C(=O)Nc1ccc(C(c2ccc(NC(=O)c3ccc4c(c3)C(=O)N(c3c(C)cc(C)c(N5C(=O)c6ccc(*)cc6C5=O)c3C)C4=O)cc2)(C(F)(F)F)C(F)(F)F)cc1,250.0,322.5925
*Oc1c(C)cc(C(c2cc(C)c(OC(*)=O)c(C)c2)(C(F)(F)F)C(F)(F)F)cc1C,208.0,171.55120000000002
*C(=O)c1ccc(C(C)(CC)c2ccc(C(=O)N3CCN(*)CC3)cc2)cc1,232.0,159.7
*Oc1ccc(S(=O)(=O)c2ccc(Oc3ccc(C(c4ccc(*)c([Si](C)(C)C)c4)(C(F)(F)F)C(F)(F)F)cc3[Si](C)(C)C)cc2)cc1,168.6,207.59120000000001
*CCC(C)O*,-50.0,-51.48358333333333
*c1cc(Br)c(-c2c(Br)cc(N3C(=O)c4ccc(-c5ccc6c(c5)C(=O)N(*)C6=O)cc4C3=O)cc2C(=O)OCCCCCCCCCC)c(C(=O)OCCCCCCCCCC)c1,116.0,104.97866666666667
*C(=O)c1ccc2c(c1)C(=O)N(c1ccc(Oc3ccc(C(=O)c4cccc(C(=O)c5ccc(Oc6ccc(N7C(=O)c8ccc(*)cc8C7=O)cc6)cc5)c4)cc3)cc1)C2=O,222.0,242.1685
*Oc1ccc(S(=O)(=O)c2ccc(Oc3ccc(S(=O)(=O)c4ccc(-c5ccc(-c6ccc(S(=O)(=O)c7ccc(*)cc7)cc6)cc5)cc4)cc3)cc2)cc1,281.0,222.14046820956816
*c1ccc(C(=O)Oc2ccc3ccc(OC(=O)c4ccc(N5C(=O)CC(SCCOCCSC6CC(=O)N(*)C6=O)C5=O)cc4)cc3c2)cc1,160.0,169.116
*Oc1ccc(CC(NC(=O)CCc2ccc(OC(=O)CCCCC(*)=O)cc2)C(=O)OC(C)CC)cc1,50.0,53.321
*Oc1ccc(C2(c3ccc(Oc4ccc(/C=C/C(=O)c5ccc(*)cc5)cc4)cc3)c3ccccc3-c3ccccc32)cc1,195.0,229.62904999999998
*CC#CCOC(=O)CCCCCCCCCCC(=O)O*,-27.0,-34.58528141438024
*Cc1cc2cc(C(=O)Nc3ccc(-c4ccc(NC(=O)c5cc6cc(*)c(OC(=O)COc7ccc8ccc(=O)oc8c7)cc6oc5=O)cc4)cc3)c(=O)oc2cc1OC(=O)COc1ccc2ccc(=O)oc2c1,248.0,111.00326666666666
*c1ccc(OC(=O)c2cccc(C(=O)Oc3ccc(-c4nc5ccccc5nc4*)cc3)c2)cc1,245.0,200.2344
*OS(=O)(=O)c1cc(S(=O)(=O)Oc2ccc(C3(c4ccc(*)cc4)CCCCC3)cc2)ccc1C,142.0,202.11262222222223
*c1cc(-c2nc3ccccc3oc2=O)cc(-n2c(=O)c3cc4c(=O)n(*)c(=O)c4cc3c2=O)c1,130.0,325.9205
*c1cccc(N2C(=O)c3ccc(Oc4ccc(-c5ccc(Oc6ccc7c(c6)C(=O)N(*)C7=O)cc5)cc4)cc3C2=O)c1,247.0,257.56106666666665
*Cc1cccc(COC(=O)Nc2ccc(Cc3ccc(NC(=O)O*)cc3)cc2)c1,106.0,73.199
*NC1CC(C)(C)CC(C)(CNC(=O)CCCCC(*)=O)C1,150.8,149.4913333333333
*c1ccc2c(c1)C(=O)N(c1cccc(NC(=O)C(F)(F)C(F)(F)C(F)(F)C(F)(F)C(F)(F)C(F)(F)C(=O)Nc3cccc(N4C(=O)c5ccc(C(*)(C(F)(F)F)C(F)(F)F)cc5C4=O)c3)c1)C2=O,218.0,299.5905
*CC(c1ccccc1)C1C(=O)N(CCN(CC)c2ccc(/N=N/c3ccc([N+](=O)[O-])cc3)cc2)C(=O)C1*,172.0,170.333
*c1ccc(Oc2ccc(Oc3ccc(N4C(=O)c5ccc(-c6ccc7c(c6)C(=O)N(*)C7=O)cc5C4=O)cc3)c(-c3ccccc3)c2)cc1,247.0,236.2263
*/C=C/C(C)C(*)C(=O)OCCCN(C)c1ccc(N(C)C)cc1,11.5,51.353609523809524
*C(=O)c1ccc2c(c1)C(=O)N(c1cccc(C(=O)c3ccc(Cc4ccc(C(=O)c5cccc(N6C(=O)c7ccc(*)cc7C6=O)c5)cc4)cc3)c1)C2=O,260.5,276.913
*Oc1ccc(S(=O)(=O)c2ccc(Oc3ccc(NC(=O)c4ccc(-c5ccc(C(=O)Nc6ccc(*)cc6)c(C)c5)cc4C)cc3)cc2)cc1,251.0,229.66451785714264
*CC(*)(C)C(=O)OCCCCCCOc1ccc(/N=N/c2ccc(OCCCC)cc2)cc1,79.0,48.823518253968246
*CNC(=O)OCc1cocc1COC(=O)NCc1ccc(C(C)(C)c2ccc(*)o2)o1,25.0,86.69760000000001
*c1ccc(Oc2ccc(-c3c(-c4ccccc4)c4c(c(-c5ccccc5)c3-c3ccccc3)C(=O)N(c3ccc(N5C(=O)c6c(c(-c7ccccc7)c(-c7ccccc7)c(*)c6-c6ccccc6)C5=O)cc3)C4=O)cc2)cc1,371.0,260.16070476190475
*NC(CCC(=O)OCc1ccc(C(F)(F)F)cc1)C(*)=O,26.57,63.008800000000114
*C1C(*)C2CC1C(C(=O)OCC1CC3CCC1C3)C2C(=O)OCC1CC2CCC1C2,320.0,107.8206
*C(=O)Nc1cccc(Oc2cccc(Oc3cccc(NC(=O)c4ccc5c(c4)C(=O)N(c4cccc(Oc6cccc(Oc7cccc(N8C(=O)c9ccc(*)cc9C8=O)c7)c6C#N)c4)C5=O)c3)c2C#N)c1,214.0,254.1555
*CCCOC(=O)CCCC(=O)O*,-33.0,-45.56627142857157
*CC(*)P(=O)(Oc1ccccc1)N(C)C,27.0,57.432
*Oc1ccc(C(C)(C)C)cc1Oc1ccc(S(=O)(=O)c2ccc(*)cc2)cc1,181.25,193.41388088023086
*c1ccc2c(c1)C(CCCCCC)(CCCCCC)c1cc(-c3ccc4c(c3)c3cc(*)ccc3n4-c3ccc(C)cc3)ccc1-2,155.0,110.81227777777775
*Oc1ccc(-c2ccc(OC(=O)c3ccc(C(=O)c4ccc(C(*)=O)cc4)cc3)c(-c3ccccc3)c2)cc1-c1ccccc1,184.5,140.44688666666667
*c1ccc(Oc2ccc(C(c3ccc(Oc4ccc(-c5nnc(*)c6c(-c7ccc(F)cc7)c(-c7ccc(F)cc7)c(-c7ccc(F)cc7)c(-c7ccc(F)cc7)c56)cc4)cc3)(C(F)(F)F)C(F)(F)F)cc2)cc1,288.0,180.05896666666666
*CC(*)(C)C(=O)OCC(F)(F)F,75.0,47.913
*O[Si](*)(C)CCc1ccc(O)cc1,39.0,-40.8155
*/C=C/c1cccc(/C=C/[Si](C)(C)c2ccc([Si](*)(C)C)cc2)c1,39.900000000000006,-17.209
*c1ccc(Oc2ccc(Oc3ccc(Oc4ccc(-c5cnc6ccc(-c7ccc8nc(*)cnc8c7)cc6n5)cc4)cc3)cc2)cc1,216.0,323.614
*CCCCCCN1C(=O)c2ccc(Oc3ccc4c(c3)C(=O)N(*)C4=O)cc2C1=O,164.0,93.41620238095238
*Oc1ccc(Oc2ccc(C(=O)c3ccc(NC(=O)c4cccc(C(=O)Nc5ccc(C(=O)c6ccc(*)cc6)cc5)c4)cc3)cc2)cc1,198.0,235.48952619047617
*/C=C(\C#N)C(=O)OCCCCCCOC(=O)/C(C#N)=C/c1ccc2c(c1)c1cc(*)ccc1n2CCCCCCCCCCCCCC,53.0,58.54735912698414
*CCCCCCCCCCn1c2ccccc2c2cc(/C=C(\C#N)C(=O)OCCCCCCOC(=O)/C(C#N)=C/c3ccc4c(c3)c3ccccc3n4*)ccc21,94.5,50.30982222222222
*Nc1cccc(C(=O)c2ccc(NC(=O)c3cccc(C(=O)c4ccc(C(*)=O)cc4)c3)cc2)c1,215.0,298.2524666666667
*c1ccc2c(c1)C(=O)N(c1ccc(Oc3ccc(N4C(=O)c5ccc(C(C)(C)CCCCCCCCC(*)(C)C)cc5C4=O)cc3)cc1)C2=O,123.65,158.72116666666662
*CCCCCCNC(=O)c1ccc(C(C)(CC)c2ccc(C(=O)N*)cc2)cc1,164.0,140.59689285714285
*Oc1cccc(OC(=O)c2ccc(C(C)(C)c3ccc(C(*)=O)cc3)cc2)c1,158.0,148.49894999999998
*CC(*)C(=O)OCCOCCOC(F)(F)C(F)F,-40.0,-22.174785714285715
*Oc1c(Cl)cc(C2(c3cc(Cl)c(OC(*)=O)c(Cl)c3)CC3CC2C2CCCC32)cc1Cl,281.0,162.24020000000002
*CCCCCCCCCCOC(=O)NNC(=O)CCCCCCCCC(=O)NNC(=O)O*,34.0,-10.887263786813728
*Oc1ccc(Oc2ccc(/C=N/c3ccc(/N=C/c4ccc(*)cc4)cc3)cc2)cc1,117.0,116.7151
*CC(*)(CC(=O)OC)C(=O)OC12CC3CC(C)(CC(C)(C3)C1)C2,144.0,163.878
*Oc1ccc(P(C)(=O)c2ccc(Oc3ccc(C(c4ccc(*)cc4)(C(F)(F)F)C(F)(F)F)cc3)cc2)cc1,208.0,221.53384761904763
*c1ccc(-c2cc(-c3ccc(OCCCC#N)cc3)cc(-c3ccc(N4C(=O)c5ccc(-c6ccc7c(c6)C(=O)N(*)C7=O)cc5C4=O)cc3)n2)cc1,360.0,152.999
*C[Si](*)(C)CCCN(CC)CC,-31.75,-74.79570146520147
*CCN(CCOC(=O)Nc1ccc(C)c(NC(=O)O*)c1)c1ccc(/N=N/c2ccc([N+](=O)[O-])cc2C)cc1,137.0,119.995
*Nc1cccc(NC(=O)c2ccc(C(*)=O)cc2)c1,238.0,285.54
*CC(*)c1ccccc1OC(C)=O,118.0,96.076
*Oc1ccc(C2(c3ccc(OC(=O)CCCCCCC(*)=O)cc3)c3ccccc3-c3ccccc32)cc1,158.0,43.54396024531025
*c1ccc(Oc2ccc(C(=O)c3cccc(C(=O)c4ccc(Oc5ccc(N6C(=O)c7ccc(Oc8ccc(Oc9ccc(Oc%10ccc%11c(c%10)C(=O)N(*)C%11=O)cc9)cc8)cc7C6=O)cc5)cc4)c3)cc2)cc1,192.0,253.76579999999998
*c1ccc(Oc2ccc(Oc3ccc(N4C(=O)c5ccc(Oc6ccccc6Oc6ccc7c(c6)C(=O)N(*)C7=O)cc5C4=O)cc3)cc2)cc1,202.0,227.63387142857144
*c1ccc(Oc2ccc(N3C(=O)c4ccc(Oc5ccc(Oc6ccc7c(c6)C(=O)N(*)C7=O)cc5)cc4C3=O)cc2)cc1,260.5,209.4667047619048
*CC(*)C(=O)NCCCCCC(=O)O,68.0,48.066102188002866
*CC(*)(C)C(=O)OCc1ccsc1,83.5,58.3288
*CC(O)CN(C)S(=O)(=O)c1ccc(-c2ccc(S(=O)(=O)N(C)CC(O)COc3ccc(O*)cc3)cc2)cc1,84.0,112.80608333333333
*c1ccc([Si](*)(C)C)s1,21.0,-2.266
*c1ccc(Cc2ccc(N3C(=O)c4cccc5c(N6CCC(CCCC7CCN(c8ccc9c%10c(cccc8%10)C(=O)N(*)C9=O)CC7)CC6)ccc(c45)C3=O)c(C(C)(C)C)c2)cc1C(C)(C)C,202.7,194.268
*CCCCCOC(=O)Nc1ccc(C)c(NC(=O)O*)c1,52.0,34.43478333333334
*CCCCCCNC(=O)c1ccc(C(=O)N*)c(Oc2ccc(Cl)cc2)c1,112.0,114.4025384199134
*CCN(*)C(=O)CCCC,13.0,-20.119084273182953
*Oc1ccc(C(C)(CCC#N)c2ccc(OC(*)=O)c(C)c2)cc1C,117.0,121.152
*CC(COCOCC(C)([N+](=O)[O-])[N+](=O)[O-])O*,-15.0,-5.730566666666667
*c1ccc(-c2cc(-c3ccccc3)c3cc(-c4ccc5nc(*)cc(-c6ccccc6)c5c4)ccc3n2)cc1,395.0,347.235
*c1ccc(Cc2ccc(N3C(=O)c4ccc(Oc5ccc(C6(c7ccc(Oc8ccc9c(c8)C(=O)N(*)C9=O)cc7)CCC(c7ccccc7)CC6)cc5)cc4C3=O)cc2)cc1,232.0,247.483
*c1ccc(-c2ccc(-c3nc4ccc(-c5ccc6nc(*)c(-c7ccccc7)nc6c5)cc4nc3-c3ccccc3)cc2)cc1,404.0,260.184
*Oc1c(-c2ccccc2)cc(-c2cc(-c3ccccc3)c(OC(=O)CCCCCCCCC(*)=O)c(-c3ccccc3)c2)cc1-c1ccccc1,98.0,49.317653333333325
*c1ccc(Oc2ccc(C(=O)c3ccc(Oc4ccc(C5(*)c6ccccc6C(=O)N5C)cc4)cc3)cc2)cc1,245.0,251.68390000000005
*CC(*)(CCCCCCCC)C(=O)OC,34.0,5.413007473082472
*CC(OCC(C)C)C1C(=O)OC(=O)C1*,145.0,66.1105
*c1ccc(Sc2cc3c(cc2Sc2ccc(N4C(=O)c5ccc(Oc6ccc7c(c6)C(=O)N(*)C7=O)cc5C4=O)cc2)C(=O)N(c2ccc(CC)cc2)C3=O)cc1,271.0,208.248
*CCCCOC(=O)c1ccc(C(C)(C)c2ccc(C(=O)O*)cc2)cc1,44.0,37.65545
*/C=C/c1sc(-c2ccc3c(c2)C(CCCCCC)(CCCCCC)c2cc(-c4sc(/C=C/C5=CC(=C(C#N)C#N)C=C(*)O5)c(CCCCCC)c4CCCCCC)ccc2-3)c(CCCCCC)c1CCCCCC,115.0,63.6338218559219
*CCC1C(=O)N(C)C(=O)C1*,141.2,162.915
*Oc1ccc(NC(=O)c2cc(NC(=O)CCCN3C(=O)c4ccccc4C3=O)cc(C(=O)Nc3ccc(*)cc3)c2)cc1,225.0,156.02591666666666
*Oc1cccc(NC(=O)CCCCCCC(=O)Nc2ccc(*)cc2)c1,140.0,89.19382857142857
*C(=O)c1ccc2c(c1)C(=O)N(c1c(C)cc(C(c3cc(C(F)(F)F)cc(C(F)(F)F)c3)c3cc(C)c(N4C(=O)c5ccc(*)cc5C4=O)c(C)c3)cc1C)C2=O,301.1,282.2845
*CCCCOC(=O)Nc1ccc(Cc2ccc(NC(=O)OCCCCn3c4ccccc4c4cc(/C=C(\C#N)C(=O)OCCCCCCOC(=O)/C(C#N)=C/c5ccc6c(c5)c5ccccc5n6*)ccc43)cc2)cc1,122.0,91.44091785714284
*CC(C[Si](*)(C)C)c1ccccc1,-5.0,22.7042
*c1ccc2c(c1)C(=O)N(c1cc(C(c3ccc(OC(C)=O)c(N4C(=O)c5ccc(C(*)(C(F)(F)F)C(F)(F)F)cc5C4=O)c3)(C(F)(F)F)C(F)(F)F)ccc1OC(C)=O)C2=O,266.5,260.23699999999997
*CCOCCC(=O)O*,-35.0,-44.56156111111111
*Oc1ccc(C(C)(C)c2ccc(OC(=O)C3CCC(C(*)=O)CC3)cc2)cc1,150.0,152.8124
*C(=O)Nc1cccc(NC(=O)c2ccc3c(c2)C(=O)N(c2ccc(Oc4cccc5c(N6C(=O)c7ccc(*)cc7C6=O)cccc45)cc2)C3=O)n1,293.0,264.941
*Oc1ccc(C(=O)c2ccc(Oc3ccc(C(=O)c4c(C(=O)c5ccc(*)cc5)c(-c5ccccc5)c(-c5ccc6ccccc6c5)c(-c5ccc6ccccc6c5)c4-c4ccccc4)cc3)cc2)cc1,290.0,190.1021761904762
*CCOCCOC(=O)/C=C/C(=O)NCCCCCCNC(=O)/C=C/C(=O)O*,76.0,-38.555782043926385
*c1ccc(C(=O)Nc2ccc(-c3nnc(*)o3)cc2)c(Oc2ccccc2)c1,235.0,236.31046666666663
*CC(*)c1cc(C)cc(C)c1,112.0,116.049
*CC(*)(C)C(=O)OCCN(CC)c1ccc(/N=N/c2ccc([N+](=O)[O-])c3ccccc23)cc1,116.0,84.251
*OC(=O)CNC(=O)CCCCCCCCC(=O)NCC(=O)OC1COC2C(*)COC12,66.0,25.008797619047623
*Nc1cc([N+](=O)[O-])c(NC(=O)CCCCCCCCC(*)=O)cc1/C=C/c1ccc(N(C)C)cc1,159.0,100.83971031746032
*OC1C(C)(C)C(OC(=O)c2ccc(C(*)=O)cc2)C1(C)C,184.0,103.281
*C(=O)Nc1c(C)cc(Cc2cc(C)c(NC(=O)c3ccc4c(c3)C(=O)N(c3ccc(/N=N/c5ccc([N+](=O)[O-])cc5)c(N5C(=O)c6ccc(*)cc6C5=O)c3)C4=O)c(C)c2)cc1C,280.0,263.099
*C(=O)Oc1ccc(C2(c3ccc(OC(=O)c4ccc5c(c4)C(=O)N(c4ccc(-c6ccc(N7C(=O)c8ccc(*)cc8C7=O)cc6C)c(C)c4)C5=O)cc3)CC3CC2C2CCCC32)cc1,226.0,242.283
*CCCCCCOC(=O)OCCCOC(=O)OCCCCCCOc1ccc(Oc2ccc(O*)cc2)cc1,-6.0,18.287272183372192
*c1nc(-c2ccccc2)nc(N(CCCCCCN(*)c2ccccc2)c2ccccc2)n1,74.0,29.61273333333334
*CNC(=O)CCCCCCCCC(=O)NCC1COC(*)CO1,73.0,69.91048333333335
*Oc1ccc(S(=O)(=O)c2ccc3cc(S(=O)(=O)c4ccc(Oc5c(C)cc(-c6cc(C)c(*)c(C)c6C)c(C)c5C)cc4)ccc3c2)cc1,300.0,220.6253000000004
*c1ccc(Oc2ccc(S(=O)(=O)c3ccc(Oc4ccc(-c5c6c(c(*)c7ccccc57)C(=O)N(c5ccccc5-c5ccccc5)C6=O)cc4)cc3)cc2)cc1,278.0,277.79423333333335
*CCCCCCCCCCNC(=O)c1ccc(C(=O)N*)c(Oc2ccccc2)c1,94.0,111.84716580086581
*Oc1ccc(CC(NC(=O)CCc2ccc(OC(=O)CCCCCCC(*)=O)cc2)C(=O)OCc2ccccc2)cc1,47.0,55.56101666666666
*CC(*)(C)C(=O)OCC=C,94.0,54.443
*CCCS(=O)(=O)CCCS(=O)(=O)CCCOC(=O)c1cccc(C(=O)O*)c1,67.0,12.4645
*CCCCCCCCNC(=O)CC(=O)N*,55.0,47.38059544452093
*CC(*)(C)C(=O)OC(C)C(C)(C)C,108.0,56.722
*Oc1ccc(C(C)(C)c2ccc(OC(=O)Oc3ccc(Cc4ccc(OC(*)=O)cc4)cc3)cc2)cc1,107.8,129.767
*C(=O)Nc1ccc(Oc2ccc(NC(=O)c3ccc4c(c3)C(=O)N(c3ccc(-c5sc(-c6ccc(N7C(=O)c8ccc(*)cc8C7=O)cc6)c(-c6ccccc6)c5-c5ccccc5)cc3)C4=O)cc2)cc1,320.0,299.563
*c1ccc(N2C(=O)c3ccc(Oc4ccc(Sc5ccc(Oc6ccc7c(c6)C(=O)N(*)C7=O)cc5)cc4)cc3C2=O)cc1,238.0,206.6068666666659
*CCCCCCCCc1nc2cc(-c3ccc4[nH]c(*)nc4c3)ccc2[nH]1,234.0,17.503523004772997
*C(=O)c1ccc2c(c1)C(=O)N(c1cccc(Cc3cccc(N4C(=O)c5ccc(*)cc5C4=O)c3)c1)C2=O,249.5,275.264
*CC(*)c1ccc(C(=O)CCCCCCC)cc1,50.0,-11.125609523809526
*Oc1ccc(C(C)(CC)c2ccc(OC(=O)OC3C(C)(C)C(OC(*)=O)C3(C)C)cc2)cc1,124.0,135.7541
*Oc1ccc(CC(NC(=O)CCc2ccc(OC(=O)CCC(*)=O)cc2)C(=O)OC(C)C)cc1,82.0,70.59438333333333
*CCCC(=O)Nc1ccc(Oc2ccc(Oc3ccc(NC(=O)CCCN4C(=O)c5ccc(C(=O)c6ccc7c(c6)C(=O)N(*)C7=O)cc5C4=O)cc3)cc2)cc1,178.0,146.056
*/C(CC)=C(/*)c1ccccc1,200.0,77.8846
*c1cccc(OCCCCCCCCCCOc2cccc(N3C(=O)c4ccc(-c5cccc6c5C(=O)N(*)C6=O)cc4C3=O)c2)c1,127.0,144.0752222222222
*CC1CC(*)OC(CCC)O1,58.0,72.463
*Oc1ccc(C(C)(C)c2ccc(OC(*)=O)c(Cl)c2)cc1C,138.0,156.76633333333334
*CCCCCCCCCCCCCCCCCCNC(=O)CCCCCCCCCCCCCCCCC(=O)N*,50.0,35.10119137938987
*c1ccc(NC2CC(=O)N(c3ccc(-c4sc(-c5ccc(N6C(=O)CC(Nc7ccc(-c8nc(C#N)c(C#N)nc8*)cc7)C6=O)cc5)c(-c5ccccc5)c4-c4ccccc4)cc3)C2=O)cc1,231.0,346.34
*CCCCCCNC(=O)CCc1ccc(CCC(=O)N*)cc1,85.0,80.60197142857143
*c1ccc(-c2ccc3nc(*)cc(-c4ccccc4)c3c2)cc1,383.0,328.356
*CCCCCCCCCCCCNC(=O)c1ccc(C(=O)N*)cc1,130.0,104.59298116883119
*CC(*)(C)C(=O)OCCCCCCCCCCCOc1ccc2cc(C(=O)Oc3ccccc3)ccc2c1,10.0,29.752482539682532
*CCC1CC(OC(=O)CCCCCCCCCCOc2ccc(-c3ccc(C#N)cc3)cc2)CC1*,24.0,55.23132166666665
*C(=O)c1ccc2c(c1)C(=O)N(c1cccc(C(=O)c3cccc(N4C(=O)c5ccc(*)cc5C4=O)c3)c1)C2=O,242.0,298.54
*CC(*)c1ccc(C(F)(F)C(F)(F)C(F)(F)C(F)(F)C(F)(F)C(F)(F)C(F)(F)F)cc1,42.0,123.145
*c1cccc(-n2c(=O)c3cc4c(=O)n(*)c(=O)c4cc3c2=O)c1,430.0,323.2085
*c1cc(CC(=O)OCCN(CC)c2ccc(/N=N/c3ccc([N+](=O)[O-])cc3)cc2)c(*)s1,102.0,56.56800000000001
*CC(*)(C)C(=O)OCCCC,25.0,10.023271825396828
*NC(C)CC(*)=O,125.0,79.35765595238094
*CC(*)C(=O)OCCCCCCCOC(=O)c1ccc(OC(=O)c2ccc(C#N)cc2)cc1,20.0,-0.3618499999999998
*Oc1c(C)cc(-c2cc(C)c(Oc3ccc(C(=O)c4ccc(*)cc4)cc3)c(C)c2)cc1C,246.635,171.41666060606067
*CC(*)(C)C(=O)OCCCCCCCCOc1ccc(/N=N/c2ccc(C#N)cc2)cc1,35.0,33.56588708513708
*CCCCOC(=O)COCC(=O)O*,-23.0,-48.19859949919365
*OC(COCCCC)COC(*)=O,-22.0,-33.94886547619048
*c1ccc(OC(=O)c2ccc([Si](c3ccccc3)(c3ccccc3)c3ccc(C(=O)Oc4ccc(C5(*)OC(=O)c6ccccc65)cc4)cc3)cc2)cc1,250.0,253.24399999999932
*CCOCCOCCOC(=O)/C=C/C(=O)NCCCCCCNC(=O)/C=C/C(=O)O*,65.0,-38.555782043926385
*C(=O)c1ccc2c(c1)C(=O)N(c1cccc(Cc3ccccc3N3C(=O)c4ccc(*)cc4C3=O)c1)C2=O,258.0,272.353
*O[Si](C)(CCC(F)(F)F)CCC(F)(F)CC[Si](*)(C)CCC(F)(F)F,-38.0,-51.471833333333336
*CCCCCCOC(=O)OCCCCCCCCOC(=O)OCCCCCCOc1ccc(Oc2ccc(O*)cc2)cc1,-17.0,18.279605516705526
*Oc1ccc2ccc(Oc3ccc(C(=O)Nc4ccc(C(C)(C)c5ccc(C(C)(C)c6ccc(NC(=O)c7ccc(*)cc7)cc6)cc5)cc4)cc3)cc2c1,155.0,233.27191190476182
*c1cccc(-c2nc3ccc(-c4ccc5nc(*)sc5c4)cc3s2)c1,495.0,229.381
*c1ccc2c(c1)C(=O)N(c1cccc3c(N4C(=O)c5ccc(C(*)(C(F)(F)F)C(F)(F)F)cc5C4=O)cccc13)C2=O,390.0,303.944
*CC(*)c1cccc(N(c2ccc(C)cc2)c2ccc(C)cc2)c1,126.5,103.221
*CCCCCCc1nc2cc(NC(=O)CCCCCCCCC(=O)Nc3ccc4oc(*)nc4c3)ccc2o1,86.0,83.4799904761905
*Oc1ccc(CC(NC(=O)CCc2ccc(OC(=O)CCCC(*)=O)cc2)C(=O)OCCCC)cc1,56.0,52.513
*CC(*)c1cc(C)c(C)cc1C,104.0,118.734
*CC[CH2][Sn]([CH3])([CH3])[CH2]CCOC(=O)C(CCCCCCOc1ccc(-c2ccc(OCc3ccc([N+](=O)[O-])cc3)cc2)cc1)C(=O)O*,40.5,48.16164023809524
*Oc1ccc(CC(NC(=O)CCc2ccc(OC(=O)CCCCCCCCC(*)=O)cc2)C(=O)OC(C)CC)cc1,36.0,46.19141666666667
*Oc1ccc(S(=O)(=O)c2ccc(-c3ccc(*)cc3)cc2)cc1,269.0,218.85435031635018
*CC(*)c1ccc(COCCC)cc1,22.0,38.23575
*/C=C/c1cc(OCCCCCCCCCCCC)c(/C=C/c2ccc(*)cc2)cc1OCCCCCCCCCCCC,38.0,89.16567777777779
*C/C=C/COC(=O)CCCCCCCCC(=O)O*,-40.5,-48.18468791685612
*Oc1cc(Br)cc(Br)c1*,170.0,124.724
*c1ccc(Cc2ccc(N3C(=O)c4ccc([Si](C)(C)O[Si](C)(C)O[Si](C)(C)c5ccc6c(c5)C(=O)N(*)C6=O)cc4C3=O)cc2)cc1,220.0,262.669
*CC(*)C(=O)OCC(F)(F)C(F)(F)OC(F)(F)F,-55.0,34.58560952380953
*CC(*)c1ccccc1COCCC(C)C,78.0,29.26966666666667
*C(=O)Oc1ccc(C2(c3ccc(OC(=O)c4ccc5c(c4)C(=O)N(c4ccc(-c6ccc(N7C(=O)c8ccc(*)cc8C7=O)cc6C)c(C)c4)C5=O)cc3)C3CC4CC(C3)CC2C4)cc1,222.0,241.78
*C#Cc1cccc(C#C[SiH](*)C)c1,72.0,126.411
*CCCCCCCNC(=S)N*,52.0,35.79775739401264
*CCCCCCOC(=O)c1cc(OCCCCCCOc2ccc(/N=N/c3ccc(C#N)cc3)cc2)cc(C(=O)OCCCCCCN2C(=O)c3ccc(-c4ccc(-c5ccc6c(c5)C(=O)N(*)C6=O)cc4)cc3C2=O)c1,67.0,63.191448412698406
*C(=O)Nc1cc(NC(=O)c2cccc(*)n2)cc(-c2nnc(-c3ccccn3)o2)c1,255.0,179.8992
*Oc1ccc(S(=O)(=O)c2ccc(Oc3ccc(/C=N/c4ccc(Oc5ccc(-c6ccc(Oc7ccc(/N=C/c8ccc(*)cc8)cc7)cc6)cc5)cc4)cc3)cc2)cc1,127.0,156.26418262570772
*CCOC(=O)CCC(=O)O*,-11.1,-31.779000000000018
*c1cccc(P(=O)(c2ccc(Oc3ccc(C45CC6CC(CC(C6)C4)C5)cc3)cc2)c2cccc(-n3c(=O)c4cc5c(=O)n(*)c(=O)c5cc4c3=O)c2)c1,330.0,292.3753333333333
*CC(C)CO*,-55.0,-36.76
*CC(*)c1ccc(B(Oc2ccc(B3OC(C)(C)C(C)(C)O3)c3cccnc23)c2ccc(C(C)(C)C)cc2)cc1,275.0,205.351
*Oc1ccc(S(=O)(=O)c2ccc(Oc3cccc(NC(=O)c4ccc(-c5ccc(C(=O)Nc6cccc(*)c6)c(C)c5)cc4C)c3)cc2)cc1,220.0,202.90450641025637
*c1ccc2c(c1)C(=O)N(C1CC(C)(C)CC(C)(CN3C(=O)c4ccc(C(*)(C(F)(F)F)C(F)(F)F)cc4C3=O)C1)C2=O,278.0,236.497
*Nc1cc(NC(=O)CCCCC(*)=O)cc(-c2nnc(-c3ccccn3)o2)c1,159.0,130.08896969696968
*CCN(*)C(=O)c1c(F)cc(F)cc1F,135.0,91.63416666666667
*Oc1ccc(C2(c3ccc(OC(=O)c4ccc(C(*)=O)cc4)c(C)c3)CCC3CCCCC3C2)cc1C,247.0,148.95583761904763
*/C=C/C1CC(*)C(C#N)(C[Si](C)(C)O[Si](C)(C)C)C1,68.0,-2.371066666666668
*N(CCC)[Si](C)(C)C[Si](*)(C)C,-20.0,-83.92166666666665
*O[Si](*)(C)CCCC,-115.0,-92.81223178765681
*/C=C/c1ccc(*)cc1,240.0,157.7729666666666
*Oc1ccccc1Oc1ccc(S(=O)(=O)c2ccc(*)cc2)cc1,171.0,193.766458061383
*CC(*)c1ccc(C(=O)OC(C)C)cc1,95.0,90.80325
*Oc1ccc(C(C)(C)c2cccc(C(C)(C)c3ccc(Oc4ccc(C(=O)Nc5ccc(NC(=O)c6ccc(*)cc6)cc5)cc4)cc3)c2)cc1,154.0,219.08477619047616
*Oc1ccc(/C=C2\CC/C(=C\c3ccc(OC(=O)c4ccc(/N=C/c5ccc(/C=N/c6ccc(C(*)=O)cc6)cc5)cc4)cc3)C2=O)cc1,205.0,190.06765000000007
*c1ccc(S(=O)(=O)c2ccc(-n3nc(-c4ccccc4)c4ccc(S(=O)(=O)c5ccc6c(-c7ccccc7)nn(*)c(=O)c6c5)cc4c3=O)cc2)cc1,422.0,315.9695
*Oc1ccc(S(=O)(=O)c2ccc(Oc3ccc(C(C)(CCC(=O)O)c4ccc(*)cc4)cc3)cc2)cc1,163.0,175.22884047619047
*C(F)(F)C(*)(F)OC(F)(F)C(F)(F)F,29.0,-48.005
*CC(OC(=O)C(CC(C)C)NC(=O)OCc1ccccc1)C(COC(=O)O*)OC(=O)C(CC(C)C)NC(=O)OCc1ccccc1,50.9,25.504250000000003
*O[Si](C)(C)CCCNC(=O)C(=O)NCCC[Si](*)(C)C,-46.48,-54.896800000000006
*Oc1cccc(NC(=O)c2cccc(C(=O)Nc3ccc(*)cc3)c2)c1,240.0,238.05786666666663
*c1ccc(C(=O)c2ccc(C(=O)c3ccc(S(*)(=O)=O)cc3)cc2)cc1,213.5,203.90296666666669
*c1ccc(N(c2ccc(C#N)cc2)c2ccc(N3C(=O)c4ccc(Oc5ccc(C(C)(C)c6ccc(C(C)(C)c7ccc(Oc8ccc9c(c8)C(=O)N(*)C9=O)cc7)cc6)cc5)cc4C3=O)cc2)cc1,224.0,219.921
*CCCCCCCCCCOC(=O)NCc1ccc(CNC(=O)O*)cc1,49.0,5.422832539682537
*C(=O)Nc1ccc(Cc2ccc(NC(=O)c3ccc4c(c3)C(=O)N(c3ccc(/N=N/c5ccc(C)cc5)c(N5C(=O)c6ccc(*)cc6C5=O)c3)C4=O)c(C)c2)cc1C,257.0,261.213
*OC(=O)OCC(OC)C(COC(=O)OC1COC2C(*)COC12)OC,61.0,43.223
*C(=O)c1ccc2c(c1)C(=O)N(c1ccc(Cc3ccc(Cc4cccc(N5C(=O)c6ccc(*)cc6C5=O)c4)cc3)cc1)C2=O,317.0,283.23
*CC(*)(CC(=O)OCCCc1ccccc1)C(=O)OCCCc1ccccc1,-8.0,9.697583333333332
*CCCCOC(=O)c1ccc2cc(C(=O)O*)ccc2c1,66.0,28.18265
*Oc1ccc(C(C)(C)c2ccc(C(C)(C)c3ccc(Oc4ccc(C(=O)Nc5cccc(NC(=O)c6ccc(*)cc6)c5)cc4)cc3)cc2)cc1,173.0,200.42049047619045
*CCCCCC(=O)Oc1ccc(OC(=O)CCCCCn2c(=O)c3cc4c(=O)n(*)c(=O)c4cc3c2=O)c(C)c1,78.0,76.6567380952381
*CC(*)(C)C(=O)OCCCC1CCCCC1,60.0,46.79593333333333
*CCOC(=O)CCCCCC(=O)O*,-46.0,-55.16004415584414
*c1ccc(OCCN(C)c2ccc(/C=C/C3=CC(=C4/C(=O)c5ccccc5C4=C(C#N)C#N)/C=C(/C=C/c4ccc(N(C)CCOc5ccc(-c6nc7ccc(Oc8ccc9nc(*)c(-c%10ccccc%10)nc9c8)cc7nc6-c6ccccc6)cc5)cc4)O3)cc2)cc1,260.0,149.15566666666666
*CC/C=C(/*)CCCCCCCCCC,-53.0,-71.13259257686757
*CC(*)c1ccc(C(=O)c2ccc(OC)cc2)cc1,103.0,101.9235
*CCCCCNC(=O)CCCCCCCCCCCCCCCCCCC(=O)N*,52.0,35.10119137938987
*c1ccc(Cc2ccc(N3C(=O)c4ccc(-c5ccc6c(c5)C(=O)N(*)C6=O)cc4C3=O)c(C(C)(C)C)c2)cc1C(C)(C)C,324.0,270.464
*Oc1c(F)c(F)c(-c2c(F)c(F)c(Oc3ccc(C(c4ccc(*)cc4)(C(F)(F)F)C(F)(F)F)cc3)c(F)c2F)c(F)c1F,167.0,204.8293
*CC(*)C(=O)OCC(F)(F)C(F)(F)C(F)(F)F,-30.0,18.56000476190476
*CCCCCOC(=O)c1ccccc1C(=O)[O][Pb][O]C(=O)c1ccccc1C(=O)OCCCCCOC(=O)NCCCCCCNC(=O)O*,-19.2,26.24448333333334
*CC(*)(C)C(=O)OCCCCCC(=O)Oc1ccc(OC(=O)c2ccc(OCCC)cc2)cc1,45.0,37.30670222222221
*c1ccc(C(=O)OCCCCCCOc2ccc(/C=C/C(=O)/C=C/c3ccc(OCCCCCCOC(=O)c4ccc(-c5nnc(*)o5)cc4)cc3)cc2)cc1,62.0,65.50936753968253
*/C=C/C(C)(C(=O)OC)C(*)C,34.0,68.2125
*Oc1ccc(Oc2ccc(Oc3ccc(Oc4ccc(OC(=O)c5cccc(C(*)=O)c5)cc4)cc3)cc2)cc1,134.0,139.28011333333333
*ON(C(F)(F)F)C(F)(Br)C(*)(F)F,3.0,-14.998
*CCOCCOc1ccc(NC(=O)c2cccc(C(=O)Nc3ccc(O*)cc3)c2)cc1,155.0,68.64374999999998
*CC(*)(C)C(=O)Oc1ccc(C(=O)/C=C/c2ccc(OCc3ccccc3)cc2)cc1,152.0,103.111
*c1cccc(C(c2cccc(N3C(=O)c4ccc(-c5ccc6c(c5)C(=O)N(*)C6=O)cc4C3=O)c2)(C(F)(F)F)C(F)(F)F)c1,267.0,306.959
*CC(*)c1ccccc1C(=O)OC,130.0,88.5645
*Oc1ccccc1C(=O)OC(=O)c1ccccc1OC(=O)C(C)C(C)C(*)=O,45.0,104.00472
*Oc1cc(C)c(C(c2cc(C(C)C)c(Oc3ccc(C(=O)c4ccc(*)cc4)cc3)cc2C)c2ccccc2C(=O)O)cc1C(C)C,228.0,158.10110119047621
*c1cccc(C(c2ccccc2)(c2cccc(N3C(=O)c4ccc(Oc5ccc6c(c5)C(=O)N(*)C6=O)cc4C3=O)c2)C(F)(F)F)c1,293.0,250.95093333333332
*CCOCCOC(=O)C1CCC(C(=O)O*)CC1,-12.0,11.267428571428573
*Oc1cc(CCCCCCCCCCCCC)cc(OC(=O)c2cccc(C(*)=O)c2)c1,25.5,38.19079946719946
*Oc1ccc(CC(NC(=O)CCc2ccc(OC(=O)COCC(*)=O)cc2)C(=O)OC(C)CC)cc1,68.0,67.09183333333333
*Oc1ccc(Oc2ccc(OC(=O)c3cccc(C(*)=O)c3)cc2)cc1,164.5,139.28011333333333
*c1ccc(C(=O)Nc2ccc(-c3ccccc3NC(=O)c3ccc(S(*)(=O)=O)cc3)cc2)cc1,284.0,258.30549047619047
*c1ccc(Sc2ccc(-c3nc4ccc(-c5ccc6nc(*)c(-c7ccccc7)nc6c5)cc4nc3-c3ccccc3)cc2)cc1,288.0,260.976
*CC(*)(C)C(=O)OCCOc1ccc(-c2ccc(-c3ccc(C#N)cc3)cc2)cc1,115.0,75.423
*OP(=O)(Oc1ccccc1)Oc1ccc(*)cc1,97.0,128.86505
*CC(*)(C)C(=O)OCCN(C)c1ccc(/N=N/c2ccc(S(=O)(=O)Nc3cc(C)on3)cc2)cc1,123.0,117.304
*c1ccc(-c2ccc(-c3ccc4c(c3)C(CCCCCCCC)(CCCCCCCC)c3cc(-c5ccc(*)s5)ccc3-4)s2)cn1,127.5,82.28011428571432
*c1cccc(P(=O)(c2ccc(Oc3ccc(C45CC6CC(CC(C6)C4)C5)cc3)cc2)c2cccc(N3C(=O)c4ccc(Oc5ccc6c(c5)C(=O)N(*)C6=O)cc4C3=O)c2)c1,290.0,239.23690000000002
*CC(C)(C)COC(=O)Nc1ccc(Cc2ccc(NC(=O)O*)cc2)cc1,94.0,60.6305
*Oc1cc(C(C)(C)c2ccccc2)c(OC(=O)c2cccc(C(*)=O)c2)cc1C(C)(C)c1ccccc1,180.0,135.53087
*Oc1ccc(CC(NC(=O)CCc2ccc(OC(=O)CCCC(*)=O)cc2)C(=O)OC(C)CC)cc1,52.0,54.543
*CCOCCOCCOC(=O)c1cc(/N=N/c2ccc(OCC)cc2)ccc1-c1ccc(/N=N/c2ccc(OCC)cc2)cc1C(=O)O*,65.0,32.38633333333333
*SC1CCCC(*)C1,-52.0,111.2978857142857
*OC(C)CC(*)=O,3.4,17.166033333333328
*c1ccc(Oc2ccc(N3C(=O)c4ccc(-c5ccc6c(c5)C(=O)N(*)C6=O)cc4C3=O)cc2Br)c(Br)c1,275.0,256.5022333333333
*c1cc(-c2nc3ccccc3[nH]2)cc(-n2c(=O)c3cc4c(=O)n(*)c(=O)c4cc3c2=O)c1,180.0,332.13
*CCCCCCCCCCCCNC(=O)NCCCCCCNC(=O)N*,49.0,54.34977083232427
*C(=O)Nc1ccc(Oc2ccc(-c3ccc(Oc4ccc(NC(=O)c5ccc6c(c5)C(=O)N(c5ccc(Oc7ccc(S(=O)(=O)c8ccc(Oc9ccc(N%10C(=O)c%11ccc(*)cc%11C%10=O)cc9)cc8)cc7)cc5)C6=O)cc4)cc3)cc2)cc1,267.0,302.2266666666667
*NC(CCC(=O)OCc1ccccc1)C(*)=O,17.0,51.89170000000007
*c1ccc(-c2ccc(-c3ccc(-c4cc(-c5ccccc5)c5cc(Oc6ccc7nc(*)cc(-c8ccccc8)c7c6)ccc5n4)cc3)cc2)cc1,300.0,344.106
*c1c(C)cc(Cc2cc(C)c(N3C(=O)c4ccc(Oc5cc6ccccc6cc5Oc5ccc6c(c5)C(=O)N(*)C6=O)cc4C3=O)c(C)c2)cc1C,265.0,252.854
*c1ccc(Oc2ccc(C(=O)c3cccc(C(=O)c4ccc(Oc5ccc(N6C(=O)c7ccc(Oc8ccc9c(c8)C(=O)N(*)C9=O)cc7C6=O)cc5)cc4)n3)cc2)cc1,208.6,252.51956666666666
*c1cccc(N2C(=O)c3cccc(Oc4ccc(Oc5ccc(Oc6cccc7c6C(=O)N(*)C7=O)cc5)cc4)c3C2=O)c1,238.0,255.44713333333334
*CC(*)c1ccc(-c2cccc3nsnc23)cc1,150.0,135.79666666666668
*CCOC(=O)C1CCC(C(=O)OCCOc2ccc(C3(c4ccc(O*)cc4)c4ccccc4-c4ccccc43)cc2)CC1,120.05,96.488
*c1ccc(Oc2ccc(-c3ccc(Oc4ccc(-c5ncc(*)o5)cc4C(F)(F)F)cc3)cc2)c(C(F)(F)F)c1,200.0,190.11225
*c1ccc(-c2ccc(-c3ccc([Si](*)(CCCC)CCCC)s3)s2)s1,30.0,-0.3549
*C(F)(F)C1(F)C(F)(F)C(*)(F)C1(F)F,122.0,89.614
*CCCCCCCCCCC(=O)NCCCCCC(=O)N*,25.5,35.10119137938987
*CC(*)(C)C(=O)Oc1ccc2c(c1)CCC2,113.5,124.992
*c1c(C)cc(C(C)(C)c2cc(C)c(S(*)(=O)=O)c(C)c2)cc1C,230.0,196.92240000000018
*CCOC(=O)Nc1ccc(Cc2ccc(NC(=O)OCCOc3ccc(O*)cc3)cc2)cc1,98.0,82.298
*c1ccc(-c2cc(C(C)(C)C)c(Oc3ccc(-n4c(=O)c5cc6c(=O)n(*)c(=O)c6cc5c4=O)cc3)c(C(C)(C)C)c2)cc1,398.5,276.9955
*CCCCCCOC(=O)OCCCCCCN1C(=O)c2ccc(-c3ccc4c(c3)C(=O)N(*)C4=O)cc2C1=O,71.0,53.38529761904762
*CCCNC(=O)C(Cc1ccccc1)NC(=O)CCCCCCCCC(=O)NC(Cc1ccccc1)C(=O)NCCCOCCOCCO*,44.0,78.43661190476192
*CC#C/C(C#CCOC(=O)CCCCCCCCC(=O)O*)=C\c1ccc(C#Cc2ccc([N+](=O)[O-])cc2)cc1,60.0,28.989971031746038
*C(=O)Nc1ccc(C(c2ccc(NC(=O)c3ccc4c(c3)C(=O)N(c3c(C)cc(-c5cc(C)c(N6C(=O)c7ccc(*)cc7C6=O)c(C)c5)cc3C)C4=O)cc2)(C(F)(F)F)C(F)(F)F)cc1,318.0,297.5405
*Oc1ccc(C2(c3ccc(OC(=O)CCCC(*)=O)cc3)c3cc(N(C)C)ccc3-c3ccc([N+](=O)[O-])cc32)cc1,181.0,96.49276666666667
*c1ccc(Oc2ccc(N3C(=O)CC4C(CC5C(=O)N(*)C(=O)C54)C3=O)cc2)cc1,350.0,202.86061428571432
*CCOC(=O)CCC(=O)OCCOC(=O)c1ccc(C(=O)O*)cc1,24.0,43.727900000000005
*c1ccc(Oc2ccc(N3C(=O)c4ccc(Oc5cccc6c(Oc7ccc8c(c7)C(=O)N(*)C8=O)cccc56)cc4C3=O)cc2)cc1,240.0,244.69763333333333
*c1ccc(C)c(N2C(=O)c3ccc(S(=O)(=O)c4ccc5c(c4)C(=O)N(*)C5=O)cc3C2=O)c1,348.0,283.793
*c1ccc(Oc2ccc(C(=O)c3ccc(C(=O)c4ccc(Oc5ccc(-c6cc(*)[nH]n6)cc5)cc4)cc3)cc2)cc1,235.0,190.40112940115446
*CC(*)c1ccccc1COCC,74.0,36.41766666666667
*=NP(Cl)(Cl)=NP(Cl)(Cl)=NC(=*)Cl,-21.0,-2.74275
*CC(*)(CC(=O)OCCOCCOCCOCCOCCOCCOCCOC)C(=O)OCCOCCOCCOCCOCCOCCOCCOC,-40.5,-4.433757936507936
*c1cc(/C=N/c2ccc3c(c2)c2cc(/N=C/c4cc(*)c(O)c(*)c4)ccc2n3CCCCCC)ccc1O,327.0,94.77653095238092
*CC(*)(C)C(=O)OCCCCCCCCCCOc1ccc(OC(=O)c2ccc(OCCCCCCCC)cc2)cc1,12.0,45.15849379509379
*c1ccc(Oc2cccc(Oc3ccc(N4C(=O)c5ccc(Oc6ccc(-c7ccc(Oc8ccc9c(c8)C(=O)N(*)C9=O)cc7)cc6)cc5C4=O)cc3)c2)cc1,205.0,220.38563333333335
*CC(*)c1ccc(C)cc1C,112.0,112.535
*c1ccc(NC(=O)CCCCCC(=O)Nc2ccc(S(*)(=O)=O)cc2)cc1,163.0,72.02236666666667
*CC(*)C(=O)OCC(F)(F)C(F)(F)C(F)(F)C(F)(F)C(F)(F)C(F)(F)C(F)(F)F,-17.0,-2.6949380952380966
*CC(*)c1cc[n+](CCCCCCCC)cc1,206.2,1.4806960317460316
*c1ccc(-c2cc(CCCCCCCC)c(-c3ccc(-c4ccc(-c5sc(-c6ccc([Si](C)(C)[Si](C)(C)[Si](C)(C)[Si](C)(C)[Si](C)(C)[Si](C)(C)[Si](C)(C)[Si](*)(C)C)s6)cc5CCCCCCCC)s4)s3)s2)s1,13.0,17.73018492063491
*CCN(*)C(=O)CCCCCCC,10.0,-51.89589351247311
*CCCCSS*,-55.0,-52.17263932178936
*Oc1cccc2ccc(Oc3ccc(NC(=O)c4ccc(Oc5ccccc5Oc5ccc(C(=O)Nc6ccc(*)cc6)cc5)cc4)cc3)cc12,180.0,230.18077142857138
*O[Si](C)(C)COC(=O)CCCCCCCCC(=O)Oc1ccc(S(=O)(=O)c2ccc(Oc3ccc(/C=C4\CCCC/C(=C\c5ccc(Oc6ccc(S(=O)(=O)c7ccc(OC(=O)CCCCCCCCC(=O)OC[Si](*)(C)C)cc7)cc6)cc5)C4=O)cc3)cc2)cc1,81.0,40.037398282828285
*CNC(=O)OCCOC(=O)NCc1ccc(C(C)(C)c2ccc(*)o2)o1,50.0,78.961
*CCN(CCOC(=O)c1cc(OCCN(C)c2ccc(S(=O)(=O)CCCCCCCC)cc2)cc(C(=O)O*)c1)c1ccc(S(=O)(=O)C(F)(F)C(F)(F)C(F)(F)C(F)(F)C(F)(F)C(F)(F)C(F)(F)C(F)(F)F)cc1,80.0,58.019718217893214
*C(=O)N1C(=O)N(C(=O)c2ccc3c(c2)C(=O)N(c2ccc(Oc4ccc(N5C(=O)c6ccc(*)cc6C5=O)cc4)cc2)C3=O)C(C)(C)C1=O,156.0,244.903
*OC1C(COCC)OC(*)C(OCC)C1OCC,131.15,-31.5445
*CC(*)c1cc(C(C)(C)C)ccc1C,87.0,130.315
*Nc1ccc(Cc2ccc(NC(=O)NCCCCCCCCNC(*)=O)cc2)cc1,50.0,104.36495638528139
*C/C=C/C[Si](*)(C)CCCOc1ccc2ccccc2c1,-1.0,1.3080000000000007
*/C(=C/c1cc(OC)c(/C=C(\c2ccc(F)cc2)c2ccc3cc(*)ccc3c2)cc1OC)c1ccc(F)cc1,208.0,147.8499285714286
*OC(=O)C(C)NC(=O)CCCCCC(=O)NC(C)C(=O)OC1COC2C(*)COC12,45.0,40.6105
*CCCCCCCCCCc1nc2ccc(-c3ccc4nc(*)oc4c3)cc2o1,64.0,20.05634457764457
*O[Si](*)(C)CCCOc1ccc(C(=O)Oc2ccc(-c3ccc(OC(=O)c4cc(OCC(C)CC)c(OCC(C)CC)c(OCC(C)CC)c4)cc3)cc2)cc1,60.0,49.77625904761905
*/C(=C(\C#N)c1ccc(C(=O)OC2CCN(*)CC2)cc1)c1ccc(OC)cc1,183.0,105.17026666666666
*CC(*)(C)C(=O)OCCCCCC,-5.0,-22.628954975579987
*c1ccc(Oc2ccc(C(=O)c3ccc(C(=O)c4ccc(Oc5ccc(-c6nc7ccccc7n6-c6ccc(-n7c(*)nc8ccccc87)cc6)cc5)cc4)cc3)cc2)cc1,238.0,213.5818
*OP(=O)(Oc1ccc(Br)cc1)Oc1c(Br)cc(C(c2cc(Br)c(*)c(Br)c2)(C(F)(F)F)C(F)(F)F)cc1Br,152.0,140.30643333333336
*Oc1ccc(-c2ccc(/N=N/c3ccc(C(*)=O)cc3)cc2)cc1,147.0,152.65516666666667
*c1ccc2c(c1)C(=O)N(c1ccc(Oc3cc(C(C)(C)C)c(Oc4ccc(N5C(=O)c6ccc(C(*)(C(F)(F)F)C(F)(F)F)cc6C5=O)cc4)cc3C(C)(C)C)cc1)C2=O,277.0,258.0935999999999
*C(=O)Nc1ccc(C2(c3ccc(NC(=O)c4ccc5c(c4)C(=O)N(c4ccc(Sc6ccc(Oc7ccc(Sc8ccc(N9C(=O)c%10ccc(*)cc%10C9=O)cc8)cc7)cc6)cc4)C5=O)cc3)c3ccccc3-c3ccccc32)cc1,298.0,287.33759999999995
*CCC[Si](*)(C)CCC[Si](C)(C)C,-46.0,-73.48841428571428
*c1ccc2oc(-c3ccc(C(c4ccccc4)(c4ccc(-c5nc6cc(C(*)(C(F)(F)F)C(F)(F)F)ccc6o5)cc4)C(F)(F)F)cc3)nc2c1,310.0,299.688
*CC(OO*)c1ccc(C(C)(C)C)cc1,19.9,64.531
*CC(*)(C)C(=O)OCCCCCCCCOc1ccc(C(=O)Oc2ccc(C(=O)/C=C/c3c(C)c4ccccc4n3CCCC)cc2)cc1,69.0,78.06253333333333
*Oc1ccc(C(=O)c2cccc(-c3cccc(C(=O)c4ccc(*)cc4)c3)c2)cc1,123.0,167.74435
*C(=O)c1ccc2c(c1)C(=O)N(c1c(C)cc(C(c3cccc(C(F)(F)F)c3)c3cc(C)c(N4C(=O)c5ccc(*)cc5C4=O)c(C)c3)cc1C)C2=O,285.0,267.298
*c1cccc(Oc2cccc(Oc3cccc(Oc4cccc(Oc5cccc(N6C(=O)c7ccc(Oc8ccc9c(c8)C(=O)N(*)C9=O)cc7C6=O)c5)c4C#N)c3)c2C#N)c1,176.0,217.27600000000004
*CCN(*)C(=O)CCC(=O)OC,31.0,4.2618
*CC(*)(F)C(=O)OCC(F)(F)C(F)(F)F,99.0,49.865199999999994
*c1cccc(P(=O)(c2ccccc2)c2cccc(-n3c(=O)c4cc5c(=O)n(*)c(=O)c5c(-c5ccc(C(F)(F)F)cc5)c4c3=O)c2)c1,321.0,344.0135
*O[Si](C)(CCC(F)(F)F)CCC(F)(F)C(F)(F)C(F)(F)C(F)(F)C(F)(F)C(F)(F)C(F)(F)C(F)(F)CC[Si](*)(C)CCC(F)(F)F,-28.0,-50.46483333333334
*CC(*)C(=O)OCC(F)(F)C(F)(F)C(F)(F)C(F)(F)F,-37.0,0.8485857142857139
*c1ccc(Oc2c(C)cc(C(c3cc(C)c(Oc4ccc(-n5c(=O)c6cc7c(=O)n(*)c(=O)c7cc6c5=O)cc4)c(C)c3)c3cccc4ccccc34)cc2C)cc1,315.0,292.4145
*CC(C)(CO*)COCC(F)(F)C(F)(F)C(F)(F)F,-45.0,-41.419
*c1ccc2oc(-c3cccc(-c4nc5cc(C(*)(C(F)(F)F)C(F)(F)F)ccc5o4)c3)nc2c1,301.0,295.669
*Nc1ccc(Nc2ccc(C(O)(c3ccccc3)c3ccc(C(O)(c4ccccc4)c4ccc(*)cc4)cc3)cc2)cc1,200.0,203.25993333333332
*/C=C/c1ccc2c(c1)Sc1cc(*)ccc1N2c1ccc(OCCCCCCCCCCCC)cc1,129.0,138.16323333333332
*OC(COC(=O)c1ccc(C(*)=O)cc1)COc1ccc(/N=N/c2ccc(C#N)cc2)cc1,122.0,64.358
*c1ccc2c(c1)C(=O)N(c1cc(C(=O)O)cc(N3C(=O)c4ccc(C(*)(C(F)(F)F)C(F)(F)F)cc4C3=O)c1)C2=O,366.5,313.981
*Oc1ccc(NC(=O)c2ccc(Oc3ccc(C(C)(C)c4cccc(C(C)(C)c5ccc(Oc6ccc(C(=O)Nc7ccc(*)cc7)cc6)cc5)c4)cc3)cc2)cc1,155.0,219.08477619047616
*c1ccc(Oc2ccc(N3C(=O)c4ccc(Oc5ccc(C(=O)c6ccc(Oc7ccc8c(c7)C(=O)N(*)C8=O)cc6)cc5)cc4C3=O)cc2)cc1,210.0,252.79613333333333
*O[Si](*)(C)CCCCCCCCCCCOc1ccc(C(=O)OC/C=C(\C)CCC=C(C)C)cc1,25.0,10.201583369408374
*C(=O)Nc1ccc(Oc2cccc(Oc3ccc(NC(=O)c4ccc5c(c4)C(=O)N(c4cccc(Oc6cccc(Oc7cccc(N8C(=O)c9ccc(*)cc9C8=O)c7)c6C#N)c4)C5=O)cc3)c2)cc1,207.0,238.62866666666667
*Oc1ccc(CC(NC(=O)CCc2ccc(OC(=O)CCCC(*)=O)cc2)C(=O)OCC)cc1,70.0,56.647
*CC(O)COc1c(Cl)cc(C(C)(C)c2cc(Cl)c(O*)c(Cl)c2)cc1Cl,135.0,117.064
*CC(COc1ccc(S(=O)(=O)c2ccc(O*)cc2)cc1)OC(C)=O,130.0,95.55375
*Oc1ccc(NC(=O)CCCCCCCCCCC(=O)Nc2ccc(*)cc2)cc1,150.0,74.78335000000001
*CC(*)(C)C(=O)OCCCCCCOc1ccc(C(=O)Oc2ccc(/N=N/c3ccc(Br)cc3)c3ccccc23)cc1,46.0,36.132684920634915
*c1cccc(N2C(=O)c3cccc(Oc4ccc(-c5ccc(Oc6cccc7c6C(=O)N(*)C7=O)cc5)cc4)c3C2=O)c1,275.0,260.4161333333333
*c1ccc2c(c1)C(CCCCCCCC)(CCCCCCCC)c1cc(-c3ccc(*)c4nsnc34)ccc1-2,114.5,101.22463333333334
*Oc1ccc(C(CCC)c2ccc(OC(*)=S)cc2)cc1,130.0,104.1165
*CC(*)(C)C(=O)OCCO[N+](=O)[O-],55.0,34.5728
*c1cccc(C(=O)Nc2ccc(Oc3ccc(NC(=O)c4cccc(N5C(=O)c6ccc(-c7ccc8c(c7)C(=O)N(*)C8=O)cc6C5=O)c4)cc3)cc2)c1,253.0,275.863
*C(=O)c1ccc(Oc2ccc(C3(c4ccc(Oc5ccc(C(=O)c6ccc7c(c6)C(=O)N(c6ccc(Oc8ccc(N9C(=O)c%10ccc(*)cc%10C9=O)cc8)cc6)C7=O)cc5)cc4)OC(=O)c4ccccc43)cc2)cc1,260.0,248.91233333333335
*CC(C[Si](*)(C)C)c1cccc2ccccc12,39.0,55.865199999999994
*c1ccc(Sc2ccc3c(c2)Sc2ccc(Sc4ccc(-n5c(=O)c6cc7c(=O)n(*)c(=O)c7cc6c5=O)cc4)cc2S3)cc1,254.75,293.751
*CC(OCC)C(C(=O)OC)C(*)C(=O)OC,50.0,31.6665
*CCCCCCOc1c(OC)cc(/C=C/c2ccc(/C=C/c3cc(OC)c(O*)c(OC)c3)cc2)cc1OC,90.0,45.60031666666669
*c1ccc(-c2ccc(N3C(=O)c4ccc(Oc5ccc6c(c5)C(=O)N(*)C6=O)cc4C3=O)cc2C)c(C)c1,325.0,238.31233015873016
*Oc1ccc(C(=O)OCCCCCCOC(=O)c2ccc(*)cc2)cc1,15.0,8.682159348984348
*Oc1ccc(Oc2ccc(C(=O)Nc3ccc(Oc4ccc(-c5ccc(Oc6ccc(NC(=O)c7ccc(*)cc7)cc6)cc5)cc4)cc3)cc2)cc1C,220.0,240.1080666666666
*CCOCCOC(=O)C(CCCCCCC)C(=O)O*,-58.0,-50.80782188644688
*CC(*)(C)C(=O)OCCC[Si](OC)(OC)OC,9.0,-15.071
*c1cccc(C(=O)c2c(C)cc(C)c(N3C(=O)c4ccc(-c5ccc6c(c5)C(=O)N(*)C6=O)cc4C3=O)c2C)c1,320.0,321.8345
*CCN(*)C(=O)Cc1ccc(C(F)(F)F)cc1,75.0,80.701
*c1cc(C(c2ccc(OCCN(C)c3ccc(/C=C/C4=CC(=C(C#N)C#N)CC(C)(C)C4)cc3)c(N3C(=O)c4ccc(Oc5ccc6c(c5)C(=O)N(*)C6=O)cc4C3=O)c2)(C(F)(F)F)C(F)(F)F)ccc1OCCN(C)c1ccc(/C=C/C2=CC(=C(C#N)C#N)CC(C)(C)C2)cc1,215.0,184.858
*Oc1ccc(C(=O)Nc2ccc(S(=O)(=O)c3ccc(NC(=O)c4ccc(Oc5ccc(C(=O)c6ccc(S(=O)(=O)c7ccc(C(=O)c8ccc(*)cc8)cc7)cc6)cc5)cc4)cc3)cc2)cc1,260.0,244.68450793650794
*c1ccc(Oc2ccc(Oc3ccc(N4C(=O)c5ccc(-c6ccc7c(c6)C(=O)N(*)C7=O)cc5C4=O)cc3)c(C)c2)cc1,265.0,233.75433333333334
*Nc1ccc(-c2ccc(NC(=O)c3cc(C(*)=O)cc(S(=O)(=O)c4ccccc4)c3)cc2)cc1,319.0,295.6752666666667
*CC(O)CN(Cc1ccccc1)CC(O)COc1ccc(C(C)(C)c2ccc(O*)cc2)cc1,94.25,92.60700000000001
*CC(*)OCCCCCCCCCCCOc1ccc(C(=O)Oc2ccc(C#N)cc2)cc1,37.0,7.334272205572208
*c1cccc(C(F)(F)C(F)(F)C(F)(F)C(F)(F)C(F)(F)c2cccc(N3C(=O)c4ccc(Oc5ccc6c(c5)C(=O)N(*)C6=O)cc4C3=O)c2)c1,157.0,248.43093333333331
*C1CCC(CC2CCC(N3C(=O)C4C5C=CC(C6C(=O)N(*)C(=O)C56)C4C3=O)CC2)CC1,239.0,137.408
*c1ccc2c(c1)C(=O)N(c1c(C)cc(-c3cc(C)c(-c4cc(C)c(N5C(=O)c6ccc(C(*)(C(F)(F)F)C(F)(F)F)cc6C5=O)c(C)c4)cc3C)cc1C)C2=O,361.0,310.1355
*CC(OCCCC)C1C(=O)OC(=O)C1*,118.0,42.26486666666667
*Oc1ccc(S(=O)(=O)c2ccc(-c3ccc(-c4ccc(S(=O)(=O)c5ccc(*)cc5)cc4)cc3)cc2)cc1,311.0,218.85435031635018
*CC(*)c1c(F)c(F)c(OC)c(F)c1F,94.0,70.8245
*O[Si](C)(C)c1ccc([Si](C)(C)Oc2c(C)cc(-c3cc(C)c(*)c(C)c3)cc2C)cc1,67.0,30.046
*Oc1ccc(C2(c3ccc(Oc4ccc5c(=O)n6c7cc(Oc8ccc9c(c8)nc8c%10ccc(*)c%11cccc(c(=O)n98)c%11%10)ccc7nc6c6cccc4c56)cc3)c3ccccc3-c3ccccc32)cc1,396.0,372.3785
*Oc1c(-c2ccccc2)cc(Cc2cc(-c3ccccc3)c(OC(=O)CCCCC(*)=O)c(-c3ccccc3)c2)cc1-c1ccccc1,115.0,53.24201999999999
*c1ccc(Oc2ccc(-c3ccc(Oc4ccc(N5C(=O)c6ccc(Oc7ccc(-c8ccc(Oc9ccc%10c(c9)C(=O)N(*)C%10=O)cc8)cc7)cc6C5=O)cc4)cc3)cc2)cc1,220.0,223.7828
*CCCCCCCCNC(=O)c1cccc(C(=O)N*)c1,110.0,90.24875158730158
*CC(*)c1cccc2ccccc12,160.0,155.48933333333335
*c1ccc(C(c2ccc(-c3cc(-c4ccccc4)c4cc(Oc5ccc6nc(*)cc(-c7ccccc7)c6c5)ccc4n3)cc2)(C(F)(F)F)C(F)(F)F)cc1,260.0,350.316
*Oc1ccc(Oc2ccc(C(=O)c3ccc(C(=O)c4ccc(*)cc4)cc3)cc2)cc1-c1ccc(S(=O)(=O)O)cc1,174.0,223.8246545093794
*c1cc(C(c2ccc(OCCN(CC)c3ccc(/C=C/C4=CC(=C(C#N)C#N)CC(C)(C)C4)cc3)c(N3C(=O)c4ccc(Oc5ccc6c(c5)C(=O)N(*)C6=O)cc4C3=O)c2)(C(F)(F)F)C(F)(F)F)ccc1OCCN(CC)c1ccc(/C=C/C2=CC(=C(C#N)C#N)CC(C)(C)C2)cc1,202.0,194.308
*c1ccc(Oc2ccc(-n3c(=O)c4cc5c(=O)n(-c6ccc(Oc7ccc(-c8nc9cc%10sc(*)nc%10cc9s8)cc7)cc6)c(=O)c5cc4c3=O)cc2)cc1,400.0,244.34329523809524
*O[Si](Oc1ccc(C2(c3ccc(*)cc3)c3ccccc3-c3ccccc32)cc1)(c1ccccc1)c1ccccc1,166.0,177.36939999999998
*c1ccc2c(c1)C(=O)N(c1ccc(-c3ccc(N4C(=O)c5ccc(C(*)(C(F)(F)F)C(F)(F)F)cc5C4=O)c(O)c3)cc1O)C2=O,358.0,308.2735
*C(*)C(=O)OC,85.75,54.93353333333333
*Oc1ccc(Oc2ccc(C(=O)c3ccc(Oc4ccc(Oc5ccc(C(=O)c6ccc(*)c(C(C)C)c6)cc5)cc4)cc3)cc2C(C)C)cc1,145.0,198.1273333333334
*Oc1c(C)cc(C(C)(C)c2cc(C)c(ON3C(=O)c4ccc(Oc5ccc(C6(c7ccc(Oc8ccc9c(c8)C(=O)N(*)C9=O)cc7)CCC(C(C)(C)C)CC6)cc5)cc4C3=O)c(C)c2)cc1C,248.0,226.64483333333334
*=Cc1cc(OCCCCCCCC)c(/C=N/c2ccc(N=*)cc2)cc1OCCCCCCCC,32.7,45.705056349206345
*Oc1ccc(NC(=O)c2cc(NC(=O)c3ccncc3)cc(C(=O)Nc3ccc(*)cc3)c2)cc1,305.0,239.34456666666654
*CCC1C(=O)N(c2ccc(N(C)C)cc2)C(=O)C1*,195.0,187.428
*N=P(*)(OCCOCCOCCOCCOCCCCCCCCCCCC)OCCOCCOCCOCCOCCCCCCCCCCCC,-53.6,-62.82082326832096
*CCCCCCCCCCCCCCCCCCNC(=O)NCc1ccc(CNC(=O)N*)cc1,52.0,86.3382987012987
*OP(=O)(Oc1ccc(OC)cc1)Oc1c(C)cc(S(=O)(=O)c2cc(C)c(*)c(C)c2)cc1C,147.0,170.56726000000018
*CC(CCCC)O*,-69.0,-54.03314787157288
*c1ccc2c(c1)C(CCCCCC)(CCCCCC)c1cc(-c3ccc4c(c3)c3cc(*)ccc3n4-c3ccccc3)ccc1-2,170.0,117.66511111111107
*CCCCCCOC(=O)OCCCCCOC(=O)OCCCCCCOc1ccc(Oc2ccc(O*)cc2)cc1,-11.0,18.279605516705526
*CC(*)(C)c1ccc2ccccc2c1,208.0,160.1616666666667
*Oc1ccc(Oc2cccc(*)n2)cc1,100.0,158.5782
*CC(*)(C)C(=O)OCCc1ccccc1,49.0,42.17
*CC(*)C(=O)Oc1ccc(C(=O)Oc2ccc(OC(=O)c3ccc(OCCCCC)cc3)cc2)cc1,48.0,31.472577777777776
*c1ccc(Oc2ccc(N3C(=O)c4ccc(Oc5c(C)cc(Cc6cc(C)c(Oc7ccc8c(c7)C(=O)N(*)C8=O)c(C)c6)cc5C)cc4C3=O)cc2)cc1,266.0,257.858
*CC(*)C(=O)Oc1ccc(C)cc1,42.5,85.36375
*Oc1ccc(OC(=O)c2ccc(C(*)=O)cc2Oc2ccccc2)cc1,105.0,163.99241666666666
*C(=O)Nc1ccc(Oc2ccc(-c3ccc(Oc4ccc(NC(=O)c5ccc6c(c5)C(=O)N(c5cccc(N7C(=O)c8ccc(*)cc8C7=O)c5)C6=O)cc4)cc3)cc2)cc1,292.0,290.263
*C(=O)c1ccc2c(c1)C(=O)N(c1cccc(OCCOCCOc3cccc(N4C(=O)c5ccc(*)cc5C4=O)c3)c1)C2=O,155.0,187.919
*C(=O)Nc1cc(NC(=O)c2ccc3[nH]c(-c4cccc(-c5nc6cc(*)ccc6[nH]5)c4)nc3c2)cc(-c2nc3ccccc3[nH]2)c1,315.0,259.8266
*c1ccc(-c2ccc(NC(=O)c3cccc(C(=O)Nc4ccc(-c5ccc(-n6c(=O)c7cc8c(=O)n(*)c(=O)c8cc7c6=O)cc5)cc4)c3)cc2)cc1,227.0,326.269
*CC(*)C(=O)NCCC[N+](C)(C)C,57.0,78.5535
*/C=C/c1ccc(N(CC)Cc2ccccc2CN(CC)c2ccc(/C=C/c3ccc(/C=C(\C#N)S(=O)(=O)/C(C#N)=C/c4ccc(*)s4)s3)cc2)cc1,178.0,160.5166
*Oc1ccc(CC(NC(=O)CCc2ccc(OC(*)=O)cc2)C(=O)OCCCCCC)cc1,51.5,32.91016468253968
*CC(*)(C)C(=O)OCCOc1ccc(/N=N/c2ccc(OC)cc2)cc1,109.0,53.068
*CC(*)c1ccccc1COCCCCCCCC,13.0,-9.878233333333334
*CCCCCCCCCCCCOC(=O)Nc1ccc(Cc2ccc(NC(=O)O*)cc2)cc1,43.0,35.28043441558445
*OP(=O)(Oc1ccccc1)Oc1c(C)cc(S(=O)(=O)c2cc(C)c(*)c(C)c2)cc1C,142.0,176.5873000000001
*C(=O)OCC(COc1ccc(/N=N/c2ccc(C#N)cc2)cc1)OC(=O)c1ccc(*)s1,119.0,52.2753
*CC(O)COc1ccc(C(=O)c2ccc(O*)cc2)cc1,130.0,123.98675
*CCCCCCCCCCC(=O)Nc1ccc(Oc2ccc(Oc3ccc(NC(=O)CCCCCCCCCCN4C(=O)c5ccc(C(=O)c6ccc7c(c6)C(=O)N(*)C7=O)cc5C4=O)cc3)cc2)cc1,122.0,119.15107051282051
*c1ccc(Oc2ccc(-c3ccc(Oc4ccc(N5C(=O)c6ccc(Oc7ccc(C8(c9ccc(Oc%10ccc%11c(c%10)C(=O)N(*)C%11=O)cc9)CCC(c9ccccc9)CC8)cc7)cc6C5=O)cc4)cc3C)c(C)c2)cc1,226.0,230.1217047619048
*Oc1ccc(Oc2ccc(C(=O)c3ccc(*)cc3)cc2)cc1-c1cc(C)cc(C)c1,162.0,162.61900266955269
*Oc1ccc(OC(=O)c2ccc(OCCCCCCCCCCOc3ccc(C(*)=O)cc3)cc2)cc1S(=O)(=O)c1ccccc1,88.0,33.30151701602491
*Oc1ccc(C(C)(C)c2ccc(OC(=O)Nc3cccc(P(=O)(c4ccccc4)c4cccc(NC(*)=O)c4)c3)cc2)cc1,62.0,159.17948333333337
*c1ccc(Oc2cccc(Oc3ccc(N4C(=O)c5ccc(Oc6ccc(C(C)(C)c7ccc(Oc8ccc9c(c8)C(=O)N(*)C9=O)cc7)cc6)cc5C4=O)cc3)c2)cc1,246.0,218.74966666666668
*C(=O)c1ccc2c(c1)C(=O)N(c1ccc(C)c(N3C(=O)c4ccc(*)cc4C3=O)c1)C2=O,319.5,297.10533333333336
*c1ccc2c(c1)C(=O)N(c1ccc(Oc3ccc(N4C(=O)c5ccc(C(*)(C(F)(F)F)C(F)(F)F)cc5C4=O)cc3)c(O)c1)C2=O,292.0,251.67933333333326
*N=P(*)(N1CCCCC1)N1CCCCC1,19.0,62.24814007936505
*Oc1cccc(Oc2ccc(C(=O)c3ccc(NC(=O)c4ccc(C(=O)Nc5ccc(C(=O)c6ccc(*)cc6)cc5)cc4)cc3)cc2)c1,190.0,236.2221071428571
*c1ccc2c(c1)C(=O)N(c1ccc(Oc3ccc(C(=O)c4cccc(C(=O)c5ccc(Oc6ccc(N7C(=O)c8ccc(C(*)(C(F)(F)F)C(F)(F)F)cc8C7=O)cc6)cc5)n4)cc3)cc1)C2=O,226.9,257.14569999999986
*O[Si](*)(C)CCCCCCCCCCCOC(=O)c1cc(OC(=O)c2ccc(OCCOCCOCCOCCOCCOCCOCCOCCOC)cc2)ccc1OC(=O)c1ccc(OCCOCCOCCOCCOCCOCCOCCOCCOC)cc1,-56.0,46.71776626984128
*c1cc(C(=O)Oc2cccc3cccnc23)c(*)s1,154.0,132.836
*CC(*)(C)C(=O)OCCOCCOCCOCCOc1ccc(/N=N/c2ccc(C#N)cc2)cc1,20.0,38.4985
*CC(C)(C)COC(=O)O*,25.0,37.4365
*/N=N/c1ccc(Nc2ccc(C(=O)c3ccc(C(=O)c4ccc(Nc5ccc(*)cc5)cc4)cc3)cc2)cc1,203.0,182.07288095238098
*c1ccc(C(=O)OCCCCCCCCOc2ccc(/C=C3\CC/C(=C\c4ccc(OCCCCCCCCOC(=O)c5ccc(-c6nnc(*)o6)cc5)cc4)C3=O)cc2)cc1,99.0,59.345891349206354
*C(=O)Nc1ccc(Oc2ccc(S(=O)(=O)c3ccc(Oc4ccc(NC(=O)c5ccc6c(c5)C(=O)N(c5ccc(Oc7ccc8ccc(Oc9ccc(N%10C(=O)c%11ccc(*)cc%11C%10=O)cc9)cc8c7)cc5)C6=O)cc4)cc3)cc2)cc1,274.0,286.29211904761905
*C(=O)OCCCCCCCCCCCCOC(=O)c1ccc(NC(=O)c2ccc(N3C(=O)c4ccc(*)cc4C3=O)cc2)cc1,74.0,138.5281666666667
*Oc1ccc(C(c2ccc(OC(*)=S)cc2)C(C)C)cc1,135.0,149.49232500000002
*Nc1cccc(NC(=O)CCCCC(*)=O)c1,114.25,119.44413636363637
*CC(*)C(=O)Oc1ccc(C(=O)Oc2ccc(OC(=O)c3ccc(OCCCC)cc3)cc2)cc1,47.0,35.17326666666666
*C(=O)OCCCCCCCCCCCCOC(=O)c1ccc2c(c1)C(=O)N(c1ccc(Oc3ccc(N4C(=O)c5ccc(*)cc5C4=O)cc3)cc1)C2=O,105.0,132.44683333333333
*c1cccc(C(=O)Nc2ccc(NC(=O)c3cccc(N4C(=O)c5ccc(-c6cccc7c6C(=O)N(*)C7=O)cc5C4=O)c3)cc2)c1,328.0,326.5435
*c1ccc2c(c1)C(=O)N(c1ccc(Oc3cccc(-c4cc(-c5ccccc5)cc(-c5cccc(Oc6ccc(N7C(=O)c8ccc(C(*)(C(F)(F)F)C(F)(F)F)cc8C7=O)cc6)c5)n4)c3)cc1)C2=O,180.0,251.01756666666662
*c1cc(-c2sc(-c3cc(CCCCCCCCCC)c(*)s3)cc2CCCCCCCCCC)c2cccccc1-2,22.5,6.019007864357865
*CC(*)c1ccccc1C(=O)Nc1ccccc1,191.0,151.6
*CCCCCCOC(=O)OCCCCCCCCCOC(=O)OCCCCCCOc1ccc(C(=O)c2ccc(O*)cc2)cc1,-6.0,16.71911763791764
*Oc1ccc(C(C)(C)c2ccc(C(C)(C)c3ccc(Oc4ccc(C(=O)Nc5ccc(NC(=O)c6ccc(*)cc6)cc5)cc4)cc3)cc2)cc1,163.0,232.02319047619045
*Oc1ccc(CC(NC(=O)CCc2ccc(OC(=O)CCCC(*)=O)cc2)C(=O)OCCCCCCCC)cc1,32.5,30.55437619047619
*Oc1ccc(C(c2ccc(Oc3ccc(C(=O)c4ccc(P(=O)(c5ccccc5)c5ccc(C(=O)c6ccc(*)cc6)cc5)cc4)cc3)cc2)(C(F)(F)F)C(F)(F)F)cc1,207.0,208.48156666666668
*Oc1ccc(C(C)(C)c2ccc(Oc3ccc(*)nn3)cc2)cc1,180.0,150.08295238095243
*CC(COC(=O)O*)OCCOc1ccc(/C=C/c2ccc([N+](=O)[O-])cc2)cc1,53.0,40.9875
*Oc1ccc(C(=O)OCCOCCOCCOC(=O)c2ccc(OC(=O)c3ccc(C(*)=O)cc3)cc2)cc1,30.0,56.010357142857146
*Oc1ccc(NC(=O)NC2CC(C)(C)CC(C)(CNC(=O)Nc3ccc(*)cc3)C2)cc1,274.0,127.138
*C(=O)Nc1ccc(Cc2ccc(NC(=O)c3ccc4c(c3)C(=O)N(c3ccc(/N=N/c5ccc(C)cc5)c(N5C(=O)c6ccc(*)cc6C5=O)c3)C4=O)cc2)cc1,268.0,247.855
*CC(*)c1ccc(CCC(F)(F)C(F)(F)C(F)(F)C(F)(F)F)cc1,23.0,97.71266666666668
*C(=O)Nc1ccc(C2(c3ccc(N4C(=O)c5ccc(*)cc5C4=O)cc3)CCC(C)CC2)cc1,322.0,295.482
*O[Si](C)(C)c1cccc(C(F)(F)C(F)(F)C(F)(F)c2cccc([Si](*)(C)C)c2)c1,-8.0,-9.803
*CC(*)F,41.0,30.296400000000002
*Oc1ccc(NC(=O)c2ccc(C(=O)Nc3ccc(Oc4ccc(C5(c6ccc(*)cc6)CC6CCC5C6)cc4)cc3)cc2)cc1,281.0,234.15471428571422
*c1ccc(Oc2ccc(-c3cnc4ccc(Oc5ccc6nc(*)cnc6c5)cc4n3)cc2)cc1,270.0,324.785
*c1cccc(P(=O)(c2ccc(C(F)(F)F)cc2)c2cccc(-n3c(=O)c4cc5c(=O)n(*)c(=O)c5c(-c5cc(C(F)(F)F)cc(C(F)(F)F)c5)c4c3=O)c2)c1,290.0,325.695
*c1ccc([Si](c2ccccc2)(c2ccccc2)c2ccc(-c3nnc(-c4cncc(-c5nnc(*)o5)c4)o3)cc2)cc1,272.0,250.911
*Oc1ccc(S(=O)(=O)c2ccc(Oc3ccc(C(c4ccc(*)c(Br)c4)(C(F)(F)F)C(F)(F)F)cc3Br)cc2)cc1,197.5,205.36600952380954
*CCCCCCCCCCCCOC(=O)c1ccc(-c2ccc(C(=O)O*)cc2)cc1,50.5,36.95348539682543
*C(=O)c1ccc2c(c1)C(=O)N(c1cccc(Cc3ccc(Cc4cccc(N5C(=O)c6ccc(*)cc6C5=O)c4)cc3)c1)C2=O,240.0,277.124
*CCCCCC(=O)NNC(=O)c1ccc(C(=O)NNC(=O)CCCCCOc2ccc(O*)c(C)c2)cc1,126.0,98.54835833333337
*CC(*)c1ccc(COCCOCCCC)cc1,-38.0,6.165253860028859
*N=P(*)(OCC1COCCOCCOCCOCCO1)OCC1COCCOCCOCCOCCO1,-40.0,-31.154
*Oc1ccc(Oc2ccc(C(=O)c3ccc(-c4ccc(C(=O)c5ccc(*)cc5)cc4)cc3)cc2)cc1-c1ccccc1,186.0,188.6564313492064
*CCCCCCCC(=O)OCC1COC(*)O1,-23.0,-6.717473809523811
*c1ccc(NC(=O)Nc2ccc(NC(=O)Nc3ccc(-c4nc(C#N)c(C#N)nc4*)cc3)cc2)cc1,248.7,236.1943
*CCCCCCCCCCCCOC(=O)NCCCCCCCCCCNC(=O)O*,34.0,-49.62533504192994
*c1ccc(NC(=O)c2ccc(OCCOCCOc3ccc(C(=O)Nc4ccc5[nH]c(*)nc5c4)cc3)cc2)cc1,175.0,99.01425
*C(*)F,102.0,23.941800000000004
*c1ccc2c(c1)C(=O)N(c1ccc(N(c3ccc(C#N)cc3)c3ccc(N4C(=O)c5ccc(C(*)(C(F)(F)F)C(F)(F)F)cc5C4=O)cc3)cc1)C2=O,321.0,294.147
*Oc1ccc(Oc2ccc(C(=O)c3ccc(NC(=O)c4ccc(C(=O)Nc5ccc(C(=O)c6ccc(*)cc6)cc5)cc4)cc3)cc2)cc1,224.0,242.79747619047612
*NC(CCC(=O)Nc1ccc(N(c2ccccc2)c2ccccc2)cc1)C(*)=O,132.0,176.517
*CCN(*)C(=O)c1cc(F)c(F)cc1F,105.0,113.897
*CC(CC(Cl)(Cl)Cl)O*,-36.0,-11.779
*C(=O)c1ccc(Oc2ccc(C(C)(C)c3ccc(Oc4ccc(*)s4)cc3)cc2)cc1,151.0,126.44228333333332
*/C(Cl)=C(/*)CCCCCCCC,90.0,-50.42564850704853
*Oc1ccc(S(=O)(=O)c2ccc(Oc3ccc(C4(c5ccc(Oc6ccc(S(=O)(=O)c7ccc(Oc8ccc(/C=C9\CCC/C(=C\c%10ccc(*)cc%10)C9=O)cc8)cc7)cc6)cc5)CCCCC4)cc3)cc2)cc1,190.0,209.27721523809535
*Nc1ccc(C(c2ccc(NC(=O)c3ccc(C(*)=O)cc3)cc2)(C(F)(F)F)C(F)(F)F)cc1,290.0,289.03609523809524
*Nc1cccc(NC(=O)c2cccc(C(*)=O)c2)c1,275.0,278.33093333333335
*c1ccc2c(c1)C(=O)N(c1ccc(Sc3ccc(Sc4ccc(N5C(=O)c6ccc(C(*)(C(F)(F)F)C(F)(F)F)cc6C5=O)cc4)cc3)cc1)C2=O,257.0,264.399
*OC(=O)c1ccc(SCCCCSc2ccc(C(*)=O)cc2)cc1,62.0,42.05897142857143
*CCCCCCOc1c(OC)cc(/C=C2\CCC/C(=C\c3cc(OC)c(O*)c(OC)c3)C2=O)cc1OC,71.0,33.1500514069264
*c1ccc(Oc2ccc(C(c3ccc(Oc4ccc(-c5nnc(*)c6c(-c7ccccc7)c(-c7ccc8ccccc8c7)c(-c7ccc8ccccc8c7)c(-c7ccccc7)c56)cc4)cc3)(C(F)(F)F)C(F)(F)F)cc2)cc1,291.0,192.682
*c1ccc2c(c1)C(=O)N(c1ccc(OC(CCC)COc3ccc(N4C(=O)c5ccc(C(*)(C(F)(F)F)C(F)(F)F)cc5C4=O)cc3)cc1)C2=O,204.0,214.235
*Oc1c(C)cc(C2(c3cc(C)c(OC(=O)c4cccc(C(*)=O)c4)c(C)c3)CCC3CCCCC3C2)cc1C,261.0,160.70649333333336
*Oc1ccc(OC(=O)c2ccc(C(*)=O)cc2Sc2ccccc2)cc1-c1ccccc1,130.0,149.314
*c1ccc2oc(-c3ccc(-c4nc5cc(C(*)(C(F)(F)F)C(F)(F)F)ccc5o4)cn3)nc2c1,352.0,276.468
*CCCCCNC(=S)N*,55.0,35.79775739401264
*CC(*)(CC(=O)OC)C(=O)OC12CC3CC(CC(C3)C1)C2,197.0,179.975
*C(=O)Nc1ccc(Oc2cccc(NC(=O)c3ccc4c(c3)C(=O)N(c3ccc(Oc5ccc6ccc(Oc7ccc(N8C(=O)c9ccc(*)cc9C8=O)cc7)cc6c5)cc3)C4=O)c2)cc1,263.0,263.40311904761904
*c1ccc(Oc2ccc(C(C)(C)c3ccc(Oc4ccc(-c5ccc(*)s5)cc4C(F)(F)F)cc3)cc2)c(C(F)(F)F)c1,130.0,121.26416666666667
*C(F)(F)C1(*)OC(F)(C(F)(F)F)C(F)(C(F)(F)F)O1,165.0,97.14025
*C(=O)Nc1ccc(Oc2ccc(NC(=O)c3ccc4c(c3)C(=O)N(c3ccc(S(=O)(=O)c5ccc(N6C(=O)c7ccc(*)cc7C6=O)cc5)cc3)C4=O)cc2)cc1,281.0,297.46066666666667
*c1ccc(C2(c3ccc(-c4cc(-c5ccccc5)c5cc(-c6ccc7nc(*)cc(-c8ccccc8)c7c6)ccc5n4)cc3)c3ccccc3C(=O)c3ccccc32)cc1,417.0,253.8196
*Nc1cc(NC(=O)c2ccc(C(*)=O)cc2)cc(C(=O)Oc2cccc3ccccc23)c1,192.0,250.23294999999993
*C(=O)Nc1ccc(Oc2ccccc2-c2ccccc2Oc2ccc(NC(=O)c3ccc4c(c3)C(=O)N(c3ccc(Oc5ccc(C(C)(C)c6ccc(Oc7ccc(N8C(=O)c9ccc(*)cc9C8=O)cc7)cc6)cc5)cc3)C4=O)cc2)cc1,229.0,274.727
*CC/C=C/C[Si](*)(C)c1ccccc1,-14.9,23.512916666666673
*Oc1ccc(OC(=O)c2cc(OCCCCCCOCC3CCCN3c3ccc([N+](=O)[O-])cc3)c(C(*)=O)cc2OCCCCCCOCC2CCCN2c2ccc([N+](=O)[O-])cc2)cc1,56.0,95.87881666666668
*C(=O)Nc1ccc(Oc2ccccc2-c2ccccc2Oc2ccc(NC(=O)c3ccc4c(c3)C(=O)N(c3ccc(C)c(N5C(=O)c6ccc(*)cc6C5=O)c3)C4=O)cc2)cc1,266.0,280.656
*c1ccc2c(c1)C(=O)N(c1cc(OCCCC)cc(N3C(=O)c4ccc(C(*)(C(F)(F)F)C(F)(F)F)cc4C3=O)c1)C2=O,246.0,179.602
*CC(*)(CC(=O)Oc1ccccc1)C(=O)Oc1ccccc1,132.0,67.4606
*CC(F)(F)C(F)(F)C(F)(F)C(F)(F)COC(=O)NCC(F)(F)C(F)(F)C(F)(F)C(F)(F)CNC(=O)O*,20.0,37.323995238095236
*Oc1ccc(/C(=C/c2cc(OC)c(/C=C(/c3ccc(*)cc3)c3ccc(C(F)(F)F)cc3)cc2OC)c2ccc(C(F)(F)F)cc2)cc1,194.0,177.75295
*c1ccc(Oc2ccc(N3C(=O)c4c(c(-c5ccccc5)c(-c5ccc(-c6c(-c7ccccc7)c7c(c(-c8ccccc8)c6-c6ccccc6)C(=O)N(*)C7=O)cc5)c(-c5ccccc5)c4-c4ccccc4)C3=O)cc2)cc1,413.0,260.7971333333333
*Oc1ccc2ccc(Oc3ccc(C(=O)Nc4cccc(NC(=O)c5ccc(*)cc5)c4)cc3)cc2c1,168.0,211.53811190476193
*Oc1ccc(C2(c3ccc(Oc4ccc(C(=O)Oc5c(C)cc(C(C)(C)c6cc(C)c(OC(=O)c7ccc(*)cc7)c(C)c6)cc5C)cc4)cc3)CCC(C(C)(C)C)CC2)cc1,176.0,178.26081818181817
*CCCC(=O)Nc1ccc(Oc2cccc(NC(=O)CCCN3C(=O)c4ccc(C(=O)c5ccc6c(c5)C(=O)N(*)C6=O)cc4C3=O)c2)cc1,188.0,145.49066666666667
*CC(*)(C)C(=O)OCCCCCCCC/C=C/CCCCCCCC,-40.0,-22.628954975579987
*C(=O)c1ccc2c(c1)C(=O)N(c1cc(-c3nc4ccccc4[nH]3)cc(N3C(=O)c4ccc(*)cc4C3=O)c1)C2=O,197.0,320.2685
*Nc1cccc(NC(=O)c2cccc(C(=O)Nc3ccc(C(=O)NC(*)=S)cc3)c2)c1,270.0,285.6495333333334
*CC(*)(C)C(=O)OCc1ccc(Cl)cc1Cl,19.4,69.8395
*/C=N/c1ccc(C(=O)OCCCCOCCCCOCCCCOC(=O)c2ccc(/N=C/c3ccc(*)s3)cc2)cc1,25.0,100.84116666666667
*Oc1ccc(CC(NC(=O)CCc2ccc(OC(=O)CCCCC(*)=O)cc2)C(=O)OCCCCCCCCCCCC)cc1,22.0,30.202376190476194
*c1ccc(NC(=O)c2ccc(OCCOCCOCCOc3ccc(C(=O)Nc4ccc5[nH]c(*)nc5c4)cc3)cc2)cc1,155.0,99.01425
*Nc1ccc(-c2ccc(Nc3ccc4c(c3)c3cc(*)ccc3n4CC(CC)CCCC)cc2)cc1,231.0,118.64859999999999
*/C=C(/*)C(CCC)[Si](C)(C)c1ccccc1,110.0,42.9046
*CC(*)(C)C(=O)OCCCCCCOc1ccc(C(=O)Oc2ccc(/N=N/c3ccc(C#N)cc3)c3ccccc23)cc1,41.0,35.25086587301586
*CCCCCCCCCCCCOC(=O)NCCCCCCNC(=O)O*,36.0,-49.62533504192994
*CC(*)CNc1ccc([N+](=O)[O-])cc1,144.0,146.93693333333334
*CC(*)c1ccccc1C(=O)Oc1ccccc1,124.0,93.46783333333335
*CCC(=O)NCCCCCCNC(=O)CCS*,27.0,38.10513182217023
*Oc1ccc(N(CC)c2ccc(/C=C(\C#N)C(=O)NC3CCCCC3NC(=O)/C(C#N)=C/c3ccc(N(CC)c4ccc(*)cc4)cc3)cc2)cc1,235.0,114.52383333333334
*Oc1ccc(C(CC)(CC)c2ccc(OC(=O)c3ccc(C(*)=O)cc3)cc2)cc1,180.0,135.087
*c1ccc(N2C(=O)c3ccc(P(=O)(c4ccccc4)c4ccc5c(c4)C(=O)N(*)C5=O)cc3C2=O)cc1,366.0,280.3725
*CC(OC(C)C)C1C(=O)OC(=O)C1*,142.0,67.4935
*CC(O)CN(C)S(=O)(=O)c1cccc(S(=O)(=O)N(C)CC(O)COc2ccc(O*)cc2)c1,66.0,105.25925
*CCCN(*)C(=O)c1ccccc1,72.0,66.7406722222222
*Oc1ccc(C(C)(C)c2ccc(Oc3ccc(C(O)C(O)c4ccc(*)cc4)cc3)cc2)cc1,151.0,173.95749999999992
*c1ccc(Oc2c(F)c(F)c(C(=O)c3c(F)c(F)c(Oc4ccc(C5(*)OC(=O)c6ccccc65)cc4)c(F)c3F)c(F)c2F)cc1,215.0,244.40283333333252
*N=P(*)(OCCOc1ccc(-c2ccccc2)cc1)OCCOc1ccc(-c2ccccc2)cc1,56.2,-3.067
*c1c(C)cc(C)c(N2C(=O)c3cccc(Oc4c(C)cc(Cc5cc(C)c(Oc6cccc7c6C(=O)N(*)C7=O)c(C)c5)cc4C)c3C2=O)c1C,287.0,260.754
*c1ccc2c(c1)C(=O)N(c1ccc(Oc3ccc(S(=O)(=O)c4ccc(Oc5ccc(N6C(=O)c7ccc(C(*)(C(F)(F)F)C(F)(F)F)cc7C6=O)cc5)cc4)cc3)cc1)C2=O,276.5,264.50213333333323
*CNC(=O)OCC(OC(=O)NCc1ccc(C(C)(C)c2ccc(*)o2)o1)c1ccco1,20.0,88.80516666666666
*Oc1ccc(S(=O)(=O)c2ccc(Oc3ccc(C(c4ccc(*)cc4)(C(F)(F)F)C(F)(F)F)cc3)cc2C(O)(C(F)(F)F)C(F)(F)F)c(C(O)(C(F)(F)F)C(F)(F)F)c1,148.0,218.66339523809523
*CCCCCCCCCCC(=O)Nc1ccc(NC(=O)CCCCCCCCCCN2C(=O)c3ccc(C(=O)c4ccc5c(c4)C(=O)N(*)C5=O)cc3C2=O)cc1,125.0,97.86786055611059
*c1ccc(S(=O)(=O)c2ccc(-n3nccc3-c3cccc(-c4ccnn4*)c3)cc2)cc1,218.0,225.3110071428571
*CC(C)S*,-43.0,-9.7788
*C(=O)c1ccc2c(c1)C(=O)N(c1ccc(Oc3ccc(C(=O)c4ccc5cc(C(=O)c6ccc(Oc7ccc(N8C(=O)c9ccc(*)cc9C8=O)cc7)cc6)ccc5c4)cc3)cc1)C2=O,246.0,245.7945
*CC(O)COc1ccc(C2(C)CC(C)(C)c3cc(O*)ccc32)cc1,120.0,108.38613333333333
*CC(O)CN(*)c1cc(C)c(/N=N/c2ccc(Cl)cc2)c(C)c1,150.0,109.5154
*/C=C(/*)CCCOc1ccc(OC(=O)c2ccc(OCCCCCCCC)cc2)cc1,42.0,28.220505566363453
*CCCCCCCCCCCCNC(=O)CCP(C)(=O)CCC(=O)N*,44.0,36.925826835460676
*Oc1ccc(CC(NC(=O)CCc2ccc(OC(=O)CCCCCCCCC(*)=O)cc2)C(=O)OCCCCCCCCCCCC)cc1,12.5,30.202376190476194
*C(=O)OCCN(CCOC(=O)c1ccc2c(c1)C(=O)N(c1c(C)cc(Cc3cc(C)c(N4C(=O)c5ccc(*)cc5C4=O)c(C)c3)cc1C)C2=O)c1ccccc1,177.0,255.634
*c1ccc(OCC2CCC(COc3ccc(N4C(=O)c5ccc(-c6ccc7c(c6)C(=O)N(*)C7=O)cc5C4=O)cc3)CC2)cc1,254.4,200.632
*C(=O)c1cc(C(=O)c2ccc3c(c2)C(=O)N(c2ccc(C(c4ccc(N5C(=O)c6ccc(*)cc6C5=O)cc4)(C(F)(F)F)C(F)(F)F)cc2)C3=O)cc(C(C)(C)C)c1,267.5,280.9735
*CCOCCOCCOC(=O)c1ccc(-c2ccc(-c3ccc(C(=O)O*)cc3)cc2)cc1,50.0,34.098333333333336
*Oc1cc(OC(=O)c2ccc(OCCC)cc2)c(OC(=O)CCCCCCCCCCCCCCC(*)=O)cc1OC(=O)c1ccc(OCCC)cc1,18.0,38.61864393939394
*C(=O)c1ccc2c(c1)C(=O)N(c1cc(Oc3c(C)cc(-c4cc(C)c(Oc5cc(N6C(=O)c7ccc(*)cc7C6=O)cc(C(F)(F)F)c5)c(C)c4)cc3C)cc(C(F)(F)F)c1)C2=O,265.4,250.69306666666665
*CC(O)COc1ccc(C(C)(C)c2ccc(OCC(O)COc3cccc(C(=O)Nc4cccc(O*)c4)c3)cc2)cc1,117.0,113.08428333333335
*O[Si](*)(C)CCCCCCCCCCCOc1ccc(/C=C/c2ccc(C#N)cc2)cc1,-55.0,20.138266666666656
*C(=O)c1ccc2c(c1)C(=O)N(c1cccc(C(=O)Nc3ccc(N4C(=O)c5ccc(*)cc5C4=O)cc3)c1)C2=O,308.0,317.943
*CCC1CC(=O)N(*)C1=O,131.0,162.147
*c1ccc(Oc2ccc(P(=O)(c3ccccc3)c3ccc(Oc4ccc(-c5cc(*)[nH]n5)cc4)cc3)cc2)cc1,296.0,213.8774999999999
*C(=O)Nc1ccc(C(c2ccc(NC(=O)c3ccc4c(c3)C(=O)N(c3ccc(-c5ccc(N6C(=O)c7ccc(*)cc7C6=O)c(OC)c5)cc3OC)C4=O)cc2)(C(F)(F)F)C(F)(F)F)cc1,250.0,284.1931333333333
*CC1CC(*)C(OC(=O)CCCCCCCCCCOc2ccc(-c3ccc(C#N)cc3)cc2)C1,30.5,56.035997857142846
*C(=O)Nc1cc(NC(=O)c2ccc3[nH]c(-c4cc(-c5nc6cc(*)ccc6[nH]5)cc(N5C(=O)c6ccccc6C5=O)c4)nc3c2)cc(-c2nc3ccccc3[nH]2)c1,334.0,321.4435
*c1cccc(N2C(=O)c3ccc(C(c4ccc5c(c4)C(=O)N(c4cccc(N6C(=O)c7ccc(-c8ccc9c(c8)C(=O)N(*)C9=O)cc7C6=O)c4)C5=O)(C(F)(F)F)C(F)(F)F)cc3C2=O)c1,308.0,290.8
*Sc1c(C)cc(*)cc1C,198.0,80.7405
*CCCCCCOC(=O)Nc1ccc(C)c(NC(=O)OCCCCCCOc2ccc(-c3ccc(O*)cc3)cc2)c1,87.0,63.011876190476194
*O[Si](C)(C)C#C[Si](C)(C)C#C[Si](C)(C)C#C[Si](C)(C)C#C[Si](C)(C)C#C[Si](*)(C)C,-16.1,-20.87
*Oc1ccc(C(C)c2ccc(OC(*)=S)cc2)cc1,107.0,147.871125
*c1ccc(OC(=O)c2cccc(C(=O)Oc3ccc(C4(*)NC(=O)c5ccccc54)cc3)c2)cc1,325.0,248.5626933333332
*Nc1ccc(*)cc1,75.3,196.05767261904762
*Oc1ccc(S(=O)(=O)c2ccc(Oc3ccc(C(c4ccc(*)c([Si](C)(C)C)c4)(C(F)(F)F)C(F)(F)F)cc3[Si](C)(C)C)cc2[Si](C)(C)C)c([Si](C)(C)C)c1,148.9,207.72233333333335
*CCCCCCCCCCN1C(=O)C2C3C=CC(C4C(=O)N(*)C(=O)C34)C2C1=O,219.0,78.19226190476189
*CC(C[N-][N+]#N)(C[N-][N+]#N)CO*,-30.0,9.2934
*CC(*)c1ccccc1C(=O)OCCCCCC,45.0,-17.80528477633477
*C1C(=O)N(CCCCCCCOc2ccc(-c3ccc(C#N)cc3)cc2)C(=O)C1*,61.0,83.79586923076923
*c1cccc(OCCCCCCCCCCCCOc2cccc(N3C(=O)c4ccc(-c5cccc6c5C(=O)N(*)C6=O)cc4C3=O)c2)c1,116.0,144.0752222222222
*c1ccc(N(c2ccc(C#N)cc2)c2ccc(N3C(=O)c4ccc(Oc5ccc(C(C)(C)c6ccc(Oc7ccc8c(c7)C(=O)N(*)C8=O)cc6)cc5)cc4C3=O)cc2)cc1,230.0,219.921
*CC(*)C(=O)OCCC(C)OC,-56.0,-17.036000000000005
*Oc1ccccc1C(=O)OC(=O)c1ccccc1OC(=O)CCCCCCC(*)=O,28.0,39.72683571428571
*C[Si](*)(CCCCC)CCCCC,-55.0,-67.30864047619049
*O[Si](*)(C)CCc1cc(C(=O)Oc2ccc(OCCCC)cc2)ccc1-c1ccc(C(=O)Oc2ccc(OCCCC)cc2)cc1,96.0,84.1145085714285
*C(=O)Nc1ccc(Oc2ccc(-c3ccc(Oc4ccc(NC(=O)c5ccc6c(c5)C(=O)N(c5ccc(Oc7ccc(C8(c9ccc(Oc%10ccc(N%11C(=O)c%12ccc(*)cc%12C%11=O)cc%10)cc9)CC9CC8C8CCCC98)cc7)cc5)C6=O)cc4)cc3C)c(C)c2)cc1,265.0,274.5382857142857
*c1ccc(Oc2ccc(NC(=O)c3cc(C(=O)Nc4ccc(Oc5ccc(-c6nnc(*)o6)cc5)cc4)cc(N4C(=O)c5ccccc5C4=O)c3)cc2)cc1,285.0,269.4943333333334
*CCCCCCNC(=O)Cc1ccc(CC(=O)N*)cc1,95.0,70.36899999999999
*Nc1ccc(NC(=O)c2cc(NC(=O)c3ccncc3)cc(C(*)=O)c2)cc1,327.0,304.08349523809517
*c1ccc2c(c1)C(=O)N(c1ccc(N(C)CCN(C)c3ccc(N4C(=O)c5ccc(C(*)(C(F)(F)F)C(F)(F)F)cc5C4=O)cc3)cc1)C2=O,227.0,236.893
*c1cc(CCOC(=O)C(C)Br)c(*)s1,49.0,38.0283
*CCCCCCOC(=O)OCCCCCCCCCCOC(=O)OCCCCCCOc1ccc(Oc2ccc(O*)cc2)cc1,-22.0,18.279605516705526
*Oc1ccc(Oc2ccc(C(=O)c3cccc4cccc(C(=O)c5ccc(*)cc5)c34)cc2)cc1,202.0,184.39304285714275
*Sc1ccc(Sc2ccc(Sc3ccc(P(=O)(c4ccccc4)c4ccc(*)cc4)cc3)cc2)cc1,175.0,181.52561904761905
*c1ccc(Sc2ccc(Sc3ccc(Sc4ccc(-n5c(=O)c6cc7c(=O)n(*)c(=O)c7cc6c5=O)cc4)cc3)cc2)cc1,234.05,290.848
*Nc1ccc(NC(=O)c2ccc(C(=O)c3ccc(C(*)=O)c(C(=O)O)c3)cc2C(=O)O)cc1,317.0,215.8471333333333
*C1CCCC(S(*)(=O)=O)C1,108.0,112.99615238095237
*c1ccc(Oc2ccc(N3C(=O)c4cccc(Oc5ccc(Sc6ccc(Oc7cccc8c7C(=O)N(*)C8=O)cc6)cc5)c4C3=O)cc2)cc1,234.0,241.04333333333315
*Oc1ccc(CC(NC(=O)Cc2ccc(OC(=O)COCC(*)=O)cc2)C(=O)OCCCCCC)cc1,46.0,31.5037996031746
*N=P(*)(OC1COCCOCCOCCOCCOC1)OC1COCCOCCOCCOCCOC1,-3.85,-14.033083333333332
*c1ccc(-c2nc3cc(S(=O)(=O)c4ccc5nc(-c6ccccc6)c(-c6ccc(-n7c(=O)c8cc9c(=O)n(*)c(=O)c9cc8c7=O)cc6)nc5c4)ccc3nc2-c2ccccc2)cc1,186.0,344.244
*Oc1ccc(Oc2ccc(S(=O)(=O)c3ccc(Oc4ccc(C(=O)c5ccc(*)cc5)cc4)cc3)cc2)cc1,186.0,201.11666269841254
*CC(O)COC(=O)CCCCC(=O)OCC(O)COc1ccc(/C=C(\C)c2ccc(O*)cc2)cc1,33.0,36.67480952380952
*/C=C/C1CC(*)C2C(=O)N(CCCCCC)C(=O)C12,87.0,73.64484523809526
*C(=O)Nc1cccc(NC(=O)c2ccc3c(c2)C(=O)N(c2ccc(Oc4cccc5c(Oc6ccc(N7C(=O)c8ccc(*)cc8C7=O)cc6)cccc45)cc2)C3=O)c1,263.0,261.888
*c1ccc(OC(=O)c2ccc(C(=O)Oc3ccc(C4(*)OCc5ccccc54)cc3)cc2)cc1,312.0,230.90219999999988
*O[Si](*)(C)CCC(F)(F)C(F)(F)C(F)(F)C(F)(F)F,-75.0,-71.52488095238094
*N=P(*)(Oc1ccc(C(=O)OC)cc1)Oc1ccc(C(=O)OC)cc1,-33.0,46.043
*CCC1C(=O)N(CCCCCC)C(=O)C1*,41.5,82.35939285714286
*Oc1ccc(C(C)(C)c2ccc(OC(=O)c3ccc(C(*)=O)cc3)c(Cl)c2)cc1Cl,190.0,164.93320428571428
*CC(*)(C#N)C(=O)OCCCCCCC,102.0,-21.928816619491617
*CC(*)C(=O)OCCOc1ccc(C(C)(C)c2ccc(OCCO)cc2)cc1,22.0,60.0796
*Oc1ccc(Oc2ccc(P(C)(=O)c3ccc(*)cc3)cc2)cc1,213.0,195.29940555555555
*C(=O)Nc1ccc(Oc2ccccc2-c2ccccc2Oc2ccc(NC(=O)c3ccc4c(c3)C(=O)N(c3ccc(Oc5ccc(N6C(=O)c7ccc(*)cc7C6=O)cc5)cc3)C4=O)cc2)cc1,241.5,288.571
*CC(*)C(=O)Nc1ccc(C(=O)/C=C/c2cccc(Br)c2)cc1,55.0,142.415
*C1(F)OC(C(F)(F)F)(C(F)(F)Cl)OC1(*)F,330.0,87.845
*CC(CSC)O*,-37.0,-19.7461
*CCCCCCCCCCC(=O)Oc1ccc2cc(OC(=O)CCCCCCCCCCn3c(=O)c4cc5c(=O)n(*)c(=O)c5cc4c3=O)ccc2c1,66.0,76.16190476190475
*c1ccc(OCCCCCCCCCCCCCCCC)c(N2C(=O)CC(C3C=C(C)C4C(=O)N(*)C(=O)C4C3)C2=O)c1,186.0,137.6494047619048
*c1ccc(NC(=O)CCCCCCCC(=O)Nc2ccc(S(*)(=O)=O)cc2)cc1,178.0,72.02236666666667
*CC(*)(C)C(=O)OCCN(CC)c1ccc(/N=N/c2ccc(OC)cc2)c(C)c1,95.0,83.7875
*c1cc(Br)c(-c2c(Br)cc(N3C(=O)c4ccc(-c5ccc6c(c5)C(=O)N(*)C6=O)cc4C3=O)cc2C(=O)OCCCC)c(C(=O)OCCCC)c1,196.0,128.44233333333332
*CCCCCCCCCCOc1ccc(/N=C/c2ccc(/C=N/c3ccc(O*)cc3C)cc2)c(C)c1,77.6,31.269011904761857
*Oc1ccc(S(=O)(=O)c2ccc(Oc3ccc(C(=O)c4ccc(-c5ccc(C(=O)c6ccc(*)cc6)cc5)cc4)cc3)cc2)cc1,207.0,216.2236647463647
*Oc1cccc(Oc2ccc(NC(=O)c3cc(NC(=O)c4ccc(OC(C)=O)cc4)cc(C(=O)Nc4ccc(*)cc4)c3)cc2)c1,230.0,236.61961428571428
*Oc1ccc(C(C)(CC)c2ccc(OC(*)=O)c(Cl)c2)cc1Cl,142.0,109.6855
