smiles,tg_true,tg_pred
*CC(*)c1ccc(C(=O)N2CCCCC2)cc1,114.0,154.4445
*OC(=O)c1ccc(Oc2ccc(C3(c4ccc(Oc5ccc(C(=O)Oc6ccc(-c7ccc(*)cc7C)c(C)c6)cc5)cc4)CCC(C(C)(C)C)CC3)cc2)cc1,163.0,177.11357500000003
*c1ccc(Oc2ccc(S(=O)(=O)c3ccc(Oc4ccc(-c5c6c(c(*)c7ccccc57)C(=O)N(c5ccc(F)cc5)C6=O)cc4)cc3)cc2)cc1,300.0,261.46133333333336
*c1ccc(-c2ccc(-c3sc(-c4ccc([Si](CCCC)(CCCC)c5ccc(-c6cc(CCCCCCCC)c(*)s6)s5)s4)cc3CCCCCCCC)s2)s1,-1.0,5.663944291819293
*CC(*)C(=O)c1ccc(Br)c(OC)c1,44.0,102.5
*C#Cc1ccc(-c2nnc(-c3ccc(C#Cc4cc(OCCCCCCCC)c(*)cc4OCCCCCCCC)cc3)o2)cc1,130.0,19.456643650793648
*OC1COC2C(OC(=O)c3cccc(OCCCCCCCCCCOc4cccc(C(*)=O)c4)c3)COC12,30.0,17.677942229992226
*CC(*)OC(=O)CCCC1CCCCC1,-10.0,23.7757
*c1ccc(C)c(N2C(=O)c3ccc(S(=O)(=O)c4ccc5c(c4)C(=O)N(*)C5=O)cc3C2=O)c1,348.0,285.133
*CC(*)C(=O)OCC(C)O,-7.0,2.156
*NNC(=O)c1ccccc1C(=O)Nc1cccc(C=C2CCCC(=Cc3cccc(NC(=O)c4ccccc4C(*)=O)c3)C2=O)c1,195.0,203.4315
*CC(*)c1cc(OC)c(O)c(OC)c1,147.0,90.176
*=Cc1ccc(N(c2ccccc2)c2ccc(C=C(c3ccc(OC)cc3)c3ccc(C(=*)c4ccc(OC)cc4)cc3)cc2)cc1,197.0,98.50254047619048
*C(=O)c1ccc(Oc2ccc(-c3nc4ccccc4n3-c3ccc(-n4c(-c5ccc(Oc6ccc(*)cc6)cc5)nc5ccccc54)cc3)cc2)cc1,242.0,185.5188878787879
*=Nc1cccc(Oc2cccc(Oc3cccc(N=C4OC(=O)c5ccc(C(=O)c6ccc7c(c6)C(=*)OC7=O)cc54)c3)c2)c1,190.0,198.69983333333334
*Nc1cc(NC(=O)Nc2cccc3c(NC(*)=O)cccc23)cc(C(=O)Nc2ccc3c(c2)C(=O)c2ccccc2C3=O)c1,178.0,225.757
*C(=O)NCc1cccc(CNC(=O)c2cc(*)cc(C(C)(C)C)c2)c1,192.0,121.786125
*CC(*)c1ccc(COCCC(F)(F)C(F)(F)C(F)(F)C(F)(F)C(F)(F)C(F)(F)F)cc1,18.0,18.037095634920632
*C(F)(F)C(*)(OC(F)(F)F)OC(F)(F)F,-59.99999999999997,19.18
*Nc1ccc(-c2cc(-c3ccccc3)cc(-c3ccc(NC(=O)c4ccc5c(c4)C(=O)N(c4ccc(Oc6cccc7c(N8C(=O)c9ccc(C(*)=O)cc9C8=O)cccc67)cc4)C5=O)cc3)n2)cc1,295.0,254.13799999999998
*Nc1ccc(Oc2ccc(C3(c4ccc(Oc5ccc(NC(=O)c6ccc(C(*)=O)c7ccccc67)cc5)cc4)C4CC5CC(C4)CC3C5)cc2)cc1,269.0,205.03483333333332
*CC(*)C(=O)Oc1ccc(C(=O)c2ccc(Cl)cc2)cc1,78.0,92.188
*O[Si](*)(C)C=C,-128.99999999999997,-87.13373333333332
*CCNC(=O)c1ccc(C(=O)NCC(C)CC(*)CC)cc1,139.0,140.236
*[Si](*)(C)CCCOCC1COC(C)(C)O1,-47.99999999999997,-31.747
*Nc1ccc(C2(c3ccc(NC(=O)c4ccc5c(c4)C(=O)N(c4ccc(Oc6cccc(Oc7ccc(N8C(=O)c9ccc(C(*)=O)cc9C8=O)cc7)c6)cc4)C5=O)cc3)c3ccccc3-c3ccccc32)cc1,278.0,252.175
*CCCN1C(=O)CC(*)CC1=O,90.0,113.20788888888889
*c1ccc(Oc2cccc3c2C(=O)N(c2ccc(Oc4cccc(Oc5ccc(N6C(=O)c7cccc(Oc8cccc(C(*)(C)C)c8)c7C6=O)cc5)c4)cc2)C3=O)cc1,202.0,244.63554761904763
*CC(*)(C)C(=O)OCCOc1ccc(-c2ccc(-c3ccc(C#N)cc3)cc2)cc1,115.0,81.741
*C(=O)c1ccc(C(=O)O)c(C(=O)Nc2ccc(NC(=O)c3cc(*)ccc3C(=O)O)cc2)c1,213.20000000000005,215.7525
*CN(CC(*)O)c1ccc(/N=N/c2ccc(Cl)cc2)cc1,160.0,98.541
*CCC(=O)OCCOC(*)=O,-8.625,-21.394
*c1cccc(Oc2cccc(Oc3cccc(N4C(=O)c5c(c(-c6ccccc6)c(-c6ccc(-c7c(-c8ccccc8)c8c(c(-c9ccccc9)c7-c7ccccc7)C(=O)N(*)C8=O)cc6)c(-c6ccccc6)c5-c5ccccc5)C4=O)c3)c2)c1,280.0,243.93983333333335
*CCOc1ccc(-c2nc3ccc(Oc4ccc5nc(-c6ccc(OCCN(*)c7ccc(/C=C/c8ccc([N+](=O)[O-])cc8)cc7)cc6)c(-c6ccccc6)nc5c4)cc3nc2-c2ccccc2)cc1,201.0,95.434
*CC(*)(CC(=O)OCCCCCCCCC)C(=O)OCCCCCCCCC,-13.0,-20.0424289650408
*CC(*)Cl,78.42500000000001,38.308
*c1ccc(C(=O)Oc2cccc(OC(=O)c3ccc(C(*)(C)C)cc3)c2)cc1,158.0,222.172
*CC(*)(C)C(=O)OCCCCCC(=O)Oc1ccc(OC(=O)c2ccc(OCCC)cc2)cc1,45.0,8.316179220779219
*CC(*)C(=O)OCCC#N,4.0,-6.349
*CCC1(CCC(=O)N2CCN(C(*)=O)CC2)c2ccccc2-c2ccccc21,145.0,146.001
*=C1C(=O)N(CC(CCCCCCCC)CCCCCCCCCC)c2cc(-c3ccc(-c4ccc(-c5ccc6c(c5)N(CC(CCCCCCCC)CCCCCCCCCC)C(=O)C6=*)s4)s3)ccc21,65.0,97.34902380952381
*C(=O)c1ccc2c(c1)C(=O)N(c1ccc(Cc3ccccc3N3C(=O)c4ccc(*)cc4C3=O)cc1)C2=O,290.0,238.362
*CC(*)(C)C(=O)OC1CC2CCC1(C)C2(C)C,180.5,144.03543333333334
*c1ccc(-c2nnc(-c3ccc([Si](*)(c4ccccc4)c4ccccc4)cc3)o2)cc1,262.0,24.815
*c1ccc(N2C(=O)c3ccc(Oc4ccc5c(c4)C(=O)N(c4ccc(Oc6c(C(C)(C)C)cc(*)cc6C(C)(C)C)cc4)C5=O)cc3C2=O)cc1,342.0,226.46078571428572
*Nc1ccc(Oc2ccc(N3C(=O)c4ccc(Oc5ccc(C(*)=O)cc5)cc4C3=O)cc2)cc1,262.0,233.80441269841268
*CC(*)(C)C(=O)NC(=O)OCCOc1ccc(S(=O)(=O)c2ccc(OCCO)cc2)cc1,131.0,86.035
*CCCCCCCCCCN1C(=O)c2ccc(C(=O)Oc3ccc(-c4ccc(OC(*)=O)cc4)cc3)cc2C1=O,61.0,86.72582936507936
*Oc1ccc(-n2c(=O)c3cc4c(=O)n(-c5ccc(Oc6ccc(*)cc6C)cc5)c(=O)c4cc3c2=O)cc1,310.0,245.434
*Oc1ccc(-c2ccc(Oc3cccc4c3C(=O)N(c3cccc(N5C(=O)c6cccc(*)c6C5=O)c3)C4=O)cc2)cc1,275.0,244.488
*NC(CCC(=O)OCc1ccccc1)C(*)=O,17.0,50.38
*CC(*)(C)C(=O)OCCS(=O)(=O)c1ccc(/N=N/c2ccc(N(CC)CC)cc2)cc1,142.0,87.064
*c1ccc(C(=O)c2ccc(Sc3ccc(C(=O)c4ccc(C(*)(C)C)cc4)cc3)cc2)cc1,175.0,152.61851666666666
*CC(*)c1ccc(-c2ccccc2)cc1,137.85000000000002,151.298
*NC(=O)c1ccc2c(c1)C(=O)N(C1CC(=O)N(c3cc(C)ccc3*)C1=O)C2=O,237.0,299.1463333333333
*c1ccc2c(c1)C(=O)N(C1CCC(CC3CCC(N4C(=O)c5ccc(C(*)(C(F)(F)F)C(F)(F)F)cc5C4=O)CC3)CC1)C2=O,265.0,239.5016666666667
*CC1C(=O)OC(=O)C1C(*)OCC,146.0,77.563
*CC(*)C(=O)OCCCCOc1ccc(-c2ccc(C#N)cc2)cc1,30.0,21.210597435897434
*N=P(*)(OCC1COCCOCCOCCOCCOCCO1)OCC1COCCOCCOCCOCCOCCO1,-39.99999999999997,-32.28
*=Cc1ccc(OCCCCCCOc2ccc(/C=C3\CCCC(=*)C3=O)cc2)cc1,116.0,7.777804978354982
*Oc1ccc2c(c1)C(=O)N(c1cccc(P(=O)(c3ccc(C(F)(F)F)cc3)c3cccc(N4C(=O)c5ccc(*)cc5C4=O)c3)c1)C2=O,248.0,242.06316666666666
*COC(=O)OCC(OC(=O)Oc1ccc(C(=O)OC)cc1)C(*)OC(=O)Oc1ccc(C(=O)OC)cc1,90.90000000000003,116.764
*OCCOCCOC(=O)c1ccccc1C(*)=O,-49.99999999999997,20.907
*c1cccc(Oc2ccc(C(c3ccc(Oc4cccc(-n5c(=O)c6cc7c(=O)n(*)c(=O)c7cc6c5=O)c4)cc3)(C(F)(F)F)C(F)(F)F)cc2)c1,226.5,254.64866666666666
*c1ccc2c(c1)C(=O)N(c1ccc(Cc3ccc(N4C(=O)c5ccc([Si](*)(C)C)cc5C4=O)cc3)cc1)C2=O,280.0,184.52766666666665
*CC(*)c1ccccc1COCCCC,67.0,15.539166666666665
*NCC1CCC(CNC(=O)c2cccc(C(*)=O)c2)CC1,208.0,141.642125
*c1ccc(NC2CC(=O)N(c3ccc(-c4sc(-c5ccc(N6C(=O)CC(Nc7ccc(-c8nc(C#N)c(C#N)nc8*)cc7)C6=O)cc5)c(-c5ccccc5)c4-c4ccccc4)cc3)C2=O)cc1,231.0,336.75
*c1ccc(OC(=O)c2ccc(S(=O)(=O)c3ccc(C(=O)Oc4ccc(C(*)(C)C)cc4)cc3)cc2)cc1,220.0,205.3625261904762
*CC(CC(*)(C#N)C#N)c1ccc(F)cc1,180.0,82.355
*NCCCCCCCCCCCCNC(=O)c1ccc(-c2nc3ccccc3nc2-c2ccc(C(*)=O)cc2)cc1,154.0,124.88450638528144
*CC(*)C(=O)OCC1(CC)COC(c2ccccc2)OC1,50.0,64.929
*Oc1cccc2c1C(=O)N(c1ccc(Oc3ccc(Oc4ccc(N5C(=O)c6ccc(*)cc6C5=O)cc4)cc3)cc1)C2=O,249.0,240.94983333333334
*Nc1ccc(-c2ccc(NC(=O)c3ccc4c(c3)C(=O)N(c3cccc(P(=O)(c5ccccc5)c5cccc(N6C(=O)c7ccc(C(*)=O)cc7C6=O)c5)c3)C4=O)cc2)cc1,253.0,293.2894166666666
*CCc1c(Cl)cc(*)cc1Cl,110.0,107.201
*OCCN(CCOC(=O)c1cc(OC2CCN(c3ccc(S(=O)(=O)C(F)(F)C(F)(F)C(F)(F)C(F)(F)C(F)(F)C(F)(F)C(F)(F)C(F)(F)F)cc3)CC2)cc(C(*)=O)c1)c1ccc(S(=O)(=O)C(F)(F)C(F)(F)C(F)(F)C(F)(F)C(F)(F)C(F)(F)C(F)(F)C(F)(F)F)cc1,99.0,99.859
*OCCCCCCCCCCOC(=O)OCCCCCCOc1ccc(Oc2ccc(OCCCCCCOC(*)=O)cc2)cc1,-21.99999999999997,25.250599267399274
*CC(*)(C)C(=O)OCCOC,24.0,34.029
*CC(*)OCCCCCCCCCCCOc1ccc(C(=O)Oc2ccc(C#N)cc2)cc1,37.0,0.8636933843933846
*Nc1ccc(S(=O)(=O)c2ccc(NC(=O)c3ccc(Oc4nc(Oc5ccc(C(*)=O)cc5)nc(Sc5ccccc5)n4)cc3)cc2)cc1,310.0,228.02078095238096
*O[Si](C)(C)c1cccc(C(F)(F)C(F)(F)C(F)(F)c2cccc([Si](*)(C)C)c2)c1,-8.0,-7.403
*CCC1C(=O)N(CCCCCCCCCCCCCCCCCC)C(=O)C1*,67.10000000000002,93.82156349206352
*c1ccc(Oc2ccc(S(=O)(=O)c3ccc(Oc4ccc(C(*)(C)C)cc4)cc3)cc2)cc1,186.0,181.5912094877345
*c1cc(-n2c(=O)c3cc4c(=O)n(*)c(=O)c4cc3c2=O)c(O)cc1O,362.0,328.204
*CCCCCCCCC(=O)OCC#CCOC(*)=O,-26.49999999999997,-47.24759033790855
*Oc1ccc2ccccc2c1-c1c(OC(=O)c2ccc(N3C(=O)c4ccc(C(=O)Oc5ccc6ccccc6c5-c5c(OC(=O)c6ccc7c(c6)C(=O)N(c6ccc(C(*)=O)cc6)C7=O)ccc6ccccc56)cc4C3=O)cc2)ccc2ccccc12,266.5,254.823
*CC(*)C(=O)N(C)C,114.0,59.731
*COc1ccc(N2C(=O)c3ccc(C(c4ccc5c(c4)C(=O)N(c4ccc(OC(*)CCC)cc4)C5=O)(C(F)(F)F)C(F)(F)F)cc3C2=O)cc1,204.0,168.515
*C(=O)OCCCCCCOc1ccc(-n2on2-c2ccc(OCCCCCCOC(=O)C(*)CCCCCCCCCCP(=O)(OCC)OCC)cc2)cc1,9.0,110.2992857142857
*N=P1(*)Oc2ccccc2-c2ccccc2O1,160.0,122.835
*C=C(C#N)c1cc(OCCCCCCCCCCCCCCCC)c(C(C#N)=Cc2cc(OCCCCCCCCCCCCCCCC)c(*)cc2OC)cc1OC,190.0,32.353317460317456
*c1ccc(-n2nccc2-c2cccc(-c3ccnn3-c3ccc(S(*)(=O)=O)cc3)c2)cc1,218.0,222.11509523809525
*Oc1ccc(OC(=O)c2ccc(C(*)=O)cc2Oc2ccc(Br)cc2)cc1,108.0,151.083
*=NP(=NP(=NS(=*)Oc1ccc(-c2ccccc2)cc1)(Oc1ccc(-c2ccccc2)cc1)Oc1ccc(-c2ccccc2)cc1)(Oc1ccc(-c2ccccc2)cc1)Oc1ccc(-c2ccccc2)cc1,69.0,110.021
*CCC(F)(F)CC[Si](C)(CCC(F)(F)F)O[Si](*)(C)CCC(F)(F)F,-37.99999999999997,-64.8573511904762
*CC(*)(C)C(=O)OCCCCCCCCCC,-63.82499999999999,-15.8896800976801
*c1cc(C)c(O[Si](C)(C)CC[Si](C)(C)Oc2c(C)cc(*)cc2C)c(C)c1,55.0,49.51
*CC(*)(CC(=O)OCCOCCOC)C(=O)OCCOCCOC,-40.49999999999997,-28.639190476190475
*Oc1ccc2cc(OC(=O)c3ccc4c(c3)C(=O)N(CCOCCOCCN3C(=O)c5ccc(C(*)=O)cc5C3=O)C4=O)ccc2c1,105.0,141.7222857142857
*CN1C(=O)c2ccc(C(c3ccc4c(c3)C(=O)N(CC(=O)Nc3ccc(Oc5ccc(-c6ccc(Oc7ccc(NC(*)=O)cc7)cc6)cc5)cc3)C4=O)(C(F)(F)F)C(F)(F)F)cc2C1=O,245.0,154.898
*c1ccc2c(c1)C(=O)N(c1ccc(N3C(=O)c4ccc(C(*)(C(F)(F)F)C(F)(F)F)cc4C3=O)c(C(F)(F)F)c1)C2=O,366.0,287.888
*NCCCCCc1nc2cc(-c3ccc4[nH]c(CCCCCNc5nc(*)nc(N(CC)CC)n5)nc4c3)ccc2[nH]1,190.0,98.26078333333332
*c1ccc(CCCCc2ccc(-c3c(-c4ccccc4)cc(-c4ccc(-c5cc(-c6ccccc6)c(*)c(-c6ccccc6)c5-c5ccccc5)cc4)c(-c4ccccc4)c3-c3ccccc3)cc2)cc1,205.0,-12.076306818181818
*CC(COc1ccccc1)OC(*)=O,20.0,37.141
*CC(=O)C(*)c1ccc(C(C)(C)C)cc1,158.0,128.644
*c1ccc2ncc(-c3ccc(-c4cnc5ccc(S(*)(=O)=O)cc5n4)cc3)nc2c1,342.0,225.02176825396825
*CC1C(=O)OC(=O)C1C(*)OC,153.5,77.839
*CC(*)(C)C(=O)OCCCCCCCCCCCCOc1ccc2cc(C(=O)Oc3ccccc3)ccc2c1,12.0,5.477484199134201
*Oc1ccc(Oc2ccc3c(c2)C(=O)N(c2ccc(Oc4ccc(S(=O)(=O)c5ccc(Oc6ccc(N7C(=O)c8ccc(*)cc8C7=O)cc6)cc5)cc4)cc2)C3=O)cc1,201.0,241.54084523809524
*c1ccc(Cc2ccc(S(*)(=O)=O)cc2)cc1,227.5,127.876
*CC(COC)O*,-62.14999999999998,-47.413
*c1ccc(Oc2ccc(S(=O)(=O)c3ccc(Oc4ccc(C(*)(C)C)cc4)s3)cc2)cc1,161.85000000000002,181.71256046176046
*N=P(*)(N(C)C)N(C)C,-4.0,-19.716
*CC(*)(C)C(=O)NC(C)c1cccc2ccccc12,171.0,141.682
*/C=C(/*)CCCOc1ccc(OC(=O)c2ccc(OCCCCCCCC)cc2)cc1,42.0,15.66433990453991
*NC(=O)OC1CCN(c2ccc(/C=C/C3=CC(=C(C#N)C#N)C=C(/C=C/c4ccc(N5CCC(OC(=O)Nc6ccc(C)c(*)c6)CC5)s4)O3)s2)CC1,212.0,162.893
*c1ccc2nc(-c3ccc(-c4nc5ccc(S(*)(=O)=O)cc5nc4-c4ccccc4)cc3)c(-c3ccccc3)nc2c1,345.0,226.35369047619048
*c1ccc(CCCCc2ccc(-c3c(-c4ccccc4)cc(-c4cccc(-c5cc(-c6ccccc6)c(*)c(-c6ccccc6)c5-c5ccccc5)c4)c(-c4ccccc4)c3-c3ccccc3)cc2)cc1,180.0,-12.146306818181818
*CC(*)(C)C(=O)OCc1ccc(Cl)c(Cl)c1,34.450000000000045,80.187
*Nc1cc(NC(=O)c2ccc(C(*)=O)cc2)cc(C(=O)Oc2ccc(-c3ccccc3)cc2)c1,178.0,227.9451666666667
*Oc1ccc(-c2ccc(O[Si](*)(c3ccccc3)c3ccccc3)cc2)cc1,132.25,55.136
*Oc1ccc(-c2ccc(Oc3c(F)c(F)c(COC(c4cccc(C(OCc5c(F)c(F)c(*)c(F)c5F)(C(F)(F)F)C(F)(F)F)c4)(C(F)(F)F)C(F)(F)F)c(F)c3F)cc2)cc1,110.0,118.77966666666666
*Oc1ccc(S(=O)(=O)c2ccc(Oc3cccc4c3C(=O)N(c3ccc(Oc5cccc(Oc6ccc(N7C(=O)c8cccc(*)c8C7=O)cc6)c5)cc3)C4=O)cc2)cc1,230.0,256.63383333333337
*C(=O)c1ccc2c(c1)C(=O)N(c1cc(N3C(=O)c4ccc(*)cc4C3=O)ccc1OCC(F)(F)C(F)(F)C(F)(F)C(F)(F)C(F)(F)C(F)(F)C(F)(F)C(F)(F)C(F)(F)C(F)(F)F)C2=O,194.0,169.53
*c1ccc(OC(=S)Oc2ccc(C(*)(CC)c3ccccc3)cc2)cc1,173.0,108.29120000000002
*NCCc1ccc(OC(=O)c2cccc(C(=O)Oc3ccc(CCNC(=O)c4cccc(C(*)=O)c4)cc3)c2)cc1,147.0,94.605
*c1ccc2c(c1)C(=O)N(c1cccc(N3C(=O)c4ccc(-c5ccc6c(c5)C(=O)N(c5cccc(N7C(=O)c8ccc(C(*)(C(F)(F)F)C(F)(F)F)cc8C7=O)c5)C6=O)cc4C3=O)c1)C2=O,308.0,289.346
*Oc1ccc(C(=O)O)c(C(=O)Nc2ccc(NC(=O)c3cc(*)ccc3C(=O)O)cc2)c1,166.3,223.15160714285713
*c1ccc(N2C(=O)c3ccc(Oc4ccc(C5(c6ccc(Oc7ccc8c(c7)C(=O)N(c7ccc(N(*)c9ccc(C#N)cc9)cc7)C8=O)cc6)CCCCC5)cc4)cc3C2=O)cc1,243.0,229.6181904761905
*C[Si](*)(CCCC)CCCC,-29.99999999999997,-89.96262777777778
*CCC1C(=O)N(CCC)C(=O)C1*,90.40000000000003,156.294
*CCOC(=O)NCC1(C)CC(NC(=O)OCCN(*)c2ccc(/N=N/c3ccc(B(c4c(C)cc(C)cc4C)c4c(C)cc(C)cc4C)cc3)cc2)CC(C)(C)C1,146.0,84.029
*C(=O)OCC(COc1ccc(/N=N/c2ccc(C#N)cc2)cc1)OC(=O)c1cc(C)ccc1*,124.0,54.981
*OC(*)C,-19.49999999999997,-10.981
*OC(=O)c1cc(OCCCc2ccccc2)c(C(=O)Oc2ccc(*)cc2C)cc1OCCCc1ccccc1,91.0,7.8178
*c1ccc(-c2ccc(-c3cnc4ccc(-c5ccc6ncc(-c7ccc(*)cc7)nc6c5)cc4n3)cc2)cc1,305.0,196.439
*CCCCCCCCCCCC(=O)NCCCCCCCCCCCCCNC(*)=O,56.5,35.46373192513652
*c1ccc(Oc2ccc(-c3ccc(Oc4ccc(S(=O)(=O)c5ccc(-c6ccc(-c7ccc(S(*)(=O)=O)cc7)cc6)cc5)cc4)cc3)cc2)cc1,264.0,233.5976978354978
*CSCC(*)(CC)CC,-36.24999999999997,84.598
*CC(*)(C)C(=O)OCCCCCCOc1cccc(C(=O)Oc2ccc(C#N)cc2)c1,38.0,9.827693087468088
*=CCCCC(=*)c1ccc(Cl)cc1,16.0,4.509286111111112
*Nc1ccc(Cc2ccc(NC(=O)OCc3ccc(COC(*)=O)o3)cc2)cc1,81.0,71.568
*CC(O)CN(CC(O)CN(*)c1ccc(/N=N/c2ccc([N+](=O)[O-])cc2)cc1)c1ccccc1,70.0,118.148
*CCCCCn1c(=O)c2cc3c(=O)n(CCCCCC(=O)Oc4ccc(OC(*)=O)cc4Cl)c(=O)c3cc2c1=O,87.0,104.11336507936507
*c1ccc(OCCN(C)c2ccc(/C=C/C3=CC(=C(/C#N)C(=O)OC)/CC(C)(C)C3)cc2)c(N2C(=O)c3ccc(Oc4ccc5c(c4)C(=O)N(c4cc(C(*)(C(F)(F)F)C(F)(F)F)ccc4OCCN(c4ccccc4)c4ccc(/C=C/C6=CC(=C(/C#N)C(=O)OC)/CC(C)(C)C6)cc4)C5=O)cc3C2=O)c1,207.0,163.807
*COCC(*)(C)COCC(F)(F)C(F)(F)C(F)(F)F,-44.99999999999997,-20.57
*C=CC1=CC(=C(C#N)C#N)C=C(/C=C/c2sc(-c3ccc(-c4ccc(-c5ccc(-c6sc(*)c(CCCCCC)c6CCCCCC)s5)s4)s3)c(CCCCCC)c2CCCCCC)O1,134.0,-12.392796703296703
*C(=O)c1ccc(C(=O)c2ccc(Oc3ccc(-c4nc5ccccc5n4-c4ccc(-c5ccc(-n6c(-c7ccc(Oc8ccc(*)cc8)cc7)nc7ccccc76)cc5)cc4)cc3)cc2)cc1,259.0,189.63183333333333
*c1ccc(-c2ccc(N(*)c3ccc(C)cc3)cc2)cc1,85.0,126.37842857142857
*CC=CC[Si](*)(C)c1ccccc1,-1.0,7.516
*COC(=O)c1ccc(C(=O)OC(*)COc2ccc(/N=N/c3ccc(C#N)cc3)cc2)cc1,122.0,83.989
*c1ccc(Oc2ccc(S(=O)(=O)c3ccc(-c4ccc(S(=O)(=O)c5ccc(Oc6ccc(S(*)(=O)=O)cc6)cc5)cc4)cc3)cc2)cc1,267.0,233.5976978354978
*c1ccc(Oc2ccccc2Oc2ccc(-n3c(=O)c4cc5c(=O)n(*)c(=O)c5cc4c3=O)cc2)cc1,313.0,260.457
*Cc1ccc(OC(=O)COCC(=O)Oc2ccc(CCC(=O)NC(*)C(=O)OCCCCCC)cc2)cc1,45.0,38.316480952380964
*Sc1ccc(Sc2ccc(Sc3cccc4c3C(=O)N(N3C(=O)c5ccc(*)cc5C3=O)C4=O)cc2)cc1,242.0,247.33
*Nc1ccc(Cc2ccc(NC(=O)OCc3cocc3COC(*)=O)cc2)cc1,45.0,70.555
*NCCCCCCNC(=O)OCCCCCCCCOC(*)=O,58.0,-31.7791817629919
*c1ccc2c(c1)C(=O)N(C(=S)Nc1ccc(Oc3ccc(NC(=S)N4C(=O)c5ccc(C(*)(C(F)(F)F)C(F)(F)F)cc5C4=O)cc3)cc1)C2=O,260.0,251.80966666666663
*CCCCCCCCC(=O)OCCOC(=O)c1ccc(C(=O)OCCOC(*)=O)cc1,-6.5,13.199833730158728
*Nc1ccc(Cc2ccc(NC(=O)OCCCOC(*)=O)cc2)cc1,119.0,88.30865151515154
*C(=O)Nc1ccc(NC(=O)c2cc(*)c(C(=O)O)cc2C(=O)O)cc1,283.4,157.346
*c1ccc(-c2cnc3ccc(-c4ccc5ncc(*)nc5c4)cc3n2)cc1,376.0,196.76
*c1ccc(OC(=O)CCCCC(=O)Oc2ccc(C(*)(C)C)cc2C)c(C)c1,33.5,53.30168333333332
*c1cc(C(C)(C)c2ccc(O)cc2)cc(*)c1O,135.0,157.004
*CCCCCC(c1ccc(O)cc1)C(*)c1ccc(O)cc1C,16.0,3.883559126984127
*C=CC1CC(*)CC1(C#N)CCC,108.0,68.663
*CCCCCN1C(=O)c2ccc(C(=O)c3ccc4c(c3)C(=O)N(CCCCCC(=O)Nc3ccc(NC(*)=O)cc3)C4=O)cc2C1=O,200.0,86.33861688311688
*c1ccc(OCCN(C)c2ccc(/C=C/C3=CC(=C(/C#N)C(=O)OCCc4ccccc4)/CC(C)(C)C3)cc2)c(N2C(=O)c3ccc(Oc4ccc5c(c4)C(=O)N(c4cc(C(*)(C(F)(F)F)C(F)(F)F)ccc4OCCN(c4ccccc4)c4ccc(/C=C/C6=CC(=C(/C#N)C(=O)OCCc7ccccc7)/CC(C)(C)C6)cc4)C5=O)cc3C2=O)c1,177.0,173.88
*OCCCCCCCCOC(=O)OC1COC2C(OC(*)=O)COC12,19.5,5.330397619047619
*C=Cc1ccc(-c2nnc(-c3ccc(C=Cc4ccc5c(c4)c4cc(*)ccc4n5CCCCCCCC)cc3)n2-c2ccccc2)cc1,147.0,106.86904761904768
*Nc1ccc(Oc2ccc3nc(-c4ccccc4)c(-c4ccc(Oc5ccc(-c6nc7cc(Oc8ccc(NC(=O)c9cc(C(*)=O)cc(N%10C(=O)c%11ccccc%11C%10=O)c9)cc8)ccc7nc6-c6ccccc6)cc5)cc4)nc3c2)cc1,260.0,244.55433333333332
*c1ccc(Oc2ccc(C(=O)c3ccc(C(=O)c4ccc(Oc5ccc(C(*)(C)C)cc5)cc4)cc3)cc2)cc1,160.0,177.68094877344885
*Oc1c(F)c(F)c(-c2c(F)c(F)c(Oc3ccc(*)cc3S(=O)(=O)O)c(F)c2F)c(F)c1F,120.0,227.6407
*Nc1nc(NC(=O)c2ccc3c(c2)C(=O)N(c2ccc(Oc4cccc5c(N6C(=O)c7ccc(C(*)=O)cc7C6=O)cccc45)cc2)C3=O)nc(-c2ccccc2)n1,291.0,253.23766666666666
*CC(*)(C)C(=O)OCCCCCC(=O)Oc1ccc(OC(=O)c2ccc(OCCCCCC)cc2)cc1,44.0,8.68744343434343
*C(=O)c1cccc(C(=O)c2ccc(Oc3ccc(*)cc3C)c(C(C)C)c2)c1,147.0,172.19033430735934
*CCCCCCCCCC(=O)NCc1ccc(CNC(*)=O)cc1,110.0,46.97662023809524
*C(=O)c1ccccc1-n1c(=O)c2cc3c(=O)n(-c4ccc(*)cc4)c(=O)c3cc2c1=O,321.0,264.17766666666665
*OCCOc1ccc(C(*)=O)cc1,84.0,55.631
*CC(*)c1ccc(C(F)(F)C(F)(F)C(F)(F)C(F)(F)C(F)(F)C(F)(F)C(F)(F)F)cc1,42.0,122.95
*CC(*)OC(=O)c1cccc(Br)c1,57.5,95.425
*c1ccc(OCC(O)COc2cccc(NC(=O)Cc3cccc(CC(=O)Nc4cccc(OCC(O)COc5ccc(C(*)(C)C)cc5)c4)c3)c2)cc1,119.0,91.17966666666666
*NCCCCCCCCCCCCNC(=O)c1ccc(C(*)=O)cc1,130.0,105.07872424242441
*CC(c1ccccc1)C1C(=O)N(CCCOc2ccc(-c3ccc(C#N)cc3)cc2)C(=O)C1*,130.0,120.943
*CCOCOCC*,-83.99999999999997,-44.68128571428571
*c1ccc(C2(c3ccc(-c4cc(-c5ccccc5)c5cc(C6(c7ccc8nc(*)cc(-c9ccccc9)c8c7)c7ccccc7-c7ccccc76)ccc5n4)cc3)c3ccccc3-c3ccccc32)cc1,390.0,214.305
*Oc1ccc(S(=O)(=O)c2ccc(OP(*)(=O)Oc3ccc(C)cc3)cc2)cc1,66.0,178.65211904761907
*OCC1CCCC(COC(=O)c2ccc(C(*)=O)cc2)C1,75.0,62.522
*C=Cc1cccc(/C=C/[Si](C)(C)c2cccc([Si](*)(C)C)c2)c1,28.700000000000045,-13.778
*Oc1ccc(C2(c3ccc(Oc4ccc5c(c4)C(=O)N(c4ccc(Oc6ccc(C7(c8ccc(Oc9ccc(N%10C(=O)c%11ccc(*)cc%11C%10=O)cc9)cc8)CC8CCC7C8)cc6)cc4)C5=O)cc3)CCC(c3ccccc3)CC2)cc1,245.0,241.40066666666672
*Oc1ccc(Oc2ccc(Oc3ccc(Oc4ccc(-c5ccc(*)c6ccccc56)c5ccccc45)cc3)cc2)cc1,147.0,135.57
*OCCCCOc1ccc(-c2ccc(*)c3ccccc23)c2ccccc12,130.0,12.22001111111111
*c1ccc(Oc2ccc(S(=O)(=O)c3ccc(Oc4ccc(C(*)(C)C)cc4[N+](=O)[O-])cc3)cc2)cc1,190.0,188.29766608946613
*Oc1ccc(Sc2ccc(Oc3cccc4c3C(=O)N(c3cccc(N5C(=O)c6cccc(*)c6C5=O)c3)C4=O)cc2)cc1,231.0,242.77166666666668
*NC(=O)Nc1ccc(CCc2ccccc2NC(=O)Nc2cc(*)ccc2C)cc1,227.0,109.9
*c1ccc(Oc2ccc(S(=O)(=O)c3ccc(Oc4ccc(C(*)C(C)C)cc4)cc3)cc2)cc1,200.0,184.101900036075
*CC(*)c1ccc(COCCOCC)cc1,0.0,12.972095634920635
*CC(*)c1ccc(CCCCCCCCCCCC)cc1,-51.99999999999997,-41.362009823509865
*c1ccc(Cc2ccc(N(c3ccc(C)cc3)c3ccc(-c4ccc(N(*)c5ccc(C)cc5)cc4)cc3)cc2)cc1,183.0,83.824
*Cc1ccc(OC(=O)CCCCC(=O)Oc2ccc(CC(=O)NC(*)C(=O)OCCCCCC)cc2)cc1,36.0,38.08024285714287
*CC(*)c1ccc(O)c(OC)c1,142.0,93.253
*Oc1ccc(-c2ccc(Oc3ccc4c(c3)C(=O)N(c3ccc(Oc5cccc(Oc6ccc(N7C(=O)c8ccc(*)cc8C7=O)cc6)c5)cc3)C4=O)cc2)cc1,205.0,229.201
*NC(=O)CCCCC(=O)NC(CCSC)C(=O)OC1COC2C(OC(=O)C(*)CCSC)COC12,71.0,44.512833333333326
*CC(*)(C)C(=O)OCCN(CC)CC,26.0,32.95166666666667
*Oc1ccc2c(c1)C(=O)N(c1cccc(S(=O)(=O)c3cccc(N4C(=O)c5ccc(*)cc5C4=O)c3)c1)C2=O,246.0,244.40792857142858
*CC(OC)C(C)(C(=O)OC)C(*)(C)C(=O)OC,134.0,75.519
*c1ccc(Oc2ccc3c(c2)C(=O)N(c2ccc(Oc4ccc(S(=O)(=O)c5ccc(Oc6ccc(N7C(=O)c8ccc(Oc9ccc(C(*)(C)C)cc9)cc8C7=O)cc6)cc5)cc4)cc2)C3=O)cc1,200.0,247.91332142857138
*c1cccc(P(=O)(c2cccc(-n3c(=O)c4c(-c5cc(C(F)(F)F)cc(C(F)(F)F)c5)c5c(=O)n(*)c(=O)c5c(-c5cc(C(F)(F)F)cc(C(F)(F)F)c5)c4c3=O)c2)c2cc(C(F)(F)F)cc(C(F)(F)F)c2)c1,293.0,304.58725
*/C=C(/*)c1cccc[c]1[Ge]([CH3])([CH3])[CH3],180.0,106.859
*c1ccc(N2C(=O)c3ccc(C(c4ccc5c(c4)C(=O)N(c4ccc(*)cc4OCCN(CC)c4ccc(C(C#N)=C(C#N)C#N)cc4)C5=O)(C(F)(F)F)C(F)(F)F)cc3C2=O)c(OCCN(CC)c2ccc(C(C#N)=C(C#N)C#N)cc2)c1,222.0,160.311
*CCOC(=O)c1cccc(OCC#CC#CCOc2cccc(C(=O)OCCN(*)c3ccc(/N=N/c4ccc(C#N)cc4)cc3)c2)c1,50.0,70.969
*OCCOC(=O)CCCC(=O)OCCOc1nc(-c2ccc(OCCCC)cc2)nc(*)c1-c1ccc(OC)cc1,46.0,37.50526666666667
*c1nc2ccc(-c3cccc(-c4ccc5[nH]c(S(*)(=O)=O)nc5c4)c3)cc2[nH]1,290.0,211.7309015873016
*CC(*)CCCC,-49.99999999999997,-64.51626496836496
*Oc1ccc(OC(=O)c2ccc(OCCCCCCCCCCCCOc3ccc(C(*)=O)cc3)cc2)c(S(=O)(=O)c2ccccc2)c1,82.70000000000005,14.210774753024747
*OCCN(CCOC(=O)c1ccc2c(c1)C(=O)N(c1cccc(N3C(=O)c4ccc(C(*)=O)cc4C3=O)c1)C2=O)c1ccc(/N=N/c2ccc([N+](=O)[O-])cc2)cc1,210.0,164.921
*C(*)(F)Cl,77.0,58.132
*CC(*)C(=O)Oc1ccccc1C(=O)OCC,30.0,74.438
*Nc1ccc(NC(=O)c2ccc(C(*)=O)cc2)cc1,295.0,282.75
*CCCCCCCCC(=O)NNC(=O)OCCCCCOC(=O)NNC(*)=O,20.0,-21.35652593444004
*C(=O)Nc1ccc(C(c2ccc(NC(=O)c3ccc4c(c3)C(=O)N(c3ccc(*)c(C)c3)C4=O)cc2)(C(F)(F)F)C(F)(F)F)cc1,355.0,296.801
*CCOC(=O)c1cccc(C(=O)OCCN(*)c2ccc(/N=N/c3ccc(-c4nc5ccc([N+](=O)[O-])cc5n4CC)cc3)cc2)c1,147.0,112.94
*OCCCCCCCCCOC(=O)c1ccc(-c2ccc(C(*)=O)cc2)cc1,50.5,46.883509523809536
*Oc1c(C)cc(*)cc1C(C)CCCCC,60.0,25.111944444444443
*O[Si](*)(C)CCCCCCCC,-91.99999999999996,-75.41069333305575
*CC(*)C(=O)OCCOCC(F)(F)C(F)(F)C(F)(F)F,-44.99999999999997,-12.4455
*Oc1cccc(Oc2ccc3c(c2)C(=O)N(c2cccc(N4C(=O)c5ccc(*)cc5C4=O)c2)C3=O)c1,224.0,236.84433333333337
*CC(*)(F)C(=O)OCCC(F)(F)C(F)(F)C(F)(F)C(F)(F)C(F)(F)C(F)(F)C(F)(F)C(F)(F)C(F)(F)C(F)(F)F,53.0,51.67233333333333
*=CCS(=O)(=O)CC(=*)C,88.20000000000005,23.365
*c1ccc(N2C(=O)c3ccc(C(c4ccc5c(c4)C(=O)N(c4ccc(C(*)(C)C)cc4)C5=O)(C(F)(F)F)C(F)(F)F)cc3C2=O)cc1,310.0,270.87733333333335
*Oc1ccc2c(c1)C(=O)N(c1cccc(OCCOc3ccc(N4C(=O)c5ccc(*)cc5C4=O)cc3)c1)C2=O,178.5,173.695
*C=Cc1ccc(/C=C/c2ccc3c(c2)Sc2cc(*)ccc2N3c2ccc(OCCCCCCCCCCCC)cc2)cc1,167.0,127.40926190476188
*Nc1ccc(Oc2ccc(C(=O)c3ccc(Oc4ccc(NC(=O)c5ccc(C(*)=O)cc5)cc4)cc3)cc2)cc1,160.0,230.01683333333335
*Oc1ccc(Sc2ccc(Oc3ccc4c(c3)C(=O)N(c3cccc(N5C(=O)c6ccc(*)cc6C5=O)c3)C4=O)cc2)cc1,209.0,234.4595
*CC(*)(C)C(=O)Oc1ccccc1,110.0,117.726
*c1ccc(Oc2ccc(-c3ccc(N4C(=O)c5ccc(Oc6ccc(C(C)(C)c7ccc(Oc8ccc9c(c8)C(=O)N(c8ccc(-c%10ccc(Oc%11ccc%12c(c%11)C(*)(C)CC%12(C)C)c(C(F)(F)F)c%10)cc8)C9=O)cc7)cc6)cc5C4=O)cc3)cc2C(F)(F)F)cc1,241.0,250.88022222222222
*COC(=O)c1ccc(C(=O)OC(*)COc2ccc(/N=N/c3ccc(C#N)cc3)cc2)s1,119.0,78.936
*c1ccc(Oc2ccc(-n3c(=O)c4cc5c(=O)n(*)c(=O)c5cc4c3=O)cc2)c(-c2ccccc2)c1,329.0,260.4223333333333
*c1ccc(Nc2ccc(C3(c4ccc(Nc5ccc(S(*)(=O)=O)cc5)cc4)c4ccccc4-c4ccccc43)cc2)cc1,221.0,236.25133333333332
*CC(*)C(=O)OCF,15.0,32.16216666666667
*NC(=O)CCCCC(=O)NC(C(=O)OC1COC2C(OC(=O)C(*)C(C)CC)COC12)C(C)CC,102.0,41.84133333333334
*Cc1cc(C)c(Oc2cccc3c2C(=O)N(c2ccc(Oc4ccc(-c5ccc(Oc6ccc(N7C(=O)c8cccc(Oc9c(C)cc(*)cc9C)c8C7=O)cc6)cc5)cc4)cc2)C3=O)c(C)c1,259.0,170.28241666666668
*c1cc(C(=O)O)cc(N2C(=O)C3CC(C4CC(=O)N(*)C4=O)c4ccccc4C3C2=O)c1,360.0,274.74833333333333
*C(C)C(*)C(=O)OC(C)C,149.0,34.613
*CC(*)(C)C(=O)OCCCCCCCCCCOc1ccc(/N=N/c2ccc(F)cc2)cc1,49.0,10.174560761460766
*c1ccc2c(c1)C(=O)N(c1ccc(OCC(F)(F)C(F)(F)C(F)(F)C(F)(F)C(F)(F)C(F)(F)C(F)(F)F)c(N3C(=O)c4ccc(*)cc4C3=O)c1)C2=O,250.0,166.708
*c1ccc(OC(=O)c2cccc(C(=O)Oc3ccc(C4(*)CCC5CCCCC5C4)cc3C)c2)c(C)c1,207.0,188.67149999999998
*OCC(F)(F)C(F)(F)C(F)(F)COC(=O)c1cccc(Oc2cccc(C(*)=O)c2)c1,20.0,59.039
*CC(*)(C)C(=O)OCCCCCCOc1ccc(C(=O)Oc2ccc(/N=N/c3ccc(I)cc3)c3ccccc23)cc1,40.0,14.955843506493506
*OC(=O)c1ccc(CCCCCc2ccc(C(*)=O)cc2)cc1,42.5,28.478
*CCCCCC(=O)OCCOCCOC(*)=O,-41.49999999999997,-53.368881191031186
*c1ccc(Oc2ccc(Sc3ccc(Oc4ccc(-c5nc(*)nc(-c6ccccc6)n5)cc4)cc3)cc2)cc1,211.0,173.16471666666666
*c1ccc([Si](c2ccccc2)(c2ccccc2)c2ccc(-c3ccc4c(c3)c3cc(*)ccc3n4CCCCCC#N)cc2)cc1,165.0,105.57866269841273
*Oc1ccc(Sc2ccc(Oc3ccc4c(=O)n5c6cc(Oc7ccc8c(c7)nc7c9ccc(*)c%10cccc(c(=O)n87)c%109)ccc6nc5c5cccc3c45)cc2)cc1,346.0,243.978
*OC(=O)CCCCCCCC(=O)Oc1cc(OC(=O)c2ccc(OCCCC)cc2)c(*)cc1OC(=O)c1ccc(OCCCC)cc1,38.0,25.305852741702736
*Nc1ccc(C(c2ccc(NC(=O)c3ccc(OC(=O)c4ccc(C(=O)Oc5ccc(C(*)=O)cc5)cc4)cc3)cc2)(C(F)(F)F)C(F)(F)F)cc1,266.0,232.07733333333334
*c1cc(C(=O)NCCCCCC)cc(N2C(=O)c3ccc(-c4ccc5c(c4)C(=O)N(*)C5=O)cc3C2=O)c1,256.9,133.21977380952384
*Nc1ccc(CCc2ccccc2NC(=O)Nc2ccc(Cc3ccc(NC(*)=O)cc3)cc2)cc1,217.0,182.419
*NC(=O)c1ccc(NC(=O)CCCCCCCCCCC(=O)Nc2ccc(C(=O)Nc3ccc(*)cc3C(=O)OCCCCCCCCCCCCCC)cc2)cc1,199.5,92.84527777777778
*CC(*)C(=O)OCCC,-41.32499999999999,-23.143
*Cc1cc(C(C)(C)C)cc(*)c1O,50.0,114.77
*Oc1ccc(C2(c3ccc(OC(=O)c4ccc(C(*)=O)cc4)cc3)c3ccccc3-c3ccccc32)cc1,285.0,197.005
*NC(=O)OCCN(CCOC(=O)NCC1(C)CC(*)CC(C)(C)C1)c1ccc(C=C(C#N)C#N)cc1,145.0,42.934
*c1cc(CCOC(=O)NCCCC)c(*)s1,67.5,52.45433333333334
*CNC(=O)OCC(*)C,40.0,24.071875
*c1ccc2c(c1)C(CCCCCCCC)(CCCCCCCC)c1cc(-c3sc(-c4ccc(-c5cc(CCCCCC)c(*)s5)c5nsnc45)cc3CCCCCC)ccc1-2,79.0,22.95743202908203
*Nc1ccc(-c2nnc(-c3ccc(C(*)=O)c(Oc4ccccc4)c3)o2)cc1,235.0,208.048
*=CCC(F)(F)C(=*)F,-34.99999999999997,-38.794
*C1CCC2C(=O)N(c3ccc(Oc4cccc(Oc5ccc(N6C(=O)C7CCC(*)CC7C6=O)cc5)c4)cc3)C(=O)C2C1,215.0,221.67138095238099
*CCCCCCCCC(=O)Oc1cccc(-c2nnc(C=Cc3ccc(OC(*)=O)cc3)s2)c1,37.0,26.124238888888886
*c1ccc2c3ccc(-c4ccc(-c5ccc(-c6ccc(*)s6)c6nsnc56)s4)cc3n(C(CCCCCCCC)CCCCCCCC)c2c1,121.0,97.32383333333333
*CC(*)OC(=O)C(F)(F)C(F)(F)C(F)(F)C(F)(F)C(F)(F)C(F)(F)C(F)(F)C(F)(F)C(F)(F)F,-17.99999999999997,5.687966666666669
*Cc1ccc(OC(=O)CCC(=O)Oc2ccc(CCC(=O)NC(*)C(=O)OCCCCCC)cc2)cc1,53.0,38.32648095238097
*c1ccc(N2C(=O)c3ccc4c5c(ccc(c35)C2=O)C(=O)N(c2ccc(Oc3c(C(C)(C)C)cc(*)cc3C(C)(C)C)c(C(F)(F)F)c2)C4=O)cc1,456.0,247.848
*OCCCCCCCCOC(=O)OCCCCCCOc1ccc(C(=O)c2ccc(OCCCCCCOC(*)=O)cc2)cc1,-7.699999999999989,26.2470043956044
*CCC(c1ccccc1)[Si](*)(C)C,27.0,1.404
*c1ccc(NC(=O)c2ccc3c(c2)C(=O)N(c2ccc(C4(*)CCC(C)CC4)cc2)C3=O)cc1,322.0,296.55
*Cc1ccccc1[Si](*)(C)c1ccccc1,93.8,26.804
*c1ccc(Oc2cccc3c2C(=O)N(c2cccc(N4C(=O)c5cccc(Oc6ccc(C(*)(C)C)cc6)c5C4=O)c2)C3=O)cc1,227.5,243.88383333333334
*CC(*)(C)C(=O)OCCCCCCCCOc1ccc(C(=O)Oc2ccc(C(=O)/C=C/c3c(C)c4ccccc4n3CCCC)cc2)cc1,69.0,114.43185714285713
*c1ccc(Oc2ccc(S(=O)(=O)c3ccc(Oc4ccc(-c5c6c(c(*)c7ccccc57)C(=O)N(c5ccc(Cl)cc5)C6=O)cc4)cc3)cc2)cc1,280.0,259.24716666666666
*Nc1ccc(Oc2ccc(NC(=O)c3ccc4c(c3)C(=O)N(c3ccc(Oc5ccc(N6C(=O)c7ccc(C(*)=O)cc7C6=O)cc5-c5ccccc5)c(-c5ccccc5)c3)C4=O)cc2-c2ccccc2)c(-c2ccccc2)c1,369.0,259.052
*Oc1ccc(C2(c3ccc(OC(=O)c4ccc(C(*)=O)cc4)cc3)CCCCC2)cc1,275.0,161.10673333333332
*c1ccc(Oc2ccc(-c3nnc(-c4ccc(Oc5ccc(C(*)(C)C)cc5)cc4)o3)cc2)cc1,180.0,200.53716666666665
*/C(C)=C(/*)[Si](C)(C)CC[Si](C)(C)C,200.0,-39.35
*Nc1ccc(OC2COC3C(Oc4ccc(NC(=O)c5cccc(C(*)=O)c5)cc4)COC23)cc1,218.0,232.24966666666666
*C(=O)c1ccc(Oc2ccc(Oc3ccc(*)cc3S(=O)(=O)O)cc2)c(S(=O)(=O)O)c1,220.0,211.5284119047619
*OCCCCCCOc1ccc(C(=O)c2ccc(OCCCCCCOC(=O)OCCCOC(*)=O)cc2)cc1,16.0,26.610471062271067
*CCOC(=O)Nc1ccc(C)c(NC(=O)OCCN(*)c2ccc(/N=N/c3ccc(/N=N/c4cc(OC)c(/N=N/c5ccc([N+](=O)[O-])cc5)cc4OC)c(C)c3)cc2)c1,148.0,106.171
*C(=O)Nc1ccc(-c2ccc(NC(=O)c3cc(*)cc(NC(=O)c4ccncc4)c3)cc2)cc1,339.0,180.0633333333333
*OCCCCCCOc1ccc(-n2on2-c2ccc(OCCCCCCOC(=O)C(CCCCCCCCCCBr)C(*)=O)cc2)cc1,16.0,110.72816666666667
*CC(*)C(=O)N1CCCCC1,108.0,87.09315000000001
*CC(*)OC(=O)C=Cc1ccccc1,76.85000000000002,78.706
*OCCCCCCOC(=O)c1ccc2cc(C(*)=O)ccc2c1,64.0,20.74352616664381
*Oc1ccc(Sc2cccc(Oc3ccc4c(c3)C(=O)N(c3ccc(Oc5ccc(N6C(=O)c7ccc(*)cc7C6=O)cc5)cc3)C4=O)c2)cc1,212.0,232.06133333333335
*C(C)C(*)C(=O)OC12CC3CC(C)(CC(C)(C3)C1)C2,194.5,138.487
*CCCN(*)C(=O)C(F)(F)C(F)(F)C(F)(F)C(F)(F)C(F)(F)C(F)(F)C(F)(F)F,25.0,7.033327922077922
*Nc1ccc(Oc2ccc3cccc(Oc4ccc(NC(=O)c5ccc(Oc6ccc(C(*)=O)cc6)cc5)cc4)c3c2)cc1,236.0,235.60833333333335
*Nc1ccc(Oc2ccc(C(=O)c3ccc(Oc4ccc(NC(=O)c5ccc(C(*)=O)cn5)cc4)cc3)cc2)cc1,170.0,201.6343333333333
*c1cc(-c2sc(-c3cc(CCCC)c(*)s3)cc2CCCC)c2cccccc1-2,124.0,-6.967688095238095
*CC(COCC)O*,-60.99999999999997,-36.166666666666664
*c1ccc(OC(=O)CCCC(=O)Oc2ccc(C3(*)c4cc(OC)ccc4-c4ccc([N+](=O)[O-])cc43)cc2)cc1,197.0,53.86628333333333
*C(=O)c1ccc(Oc2ccc(/C=N/N=C/c3ccc(Oc4ccc(*)cc4)cc3)cc2)cc1,179.0,179.92065108225114
*CCCC(*)(C)C,-19.99999999999997,-49.39226340505897
*OCCCOc1ccc(-c2ccc(*)c3ccccc23)c2ccccc12,182.0,13.993566666666666
*NCCNS(=O)(=O)c1cccc(S(*)(=O)=O)c1,107.0,146.143
*N=P(*)(OCC(COCCOCCCC)OCCOCCCC)OCC(COCCOCCCC)OCCOCCCC,-85.99999999999997,-61.8971380952381
*CCCCCCCCCCCn1c(=O)c2cc3c(=O)n(CCCCCCCCCCCC(=O)Oc4ccc5cc(OC(*)=O)ccc5c4)c(=O)c3cc2c1=O,62.0,104.99936507936508
*c1ccc2c(c1)C(=O)N(c1cccc(Oc3ccc(P(=O)(c4ccccc4)c4ccc(Oc5cccc(N6C(=O)c7ccc(C(*)(C(F)(F)F)C(F)(F)F)cc7C6=O)c5)cc4)cc3)c1)C2=O,243.0,256.045
*CCN(*)C(=O)CC12CC3CC(CC(C3)C1)C2,139.0,190.405
*Oc1ccc(Sc2ccc(Oc3ccc4c(c3)C(=O)N(c3ccc(Oc5ccc(C(c6ccc(Oc7ccc(N8C(=O)c9ccc(*)cc9C8=O)cc7)cc6)(C(F)(F)F)C(F)(F)F)cc5)cc3)C4=O)cc2)cc1,217.5,237.129
*CCCCCCCCC(*)Cl,-32.99999999999997,-64.23580352702854
*Nc1ccc(NC(=O)Nc2cc(NC(*)=O)cc(C(=O)Nc3ccc4c(c3)C(=O)c3ccccc3C4=O)c2)cc1,184.0,226.826
*NC(=O)OCCN(CCOC(=O)Nc1cccc(*)c1C)c1ccc(/N=N/c2ccc([N+](=O)[O-])cc2)cc1,147.0,64.2325
*CC(*)(C)C(=O)OCC(CC)CC,10.350000000000025,46.999
*CC(COCOCC(C)([N+](=O)[O-])[N+](=O)[O-])O*,-15.0,-8.269166666666667
*c1ccc(OCC(O)COc2cccc(NC(=O)CCCCCC(=O)Nc3cccc(OCC(O)COc4ccc(C(*)(C)C)cc4)c3)c2)cc1,107.0,70.25646190476189
*OCCCCCCCOC(=O)OC1CCC(OC(*)=O)CC1,-5.0,4.699304761904762
*Nc1ccc(Oc2ccc(C(c3ccc(Oc4ccc(NC(=O)c5ccc6c(c5)C(=O)N(c5ccc(Oc7ccc8ccc(Oc9ccc(N%10C(=O)c%11ccc(C(*)=O)cc%11C%10=O)cc9)cc8c7)cc5)C6=O)cc4)cc3)(C(F)(F)F)C(F)(F)F)cc2)cc1,250.0,256.799
*c1c(C)cc(C)c(C(=O)c2cccc(N3C(=O)c4ccc(C(=O)c5ccc6c(c5)C(=O)N(*)C6=O)cc4C3=O)c2)c1C,300.0,288.271
*CCOC(=O)Oc1ccc(C(C)(C)c2ccc(OC(=O)OCCN(*)c3ccc(OC)cc3)cc2)cc1,60.0,118.427
*c1ccc(OCC(O)COC(=O)C2CCC(C(=O)OCC(O)COc3ccc(C(*)(C)C)cc3)CC2)cc1,70.0,96.67013333333334
*c1ccc2c(c1)C(=O)N(c1cc(C(c3ccc(OC(=O)C45CC6CC(CC(C6)C4)C5)c(N4C(=O)c5ccc(C(*)(C(F)(F)F)C(F)(F)F)cc5C4=O)c3)(C(F)(F)F)C(F)(F)F)ccc1OC(=O)C13CC4CC(CC(C4)C1)C3)C2=O,305.0,252.361
*c1ccc(OC(=O)c2ccc(C(=O)Oc3ccc(C4(*)CCC5CCCCC5C4)cc3C)cc2)c(C)c1,247.0,187.54
*c1ccc(OC(=S)Oc2ccc(C(*)CC)cc2)cc1,104.0,102.24766666666667
*CCCCCCN(C)C(=O)CCC(=O)N(*)C,7.5,-30.173175800835953
*c1ccc(OCC(COc2ccc(C(*)(C)C)cc2)OC(=O)/C=C/c2ccccc2)cc1,100.60000000000002,91.00986666666668
*c1ccc(N2C(=O)c3ccc(-c4ccc5c(c4)C(=O)N(c4ccc(Oc6c(C(C)(C)C)cc(*)cc6C(C)(C)C)c(C(F)(F)F)c4)C5=O)cc3C2=O)cc1,389.0,260.501
*C=Cc1ccc(C=CC(=O)Nc2ccc(Oc3ccc(NC(*)=O)cc3)cc2)cc1,205.0,115.38959761904762
*NC(=O)OCCOC(=O)NCC1(C)CC(*)CC(C)(C)C1,84.0,70.017
*Oc1ccc2c(c1)Oc1cc(OC(*)=O)ccc1C21c2ccccc2-c2ccccc21,295.0,183.452
*C(=O)OCCN(CCOC(=O)c1ccc(*)cc1OCCCCC)c1ccc(/N=N/c2nc(C#N)c(C#N)[nH]2)cc1,131.0,42.96604285714287
*C(=O)c1ccc(Oc2ccc(S(=O)(=O)c3ccc(Oc4ccc(-c5ccc(Oc6ccc(*)cc6)cc5)cc4)cc3)cc2)cc1,206.0,186.60873531746026
*NC(=O)Oc1ccc(-c2[nH]c(-c3ccc(-c4nc(-c5ccc([N+](=O)[O-])cc5)c(-c5ccc([N+](=O)[O-])cc5)[nH]4)cc3)nc2-c2ccc(OC(=O)Nc3ccc(-c4ccc(*)cc4OC)c(OC)c3)cc2)cc1,223.0,201.62316666666666
*CC(*)(C)C(=O)OCCCCCCc1ccc(/N=N/c2ccc(OC(F)(F)F)cc2)cc1,194.5,4.209362171162172
*C(CC(C)(C)C(*)CCC(C)(O)C=C)OC(C)=O,85.0,19.006
*Oc1cccc(OC(=O)c2ccc(OC(=O)c3cccc(C(=O)Oc4ccc(C(*)=O)cc4)c3)cc2)c1,158.0,122.70166666666665
*CC(CBr)O*,-14.0,-13.583
*OC(=O)Oc1ccc(Sc2ccc(OC(=O)OC3C(C)(C)C(*)C3(C)C)cc2)cc1,107.0,135.882
*C[n+]1ccc(-c2cc[n+](Cc3cccc(*)c3)cc2)cc1,128.0,82.355
*C(=O)c1ccc(N2C(=O)c3ccc(C(=O)c4ccc5c(c4)C(=O)N(c4ccc(*)cc4)C5=O)cc3C2=O)cc1,293.0,279.142
*c1ccc2c(c1)C(=O)N(c1ccc(-c3nc4cc(N5C(=O)c6ccc(*)cc6C5=O)ccc4[nH]3)cc1)C2=O,397.5,327.644
*CC(*)Cc1ccccc1C,80.0,92.883
*C(=O)c1ccc2c(c1)C(=O)N(c1ccc(-c3nc(-c4ccccc4)nc(-c4ccc(N5C(=O)c6ccc(*)cc6C5=O)cc4)n3)cc1)C2=O,355.0,324.65
*Cc1ccc(OC(=O)CCCC(=O)Oc2ccc(CC(=O)NC(*)C(=O)OCCCCCCCC)cc2)cc1,38.0,38.0095761904762
*O[Si](C)(C)c1ccc2c(c1)C(=O)N(c1ccc(Oc3ccc(-c4nnc(-c5ccc(Oc6ccc(N7C(=O)c8ccc([Si](*)(C)C)cc8C7=O)cc6)cc5)o4)cc3)cc1)C2=O,190.5,237.69292857142858
*c1ccc(OCC2CCC(COc3ccc(-n4c(=O)c5cc6c(=O)n(*)c(=O)c6cc5c4=O)cc3)CC2)cc1,306.70000000000005,172.4434
*NCCCCCCNC(=O)NCc1ccc(CNC(*)=O)cc1,72.0,91.36485826118329
*Oc1ccc(Oc2cccc(Oc3ccc4c(c3)C(=O)N(c3ccc(Oc5cccc(Oc6ccc(N7C(=O)c8ccc(*)cc8C7=O)cc6)c5)cc3)C4=O)c2)cc1,184.0,231.7026666666667
*Cc1ccc(OC(=O)COCCOCC(=O)Oc2ccc(CCC(=O)NC(*)C(=O)OC(C)C)cc2)cc1,58.0,36.07632738095239
*C=Cc1ccc2c(c1)Sc1cc(*)ccc1N2c1ccc(OCCCCCCCCCCCC)cc1,129.0,127.40926190476188
*Nc1ccc(Cc2ccc(NC(=O)OCCN(CCCCCOc3ccc(/N=N/c4ccccc4)cc3)CCOC(*)=O)cc2)cc1,59.60000000000002,73.09578484848487
*CC(*)(CC(=O)OC1CCC1)C(=O)OC1CCC1,60.0,65.3305380952381
*CC(*)F,33.92500000000001,26.409
*c1ccc(Nc2ccc(S(=O)(=O)c3ccc(Nc4ccc(C5(*)c6ccccc6-c6ccccc65)cc4C)cc3)cc2)c(C)c1,269.0,231.6843333333333
*N=P(*)(Cl)Oc1ccc(C)cc1,-5.0,31.748
*c1ccc2c(c1)C(=O)N(c1ccc(NC(=S)/N=C/c3ccc(Cl)c(N4C(=O)c5ccc(C(*)(C(F)(F)F)C(F)(F)F)cc5C4=O)c3)cc1)C2=O,272.0,249.468
*CCCCCCC(=O)Nc1ccc(NC(*)=O)cc1,138.0,69.4273880952381
*c1ccc2oc(-c3ccc(C(c4ccc(-c5nc6cc(C(*)(c7ccccc7)C(F)(F)F)ccc6o5)cc4)(C(F)(F)F)C(F)(F)F)cc3)nc2c1,334.0,297.76
*CC(*)OC(=O)c1nn(C(C)=O)c2ccccc12,150.0,95.9195
*CC(C)(C(=O)OC)C(C)(C(=O)OC)C(*)OCC,131.0,73.585
*c1ccc2c(c1)C(=O)N(c1ccc(Oc3ccc(N4C(=O)c5ccc(C(F)(F)C(F)(F)C(F)(F)C(*)(F)F)cc5C4=O)cc3)cc1)C2=O,212.0,251.56783333333334
*CC(*)CCCCCCCC,-34.99999999999997,-70.74427629037625
*=C(C#N)c1ccc(C(=O)OCC2CCCN(C(=*)c3ccc(OC)cc3)C2)cc1,176.0,82.8815
*C1C(=O)N(CCCOc2ccc(-c3ccc(C#N)cc3)cc2)C(=O)C1*,130.0,120.68333333333332
*C(=O)Nc1ccc(C(c2ccc(NC(=O)c3cc(*)cc(C(C)(C)C)c3)cc2)(C(F)(F)F)C(F)(F)F)cc1,284.1,212.8625
*C1OCCCC1C1C(=O)OC(=O)C1*,210.0,87.99
*CC(*)c1ccccc1C(=O)OCCC,108.0,61.966
*COCC(*)(CSCCCCC)CSCCCCC,-32.99999999999997,-48.20686912531912
*C(=O)c1cccc(C(=O)c2ccc(S(=O)(=O)c3ccc(*)cc3)cc2)c1,198.0,189.9139523809524
*c1ccc2c(c1)C(=O)N(c1ccc(Sc3ccc(Sc4ccc(N5C(=O)c6ccc(C(*)(C(F)(F)F)C(F)(F)F)cc6C5=O)cc4)cc3)cc1)C2=O,257.0,250.566
*CC(*)c1ccc(Br)cc1,140.35000000000002,135.174
*c1ccc(C(c2ccc(C#N)cc2)c2ccc(N(*)c3ccc(C)cc3)cc2)cc1,230.0,113.5415
*c1ccc(C)c(NC(=O)c2ccc(OC(=O)c3ccc(C(=O)Oc4ccc(C(=O)Nc5cc(C(*)(C(F)(F)F)C(F)(F)F)ccc5C)cc4)cc3)cc2)c1,213.0,218.56878571428572
*c1cccc(P(=O)(c2ccc(C(F)(F)F)cc2)c2cccc(-n3c(=O)c4cc5c(=O)n(*)c(=O)c5c(-c5ccc(C(F)(F)F)cc5)c4c3=O)c2)c1,303.0,299.105
*c1ccc(-c2nnc(-c3ccc(-c4nnc(-c5ccc([Si](*)(c6ccccc6)c6ccccc6)cc5)o4)o3)o2)cc1,276.0,26.245
*Oc1ccc(C2(c3ccc(OC(*)=O)cc3)CC3CC2C2C4CCC(C4)C32)cc1,267.5,136.58625
*CCCCCCCCC(=O)Nc1ccc2oc(CCCCCCCCc3nc4cc(NC(*)=O)ccc4o3)nc2c1,93.0,70.17685714285713
*CC(*)(CC(=O)OCC)C(=O)OCC,65.5,49.461
*C=Cc1ccc(Oc2ccc(-c3nnc(-c4ccc(Oc5ccc(*)c6ccccc56)cc4)o3)cc2)cc1,213.0,159.77675
*OC(=O)c1cccc(C(=O)Oc2cc(*)cc(CCCCCCCCC)c2)c1,41.5,25.368771428571424
*C(=O)OCCCCCCOc1ccc(-n2on2-c2ccc(OCCCCCCOC(=O)C(*)CCCCCP(=O)(OCC)OCC)cc2)cc1,7.0,110.2992857142857
*Oc1ccc(C(c2ccccc2)(c2ccccc2)c2ccc(OC(*)=O)cc2)cc1,213.0,154.6775
*c1ccc(C(=O)c2ccc(Oc3ccc(C(c4ccc(Oc5ccc(C(=O)c6ccc(C(*)(C)C)cc6)cc5)cc4)(C(F)(F)F)C(F)(F)F)cc3)cc2)cc1,179.0,179.23890512265518
*C=CC1CC(*)CC1C(=O)OCCCCCCCCOc1ccc(/C=C/c2ccc([N+](=O)[O-])cc2)cc1,51.0,16.050455999556
*c1ccc(Oc2ccc(-c3nc4ccccc4n3-c3ccc(-n4c(-c5ccc(Oc6ccc(S(*)(=O)=O)cc6)cc5)nc5ccccc54)cc3)cc2)cc1,270.0,219.2858464285714
*OCCCCCCCCCCCCOC(=O)OCCCCCCn1c(=O)c2cc3c(=O)n(CCCCCCOC(*)=O)c(=O)c3cc2c1=O,-9.0,87.99109523809526
*CC(*)OC(=O)C(C)(C(C)C)C(C)C,120.0,38.137
*Cc1ccc(OC(=O)CCCC(=O)Oc2ccc(CCC(=O)NC(*)C(=O)OC(C)CC)cc2)cc1,52.0,44.12286666666667
*COC(=O)NC(=O)c1cccc(C(=O)NC(=O)OCC(*)CCCCCCCCCCCC)c1,112.0,59.260128571428574
*c1ccc2nc(CCCCCCCCCCc3nc4ccc(*)cc4o3)oc2c1,64.0,7.304336874236874
*c1cc(C)c(OP(=O)(Oc2ccccc2)Oc2c(C)cc(S(*)(=O)=O)cc2C)c(C)c1,142.0,199.58205714285717
*Cc1cc(C)c(Oc2ccc(N3C(=O)c4ccc(-c5ccc6c(c5)C(=O)N(c5ccc(Oc7c(C)cc(*)cc7C)cc5)C6=O)cc4C3=O)cc2)c(C)c1,310.0,178.772
*c1ccc(Oc2ccc(N3C(=O)C4CCC5C(=O)N(c6ccc(Oc7ccc(C(*)(C)C)cc7)cc6)C(=O)C5C4C3=O)cc2)cc1,263.5,236.95833333333334
*CC(*)c1ccccc1COCCCCCCCC,13.0,-7.680506746031744
*C(=O)c1ccc(Oc2ccc(N3C(=O)c4ccc(S(=O)(=O)c5ccc6c(c5)C(=O)N(c5ccc(Oc7ccc(*)cc7)cc5)C6=O)cc4C3=O)cc2)cc1,275.5,260.2838333333333
*c1nnc(-c2cc(CCCCCCCC)c(-c3ccc(-c4sc(-c5nnc(-c6cc(OCCCCCCCC)c(*)cc6OCCCCCCCC)o5)cc4CCCCCCCC)s3)s2)o1,34.10000000000002,24.01027380952381
*OCCCCCCN1C(=O)c2ccc(-c3ccc(-c4ccc5c(c4)C(=O)N(CCCCCCOC(*)=O)C5=O)cc3)cc2C1=O,73.0,70.73010317460319
*C(=O)NNC(=O)c1ccc(*)cc1OCCCCCCCC,203.5,56.85714621212121
*=CC(C)CC(=*)C,2.300000000000012,-44.87008571428572
*CCCCC(=O)Nc1ccc(OC2COC3C(Oc4ccc(NC(*)=O)cc4)COC23)cc1,150.0,82.14866666666666
*c1ccc(Oc2ccc(Oc3ccc(-n4c(=O)c5cc6c(=O)n(*)c(=O)c6cc5c4=O)cc3)c(-c3ccccc3)c2)cc1,271.0,254.6275
*c1ccc(Oc2ccc(S(=O)(=O)c3ccc(Oc4ccc(-c5c6c(c(*)c7ccccc57)C(=O)N(c5ccccc5)C6=O)cc4)cc3)cc2)cc1,310.0,259.38216666666665
*O[SiH](*)C,-3.3899999999999864,-23.143
*c1cccc(P(=O)(c2cccc(-n3c(=O)c4cc5c(=O)n(*)c(=O)c5c(-c5ccccc5)c4c3=O)c2)c2cc(C(F)(F)F)cc(C(F)(F)F)c2)c1,300.0,304.537
*C(=O)c1ccc(-c2ccc(C(=O)c3ccc(Oc4ccc(Oc5ccc(*)cc5)cc4-c4ccccc4)cc3)cc2)cc1,186.0,183.21727222222225
*C(=O)c1ccccc1-c1ccccc1C(=O)c1ccc(Oc2ccc(Oc3ccc(*)cc3)cc2)cc1,175.0,172.68787002164507
*CC(*)(C)C(=O)OCCOCCOCCOCCOCCOCCOCCOCCOC,-57.99999999999997,-29.390476190476186
*CC(O)COc1ccc(C(C)(C)c2ccc(OCC(O)CN(C)S(=O)(=O)c3cccc(S(=O)(=O)N(*)C)c3)cc2)cc1,76.0,124.34013333333334
*Nc1ccc(NC(=O)c2ccc(P(=O)(c3ccccc3)c3ccc(C(=O)Nc4ccc(C(*)=O)cc4)cc3)cc2)cc1,243.0,281.9125
*C(=O)NCCCCCCCCCNC(=O)C(OC)C(*)OC,84.0,1.5497422105672107
*CC(CSC(C)C)O*,-43.99999999999997,-25.312
*c1ccc(N2C(=O)c3ccc(C(=O)c4ccc5c(c4)C(=O)N(c4ccc(N(*)c6ccc(C#N)cc6)cc4)C5=O)cc3C2=O)cc1,315.0,278.335
*Oc1ccc(OC(=O)c2ccc(C(*)=O)cc2)c(C(F)(F)F)c1,159.3,158.47046666666665
*c1ccc(Oc2ccc(/C=N/c3ccc(Oc4ccc(/N=C/c5ccc(Oc6ccc(S(*)(=O)=O)cc6)cc5)cc4)cc3)cc2)cc1,162.0,239.77161724386715
*CC(*)(C)C(=O)Oc1ccc([N+](=O)[O-])c(C)c1,101.0,114.608
*c1ccc(NC(=O)c2cc(NC(=O)c3ccccc3)cc(C(=O)Nc3ccc(C(*)(C)C)cc3)c2)cc1,303.5,238.9246666666667
*c1ccc(Oc2ccc(-c3ccc(-c4ccc(Oc5ccc(C(*)(C)C)cc5)cc4)cc3)cc2)cc1,182.0,183.46692857142853
*OC(=O)CCCCCC(=O)Oc1cc(OC(=O)c2ccc(OCCCC)cc2)c(*)cc1OC(=O)c1ccc(OCCCC)cc1,45.0,25.305852741702736
*Nc1ccc(C(=O)c2ccc(Oc3ccc(Oc4ccc(C(=O)c5ccc(NC(=O)c6ccc(C(*)=O)cc6)cc5)cc4)cc3)cc2)cc1,224.0,230.01683333333335
*Oc1ccc2c(c1)C(=O)N(c1cc(C(c3ccc(O)c(N4C(=O)c5ccc(*)cc5C4=O)c3)(C(F)(F)F)C(F)(F)F)ccc1O)C2=O,266.0,242.6785
*OCCCCCOC(=O)c1ccc(Oc2ccc(C(*)=O)cc2)cc1,26.0,16.70311904761903
*COC(=O)C(*)(C)CCC,1.900000000000034,40.806
*OC(=O)Oc1ccc(C2(c3ccc(OC(=O)OC4C(C)(C)C(*)C4(C)C)cc3)c3ccccc3-c3ccccc32)cc1,214.0,153.117
*Cc1cc(C)c(N2C(=O)c3ccc(Oc4cccc5c(Oc6ccc7c(c6)C(=O)N(c6c(C)cc(*)cc6C)C7=O)cccc45)cc3C2=O)c(C)c1,281.0,179.14
*Nc1cccc(C(=O)c2ccc(Oc3ccc(C(=O)c4ccc(NC(=O)c5cccc(C(*)=O)c5)cc4)cc3)cc2)c1,204.0,223.10760714285712
*COC(=O)c1ccc(C(=O)OCC(CCC)C(*)CCC)cc1,30.0,70.279
*CC(*)C(=O)NCP(=O)(O)O,26.0,69.62354166666665
*CC(*)OCCCCC,-66.14999999999998,-60.90245512265506
*Oc1ccc(C2(c3ccc(OC4(F)C(*)(F)C(F)(F)C4(F)F)cc3)c3ccccc3-c3ccccc32)cc1,228.0,215.106
*c1ccc(Sc2ccc(Sc3ccc(Sc4ccc(S(*)=O)cc4)cc3)cc2)cc1,133.0,198.47516666666667
*c1ccc(Oc2ccc(/C=C/C(=O)c3ccc(Oc4ccc(C(*)(C)C)cc4)cc3)cc2)cc1,152.0,175.54743629148632
*c1ccc(Oc2ccc(C(=O)Nc3ccc(NC(=O)c4ccc(Oc5ccc(C(C)(C)c6cccc(C(*)(C)C)c6)cc5)cc4)cc3)cc2)cc1,154.0,223.54138571428572
*c1ccc(Oc2ccc(/C=N/c3ccc(Oc4ccc(S(*)(=O)=O)cc4)cc3)cc2)cc1,110.0,239.77161724386715
*Nc1ccc(CCc2ccc(NC(=O)OCCOC(*)=O)cc2)cc1,116.90000000000003,64.4165
*CC(*)(C)C(=O)OCCCCCCC(F)(F)C(F)(F)C(F)(F)C(F)(F)C(F)(F)C(F)(F)C(F)(F)C(F)(F)C(F)(F)C(F)(F)C(F)(F)C(F)(F)F,84.0,-8.805445425334902
*CC(*)c1ccc(C(O)CCN(C)C)cc1,43.0,115.655
*NCCCCCCNC(=O)Oc1ccc(/N=C/C=N/c2ccc(OC(*)=O)cc2)cc1,80.0,78.37331190476189
*Cc1ccc(OC(=O)CCCCCCCCC(=O)Oc2ccc(CC(=O)NC(*)C(=O)OCCCCCCCC)cc2)cc1,16.0,38.08024285714287
*OCC1CCC(COC(C)OC(=O)c2cccc(C(=O)OC(*)C)c2)CC1,30.0,59.674
*Cc1ccc(OC(=O)CCCC(=O)Oc2ccc(CCC(=O)NC(*)C(=O)OCCCC)cc2)cc1,56.0,42.50886666666667
*OC(=O)c1ccc2c(c1)C(=O)N(c1ccc(-c3ccc(N4C(=O)c5ccc(C(=O)Oc6ccc(-c7ccc(*)cc7C)c(C)c6)cc5C4=O)cc3C)c(C)c1)C2=O,177.0,272.761
*c1ccc(Oc2ccc(-c3nnc(-c4ccccn4)nc3-c3ccc(Oc4ccc(C(*)(C(F)(F)F)C(F)(F)F)cc4)cc3)cc2)cc1,224.0,194.8995333333333
*C(=O)c1ccc(Oc2ccc(-c3ccc(Oc4ccc(*)cc4)cc3)cc2)cc1,167.0,196.6735337301588
*c1ccc(C)c(N2C(=O)C(=O)N(CCCCCCN3C(=O)C(=O)N(*)C3=O)C2=O)c1,181.5,112.45874206349205
*COC(=O)C1CCC(C(=O)OC(*)COc2ccc(/N=N/c3ccc(C#N)cc3)cc2)CC1,106.0,86.318
*C(=O)c1ccc(Oc2ccc(-c3nc(-c4ccccn4)nnc3-c3ccc(Oc4ccc(*)cc4)cc3)cc2)cc1,223.0,187.21656287878793
*Nc1ccc(C(c2ccc(NC(=O)c3cc(NC(=O)C45CC6CC(CC(C6)C4)C5)cc(C(*)=O)c3)cc2)(C(F)(F)F)C(F)(F)F)cc1,365.0,247.72
*NCCCCCCNc1nc(*)nc(-c2ccccc2)n1,95.0,92.77030606060605
*CCc1ccc(*)cc1Br,80.0,110.027
*COC(=O)C(*)C,-24.99999999999997,22.687
*c1ccc2c(c1)C(=O)N(c1ccc(OCCOc3ccc(N4C(=O)c5ccc(C(*)(C(F)(F)F)C(F)(F)F)cc5C4=O)cc3)cc1)C2=O,254.0,177.395
*Cc1cccc(CN(CC)c2ccc(/C=C/c3ccc(C=C(C#N)C(=O)NC4CCCCC4NC(=O)/C(C#N)=C/c4ccc(/C=C/c5ccc(N(*)CC)cc5)s4)s3)cc2)c1,157.0,150.2255
*CN1C(=O)C2C3C=CC(C2C1=O)C1C(=O)N(C(*)C)C(=O)C31,212.0,158.528
*OCCCSCCCCSCCCOC(=O)c1ccc2c(c1)C(=O)N(c1ccc(C(*)=O)cc1)C2=O,39.0,137.11433333333335
*CC(*)(C)C(=O)Oc1ccc(OCc2ccccc2)cc1,95.3,109.877
*CC(*)(C)CC,-11.574999999999989,21.501
*CC(*)(C)C(=O)Oc1ccc(C(=O)Oc2ccccc2)cc1,99.0,120.237
*Oc1cccc(Oc2ccc(C(=O)O)c(C(=O)Nc3ccc(Oc4ccc(-c5ccc(Oc6ccc(NC(=O)c7cc(*)ccc7C(=O)O)cc6)cc5)cc4)cc3)c2)c1,100.0,230.00841666666668
*NC(=O)c1ccc2c(c1)C(=O)N(c1c(C)cc(C)c(N3C(=O)c4ccc(C(=O)Nc5ccc(-c6ccc(*)cc6C)c(C)c5)cc4C3=O)c1C)C2=O,259.0,295.389
*Nc1ccc(Cc2ccc(NC(=O)OCCCCCCCOC(*)=O)cc2)cc1,84.0,63.25790151515152
*c1cccc(N2C(=O)c3ccc(Oc4ccc5c(c4)C(=O)N(c4cccc(C(*)O[Si](C)(C)O[Si](C)(C)O[Si](C)(C)C)c4)C5=O)cc3C2=O)c1,219.0,242.02983333333333
*Oc1ccc2ccc(OC(=O)c3ccc(Oc4ccc(C(*)=O)cc4)cc3)cc2c1,142.0,143.9458666666667
*N=P(*)(OCC)OCC,-83.99999999999997,-67.71091666666666
*c1ccc(-c2ccc(N3C(=O)c4ccc(C(=O)Oc5ccc(C6(c7ccc(OC(=O)c8ccc9c(c8)C(=O)N(*)C9=O)cc7)CC7CC6C6CCCC76)cc5)cc4C3=O)cc2C)c(C)c1,226.0,251.51533333333333
*=C(C#N)NC(=O)c1ccc(C(=O)NC(=*)C#N)cc1,232.0,154.36
*CC(*)(C)C(=O)OC(C)C,83.92500000000001,51.281
*CCCCC(c1ccc(O)cc1)C(*)c1ccc(O)cc1C,25.0,13.215166666666669
*C(=O)OCCCCCCN1C(=O)c2ccc(Oc3ccc4c(c3)C(=O)N(CCCCCCOC(=O)c3cc(*)cc(OCCCCCCOc5ccc(/N=N/c6ccc(C#N)cc6)cc5)c3)C4=O)cc2C1=O,61.0,89.94676587301588
*CCCC(=O)Oc1ccc(/C=N/c2ccc(/N=C/c3ccc(OC(=O)CCC[Si](C)(C)O[Si](*)(C)C)cc3)cc2)cc1,60.0,43.30173333333333
*C#Cc1cc(C(C)(C)C)cc2c3cc(C(C)(C)C)cc(*)c3n(CCCCCCCCCCCCCCCC)c12,80.0,119.47017857142856
*CCC(C)CNC(=O)c1cc(C(=O)NCC(*)C)cc(C(C)(C)C)c1,149.0,95.296
*Nc1ccc(-c2ccc(N3C(=O)c4ccc(C(=O)c5ccc6c(c5)C(=O)N(c5ccc(-c7ccc(NC(=O)c8cccc(C(*)=O)c8)cc7)cc5)C6=O)cc4C3=O)cc2)cc1,238.0,290.41525
*CC(*)(C)C(=O)Oc1ccc(C(=O)O)cc1,110.0,118.687
*CCc1ccc(*)o1,25.5,125.45366666666668
*C(=O)c1cccc(C(=O)c2ccc(Oc3ccc(-c4ccc(-c5ccc(Oc6ccc(*)cc6)cc5)cc4)cc3)cc2)c1,174.0,205.9544857142857
*c1cc(C)c(N2C(=O)c3ccc(C(c4ccc5c(c4)C(=O)N(c4c(C)cc(C(*)c6cccc(C(F)(F)F)c6)cc4C)C5=O)(C(F)(F)F)C(F)(F)F)cc3C2=O)c(C)c1,286.1,259.046
*CC(*)(CCCCC)C(=O)OC,53.0,0.17162860195360186
*Cc1ccc(N2C(=O)c3ccc(C(=O)c4ccc5c(c4)C(=O)N(c4ccc(*)cc4C)C5=O)cc3C2=O)c(C)c1,297.5,228.3725
*Cc1ccc(OC(=O)CCCCCCCCC(=O)Oc2ccc(CCC(=O)NC(*)C(=O)OCCCCCCCC)cc2)cc1,15.5,38.28148095238097
*C[Si](*)(C)CCCOCCOCCOC,-73.29999999999998,-102.72091666666665
*=Cc1ccc(/C=C/c2ccc(N(c3ccccc3)c3ccc(N(c4ccccc4)c4ccc(/C=C/c5ccc(/C=C(\C#N)c6cccc(C(=*)C#N)c6)s5)cc4)cc3)cc2)s1,178.0,121.899
*c1ccc(Oc2ccc(-c3cccc(-c4ccc(Oc5ccc(-c6c7c(c(*)c8ccccc68)C(=O)N(c6ccccc6)C7=O)cc5)c(C(F)(F)F)c4)c3)cc2C(F)(F)F)cc1,271.0,250.0873333333333
*c1ccc(-c2ccc(N(c3ccc(C)cc3)c3ccc(C(c4ccccc4)c4ccc(N(*)c5ccc(C)cc5)cc4)cc3)cc2)cc1,239.0,129.338
*Oc1ccccc1Oc1ccc2c(c1)C(=O)N(c1ccc(Oc3ccccc3Oc3ccc(N4C(=O)c5ccc(*)cc5C4=O)cc3C(F)(F)F)c(C(F)(F)F)c1)C2=O,185.0,241.9965
*CC(C#N)(C#N)CC(*)c1ccc(OC(C)=O)cc1,180.0,99.856
*c1ccc2nc(-c3ccccc3)c(-c3ccc(-c4ccc(-c5c(-c6ccccc6)nc6ccc(*)cc6c5-c5ccccc5)cc4)cc3)c(-c3ccccc3)c2c1,405.0,199.25166666666664
*C(=O)c1ccc(N2C(=O)c3ccc(Oc4ccc(Oc5ccc6c(c5)C(=O)N(c5ccc(*)cc5)C6=O)cc4)cc3C2=O)cc1,268.0,231.9472619047619
*c1ccc(C(=O)Nc2ccc(Oc3ccc(C(C)(C)c4ccc(Oc5ccc(NC(=O)c6ccc(*)cc6C)cc5)cc4)cc3)cc2)c(C)c1,230.0,215.24536666666663
*CC1C(=O)OC(=O)C1C(*)OCC(C)C,145.0,75.611
*Cc1ccc(OC(=O)CCCC(=O)Oc2ccc(CCC(=O)NC(*)C(=O)OCC(C)C)cc2)cc1,62.0,43.93086666666667
*c1ccc(Oc2ccc(C(=O)c3ccc4cc(C(=O)c5ccc(Oc6ccc(C(*)(C)C)cc6)cc5)ccc4c3)cc2)cc1,185.0,188.1648110750361
*CC(*)C(=O)N1CC[NH+](CC)CC1,72.5,75.508
*c1cccc(Oc2cccc(Oc3cccc(N4C(=O)c5c(c(-c6ccccc6)c(-c6ccc(Oc7ccc(Oc8ccc(-c9c(-c%10ccccc%10)c%10c(c(-c%11ccccc%11)c9-c9ccccc9)C(=O)N(*)C%10=O)cc8)cc7)cc6)c(-c6ccccc6)c5-c5ccccc5)C4=O)c3)c2)c1,238.0,240.9141666666667
*Oc1ccc2c(c1)C(=O)N(c1cc(N3C(=O)c4ccc(*)cc4C3=O)cc(C(F)(F)F)c1)C2=O,274.0,242.32866666666666
*c1ccc(OC(=O)c2ccc(OCCCCCCCCCCOc3ccc(C(=O)Oc4ccc(C(*)(C)C)cc4)cc3)cc2)cc1,77.0,10.575785661560658
*c1cc(C)c(O[Si](C)(C)O[Si](C)(C)O[Si](C)(C)O[Si](C)(C)Oc2c(C)cc(*)cc2C)c(C)c1,-16.0,102.80666666666666
*CC(*)C(=O)Oc1ccc(C(=O)Oc2ccc(OC(=O)c3ccc(OCCCCC)cc3)cc2)cc1,48.0,15.93537619047619
*Nc1ccc(CCc2cccc(NC(=O)c3cccc(C(*)=O)c3)c2)cc1,203.0,210.1
*=Cc1ccc(Oc2ccc(-c3nnc(-c4ccc(Oc5ccc(C=*)cc5)cc4)o3)cc2)cc1,215.0,111.7270380952381
*c1cc(C)c(O[Si](C)(C)O[Si](C)(C)Oc2c(C)cc(*)cc2C)c(C)c1,55.0,101.20566666666666
*Oc1ccc2c(c1)C(=O)N(c1ccc(OCCOCCOc3cccc(N4C(=O)c5ccc(*)cc5C4=O)c3)cc1)C2=O,146.5,150.5245
*C=Cc1ccc(C=Cc2cc(OCCCCCCC)c(*)cc2OCCCCCCC)cc1,46.0,26.44691825396825
*c1ccc2nc(-c3ccccc3)c(-c3cccc(-c4nc5cc(*)ccc5nc4-c4ccccc4)c3)nc2c1,320.0,204.42366666666666
*Oc1ccc(Oc2ccc(/C=N/CCCCCCCCCC/N=C/c3ccc(*)cc3)cc2)cc1,108.0,28.29688650793651
*Nc1ccc(*)cc1C,-71.39999999999998,146.29316666666668
*C(=O)NCCCCCCNC(=O)c1cc(*)cc(C(C)(C)C)c1,163.0,75.79672283549785
*OCCCCCCCCCCOC(=O)c1ccc2cc(C(*)=O)ccc2c1,50.5,20.74352616664381
*CCCCCCCCC(=O)NNC(=O)OCCCCCCOC(=O)NNC(*)=O,45.0,-21.35652593444004
*N=P(*)(CC)c1ccccc1,20.0,106.2
*CC(*)OCCC,-49.14999999999998,-48.519120202020204
*CC(*)OC(=O)OCC(Cl)(Cl)Cl,74.0,43.541
*CC(*)c1ccc(CC)cc1,71.40000000000003,97.398
*C(=O)c1ccc2c(c1)C(=O)N(c1cc(-c3nc4ccccc4[nH]3)cc(N3C(=O)c4ccc(*)cc4C3=O)c1)C2=O,197.0,320.28
*c1ccc(OC(=O)c2ccc(C(=O)Oc3ccc(C4(*)c5ccccc5C(=O)N4C)cc3)cc2)cc1,282.0,259.988
*CC(=O)OC(*)CCCCCC,-46.99999999999997,-36.752203010066125
*c1ccc(NC(=O)c2ccc(Oc3cc(C(C)(C)C)c(Oc4ccc(C(=O)Nc5ccc(C(*)(C)C)cc5C)cc4)cc3C(C)(C)C)cc2)c(C)c1,275.0,197.7570226190476
*CC(*)C(=O)Oc1ccc(C)cc1,42.5,85.997
*=Nc1cccc(/N=C(/C=C/C(=*)c2ccccc2)c2ccccc2)c1,178.0,143.52
*Nc1ccc(Oc2ccc3nc(-c4ccccc4)c(-c4ccc(-c5nc6cc(Oc7ccc(NC(=O)c8cc(C(*)=O)cc(N9C(=O)c%10ccccc%10C9=O)c8)cc7)ccc6nc5-c5ccccc5)cc4)nc3c2)cc1,302.0,244.55433333333332
*O[Si](*)(C)CCCOc1ccc(C(=O)Oc2ccc(-c3ccc(OC(=O)CCCCC(=O)OC4CC(C)CCC4C(C)C)cc3)cc2)cc1,56.80000000000001,30.654333333333334
*c1cc(Cl)c(OC(=O)Oc2c(Cl)cc(C(*)(C)C)cc2Cl)c(Cl)c1,227.0,124.05221428571429
*Nc1ccc(NC(=O)c2ccc3c(c2)C(=O)N(c2ccc(NC(=O)Nc4ccc(N5C(=O)c6ccc(C(=O)Nc7ccc(NC(*)=O)cc7)cc6C5=O)cc4)cc2)C3=O)cc1,208.0,300.553
*CCC(=O)Oc1ccc(C2(c3ccc(OC(*)=O)cc3)c3ccccc3-c3ccccc32)cc1,234.0,104.301
*CC(*)(C)C(=O)OCc1cccs1,66.0,68.724
*c1ccc(C(=O)Nc2ccc(Oc3ccc(Oc4ccc(NC(=O)c5ccc(*)cc5C)cc4)cc3)cc2)c(C)c1,219.0,213.67338928571428
*c1ccc2c(c1)C(=O)N(c1cccc(P(=O)(c3ccc(C(F)(F)F)cc3)c3cccc(N4C(=O)c5ccc(C(*)(C(F)(F)F)C(F)(F)F)cc5C4=O)c3)c1)C2=O,260.0,284.23766666666666
*Oc1ccc(Oc2cccc(Oc3cccc4c3C(=O)N(c3ccc(Oc5cccc(Oc6ccc(N7C(=O)c8cccc(*)c8C7=O)cc6)c5)cc3)C4=O)c2)cc1,198.0,240.332
*c1ccc(Oc2ccc(S(=O)(=O)c3ccc(Oc4ccc(/C=C5\CCCC/C(=C\c6ccc(Oc7ccc(S(=O)(=O)c8ccc(Oc9ccc(C(*)(C)C)cc9)cc8)cc7)cc6)C5=O)cc4)cc3)cc2)cc1,188.0,211.21126111111113
*c1ccc(Oc2ccc(N3C(=O)C(=O)N(CCCCCCN4C(=O)C(=O)N(*)C4=O)C3=O)cc2)cc1,172.0,116.64888492063491
*CNC(=O)c1ccc(C(=O)NCc2cc(C)c(*)cc2C)cc1,225.0,145.543
*NC(=O)OCCCCOC(=O)Nc1cc(*)ccc1C,42.0,49.5
*CC(*)(C)C(=O)Oc1ccc(-c2nnc(-c3ccc(C(C)(C)C)cc3)o2)cc1,156.0,126.3882
*Nc1cccc(NC(=O)c2ccc3c(c2)C(=O)N(c2cc(-c4nc5ccccc5o4)cc(N4C(=O)c5ccc(C(*)=O)cc5C4=O)c2)C3=O)n1,365.0,327.15
*CCCCC(=O)OCCOCCOC(*)=O,-50.99999999999997,-49.5152303030303
*c1cc(C)c(N2C(=O)c3ccc(-c4ccc5c(c4)C(=O)N(c4c(C)cc(C(*)c6cccc(C(F)(F)F)c6)cc4C)C5=O)cc3C2=O)c(C)c1,312.9,277.7235
*CC(*)c1c(F)c(F)c(OCC(F)(F)C(F)(F)C(F)(F)C(F)(F)C(F)(F)C(F)(F)C(F)(F)F)c(F)c1F,21.0,67.197
*CNC(=O)c1cccc(C(=O)NCc2cc(*)cc(C(C)(C)C)c2)c1,188.0,148.848
*CC(*)(C)C(=O)OC1(C)CCOC(=O)C1,110.0,125.789
*CCC[Si](*)(C[Si](C)(C)c1ccccc1)C[Si](C)(C)c1ccccc1,-35.99999999999997,-41.097029761904764
*Nc1ccc(N2C(=O)c3ccc(C(=O)Nc4ccc(-c5cc(-c6ccccc6)cc(-c6ccc(NC(=O)c7ccc8c(c7)C(=O)N(c7ccc(NC(*)=O)cc7)C8=O)cc6)n5)cc4)cc3C2=O)cc1,215.0,326.4
*CC(*)(C)C(=O)OCCCCl,50.0,9.442123931623932
*C(=O)c1ccc(Oc2ccc(S(=O)(=O)c3ccc(Oc4ccc(Oc5ccc(*)cc5)cc4)cc3)cc2)cc1,186.0,187.3417162698412
*c1cc(OCCCCCCCC)cc(N2C(=O)c3ccc(Oc4ccc5c(c4)C(=O)N(*)C5=O)cc3C2=O)c1,185.0,125.73675
*CC(*)C(=O)OCCCCCCCCCCCCOc1ccc(C(=O)Oc2ccc(-c3cccc(OC(=O)c4ccc(OC(=O)c5ccc(OCCCCCCCCCCCC)cc5)cc4)c3)cc2)cc1,67.0,0.8133599206349207
*c1ccc(OC(=O)Oc2ccc(C(*)(C)C)cc2C)c(C)c1,124.0,172.61293549783548
*CCCCCCCCCCCCNC(*)=O,41.0,40.11109942564745
*CC(*)(C)C(=O)OCCCCCCCCCCn1c2ccccc2c2cc(/N=N/c3ccc([N+](=O)[O-])cc3)ccc21,36.0,106.07330952380951
*C(=O)c1ccc2c(c1)C(=O)N(c1cccc(P(=O)(c3cccc(N4C(=O)c5ccc(*)cc5C4=O)c3)c3cc(C(F)(F)F)cc(C(F)(F)F)c3)c1)C2=O,243.0,287.44125
*CC(CN1C(=O)C2C3C=CC(C3)C2C1=O)O*,87.5,78.71133333333333
*CC(*)(C)C(=O)OCCCCC1CCCCC1,43.0,50.034533333333336
*Nc1cccc(NC(=O)c2ccc3c(c2)C(=O)N(c2ccc(-c4sc(-c5ccc(N6C(=O)c7ccc(C(*)=O)cc7C6=O)cc5)c(-c5ccccc5)c4-c4ccccc4)cc2)C3=O)c1,334.0,291.458
*OC1CCC(OC(*)=O)CC1,138.0,80.0446
*OCCOc1ccc(C2(c3ccc(OCCO[Si](*)(c4ccccc4)c4ccccc4)cc3)c3ccccc3-c3ccccc32)cc1,97.0,82.003
*c1cc(C)c(OC(=O)CCCCCC(=O)Oc2c(C)cc(C(*)(C)C)cc2C)c(C)c1,84.0,36.92572380952382
*c1ccc(-c2sc(-c3ccc(-c4cc(SCCCC)c(*)s4)cc3)cc2SCCCC)cc1,26.400000000000038,34.3051119047619
*CC(*)C(=O)OCCCCCC(=O)Oc1ccc(-c2ccc(C#N)cc2)cc1,38.0,11.660089621489625
*CC(*)C(=O)c1ccc(C(C)C)cc1,62.5,103.074
*C1OCOC(C(*)(F)F)C1(F)F,125.0,107.255
*c1ccc(Oc2ccc(C(=O)Nc3ccc(NC(=O)c4ccc(Oc5ccc(C(C)(C)c6ccc(C(*)(C)C)cc6)cc5)cc4)cc3)cc2)cc1,163.0,221.14456904761906
*CCCCCC(*)CCC,-67.99999999999997,-71.93820821400821
*c1cccc(-c2nc3ccc(-c4ccc5nc(*)[nH]c5c4)cc3[nH]2)c1,420.0,179.953
*c1ccc2c(c1)C(=O)N(c1ccc3c(c1)-c1cc(N4C(=O)c5ccc(C(*)(C(F)(F)F)C(F)(F)F)cc5C4=O)ccc1C3)C2=O,394.0,304.7
*C1=C(c2ccc(-c3ccc4c(c3)C(CCCCCC)(CCCCCC)c3cc(-c5ccc(*)cc5)ccc3-4)cc2)C(=O)N(CCCCCCCCCCCC)C1=O,100.0,91.18335714285716
*CCN1C(=O)CC(*)C1=O,131.0,167.951
*COC(=O)c1ccc(-c2ccc(C(=O)OCC(*)(C)CC)cc2)cc1,99.0,114.625
*COC(=O)OCC(OC(C)=O)C(*)OC(C)=O,58.60000000000002,14.72
*CC(*)c1ccc(COC(C)CC)cc1,40.0,71.049
*NCCCCCCCCCCCCNC(=O)NCCCCCCNC(*)=O,49.0,60.46238467717981
*c1ccc(Oc2ccc(-c3cc(-c4ccccc4)c4cc5c(-c6ccccc6)cc(*)nc5cc4n3)cc2)cc1,380.5,192.62216666666666
*C#Cc1ccc(C#C[Si](C)(C)O[Si](C)(C)O[Si](*)(C)C)cc1,104.0,3.777
*OCCCCOc1ccc(CCc2ccc(*)cc2C)cc1,24.900000000000038,34.769442857142856
*OCCCCCCCCCOC(=O)C(O)C(O)C(*)=O,-11.0,-46.400556110006065
*CC(*)C(=O)NC(C)CC,116.85000000000002,60.908
*c1ccc(Oc2ccc(-c3nnc(*)o3)cc2)cc1,240.0,222.9285
*/C=C(/*)C(CCC)[Si](C)(C)c1ccccc1,110.0,50.251
*NNC(=O)c1cccc(C(=O)NNC(=O)c2ccc(OC(=O)c3cccc(C(=O)Oc4ccc(C(*)=O)cc4)c3)cc2)c1,180.0,161.19816666666668
*Oc1cccc2c1C(=O)N(c1ccc(Oc3ccc(N4C(=O)c5ccc(*)cc5C4=O)cc3)cc1)C2=O,285.0,240.94983333333334
*=Nc1cccc(/N=C(\c2ccccc2)c2ccc(C(=*)c3ccccc3)cc2)c1,179.0,148.626
*C=Cc1ccc(/C=C/C(=O)Oc2ccc(-c3ccc(OC(*)=O)cc3)cc2)cc1,243.0,101.703
*c1ccc(-c2ccc(-c3ccc([Si](*)(C)C)s3)s2)s1,45.0,-8.876
*Nc1ccc(Cc2ccc(N3C(=O)c4ccc(S(=O)(=O)c5ccc6c(c5)C(=O)N(c5ccc(Cc7ccc(NC(=O)c8cccc(-c9nc%10cc(-c%11ccc%12[nH]c(-c%13cccc(C(*)=O)c%13)nc%12c%11)ccc%10[nH]9)c8)cc7)cc5)C6=O)cc4C3=O)cc2)cc1,270.0,246.95
*NCCCCCCNC(=O)OCCOCCOCCOCCOCCOCCOC(*)=O,-30.99999999999997,-35.364453968253976
*CCCCCCCCC(=O)Oc1ccc(C2(c3ccc(OC(*)=O)cc3)c3ccccc3Cc3ccccc32)cc1,134.0,19.8034261904762
*CC(*)O,79.67500000000001,46.235
*OCCCCCCOc1ccc(-n2on2-c2ccc(OCCCCCCOC(=O)C(CCCCCP(=O)(O)O)C(*)=O)cc2)cc1,17.0,109.9805
*c1ccc(-c2nc3cc(Oc4ccc5nc(-c6ccccc6)c(-c6ccc(-n7c(=O)c8cc9c(=O)n(*)c(=O)c9cc8c7=O)cc6)nc5c4)ccc3nc2-c2ccccc2)cc1,274.0,256.486
*c1ccc2nc(CCCCCCCCCc3nc4ccc(*)cc4o3)oc2c1,64.0,7.304336874236874
*CC(*)c1ccc(/C(Cc2ccccc2)=N/O)cc1,111.0,97.568
*CC(*)C(=O)OCCCOCC,-61.49999999999997,-36.15473367327117
*ON(C(F)(F)F)C(F)(F)C(*)(F)SC(F)(F)F,-47.99999999999997,-10.029
*CCN1C(=O)c2ccc(C(=O)c3ccc4c(c3)C(=O)N(CCC(=O)Nc3ccc(Oc5ccc(NC(*)=O)cc5)cc3)C4=O)cc2C1=O,232.0,154.227
*C=CC(C(=O)OCc1ccccc1)C(*)C(=O)OCc1ccccc1,21.0,48.803
*CC(*)OCCOc1ccc(/N=N/c2ccc([N+](=O)[O-])cc2)cc1,54.0,65.067
*OC(=O)CCCCCCCCCCCCCCC(=O)Oc1cc(OC(=O)c2ccc(OCCC)cc2)c(*)cc1OC(=O)c1ccc(OCCC)cc1,18.0,24.908133766233764
*c1ccc(Oc2ccc(C(=O)c3ccc(Oc4ccc(C(*)(C)C)cc4)s3)s2)cc1,124.0,144.29924025974023
*c1ccc(Oc2ccc(C(C)(C)c3ccccc3)cc2)c(N2C(=O)c3ccc(-c4ccc5c(c4)C(=O)N(*)C5=O)cc3C2=O)c1,275.0,254.18950000000004
*OCCCCCCOc1ccc(C(=O)c2ccc(OCCCCCCOC(=O)OCCCCOC(*)=O)cc2)cc1,2.1000000000000227,26.2470043956044
*CC(*)(C)C(=O)OCC1CC(NC(=O)OC(C)(C)C)CN1C(=O)OC(C)(C)C,127.0,77.11933333333333
*Nc1ccc(NC(=O)c2cc(C(*)=O)cc(S(=O)(=O)c3ccccc3)c2)cc1,308.0,259.00533333333334
*c1ccc(-c2sc(-c3ccc(-c4cc(SCCCCCCCC)c(*)s4)cc3)cc2SCCCCCCCC)cc1,-38.79999999999998,33.54418293650793
*CCCNC(=O)CCCCC(=O)NCCCP(*)CCCCCCCC,12.0,0.7299637944657685
*c1ccc(NC(=O)c2ccc3c(c2)C(=O)N(c2ccc(Oc4cccc5c(N6C(=O)c7ccc(C(=O)Nc8ccc(*)cc8OC)cc7C6=O)cccc45)cc2)C3=O)c(OC)c1,304.0,268.02166666666665
*c1cc(C)c(N2C(=O)CC(Nc3ccc(NC4CC(=O)N(c5c(C)cc(C(*)c6cccnc6)cc5C)C4=O)cc3)C2=O)c(C)c1,231.0,280.353
*NC(=O)OCCN(CCOC(=O)Nc1ccc(C)c(*)c1)c1ccc(/C=C2/NC(=O)NC2=O)cc1,178.0,85.649
*OCCCCCCOC(=O)c1ccc(Oc2ccc(C(*)=O)cc2)cc1,15.0,16.70311904761903
*C(=O)c1ccc(Oc2ccc(Oc3ccc(*)cc3)cc2-c2cccc(C(F)(F)F)c2)cc1,134.0,176.19006049783553
*C(=O)c1ccc(NC(=O)c2ccc(C(=O)Nc3c(C)c(C)c(*)c(C)c3C)cc2)cc1,366.0,164.06
*Cc1ccc(OC(=O)CCCC(=O)Oc2ccc(CCC(=O)NC(*)C(=O)OCCCCCCCCCCCC)cc2)cc1,27.5,38.21081428571429
*CC(*)OC(=O)c1cccc([N+](=O)[O-])c1,93.0,98.589
*CC(*)c1ccc(B(Oc2ccc(-c3ccc(OC)cc3)c3cccnc23)c2ccc(C(C)(C)C)cc2)cc1,220.0,112.656
*CCN(*)CC[Si](C)(C)C,-64.79999999999998,-56.05393333333333
*=CCCCC(=*)c1ccc(OC)cc1,11.0,4.274957142857143
*C(=O)c1ccccc1-c1ccccc1C(=O)c1ccc(Oc2ccc(-c3ccc(Oc4ccc(*)cc4)cc3)cc2)cc1,193.0,190.9181515873016
*C=Cc1cc(OCCc2ccccc2)c(*)cc1OC,121.0,40.037
*Cc1cc(C)c(NC(=O)c2ccc3c(c2)C(=O)N(c2ccc(/N=N/c4ccc(OC(F)(F)F)cc4)c(N4C(=O)c5ccc(C(=O)Nc6c(C)cc(*)cc6C)cc5C4=O)c2)C3=O)c(C)c1,278.0,173.947
*Oc1ccc(Oc2ccc(/C=N/CC/N=C/c3ccc(*)cc3)cc2)cc1,101.0,118.226
*CC(*)(F)C(=O)OCC(F)(F)C(F)(F)F,99.0,46.5415
*C(=O)c1ccc2c(c1)C(=O)N(c1cccc(Cc3ccc(Cc4ccc(Cc5cccc(N6C(=O)c7ccc(*)cc7C6=O)c5)cc4)cc3)c1)C2=O,235.5,234.56466666666668
*CC(*)C(=O)Oc1ccccc1,60.0,85.188
*NC(=O)OCCCCCOC(=O)Nc1ccc(C)c(*)c1,52.0,39.728699999999996
*N=Nc1ccc(Oc2ccc(/N=N/P(=O)(OC)OCc3ccc(COP(*)(=O)OC)cc3)cc2)cc1,50.0,13.81
*COC(=O)c1cccc(C(=O)OC(*)C)c1,77.0,82.468
*CC(*)C(=O)OCCCCCn1c2ccccc2c2ccccc21,53.0,91.50394285714287
*CCCCCCC(=O)OCC#CCOC(*)=O,-37.99999999999997,-47.24759033790855
*NC(=O)Oc1ccc(/N=C/CCC/C=N/c2ccc(OC(=O)Nc3ccc(C)c(*)c3)cc2)cc1,69.0,78.9865
*c1ccc(Oc2ccc(Oc3ccc4nc(-c5ccc(-c6nc7ccc(Oc8ccc(Oc9ccc(P(*)(=O)c%10ccccc%10)cc9)cc8)cc7nc6-c6ccccc6)cc5)c(-c5ccccc5)nc4c3)cc2)cc1,248.0,191.61306666666667
*C(=O)c1ccc2c(c1)C(=O)N(CCCCCCCCCCCCN1C(=O)c3ccc(*)cc3C1=O)C2=O,87.5,87.58777164502168
*CCCCCCCC(=O)Nc1cccc(S(=O)(=O)c2cccc(NC(*)=O)c2)c1,125.0,69.81482142857142
*OCCCCCCOc1ccc(-n2on2-c2ccc(OCCCCCCOC(=O)C(CCCCP(=O)(O)O)C(*)=O)cc2)cc1,19.0,109.9805
*C(=O)c1ccc2c(c1)C(=O)N(c1ccc(OCCOc3ccc(N4C(=O)c5ccc(*)cc5C4=O)cc3)cc1)C2=O,246.0,175.563
*CC(*)c1cccc(F)c1,86.0,109.612
*c1ccc(-c2ccc3c(c2)C(=O)N(CCCCCCCN2C(=O)c4ccc(*)cc4C2=O)C3=O)cc1,135.0,74.04114971139971
*CC(*)(CC(=O)OCCC)C(=O)OCCC,46.5,42.119666666666674
*CC(*)(F)C(=O)OCC(F)(F)C(F)(F)C(F)(F)C(F)(F)F,63.0,45.1655
*OCCOC(=O)c1cccc(C(=O)OCCOc2nc(-c3ccc(OCCCC)cc3)nc(*)c2-c2ccc(OC)cc2)c1,92.0,19.049844444444442
*CC(*)c1ccc(C(=O)CCN2CCCCC2)cc1,38.0,146.676
*COC(=O)c1ccc(C(=O)OCC(CCCCCC)C(*)CCCCCC)cc1,-15.5,11.322867857142857
*NCCCCCCNC(=O)Nc1ccccc1CCc1ccc(NC(*)=O)cc1,150.0,96.92192471139974
*CCC(=O)OCCOC(=O)c1ccc(C(=O)OCCOC(*)=O)cc1,24.0,46.234
*CCCCCCN1C(=O)c2ccc(C(=O)Oc3ccc(OC(*)=O)cc3)cc2C1=O,74.315,88.50733116883117
*C=Cc1ccc(*)cc1-c1c(OCC(CC)CCCC)ccc2cc(-c3ccccc3)ccc12,141.0,0.2644166666666665
*CCCCCCCCC(=O)OC(*)=O,60.0,-48.50835281987102
*c1ccc2c(c1)C(=O)N(c1ccc(Oc3ccc(Oc4ccc(N5C(=O)c6ccc(C(*)(C(F)(F)F)C(F)(F)F)cc6C5=O)cc4C(F)(F)F)cc3)cc1)C2=O,260.80000000000007,252.23283333333333
*O[Si](*)(C)CCCCCCCCCCC(=O)Oc1ccc(-c2ccc(OC(=O)CCCCC(=O)OC3CC(C)CCC3C(C)C)cc2)cc1,16.5,43.0249
*C1(C)CC(*)(C)C(=O)N(C)C1=O,170.0,294.556
*C=Cc1cc(OCCCCCCCC)c(*)cc1OC,58.0,28.515484920634915
*CC(*)(C)C(=O)OCCOCC,-16.0,2.6072916666666663
*c1ccc(OC(=O)CCCCCN2C(=O)c3ccc(C(=O)Oc4ccc(C(C)(C)c5ccc(C(*)(C)C)cc5)cc4)cc3C2=O)cc1,104.0,120.40252164502165
*OCCCCOC(=O)OCC1CCC(COC(*)=O)CC1,13.0,5.832633333333333
*CCCCCCN1C(=O)c2ccc(C(=O)Oc3ccc(-c4ccc(OC(*)=O)cc4)cc3)cc2C1=O,107.0,86.72582936507936
*OCCCCCCCCCCCOc1ccc(-c2nnc(-c3cccc(OCCCCCCCCCCCOC(=O)c4ccc(C(*)=O)cc4)c3)s2)cc1,35.0,19.926519913419902
*CC(*)CCCCC,-44.32499999999999,-66.09174310689309
*c1ccc(OC(=O)SCCCSC(=O)Oc2ccc(C(*)(C)C)cc2)cc1,90.0,50.05300476190476
*c1ccc(-c2ccc(N3C(=O)c4ccc(C(=O)c5ccc6c(c5)C(=O)N(*)C6=O)cc4C3=O)cc2C)c(C)c1,385.0,285.896
*C(=O)c1ccc(C(=O)c2ccc(Oc3ccc(*)cc3C)c(C(C)C)c2)cc1,149.0,163.028450974026
*c1ccc(-c2ccc(N3C(=O)c4cc5c(cc4C3=O)C(C(F)(F)F)(C(F)(F)F)c3cc4c(cc3O5)C(=O)N(*)C4=O)cc2OC(F)(F)F)c(OC(F)(F)F)c1,375.0,252.98650000000004
*=Nc1ccc(N=C(C=CC(=*)c2ccccc2)c2ccccc2)cc1,157.0,129.744
*c1ccc(-c2ccc(-c3ccc([Si](CCCC)(CCCC)[Si](*)(CCCC)CCCC)s3)s2)s1,-5.0,-3.7028714285714286
*COC(=O)c1ccc(C(=O)OCC2CC(*)CC(C(C)(C)C)C2)cc1,118.0,60.489
*CCC(=O)NCCCCCCCCCCNC(=O)CCP(*)(C)=O,45.5,30.032000951727138
*Oc1ccc(Oc2ccc(Oc3ccc4c(c3)C(=O)N(c3ccc(Oc5ccc(N6C(=O)c7ccc(*)cc7C6=O)cc5)cc3)C4=O)cc2)cc1,215.0,232.2646666666667
*N=P(*)(Oc1ccc(-c2ccccc2)cc1)Oc1ccc(-c2ccccc2)cc1,85.0,64.75195238095237
*Oc1ccc(-c2cnc3ccc(-c4ccc5nc(-c6ccc(Oc7ccc(*)cc7)cc6)cnc5c4)cc3n2)cc1,235.0,194.04546666666667
*c1ccc(Oc2ccc(NC(=O)c3ccc(Oc4ccc(C(C)(C)c5cccc(C(C)(C)c6ccc(Oc7ccc(C(=O)Nc8ccc(Oc9ccc(C(*)(C)C)cc9)cc8)cc7)cc6)c5)cc4)cc3)cc2)cc1,147.0,223.54138571428572
*Nc1cccc(OCCCCCOc2cccc(NC(=O)c3ccc(C(*)=O)cc3)c2)c1,135.0,91.64198535353536
*Oc1ccc(Sc2ccc(Oc3ccc4c(c3)C(=O)N(c3ccc(N5C(=O)c6ccc(*)cc6C5=O)cc3)C4=O)cc2)cc1,238.0,232.29133333333334
*Cc1ccc(OC(=O)CCCCC(=O)Oc2ccc(CCC(=O)NC(*)C(=O)OCC)cc2)cc1,61.0,43.87153333333333
*c1ccc(-c2ccc(-n3c(=O)c4cc5c(=O)n(*)c(=O)c5cc4c3=O)cc2C)c(C)c1,369.25,298.811
*C(=O)c1ccc2c(c1)C(=O)N(c1ccc(Cc3ccc(N4C(=O)c5ccc(C(=O)c6ccc(Oc7ccc(Oc8ccc(*)cc8)cc7)cc6)cc5C4=O)cc3)cc1)C2=O,225.0,196.312
*O[Si](*)(C)CCCOCCOCCOC,-90.09999999999997,-79.85816904761904
*c1cc(C)c(OC(=O)c2cccc(C(=O)Oc3c(C)cc(C(*)(C)C)cc3C)c2)c(C)c1,187.0,124.907
*Nc1cccc(NC(=O)c2ccc3c(c2)C(=O)N(c2cc(-c4nc5ccccc5s4)cc(N4C(=O)c5ccc(C(*)=O)cc5C4=O)c2)C3=O)n1,358.0,320.715
*CC(*)(C)C(=O)OCCCCCCCCCCOc1ccc(/N=N/c2ccc([N+](=O)[O-])cc2)cc1,55.0,11.374770163170165
*C(=O)c1ccc2c(c1)C(=O)N(CCCCCCCCN1C(=O)c3ccc(*)cc3C1=O)C2=O,113.0,87.58777164502168
*c1ccc(C(=O)Nc2cccc(OC(=O)c3ccc([Si](*)(C)C)cc3)c2)cc1,220.0,28.121928571428572
*CC(C)(C)C1C(=O)N(C)C(=O)C1*,156.5,114.753
*c1c(C)cc(C)c(N2C(=O)c3ccc(C(=O)Nc4ccc(NC(=O)c5ccc6c(c5)C(=O)N(*)C6=O)cc4)cc3C2=O)c1C,327.0,296.064
*CC(*)(CC(=O)OC)C(=O)O,159.0,67.296
*NC(=O)c1cc(OCCCN(C)c2ccc(/N=N/c3ccc(S(C)(=O)=O)cc3)cc2)cc(C(=O)Nc2cc(*)cc(C(=O)OCCCN(C)c3ccc(/N=N/c4ccc(S(C)(=O)=O)cc4)cc3)c2)c1,168.0,126.63566666666667
*c1ccc(Oc2ccc(S(=O)(=O)c3ccc(Oc4ccc(-c5c6c(c(*)c7ccccc57)C(=O)N(c5ccccc5C(F)(F)F)C6=O)cc4)cc3)cc2)cc1,290.0,260.64066666666673
*c1ccc(Oc2ccc(/C=N/c3ccc(Oc4ccc(-c5ccc(Oc6ccc(/N=C/c7ccc(Oc8ccc(C(*)(C(F)(F)F)C(F)(F)F)cc8)cc7)cc6)cc5)cc4)cc3)cc2)cc1,128.0,194.13821190476185
*c1cc2c(cc1-c1ccc([Si](C)(C)C)cc1)C(=O)N(c1ccc(C(c3ccc(N4C(=O)c5cc(*)c(-c6ccc([Si](C)(C)C)cc6)cc5C4=O)cc3)(C(F)(F)F)C(F)(F)F)cc1)C2=O,365.0,303.223
*OCCCCCCCCCCOc1ccc(/N=C/c2ccc(/C=N/c3ccc(*)cc3C)cc2)c(C)c1,77.60000000000002,27.33393253968254
*CSCc1ccc(Cc2ccc(CSCC(=O)OCCSCc3ccc(Cc4ccc(CSCCOC(*)=O)cc4)cc3)cc2)cc1,14.0,41.139
*c1ccc(Oc2ccc(C(=O)c3ccc(C(=O)c4ccc(Oc5ccc(C(*)(C)C)cc5)c(C(F)(F)F)c4)cc3)cc2C(F)(F)F)cc1,171.0,172.83806742424244
*C(=O)c1ccc(Oc2ccc(C(=O)c3c(C(=O)c4ccc(Oc5ccc(*)cc5)cc4)c(-c4ccc(F)cc4)c(-c4ccc(F)cc4)c(-c4ccc(F)cc4)c3-c3ccc(F)cc3)cc2)cc1,260.0,170.85127200577207
*COC(=O)c1ccc(C(=O)OC(C)COC(*)C)cc1,37.0,72.38
*CC(*)(C)OC,67.0,-25.29
*CC(*)c1ccc(C(C)CC)cc1,85.35000000000002,96.61
*CCCCCCCCC(=O)OC1CCC(OC(*)=O)CC1,66.0,12.9601
*c1ccc2c(c1)C(=O)N(c1ccc(C(c3ccccc3)c3ccc(N4C(=O)c5ccc(S(*)(=O)=O)cc5C4=O)cc3)cc1)C2=O,305.0,258.022
*c1cc(N2C(=O)c3ccc(C(=O)Nc4ccc(Cc5ccc(NC(=O)c6ccc7c(c6)C(=O)N(*)C7=O)c(C)c5)cc4C)cc3C2=O)ccc1/N=N/c1ccc(C)cc1,257.0,240.028
*C(=O)c1ccc(Oc2ccc(-c3nc4ccccc4n3-c3ccc(-n4c(-c5ccc(Oc6ccc(C(=O)c7ccc(Oc8ccc(*)cc8)cc7)cc6)cc5)nc5ccccc54)cc3)cc2)cc1,223.0,185.60793073593078
*OCCCCOCCCCOCCCCOC(=O)c1ccc(/N=C/c2ccc(C=Nc3ccc(C(*)=O)cc3)s2)cc1,25.0,109.61
*Nc1ccc(NC(=O)c2ccc3c(c2)C(=O)N(c2ccc(-c4sc(-c5ccc(N6C(=O)c7ccc(C(*)=O)cc7C6=O)cc5)c(-c5ccccc5)c4-c4ccccc4)cc2)C3=O)cc1,333.0,290.152
*OCCCCCCCCCCCOc1cccc(-c2nnc(-c3cccc(OCCCCCCCCCCCOC(=O)c4ccc(C(*)=O)cc4)c3)s2)c1,22.0,13.5527961038961
*CC(*)(C)C(=O)OC,108.925,88.539
*C(=O)Nc1ccc(C(c2ccc(NC(=O)c3cc(*)cc(NC(=O)CCCCCN4C(=O)c5ccccc5C4=O)c3)cc2)(C(F)(F)F)C(F)(F)F)cc1,225.0,139.6987222222222
*COC(=O)OC1C(*)OC2OC(C)(C)OC21,128.0,32.262
*CC1(C)C(=O)OC(=O)C1(C)C(*)OC,260.0,76.375
*c1cc2c(cc1-c1ccc(C(C)(C)C)cc1)C(=O)N(c1ccc(C(c3ccc(N4C(=O)c5cc(*)c(-c6ccc(C(C)(C)C)cc6)cc5C4=O)cc3)(C(F)(F)F)C(F)(F)F)cc1)C2=O,381.0,296.723
*c1ccc(Sc2ccc(-c3ccc(Sc4ccc(P(*)(=O)c5ccccc5)cc4)cc3)cc2)cc1,232.0,185.00119999999998
*CC(*)(CC(=O)OC(C)C)C(=O)OC12CC3CC(CC(C3)C1)C2,180.0,183.187
*COc1ccc(S(=O)(=O)c2ccc(OCC(*)OC(C)=O)cc2)cc1,130.0,87.99
*OCCCCN1C(=O)c2ccc(-c3ccc4c(c3)C(=O)N(CCCCOC(*)=O)C4=O)cc2C1=O,104.0,100.27461904761904
*Oc1ccc2c(c1)C(=O)N(c1ccc(-c3ccc(N4C(=O)c5ccc(*)cc5C4=O)cc3C(F)(F)F)c(C(F)(F)F)c1)C2=O,275.0,241.85883333333334
*CSSC(*)c1ccccc1,4.800000000000011,74.78
*C(=O)NCCNC(=O)c1c(*)ncn1C,189.0,157.922
*c1ccc(CN2C(=O)c3ccc(Oc4ccc5c(c4)C(=O)N(Cc4ccc(C(*)C)o4)C5=O)cc3C2=O)o1,129.0,156.738
*CC(*)C(=O)OCCOCC(F)(F)F,-37.99999999999997,-11.1125
*/C(C)=C(/*)[Si](C)(C)C,75.0,-39.205
*COC(=O)c1ccc(-c2ccc(C(=O)OCC(*)(C)CCC)cc2)cc1,95.0,115.207
*O[Si](C)(C)c1ccc2ccc([Si](*)(C)C)cc2c1,26.0,-3.541
*C(F)C(*)(F)OC(F)(F)F,-10.0,23.612
*c1ccc(OC(=O)Oc2ccc(C3(*)c4cc(N(C)C)ccc4-c4ccc([N+](=O)[O-])cc43)cc2)cc1,278.0,200.22066666666666
*OCCCCCCCCCOc1ccc(CCc2ccc(*)cc2C)cc1,-1.099999999999966,25.500338636363637
*CC(*)(C)C(=O)OCCN(C)c1ccc(/C=C/c2ccc([N+](=O)[O-])cc2)cc1,107.0,90.536
*N(C)[Si](*)(C)C=C,-19.99999999999997,-76.665
*c1ccc(-c2nc3cc(-c4ccc5oc(*)nc5c4)ccc3o2)cc1,430.0,293.185
*c1ccc(C(=O)Nc2ccc(C(=O)Nc3ccc(Cc4ccc(NC(=O)c5ccc(NC(=O)c6ccc([Si](*)(C)C)cc6)cc5)cc4)cc3)cc2)cc1,300.0,134.785
*Cc1ccc(OC(=O)CCC(C)CC(=O)Oc2ccc(CC(=O)NC(*)C(=O)OCCCCCC)cc2)cc1,38.0,38.36064285714288
*Oc1ccc2c(c1)C(=O)N(c1ccc(Sc3ccc(Sc4ccc(Sc5ccc(Sc6ccc(N7C(=O)c8ccc(*)cc8C7=O)cc6)s5)s4)s3)cc1)C2=O,158.5,236.98083333333335
*c1ccc2c(c1)C(=O)N(CCCCCCCN1C(=O)c3ccc(C(*)(C(F)(F)F)C(F)(F)F)cc3C1=O)C2=O,165.0,168.02085497835495
*c1ccc(OCCN(C)c2ccc(/C=C/C3=CC(=C(/C#N)C(=O)OCc4ccc(Oc5c(F)c(F)c(F)c(F)c5F)cc4)/CC(C)(C)C3)cc2)c(N2C(=O)c3ccc(Oc4ccc5c(c4)C(=O)N(c4cc(C(*)(C(F)(F)F)C(F)(F)F)ccc4OCCN(c4ccccc4)c4ccc(/C=C/C6=CC(=C(/C#N)C(=O)OCc7ccc(Oc8c(F)c(F)c(F)c(F)c8F)cc7)/CC(C)(C)C6)cc4)C5=O)cc3C2=O)c1,162.0,187.769
*c1ccc(-c2nnc(-c3ccc(-c4ccc(-c5nnc(-c6ccc([Si](*)(c7ccccc7)c7ccccc7)cc6)o5)cc4)cc3)o2)cc1,278.0,35.903
*c1ccc(OCC(O)COC(=O)c2cccc(C(=O)OCC(O)COc3ccc(C(*)(C)C)cc3)c2)cc1,97.0,94.94406666666667
*c1cccc(-c2nc3ccc(-c4ccc5nc(*)sc5c4)cc3s2)c1,495.0,184.005
*C(=O)c1ccc2c(c1)C(=O)N(c1cc(N3C(=O)c4ccc(*)cc4C3=O)cc(C(F)(F)F)c1)C2=O,294.75,288.953
*c1ccc(C)c(NC(=O)OCCN(CCOC(=O)Nc2ccc(C)c(N3C(=O)c4ccc(C(c5ccc6c(c5)C(=O)N(*)C6=O)(C(F)(F)F)C(F)(F)F)cc4C3=O)c2)c2ccc(/N=N/c3ccc([N+](=O)[O-])cc3)cc2)c1,196.0,144.749
*Nc1ccc(C(=O)OCCCCCCOC(=O)c2ccc3c(c2)C(=O)N(c2ccc(C(*)=O)cc2)C3=O)cc1,107.0,150.27099166666667
*NC(=O)Oc1ccc(/N=C/C=N/c2ccc(OC(=O)Nc3cc(*)ccc3C)cc2)cc1,76.0,177.69827936507937
*C1C(*)C2CC1C(C(=O)OCc1ccccc1)C2C(=O)OCc1ccccc1,277.0,64.929
*O[Si](c1ccccc1)(c1ccccc1)c1ccc([Si](*)(c2ccccc2)c2ccccc2)cc1,130.0,32.734
*c1ccc(C(=O)OCCOC(=O)c2ccc(C(*)(C)CC)cc2)cc1,95.0,92.15833333333333
*Oc1ccc2c(c1)C(=O)N(c1cccc(P(=O)(c3ccccc3)c3cccc(N4C(=O)c5ccc(*)cc5C4=O)c3)c1)C2=O,251.0,239.45816666666667
*CCOC(=O)CCCCC(=O)OCCC(*)C,-78.59999999999997,-47.931457575757584
*CCOC(*)C,-49.99999999999997,-45.0923
*=Cc1ccc(N(c2ccccc2)c2ccc(N(c3ccccc3)c3ccc(/C=C(\C#N)C(=O)NC4CCCCC4NC(=O)C(=*)C#N)cc3)cc2)cc1,239.0,115.52
*COC1OC(*)C(O)C(O)C1O,200.0,11.713
*CSSSSC*,-23.99999999999997,86.663
*Oc1ccc(-c2ccc(Oc3cccc4c3C(=O)N(c3ccc(Oc5ccc(N6C(=O)c7cccc(*)c7C6=O)cc5)cc3)C4=O)cc2)cc1,277.0,242.3863333333333
*c1ccc2c(c1)C(=O)N(c1cccc(-n3c(=O)c4cc5c(=O)n(-c6cccc(N7C(=O)c8ccc(C(*)(C(F)(F)F)C(F)(F)F)cc8C7=O)c6)c(=O)c5cc4c3=O)c1)C2=O,338.0,290.478
*CC(*)c1cc(Br)ccc1OCC,80.0,77.566
*=Nc1ccc(Cc2ccc(NC(=*)c3ccccc3)cc2)cc1,158.0,122.871
*NCCCCCCCCCCCCCCNC(=O)NCCCCCCNC(*)=O,47.0,60.46238467717981
*CC(*)C(=O)OCC(F)(F)F,3.1000000000000227,45.906666666666666
*CC1C(=O)OC(=O)C1C(*)OCCCC,118.0,25.892009523809524
*Oc1ccc(Sc2ccc(Oc3ccc4c(c3)C(=O)N(c3cccc(Oc5cccc(Oc6cccc(N7C(=O)c8ccc(*)cc8C7=O)c6)c5)c3)C4=O)cc2)cc1,190.5,233.9245
*CC1=CCC(C(*)(C)C)CC1,77.0,75.203
*C=CC1CC(*)C2C(=O)N(c3ccccc3C)C(=O)C12,248.0,263.47
*Oc1cccc2c(Oc3ccc4c(c3)C(=O)N(c3cccc(N5C(=O)c6ccc(*)cc6C5=O)c3)C4=O)cccc12,260.0,241.85300000000004
*C(=O)c1cccc(C(=O)c2ccc(Oc3ccc(Cc4ccc(Oc5ccc(*)cc5)cc4)cc3)cc2)c1,145.0,94.348
*C(=O)c1ccc(N(*)CCCCC)cc1,83.5,64.7535873015873
*Nc1ccc(Oc2ccc(N3C(=O)c4ccc(C(*)=O)cc4C3=O)cc2)cc1,295.0,248.51166666666666
*C(=O)c1cccc(N2C(=O)c3ccc(C(=O)c4ccc5c(c4)C(=O)N(c4ccc(*)cc4)C5=O)cc3C2=O)c1,282.0,282.511
*c1ccc2c(c1)C(=O)N(CC1CCCC(CN3C(=O)c4ccc(C(*)(C(F)(F)F)C(F)(F)F)cc4C3=O)C1)C2=O,222.0,247.0656666666667
*CN1C(=O)c2ccc(C(c3ccc4c(c3)C(=O)N(CC(=O)Nc3ccc(Oc5ccc6nc(-c7ccccc7)c(-c7ccc(Oc8ccc(-c9nc%10cc(Oc%11ccc(NC(*)=O)cc%11)ccc%10nc9-c9ccccc9)cc8)cc7)nc6c5)cc3)C4=O)(C(F)(F)F)C(F)(F)F)cc2C1=O,260.0,156.56
*C=Cc1ccc(OCCCCCCOC(=O)c2ccc(-c3nnc(-c4ccc(C(=O)OCCCCCCOc5ccc(/C=C/C(*)=O)cc5)cc4)o3)cc2)cc1,62.0,25.174997019647016
*c1ccc(Oc2ccc(-c3cnc(-c4ccc(Oc5ccc(C(*)(C)C)cc5)c(C(F)(F)F)c4)o3)cc2C(F)(F)F)cc1,185.0,224.11766666666665
*C(=O)c1ccc(Oc2ccc(-c3c4c(c(-c5ccc(Oc6ccc(*)cc6)cc5)c5ccccc35)C(=O)N(c3ccc(Cl)cc3)C4=O)cc2)cc1,272.0,247.84633333333332
*O[Si](*)(C)CC[Si](C)(C)O[Si](C)(C)CCCOc1cc(OC(=O)c2ccc(OCCCC)cc2)ccc1/N=N/c1ccc(OCCCC)cc1,-4.0,27.973
*Oc1ccc(OC(=O)c2cc(OCCCCCCCCCCC(F)(F)C(F)(F)C(F)(F)C(F)(F)C(F)(F)C(F)(F)C(F)(F)C(F)(F)C(F)(F)C(F)(F)F)cc(C(*)=O)c2)cc1,137.0,33.79368208294972
*Cc1ccc(OC(=O)Oc2ccc(CCC(=O)NC(*)C(=O)OCC)cc2)cc1,96.0,99.6
*C(=O)c1ccc2c(c1)C(=O)N(c1ccc(Oc3ccc(C(c4ccc(Oc5ccc(N6C(=O)c7ccc(*)cc7C6=O)cc5C(F)(F)F)cc4)(C(F)(F)F)C(F)(F)F)cc3)c(C(F)(F)F)c1)C2=O,220.0,255.22233333333335
*CC(*)(C)C(=O)OCCF,90.0,48.327
*Nc1ccc(-c2c(-c3ccc(-c4ccccc4)cc3)cc(-c3ccc(OCCCCCCOc4ccc(-c5cc(-c6ccc(-c7ccccc7)cc6)c(-c6ccc(NC(=O)c7ccc(C(*)=O)cc7)cc6)c(-c6ccc(-c7ccccc7)cc6)c5)cc4)cc3)cc2-c2ccc(-c3ccccc3)cc2)cc1,121.5,123.49839285714287
*OC(=O)c1ccc(CCCCc2ccc(C(*)=O)cc2)cc1,46.0,40.6036
*=NP(=NP(=NS(=*)(=O)Nc1ccccc1)(Nc1ccccc1)Nc1ccccc1)(Nc1ccccc1)Nc1ccccc1,82.0,206.2531666666667
*OC1COC2C(OC(=O)c3ccc(/N=N/c4ccc(C(*)=O)cc4)cc3)COC12,98.0,104.99
*CC(*)c1ccc(-c2cccc3nsnc23)cc1,150.0,137.164
*c1ccc(Oc2c(F)c(F)c(COC(c3cccc(C(OCc4c(F)c(F)c(Oc5ccc(C(*)(C)C)cc5)c(F)c4F)(C(F)(F)F)C(F)(F)F)c3)(C(F)(F)F)C(F)(F)F)c(F)c2F)cc1,98.0,100.44
*c1cc(C)c(OC(=O)c2ccc(N3C(=O)CC(Nc4ccc(NC5CC(=O)N(c6ccc(C(=O)Oc7c(C)cc(C(*)c8cccnc8)cc7C)cc6)C5=O)cc4)C3=O)cc2)c(C)c1,212.0,256.613
*C(=O)c1ccc2c(c1)C(=O)N(c1cccc(C(c3ccccc3)(c3cccc(N4C(=O)c5ccc(*)cc5C4=O)c3)C(F)(F)F)c1)C2=O,311.0,284.94
*c1ccc(OCC(O)COc2ccc(C(C)(C)c3ccc(OCC(O)COc4ccc(S(*)(=O)=O)cc4C)cc3)cc2)c(C)c1,117.5,117.17466666666665
*c1ccc(-c2ccc(-c3nc4ccc(-c5ccc6nc(*)c(-c7ccccc7)c(-c7ccccc7)c6c5)cc4c(-c4ccccc4)c3-c3ccccc3)cc2)cc1,420.0,196.53233333333333
*c1ccc(C(=O)Oc2cccc(OC(=O)c3ccc([Si](*)(C)C)cc3)c2)cc1,134.0,22.276
*Oc1ccc(C(c2ccc(Oc3cccc4c3C(=O)N(c3ccc(Oc5ccc(N6C(=O)c7cccc(*)c7C6=O)cc5)cc3)C4=O)cc2)(C(F)(F)F)C(F)(F)F)cc1,226.0,245.33933333333331
*CC(*)(C)C(=O)OCCO[N+](=O)[O-],55.0,38.180666666666674
*CC(O)CCCCC(O)CN(*)c1ccc(N(C)C)cc1,72.0,16.993977380952384
*C(F)(F)C(*)(F)Cl,69.47500000000002,61.078
*CCP(=O)(CCC(=O)NCCCCCCNC(*)=O)c1ccccc1,29.0,70.00121796536797
*Nc1ccc(Oc2ccc(-c3ccc(Oc4ccc(NC(=O)c5ccc(Oc6ccc(Oc7ccc(C(*)=O)cc7)cc6-c6ccccc6)cc5)cc4)cc3)cc2)cc1,232.0,248.22
*O[Si](*)(C)CCCCCCCCCCCOc1ccc(/C=C/c2ccc(C#N)cc2)cc1,-54.99999999999997,-12.654313924963924
*O[Si](C)(C)c1ccc([Si](C)(C)O[Si](*)(C)C)cc1,-62.49999999999997,7.202
*=Cc1ccc(C=*)cc1,137.425,121.67033333333333
*CCSC(*)C,-58.99999999999997,-25.349
*Nc1ccc(Oc2ccc(Oc3ccc(NC(=O)c4ccc5c(c4)C(=O)N(c4ccc(Oc6ccc(N7C(=O)c8ccc(C(*)=O)cc8C7=O)cc6)cc4)C5=O)cc3)cc2)cc1,260.0,258.15166666666664
*Oc1ccc(Sc2ccc(Oc3ccc4c(c3)C(=O)N(c3ccc(Oc5cccc(Oc6ccc(N7C(=O)c8ccc(*)cc8C7=O)cc6)c5)cc3)C4=O)cc2)cc1,178.0,231.68733333333336
*C1CCC2C(=O)N(c3ccc(Oc4ccc(Oc5ccc(Oc6ccc(N7C(=O)C8CCC(*)CC8C7=O)cc6)cc5)cc4)cc3)C(=O)C2C1,217.0,227.2843333333333
*c1ccc(-c2nnc(-c3cccc(-c4nnc(*)n4-c4ccccc4)c3)n2-c2ccccc2)cc1,272.5,187.7586666666667
*c1ccc(C(=O)Nc2ccc(C(=O)Nc3ccc(-c4sc(-c5ccc(NC(=O)c6ccc(NC(=O)c7ccc([Si](*)(C)C)cc7)cc6)cc5)c(-c5ccccc5)c4-c4ccccc4)cc3)cc2)cc1,337.0,41.83833333333333
*Cc1cc(C)c(N2C(=O)c3ccc(C(=O)OCCN(CCOC(=O)c4ccc5c(c4)C(=O)N(c4c(C)cc(*)cc4C)C5=O)c4ccc(/N=N/c5ccc([N+](=O)[O-])cc5)cc4)cc3C2=O)c(C)c1,179.0,168.083
*CCCCCOC(*)=O,54.950000000000045,-49.561496570826804
*c1ccc(-c2ccc(Oc3ccc(C(c4ccc(Oc5ccc(*)cc5C(F)(F)F)cc4)(C(F)(F)F)C(F)(F)F)cc3)c(C(F)(F)F)c2)cc1,207.5,184.9544285714286
*c1ccc2c(c1)C(=O)N(c1cccc(OCCCCCOc3cccc(N4C(=O)c5ccc(*)cc5C4=O)c3)c1)C2=O,165.0,117.3667261904762
*C(F)(F)C1(*)OC(F)(C(F)(F)F)C(F)(C(F)(F)F)O1,165.0,97.55380000000001
*Oc1ccc(-c2ccc(OC(=O)c3ccc(C(*)=O)cc3)c(-c3ccccc3)c2)cc1,132.0,177.00955
*C(=O)c1ccc(Oc2ccc(C(=O)c3ccc(Oc4ccc(Cc5ccc(Oc6ccc(*)cc6)cc5)cc4)cc3)cc2)cc1,128.0,94.147
*CCCCn1c(=O)c2cc3c(=O)n(CCC(*)C)c(=O)c3cc2c1=O,135.0,113.40205555555556
*CCCCCN1C(=O)c2ccc(C(=O)Oc3ccc4ccc(OC(*)=O)cc4c3)cc2C1=O,113.0,88.50733116883117
*c1ccc(/N=N/c2ccc(OCC)cc2)cc1C(=O)OCCCOC(=O)c1cc(/N=N/c2ccc(OCC)cc2)ccc1*,101.0,35.2795
*CCC(C)O[Si](C)(C)O[Si](C)(C)O[Si](C)(C)OC(*)C,-89.99999999999997,-88.05983333333333
*Cc1cocc1[CH2][Ge]([*])([CH3])[CH3],-27.99999999999997,96.55
*CC(*)c1ccc(C(=O)N2CCOCC2)cc1,127.0,109.153
*C1C(=O)OC(=O)C1C1C2CC(C(=O)OCCOCC)C(C2)C1*,155.0,59.071
*Oc1ccccc1Oc1ccc2c(c1)C(=O)N(c1ccc(Oc3ccc(C(c4ccc(Oc5ccc(N6C(=O)c7ccc(*)cc7C6=O)cc5C(F)(F)F)cc4)(C(F)(F)F)C(F)(F)F)cc3)c(C(F)(F)F)c1)C2=O,191.0,243.35966666666667
*NCCCCCCCNC(*)=O,62.0,60.46238467717981
*C=[CH][Ge]([CH]=C[Si](*)(c1ccccc1)c1ccccc1)([c]1ccccc1)[c]1ccccc1,28.0,31.247
*CCC(=O)NCCCCCCNC(=O)CCC(C)(C)c1ccc(C(*)(C)C)cc1,93.25,73.31048484848486
*C(CC1C(=O)OC(=O)C1*)c1ccccc1,212.0,126.706
*c1ccc(OC(=O)Oc2ccc(C(*)(C)C)cc2Cl)c(Cl)c1,147.0,186.02469264069262
*Nc1ccc(N2C(=O)CC(N3C(=O)c4ccc(C(*)=O)cc4C3=O)C2=O)cc1,120.0,288.80066666666664
*COc1ccc(C(C)(c2ccccc2)c2ccc(OCC(*)OC(C)=O)cc2)cc1,110.0,88.045
*C(=O)Oc1ccc(OC(=O)c2ccc(*)cc2Sc2ccc(C)cc2)cc1,134.0,180.44879365079362
*C(=O)c1ccc(Oc2ccc(C3(c4ccc(Oc5ccc(C(*)=O)cc5)cc4)c4ccccc4-c4ccccc43)cc2)cc1,242.0,125.66132142857137
*CC(*)(C)C(=O)OCc1ccsc1,83.5,58.543
*CCCCCCCCC(=O)NCCCCCCNC(*)=O,39.85000000000002,35.46373192513652
*OCCCCCCOc1ccc(-c2ccc(*)c3ccccc23)c2ccccc12,109.0,4.349220707070707
*c1ccc2oc(-c3ccc(-c4nc5cc(C(*)(C(F)(F)F)C(F)(F)F)ccc5o4)nc3)nc2c1,352.0,292.535
*CCCCC(=O)Oc1ccc(C2(c3ccc(OC(*)=O)cc3)c3ccccc3-c3ccccc32)cc1,166.0,21.121409523809525
*c1ccc(-c2ccc(-c3cnc4cc(-c5ccc6nc(*)cnc6c5)ccc4n3)cc2)cc1,345.5,195.543
*C=Cc1ccc2c(c1)C(CCCCCCOc1ccc3ccc(=O)oc3c1)(CCCCCCOc1ccc3ccc(=O)oc3c1)c1cc(C=Cc3ccc4c(c3)C(CCCCCC)(CCCCCC)c3cc(*)ccc3-4)ccc1-2,115.0,24.018024580974583
*Oc1ccc(C(=C(Cl)Cl)c2ccc(OC(*)=O)cc2)cc1,167.0,140.9905
*C(=O)c1ccc2c(c1)C(=O)N(c1ccc(C(c3ccc(N4C(=O)c5ccc(*)cc5C4=O)cc3)(C(F)(F)F)C(F)(F)F)cc1)C2=O,308.03,293.075
*CC(*)(C)C(=O)OCCCCOc1ccc(OC(=O)c2ccc(OCCCCCCCC)cc2)cc1,10.0,10.377623051948056
*c1ccc2c(c1)C(=O)N(c1ccc(Oc3ccc(C(c4ccc(Oc5ccc(N6C(=O)c7ccc(*)cc7C6=O)cc5C(F)(F)F)cc4)(C(F)(F)F)C(F)(F)F)cc3)c(C(F)(F)F)c1)C2=O,223.0,253.41233333333335
*C=C[Si](*)(c1ccccc1)c1ccccc1,-9.0,30.763
*c1ccc(Oc2ccc(S(=O)(=O)c3ccc(Oc4ccc(C(*)(C)C)cc4C(O)(C(F)(F)F)C(F)(F)F)cc3)cc2)c(C(O)(C(F)(F)F)C(F)(F)F)c1,167.0,201.09805634920633
*C(=O)OCCOC(=O)c1ccc(-c2ccc(*)cc2C)c(C)c1,73.0,88.206
*Oc1ccc(OC(=O)c2ccc(C(*)=O)cc2Oc2ccc(Cl)cc2)cc1,107.0,151.593
*CC(*)c1cc(-c2ccc(C(=O)OC(C)CC)cc2)ccc1-c1ccc(C(=O)OC(C)CC)cc1,212.5,106.944
*CC(*)c1ccc(Cl)cc1,119.925,136.745
*OCCCCCCCCCCOc1ccc(/C=C/c2ccc(OCCCCCCCCCCOP(*)(=O)OCCCCCCCCCCOc3ccc(/N=N/c4ccc(-c5ccccc5)cc4)cc3)cc2)cc1,50.0,11.468354761904761
*NCC(F)(F)C(F)(F)C(F)(F)C(F)(F)CNC(=O)OCCCCOC(*)=O,33.0,-9.695583333333332
*Oc1ccc(C(=O)Nc2ccc(Oc3ccc(-c4ccc(Oc5ccc(NC(=O)c6ccc(Oc7ccc(*)cc7C)cc6)cc5)cc4)cc3)cc2)cc1,220.0,225.95492857142855
*/C(CC)=C(/*)c1ccccc1,200.0,84.486
*Nc1ccc(Oc2ccc(NC(=O)c3cc(C(*)=O)cc(C(F)(F)C(F)(F)C(F)(F)C(F)(F)F)c3)cc2)cc1,257.0,237.94526666666667
*O[Si](C)(C)O[Si](C)(C)O[Si](C)(C)c1ccc([Si](C)(C)O[Si](C)(C)O[Si](*)(C)C)cc1,-79.99999999999997,-2.293
*CCN(*)C(=O)C12CC3CC(CC(C3)C1)C2,123.0,190.11
*c1ccc(NC(=O)OCCN(CCOC(=O)Nc2ccc(*)cc2C)c2ccc(/N=N/c3ccc([N+](=O)[O-])cc3)cc2)c(C)c1,119.5,94.984
*CC(*)(C)C(=O)OCC1CCCO1,105.0,59.96123333333334
*Nc1ccc(-c2nc3cc(NC(=O)c4ccc(OCCOCCOCCOCCOc5ccc(C(*)=O)cc5)cc4)ccc3[nH]2)cc1,140.0,37.33953571428571
*Nc1ccc2c(c1)C(=O)N(c1cccc(P(=O)(c3ccccc3)c3cccc(N4C(=O)c5ccc(NC(=O)OCCOc6ccc(P(=O)(c7ccccc7)c7ccc(OCCOC(*)=O)cc7)cc6)cc5C4=O)c3)c1)C2=O,218.0,151.175
*CCc1ccc(*)cc1C,54.85000000000002,105.546
*c1ccc2c(c1)C(=O)N(c1ccc(-c3ccc(N4C(=O)c5ccc(C(*)(C(F)(F)F)C(F)(F)F)cc5C4=O)c(O)c3)cc1O)C2=O,358.0,285.82
*NCCCCCCCCCCCCCCCCCCNC(=O)NCc1ccc(CNC(*)=O)cc1,52.0,91.36485826118329
*C(=O)c1ccc(Oc2ccc(-c3[nH]c(-c4ccccc4)nc3-c3ccc(Oc4ccc(*)cc4)cc3)cc2)cc1,259.0,186.562925
*Oc1cccc(Oc2ccc3c(c2)C(=O)N(c2ccc(Oc4ccc(S(=O)(=O)c5ccc(Oc6ccc(N7C(=O)c8ccc(*)cc8C7=O)cc6)cc5)cc4)cc2)C3=O)c1,201.0,242.27276190476184
*c1ccc2c(c1)C(=O)N(c1ccc(Oc3cccc(N4C(=O)c5ccc(*)cc5C4=O)c3)cc1)C2=O,259.0,241.98583333333335
*CCCCCCN1C(=O)C(=O)N(*)C1=O,55.0,96.74128174603176
*c1ccc2c(c1)C(=O)N(c1ccc(Oc3ccc(N4C(=O)c5ccc(C(*)O[Si](C)(C)O[Si](C)(C)O[Si](C)(C)C)cc5C4=O)cc3)cc1)C2=O,167.0,244.05516666666668
*OC1CCCCC1*,68.5,50.073
*c1ccc2nc(-c3ccc(C4(c5ccc(-c6cc(-c7ccccc7)c7cc(C8(*)c9ccccc9C(=O)c9ccccc98)ccc7n6)cc5)c5ccccc5-c5ccccc54)cc3)cc(-c3ccccc3)c2c1,405.0,225.056
*c1cc2c(s1)c1sc(-c3sc(-c4ccc(-c5cc(CCCCCC)c(*)s5)c5nsnc45)cc3CCCCCC)cc1n2CC(CC)CCCC,90.0,95.51592857142856
*CC(CCCC)O*,-68.99999999999997,-56.384139682539676
*Oc1ccc2c(c1)C(=O)N(c1ccc(Sc3ccc(Sc4ccc(N5C(=O)c6ccc(*)cc6C5=O)cc4)s3)cc1)C2=O,218.0,236.98083333333335
*CCC(C)(C)C(*)(C)C,87.0,6.232
*c1ccc(Oc2ccc(S(*)(=O)=O)c3ccccc23)cc1,238.0,215.71972619047617
*CC1(*)CCCCC1,100.0,87.1355
*NC(=O)OCCCCCOC(=O)c1ccccc1C(=O)[O][Pb][O]C(=O)c1ccccc1C(=O)OCCCCCOC(=O)Nc1ccc(C)c(*)c1,-11.299999999999956,40.53294285714286
*OCCCCCCOc1ccc(/C=N/c2nc(-c3ccc(Oc4ccc(-c5csc(/N=C/c6ccc(*)cc6)n5)cc4)cc3)cs2)cc1,117.0,24.763521428571426
*O[Si](*)(C)CCCCCCCCCCC(=O)Oc1ccc(OC(=O)c2ccc(OCC(C)CC)cc2)cc1,13.400000000000034,17.649143506493505
*[Si](*)(C)CCC(F)(F)F,-3.0,-67.38242857142858
*C1C=C(CCCCCC)C(*)S1,58.05000000000001,-15.63345207847708
*Oc1ccc(Oc2cccc(Oc3cccc4c3C(=O)N(c3ccc(Oc5ccc(N6C(=O)c7cccc(*)c7C6=O)cc5)cc3)C4=O)c2)cc1,239.0,240.332
*Oc1ccc(Sc2ccc(Oc3cccc4c3C(=O)N(c3ccc(Oc5ccc(N6C(=O)c7cccc(*)c7C6=O)cc5)cc3)C4=O)cc2)cc1,234.0,241.263
*Oc1ccc(Oc2ccc(/C=N/c3ccc(/N=C/c4ccc(*)cc4)cc3)cc2)cc1,117.0,112.31419444444445
*Nc1ccc(-c2nc(-c3ccc(/C=C/c4ccc([N+](=O)[O-])cc4)cc3)[nH]c2-c2ccc(NC3CC(=O)N(c4ccc(Cc5ccc(N6C(=O)CC(*)C6=O)cc5)cc4)C3=O)cc2)cc1,250.0,169.2
*CCCCCCCCCC(=O)NCCc1ccc(CCNC(*)=O)cc1,96.0,52.02665753968254
*COCC(*)(CC)COC(=O)C(=C)C,40.0,26.612
*CC(*)(F)C(=O)OCCC(F)(F)C(F)(F)C(F)(F)C(F)(F)C(F)(F)C(F)(F)C(F)(F)C(F)(F)F,87.5,51.67233333333333
*CC(*)(C)C(=O)OCCCCCCCCCCCn1c2ccccc2c2ccccc21,31.0,105.64064285714286
*c1ccc(C(=O)NCCCCNC(=O)c2ccc(C(*)(C)CC)cc2)cc1,182.0,84.61406212121213
*CC(*)CNc1ccc([N+](=O)[O-])cc1C,151.0,143.1952
*CC(*)C(=O)NCCC[N+](C)(C)CCCS(=O)(=O)O,141.5,44.56713333333334
*Cc1ccc(C(=O)NCCCNC(*)=O)cc1,109.0,67.58674545454545
*CCc1ccc(*)c2ccccc12,160.0,122.45366666666668
*Oc1ccc(C2(c3ccc(Oc4ccc5c6c4cccc6c(=O)n4c6ccc(Oc7ccc8nc9c%10cccc%11c(*)ccc(c(=O)n9c8c7)c%11%10)cc6nc54)cc3)c3ccccc3-c3ccccc32)cc1,396.0,247.921
*C(=O)c1ccc(-c2ccc(C(=O)c3ccc(Oc4ccc(-c5[nH]c(-c6ccccc6)nc5-c5ccc(Oc6ccc(*)cc6)cc5)cc4)cc3)cc2)cc1,258.0,190.4465166666667
*CC(*)(C)C(=O)OCCCC,22.42500000000001,6.422442113442113
*Oc1cc2ccccc2cc1OC(=O)c1ccc(Oc2ccc(C(*)=O)cc2)cc1,148.0,133.3994
*c1cc(C)c(NC(=O)c2ccc(Oc3cc(C(C)(C)C)c(Oc4ccc(C(=O)Nc5c(C)cc(C(*)(C)C)cc5C)cc4)cc3C(C)(C)C)cc2)c(C)c1,295.0,150.7904166666667
*C(=O)C(F)(F)C(F)(F)C(F)(F)C(=O)N(CCCCCCN(*)CC(F)(F)C(F)(F)F)CC(F)(F)C(F)(F)F,174.0,-2.228308103653015
*C=Nc1cc(C)c(N2C(=O)c3ccc4c5ccc6c7c(ccc(c8ccc(c3c48)C2=O)c75)C(=O)N(c2cc(C)c(/N=C/c3ccc(OCc4ccccc4COc4ccc(*)cc4OC)c(OC)c3)cc2C)C6=O)cc1C,143.0,156.572
*Nc1ccc(Oc2ccc(-c3ccc(Oc4ccc(NC(=O)c5ccc(N6C(=O)c7ccc(C(c8ccc9c(c8)C(=O)N(c8ccc(C(*)=O)cc8)C9=O)(C(F)(F)F)C(F)(F)F)cc7C6=O)cc5)cc4)cc3)cc2)cc1,296.0,254.0093333333333
*CC(*)C(=O)OCC(F)(F)C(F)(F)C(F)(F)C(F)F,-34.99999999999997,31.634723809523816
*Cc1cc(C)c(N2C(=O)c3ccc(C(=O)Nc4cc(NC(=O)c5ccc6c(c5)C(=O)N(c5c(C)cc(*)cc5C)C6=O)ccc4/N=N/c4ccc([N+](=O)[O-])cc4)cc3C2=O)c(C)c1,264.0,233.7805
*c1ccc(N2C(=O)c3ccc(-c4ccc5c(c4)C(=O)N(c4ccc(*)cc4C)C5=O)cc3C2=O)c(C)c1,302.0,303.8595
*c1ccc(Oc2ccc3c(c2)C(=O)N(c2ccc(O)c(N4C(=O)c5ccc(Oc6ccc(C(*)(C)C)cc6)cc5C4=O)c2)C3=O)cc1,246.0,232.85172222222218
*Oc1ccc(C2(c3ccc(OC(*)=O)c(Cl)c3)CCCCC2)cc1Cl,179.0,116.106
*Oc1ccc(C2(c3ccc(Oc4ccc5c(c4)C(=O)N(c4ccc(Oc6ccc(N7C(=O)c8ccc(*)cc8C7=O)cc6)cc4)C5=O)cc3)CCCCCCCCCCC2)cc1,230.0,237.89233333333337
*Nc1ccc(N2C(=O)c3ccc(C(=O)Nc4ccc(NC(=O)c5ccc6c(c5)C(=O)N(c5ccc(NC(*)=O)cc5)C6=O)cc4)cc3C2=O)cc1,216.0,300.383
*C=Nc1ccc(C(=O)OCCCCOCCCCOCCCCOC(=O)c2ccc(/N=C/c3cc(OCCC(C)CCCC(C)C)c(*)cc3OCCC(C)CCCC(C)C)cc2)cc1,-4.7999999999999545,31.562066666666663
*COC(=O)c1ccc(C(=O)OCC(*)(C)CC)cc1,63.0,81.699
*Nc1ccc(Oc2ccc(Oc3ccc(NC(=O)c4ccc5c(c4)C(=O)N(c4ccc(Oc6cccc7c(Oc8ccc(N9C(=O)c%10ccc(C(*)=O)cc%10C9=O)cc8)cccc67)cc4)C5=O)cc3)cc2)cc1,285.0,255.33266666666665
*Nc1cccc(C(=O)c2ccc(Oc3ccc(Oc4ccc(C(=O)c5cccc(NC(=O)c6ccc(C(*)=O)cc6)c5)cc4)cc3)cc2)c1,210.0,232.3329404761905
*Nc1ccc(S(=O)(=O)c2ccc(NC(=O)c3ccc(Oc4ccc(C(=O)c5ccc(S(=O)(=O)c6ccc(C(=O)c7ccc(Oc8ccc(C(*)=O)cc8)cc7)cc6)cc5)cc4)cc3)cc2)cc1,260.0,221.64878095238095
*CNC*,-35.77499999999998,15.876638095238091
*c1cccc(P(=O)(c2ccccc2)c2cccc(-n3c(=O)c4c(-c5ccc(C(F)(F)F)cc5)c5c(=O)n(*)c(=O)c5c(-c5ccc(C(F)(F)F)cc5)c4c3=O)c2)c1,334.0,297.2876666666666
*Sc1ccc(Sc2ccc(Sc3ccc4c(c3)C(=O)N(c3ccc(Sc5ccc(Sc6ccc(N7C(=O)c8ccc(*)cc8C7=O)cc6)cc5)cc3)C4=O)cc2)cc1,190.75,242.901
*CCCCC(=O)NCC(=O)NCCCCCCNC(*)=O,53.400000000000034,36.98439512290367
*C(=O)c1ccc2c(c1)C(=O)N(c1ccc(Oc3ccc(N4C(=O)c5ccc(C(=O)c6ccc(Oc7ccc(Oc8ccc(*)cc8)cc7)cc6)cc5C4=O)cc3)cc1)C2=O,220.0,250.061
*Oc1cccc(Sc2ccc(Oc3cccc4c3C(=O)N(c3cccc(N5C(=O)c6cccc(*)c6C5=O)c3)C4=O)cc2)c1,231.0,243.82266666666666
*Oc1ccc(-n2c(=O)c3cc4c(=O)n(-c5ccc(Oc6cc(C(C)(C)C)ccc6*)cc5)c(=O)c4cc3c2=O)cc1,321.0,249.93
*c1cccc(N2C(=O)c3ccc(NC(=O)OCCOc4ccc(P(=O)(c5ccccc5)c5ccc(OCCOC(=O)Nc6ccc7c(c6)C(=O)N(c6cccc(P(*)(C)=O)c6)C7=O)cc5)cc4)cc3C2=O)c1,201.0,152.784
*OCCCCCCCCCOC(=O)c1ccc2cc(C(*)=O)ccc2c1,50.0,20.74352616664381
*Nc1ccc(-c2ccccc2NC(=O)c2cccc(C(*)=O)c2)cc1,248.0,273.8685
*COC(=O)C1(C)CNC(C)(C(=O)OCC(C)(C)CSCC(*)(C)C)CN1,40.0,76.48966666666665
*c1ccc2c(c1)C(=O)N(c1ccc(Oc3cccc(-c4cc(-c5ccccc5)cc(-c5cccc(Oc6ccc(N7C(=O)c8ccc(C(*)(C(F)(F)F)C(F)(F)F)cc8C7=O)cc6)c5)n4)c3)cc1)C2=O,180.0,254.218
*Oc1ccc(-c2ccc(OC(=O)c3ccc4c(c3)C(=O)N(CCCCN3C(=O)c5ccc(C(*)=O)cc5C3=O)C4=O)cc2)cc1,126.0,113.00362698412695
*CCN(*)C(=O)C(OC)(c1ccccc1)C(F)(F)F,89.0,107.887
*CCCCCCCCC(=O)Nc1cccc(NC(*)=O)c1,110.0,69.35273809523808
*Oc1ccc2c(c1)C(=O)N(c1cccc(N3C(=O)c4ccc(*)cc4C3=O)c1)C2=O,270.5,239.53566666666666
*CCc1ccc(OC(=O)CCCCCCC(=O)Oc2ccc(CC(NC(*)=O)C(=O)OCc3ccccc3)cc2)cc1,47.0,50.35792499999999
*OCCCCCOC(=O)c1ccc(-c2ccc(-c3ccc(C(*)=O)cc3)cc2)cc1,40.0,46.883509523809536
*c1ccc2c(c1)C(=O)N(c1c(F)c(F)c(N3C(=O)c4ccc(C(*)(C(F)(F)F)C(F)(F)F)cc4C3=O)c(F)c1F)C2=O,375.5,281.143
*CC(*)c1ccc(C(=O)CCCCC)cc1,66.0,14.665294372294372
*CC(*)(C)C(=O)OCC1COCCOCCOCCO1,35.0,64.27433333333333
*Nc1ccc(C(=O)OCCCCCCCCCCCCOC(=O)c2ccc3c(c2)C(=O)N(c2ccc(C(*)=O)cc2)C3=O)cc1,74.0,150.27099166666667
*Nc1ccc(Oc2ccc(-c3nnc(-c4ccc(Oc5ccc(NC(=O)c6cc(C(*)=O)cc(N7C(=O)c8ccccc8C7=O)c6)cc5)cc4)o3)cc2)cc1,285.0,244.81933333333328
*Oc1ccc(OC(=O)c2ccc(C(*)=O)cc2Oc2ccccc2)cc1,105.0,153.27883333333332
*Oc1ccc(-c2ccc(Oc3ccc4c(c3)C(=O)N(c3ccc(Oc5ccc(Oc6ccc(N7C(=O)c8ccc(*)cc8C7=O)cc6)cc5)cc3)C4=O)cc2)cc1,222.0,229.257
*c1cc(C)c(/N=C/c2ccc(OCc3ccc(COc4ccc(/C=N/c5cc(C)c(N6C(=O)c7ccc8c9ccc%10c%11c(ccc(c%12ccc(c7c8%12)C6=O)c%119)C(=O)N(*)C%10=O)cc5C)cc4)cc3)cc2)cc1C,130.0,184.049
*CCCCCCCCC(=O)OCC#CC(C#CCOC(*)=O)=Cc1ccc(C#Cc2ccc(C=C(C#Cc3ccccc3)C#Cc3ccccc3)cc2)cc1,60.0,3.0771668831168846
*c1ccc(OC(=S)Oc2ccc(C(*)CCC)cc2)cc1,130.0,93.24066666666667
*CC(*)C(=O)OCCCn1c2ccccc2c2ccccc21,83.0,111.9009761904762
*C(=O)c1ccc2c(c1)C(=O)N(c1cc(N3C(=O)c4ccc(*)cc4C3=O)ccc1OCC(F)(F)C(F)(F)C(F)(F)F)C2=O,262.0,169.175
*O[Si](*)(C)CCCCCCCCCCC(=O)Oc1ccc(C(=O)Oc2ccc(OC(=O)c3ccc(OCC(C)CC)cc3)cc2)cc1,28.5,17.649143506493505
*Oc1ccc(-c2ccc(Oc3ccc(S(=O)(=O)c4ccc(*)cc4N)c(N)c3)cc2)cc1,242.20000000000005,203.4113404761905
*Sc1ccc(Sc2ccc(Sc3ccc4c(c3)C(=O)N(N3C(=O)c5ccc(*)cc5C3=O)C4=O)cc2)cc1,223.5,243.695
*OC(=O)c1ccc(OCCOc2ccc(C(*)=O)cc2)cc1,45.0,46.611
*CCCOC(*)=O,1.5,-28.09331794871795
*CC(*)OC(=O)c1ccc(CC)cc1,57.0,77.007
*c1ccc(OCC(COc2ccc(C(*)(C)C)cc2)OC(=O)c2ccccc2)cc1,65.0,84.88820000000001
*CC(*)C(=O)OCCCSCC,-75.99999999999997,-35.687705701243196
*OC(=O)c1ccc(C(=O)[O][Sn]([*])([CH2]CCC)[CH2]CCC)cc1,315.0,36.13739999999999
*CC(*)(C)C(=O)OCc1ccco1,111.0,70.574
*c1ccc(OC(=O)c2ccc(C(=O)Oc3ccc(C(*)(CC)c4ccccc4)cc3)cc2)cc1,243.0,114.7508
*C=Cc1ccc(*)cc1OCc1cc(OCc2cc(OCCC(C)CCCC(C)C)cc(OCCC(C)CCCC(C)C)c2)cc(OCc2cc(OCC(CC)CCCC)cc(OCC(CC)CCCC)c2)c1,223.0,33.821948412698404
*Oc1cccc(Oc2cccc3c2C(=O)N(c2cccc(N4C(=O)c5cccc(*)c5C4=O)c2)C3=O)c1,241.0,241.85033333333334
*c1ccc(Nc2ccc(C(=O)c3ccc(C(=O)c4ccc(Nc5ccc(C(C)(C)c6cccc(C(*)(C)C)c6)cc5)cc4)cc3)cc2)cc1,177.0,209.4250119047619
*Oc1cccc2c(Oc3ccc4c(c3)C(=O)N(c3ccc(Oc5ccc(S(=O)(=O)c6ccc(Oc7ccc(N8C(=O)c9ccc(*)cc9C8=O)cc7)cc6)cc5)cc3)C4=O)cccc12,201.0,245.21942857142852
*CNC(=O)c1cccc(C(=O)NCC2CC(*)CC(C(C)(C)C)C2)c1,209.0,100.927
*Oc1cccc2c1C(=O)N(c1ccc(Oc3ccc(N4C(=O)c5cccc(*)c5C4=O)cc3)cc1)C2=O,293.75,239.74059523809527
*C=CC1CC(*)CC1(C#N)[Si](C)(C)O[Si](C)(C)C,88.0,-13.0526
*c1ccc(Oc2ccc(-c3ccc(N4C(=O)c5ccc(C(=O)c6ccc7c(c6)C(=O)N(c6ccc(-c8ccc(Oc9ccc%10c(c9)C(*)(C)CC%10(C)C)c(C(F)(F)F)c8)cc6)C7=O)cc5C4=O)cc3)cc2C(F)(F)F)cc1,252.0,255.91033333333334
*c1ccc2c(c1)C(=O)N(c1ccc(Oc3ccc(N4C(=O)c5ccc(C(*)O[Si](C)(C)C)cc5C4=O)cc3)cc1)C2=O,210.0,243.85816666666668
*C=Nc1cc(C)c(N2C(=O)c3ccc4c5ccc6c7c(ccc(c8ccc(c3c48)C2=O)c75)C(=O)N(c2cc(C)c(/N=C/c3ccc(OCc4ccc(COc5ccc(*)cc5OC)cc4)c(OC)c3)cc2C)C6=O)cc1C,145.0,177.337
*C(=O)c1ccc(Oc2cccc(C(=O)c3ccc(Oc4ccc(*)cc4)cc3)c2)cc1,146.0,188.39416940836952
*C(=O)c1ccc2c(c1)C(=O)N(c1ccc(S(=O)(=O)c3ccc(N4C(=O)c5ccc(*)cc5C4=O)cc3)cc1)C2=O,307.0,280.382
*CNC(=O)CCOCCC(=O)NCc1c(C)c(C)c(*)c(C)c1C,191.0,19.972946428571426
*Cc1cc2cc(C(=O)Nc3cccc(NC(=O)c4cc5cc(*)c(OC(=O)COc6ccc7ccc(=O)oc7c6)cc5oc4=O)c3)c(=O)oc2cc1OC(=O)COc1ccc2ccc(=O)oc2c1,240.0,96.8412
*CCCCCC(*)CC,-72.99999999999997,-71.8760403929404
*CCC1C(=O)N(CCCCCCCCCCCCCCCC)C(=O)C1*,65.60000000000002,93.82156349206352
*CCCCCCCC(=O)Oc1ccccc1C(=O)OC(=O)c1ccccc1OC(*)=O,25.0,24.0786238095238
*Nc1ccc(-c2ccc(N3C(=O)c4ccc(Oc5ccc6c(c5)C(=O)N(c5ccc(-c7ccc(NC(=O)c8cccc(C(*)=O)c8)cc7)cc5)C6=O)cc4C3=O)cc2)cc1,233.0,243.6268333333333
*c1ccc(C(c2ccc(-n3c(=O)c4cc5c(=O)n(*)c(=O)c5cc4c3=O)cc2)(C(F)(F)F)C(F)(F)F)cc1,362.5,299.97166666666664
*C(=O)c1ccc(Oc2ccc(N3C(=O)c4ccc(C(=O)c5ccc6c(c5)C(=O)N(c5ccc(Oc7ccc(*)cc7)cc5)C6=O)cc4C3=O)cc2)cc1,252.0,249.416
*c1ccc(Cn2c(=O)c3cc4c(=O)n(Cc5ccc(C(*)(C)C)o5)c(=O)c4cc3c2=O)o1,138.0,150.11
*Oc1ccc(-c2ccc(Oc3cccc4c3C(=O)N(c3ccc(Oc5cccc(Oc6ccc(N7C(=O)c8cccc(*)c8C7=O)cc6)c5)cc3)C4=O)cc2)cc1,224.0,241.6963333333333
*C(=O)OCCCCCCn1c(=O)c2cc3c(=O)n(CCCCCCOC(=O)c4cc(*)cc(OCCCCCCOc5ccc(/N=N/c6ccc(C#N)cc6)cc5)c4)c(=O)c3cc2c1=O,46.0,103.59342857142856
*c1ccc(-c2nc3ccc(-c4ccc5nc(*)c(-c6ccccc6)c(-c6ccccc6)c5c4)cc3c(-c3ccccc3)c2-c2ccccc2)cc1,400.0,197.3983333333333
*c1ccc(-c2ccc(-c3sc(-c4ccc([Si](C)(C)[Si](C)(C)[Si](C)(C)[Si](C)(C)c5ccc(-c6cc(CCCCCCCC)c(*)s6)s5)s4)cc3CCCCCCCC)s2)s1,6.0,9.597949084249084
*CC(*)C(=O)c1ccc(Cl)cc1,63.0,114.464
*CC(*)(C)C(=O)OCCCOc1ccc(C(=O)Oc2ccc3ccc(=O)oc3c2)cc1,68.0,39.397
*Sc1ccc2c(c1)C(=O)N(c1ccc(Oc3ccc4ccccc4c3-c3c(Oc4ccc(N5C(=O)c6ccc(*)cc6C5=O)cc4C(F)(F)F)ccc4ccccc34)c(C(F)(F)F)c1)C2=O,273.0,255.5495
*CC(*)C(=O)OCC(F)(F)C(F)(F)OC(F)(F)C(F)(F)C(F)(F)F,-67.99999999999997,26.140745238095242
*c1ccc2c(c1)C(=O)N(c1ccc(-c3ccc(N4C(=O)c5ccc(C(*)(C(F)(F)F)C(F)(F)F)cc5C4=O)cc3I)c(I)c1)C2=O,319.0,276.833
*c1nc(C)nc(N(CCCCCCCCCCN(*)c2ccccc2)c2ccccc2)n1,48.0,-17.893978571428576
*CCCCCCC(=O)Nc1cccc(S(=O)(=O)c2cccc(NC(*)=O)c2)c1,125.0,69.81482142857142
*CCCCCCCCCCCCCCCCCCCCC(*)COCCOCCOCCOCCOCc1ccc2ccc3cccc4ccc1c2c34,-20.99999999999997,-3.5489341269841272
*c1ccc2c(c1)C(=O)N(c1cccc3c(N4C(=O)c5ccc(C(*)(C(F)(F)F)C(F)(F)F)cc5C4=O)cccc13)C2=O,390.0,284.004
*C(=O)OCCN(CCOC(=O)c1cc(*)cc(OCCN(C)c2ccc(S(=O)(=O)C(F)(F)C(F)(F)C(F)(F)C(F)(F)C(F)(F)C(F)(F)C(F)(F)C(F)(F)F)cc2)c1)c1ccc(S(=O)(=O)C(F)(F)C(F)(F)C(F)(F)C(F)(F)C(F)(F)C(F)(F)C(F)(F)C(F)(F)F)cc1,83.0,116.895
*CCCCCCCCCCCCC(=O)NCCc1ccc(CCNC(*)=O)cc1,93.0,52.02665753968254
*CC(*)c1cc(C(C)(C)C)ccc1C,87.0,132.143
*N=Nc1ccc(Oc2ccc(/N=N/P(=O)(OCC)OCCOP(*)(=O)OCC)cc2)cc1,22.0,6.929
*C(=O)c1ccc2c(c1)C(=O)N(c1ccc(Oc3cc4ccccc4cc3Oc3ccc(N4C(=O)c5ccc(*)cc5C4=O)cc3)cc1)C2=O,246.0,255.66733333333335
*c1ccc(OC(Oc2ccccc2)(Oc2ccccc2)Oc2ccc(*)cc2C)c(C)c1,125.0,122.15100000000001
*Oc1cccc(OC(=O)c2ccc(Oc3ccc(C(*)=O)cc3)cc2)c1,159.0,132.3584666666667
*c1ccc(CCCCCCCCCCc2ccc(-c3c(-c4ccccc4)cc(-c4cccc(-c5cc(-c6ccccc6)c(*)c(-c6ccccc6)c5-c5ccccc5)c4)c(-c4ccccc4)c3-c3ccccc3)cc2)cc1,180.0,-13.68003896103896
*C(=O)c1cccc(C(=O)c2ccc(Oc3ccc(N4C(=O)c5ccc(Oc6ccc7c(c6)C(=O)N(c6ccc(Oc8ccc(*)cc8)cc6)C7=O)cc5C4=O)cc3)cc2)n1,208.6,232.59942857142852
*CCCC1(C)CCN(C(=O)CCCC(=O)N2CCC(*)(C)CC2)CC1,58.0,92.004
*Nc1ccc(C(=O)OCCCCCCCCCOC(=O)c2ccc3c(c2)C(=O)N(c2ccc(C(*)=O)cc2)C3=O)cc1,100.0,150.27099166666667
*Oc1ccc(C(=O)c2ccc(-c3ccc(C(=O)c4ccc(Oc5ccc(*)cc5-c5ccc(S(=O)(=O)O)c(C)c5)cc4)cc3)cc2)cc1,182.0,226.42460714285713
*c1ccc(OCOc2ccc(-c3oc(-c4ccc([N+](=O)[O-])cc4)nc3*)cc2)cc1,194.0,101.3528
*CC(*)C(=O)OCCC(C)OC,-55.99999999999997,-20.951
*c1ccc(OCCCCCCOc2ccc(-c3ccc(OCC)cc3)cc2)c(N2C(=O)c3ccc(C(c4ccc5c(c4)C(=O)N(*)C5=O)(C(F)(F)F)C(F)(F)F)cc3C2=O)c1,150.3,196.7325
*Nc1ccc(S(=O)(=O)c2ccc(NC(=O)c3ccc4c(c3)C(=O)N(c3cccc(N5C(=O)c6ccc(C(*)=O)cc6C5=O)c3)C4=O)cc2)cc1,342.0,296.759
*NC(=O)OCCN(CCOC(=O)NCC1(C)CC(*)CC(C)(C)C1)c1ccc(/N=N/c2ccc([N+](=O)[O-])cc2)cc1,137.0,48.402
*Sc1ccc(Sc2ccc(Sc3ccc(Oc4ccc(*)cc4)cc3)cc2)cc1,84.0,110.6690166666667
*CCCCCCCCCCCCCCCCC(=O)NCCCCCCNC(*)=O,47.0,35.46373192513652
*C(=O)N1CCN(C(=O)c2cccc(*)c2)CC1,214.5,142.919
*NCc1cccc(CNC(=O)c2ccccc2-c2ccccc2C(*)=O)c1,159.0,138.511125
*C(C)C(*)C(=O)OCCCC,90.0,-24.286859140859143
*Oc1cccc(Oc2cccc3c2C(=O)N(c2ccc(Oc4ccc(N5C(=O)c6cccc(*)c6C5=O)cc4)cc2)C3=O)c1,226.0,241.91421428571428
*c1ccc(OCC(O)COC(=O)CCCCC(=O)OCC(O)COc2ccc(C(*)(C)C)cc2)cc1,34.0,40.79870476190475
*C1C(*)C2CC1C(C(=O)OCCCc1ccccc1)C2C(=O)OCCCc1ccccc1,200.0,-8.783344444444445
*=Cc1cc(OC)c(/C=C(\c2ccc(OC)cc2)c2ccc(C(=*)c3ccc(OC)cc3)cc2)cc1OC,170.0,82.6689238095238
*C(=O)c1ccccc1-c1ccccc1C(=O)c1ccc(Oc2ccc(C(c3ccc(Oc4ccc(*)cc4)cc3)(C(F)(F)F)C(F)(F)F)cc2)cc1,178.5,181.39496010101018
*CC(*)(C)C(=O)OCCCCCCOc1ccc(C(=O)Oc2ccc(/N=N/c3ccc(Cl)cc3)c3ccccc23)cc1,50.0,14.961843506493505
*c1ccc(Oc2ccc(NC(=O)c3ccc(N4C(=O)c5ccc(C(=O)Nc6ccc(Oc7ccc(C(*)(C)C)cc7)cc6)cc5C4=O)cc3)cc2)cc1,216.0,276.8266666666667
*CC(*)c1ccccc1C(=O)OCCCCCC,45.0,-22.072382539682536
*CC(*)C(=O)NCCCCCCCC,-53.14999999999998,28.964503896103903
*COC(=O)OC1COC2C(OC(=O)OCC(OC)C(*)OC)COC12,61.0,48.86716666666667
*CN1C(=O)c2ccc(C(=O)c3ccc4c(c3)C(=O)N(CC(=O)Nc3ccc(Oc5ccc(NC(*)=O)cc5)cc3)C4=O)cc2C1=O,235.0,154.642
*C1CCC(CC2CCC(N3C(=O)C4C5C=CC(C6C(=O)N(*)C(=O)C56)C4C3=O)CC2)CC1,239.0,160.288
*C(=O)c1ccc(Oc2ccc(C3(c4ccc(Oc5ccc(*)cc5)cc4)c4ccccc4-c4ccccc43)cc2)s1,195.0,192.97833333333332
*Nc1ccc(NC(=O)c2cccc(N3C(=O)c4ccc(C(c5ccc6c(c5)C(=O)N(c5cccc(C(=O)Nc7ccc(C(*)=O)cc7)c5)C6=O)(C(F)(F)F)C(F)(F)F)cc4C3=O)c2)cc1,328.0,297.581
*c1ccc2c(c1)C(CCCCCCCC)(CCCCCCCC)c1cc(-c3ccc(-c4ccc(-c5ccc(*)s5)c5cc(-c6ccccc6)c(-c6ccccc6)nc45)s3)ccc1-2,142.0,-0.6964801587301588
*CC(*)(C)C(=O)OCc1ccccc1Cl,54.10000000000002,70.552
*CN1C(=O)c2ccc(C(=O)Nc3ccc(Cc4ccc(NC(*)=O)cc4)cc3)cc2C1=O,266.0,242.365
*Nc1ccc(Cc2ccc(NC(=O)Nc3cc(NC(*)=O)cc(C(=O)Nc4ccc5c(c4)C(=O)c4ccccc4C5=O)c3)cc2)cc1,168.0,226.762
*c1ccc(Oc2ccc(-c3cnc4cc5ncc(*)nc5cc4n3)cc2)cc1,353.0,190.52368095238094
*CC(=O)NCCCCCCNC(=O)CC(C)(C)c1ccc(C(*)(C)C)cc1,91.0,72.93940151515152
*CCC/N=C1C=C/C(=N\CCC[Si](C)(C)O[Si](*)(C)C)c2c(O)ccc(O)c2/1,32.900000000000034,-12.456448809523808
*C(=O)C(F)(F)C(F)(F)C(F)(F)C(=O)N(CCCCCCN(*)CC(F)(F)C(F)(F)C(F)(F)C(F)(F)C(F)(F)C(F)(F)C(F)(F)F)CC(F)(F)C(F)(F)C(F)(F)C(F)(F)C(F)(F)C(F)(F)C(F)(F)F,187.5,-3.220308103653014
*OCCCCCCCCCCCCOC(=O)OCCCCCCOc1ccc(Oc2ccc(OCCCCCCOC(*)=O)cc2)cc1,-21.99999999999997,25.250599267399274
*CN1C(=O)c2ccc(C(c3ccc4c(c3)C(=O)N(Cc3nc5ccc(Cc6ccc7nc(*)oc(=O)c7c6)cc5c(=O)o3)C4=O)(C(F)(F)F)C(F)(F)F)cc2C1=O,218.0,181.34
*CC(*)c1ccccc1COCC,74.0,16.774
*c1ccc(N2C(=O)c3ccc(-c4ccc5c(c4)C(=O)N(c4ccc(Oc6c(C(C)(C)C)cc(*)cc6C(C)(C)C)cc4)C5=O)cc3C2=O)cc1,381.5,259.1698333333333
*=CCCC(=*)CCC,-77.64999999999998,-55.353
*C(=O)c1ccc2c(c1)C(=O)N(c1cc(N3C(=O)c4ccc(Cc5cccc(*)c5)cc4C3=O)cc(C(F)(F)F)c1)C2=O,253.0,234.9006666666667
*Sc1ccc2c(c1)Sc1ccc(*)cc1S2,209.90000000000003,143.43366666666665
*CC(*)(CC(=O)OCCOCCOCCOC)C(=O)OCCOCCOCCOC,-18.99999999999997,-28.639190476190475
*CCCCC(=O)Oc1c(-c2ccccc2)cc(Cc2cc(-c3ccccc3)c(OC(*)=O)c(-c3ccccc3)c2)cc1-c1ccccc1,115.0,17.933742857142853
*c1ccc(-n2c(=O)c3cc4c(=O)n(*)c(=O)c4cc3c2=O)cc1,417.0,311.868
*Nc1ccc(Cc2ccc(NC(=O)Oc3ccc(C(c4ccc(OC(*)=O)cc4)(C(F)(F)F)C(F)(F)F)cc3)cc2)cc1,81.0,89.703
*c1ccc(-c2sc(-c3cc(CCCCCCCCCCCC)c(*)s3)cc2CCCCCCCCCCCC)cc1,59.60000000000002,28.72023596681097
*Cc1cc(C)c(Oc2ccc(-n3c(=O)c4cc5c(=O)n(-c6ccc(Oc7c(C)cc(*)cc7C)cc6)c(=O)c5cc4c3=O)cc2)c(C)c1,299.5,151.383
*N=P(*)(OCCOCCOCCOCCOCCOC)OCCOCCOCCOCCOCCOC,-78.99999999999997,-73.21077539682534
*C=Cc1cccc(/C=C/[Si](C)(C)c2ccc([Si](*)(C)C)cc2)c1,38.10000000000002,-15.156
*c1ccc(Oc2ccc(C(=O)Oc3ccc(C4(c5ccc(OC(=O)c6ccc(Oc7ccc(C8(*)CCC(C(C)(C)C)CC8)cc7)cc6)cc5)CCCCCCCCCCC4)cc3)cc2)cc1,181.0,205.00951785714287
*O[SiH](CCC(F)(F)F)O[Si](C)(C)c1ccc([Si](*)(C)C)cc1,-36.99999999999997,22.596
*c1ccc(Oc2ccc(C(c3ccc(Oc4ccc(S(*)(=O)=O)c(C(O)(C(F)(F)F)C(F)(F)F)c4)cc3)(C(F)(F)F)C(F)(F)F)cc2)cc1C(O)(C(F)(F)F)C(F)(F)F,148.0,216.08187857142858
*C=CC1CC(*)C(C(=O)OC(C)(C)C)C1C(=O)OC(C)(C)C,83.40000000000003,67.05591666666666
*Nc1ccc2[nH]c(-c3cccc(NC(=O)c4ccc(OCCOCCOCCOc5ccc(C(*)=O)cc5)cc4)c3)nc2c1,180.0,36.73253571428571
*Oc1ccc(OCCCCCCCCCCCCOc2ccc(OC(=O)c3ccc4c(c3)C(=O)N(c3ccc(S(=O)(=O)c5ccc(N6C(=O)c7ccc(C(*)=O)cc7C6=O)cc5)cc3)C4=O)cc2)cc1,140.0,145.43433333333334
*Oc1ccc(Sc2ccc(Oc3ccc4c(c3)C(=O)N(c3ccc(-c5ccc(N6C(=O)c7ccc(*)cc7C6=O)cc5)cc3)C4=O)cc2)cc1,257.0,229.30566666666667
*CC(*)(C)C(=O)OCc1cccc(Cl)c1Cl,42.60000000000002,74.022
*CC(*)C(=O)OCCCCCCCCn1c2ccccc2c2ccccc21,12.0,91.50394285714287
*OC(=O)c1ccc(OCCCCCCOc2ccc(C(*)=O)cc2)cc1,47.0,16.51801625596627
*CC=CCC[Si](*)(C)c1ccccc1,-14.899999999999975,6.951
*Cc1cc(C)c(Oc2ccc3c(c2)C(=O)N(c2ccc(Oc4ccc(N5C(=O)c6ccc(Oc7c(C)cc(*)cc7C)cc6C5=O)cc4)cc2)C3=O)c(C)c1,266.0,181.568
*COC(=O)OCC(*)(C)C(=O)OCc1ccccc1,-2.0,71.352
*C(=O)c1ccc2c(c1)C(=O)N(c1cccc(C(=O)c3cccc(N4C(=O)c5ccc(*)cc5C4=O)c3)c1)C2=O,230.925,286.104
*c1ccc(Sc2ccc(Sc3ccc(Sc4ccc(P(*)(=O)c5ccccc5)cc4)cc3)cc2)cc1,175.0,180.50633333333332
*OCCCCCCOc1ccc(C(=O)c2ccc(OCCCCCCOC(=O)OCCOC(*)=O)cc2)cc1,15.0,25.902004395604397
*COC(=O)OCC(OC(=O)C(CC(C)C)NC(=O)OCc1ccccc1)C(*)OC(=O)C(CC(C)C)NC(=O)OCc1ccccc1,50.900000000000034,22.069748015873017
*C(=O)c1ccc(Oc2ccc(C(C)(C)c3ccc(Oc4ccc(C(=O)c5c(C)ccc6c(*)c(C)ccc56)cc4)cc3)cc2)cc1,222.0,141.02627857142858
*Nc1ccc(Oc2ccc(Oc3ccc(NC(=O)c4cccc(N5C(=O)c6ccc(C(c7ccc8c(c7)C(=O)N(c7cccc(C(*)=O)c7)C8=O)(C(F)(F)F)C(F)(F)F)cc6C5=O)c4)cc3)cc2)cc1,283.0,249.04066666666665
*CC(*)c1ccc(C([Si](C)(C)C)[Si](C)(C)C)cc1,156.0,108.442
*Oc1ccc(Oc2ccc3c(c2)C(=O)N(c2ccc(Cc4ccc(N5C(=O)c6ccc(*)cc6C5=O)cc4)cc2)C3=O)cc1,259.0,199.158
*Oc1ccc(OC(=O)c2ccc(-c3ccc(C(*)=O)cc3)cc2-c2ccccc2)cc1,140.0,178.83066666666667
*O[Si](C)(C)c1c(F)c(F)c(F)c([Si](*)(C)C)c1F,-28.49999999999997,-13.941
*NC(=O)OCCN(CCOC(=O)Nc1ccc(C)c(*)c1)c1ccc(/N=N/c2ccc(-c3nc4ccccc4o3)cc2)cc1,152.0,106.932
*C=Cc1ccc(OCCCCCCCCOc2ccc(/C=C/c3cc(OCCCCCCCC)c(*)cc3OCCCCCCCC)cc2)cc1,130.0,26.037190476190467
*CC(*)c1ccc(/C(C)=N/O)cc1,134.0,126.959
*C(=O)Nc1ccc(Oc2ccc(NC(=O)c3cc(*)cc(NC(=O)c4ccc(OC(C)=O)cc4)c3)cc2)cc1,273.0,143.97294047619047
*C(=O)c1ccc2c(c1)C(=O)N(c1ccc(-c3c(-c4ccc(-c5ccccc5)cc4)cc(-c4ccc(OCCCCCCOc5ccc(-c6cc(-c7ccc(-c8ccccc8)cc7)c(-c7ccc(N8C(=O)c9ccc(*)cc9C8=O)cc7)c(-c7ccc(-c8ccccc8)cc7)c6)cc5)cc4)cc3-c3ccc(-c4ccccc4)cc3)cc1)C2=O,111.5,145.93433333333334
*NC(CCC(=O)OCCC)C(*)=O,-10.0,-13.806
*c1ccc2c(c1)C(=O)N(c1ccc(Oc3ccc(S(=O)(=O)c4ccc(Oc5ccc(N6C(=O)c7ccc(S(*)(=O)=O)cc7C6=O)cc5)cc4)cc3)cc1)C2=O,274.0,263.51333333333326
*Oc1ccc(C(c2ccc(OC(*)=O)cc2)C2CC3CC2C2C4CCC(C4)C32)cc1,253.0,140.172
*CC(*)CNc1ccc([N+](=O)[O-])c(C(F)(F)F)c1,153.0,145.6352
*CC(*)(C)C(=O)NC(=O)OCCOc1c(Br)cc(S(=O)(=O)c2cc(Br)c(OCCO)c(Br)c2)cc1Br,110.0,95.466
*CC(COC(=O)CCCCCN1C(=O)C2C3C=CC(C3)C2C1=O)O*,1.0,94.96758333333332
*c1ccc(Oc2ccc(C(c3ccc(Oc4ccc(-c5ccc(*)s5)cc4C(F)(F)F)cc3)(C(F)(F)F)C(F)(F)F)cc2)c(C(F)(F)F)c1,155.0,144.339
*O[Si](C)(C)O[Si](C)(O[Si](*)(C)C)c1c(F)c(F)c(F)c(F)c1F,-82.99999999999997,-2.706
*c1ccc(OCC(O)COc2cccc(C(=O)Nc3cccc(OCC(O)COc4ccc(C(*)(C)C)cc4)c3)c2)cc1,117.0,103.654
*c1ccc2c(c1)C(=O)N(c1ccc(Oc3cccc(N4C(=O)c5ccc(-c6c(-c7ccccc7)c(-c7ccccc7)c(-c7ccc(Oc8ccc(-c9c(-c%10ccccc%10)c(-c%10ccccc%10)c(*)c(-c%10ccccc%10)c9-c9ccccc9)cc8)cc7)c(-c7ccccc7)c6-c6ccccc6)cc5C4=O)c3)cc1)C2=O,309.0,248.08416666666665
*CC(*)(CF)C(=O)OCC,43.0,45.51
*CC=CC[Si](*)(C=C)C=C,-64.99999999999997,-88.563
*c1ccc(NC(=O)c2cc(C(=O)Nc3ccc(C(*)(C)C)cc3)cc(N3C(=O)C=CC3=O)c2)cc1,303.0,285.8204666666667
*COC(=O)OCC1OC(OCC)OC1*,23.5,13.38
*OC1=C(O[Si](C)(C)O[Si](C)(C)O[Si](C)(C)O[Si](C)(C)O[Si](*)(C)C)c2cccc3cccc1c23,-53.99999999999997,23.219
*c1ccc2c(c1)C(=O)N(Cc1nnc(-c3ccc(-c4nnc(CN5C(=O)c6ccc(C(*)(C(F)(F)F)C(F)(F)F)cc6C5=O)o4)c(Oc4ccccc4)c3)o1)C2=O,208.0,151.953
*CC(*)(C)C(=O)OCCOCCOCC1COCCOCCOCCO1,10.0,33.430041666666675
*c1cc(OCCCCCCCC)cc(N2C(=O)c3ccc(C(c4ccc5c(c4)C(=O)N(*)C5=O)(C(F)(F)F)C(F)(F)F)cc3C2=O)c1,195.0,193.15
*Cc1cc(C)c(N2C(=O)c3ccc(C(c4ccc5c(c4)C(=O)N(c4c(C)cc(*)cc4C)C5=O)(C(F)(F)F)C(F)(F)F)cc3C2=O)c(C)c1,307.5,237.459
*OCCCOC(*)=O,-17.69999999999999,-21.550666666666668
*C(=O)c1cccc(C(=O)c2ccc(Oc3ccc(N4C(=O)c5ccc(C(c6ccc7c(c6)C(=O)N(c6ccc(Oc8ccc(*)cc8)cc6)C7=O)(C(F)(F)F)C(F)(F)F)cc5C4=O)cc3)cc2)n1,226.90000000000003,251.021
*Nc1cccc(Oc2ccc(NC(=O)c3cc(C(*)=O)cc(C(F)(F)C(F)(F)C(F)(F)C(F)(F)F)c3)cc2)c1,230.0,237.06826666666666
*OC1CCC(OC(=O)c2ccc(C(*)=O)cc2)CC1,94.3,96.983
*Oc1ccc(C(c2ccc(OC(=O)c3ccc(OCCCCCCCCCCOc4ccc(C(*)=O)cc4)cc3)cc2)(C(F)(F)F)C(F)(F)F)cc1,89.0,17.56987928737929
*c1ccc(OCC(O)CN(CC(O)COc2ccc(C(*)(C)C)cc2)c2ccc(C#N)cc2)cc1,100.0,98.80026666666667
*CC(*)c1ccc(COCCOCCCCCCCC)cc1,-41.99999999999997,-22.02604088411588
*C1C2CC(C(=O)OCCc3ccc(N(c4ccccc4)c4ccccc4)cc3)C(C2)C1*,307.0,54.604
*CC(*)(C)c1nc(N(CCOCCOCCOC)CCOCCOCCOC)nc(N(CCOCCOCCOC)c2ccccc2)n1,-74.99999999999997,8.971
*C(=O)c1ccc2c(c1)C(=O)N(c1ccc(-c3c(-c4ccc(-c5ccccc5)cc4)cc(-c4ccc(OCCCCCCCCCCOc5ccc(-c6cc(-c7ccc(-c8ccccc8)cc7)c(-c7ccc(N8C(=O)c9ccc(*)cc9C8=O)cc7)c(-c7ccc(-c8ccccc8)cc7)c6)cc5)cc4)cc3-c3ccc(-c4ccccc4)cc3)cc1)C2=O,103.5,145.93433333333334
*C=Cc1ccc(/C=C/c2ccc(/C=C/c3cc(OC)c(OCCCCCCCCOc4c(OC)cc(*)cc4OC)c(OC)c3)cc2)cc1,78.70000000000005,18.45422070707071
*C(=O)Nc1ccc(C(c2ccc(NC(=O)c3cc(*)cc(NC(=O)CCCN4C(=O)c5ccccc5C4=O)c3)cc2)(C(F)(F)F)C(F)(F)F)cc1,240.0,159.2857222222222
*OC1CC2CC(OC(=O)c3cccc(C(*)=O)c3)CC(C1)O2,113.0,98.026
*C(=O)Nc1ccc(Oc2cccc(NC(=O)c3cc(*)cc(NC(=O)c4ccc(OC(C)=O)cc4)c3)c2)cc1,251.0,146.80578809523806
*N=P(*)(C)CCCCCC,-68.99999999999997,-59.57249315684314
*CC(*)C(=O)OCCC(F)(F)C(F)(F)C(F)(F)C(F)(F)C(F)(F)C(F)(F)F,-12.0,-5.367555555555556
*Oc1ccc(OC(=O)c2ccc3c(c2)C(=O)N(c2ccc(Oc4ccc(N5C(=O)c6ccc(C(*)=O)cc6C5=O)cc4)cc2)C3=O)c(-c2ccccc2)c1,212.0,237.54966666666664
*c1ccc(OC(=O)c2ccccc2-c2ccccc2C(=O)Oc2ccc(C(*)(C)C)cc2)cc1,161.0,199.70491746031743
*=Cc1ccc(OCCCCCCCCOc2ccc(/C=C3\CCCC(=*)C3=O)cc2)cc1,90.0,7.777804978354982
*c1ccc(OC(=O)Oc2ccc(C3(*)CCCCC3)cc2C)c(C)c1,137.5,168.36685714285713
*Nc1ccc(Cc2ccc(NC(=O)OCCOc3ccc(C4(c5ccc(OCCOC(*)=O)cc5)c5ccccc5-c5ccccc54)cc3)cc2)cc1,152.0,101.3475
*O[Si](*)(C)CCCCCCCCCCC(=O)Oc1ccc(-c2ccc(OC(=O)c3ccc(OCC(C)CC)cc3)cc2)cc1,29.200000000000045,43.69695064935065
*c1cc(C)c(Oc2ccc(S(=O)(=O)c3ccc(Oc4c(C)cc(*)cc4C)cc3)cc2)c(C)c1,280.20000000000005,183.21348293650794
*Cc1ccc(OC(=O)CCCCCCCCC(=O)Oc2ccc(CCC(=O)NC(*)C(=O)OCCOCCOCC)cc2)cc1,2.0,43.87703571428572
*OCc1ccc(COC(=O)c2cccc(C(*)=O)c2)cc1,143.0,65.74
*c1cc(C)c(Oc2ccc(C(=O)c3ccccc3-c3ccccc3C(=O)c3ccc(Oc4c(C)cc(*)cc4C)cc3)cc2)c(C)c1,233.0,112.94051547619047
*c1ccc(-c2ccc(-n3c(=O)c4c(C(F)(F)F)c5c(=O)n(*)c(=O)c5c(C(F)(F)F)c4c3=O)cc2C)c(C)c1,385.0,304.122
*C(=O)Oc1ccc(C2(c3ccc(OC(=O)c4cc(*)cc(C(C)(C)C)c4)cc3)OC(=O)c3ccccc32)cc1,279.0,198.887
*Oc1ccc(-c2ccc(OC(=O)c3ccc4c(c3)C(=O)N(CCCCCN3C(=O)c5ccc(C(*)=O)cc5C3=O)C4=O)cc2)cc1,147.0,85.94157142857142
*c1ccc2c(c1)C(CCCCCCCC)(CCCCCCCC)c1cc(-c3ccc4c(c3)C(c3ccc(-c5nnc(-c6ccc(C(C)(C)C)cc6)o5)cc3)(c3ccc(-c5nnc(-c6ccc(C(C)(C)C)cc6)o5)cc3)c3cc(*)ccc3-4)ccc1-2,213.0,30.259811760461766
*C(=O)c1cccc(C(=O)c2ccc(Oc3ccc(-c4cc(-c5ccc(Oc6ccc(*)cc6)cc5)n[nH]4)cc3)cc2)c1,205.0,197.65286287878791
*COC(=O)c1ccc(-c2ccc(-c3ccc(C(=O)OCC(*)(CC)CC)cc3)cc2)cc1,-19.99999999999997,111.129
*c1cc(CCOCCOC)c(*)[nH]1,-42.99999999999997,-1.286
*CC(*)C(=O)Oc1ccc([N+](=O)[O-])cc1,73.30000000000001,92.353
*c1ccc2c(c1)C(CCCCCC)(CCCCCC)c1cc(-c3ccc4c(c3)c3cc(*)ccc3n4-c3ccc(C)cc3)ccc1-2,155.0,110.56192857142858
*N=P(*)(OCCOc1ccc(-c2ccc(Br)cc2)cc1)OCCOc1ccc(-c2ccc(Br)cc2)cc1,89.70000000000005,-6.668
*CC(*)C(=O)OCC(C)CC,-31.99999999999997,-14.128
*c1ccc(Oc2ccc(C3(c4ccc(Oc5ccc(-c6nnc(*)c7c(-c8ccc(F)cc8)c(-c8ccc(F)cc8)c(-c8ccc(F)cc8)c(-c8ccc(F)cc8)c67)cc5)cc4)c4ccccc4-c4ccccc43)cc2)cc1,321.0,184.97633333333332
*c1cc(N2C(=O)c3ccc(C(=O)c4ccc5c(c4)C(=O)N(*)C5=O)cc3C2=O)ccc1CP(=O)(OCC)OCC,218.0,162.076
*Cc1ccc(OC(=O)CCCCCCCCC(=O)Oc2ccc(CCC(=O)NC(*)C(=O)OC)cc2)cc1,47.0,44.98353333333333
*c1ccc(OC(Oc2ccccc2)(Oc2ccccc2)Oc2ccc(C(*)(C)C)cc2)cc1,92.0,167.92293333333333
*CC(*)(C)C(=O)OCCBr,52.0,43.198666666666675
*CCN(*)C,-30.99999999999997,-37.77
*Nc1ccc(Oc2ccc(NC(=O)c3cc4cc(Cc5ccc6oc(=O)c(C(*)=O)cc6c5)ccc4oc3=O)cc2)cc1,312.0,93.472
*CC(C)(C)C1C(=O)N(c2ccccc2C)C(=O)C1*,207.0,119.742
*Cc1cc(CC)c(N2C(=O)c3ccc(C(=O)c4ccc5c(c4)C(=O)N(c4c(CC)cc(*)cc4CC)C5=O)cc3C2=O)c(CC)c1,272.5,229.6915
*OC(=O)c1ccc(OCCCCCOc2ccc(C(*)=O)cc2)cc1,53.0,16.51801625596627
*c1ccc(C(=O)OCCCCOC(=O)c2ccc([Si](*)(C)C)cc2)cc1,42.0,23.550666666666665
*=CCCCCCCCCCCC=*,-52.99999999999997,-60.31479682539682
*Oc1ccc2c(c1)C(=O)N(c1ccc(Oc3ccc(-c4ccc(Oc5ccc(N6C(=O)c7ccc(*)cc7C6=O)cc5)cc4)cc3)cc1)C2=O,245.0,236.24533333333326
*Oc1ccc(N2C(=O)c3ccc(*)cc3C2=O)cc1,266.0,246.14533333333335
*NC(CCC(=O)OC)C(*)=O,0.0,33.19309523809524
*c1ccc(Oc2ccc(C(=O)c3ccc4c(c3)C(=O)N(c3ccc(Cc5ccc(N6C(=O)c7ccc(C(=O)c8ccc(Oc9ccc(C%10(*)OC(=O)c%11ccccc%11%10)cc9)cc8)cc7C6=O)cc5)cc3)C4=O)cc2)cc1,268.0,183.6415
*Oc1ccc(Oc2ccc(P(=O)(c3ccccc3)c3ccc(Oc4ccc(Oc5ccc6c(c5)C(=O)N(c5ccc(N7C(=O)c8ccc(*)cc8C7=O)cc5)C6=O)cc4)cc3)cc2)cc1,220.0,234.7655
*CCCC1(C)CCN(C(=O)CCC(=O)N2CCC(*)(C)CC2)CC1,99.0,91.69033333333333
*c1ccc(OC(=O)c2ccc(C(=O)Oc3ccc(C(*)(C)C)cc3C)cc2)c(C)c1,178.5,197.94540952380953
*CC(*)(C)C(=O)OCCOCCOCC1(C)COCCOCCOCCOC1,10.0,71.9065
*CCN(*)C(=O)CCCCCC,10.0,-52.44116980444735
*OCC1CCC(COC(*)=O)CC1,38.700000000000045,32.66533333333333
*c1ccc(Oc2ccc(Oc3ccc(-c4nc5cc6sc(-c7ccc(Oc8ccc(Oc9ccc(P(*)(=O)c%10ccccc%10)cc9)cc8)cc7)nc6cc5s4)cc3)cc2)cc1,255.0,188.79848333333334
*CC(*)C(=O)OCC,-22.149999999999977,6.248
*Oc1ccc2c(c1)C(=O)N(c1ccc(C(c3ccccc3)(c3ccc(N4C(=O)c5ccc(*)cc5C4=O)cc3)C(F)(F)F)cc1)C2=O,293.0,244.81683333333334
*c1ccc(C(=O)N2CCN(C(=O)c3ccc(C(*)(C)CC)cc3)CC2)cc1,232.0,159.6085
*CC(*)C(=O)OCc1ccc(C#N)cc1,44.0,48.924
*c1ccc2[nH]c(*)nc2c1,398.0,174.826
*CC1C(=O)OC(=O)C1C(*)(C)C,141.0,121.094
*NC(=O)OCCOC(=O)Nc1cc(*)ccc1C,52.0,85.11
*Oc1ccc(S(=O)(=O)c2ccc(Oc3ccc4c(c3)C(=O)N(c3ccc(Oc5ccc(N6C(=O)c7ccc(*)cc7C6=O)cc5)cc3)C4=O)cc2)cc1,260.0,241.54084523809524
*c1ccc(-c2ccc(-c3sc(-c4ccc([Si](C)(C)[Si](C)(C)[Si](C)(C)[Si](C)(C)[Si](C)(C)[Si](C)(C)[Si](C)(C)[Si](C)(C)c5ccc(-c6cc(CCCCCCCC)c(*)s6)s5)s4)cc3CCCCCCCC)s2)s1,13.0,9.859549084249085
*CC(*)C(=O)OC12CC3CC(C)(CC(C)(C3)C1)C2,104.0,141.47
*CC(*)(CC(=O)OC)C(=O)OC12CC3CC(CC(C3)C1)C2,197.0,183.259
*CC(*)OC(=O)C1(F)C(F)(F)C(F)(F)C(F)(F)C(F)(F)C1(F)F,54.0,40.355
*CC(*)c1ccc(C(=O)C(F)(F)F)cc1,95.0,137.457
*OCCCCOC(=O)c1ccc(C(*)=O)cc1,44.125,38.19798333333335
*c1cc(C(=O)NCCCCCCCCCC)cc(N2C(=O)c3ccc(-c4ccc5c(c4)C(=O)N(*)C5=O)cc3C2=O)c1,245.1,133.21977380952384
*c1ccc2c(c1)C(=O)N(c1ccc(Cc3ccc(N4C(=O)c5ccc(*)cc5C4=O)cc3)cc1)C2=O,308.0,245.7226666666667
*c1ccc2c(c1)C(=O)N(c1ccc(Oc3ccc(N4C(=O)c5ccc(C(*)(C(F)(F)F)C(F)(F)F)cc5C4=O)cc3)cc1)C2=O,295.5,251.38783333333333
*c1ccc(-n2c(=O)c3cc4c(=O)n(-c5ccc(Oc6c(C(C)(C)C)cc(*)cc6C(C)(C)C)cc5)c(=O)c4cc3c2=O)cc1,398.5,243.936
*CC(*)c1ccc(CCC)cc1,46.75,94.66855555555556
*C(=O)c1cc(I)cc(C(=O)c2ccc(Oc3ccc(S(=O)(=O)c4ccc(Oc5ccc(*)cc5)cc4)cc3)cc2)c1,203.0,194.73717777777776
*CCCCCCCCC(=O)NCC1COC(CNC(*)=O)CO1,73.0,57.421206349206344
*Oc1ccc(S(=O)(=O)c2ccc(Oc3cc(C)c(C4(c5cc(C(C)C)c(*)cc5C)OC(=O)c5ccccc54)cc3C(C)C)cc2)cc1,230.0,236.661
*CC(*)(C)C(=O)Oc1ccc(/N=N/c2ccc(C#N)cc2)cc1,185.0,117.539
*Nc1ccc(Cc2ccc(NC3CC(=O)N(c4ccc(Cc5ccc(N6C(=O)CC(*)C6=O)cc5)cc4)C3=O)cc2)cc1,239.0,220.009
*OCCCCCCCOc1ccc(CCc2ccc(*)cc2C)cc1,6.5,25.500338636363637
*c1cc(C(=O)NCCCCCCCCCCCC)cc(N2C(=O)c3ccc(-c4ccc5c(c4)C(=O)N(*)C5=O)cc3C2=O)c1,243.1,133.21977380952384
*Nc1ccc(C(=O)c2ccc(NC(=O)c3ccc4c(c3)C(=O)N(c3cccc(P(=O)(c5ccccc5)c5cccc(N6C(=O)c7ccc(C(*)=O)cc7C6=O)c5)c3)C4=O)cc2)cc1,238.0,290.9483333333333
*Oc1ccc(C(c2ccc(Oc3cccc4c3C(=O)N(CCCCCCCCN3C(=O)c5cccc(*)c5C3=O)C4=O)cc2)(C(F)(F)F)C(F)(F)F)cc1,135.0,133.1608333333333
*c1ccc(-c2ccc(-n3c(=O)c4cc5c(=O)n(*)c(=O)c5cc4c3=O)cc2OC)c(OC)c1,328.0,256.486
*CC(*)C(=O)OCCCCCCOc1ccc(/C=N/c2ccc(OCCCCC)cc2)c(O)c1,41.0,1.7809888167388166
*c1ccc(Oc2cc(Oc3ccc(C(*)(C)C)cc3)cc(C(=O)Oc3ccc(/N=N/c4ccc(C#N)cc4)cc3)c2)cc1,163.0,221.93783055555556
*C1C(=O)N(CCOc2ccc(-c3ccc(C#N)cc3)cc2)C(=O)C1*,150.0,95.70626212121213
*c1ccc2c(c1)C(=O)N(CCCCCN1C(=O)c3ccc(C(*)(C(F)(F)F)C(F)(F)F)cc3C1=O)C2=O,180.0,168.02085497835495
*CC(*)(C)C(=O)OCCCCCC(=O)Oc1ccc(OC(=O)c2ccc(OCCCCC)cc2)cc1,50.0,8.68744343434343
*CCCCCCCCC(=O)Oc1cccc(C=Cc2nnc(-c3ccc(OC(*)=O)cc3)s2)c1,55.0,29.196066666666663
*Oc1ccc(-c2ccc(Oc3ccc4ccccc4c3-c3c(*)ccc4ccccc34)c3ccccc23)c2ccccc12,301.0,176.211
*CCCCCCCC(*)C,-57.99999999999997,-71.67019098956601
*CC(*)C=C,-6.074999999999989,-16.045
*c1ccc2c(c1)C(=O)N(c1cccc(OCCCCCCCCCCCCOc3cccc(N4C(=O)c5cccc(*)c5C4=O)c3)c1)C2=O,116.0,133.26655952380952
*Oc1ccc(C(c2ccc(OP3(Oc4ccc(C(=O)OC)cc4)=NP(Oc4ccc(C(=O)OC)cc4)(Oc4ccc(C(=O)OC)cc4)=NP(*)(Oc4ccc(C(=O)OC)cc4)=N3)cc2)(C(F)(F)F)C(F)(F)F)cc1,78.0,151.78325
*OCCCCCCOc1ccc(-n2on2-c2ccc(OCCCCCCOC(=O)C(C(*)=O)c3ccccc3)cc2)cc1,23.0,112.1689761904762
*C=CC(=O)OCCOCCOCCOCCOC(=O)/C=C/C(=O)NCCCCCCNC(*)=O,52.0,-36.93114653679654
*C(=O)OCCCCCCOc1ccc(-n2on2-c2ccc(OCCCCCCOC(=O)C(*)CCCCP(=O)(OCC)OCC)cc2)cc1,4.0,110.2992857142857
*c1ccc(/C=N/c2ccc(Oc3cccc(Oc4ccc(/N=C/c5ccc(N(*)c6ccccc6)cc5)cc4)c3)cc2)cc1,174.0,119.35486666666665
*c1cc(C)c(N2C(=O)c3ccc(-c4ccc5c(c4)C(=O)N(c4c(C)cc(*)cc4C)C5=O)cc3C2=O)c(C)c1,285.0,304.9795
*c1ccc(Oc2ccc3c(-c4ccccc4)nn(-c4ccc(C(=O)c5ccc(-n6nc(-c7ccccc7)c7cc(Oc8ccc(C(*)(C)C)cc8)ccc7c6=O)cc5)cc4)c(=O)c3c2)cc1,195.0,257.203
*c1ccc(-c2ccc(-c3ccc(-c4ccc(-c5cc(-c6ccccc6)c6cc(Oc7ccc8nc(*)cc(-c9ccccc9)c8c7)ccc6n5)cc4)cc3)cc2)cc1,310.0,197.72999999999996
*CC(*)c1ccc(Cl)cc1C,145.0,126.404
*Cc1ccc(CC(=O)OC(*)=O)cc1,65.0,40.437
*CC(*)C(=O)Oc1ccc(C(=O)O)cc1,125.0,90.88
*C(=O)NNC(=O)c1ccc(*)cc1OCC,240.0,99.333
*NCCCCCCNC(=O)c1ccc(-c2nc3ccccc3nc2-c2ccc(C(*)=O)cc2)cc1,201.0,124.88450638528144
*c1ccc(Oc2ccc(-c3nnc(-c4ccc(Oc5ccc(C(*)(C(F)(F)F)C(F)(F)F)cc5)cc4)n3-c3ccccc3)cc2)cc1,203.0,187.4117
*Nc1ccc(Oc2ccc(C3(c4ccc(Oc5ccc(NC(=O)c6ccc(Oc7ccc(C(*)=O)cc7)cc6)cc5)cc4)C4CC5CC(C4)CC3C5)cc2)cc1,230.0,225.13583333333335
*CC(*)(C)C(=O)NC(C)c1ccccc1,156.5,133.214
*c1ccc(C(Cl)(Cl)C(*)Cl)cc1,160.0,190.5533333333333
*CC(*)(C)C(=O)OCC,19.850000000000023,48.798
*c1ccccc1Oc1ccc(-n2c(=O)c3cc4c(=O)n(*)c(=O)c4cc3c2=O)cc1,386.0,262.374
*NC(=O)OCCN(CCOC(=O)Nc1ccc(C)c(*)c1)c1ccc(/N=N/c2ccc([N+](=O)[O-])cc2)cc1,144.0,82.839
*CC(*)c1cc(C)c(C)cc1C,104.0,121.222
*c1ccc(CCc2ccccc2N2C(=O)C(=O)N(c3ccc(CCc4ccc(N5C(=O)C(=O)N(*)C5=O)cc4)cc3)C2=O)cc1,220.0,211.98
*Nc1cc(NC(=O)c2ccc3c(c2)C(=O)N(c2cccc(N4C(=O)c5ccc(C(*)=O)cc5C4=O)c2)C3=O)cc(-c2nc3ccccc3[nH]2)c1,361.0,320.38
*Oc1cccc(N2C(=O)c3ccc(Oc4ccc5c(c4)C(=O)N(c4cccc(Oc6cc(*)ccc6C#N)c4)C5=O)cc3C2=O)c1,196.0,236.37600000000003
*CC(COC(=O)c1ccc(N2C(=O)C3C4C=CC(C4)C3C2=O)cc1)O*,62.5,84.0985
*Nc1ccc(-c2ccc(NC(=O)c3ccc(Oc4ccc(C(c5ccc(Oc6ccc(C(*)=O)cc6)cc5)(C(F)(F)F)C(F)(F)F)cc4)cc3)cc2C(F)(F)F)c(C(F)(F)F)c1,240.0,249.15244047619046
*c1cc(/N=N/c2ccc(C#N)cc2)cc(*)c1O,176.0,140.001
*N=P(*)(OCCOCCOc1ccc(CCCCCCCC)cc1)OCCOCCOc1ccc(CCCCCCCC)cc1,-13.299999999999956,-7.384065404040405
*Nc1ccc(Oc2ccc(C3(c4ccc(Oc5ccc(NC(=O)c6ccc7cc(C(*)=O)ccc7c6)cc5)cc4)C4CC5CC(C4)CC3C5)cc2)cc1,266.0,219.07749999999996
*CCCCCC(=O)OCCOCCOCCOC(*)=O,-44.49999999999997,-53.368881191031186
*C(=O)Nc1ccc(NC(=O)c2cc(*)cc(NC(=O)c3ccncc3)c2)cc1,327.0,177.2003333333333
*#C[SiH2]C#Cc1cccc(C#*)c1,72.0,123.345
*CC(*)c1cc(C)ccc1C,142.85000000000002,117.916
*CCCCC(=O)NCC1COC(CNC(*)=O)CO1,93.0,58.12729444444445
*C1C2CCC(C2)C1*,240.0,156.06
*/C(C)=C(/*)SCC,160.0,-31.462
*Cc1ccc(OC(=O)COCC(=O)Oc2ccc(CCC(=O)NC(*)C(=O)OCCCCCCCC)cc2)cc1,40.0,38.316480952380964
*Nc1ccc(C(c2ccc(NC(=O)c3ccc4c(c3)C(=O)N(c3ccc(Oc5cccc6c(Oc7ccc(N8C(=O)c9ccc(C(*)=O)cc9C8=O)cc7)cccc56)cc3)C4=O)cc2)(C(F)(F)F)C(F)(F)F)cc1,283.0,255.146
*CCC(C)O[Si](C)(C)O[Si](C)(C)O[Si](C)(C)O[Si](C)(C)OC(*)C,-95.99999999999996,-88.05983333333333
*/C(=C(/*)c1ccc[c]([Ge]([CH3])([CH3])[CH3])c1)c1ccccc1,200.0,119.253
*C=Cc1ccc(Oc2ccc(C3(c4ccc(Oc5ccc(C(*)=O)cc5)cc4)c4ccccc4-c4ccccc43)cc2)cc1,195.0,123.45873809523806
*CCCCCCCCCCN1C(=O)c2ccc(C(=O)c3ccc4c(c3)C(=O)N(CCCCCCCCCCC(=O)Nc3ccc(NC(*)=O)cc3)C4=O)cc2C1=O,125.0,86.33861688311688
*c1cc(C)c(Oc2ccc(N3C(=O)CC(Nc4ccc(NC5CC(=O)N(c6ccc(Oc7c(C)cc(C(*)c8cccnc8)cc7C)cc6)C5=O)cc4)C3=O)cc2)c(C)c1,229.0,238.37133333333333
*COCC(*)(CS(=O)(=O)CCC)CS(=O)(=O)CCC,71.0,3.512
*CCN(*)C(=O)c1c(F)c(F)c(F)c(F)c1F,136.0,124.106
*c1ccc(OC(=O)c2ccc3c(c2)C(=O)N(c2cc(N4C(=O)c5ccc(C(=O)Oc6ccc(C(*)(C)C)cc6)cc5C4=O)ccc2O)C3=O)cc1,225.0,268.134
*C(=O)OCCOCCOC(=O)C(*)CCCCCCCCC,-58.99999999999997,-35.1631816100652
*CC(*)c1ccc([Si](C)(O[Si](C)(C)C)O[Si](C)(C)C)cc1,54.0,62.775
*Nc1cccc(NC(=O)c2ccc3c(c2)C(=O)N(c2ccc(Oc4ccc(C5(c6ccc(Oc7ccc(N8C(=O)c9ccc(C(*)=O)cc9C8=O)cc7)cc6)NC(=O)c6ccccc65)cc4)cc2)C3=O)c1,328.0,253.50666666666666
*CCCCC(=O)OCC(CCCCCCOc1ccc(/N=N/c2ccc(Cl)cc2)cc1)COC(*)=O,9.0,11.686751875901876
*CC(*)(C)C(=O)OC(COc1cc2ccccc2c2ccccc12)COc1cc2ccccc2c2ccccc12,112.0,102.606
*Oc1ccc(Oc2ccc(OC(*)=O)cc2)cc1,118.0,114.01983333333334
*c1ccc(Oc2ccc(Oc3ccc(Oc4ccc(-c5nc(*)nc(-c6ccccc6)n5)cc4)cc3)cc2)cc1,203.0,179.57991666666666
*C(=O)c1ccc2c(c1)C(=O)N(c1cccc(C(O)c3cccc(N4C(=O)c5ccc(*)cc5C4=O)c3)c1)C2=O,292.0,258.15
*c1cccc(-n2c(=O)c3cc4c(=O)n(*)c(=O)c4cc3c2=O)c1,430.0,305.146
*CC(O)COc1ccc(Sc2ccc(OCC(O)CN(C)S(=O)(=O)c3cccc(S(=O)(=O)N(*)C)c3)cc2)cc1,90.0,122.852
*c1cccc(P(=O)(c2cccc(-n3c(=O)c4c(-c5ccc(C(F)(F)F)cc5)c5c(=O)n(*)c(=O)c5c(-c5ccc(C(F)(F)F)cc5)c4c3=O)c2)c2cc(C(F)(F)F)cc(C(F)(F)F)c2)c1,310.0,298.3421666666666
*c1ccc2c(c1)Sc1cc(-c3sc4cc(*)sc4c3CCCCC)ccc1N2CCCCCCCCCC,131.0,99.137403968254
*c1ccc(Cn2c(=O)c3cc4c(=O)n(Cc5ccc(C(*)(C)CCC)o5)c(=O)c4cc3c2=O)o1,134.0,150.826
*CC(*)C(=O)OC1CC(C)CC(C)(C)C1,15.0,93.281
*CCCCC(C)O[Si](C)(C)O[Si](C)(C)O[Si](C)(C)OC(*)C,-93.99999999999996,-88.64710238095239
*C=C1CC/C(=C\c2ccc(OC(=O)c3ccc(/N=C/c4ccc(/C=N/c5ccc(C(=O)Oc6ccc(*)cc6OC)cc5)cc4)cc3)c(OC)c2)C1=O,140.0,203.20275
*CC(*)C(=O)OC1CC2CCC1(C)C2(C)C,100.0,114.6085
*NNC(=O)c1ccc(C2(c3ccc(C(=O)NNC(=O)c4ccc(C(*)=O)cc4)cc3)OC(=O)c3ccccc32)cc1,237.0,202.421
*C(=Nc1ccccc1)c1ccc(-c2ccc(*)cc2)cc1,225.0,159.691
*Nc1ccc(Oc2ccc3nc(-c4ccccc4)c(-c4ccc(N5C(=O)c6ccc7c8c(ccc(c68)C5=O)C(=O)N(c5ccc(-c6nc8cc(Oc9ccc(NC(=O)c%10cc(C(*)=O)cc(N%11C(=O)c%12ccccc%12C%11=O)c%10)cc9)ccc8nc6-c6ccccc6)cc5)C7=O)cc4)nc3c2)cc1,345.0,244.2365
*CC(*)c1ccc(C(=O)CC)cc1,102.0,130.665
*c1ccc(OCC(O)COc2ccc(S(=O)(=O)c3ccc(OCC(O)COc4ccc(C(*)(C)C)cc4)cc3)cc2)cc1,140.0,121.75553333333335
*c1ccc(Oc2ccc(C(=O)Nc3ccc(-c4ccc(NC(=O)c5ccc(Oc6ccc(C(*)(C)C)cc6)cc5)cc4C(F)(F)F)c(C(F)(F)F)c3)cc2)cc1,250.0,218.149925
*c1ccc([Si](C)(C)[Si](*)(C)C)s1,15.0,-4.512
*C(=O)c1ccc(N2C(=O)c3ccc(C(=O)c4ccc5c(c4)C(=O)N(c4ccc(Cc6ccc(*)cc6)cc4)C5=O)cc3C2=O)cc1,307.0,238.777
*Oc1ccc(-c2cnc3cc(-c4ccc5nc(-c6ccc(Oc7ccc(*)cc7)cc6)cnc5c4)ccc3n2)cc1,195.0,189.05516666666665
*c1ccc(C(=O)Nc2cccc(S(=O)(=O)c3cccc(NC(=O)c4ccc(*)cc4C)c3)c2)c(C)c1,260.0,235.65929761904763
*CN1C(=O)c2ccc(C(c3ccc4c(c3)C(=O)N(CC(=O)Nc3ccc(Oc5ccc6nc(-c7ccccc7)c(-c7ccc(-c8nc9cc(Oc%10ccc(NC(*)=O)cc%10)ccc9nc8-c8ccccc8)cc7)nc6c5)cc3)C4=O)(C(F)(F)F)C(F)(F)F)cc2C1=O,280.0,156.56
*c1ccc2c(c1)C(=O)N(c1cccc(OCCCCCCOc3cccc(N4C(=O)c5ccc(*)cc5C4=O)c3)c1)C2=O,153.0,117.3667261904762
*CC(*)(C)C(=O)OC1CCCC(C)C1,89.0,96.73424999999997
*Oc1ccc(N2C(=O)c3ccc(Oc4ccc(C5(c6ccc(Oc7ccc8c(c7)C(=O)N(c7ccc(Oc9ccc(*)cc9C(C)(C)C)cc7)C8=O)cc6)CCCCCCCCCCC5)cc4)cc3C2=O)cc1,262.0,235.4265
*c1ccc(P(=O)(c2ccccc2)c2ccc(-n3c(=O)c4cc5c(=O)n(*)c(=O)c5cc4c3=O)cc2)cc1,425.0,306.176
*CCCCC(=O)OCCCOC(*)=O,-54.99999999999997,-47.1443303030303
*c1cc(Br)c(-c2c(Br)cc(N3C(=O)c4ccc(-c5ccc6c(c5)C(=O)N(*)C6=O)cc4C3=O)cc2C(=O)OCCCCCCCCCCCCCCCCCC)c(C(=O)OCCCCCCCCCCCCCCCCCC)c1,83.5,127.46108333333333
*CCOC(=O)Nc1ccc(C)c(NC(=O)OCCN(*)c2ccc(/N=N/c3ccc(/C=C/c4nc5ccc([N+](=O)[O-])cc5n4CC)cc3)cc2)c1,171.0,120.388
*CC(*)(C)C(=O)OCCCCCCCCCCOc1ccc(/N=N/c2ccc(C3OCC4(CO3)CC3C=CC4C3)cc2)cc1,103.20000000000005,11.765617293817295
*c1ccc(-c2ccc([Si](C)(C)c3ccc4c(c3)C(=O)N(c3cccc(Cc5cccc(N6C(=O)c7ccc([Si](*)(C)C)cc7C6=O)c5)c3)C4=O)cc2)cc1,285.0,175.191
*C(=O)c1ccc2c(c1)C(=O)N(c1ccc(Oc3ccc(Oc4ccc(N5C(=O)c6ccc(*)cc6C5=O)cc4C(F)(F)F)cc3)cc1)C2=O,237.1,253.05833333333334
*c1cc(Br)c(-c2c(Br)cc(N3C(=O)c4ccc(-c5ccc6c(c5)C(=O)N(*)C6=O)cc4C3=O)cc2C(=O)OCCCCCCCC)c(C(=O)OCCCCCCCC)c1,135.5,127.46108333333333
*CC(*)C(=O)OCCOc1ccc(C(=O)Oc2ccc(OC)cc2)cc1,70.0,62.113
*CC(*)(C)C(=O)OCCCCCCCCOc1ccc(/N=N/c2ccc(C3OCC4(CO3)CC3C=CC4C3)cc2)cc1,106.20000000000005,11.765617293817295
*c1ccc(OC(=O)CN(CC(=O)Oc2ccc(C(*)(C)C)cc2)c2ccc(/N=N/c3ccc([N+](=O)[O-])cc3)cc2)cc1,152.0,105.27053333333335
*OCC(COC(*)=O)OCCOc1ccc(/C=C/c2ccc([N+](=O)[O-])cc2)cc1,53.0,45.638
*Oc1ccc2ccc(Oc3ccc4c(c3)C(=O)N(c3ccc(Oc5ccc(Oc6ccc(N7C(=O)c8ccc(*)cc8C7=O)cc6)cc5)cc3)C4=O)cc2c1,228.0,235.69566666666663
*c1ccc(OC(=O)c2ccc([Si](c3ccccc3)(c3ccccc3)c3ccc(C(=O)Oc4ccc(C(*)(C)C)cc4)cc3)cc2)cc1,295.0,162.546
*Oc1c(Br)cc(C(c2cc(Br)c(OP(*)(=O)Oc3ccc(OC)cc3)c(Br)c2)(C(F)(F)F)C(F)(F)F)cc1Br,151.0,141.43575
*CC(O)COc1ccc(S(=O)(=O)c2ccc(OCC(O)CN(C)S(=O)(=O)c3cccc(S(=O)(=O)N(*)C)c3)cc2)cc1,100.0,125.795
*CC(*)CCC1CCCCC1,40.0,62.6555
*CC(*)(C)C(=O)OCCC(F)(F)C(F)(F)C(F)(F)C(F)(F)C(F)(F)C(F)(F)C(F)(F)C(F)(F)F,47.0,49.51833333333333
*c1ccc(N2C(=O)c3ccc(Oc4ccc(Oc5ccc6c(c5)C(=O)N(c5ccc(C(*)(C)C)cc5)C6=O)cc4)cc3C2=O)cc1,264.0,229.65733333333333
*Cc1ccc(OC(=O)COCC(=O)Oc2ccc(CCC(=O)NC(*)C(=O)OC(C)C)cc2)cc1,80.0,37.14857738095239
*c1cc(C)c(Oc2ccc3c(c2)C(=O)N(c2ccc(-c4ccc(N5C(=O)c6ccc(Oc7c(C)cc(C(*)(C)C)cc7C)cc6C5=O)cc4C(F)(F)F)c(C(F)(F)F)c2)C3=O)c(C)c1,262.0,244.372
*OCCOC(=O)c1ccc(Oc2ccc(C(*)=O)cc2)cc1,74.0,79.441
*CC(C[N-][N+]#N)O*,-34.99999999999997,-5.215
*Nc1ccc(Cc2ccc(NC(=O)c3cc(C(*)=O)cc(N4C(=O)C5C6C=CC(C6)C5C4=O)c3)cc2)cc1,303.0,225.162
*Oc1ccc(C2(c3ccc(OC(=O)c4ccc(C(*)=O)cc4)cc3)CCc3ccccc32)cc1,312.0,174.12533333333332
*c1ccc(Cc2ccc(-n3nccc3-c3ccc(-c4ccnn4*)cc3)cc2)cc1,202.0,107.412
*c1ccc(N2C(=O)c3ccc(Oc4ccc5ccc(Oc6ccc7c(c6)C(=O)N(c6ccc(C(*)(C)C)cc6)C7=O)cc5c4)cc3C2=O)cc1,247.0,236.4
*CC(*)P(=O)(N(C)C)N(C)C,25.0,130.75
*c1ccc(OCCCCCCOc2ccc(N(c3ccccc3)c3ccc(-c4ccc(N(*)c5ccccc5)cc4)cc3)cc2)cc1,85.0,1.4740166666666674
*C=CC(*)(C)C,-9.0,15.99
*c1ccc(Oc2cccc(S(*)(=O)=O)c2)cc1,175.0,216.17875555555557
*c1nc2cc(C(c3ccc4oc(-c5cc(OCCCCCCCCCC)c(*)cc5OCCCCCCCCCC)nc4c3)(C(F)(F)F)C(F)(F)F)ccc2o1,94.0,29.384446031746034
*O[Si](C)(C)c1ccc(-c2ccc([Si](*)(C)C)cc2)cc1,67.0,12.986
*NC(=O)OCCN(CCOC(=O)NCC1(C)CC(*)CC(C)(C)C1)c1ccc(/N=N/c2ccc(C#N)cc2)cc1,136.0,46.553
*Sc1cccc2c1C(=O)N(c1ccc(N3C(=O)c4ccc(*)cc4C3=O)cc1)C2=O,319.5,278.2
*Oc1ccc2c(c1)Oc1cc(OC(=O)c3ccc(C(*)=O)cc3)ccc1C21c2ccccc2-c2ccccc21,290.0,185.576
*c1ccc2c(c1)C(=O)N(c1ccc(Oc3ccc(N4C(=O)c5ccc(*)cc5C4=O)cc3Br)c(Br)c1)C2=O,275.0,249.94583333333335
*OCC(F)(F)C(F)(F)C(F)(F)COC(=O)c1cccc(C(*)=O)c1,23.5,54.107
*c1ccc2c(c1)C(=O)N(c1cccc(OCCCCCCCCCCOc3cccc(N4C(=O)c5cccc(*)c5C4=O)c3)c1)C2=O,127.0,133.26655952380952
*Sc1ccc(N2C(=O)c3ccc(Oc4ccc5c(c4)C(=O)N(c4ccc(Sc6cc7c(cc6*)C(=O)N(CCc6ccccc6)C7=O)cc4)C5=O)cc3C2=O)cc1,218.0,137.725
*CC(*)c1ccccc1C(=O)OCCCC,66.0,-7.9764333333333335
*NNC(=O)c1ccc(C(=O)NNC(=O)c2ccc([Si](c3ccccc3)(c3ccccc3)c3ccc(C(*)=O)cc3)cc2)nc1,240.0,214.227
*CCCCCCCCC(=O)NCC(=O)NCC(=O)OC1COC2C(OC(=O)CNC(=O)CNC(*)=O)COC12,47.0,19.481327777777775
*c1cc(Br)c(-c2c(Br)cc(N3C(=O)c4ccc(-c5ccc6c(c5)C(=O)N(*)C6=O)cc4C3=O)cc2C(=O)OCCCCCC)c(C(=O)OCCCCCC)c1,154.0,127.46108333333333
*O[Si](*)(C)CCCC(=O)O,-28.99999999999997,-39.7420641025641
*c1ccc(OC(=S)Oc2ccc(C(*)C(CC)CC)cc2)cc1,148.0,101.30166666666668
*Oc1c(-c2ccccc2)cc(*)cc1-c1ccccc1,220.0,137.101
*C(=O)Nc1ccc(C2(c3ccc(NC(=O)c4cc(*)cc(C(C)(C)C)c4)cc3)c3ccccc3-c3ccccc32)cc1,284.0,185.2275
*N[Se]Nc1ccc(*)cc1,55.0,150.30933333333334
*N=P(*)(Oc1ccccc1)Oc1ccccc1,-8.0,34.08578571428571
*C(=O)NCCCCCCNC(=O)c1c(*)ncn1C,86.0,109.77300378787876
*C(=O)Nc1ccc(NC(=O)c2cc(-c3ccc(C(=O)OC)c(*)c3)ccc2C(=O)OC)cc1,234.20000000000005,128.09461666666667
*=Cc1ccc(Oc2ccc(S(=O)(=O)c3ccc(Oc4ccc(/C=C5\CCC(=*)C5=O)cc4)cc3)cc2)cc1,235.0,217.94971428571426
*Sc1ccc(*)cc1,86.85000000000002,122.95508333333333
*CC(*)(C)C(=O)OCCCCCCN1CCN(c2ccc(/N=N/c3ccc(C#N)cc3)cc2)CC1,77.0,120.11492857142856
*CC(*)C(=O)c1ccc(C(C)(C)C)cc1,103.5,121.011
*c1cccc(Oc2ccc(-n3c(=O)c4cc5c(=O)n(*)c(=O)c5cc4c3=O)cc2)c1,397.0,255.97233333333332
*c1ccc2c(c1)C(=O)N(c1cccc(S(=O)(=O)c3cccc(N4C(=O)c5ccc(*)cc5C4=O)c3)c1)C2=O,260.0,280.449
*CC(*)(C)c1ccccc1,168.0,145.941
*CC(*)OC(=O)c1ccccc1C,42.5,80.527
*c1ccc(N2C(=O)c3ccc(-c4ccc5c(c4)C(=O)N(c4ccc(-c6cc(-c7ccc(OCCCC#N)cc7)cc(*)n6)cc4)C5=O)cc3C2=O)cc1,360.0,143.426
*CC(O)CN(*)c1cc(C)c(/N=N/c2ccc(C#N)cc2)c(C)c1,150.0,96.922
*Nc1ccc(Oc2ccc(C3(c4ccc(Oc5ccc(NC(=O)c6cccc(C(*)=O)c6)cc5)cc4)C4CC5CC(C4)CC3C5)cc2)cc1,273.0,220.52883333333332
*CC(*)(C)C(=O)OCCCCCCCCCCOc1ccc(OC(=O)c2ccc(OCCCCCCCC)cc2)cc1,12.0,10.377623051948056
*c1ccc(Oc2ccc(-c3nnc(-c4ccccn4)nc3-c3ccc(Oc4ccc(C(*)(C)C)cc4)cc3)cc2)cc1,220.0,190.83433333333326
*O[Si](*)(C)CC[Si](OCCOC)(OCCOC)OCCOC,28.900000000000038,-81.92422857142859
*NCCCOC(*)=O,26.0,-16.96516666666667
*CC(*)C(=O)OCCCC,-51.57499999999999,-39.10912923465423
*C(=O)c1cc2c(cc1Cl)C(=O)N(c1cc(N3C(=O)c4cc(*)c(Cl)cc4C3=O)cc(C(F)(F)F)c1)C2=O,305.0,299.75866666666667
*c1ccc(Oc2c(F)c(F)c(-c3c(F)c(F)c(-n4nc(*)c5ccccc5c4=O)c(F)c3F)c(F)c2F)cc1F,253.0,254.66933333333336
*C(F)(F)C(*)(F)C(F)(F)F,158.5,49.41
*C(=O)Nc1ccc(Oc2ccc(Oc3ccc(Oc4ccc(NC(=O)c5cc(*)cc(C(C)(C)C)c5)cc4)cc3)cc2)cc1,230.0,156.51470000000003
*OCCCCCOC(=O)c1ccc2cc(C(*)=O)ccc2c1,58.5,20.74352616664381
*c1ccc(-c2ccc(-c3sc(-c4ccc([Si](C)(C)c5ccc(-c6cc(CCCCCCCC)c(*)s6)s5)s4)cc3CCCCCCCC)s2)s1,31.0,9.597949084249084
*C(*)C(=O)OC(C)C,70.0,26.525
*CSCC(*)(C)C,-49.29999999999998,85.9
*CC(*)(C)C(=O)OCCCCCCCCCCOc1ccc(C#Cc2cc(C)c(/C=C/c3ccncc3)cc2C)cc1,65.40000000000003,9.834676562326562
*Oc1c(C(C)C)cc(*)cc1C(C)C,152.40000000000003,122.68466666666666
*CCCNC(=O)CCCCC(=O)NCCCP(*)(C)=O,33.0,31.149243828883534
*N=Nc1ccc(Oc2ccc(/N=N/P(=O)(OC)OCC3CCC(COP(*)(=O)OC)CC3)cc2)cc1,50.0,13.963
*Nc1ccc(S(=O)(=O)c2ccc(NC(=O)c3ccc4c(c3)C(=O)N(c3cc(-c5nc6ccccc6s5)cc(N5C(=O)c6ccc(C(*)=O)cc6C5=O)c3)C4=O)cc2)cc1,357.0,320.414
*C(=O)c1ccc(Oc2ccc(Oc3ccc(*)cc3)cc2-c2ccccc2)cc1,157.0,172.73655000000002
*c1ccc(Oc2ccc(N3C(=O)CC(=O)N(c4ccc(Oc5ccc(C(*)(C)C)cc5)cc4)C3=S)cc2)cc1,150.0,238.157
*CCCCCCCNC(*)=O,37.0,40.11109942564745
*c1cccc(P(=O)(c2ccccc2)c2cccc(-n3c(=O)c4cc5c(=O)n(*)c(=O)c5c(-c5ccccc5)c4c3=O)c2)c1,325.0,305.9721666666667
*c1ccc(/N=C/Nc2ccc(S(*)(=O)=O)cc2)cc1,163.0,225.65290476190475
*c1ccc(NC(=C(C#N)C#N)c2ccc(C(Nc3ccc(C(C)(C)c4cccc(C(*)(C)C)c4)cc3)=C(C#N)C#N)cc2)cc1,208.0,206.64316666666667
*Nc1ncc(*)s1,139.0,172.77966666666669
*c1ccc(Oc2ccc(S(=O)(=O)c3ccc(-c4ccc(-c5ccc(S(*)(=O)=O)cc5)cc4)cc3)cc2)cc1,311.0,233.5976978354978
*C(=O)c1cccc(-n2c(=O)c3cc4c(=O)n(-c5cccc(*)c5)c(=O)c4cc3c2=O)c1,321.0,292.0133333333334
*O[Si](*)(C)CCCOc1ccc(/N=N/c2ccc(S(=O)(=O)O)cc2)cc1,9.200000000000044,28.601191666666665
*CC(*)(C)c1ccc2ccccc2n1,193.0,149.935
*c1ccc(OCC(O)COC(=O)/C=C/C(=O)Oc2ccc(C(*)(C)C)cc2)cc1,32.0,100.92213333333335
*OCCCCC(=O)NNC(=O)c1ccc(C(=O)NNC(=O)CCCCOc2ccc(*)cc2C)cc1,150.0,66.931
*c1ccc(Oc2ccc(C(=O)c3ccc(C(c4ccc(C(=O)c5ccc(Oc6ccc(C(*)(C)C)cc6)cc5)cc4)(C(F)(F)F)C(F)(F)F)cc3)cc2)cc1,181.0,179.23890512265518
*c1ccc(Oc2ccc(N3C(=O)CC(C)(SCCOCCSC4(C)CC(=O)N(c5ccc(Oc6ccc(N7C(=O)C(C)C(SCCOCCSC8C(=O)N(*)C(=O)C8C)C7=O)cc6)cc5)C4=O)C3=O)cc2)cc1,145.0,80.52333333333333
*c1ccc(N2C(=O)c3ccc(Oc4cccc5c(Oc6ccc7c(c6)C(=O)N(c6ccc(C(C)(C)c8ccc(C(*)(C)C)cc8)cc6)C7=O)cccc45)cc3C2=O)cc1,253.0,240.76716666666667
*CC(*)(C)C(=O)OCCCCCCCCCCCOc1ccc2cc(C(=O)Oc3ccccc3)ccc2c1,10.0,5.477484199134201
*CC(CC(C)C)S(*)(=O)=O,23.0,40.287
*Nc1ccc(OCCCCCOc2ccc(NC(=O)c3cccc(C(*)=O)c3)cc2)cc1,155.0,102.08235212842716
*C(=O)NCCCCCCCCCCCCNC(=O)C(OC)C(*)OC,84.0,1.5497422105672107
*Nc1ccc(S(=O)(=O)c2ccc(NC(=O)c3ccc4c(c3)C(=O)N(c3cccc(P(=O)(c5ccccc5)c5cccc(N6C(=O)c7ccc(C(*)=O)cc7C6=O)c5)c3)C4=O)cc2)cc1,241.0,294.15775
*Oc1ccc(-c2ccc(OC(=O)c3ccc(C(=O)c4ccc(C(*)=O)cc4)cc3)c(-c3ccccc3)c2)cc1-c1ccccc1,184.5,129.29731666666666
*C(=O)c1ccc(C(c2ccc(C(=O)c3ccc(Sc4ccc(*)cc4)cc3)cc2)(C(F)(F)F)C(F)(F)F)cc1,175.0,160.42125
*C(=O)c1ccc(Oc2ccc(Oc3ccc(C(=O)c4ccc(Oc5ccc(Oc6ccc(*)cc6C(C)C)cc5)c(C(C)C)c4)cc3)cc2)cc1,145.0,160.94552099567105
*O[Si](C)(C)c1ccc2c(c1)C(=O)N(c1ccc(Cc3ccc(N4C(=O)c5ccc([Si](*)(C)C)cc5C4=O)cc3)cc1)C2=O,232.0,120.105
*c1ccc(-c2cc(CCCCCCOC(=O)COc3ccccc3)c(*)s2)s1,79.0,-6.067094444444444
*Nc1ccc(Oc2ccc(NC(=C(C#N)C#N)c3ccc(-c4ccc(C(*)=C(C#N)C#N)cc4)cc3)cc2)cc1,220.0,213.788
*Oc1ccc2c(c1)C(=O)N(c1ccc(Oc3cccc(-c4cc(-c5ccccc5)cc(-c5cccc(Oc6ccc(N7C(=O)c8ccc(*)cc8C7=O)cc6)c5)n4)c3)cc1)C2=O,224.0,234.63066666666663
*C(=O)c1ccc(Oc2ccc(Oc3ccc(Oc4ccc(*)cc4)cc3)cc2)cc1,150.5,165.2983070346321
*c1cc(C)c(Oc2ccc3c(c2)C(=O)N(c2cccc(N4C(=O)c5ccc(Oc6c(C)cc(*)cc6C)cc5C4=O)c2)C3=O)c(C)c1,295.0,238.5115
*c1ccc2c(c1)C(=O)N(c1ccc(-c3ccc(N4C(=O)c5ccc(C(*)(C(F)(F)F)C(F)(F)F)cc5C4=O)cc3-c3ccc(-c4ccccc4)cc3)c(-c3ccc(-c4ccccc4)cc3)c1)C2=O,285.0,306.3315
*COC(=O)N1CCN(C(=O)OCC(*)(C)C)CC1,70.0,66.12636666666667
*CC(*)c1ccccc1COC,89.0,70.447
*OC(=O)c1ccc(Cc2ccc(C(*)=O)cc2)cc1,122.0,66.773
*O[Si](*)(C)C1CC2CC1CC2OC(=O)OC(C)(C)C,60.0,48.218333333333334
*CC(*)OC(=O)C(C)(C)C(C)(C)CC,90.0,30.37
*CC(*)c1ccc(C(C)(O)CCCCC)cc1,100.0,7.710216991341992
*c1cc(OC)c(OC(=O)CCCCCCCCC(=O)Oc2c(OC)cc(*)cc2OC)c(OC)c1,94.0,38.12843214285715
*CC(*)C(=O)OCCOC(F)(F)C(F)F,-21.99999999999997,2.892
*OCCOCCOC(=O)Oc1cccc(N(c2ccccc2)c2ccc(-c3ccc(N(c4ccccc4)c4cccc(OC(*)=O)c4)cc3)cc2)c1,113.0,47.62691666666667
*Nc1ccc(C(c2ccc(NC(=O)c3ccc(-c4ccc(C(*)=O)cc4)cc3)cc2)(P2(=O)Oc3ccccc3-c3ccccc32)P2(=O)Oc3ccccc3-c3ccccc32)cc1,251.0,288.7265
*C(=O)Oc1ccc(Cc2ccc(OC(=O)c3cc(*)cc(OCCCCC)c3)cc2)cc1,110.0,27.758164285714283
*c1c(C)cc(C)c(N2C(=O)c3ccc(Oc4ccc(Oc5ccc6c(c5)C(=O)N(*)C6=O)cc4)cc3C2=O)c1C,345.0,217.05416666666665
*C(=O)OCCOC(=O)c1cc(*)cc(C(C)(C)C)c1,94.0,66.6664
*OC1C(CO)OC(*)C(O)C1O,332.0,16.186
*CC(*)Cc1cccc(C)c1,40.0,36.212199999999996
*NCCCCCCCNC(=O)c1ccc(C(*)=O)cc1,160.0,105.07872424242441
*c1ccc(OCC(O)COc2ccc(C3CCCC(*)(CC)C3)cc2)cc1,140.0,86.02658333333335
*c1cc(C(C)C)c(N2C(=O)c3ccc(C(c4ccc5c(c4)C(=O)N(c4c(C(C)C)cc(C(*)(c6ccccc6)C(F)(F)F)cc4C(C)C)C5=O)(C(F)(F)F)C(F)(F)F)cc3C2=O)c(C(C)C)c1,274.0,272.925
*c1ccc(Oc2ccc3c4c2cccc4c(=O)n2c4ccc(Oc5ccc6nc7c8cccc9c(Oc%10ccc(C(*)(C)C)cc%10)ccc(c(=O)n7c6c5)c98)cc4nc32)cc1,334.0,240.77749999999997
*Cc1ccc(NC(=O)CCCCC(=O)NC(*)(C)C)cc1,130.0,65.04103333333333
*CC(O)CN(*)c1cc(C)c(/N=N/c2ccc([N+](=O)[O-])cc2)c(C)c1,152.0,132.042
*C(C)C(*)C(=O)OCCC,116.0,-12.583
*CCCCCCCCCCCCCCC(=O)NCCCCCCCCCCCCNC(*)=O,46.0,35.46373192513652
*Nc1ccc(Oc2cccc3c(NC(=O)c4ccc5c(c4)C(=O)N(c4ccc(Oc6cccc7c(N8C(=O)c9ccc(C(*)=O)cc9C8=O)cccc67)cc4)C5=O)cccc23)cc1,276.0,253.46266666666665
*Nc1cc(NC(=O)c2ccc(C(*)=O)cc2)cc(-c2nc3ccccc3oc2=O)c1,103.0,212.837
*c1ccc(-c2sc(-c3cc(SCCCC)c(*)s3)cc2SCCCC)cc1,129.0,35.4063619047619
*NCCCCCCCCNC(=O)c1ccc(C(*)=O)cc1Sc1ccccc1,110.0,109.95826904761904
*N=P(*)(Oc1ccc2ccccc2c1)Oc1ccc2ccccc2c1,47.0,30.688599999999997
*Nc1ccc(Oc2ccc(NC(=O)c3ccc(P(=O)(c4ccccc4)c4ccc(C(*)=O)cc4)cc3)cc2)cc1,254.0,237.09483333333336
*c1ccc(OCCCCCCCCOc2ccc(C(*)(C)C)cc2)cc1,19.600000000000023,24.855623809523813
*CCCCCCCCC(=O)NC(Cc1ccccc1)C(=O)OC1COC2C(OC(=O)C(Cc3ccccc3)NC(*)=O)COC12,74.0,56.70628809523809
*C(=O)Nc1ccc(Cc2ccc(NC(=O)c3cc(*)cc(NC(=O)CCN4C(=O)c5ccccc5C4=O)c3)cc2)cc1,235.0,222.622
*CCCCCC(=O)NCCCCCCCNC(*)=O,55.0,35.46373192513652
*NC(=O)c1ccc(NC(=O)CCCCCCCCCCCCC(=O)Nc2ccc(C(=O)Nc3ccc(*)cc3C(=O)OCCCCCCCCCCCCCCCCCC)cc2)cc1,191.0,92.84527777777778
*CC(CC)C(=O)NCCCCCCNC(=O)C(*)CC,94.0,40.58711904761905
*c1ccc(OC2(F)C(F)(F)C(F)(F)C2(F)Oc2ccc(C(*)(C)C)cc2)cc1,98.0,172.8291
*c1ccc(Oc2ccc(P(=O)(c3ccccc3)c3ccc(Oc4ccc(P(*)(C)=O)cc4)cc3)cc2)cc1,238.0,183.30125
*CC(*)OC(=O)CC(C)(C)c1ccccc1,20.0,81.152
*C(=O)c1ccc2c(c1)C(=O)N(c1ccc(Oc3ccc(N4C(=O)c5ccc(C(=O)c6cc(*)cc(C(C)(C)C)c6)cc5C4=O)cc3)cc1)C2=O,252.5,251.08033333333336
*/C=C/*,-4.0,-35.423
*OCCOC(=O)c1ccc2c(c1)C(=O)N(c1ccc(C(*)=O)cc1)C2=O,280.0,166.422
*Oc1ccc(C2(c3ccc(OC(=O)c4cccc(C(*)=O)c4)cc3)CCC3CCCCC3C2)cc1,248.0,135.10466666666665
*Nc1ccc(Oc2ccc(C3(c4ccc(Oc5ccc(NC(=O)c6ccc7c(c6)C(=O)N(c6ccc(N8C(=O)c9ccc(C(*)=O)cc9C8=O)cc6)C7=O)cc5)cc4)NC(=O)c4ccccc43)cc2)cc1,322.0,255.81166666666667
*c1nc(C)nc(N(CCCCN(*)c2ccccc2)c2ccccc2)n1,85.0,-16.58719642857143
*Nc1ccc(Cc2ccc(NC(=O)Oc3ccc(/N=C/CCC/C=N/c4ccc(OC(*)=O)cc4)cc3)cc2)cc1,76.0,104.99916666666665
*c1ccc2c(c1)C(=O)N(c1ccc(OCCCCCCCCCCOc3ccc(N4C(=O)c5ccc(C(*)(C(F)(F)F)C(F)(F)F)cc5C4=O)cc3)cc1)C2=O,143.0,187.04
*CC(*)c1ccc(C(=O)OCCN(C)C)cc1,91.0,71.2388
*CC(=O)Nc1ccc(-c2ccc(NC(=O)Cc3cc(C)c(*)cc3C)cc2)cc1,171.0,143.663
*OC(=O)c1cccc(C(=O)Oc2cc(*)cc(CCCCCCCC)c2)c1,50.5,25.368771428571424
*c1ccc(OC(=O)CCCCCCCCC(=O)Oc2ccc(C(*)(C)C)cc2)cc1,14.25,24.431741666666674
*OCCCCCCCCCCCOc1cccc(-c2nnc(-c3ccc(OCCCCCCCCCCCOC(=O)c4cccc(C(*)=O)c4)cc3)s2)c1,39.0,15.419283549783547
*NC(=O)C(Cc1ccccc1)NC(=O)CCCCCCCCC(=O)NC(Cc1ccccc1)C(=O)NC(C(=O)NCC(=O)NCCCOCCOCCOCCCNC(=O)CNC(=O)C(*)C(C)C)C(C)C,58.0,72.02179999999998
*OCCCCCCCCCCOC(=O)c1ccc(-c2ccc(-c3ccc(C(*)=O)cc3)cc2)cc1,50.0,46.883509523809536
*Oc1ccc2c(c1)C(=O)N(CC1CC3CC1C1CCC(CN4C(=O)c5ccc(*)cc5C4=O)C31)C2=O,201.0,163.87833333333333
*N=P(*)(Oc1cccc(C(F)(F)F)c1)Oc1cccc(C(F)(F)F)c1,-34.99999999999997,27.2985
*CC(*)(C)C(=O)OCCN(C)c1ccc(/N=N/c2ccc(/N=N/c3ccc(C#N)cc3)cc2C)cc1,120.0,96.824
*C(=O)c1ccc(N(*)CCCCCCC)cc1,45.900000000000034,46.835060828060826
*CC(*)C(=O)Nc1ccc(Cl)cc1,76.0,148.658
*C1C(=O)N(C2CCCCC2)C(=O)C1*,232.0,303.851
*C(=O)c1ccc(C(=O)c2ccc(Oc3ccc(C4(c5ccc(Oc6ccc(*)cc6)cc5)c5ccccc5-c5ccccc54)cc3)cc2)cc1,243.0,232.6918416666667
*c1ccc(CNC(=O)OCc2ccc(COC(=O)NCc3ccc(C(*)(C)C)o3)o2)o1,55.0,70.23
*Nc1ccc(NC(=O)c2cccc(C(=O)c3ccc(C(*)=O)cc3)c2)cc1,257.5,282.007
*C(=O)c1ccc(NC(=O)c2ccc(C(=O)Nc3ccc(C(=O)c4c(C)c(C)c(*)c(C)c4C)cc3)cc2)cc1,345.0,172.105
*c1cc(C)c(OC(=O)c2ccc(N3C(=O)CC(Nc4cccc(NC5CC(=O)N(c6ccc(C(=O)Oc7c(C)cc(C(*)c8cccnc8)cc7C)cc6)C5=O)c4)C3=O)cc2)c(C)c1,194.0,253.567
*c1ccc(-c2ccc([Si](CCCC)(CCCC)[Si](*)(CCCC)CCCC)s2)s1,-19.99999999999997,-3.7028714285714286
*C(=O)c1ccc(N2C(=O)c3ccc(C(=O)c4ccc5c(c4)C(=O)N(c4cccc(Cc6ccc(*)cc6)c4)C5=O)cc3C2=O)cc1,254.0,235.893
*C(CC1C(=O)OC(=O)C1*)OC1CCCCC1,201.0,76.38875
*CCC1C(=O)N(C)C(=O)C1*,141.20000000000005,159.35
*CC(*)C(=O)OCC(CC)CCCC,-57.07499999999999,-52.741841167166164
*Nc1ccc(Cc2ccc(NC(=O)OCCCCOC(*)=O)cc2)cc1,109.0,77.0193181818182
*Nc1ccc(Oc2ccc(C(c3ccc(Oc4ccc(NC(=O)c5cc(C(*)=O)cc([N+](=O)[O-])c5)cc4)cc3)(C(F)(F)F)C(F)(F)F)cc2)cc1,232.0,239.94416666666666
*Nc1ccc2c(c1)-c1cc(NC(=O)c3ccc4c(c3)C(=O)N(c3cccc(P(=O)(c5ccccc5)c5cccc(N6C(=O)c7ccc(C(*)=O)cc7C6=O)c5)c3)C4=O)ccc1C2,248.0,288.41575
*c1ccc(Oc2ccc(C(=O)Nc3cccc(Oc4ccc(NC(=O)c5ccc(Oc6ccc(C(C)(C)c7cccc(C(*)(C)C)c7)cc6)cc5)cc4)c3)cc2)cc1,147.0,223.2343857142857
*Oc1ccc(C(=O)c2ccc(C(=O)c3ccc(Oc4ccc(*)cc4-c4cccc(C)c4)cc3)cc2)cc1,159.0,170.75744523809522
*C=Cc1cccc(/C=C/[Si](C)(CCC(F)(F)F)c2cccc([Si](*)(C)CCC(F)(F)F)c2)c1,9.5,14.085
*C(=O)c1ccc2c(c1)C(=O)N(c1cccc(Cc3ccc(Cc4cccc(N5C(=O)c6ccc(*)cc6C5=O)c4)cc3)c1)C2=O,240.0,234.56466666666668
*CCC(C)C(*)C,-25.99999999999997,-23.884
*CC(*)(C)C(=O)OCCCCCCCOc1ccc2cc(C(=O)Oc3ccccc3)ccc2c1,40.0,5.477484199134201
*C(=O)NC(=O)Oc1ccc(C(C)(C)c2ccc(OC(=O)NC(=O)c3cc(*)cc(C(C)(C)C)c3)cc2)cc1,123.5,142.12904761904764
*c1ccc(Oc2ccc(C(=O)Oc3ccc(C45CC6CC(CC(C6)C4)C5)c(OC(=O)c4ccc(Oc5ccc(C6(*)CCC(C(C)(C)C)CC6)cc5)cc4)c3)cc2)cc1,180.0,209.75192500000003
*c1ccc(OC(=S)Oc2ccc(C(*)C)cc2)cc1,107.0,92.57003333333333
*=Cc1ccc(Oc2ccc(S(=O)(=O)c3ccc(Oc4ccc(C5(c6ccc(Oc7ccc(S(=O)(=O)c8ccc(Oc9ccc(/C=C%10\CCC(=*)C%10=O)cc9)cc8)cc7)cc6)CCCC5)cc4)cc3)cc2)cc1,240.0,210.07616666666667
*=C(C#N)c1ccc(C(=O)OCCC2CCN(C(=*)c3ccc(OC)cc3)CC2)cc1,167.0,80.741
*CC(*)(C)C(=O)OC1CCCC1,75.0,89.51508333333334
*Nc1ccc(Oc2ccc(Nc3ccc4c(c3)c3cc(*)ccc3n4CC(CC)CCCC)cc2)cc1,220.0,133.0757857142857
*c1ccc(OC(=O)CCCCCCCCC(=O)Oc2ccc(C(*)(CC)c3ccccc3)cc2)cc1,88.0,19.955501190476195
*CC(*)c1ccc(C)c(C)c1,110.85000000000002,119.513
*Oc1ccc(OC(=O)c2ccc(C(*)=O)cc2Sc2ccc3ccccc3c2)cc1,148.0,147.01616666666666
*Oc1ccc(C=Cc2ccc(Oc3ccc(-c4nnc(-c5ccc(*)c6ccccc56)o4)c4ccccc34)c3ccccc23)cc1,241.0,158.158
*OC(=O)c1ccc(OCCCCOc2ccc(C(*)=O)cc2)cc1,45.0,43.74034437229438
*c1ccc(NC(=O)c2cccc(C(=O)Nc3ccc(C(*)(C)C)cc3)c2)cc1,279.0,241.27616666666668
*CC(C)(C)C1C(=O)N(CCCC)C(=O)C1*,80.0,121.44016666666667
*COC(=O)OC(*)COCCOC,-49.99999999999997,-35.43043333333333
*Cc1ccc(C(=O)NCCCCCNC(*)=O)cc1,103.0,62.78687572150072
*c1ccc2c(c1)C(=O)N(c1ccc(OCCCCCCOc3ccc(N4C(=O)c5ccc(C(*)(C(F)(F)F)C(F)(F)F)cc5C4=O)cc3)cc1)C2=O,167.0,187.04
*CC(*)OC(=O)c1cccnc1,86.5,72.321
*O[Si](O[Si](C)(C)c1ccc([Si](*)(C)C)cc1)(c1ccccc1)c1ccccc1,0.0,-5.225
*Nc1ccc(-c2c(-c3ccc(-c4ccccc4)cc3)cc(-c3ccc(OCCCCCCCCCCOc4ccc(-c5cc(-c6ccc(-c7ccccc7)cc6)c(-c6ccc(NC(=O)c7ccc(C(*)=O)cc7)cc6)c(-c6ccc(-c7ccccc7)cc6)c5)cc4)cc3)cc2-c2ccc(-c3ccccc3)cc2)cc1,111.0,123.49839285714287
*c1cc(C)c(OC(=O)CCCCC(=O)Oc2c(C)cc(*)cc2C)c(C)c1,108.0,45.951466666666676
*NC(=O)CCCCCCCCC(=O)Nc1cc([N+](=O)[O-])c(*)cc1/C=C/c1ccc(N(C)C)cc1,159.0,102.17416666666665
*CCCN1C(=O)c2ccc(-c3ccc4c(c3)C(=O)N(CCC[Si](C)(C)O[Si](*)(C)C)C4=O)cc2C1=O,75.0,104.50327056277054
*c1ccc2c(c1)C(=O)N(c1ccc(-c3ccc(N4C(=O)c5ccc(*)cc5C4=O)cc3C(F)(F)F)c(C(F)(F)F)c1)C2=O,323.75,290.705
*N=Cc1ccc(-c2ccc(-c3ccc(/C=N/c4cccc(*)c4)cc3)s2)cc1,150.0,116.604
*c1ccc(Oc2ccc(S(=O)(=O)c3ccc(Oc4ccc(C(*)(C)C)cc4)c([N+](=O)[O-])c3)cc2[N+](=O)[O-])cc1,206.0,201.63280497835498
