smiles,tg_true,tg_pred
*CC(*)c1ccc(C(=O)N2CCCCC2)cc1,114.0,137.56468
*OC(=O)c1ccc(Oc2ccc(C3(c4ccc(Oc5ccc(C(=O)Oc6ccc(-c7ccc(*)cc7C)c(C)c6)cc5)cc4)CCC(C(C)(C)C)CC3)cc2)cc1,163.0,171.40703
*c1ccc(Oc2ccc(S(=O)(=O)c3ccc(Oc4ccc(-c5c6c(c(*)c7ccccc57)C(=O)N(c5ccc(F)cc5)C6=O)cc4)cc3)cc2)cc1,300.0,252.23264
*c1ccc(-c2ccc(-c3sc(-c4ccc([Si](CCCC)(CCCC)c5ccc(-c6cc(CCCCCCCC)c(*)s6)s5)s4)cc3CCCCCCCC)s2)s1,-1.0,23.45559
*CC(*)C(=O)c1ccc(Br)c(OC)c1,44.0,130.96954
*C#Cc1ccc(-c2nnc(-c3ccc(C#Cc4cc(OCCCCCCCC)c(*)cc4OCCCCCCCC)cc3)o2)cc1,130.0,85.7015
*OC1COC2C(OC(=O)c3cccc(OCCCCCCCCCCOc4cccc(C(*)=O)c4)c3)COC12,30.0,39.423073
*CC(*)OC(=O)CCCC1CCCCC1,-10.0,-17.115646
*c1ccc(C)c(N2C(=O)c3ccc(S(=O)(=O)c4ccc5c(c4)C(=O)N(*)C5=O)cc3C2=O)c1,348.0,306.82632
*CC(*)C(=O)OCC(C)O,-7.0,-0.31785583
*NNC(=O)c1ccccc1C(=O)Nc1cccc(C=C2CCCC(=Cc3cccc(NC(=O)c4ccccc4C(*)=O)c3)C2=O)c1,195.0,248.2203
*CC(*)c1cc(OC)c(O)c(OC)c1,147.0,118.42153
*=Cc1ccc(N(c2ccccc2)c2ccc(C=C(c3ccc(OC)cc3)c3ccc(C(=*)c4ccc(OC)cc4)cc3)cc2)cc1,197.0,177.07207
*C(=O)c1ccc(Oc2ccc(-c3nc4ccccc4n3-c3ccc(-n4c(-c5ccc(Oc6ccc(*)cc6)cc5)nc5ccccc54)cc3)cc2)cc1,242.0,247.16156
*=Nc1cccc(Oc2cccc(Oc3cccc(N=C4OC(=O)c5ccc(C(=O)c6ccc7c(c6)C(=*)OC7=O)cc54)c3)c2)c1,190.0,196.86282
*Nc1cc(NC(=O)Nc2cccc3c(NC(*)=O)cccc23)cc(C(=O)Nc2ccc3c(c2)C(=O)c2ccccc2C3=O)c1,178.0,303.7815
*C(=O)NCc1cccc(CNC(=O)c2cc(*)cc(C(C)(C)C)c2)c1,192.0,185.048
*CC(*)c1ccc(COCCC(F)(F)C(F)(F)C(F)(F)C(F)(F)C(F)(F)C(F)(F)F)cc1,18.0,33.58603
*C(F)(F)C(*)(OC(F)(F)F)OC(F)(F)F,-59.99999999999997,4.9393387
*Nc1ccc(-c2cc(-c3ccccc3)cc(-c3ccc(NC(=O)c4ccc5c(c4)C(=O)N(c4ccc(Oc6cccc7c(N8C(=O)c9ccc(C(*)=O)cc9C8=O)cccc67)cc4)C5=O)cc3)n2)cc1,295.0,284.324
*Nc1ccc(Oc2ccc(C3(c4ccc(Oc5ccc(NC(=O)c6ccc(C(*)=O)c7ccccc67)cc5)cc4)C4CC5CC(C4)CC3C5)cc2)cc1,269.0,233.45798
*CC(*)C(=O)Oc1ccc(C(=O)c2ccc(Cl)cc2)cc1,78.0,144.41013
*O[Si](*)(C)C=C,-128.99999999999997,-98.12014
*CCNC(=O)c1ccc(C(=O)NCC(C)CC(*)CC)cc1,139.0,84.43847
*[Si](*)(C)CCCOCC1COC(C)(C)O1,-47.99999999999997,-59.137733
*Nc1ccc(C2(c3ccc(NC(=O)c4ccc5c(c4)C(=O)N(c4ccc(Oc6cccc(Oc7ccc(N8C(=O)c9ccc(C(*)=O)cc9C8=O)cc7)c6)cc4)C5=O)cc3)c3ccccc3-c3ccccc32)cc1,278.0,266.76456
*CCCN1C(=O)CC(*)CC1=O,90.0,119.100815
*c1ccc(Oc2cccc3c2C(=O)N(c2ccc(Oc4cccc(Oc5ccc(N6C(=O)c7cccc(Oc8cccc(C(*)(C)C)c8)c7C6=O)cc5)c4)cc2)C3=O)cc1,202.0,218.09375
*CC(*)(C)C(=O)OCCOc1ccc(-c2ccc(-c3ccc(C#N)cc3)cc2)cc1,115.0,123.35613
*C(=O)c1ccc(C(=O)O)c(C(=O)Nc2ccc(NC(=O)c3cc(*)ccc3C(=O)O)cc2)c1,213.20000000000005,238.92325
*CN(CC(*)O)c1ccc(/N=N/c2ccc(Cl)cc2)cc1,160.0,165.76523
*CCC(=O)OCCOC(*)=O,-8.625,-22.381493
*c1cccc(Oc2cccc(Oc3cccc(N4C(=O)c5c(c(-c6ccccc6)c(-c6ccc(-c7c(-c8ccccc8)c8c(c(-c9ccccc9)c7-c7ccccc7)C(=O)N(*)C8=O)cc6)c(-c6ccccc6)c5-c5ccccc5)C4=O)c3)c2)c1,280.0,230.1005
*CCOc1ccc(-c2nc3ccc(Oc4ccc5nc(-c6ccc(OCCN(*)c7ccc(/C=C/c8ccc([N+](=O)[O-])cc8)cc7)cc6)c(-c6ccccc6)nc5c4)cc3nc2-c2ccccc2)cc1,201.0,203.17343
*CC(*)(CC(=O)OCCCCCCCCC)C(=O)OCCCCCCCCC,-13.0,-45.17759
*CC(*)Cl,78.42500000000001,0.34709167
*c1ccc(C(=O)Oc2cccc(OC(=O)c3ccc(C(*)(C)C)cc3)c2)cc1,158.0,174.02486
*CC(*)(C)C(=O)OCCCCCC(=O)Oc1ccc(OC(=O)c2ccc(OCCC)cc2)cc1,45.0,37.24604
*CC(*)C(=O)OCCC#N,4.0,25.59473
*CCC1(CCC(=O)N2CCN(C(*)=O)CC2)c2ccccc2-c2ccccc21,145.0,159.62115
*=C1C(=O)N(CC(CCCCCCCC)CCCCCCCCCC)c2cc(-c3ccc(-c4ccc(-c5ccc6c(c5)N(CC(CCCCCCCC)CCCCCCCCCC)C(=O)C6=*)s4)s3)ccc21,65.0,65.557846
*C(=O)c1ccc2c(c1)C(=O)N(c1ccc(Cc3ccccc3N3C(=O)c4ccc(*)cc4C3=O)cc1)C2=O,290.0,257.89056
*CC(*)(C)C(=O)OC1CC2CCC1(C)C2(C)C,180.5,171.41148
*c1ccc(-c2nnc(-c3ccc([Si](*)(c4ccccc4)c4ccccc4)cc3)o2)cc1,262.0,239.08307
*c1ccc(N2C(=O)c3ccc(Oc4ccc5c(c4)C(=O)N(c4ccc(Oc6c(C(C)(C)C)cc(*)cc6C(C)(C)C)cc4)C5=O)cc3C2=O)cc1,342.0,246.73456
*Nc1ccc(Oc2ccc(N3C(=O)c4ccc(Oc5ccc(C(*)=O)cc5)cc4C3=O)cc2)cc1,262.0,213.82773
*CC(*)(C)C(=O)NC(=O)OCCOc1ccc(S(=O)(=O)c2ccc(OCCO)cc2)cc1,131.0,94.26641
*CCCCCCCCCCN1C(=O)c2ccc(C(=O)Oc3ccc(-c4ccc(OC(*)=O)cc4)cc3)cc2C1=O,61.0,111.35846
*Oc1ccc(-n2c(=O)c3cc4c(=O)n(-c5ccc(Oc6ccc(*)cc6C)cc5)c(=O)c4cc3c2=O)cc1,310.0,261.05615
*Oc1ccc(-c2ccc(Oc3cccc4c3C(=O)N(c3cccc(N5C(=O)c6cccc(*)c6C5=O)c3)C4=O)cc2)cc1,275.0,264.1363
*NC(CCC(=O)OCc1ccccc1)C(*)=O,17.0,90.88502
*CC(*)(C)C(=O)OCCS(=O)(=O)c1ccc(/N=N/c2ccc(N(CC)CC)cc2)cc1,142.0,113.48515
*c1ccc(C(=O)c2ccc(Sc3ccc(C(=O)c4ccc(C(*)(C)C)cc4)cc3)cc2)cc1,175.0,185.32733
*CC(*)c1ccc(-c2ccccc2)cc1,137.85000000000002,158.13347
*NC(=O)c1ccc2c(c1)C(=O)N(C1CC(=O)N(c3cc(C)ccc3*)C1=O)C2=O,237.0,310.3057
*c1ccc2c(c1)C(=O)N(C1CCC(CC3CCC(N4C(=O)c5ccc(C(*)(C(F)(F)F)C(F)(F)F)cc5C4=O)CC3)CC1)C2=O,265.0,229.4902
*CC1C(=O)OC(=O)C1C(*)OCC,146.0,52.17306
*CC(*)C(=O)OCCCCOc1ccc(-c2ccc(C#N)cc2)cc1,30.0,52.393463
*N=P(*)(OCC1COCCOCCOCCOCCOCCO1)OCC1COCCOCCOCCOCCOCCO1,-39.99999999999997,-47.832527
*=Cc1ccc(OCCCCCCOc2ccc(/C=C3\CCCC(=*)C3=O)cc2)cc1,116.0,51.435665
*Oc1ccc2c(c1)C(=O)N(c1cccc(P(=O)(c3ccc(C(F)(F)F)cc3)c3cccc(N4C(=O)c5ccc(*)cc5C4=O)c3)c1)C2=O,248.0,295.8654
*COC(=O)OCC(OC(=O)Oc1ccc(C(=O)OC)cc1)C(*)OC(=O)Oc1ccc(C(=O)OC)cc1,90.90000000000003,93.4306
*OCCOCCOC(=O)c1ccccc1C(*)=O,-49.99999999999997,10.433792
*c1cccc(Oc2ccc(C(c3ccc(Oc4cccc(-n5c(=O)c6cc7c(=O)n(*)c(=O)c7cc6c5=O)c4)cc3)(C(F)(F)F)C(F)(F)F)cc2)c1,226.5,236.108
*c1ccc2c(c1)C(=O)N(c1ccc(Cc3ccc(N4C(=O)c5ccc([Si](*)(C)C)cc5C4=O)cc3)cc1)C2=O,280.0,234.75339
*CC(*)c1ccccc1COCCCC,67.0,-8.052338
*NCC1CCC(CNC(=O)c2cccc(C(*)=O)c2)CC1,208.0,138.21753
*c1ccc(NC2CC(=O)N(c3ccc(-c4sc(-c5ccc(N6C(=O)CC(Nc7ccc(-c8nc(C#N)c(C#N)nc8*)cc7)C6=O)cc5)c(-c5ccccc5)c4-c4ccccc4)cc3)C2=O)cc1,231.0,294.83432
*c1ccc(OC(=O)c2ccc(S(=O)(=O)c3ccc(C(=O)Oc4ccc(C(*)(C)C)cc4)cc3)cc2)cc1,220.0,204.79314
*CC(CC(*)(C#N)C#N)c1ccc(F)cc1,180.0,145.49469
*NCCCCCCCCCCCCNC(=O)c1ccc(-c2nc3ccccc3nc2-c2ccc(C(*)=O)cc2)cc1,154.0,164.85995
*CC(*)C(=O)OCC1(CC)COC(c2ccccc2)OC1,50.0,55.205124
*Oc1cccc2c1C(=O)N(c1ccc(Oc3ccc(Oc4ccc(N5C(=O)c6ccc(*)cc6C5=O)cc4)cc3)cc1)C2=O,249.0,243.45605
*Nc1ccc(-c2ccc(NC(=O)c3ccc4c(c3)C(=O)N(c3cccc(P(=O)(c5ccccc5)c5cccc(N6C(=O)c7ccc(C(*)=O)cc7C6=O)c5)c3)C4=O)cc2)cc1,253.0,308.37302
*CCc1c(Cl)cc(*)cc1Cl,110.0,94.45
*OCCN(CCOC(=O)c1cc(OC2CCN(c3ccc(S(=O)(=O)C(F)(F)C(F)(F)C(F)(F)C(F)(F)C(F)(F)C(F)(F)C(F)(F)C(F)(F)F)cc3)CC2)cc(C(*)=O)c1)c1ccc(S(=O)(=O)C(F)(F)C(F)(F)C(F)(F)C(F)(F)C(F)(F)C(F)(F)C(F)(F)C(F)(F)F)cc1,99.0,130.50536
*OCCCCCCCCCCOC(=O)OCCCCCCOc1ccc(Oc2ccc(OCCCCCCOC(*)=O)cc2)cc1,-21.99999999999997,-24.118927
*CC(*)(C)C(=O)OCCOC,24.0,17.250458
*CC(*)OCCCCCCCCCCCOc1ccc(C(=O)Oc2ccc(C#N)cc2)cc1,37.0,15.4506
*Nc1ccc(S(=O)(=O)c2ccc(NC(=O)c3ccc(Oc4nc(Oc5ccc(C(*)=O)cc5)nc(Sc5ccccc5)n4)cc3)cc2)cc1,310.0,220.23715
*O[Si](C)(C)c1cccc(C(F)(F)C(F)(F)C(F)(F)c2cccc([Si](*)(C)C)c2)c1,-8.0,50.521004
*CCC1C(=O)N(CCCCCCCCCCCCCCCCCC)C(=O)C1*,67.10000000000002,32.312855
*c1ccc(Oc2ccc(S(=O)(=O)c3ccc(Oc4ccc(C(*)(C)C)cc4)cc3)cc2)cc1,186.0,202.92967
*c1cc(-n2c(=O)c3cc4c(=O)n(*)c(=O)c4cc3c2=O)c(O)cc1O,362.0,325.40527
*CCCCCCCCC(=O)OCC#CCOC(*)=O,-26.49999999999997,-40.750664
*Oc1ccc2ccccc2c1-c1c(OC(=O)c2ccc(N3C(=O)c4ccc(C(=O)Oc5ccc6ccccc6c5-c5c(OC(=O)c6ccc7c(c6)C(=O)N(c6ccc(C(*)=O)cc6)C7=O)ccc6ccccc56)cc4C3=O)cc2)ccc2ccccc12,266.5,242.4685
*CC(*)C(=O)N(C)C,114.0,75.44513
*COc1ccc(N2C(=O)c3ccc(C(c4ccc5c(c4)C(=O)N(c4ccc(OC(*)CCC)cc4)C5=O)(C(F)(F)F)C(F)(F)F)cc3C2=O)cc1,204.0,212.35417
*C(=O)OCCCCCCOc1ccc(-n2on2-c2ccc(OCCCCCCOC(=O)C(*)CCCCCCCCCCP(=O)(OCC)OCC)cc2)cc1,9.0,-14.285263
*N=P1(*)Oc2ccccc2-c2ccccc2O1,160.0,144.95378
*C=C(C#N)c1cc(OCCCCCCCCCCCCCCCC)c(C(C#N)=Cc2cc(OCCCCCCCCCCCCCCCC)c(*)cc2OC)cc1OC,190.0,49.030937
*c1ccc(-n2nccc2-c2cccc(-c3ccnn3-c3ccc(S(*)(=O)=O)cc3)c2)cc1,218.0,228.34875
*Oc1ccc(OC(=O)c2ccc(C(*)=O)cc2Oc2ccc(Br)cc2)cc1,108.0,156.06442
*=NP(=NP(=NS(=*)Oc1ccc(-c2ccccc2)cc1)(Oc1ccc(-c2ccccc2)cc1)Oc1ccc(-c2ccccc2)cc1)(Oc1ccc(-c2ccccc2)cc1)Oc1ccc(-c2ccccc2)cc1,69.0,125.44965
*CCC(F)(F)CC[Si](C)(CCC(F)(F)F)O[Si](*)(C)CCC(F)(F)F,-37.99999999999997,-88.02584
*CC(*)(C)C(=O)OCCCCCCCCCC,-63.82499999999999,-31.65628
*c1cc(C)c(O[Si](C)(C)CC[Si](C)(C)Oc2c(C)cc(*)cc2C)c(C)c1,55.0,15.995522
*CC(*)(CC(=O)OCCOCCOC)C(=O)OCCOCCOC,-40.49999999999997,-40.841652
*Oc1ccc2cc(OC(=O)c3ccc4c(c3)C(=O)N(CCOCCOCCN3C(=O)c5ccc(C(*)=O)cc5C3=O)C4=O)ccc2c1,105.0,181.67868
*CN1C(=O)c2ccc(C(c3ccc4c(c3)C(=O)N(CC(=O)Nc3ccc(Oc5ccc(-c6ccc(Oc7ccc(NC(*)=O)cc7)cc6)cc5)cc3)C4=O)(C(F)(F)F)C(F)(F)F)cc2C1=O,245.0,248.65247
*c1ccc2c(c1)C(=O)N(c1ccc(N3C(=O)c4ccc(C(*)(C(F)(F)F)C(F)(F)F)cc4C3=O)c(C(F)(F)F)c1)C2=O,366.0,287.21063
*NCCCCCc1nc2cc(-c3ccc4[nH]c(CCCCCNc5nc(*)nc(N(CC)CC)n5)nc4c3)ccc2[nH]1,190.0,151.84067
*c1ccc(CCCCc2ccc(-c3c(-c4ccccc4)cc(-c4ccc(-c5cc(-c6ccccc6)c(*)c(-c6ccccc6)c5-c5ccccc5)cc4)c(-c4ccccc4)c3-c3ccccc3)cc2)cc1,205.0,250.60016
*CC(COc1ccccc1)OC(*)=O,20.0,35.881138
*CC(=O)C(*)c1ccc(C(C)(C)C)cc1,158.0,131.69913
*c1ccc2ncc(-c3ccc(-c4cnc5ccc(S(*)(=O)=O)cc5n4)cc3)nc2c1,342.0,298.2357
*CC1C(=O)OC(=O)C1C(*)OC,153.5,77.60024
*CC(*)(C)C(=O)OCCCCCCCCCCCCOc1ccc2cc(C(=O)Oc3ccccc3)ccc2c1,12.0,55.3338
*Oc1ccc(Oc2ccc3c(c2)C(=O)N(c2ccc(Oc4ccc(S(=O)(=O)c5ccc(Oc6ccc(N7C(=O)c8ccc(*)cc8C7=O)cc6)cc5)cc4)cc2)C3=O)cc1,201.0,236.07779
*c1ccc(Cc2ccc(S(*)(=O)=O)cc2)cc1,227.5,167.59338
*CC(COC)O*,-62.14999999999998,-48.08677
*c1ccc(Oc2ccc(S(=O)(=O)c3ccc(Oc4ccc(C(*)(C)C)cc4)s3)cc2)cc1,161.85000000000002,173.85551
*N=P(*)(N(C)C)N(C)C,-4.0,-25.06668
*CC(*)(C)C(=O)NC(C)c1cccc2ccccc12,171.0,170.18616
*/C=C(/*)CCCOc1ccc(OC(=O)c2ccc(OCCCCCCCC)cc2)cc1,42.0,7.4924164
*NC(=O)OC1CCN(c2ccc(/C=C/C3=CC(=C(C#N)C#N)C=C(/C=C/c4ccc(N5CCC(OC(=O)Nc6ccc(C)c(*)c6)CC5)s4)O3)s2)CC1,212.0,142.37437
*c1ccc2nc(-c3ccc(-c4nc5ccc(S(*)(=O)=O)cc5nc4-c4ccccc4)cc3)c(-c3ccccc3)nc2c1,345.0,318.81442
*c1ccc(CCCCc2ccc(-c3c(-c4ccccc4)cc(-c4cccc(-c5cc(-c6ccccc6)c(*)c(-c6ccccc6)c5-c5ccccc5)c4)c(-c4ccccc4)c3-c3ccccc3)cc2)cc1,180.0,249.68265
*CC(*)(C)C(=O)OCc1ccc(Cl)c(Cl)c1,34.450000000000045,88.76973
*Nc1cc(NC(=O)c2ccc(C(*)=O)cc2)cc(C(=O)Oc2ccc(-c3ccccc3)cc2)c1,178.0,235.5997
*Oc1ccc(-c2ccc(O[Si](*)(c3ccccc3)c3ccccc3)cc2)cc1,132.25,127.59187
*Oc1ccc(-c2ccc(Oc3c(F)c(F)c(COC(c4cccc(C(OCc5c(F)c(F)c(*)c(F)c5F)(C(F)(F)F)C(F)(F)F)c4)(C(F)(F)F)C(F)(F)F)c(F)c3F)cc2)cc1,110.0,194.74994
*Oc1ccc(S(=O)(=O)c2ccc(Oc3cccc4c3C(=O)N(c3ccc(Oc5cccc(Oc6ccc(N7C(=O)c8cccc(*)c8C7=O)cc6)c5)cc3)C4=O)cc2)cc1,230.0,252.51993
*C(=O)c1ccc2c(c1)C(=O)N(c1cc(N3C(=O)c4ccc(*)cc4C3=O)ccc1OCC(F)(F)C(F)(F)C(F)(F)C(F)(F)C(F)(F)C(F)(F)C(F)(F)C(F)(F)C(F)(F)C(F)(F)F)C2=O,194.0,215.08429
*c1ccc(OC(=S)Oc2ccc(C(*)(CC)c3ccccc3)cc2)cc1,173.0,106.00597
*NCCc1ccc(OC(=O)c2cccc(C(=O)Oc3ccc(CCNC(=O)c4cccc(C(*)=O)c4)cc3)c2)cc1,147.0,146.63548
*c1ccc2c(c1)C(=O)N(c1cccc(N3C(=O)c4ccc(-c5ccc6c(c5)C(=O)N(c5cccc(N7C(=O)c8ccc(C(*)(C(F)(F)F)C(F)(F)F)cc8C7=O)c5)C6=O)cc4C3=O)c1)C2=O,308.0,291.5247
*Oc1ccc(C(=O)O)c(C(=O)Nc2ccc(NC(=O)c3cc(*)ccc3C(=O)O)cc2)c1,166.3,264.20984
*c1ccc(N2C(=O)c3ccc(Oc4ccc(C5(c6ccc(Oc7ccc8c(c7)C(=O)N(c7ccc(N(*)c9ccc(C#N)cc9)cc7)C8=O)cc6)CCCCC5)cc4)cc3C2=O)cc1,243.0,244.41821
*C[Si](*)(CCCC)CCCC,-29.99999999999997,-111.09028
*CCC1C(=O)N(CCC)C(=O)C1*,90.40000000000003,77.92667
*CCOC(=O)NCC1(C)CC(NC(=O)OCCN(*)c2ccc(/N=N/c3ccc(B(c4c(C)cc(C)cc4C)c4c(C)cc(C)cc4C)cc3)cc2)CC(C)(C)C1,146.0,164.35475
*C(=O)OCC(COc1ccc(/N=N/c2ccc(C#N)cc2)cc1)OC(=O)c1cc(C)ccc1*,124.0,129.81772
*OC(*)C,-19.49999999999997,-32.50152
*OC(=O)c1cc(OCCCc2ccccc2)c(C(=O)Oc2ccc(*)cc2C)cc1OCCCc1ccccc1,91.0,75.57551
*c1ccc(-c2ccc(-c3cnc4ccc(-c5ccc6ncc(-c7ccc(*)cc7)nc6c5)cc4n3)cc2)cc1,305.0,296.30066
*CCCCCCCCCCCC(=O)NCCCCCCCCCCCCCNC(*)=O,56.5,8.352646
*c1ccc(Oc2ccc(-c3ccc(Oc4ccc(S(=O)(=O)c5ccc(-c6ccc(-c7ccc(S(*)(=O)=O)cc7)cc6)cc5)cc4)cc3)cc2)cc1,264.0,230.07513
*CSCC(*)(CC)CC,-36.24999999999997,-35.617477
*CC(*)(C)C(=O)OCCCCCCOc1cccc(C(=O)Oc2ccc(C#N)cc2)c1,38.0,57.420673
*=CCCCC(=*)c1ccc(Cl)cc1,16.0,47.091057
*Nc1ccc(Cc2ccc(NC(=O)OCc3ccc(COC(*)=O)o3)cc2)cc1,81.0,92.358154
*CC(O)CN(CC(O)CN(*)c1ccc(/N=N/c2ccc([N+](=O)[O-])cc2)cc1)c1ccccc1,70.0,154.3801
*CCCCCn1c(=O)c2cc3c(=O)n(CCCCCC(=O)Oc4ccc(OC(*)=O)cc4Cl)c(=O)c3cc2c1=O,87.0,128.83679
*c1ccc(OCCN(C)c2ccc(/C=C/C3=CC(=C(/C#N)C(=O)OC)/CC(C)(C)C3)cc2)c(N2C(=O)c3ccc(Oc4ccc5c(c4)C(=O)N(c4cc(C(*)(C(F)(F)F)C(F)(F)F)ccc4OCCN(c4ccccc4)c4ccc(/C=C/C6=CC(=C(/C#N)C(=O)OC)/CC(C)(C)C6)cc4)C5=O)cc3C2=O)c1,207.0,180.46252
*COCC(*)(C)COCC(F)(F)C(F)(F)C(F)(F)F,-44.99999999999997,-46.58477
*C=CC1=CC(=C(C#N)C#N)C=C(/C=C/c2sc(-c3ccc(-c4ccc(-c5ccc(-c6sc(*)c(CCCCCC)c6CCCCCC)s5)s4)s3)c(CCCCCC)c2CCCCCC)O1,134.0,72.582466
*C(=O)c1ccc(C(=O)c2ccc(Oc3ccc(-c4nc5ccccc5n4-c4ccc(-c5ccc(-n6c(-c7ccc(Oc8ccc(*)cc8)cc7)nc7ccccc76)cc5)cc4)cc3)cc2)cc1,259.0,257.61533
*c1ccc(-c2ccc(N(*)c3ccc(C)cc3)cc2)cc1,85.0,159.24504
*CC=CC[Si](*)(C)c1ccccc1,-1.0,-41.334206
*COC(=O)c1ccc(C(=O)OC(*)COc2ccc(/N=N/c3ccc(C#N)cc3)cc2)cc1,122.0,119.929596
*c1ccc(Oc2ccc(S(=O)(=O)c3ccc(-c4ccc(S(=O)(=O)c5ccc(Oc6ccc(S(*)(=O)=O)cc6)cc5)cc4)cc3)cc2)cc1,267.0,238.94443
*c1ccc(Oc2ccccc2Oc2ccc(-n3c(=O)c4cc5c(=O)n(*)c(=O)c5cc4c3=O)cc2)cc1,313.0,263.4501
*Cc1ccc(OC(=O)COCC(=O)Oc2ccc(CCC(=O)NC(*)C(=O)OCCCCCC)cc2)cc1,45.0,31.108315
*Sc1ccc(Sc2ccc(Sc3cccc4c3C(=O)N(N3C(=O)c5ccc(*)cc5C3=O)C4=O)cc2)cc1,242.0,232.91025
*Nc1ccc(Cc2ccc(NC(=O)OCc3cocc3COC(*)=O)cc2)cc1,45.0,89.79671
*NCCCCCCNC(=O)OCCCCCCCCOC(*)=O,58.0,-24.12577
*c1ccc2c(c1)C(=O)N(C(=S)Nc1ccc(Oc3ccc(NC(=S)N4C(=O)c5ccc(C(*)(C(F)(F)F)C(F)(F)F)cc5C4=O)cc3)cc1)C2=O,260.0,245.67102
*CCCCCCCCC(=O)OCCOC(=O)c1ccc(C(=O)OCCOC(*)=O)cc1,-6.5,6.359352
*Nc1ccc(Cc2ccc(NC(=O)OCCCOC(*)=O)cc2)cc1,119.0,69.70005
*C(=O)Nc1ccc(NC(=O)c2cc(*)c(C(=O)O)cc2C(=O)O)cc1,283.4,258.29388
*c1ccc(-c2cnc3ccc(-c4ccc5ncc(*)nc5c4)cc3n2)cc1,376.0,279.78732
*c1ccc(OC(=O)CCCCC(=O)Oc2ccc(C(*)(C)C)cc2C)c(C)c1,33.5,91.45731
*c1cc(C(C)(C)c2ccc(O)cc2)cc(*)c1O,135.0,166.08743
*CCCCCC(c1ccc(O)cc1)C(*)c1ccc(O)cc1C,16.0,78.99053
*C=CC1CC(*)CC1(C#N)CCC,108.0,52.96301
*CCCCCN1C(=O)c2ccc(C(=O)c3ccc4c(c3)C(=O)N(CCCCCC(=O)Nc3ccc(NC(*)=O)cc3)C4=O)cc2C1=O,200.0,182.97516
*c1ccc(OCCN(C)c2ccc(/C=C/C3=CC(=C(/C#N)C(=O)OCCc4ccccc4)/CC(C)(C)C3)cc2)c(N2C(=O)c3ccc(Oc4ccc5c(c4)C(=O)N(c4cc(C(*)(C(F)(F)F)C(F)(F)F)ccc4OCCN(c4ccccc4)c4ccc(/C=C/C6=CC(=C(/C#N)C(=O)OCCc7ccccc7)/CC(C)(C)C6)cc4)C5=O)cc3C2=O)c1,177.0,181.89928
*OCCCCCCCCOC(=O)OC1COC2C(OC(*)=O)COC12,19.5,12.347359
*C=Cc1ccc(-c2nnc(-c3ccc(C=Cc4ccc5c(c4)c4cc(*)ccc4n5CCCCCCCC)cc3)n2-c2ccccc2)cc1,147.0,155.2179
*Nc1ccc(Oc2ccc3nc(-c4ccccc4)c(-c4ccc(Oc5ccc(-c6nc7cc(Oc8ccc(NC(=O)c9cc(C(*)=O)cc(N%10C(=O)c%11ccccc%11C%10=O)c9)cc8)ccc7nc6-c6ccccc6)cc5)cc4)nc3c2)cc1,260.0,240.94333
*c1ccc(Oc2ccc(C(=O)c3ccc(C(=O)c4ccc(Oc5ccc(C(*)(C)C)cc5)cc4)cc3)cc2)cc1,160.0,205.0438
*Oc1c(F)c(F)c(-c2c(F)c(F)c(Oc3ccc(*)cc3S(=O)(=O)O)c(F)c2F)c(F)c1F,120.0,229.61899
*Nc1nc(NC(=O)c2ccc3c(c2)C(=O)N(c2ccc(Oc4cccc5c(N6C(=O)c7ccc(C(*)=O)cc7C6=O)cccc45)cc2)C3=O)nc(-c2ccccc2)n1,291.0,298.31027
*CC(*)(C)C(=O)OCCCCCC(=O)Oc1ccc(OC(=O)c2ccc(OCCCCCC)cc2)cc1,44.0,28.32806
*C(=O)c1cccc(C(=O)c2ccc(Oc3ccc(*)cc3C)c(C(C)C)c2)c1,147.0,156.0174
*CCCCCCCCCC(=O)NCc1ccc(CNC(*)=O)cc1,110.0,59.80136
*C(=O)c1ccccc1-n1c(=O)c2cc3c(=O)n(-c4ccc(*)cc4)c(=O)c3cc2c1=O,321.0,316.00653
*OCCOc1ccc(C(*)=O)cc1,84.0,50.655594
*CC(*)c1ccc(C(F)(F)C(F)(F)C(F)(F)C(F)(F)C(F)(F)C(F)(F)C(F)(F)F)cc1,42.0,97.40686
*CC(*)OC(=O)c1cccc(Br)c1,57.5,86.73508
*c1ccc(OCC(O)COc2cccc(NC(=O)Cc3cccc(CC(=O)Nc4cccc(OCC(O)COc5ccc(C(*)(C)C)cc5)c4)c3)c2)cc1,119.0,103.872055
*NCCCCCCCCCCCCNC(=O)c1ccc(C(*)=O)cc1,130.0,90.47553
*CC(c1ccccc1)C1C(=O)N(CCCOc2ccc(-c3ccc(C#N)cc3)cc2)C(=O)C1*,130.0,160.03943
*CCOCOCC*,-83.99999999999997,-57.423576
*c1ccc(C2(c3ccc(-c4cc(-c5ccccc5)c5cc(C6(c7ccc8nc(*)cc(-c9ccccc9)c8c7)c7ccccc7-c7ccccc76)ccc5n4)cc3)c3ccccc3-c3ccccc32)cc1,390.0,317.33734
*Oc1ccc(S(=O)(=O)c2ccc(OP(*)(=O)Oc3ccc(C)cc3)cc2)cc1,66.0,147.99013
*OCC1CCCC(COC(=O)c2ccc(C(*)=O)cc2)C1,75.0,56.14019
*C=Cc1cccc(/C=C/[Si](C)(C)c2cccc([Si](*)(C)C)c2)c1,28.700000000000045,29.39132
*Oc1ccc(C2(c3ccc(Oc4ccc5c(c4)C(=O)N(c4ccc(Oc6ccc(C7(c8ccc(Oc9ccc(N%10C(=O)c%11ccc(*)cc%11C%10=O)cc9)cc8)CC8CCC7C8)cc6)cc4)C5=O)cc3)CCC(c3ccccc3)CC2)cc1,245.0,211.66283
*Oc1ccc(Oc2ccc(Oc3ccc(Oc4ccc(-c5ccc(*)c6ccccc56)c5ccccc45)cc3)cc2)cc1,147.0,195.54745
*OCCCCOc1ccc(-c2ccc(*)c3ccccc23)c2ccccc12,130.0,119.41885
*c1ccc(Oc2ccc(S(=O)(=O)c3ccc(Oc4ccc(C(*)(C)C)cc4[N+](=O)[O-])cc3)cc2)cc1,190.0,199.08224
*Oc1ccc(Sc2ccc(Oc3cccc4c3C(=O)N(c3cccc(N5C(=O)c6cccc(*)c6C5=O)c3)C4=O)cc2)cc1,231.0,245.36212
*NC(=O)Nc1ccc(CCc2ccccc2NC(=O)Nc2cc(*)ccc2C)cc1,227.0,164.7691
*c1ccc(Oc2ccc(S(=O)(=O)c3ccc(Oc4ccc(C(*)C(C)C)cc4)cc3)cc2)cc1,200.0,174.32407
*CC(*)c1ccc(COCCOCC)cc1,0.0,3.262207
*CC(*)c1ccc(CCCCCCCCCCCC)cc1,-51.99999999999997,-13.162704
*c1ccc(Cc2ccc(N(c3ccc(C)cc3)c3ccc(-c4ccc(N(*)c5ccc(C)cc5)cc4)cc3)cc2)cc1,183.0,176.50552
*Cc1ccc(OC(=O)CCCCC(=O)Oc2ccc(CC(=O)NC(*)C(=O)OCCCCCC)cc2)cc1,36.0,32.039806
*CC(*)c1ccc(O)c(OC)c1,142.0,136.90115
*Oc1ccc(-c2ccc(Oc3ccc4c(c3)C(=O)N(c3ccc(Oc5cccc(Oc6ccc(N7C(=O)c8ccc(*)cc8C7=O)cc6)c5)cc3)C4=O)cc2)cc1,205.0,228.49725
*NC(=O)CCCCC(=O)NC(CCSC)C(=O)OC1COC2C(OC(=O)C(*)CCSC)COC12,71.0,35.901276
*CC(*)(C)C(=O)OCCN(CC)CC,26.0,29.346802
*Oc1ccc2c(c1)C(=O)N(c1cccc(S(=O)(=O)c3cccc(N4C(=O)c5ccc(*)cc5C4=O)c3)c1)C2=O,246.0,321.15805
*CC(OC)C(C)(C(=O)OC)C(*)(C)C(=O)OC,134.0,98.887634
*c1ccc(Oc2ccc3c(c2)C(=O)N(c2ccc(Oc4ccc(S(=O)(=O)c5ccc(Oc6ccc(N7C(=O)c8ccc(Oc9ccc(C(*)(C)C)cc9)cc8C7=O)cc6)cc5)cc4)cc2)C3=O)cc1,200.0,219.47476
*c1cccc(P(=O)(c2cccc(-n3c(=O)c4c(-c5cc(C(F)(F)F)cc(C(F)(F)F)c5)c5c(=O)n(*)c(=O)c5c(-c5cc(C(F)(F)F)cc(C(F)(F)F)c5)c4c3=O)c2)c2cc(C(F)(F)F)cc(C(F)(F)F)c2)c1,293.0,289.1735
*/C=C(/*)c1cccc[c]1[Ge]([CH3])([CH3])[CH3],180.0,76.561386
*c1ccc(N2C(=O)c3ccc(C(c4ccc5c(c4)C(=O)N(c4ccc(*)cc4OCCN(CC)c4ccc(C(C#N)=C(C#N)C#N)cc4)C5=O)(C(F)(F)F)C(F)(F)F)cc3C2=O)c(OCCN(CC)c2ccc(C(C#N)=C(C#N)C#N)cc2)c1,222.0,209.21454
*CCOC(=O)c1cccc(OCC#CC#CCOc2cccc(C(=O)OCCN(*)c3ccc(/N=N/c4ccc(C#N)cc4)cc3)c2)c1,50.0,110.70667
*OCCOC(=O)CCCC(=O)OCCOc1nc(-c2ccc(OCCCC)cc2)nc(*)c1-c1ccc(OC)cc1,46.0,56.192097
*c1nc2ccc(-c3cccc(-c4ccc5[nH]c(S(*)(=O)=O)nc5c4)c3)cc2[nH]1,290.0,284.58197
*CC(*)CCCC,-49.99999999999997,-74.78445
*Oc1ccc(OC(=O)c2ccc(OCCCCCCCCCCCCOc3ccc(C(*)=O)cc3)cc2)c(S(=O)(=O)c2ccccc2)c1,82.70000000000005,71.79089
*OCCN(CCOC(=O)c1ccc2c(c1)C(=O)N(c1cccc(N3C(=O)c4ccc(C(*)=O)cc4C3=O)c1)C2=O)c1ccc(/N=N/c2ccc([N+](=O)[O-])cc2)cc1,210.0,217.09189
*C(*)(F)Cl,77.0,2.5895462
*CC(*)C(=O)Oc1ccccc1C(=O)OCC,30.0,80.02297
*Nc1ccc(NC(=O)c2ccc(C(*)=O)cc2)cc1,295.0,237.51846
*CCCCCCCCC(=O)NNC(=O)OCCCCCOC(=O)NNC(*)=O,20.0,-6.782196
*C(=O)Nc1ccc(C(c2ccc(NC(=O)c3ccc4c(c3)C(=O)N(c3ccc(*)c(C)c3)C4=O)cc2)(C(F)(F)F)C(F)(F)F)cc1,355.0,281.78497
*CCOC(=O)c1cccc(C(=O)OCCN(*)c2ccc(/N=N/c3ccc(-c4nc5ccc([N+](=O)[O-])cc5n4CC)cc3)cc2)c1,147.0,164.92953
*OCCCCCCCCCOC(=O)c1ccc(-c2ccc(C(*)=O)cc2)cc1,50.5,39.498165
*Oc1c(C)cc(*)cc1C(C)CCCCC,60.0,34.790718
*O[Si](*)(C)CCCCCCCC,-91.99999999999996,-103.79656
*CC(*)C(=O)OCCOCC(F)(F)C(F)(F)C(F)(F)F,-44.99999999999997,-21.490822
*Oc1cccc(Oc2ccc3c(c2)C(=O)N(c2cccc(N4C(=O)c5ccc(*)cc5C4=O)c2)C3=O)c1,224.0,271.34686
*CC(*)(F)C(=O)OCCC(F)(F)C(F)(F)C(F)(F)C(F)(F)C(F)(F)C(F)(F)C(F)(F)C(F)(F)C(F)(F)C(F)(F)F,53.0,16.1428
*=CCS(=O)(=O)CC(=*)C,88.20000000000005,19.761497
*c1ccc(N2C(=O)c3ccc(C(c4ccc5c(c4)C(=O)N(c4ccc(C(*)(C)C)cc4)C5=O)(C(F)(F)F)C(F)(F)F)cc3C2=O)cc1,310.0,297.73764
*Oc1ccc2c(c1)C(=O)N(c1cccc(OCCOc3ccc(N4C(=O)c5ccc(*)cc5C4=O)cc3)c1)C2=O,178.5,228.04773
*C=Cc1ccc(/C=C/c2ccc3c(c2)Sc2cc(*)ccc2N3c2ccc(OCCCCCCCCCCCC)cc2)cc1,167.0,93.94427
*Nc1ccc(Oc2ccc(C(=O)c3ccc(Oc4ccc(NC(=O)c5ccc(C(*)=O)cc5)cc4)cc3)cc2)cc1,160.0,202.19562
*Oc1ccc(Sc2ccc(Oc3ccc4c(c3)C(=O)N(c3cccc(N5C(=O)c6ccc(*)cc6C5=O)c3)C4=O)cc2)cc1,209.0,249.51575
*CC(*)(C)C(=O)Oc1ccccc1,110.0,131.54456
*c1ccc(Oc2ccc(-c3ccc(N4C(=O)c5ccc(Oc6ccc(C(C)(C)c7ccc(Oc8ccc9c(c8)C(=O)N(c8ccc(-c%10ccc(Oc%11ccc%12c(c%11)C(*)(C)CC%12(C)C)c(C(F)(F)F)c%10)cc8)C9=O)cc7)cc6)cc5C4=O)cc3)cc2C(F)(F)F)cc1,241.0,183.16096
*COC(=O)c1ccc(C(=O)OC(*)COc2ccc(/N=N/c3ccc(C#N)cc3)cc2)s1,119.0,109.041954
*c1ccc(Oc2ccc(-n3c(=O)c4cc5c(=O)n(*)c(=O)c5cc4c3=O)cc2)c(-c2ccccc2)c1,329.0,289.06018
*c1ccc(Nc2ccc(C3(c4ccc(Nc5ccc(S(*)(=O)=O)cc5)cc4)c4ccccc4-c4ccccc43)cc2)cc1,221.0,267.29636
*CC(*)C(=O)OCF,15.0,9.1616745
*NC(=O)CCCCC(=O)NC(C(=O)OC1COC2C(OC(=O)C(*)C(C)CC)COC12)C(C)CC,102.0,51.092796
*Cc1cc(C)c(Oc2cccc3c2C(=O)N(c2ccc(Oc4ccc(-c5ccc(Oc6ccc(N7C(=O)c8cccc(Oc9c(C)cc(*)cc9C)c8C7=O)cc6)cc5)cc4)cc2)C3=O)c(C)c1,259.0,223.91452
*c1cc(C(=O)O)cc(N2C(=O)C3CC(C4CC(=O)N(*)C4=O)c4ccccc4C3C2=O)c1,360.0,289.52142
*C(C)C(*)C(=O)OC(C)C,149.0,36.782436
*CC(*)(C)C(=O)OCCCCCCCCCCOc1ccc(/N=N/c2ccc(F)cc2)cc1,49.0,45.219288
*c1ccc2c(c1)C(=O)N(c1ccc(OCC(F)(F)C(F)(F)C(F)(F)C(F)(F)C(F)(F)C(F)(F)C(F)(F)F)c(N3C(=O)c4ccc(*)cc4C3=O)c1)C2=O,250.0,253.43195
*c1ccc(OC(=O)c2cccc(C(=O)Oc3ccc(C4(*)CCC5CCCCC5C4)cc3C)c2)c(C)c1,207.0,191.0996
*OCC(F)(F)C(F)(F)C(F)(F)COC(=O)c1cccc(Oc2cccc(C(*)=O)c2)c1,20.0,80.604744
*CC(*)(C)C(=O)OCCCCCCOc1ccc(C(=O)Oc2ccc(/N=N/c3ccc(I)cc3)c3ccccc23)cc1,40.0,120.75634
*OC(=O)c1ccc(CCCCCc2ccc(C(*)=O)cc2)cc1,42.5,59.877205
*CCCCCC(=O)OCCOCCOC(*)=O,-41.49999999999997,-67.00251
*c1ccc(Oc2ccc(Sc3ccc(Oc4ccc(-c5nc(*)nc(-c6ccccc6)n5)cc4)cc3)cc2)cc1,211.0,209.26898
*c1ccc([Si](c2ccccc2)(c2ccccc2)c2ccc(-c3ccc4c(c3)c3cc(*)ccc3n4CCCCCC#N)cc2)cc1,165.0,196.14682
*Oc1ccc(Sc2ccc(Oc3ccc4c(=O)n5c6cc(Oc7ccc8c(c7)nc7c9ccc(*)c%10cccc(c(=O)n87)c%109)ccc6nc5c5cccc3c45)cc2)cc1,346.0,252.33109
*OC(=O)CCCCCCCC(=O)Oc1cc(OC(=O)c2ccc(OCCCC)cc2)c(*)cc1OC(=O)c1ccc(OCCCC)cc1,38.0,35.630966
*Nc1ccc(C(c2ccc(NC(=O)c3ccc(OC(=O)c4ccc(C(=O)Oc5ccc(C(*)=O)cc5)cc4)cc3)cc2)(C(F)(F)F)C(F)(F)F)cc1,266.0,222.0676
*c1cc(C(=O)NCCCCCC)cc(N2C(=O)c3ccc(-c4ccc5c(c4)C(=O)N(*)C5=O)cc3C2=O)c1,256.9,238.40176
*Nc1ccc(CCc2ccccc2NC(=O)Nc2ccc(Cc3ccc(NC(*)=O)cc3)cc2)cc1,217.0,153.62436
*NC(=O)c1ccc(NC(=O)CCCCCCCCCCC(=O)Nc2ccc(C(=O)Nc3ccc(*)cc3C(=O)OCCCCCCCCCCCCCC)cc2)cc1,199.5,88.16623
*CC(*)C(=O)OCCC,-41.32499999999999,-12.053215
*Cc1cc(C(C)(C)C)cc(*)c1O,50.0,130.21686
*Oc1ccc(C2(c3ccc(OC(=O)c4ccc(C(*)=O)cc4)cc3)c3ccccc3-c3ccccc32)cc1,285.0,222.20972
*NC(=O)OCCN(CCOC(=O)NCC1(C)CC(*)CC(C)(C)C1)c1ccc(C=C(C#N)C#N)cc1,145.0,100.9843
*c1cc(CCOC(=O)NCCCC)c(*)s1,67.5,15.440002
*CNC(=O)OCC(*)C,40.0,13.902069
*c1ccc2c(c1)C(CCCCCCCC)(CCCCCCCC)c1cc(-c3sc(-c4ccc(-c5cc(CCCCCC)c(*)s5)c5nsnc45)cc3CCCCCC)ccc1-2,79.0,83.3831
*Nc1ccc(-c2nnc(-c3ccc(C(*)=O)c(Oc4ccccc4)c3)o2)cc1,235.0,262.86353
*=CCC(F)(F)C(=*)F,-34.99999999999997,22.796055
*C1CCC2C(=O)N(c3ccc(Oc4cccc(Oc5ccc(N6C(=O)C7CCC(*)CC7C6=O)cc5)c4)cc3)C(=O)C2C1,215.0,221.09515
*CCCCCCCCC(=O)Oc1cccc(-c2nnc(C=Cc3ccc(OC(*)=O)cc3)s2)c1,37.0,84.34686
*c1ccc2c3ccc(-c4ccc(-c5ccc(-c6ccc(*)s6)c6nsnc56)s4)cc3n(C(CCCCCCCC)CCCCCCCC)c2c1,121.0,105.699394
*CC(*)OC(=O)C(F)(F)C(F)(F)C(F)(F)C(F)(F)C(F)(F)C(F)(F)C(F)(F)C(F)(F)C(F)(F)F,-17.99999999999997,33.337902
*Cc1ccc(OC(=O)CCC(=O)Oc2ccc(CCC(=O)NC(*)C(=O)OCCCCCC)cc2)cc1,53.0,24.107704
*c1ccc(N2C(=O)c3ccc4c5c(ccc(c35)C2=O)C(=O)N(c2ccc(Oc3c(C(C)(C)C)cc(*)cc3C(C)(C)C)c(C(F)(F)F)c2)C4=O)cc1,456.0,284.78903
*OCCCCCCCCOC(=O)OCCCCCCOc1ccc(C(=O)c2ccc(OCCCCCCOC(*)=O)cc2)cc1,-7.699999999999989,-14.595146
*CCC(c1ccccc1)[Si](*)(C)C,27.0,-9.613243
*c1ccc(NC(=O)c2ccc3c(c2)C(=O)N(c2ccc(C4(*)CCC(C)CC4)cc2)C3=O)cc1,322.0,254.16803
*Cc1ccccc1[Si](*)(C)c1ccccc1,93.8,67.15907
*c1ccc(Oc2cccc3c2C(=O)N(c2cccc(N4C(=O)c5cccc(Oc6ccc(C(*)(C)C)cc6)c5C4=O)c2)C3=O)cc1,227.5,244.53021
*CC(*)(C)C(=O)OCCCCCCCCOc1ccc(C(=O)Oc2ccc(C(=O)/C=C/c3c(C)c4ccccc4n3CCCC)cc2)cc1,69.0,72.008766
*c1ccc(Oc2ccc(S(=O)(=O)c3ccc(Oc4ccc(-c5c6c(c(*)c7ccccc57)C(=O)N(c5ccc(Cl)cc5)C6=O)cc4)cc3)cc2)cc1,280.0,273.2566
*Nc1ccc(Oc2ccc(NC(=O)c3ccc4c(c3)C(=O)N(c3ccc(Oc5ccc(N6C(=O)c7ccc(C(*)=O)cc7C6=O)cc5-c5ccccc5)c(-c5ccccc5)c3)C4=O)cc2-c2ccccc2)c(-c2ccccc2)c1,369.0,263.67804
*Oc1ccc(C2(c3ccc(OC(=O)c4ccc(C(*)=O)cc4)cc3)CCCCC2)cc1,275.0,163.38988
*c1ccc(Oc2ccc(-c3nnc(-c4ccc(Oc5ccc(C(*)(C)C)cc5)cc4)o3)cc2)cc1,180.0,208.98099
*/C(C)=C(/*)[Si](C)(C)CC[Si](C)(C)C,200.0,-56.033592
*Nc1ccc(OC2COC3C(Oc4ccc(NC(=O)c5cccc(C(*)=O)c5)cc4)COC23)cc1,218.0,169.23547
*C(=O)c1ccc(Oc2ccc(Oc3ccc(*)cc3S(=O)(=O)O)cc2)c(S(=O)(=O)O)c1,220.0,185.57248
*OCCCCCCOc1ccc(C(=O)c2ccc(OCCCCCCOC(=O)OCCCOC(*)=O)cc2)cc1,16.0,-4.330986
*CCOC(=O)Nc1ccc(C)c(NC(=O)OCCN(*)c2ccc(/N=N/c3ccc(/N=N/c4cc(OC)c(/N=N/c5ccc([N+](=O)[O-])cc5)cc4OC)c(C)c3)cc2)c1,148.0,156.26056
*C(=O)Nc1ccc(-c2ccc(NC(=O)c3cc(*)cc(NC(=O)c4ccncc4)c3)cc2)cc1,339.0,269.99203
*OCCCCCCOc1ccc(-n2on2-c2ccc(OCCCCCCOC(=O)C(CCCCCCCCCCBr)C(*)=O)cc2)cc1,16.0,10.395348
*CC(*)C(=O)N1CCCCC1,108.0,96.42781
*CC(*)OC(=O)C=Cc1ccccc1,76.85000000000002,60.265877
*OCCCCCCOC(=O)c1ccc2cc(C(*)=O)ccc2c1,64.0,52.427277
*Oc1ccc(Sc2cccc(Oc3ccc4c(c3)C(=O)N(c3ccc(Oc5ccc(N6C(=O)c7ccc(*)cc7C6=O)cc5)cc3)C4=O)c2)cc1,212.0,209.08075
*C(C)C(*)C(=O)OC12CC3CC(C)(CC(C)(C3)C1)C2,194.5,205.31033
*CCCN(*)C(=O)C(F)(F)C(F)(F)C(F)(F)C(F)(F)C(F)(F)C(F)(F)C(F)(F)F,25.0,57.936363
*Nc1ccc(Oc2ccc3cccc(Oc4ccc(NC(=O)c5ccc(Oc6ccc(C(*)=O)cc6)cc5)cc4)c3c2)cc1,236.0,188.92798
*Nc1ccc(Oc2ccc(C(=O)c3ccc(Oc4ccc(NC(=O)c5ccc(C(*)=O)cn5)cc4)cc3)cc2)cc1,170.0,212.16403
*c1cc(-c2sc(-c3cc(CCCC)c(*)s3)cc2CCCC)c2cccccc1-2,124.0,67.708626
*CC(COCC)O*,-60.99999999999997,-46.768135
*c1ccc(OC(=O)CCCC(=O)Oc2ccc(C3(*)c4cc(OC)ccc4-c4ccc([N+](=O)[O-])cc43)cc2)cc1,197.0,168.46239
*C(=O)c1ccc(Oc2ccc(/C=N/N=C/c3ccc(Oc4ccc(*)cc4)cc3)cc2)cc1,179.0,170.1503
*CCCC(*)(C)C,-19.99999999999997,-59.391182
*OCCCOc1ccc(-c2ccc(*)c3ccccc23)c2ccccc12,182.0,134.55017
*NCCNS(=O)(=O)c1cccc(S(*)(=O)=O)c1,107.0,174.7738
*N=P(*)(OCC(COCCOCCCC)OCCOCCCC)OCC(COCCOCCCC)OCCOCCCC,-85.99999999999997,-72.75768
*CCCCCCCCCCCn1c(=O)c2cc3c(=O)n(CCCCCCCCCCCC(=O)Oc4ccc5cc(OC(*)=O)ccc5c4)c(=O)c3cc2c1=O,62.0,101.703384
*c1ccc2c(c1)C(=O)N(c1cccc(Oc3ccc(P(=O)(c4ccccc4)c4ccc(Oc5cccc(N6C(=O)c7ccc(C(*)(C(F)(F)F)C(F)(F)F)cc7C6=O)c5)cc4)cc3)c1)C2=O,243.0,247.15302
*CCN(*)C(=O)CC12CC3CC(CC(C3)C1)C2,139.0,146.56152
*Oc1ccc(Sc2ccc(Oc3ccc4c(c3)C(=O)N(c3ccc(Oc5ccc(C(c6ccc(Oc7ccc(N8C(=O)c9ccc(*)cc9C8=O)cc7)cc6)(C(F)(F)F)C(F)(F)F)cc5)cc3)C4=O)cc2)cc1,217.5,197.19067
*CCCCCCCCC(*)Cl,-32.99999999999997,-48.126534
*Nc1ccc(NC(=O)Nc2cc(NC(*)=O)cc(C(=O)Nc3ccc4c(c3)C(=O)c3ccccc3C4=O)c2)cc1,184.0,287.86145
*NC(=O)OCCN(CCOC(=O)Nc1cccc(*)c1C)c1ccc(/N=N/c2ccc([N+](=O)[O-])cc2)cc1,147.0,133.04216
*CC(*)(C)C(=O)OCC(CC)CC,10.350000000000025,6.685837
*CC(COCOCC(C)([N+](=O)[O-])[N+](=O)[O-])O*,-15.0,5.9778366
*c1ccc(OCC(O)COc2cccc(NC(=O)CCCCCC(=O)Nc3cccc(OCC(O)COc4ccc(C(*)(C)C)cc4)c3)c2)cc1,107.0,73.0671
*OCCCCCCCOC(=O)OC1CCC(OC(*)=O)CC1,-5.0,-11.511147
*Nc1ccc(Oc2ccc(C(c3ccc(Oc4ccc(NC(=O)c5ccc6c(c5)C(=O)N(c5ccc(Oc7ccc8ccc(Oc9ccc(N%10C(=O)c%11ccc(C(*)=O)cc%11C%10=O)cc9)cc8c7)cc5)C6=O)cc4)cc3)(C(F)(F)F)C(F)(F)F)cc2)cc1,250.0,189.30075
*c1c(C)cc(C)c(C(=O)c2cccc(N3C(=O)c4ccc(C(=O)c5ccc6c(c5)C(=O)N(*)C6=O)cc4C3=O)c2)c1C,300.0,299.49396
*CCOC(=O)Oc1ccc(C(C)(C)c2ccc(OC(=O)OCCN(*)c3ccc(OC)cc3)cc2)cc1,60.0,96.22116
*c1ccc(OCC(O)COC(=O)C2CCC(C(=O)OCC(O)COc3ccc(C(*)(C)C)cc3)CC2)cc1,70.0,50.620743
*c1ccc2c(c1)C(=O)N(c1cc(C(c3ccc(OC(=O)C45CC6CC(CC(C6)C4)C5)c(N4C(=O)c5ccc(C(*)(C(F)(F)F)C(F)(F)F)cc5C4=O)c3)(C(F)(F)F)C(F)(F)F)ccc1OC(=O)C13CC4CC(CC(C4)C1)C3)C2=O,305.0,228.59671
*c1ccc(OC(=O)c2ccc(C(=O)Oc3ccc(C4(*)CCC5CCCCC5C4)cc3C)cc2)c(C)c1,247.0,181.98053
*c1ccc(OC(=S)Oc2ccc(C(*)CC)cc2)cc1,104.0,73.33521
*CCCCCCN(C)C(=O)CCC(=O)N(*)C,7.5,38.080223
*c1ccc(OCC(COc2ccc(C(*)(C)C)cc2)OC(=O)/C=C/c2ccccc2)cc1,100.60000000000002,87.66075
*c1ccc(N2C(=O)c3ccc(-c4ccc5c(c4)C(=O)N(c4ccc(Oc6c(C(C)(C)C)cc(*)cc6C(C)(C)C)c(C(F)(F)F)c4)C5=O)cc3C2=O)cc1,389.0,279.56793
*C=Cc1ccc(C=CC(=O)Nc2ccc(Oc3ccc(NC(*)=O)cc3)cc2)cc1,205.0,152.63257
*NC(=O)OCCOC(=O)NCC1(C)CC(*)CC(C)(C)C1,84.0,51.829334
*Oc1ccc2c(c1)Oc1cc(OC(*)=O)ccc1C21c2ccccc2-c2ccccc21,295.0,232.58945
*C(=O)OCCN(CCOC(=O)c1ccc(*)cc1OCCCCC)c1ccc(/N=N/c2nc(C#N)c(C#N)[nH]2)cc1,131.0,97.05966
*C(=O)c1ccc(Oc2ccc(S(=O)(=O)c3ccc(Oc4ccc(-c5ccc(Oc6ccc(*)cc6)cc5)cc4)cc3)cc2)cc1,206.0,188.614
*NC(=O)Oc1ccc(-c2[nH]c(-c3ccc(-c4nc(-c5ccc([N+](=O)[O-])cc5)c(-c5ccc([N+](=O)[O-])cc5)[nH]4)cc3)nc2-c2ccc(OC(=O)Nc3ccc(-c4ccc(*)cc4OC)c(OC)c3)cc2)cc1,223.0,236.93512
*CC(*)(C)C(=O)OCCCCCCc1ccc(/N=N/c2ccc(OC(F)(F)F)cc2)cc1,194.5,83.00505
*C(CC(C)(C)C(*)CCC(C)(O)C=C)OC(C)=O,85.0,30.752419
*Oc1cccc(OC(=O)c2ccc(OC(=O)c3cccc(C(=O)Oc4ccc(C(*)=O)cc4)c3)cc2)c1,158.0,146.15225
*CC(CBr)O*,-14.0,-17.822876
*OC(=O)Oc1ccc(Sc2ccc(OC(=O)OC3C(C)(C)C(*)C3(C)C)cc2)cc1,107.0,159.68048
*C[n+]1ccc(-c2cc[n+](Cc3cccc(*)c3)cc2)cc1,128.0,136.89415
*C(=O)c1ccc(N2C(=O)c3ccc(C(=O)c4ccc5c(c4)C(=O)N(c4ccc(*)cc4)C5=O)cc3C2=O)cc1,293.0,295.1065
*c1ccc2c(c1)C(=O)N(c1ccc(-c3nc4cc(N5C(=O)c6ccc(*)cc6C5=O)ccc4[nH]3)cc1)C2=O,397.5,320.14862
*CC(*)Cc1ccccc1C,80.0,35.408176
*C(=O)c1ccc2c(c1)C(=O)N(c1ccc(-c3nc(-c4ccccc4)nc(-c4ccc(N5C(=O)c6ccc(*)cc6C5=O)cc4)n3)cc1)C2=O,355.0,308.47784
*Cc1ccc(OC(=O)CCCC(=O)Oc2ccc(CC(=O)NC(*)C(=O)OCCCCCCCC)cc2)cc1,38.0,17.450722
*O[Si](C)(C)c1ccc2c(c1)C(=O)N(c1ccc(Oc3ccc(-c4nnc(-c5ccc(Oc6ccc(N7C(=O)c8ccc([Si](*)(C)C)cc8C7=O)cc6)cc5)o4)cc3)cc1)C2=O,190.5,169.98607
*c1ccc(OCC2CCC(COc3ccc(-n4c(=O)c5cc6c(=O)n(*)c(=O)c6cc5c4=O)cc3)CC2)cc1,306.70000000000005,186.67918
*NCCCCCCNC(=O)NCc1ccc(CNC(*)=O)cc1,72.0,96.298
*Oc1ccc(Oc2cccc(Oc3ccc4c(c3)C(=O)N(c3ccc(Oc5cccc(Oc6ccc(N7C(=O)c8ccc(*)cc8C7=O)cc6)c5)cc3)C4=O)c2)cc1,184.0,211.32878
*Cc1ccc(OC(=O)COCCOCC(=O)Oc2ccc(CCC(=O)NC(*)C(=O)OC(C)C)cc2)cc1,58.0,28.090279
*C=Cc1ccc2c(c1)Sc1cc(*)ccc1N2c1ccc(OCCCCCCCCCCCC)cc1,129.0,67.3768
*Nc1ccc(Cc2ccc(NC(=O)OCCN(CCCCCOc3ccc(/N=N/c4ccccc4)cc3)CCOC(*)=O)cc2)cc1,59.60000000000002,81.39745
*CC(*)(CC(=O)OC1CCC1)C(=O)OC1CCC1,60.0,74.92963
*CC(*)F,33.92500000000001,-27.586845
*c1ccc(Nc2ccc(S(=O)(=O)c3ccc(Nc4ccc(C5(*)c6ccccc6-c6ccccc65)cc4C)cc3)cc2)c(C)c1,269.0,267.68213
*N=P(*)(Cl)Oc1ccc(C)cc1,-5.0,-21.794731
*c1ccc2c(c1)C(=O)N(c1ccc(NC(=S)/N=C/c3ccc(Cl)c(N4C(=O)c5ccc(C(*)(C(F)(F)F)C(F)(F)F)cc5C4=O)c3)cc1)C2=O,272.0,258.7422
*CCCCCCC(=O)Nc1ccc(NC(*)=O)cc1,138.0,96.94124
*c1ccc2oc(-c3ccc(C(c4ccc(-c5nc6cc(C(*)(c7ccccc7)C(F)(F)F)ccc6o5)cc4)(C(F)(F)F)C(F)(F)F)cc3)nc2c1,334.0,257.84744
*CC(*)OC(=O)c1nn(C(C)=O)c2ccccc12,150.0,113.24385
*CC(C)(C(=O)OC)C(C)(C(=O)OC)C(*)OCC,131.0,72.5573
*c1ccc2c(c1)C(=O)N(c1ccc(Oc3ccc(N4C(=O)c5ccc(C(F)(F)C(F)(F)C(F)(F)C(*)(F)F)cc5C4=O)cc3)cc1)C2=O,212.0,258.42468
*CC(*)CCCCCCCC,-34.99999999999997,-83.39524
*=C(C#N)c1ccc(C(=O)OCC2CCCN(C(=*)c3ccc(OC)cc3)C2)cc1,176.0,147.78728
*C1C(=O)N(CCCOc2ccc(-c3ccc(C#N)cc3)cc2)C(=O)C1*,130.0,139.76315
*C(=O)Nc1ccc(C(c2ccc(NC(=O)c3cc(*)cc(C(C)(C)C)c3)cc2)(C(F)(F)F)C(F)(F)F)cc1,284.1,250.51059
*C1OCCCC1C1C(=O)OC(=O)C1*,210.0,121.631744
*CC(*)c1ccccc1C(=O)OCCC,108.0,61.70704
*COCC(*)(CSCCCCC)CSCCCCC,-32.99999999999997,-55.939003
*C(=O)c1cccc(C(=O)c2ccc(S(=O)(=O)c3ccc(*)cc3)cc2)c1,198.0,202.17853
*c1ccc2c(c1)C(=O)N(c1ccc(Sc3ccc(Sc4ccc(N5C(=O)c6ccc(C(*)(C(F)(F)F)C(F)(F)F)cc6C5=O)cc4)cc3)cc1)C2=O,257.0,232.686
*CC(*)c1ccc(Br)cc1,140.35000000000002,119.106064
*c1ccc(C(c2ccc(C#N)cc2)c2ccc(N(*)c3ccc(C)cc3)cc2)cc1,230.0,203.02798
*c1ccc(C)c(NC(=O)c2ccc(OC(=O)c3ccc(C(=O)Oc4ccc(C(=O)Nc5cc(C(*)(C(F)(F)F)C(F)(F)F)ccc5C)cc4)cc3)cc2)c1,213.0,210.20279
*c1cccc(P(=O)(c2ccc(C(F)(F)F)cc2)c2cccc(-n3c(=O)c4cc5c(=O)n(*)c(=O)c5c(-c5ccc(C(F)(F)F)cc5)c4c3=O)c2)c1,303.0,297.5578
*c1ccc(-c2nnc(-c3ccc(-c4nnc(-c5ccc([Si](*)(c6ccccc6)c6ccccc6)cc5)o4)o3)o2)cc1,276.0,269.7322
*Oc1ccc(C2(c3ccc(OC(*)=O)cc3)CC3CC2C2C4CCC(C4)C32)cc1,267.5,220.30524
*CCCCCCCCC(=O)Nc1ccc2oc(CCCCCCCCc3nc4cc(NC(*)=O)ccc4o3)nc2c1,93.0,105.30058
*CC(*)(CC(=O)OCC)C(=O)OCC,65.5,36.392723
*C=Cc1ccc(Oc2ccc(-c3nnc(-c4ccc(Oc5ccc(*)c6ccccc56)cc4)o3)cc2)cc1,213.0,182.95285
*OC(=O)c1cccc(C(=O)Oc2cc(*)cc(CCCCCCCCC)c2)c1,41.5,48.867935
*C(=O)OCCCCCCOc1ccc(-n2on2-c2ccc(OCCCCCCOC(=O)C(*)CCCCCP(=O)(OCC)OCC)cc2)cc1,7.0,-2.1803055
*Oc1ccc(C(c2ccccc2)(c2ccccc2)c2ccc(OC(*)=O)cc2)cc1,213.0,184.57516
*c1ccc(C(=O)c2ccc(Oc3ccc(C(c4ccc(Oc5ccc(C(=O)c6ccc(C(*)(C)C)cc6)cc5)cc4)(C(F)(F)F)C(F)(F)F)cc3)cc2)cc1,179.0,213.88358
*C=CC1CC(*)CC1C(=O)OCCCCCCCCOc1ccc(/C=C/c2ccc([N+](=O)[O-])cc2)cc1,51.0,39.30205
*c1ccc(Oc2ccc(-c3nc4ccccc4n3-c3ccc(-n4c(-c5ccc(Oc6ccc(S(*)(=O)=O)cc6)cc5)nc5ccccc54)cc3)cc2)cc1,270.0,257.605
*OCCCCCCCCCCCCOC(=O)OCCCCCCn1c(=O)c2cc3c(=O)n(CCCCCCOC(*)=O)c(=O)c3cc2c1=O,-9.0,26.870358
*CC(*)OC(=O)C(C)(C(C)C)C(C)C,120.0,42.885197
*Cc1ccc(OC(=O)CCCC(=O)Oc2ccc(CCC(=O)NC(*)C(=O)OC(C)CC)cc2)cc1,52.0,45.4748
*COC(=O)NC(=O)c1cccc(C(=O)NC(=O)OCC(*)CCCCCCCCCCCC)c1,112.0,37.39738
*c1ccc2nc(CCCCCCCCCCc3nc4ccc(*)cc4o3)oc2c1,64.0,111.6992
*c1cc(C)c(OP(=O)(Oc2ccccc2)Oc2c(C)cc(S(*)(=O)=O)cc2C)c(C)c1,142.0,116.93498
*Cc1cc(C)c(Oc2ccc(N3C(=O)c4ccc(-c5ccc6c(c5)C(=O)N(c5ccc(Oc7c(C)cc(*)cc7C)cc5)C6=O)cc4C3=O)cc2)c(C)c1,310.0,234.37674
*c1ccc(Oc2ccc(N3C(=O)C4CCC5C(=O)N(c6ccc(Oc7ccc(C(*)(C)C)cc7)cc6)C(=O)C5C4C3=O)cc2)cc1,263.5,220.52637
*CC(*)c1ccccc1COCCCCCCCC,13.0,-35.93656
*C(=O)c1ccc(Oc2ccc(N3C(=O)c4ccc(S(=O)(=O)c5ccc6c(c5)C(=O)N(c5ccc(Oc7ccc(*)cc7)cc5)C6=O)cc4C3=O)cc2)cc1,275.5,243.82346
*c1nnc(-c2cc(CCCCCCCC)c(-c3ccc(-c4sc(-c5nnc(-c6cc(OCCCCCCCC)c(*)cc6OCCCCCCCC)o5)cc4CCCCCCCC)s3)s2)o1,34.10000000000002,68.73838
*OCCCCCCN1C(=O)c2ccc(-c3ccc(-c4ccc5c(c4)C(=O)N(CCCCCCOC(*)=O)C5=O)cc3)cc2C1=O,73.0,113.18845
*C(=O)NNC(=O)c1ccc(*)cc1OCCCCCCCC,203.5,56.823395
*=CC(C)CC(=*)C,2.300000000000012,-22.031982
*CCCCC(=O)Nc1ccc(OC2COC3C(Oc4ccc(NC(*)=O)cc4)COC23)cc1,150.0,93.0616
*c1ccc(Oc2ccc(Oc3ccc(-n4c(=O)c5cc6c(=O)n(*)c(=O)c6cc5c4=O)cc3)c(-c3ccccc3)c2)cc1,271.0,247.75964
*c1ccc(Oc2ccc(S(=O)(=O)c3ccc(Oc4ccc(-c5c6c(c(*)c7ccccc57)C(=O)N(c5ccccc5)C6=O)cc4)cc3)cc2)cc1,310.0,263.69736
*O[SiH](*)C,-3.3899999999999864,-92.275475
*c1cccc(P(=O)(c2cccc(-n3c(=O)c4cc5c(=O)n(*)c(=O)c5c(-c5ccccc5)c4c3=O)c2)c2cc(C(F)(F)F)cc(C(F)(F)F)c2)c1,300.0,317.09018
*C(=O)c1ccc(-c2ccc(C(=O)c3ccc(Oc4ccc(Oc5ccc(*)cc5)cc4-c4ccccc4)cc3)cc2)cc1,186.0,207.33614
*C(=O)c1ccccc1-c1ccccc1C(=O)c1ccc(Oc2ccc(Oc3ccc(*)cc3)cc2)cc1,175.0,188.47668
*CC(*)(C)C(=O)OCCOCCOCCOCCOCCOCCOCCOCCOC,-57.99999999999997,-74.72033
*CC(O)COc1ccc(C(C)(C)c2ccc(OCC(O)CN(C)S(=O)(=O)c3cccc(S(=O)(=O)N(*)C)c3)cc2)cc1,76.0,115.699135
*Nc1ccc(NC(=O)c2ccc(P(=O)(c3ccccc3)c3ccc(C(=O)Nc4ccc(C(*)=O)cc4)cc3)cc2)cc1,243.0,268.11118
*C(=O)NCCCCCCCCCNC(=O)C(OC)C(*)OC,84.0,-13.678192
*CC(CSC(C)C)O*,-43.99999999999997,-39.210526
*c1ccc(N2C(=O)c3ccc(C(=O)c4ccc5c(c4)C(=O)N(c4ccc(N(*)c6ccc(C#N)cc6)cc4)C5=O)cc3C2=O)cc1,315.0,292.99588
*Oc1ccc(OC(=O)c2ccc(C(*)=O)cc2)c(C(F)(F)F)c1,159.3,159.18643
*c1ccc(Oc2ccc(/C=N/c3ccc(Oc4ccc(/N=C/c5ccc(Oc6ccc(S(*)(=O)=O)cc6)cc5)cc4)cc3)cc2)cc1,162.0,182.06216
*CC(*)(C)C(=O)Oc1ccc([N+](=O)[O-])c(C)c1,101.0,158.19257
*c1ccc(NC(=O)c2cc(NC(=O)c3ccccc3)cc(C(=O)Nc3ccc(C(*)(C)C)cc3)c2)cc1,303.5,279.07828
*c1ccc(Oc2ccc(-c3ccc(-c4ccc(Oc5ccc(C(*)(C)C)cc5)cc4)cc3)cc2)cc1,182.0,175.43456
*OC(=O)CCCCCC(=O)Oc1cc(OC(=O)c2ccc(OCCCC)cc2)c(*)cc1OC(=O)c1ccc(OCCCC)cc1,45.0,49.86134
*Nc1ccc(C(=O)c2ccc(Oc3ccc(Oc4ccc(C(=O)c5ccc(NC(=O)c6ccc(C(*)=O)cc6)cc5)cc4)cc3)cc2)cc1,224.0,209.6908
*Oc1ccc2c(c1)C(=O)N(c1cc(C(c3ccc(O)c(N4C(=O)c5ccc(*)cc5C4=O)c3)(C(F)(F)F)C(F)(F)F)ccc1O)C2=O,266.0,302.5141
*OCCCCCOC(=O)c1ccc(Oc2ccc(C(*)=O)cc2)cc1,26.0,45.210934
*COC(=O)C(*)(C)CCC,1.900000000000034,1.6511917
*OC(=O)Oc1ccc(C2(c3ccc(OC(=O)OC4C(C)(C)C(*)C4(C)C)cc3)c3ccccc3-c3ccccc32)cc1,214.0,238.38025
*Cc1cc(C)c(N2C(=O)c3ccc(Oc4cccc5c(Oc6ccc7c(c6)C(=O)N(c6c(C)cc(*)cc6C)C7=O)cccc45)cc3C2=O)c(C)c1,281.0,245.11166
*Nc1cccc(C(=O)c2ccc(Oc3ccc(C(=O)c4ccc(NC(=O)c5cccc(C(*)=O)c5)cc4)cc3)cc2)c1,204.0,240.43784
*COC(=O)c1ccc(C(=O)OCC(CCC)C(*)CCC)cc1,30.0,12.81459
*CC(*)C(=O)NCP(=O)(O)O,26.0,93.39358
*CC(*)OCCCCC,-66.14999999999998,-76.67252
*Oc1ccc(C2(c3ccc(OC4(F)C(*)(F)C(F)(F)C4(F)F)cc3)c3ccccc3-c3ccccc32)cc1,228.0,232.96652
*c1ccc(Sc2ccc(Sc3ccc(Sc4ccc(S(*)=O)cc4)cc3)cc2)cc1,133.0,124.71711
*c1ccc(Oc2ccc(/C=C/C(=O)c3ccc(Oc4ccc(C(*)(C)C)cc4)cc3)cc2)cc1,152.0,162.60835
*c1ccc(Oc2ccc(C(=O)Nc3ccc(NC(=O)c4ccc(Oc5ccc(C(C)(C)c6cccc(C(*)(C)C)c6)cc5)cc4)cc3)cc2)cc1,154.0,199.71442
*c1ccc(Oc2ccc(/C=N/c3ccc(Oc4ccc(S(*)(=O)=O)cc4)cc3)cc2)cc1,110.0,188.40427
*Nc1ccc(CCc2ccc(NC(=O)OCCOC(*)=O)cc2)cc1,116.90000000000003,79.92095
*CC(*)(C)C(=O)OCCCCCCC(F)(F)C(F)(F)C(F)(F)C(F)(F)C(F)(F)C(F)(F)C(F)(F)C(F)(F)C(F)(F)C(F)(F)C(F)(F)C(F)(F)F,84.0,31.585861
*CC(*)c1ccc(C(O)CCN(C)C)cc1,43.0,94.02959
*NCCCCCCNC(=O)Oc1ccc(/N=C/C=N/c2ccc(OC(*)=O)cc2)cc1,80.0,101.36737
*Cc1ccc(OC(=O)CCCCCCCCC(=O)Oc2ccc(CC(=O)NC(*)C(=O)OCCCCCCCC)cc2)cc1,16.0,19.297066
*OCC1CCC(COC(C)OC(=O)c2cccc(C(=O)OC(*)C)c2)CC1,30.0,34.015263
*Cc1ccc(OC(=O)CCCC(=O)Oc2ccc(CCC(=O)NC(*)C(=O)OCCCC)cc2)cc1,56.0,36.048065
*OC(=O)c1ccc2c(c1)C(=O)N(c1ccc(-c3ccc(N4C(=O)c5ccc(C(=O)Oc6ccc(-c7ccc(*)cc7C)c(C)c6)cc5C4=O)cc3C)c(C)c1)C2=O,177.0,273.74628
*c1ccc(Oc2ccc(-c3nnc(-c4ccccn4)nc3-c3ccc(Oc4ccc(C(*)(C(F)(F)F)C(F)(F)F)cc4)cc3)cc2)cc1,224.0,241.70404
*C(=O)c1ccc(Oc2ccc(-c3ccc(Oc4ccc(*)cc4)cc3)cc2)cc1,167.0,154.13339
*c1ccc(C)c(N2C(=O)C(=O)N(CCCCCCN3C(=O)C(=O)N(*)C3=O)C2=O)c1,181.5,192.66068
*COC(=O)C1CCC(C(=O)OC(*)COc2ccc(/N=N/c3ccc(C#N)cc3)cc2)CC1,106.0,97.2686
*C(=O)c1ccc(Oc2ccc(-c3nc(-c4ccccn4)nnc3-c3ccc(Oc4ccc(*)cc4)cc3)cc2)cc1,223.0,230.83371
*Nc1ccc(C(c2ccc(NC(=O)c3cc(NC(=O)C45CC6CC(CC(C6)C4)C5)cc(C(*)=O)c3)cc2)(C(F)(F)F)C(F)(F)F)cc1,365.0,255.4722
*NCCCCCCNc1nc(*)nc(-c2ccccc2)n1,95.0,149.88211
*CCc1ccc(*)cc1Br,80.0,71.43781
*COC(=O)C(*)C,-24.99999999999997,4.9506073
*c1ccc2c(c1)C(=O)N(c1ccc(OCCOc3ccc(N4C(=O)c5ccc(C(*)(C(F)(F)F)C(F)(F)F)cc5C4=O)cc3)cc1)C2=O,254.0,226.48288
*Cc1cccc(CN(CC)c2ccc(/C=C/c3ccc(C=C(C#N)C(=O)NC4CCCCC4NC(=O)/C(C#N)=C/c4ccc(/C=C/c5ccc(N(*)CC)cc5)s4)s3)cc2)c1,157.0,146.12875
*CN1C(=O)C2C3C=CC(C2C1=O)C1C(=O)N(C(*)C)C(=O)C31,212.0,269.40146
*OCCCSCCCCSCCCOC(=O)c1ccc2c(c1)C(=O)N(c1ccc(C(*)=O)cc1)C2=O,39.0,64.70931
*CC(*)(C)C(=O)Oc1ccc(OCc2ccccc2)cc1,95.3,104.30127
*CC(*)(C)CC,-11.574999999999989,-10.45726
*CC(*)(C)C(=O)Oc1ccc(C(=O)Oc2ccccc2)cc1,99.0,142.17165
*Oc1cccc(Oc2ccc(C(=O)O)c(C(=O)Nc3ccc(Oc4ccc(-c5ccc(Oc6ccc(NC(=O)c7cc(*)ccc7C(=O)O)cc6)cc5)cc4)cc3)c2)c1,100.0,213.19485
*NC(=O)c1ccc2c(c1)C(=O)N(c1c(C)cc(C)c(N3C(=O)c4ccc(C(=O)Nc5ccc(-c6ccc(*)cc6C)c(C)c5)cc4C3=O)c1C)C2=O,259.0,320.2549
*Nc1ccc(Cc2ccc(NC(=O)OCCCCCCCOC(*)=O)cc2)cc1,84.0,42.582943
*c1cccc(N2C(=O)c3ccc(Oc4ccc5c(c4)C(=O)N(c4cccc(C(*)O[Si](C)(C)O[Si](C)(C)O[Si](C)(C)C)c4)C5=O)cc3C2=O)c1,219.0,112.01554
*Oc1ccc2ccc(OC(=O)c3ccc(Oc4ccc(C(*)=O)cc4)cc3)cc2c1,142.0,160.0106
*N=P(*)(OCC)OCC,-83.99999999999997,-77.139915
*c1ccc(-c2ccc(N3C(=O)c4ccc(C(=O)Oc5ccc(C6(c7ccc(OC(=O)c8ccc9c(c8)C(=O)N(*)C9=O)cc7)CC7CC6C6CCCC76)cc5)cc4C3=O)cc2C)c(C)c1,226.0,259.98328
*=C(C#N)NC(=O)c1ccc(C(=O)NC(=*)C#N)cc1,232.0,213.44629
*CC(*)(C)C(=O)OC(C)C,83.92500000000001,65.23428
*CCCCC(c1ccc(O)cc1)C(*)c1ccc(O)cc1C,25.0,81.37775
*C(=O)OCCCCCCN1C(=O)c2ccc(Oc3ccc4c(c3)C(=O)N(CCCCCCOC(=O)c3cc(*)cc(OCCCCCCOc5ccc(/N=N/c6ccc(C#N)cc6)cc5)c3)C4=O)cc2C1=O,61.0,94.92035
*CCCC(=O)Oc1ccc(/C=N/c2ccc(/N=C/c3ccc(OC(=O)CCC[Si](C)(C)O[Si](*)(C)C)cc3)cc2)cc1,60.0,33.295586
*C#Cc1cc(C(C)(C)C)cc2c3cc(C(C)(C)C)cc(*)c3n(CCCCCCCCCCCCCCCC)c12,80.0,74.009796
*CCC(C)CNC(=O)c1cc(C(=O)NCC(*)C)cc(C(C)(C)C)c1,149.0,133.24704
*Nc1ccc(-c2ccc(N3C(=O)c4ccc(C(=O)c5ccc6c(c5)C(=O)N(c5ccc(-c7ccc(NC(=O)c8cccc(C(*)=O)c8)cc7)cc5)C6=O)cc4C3=O)cc2)cc1,238.0,301.6735
*CC(*)(C)C(=O)Oc1ccc(C(=O)O)cc1,110.0,162.91129
*CCc1ccc(*)o1,25.5,40.774902
*C(=O)c1cccc(C(=O)c2ccc(Oc3ccc(-c4ccc(-c5ccc(Oc6ccc(*)cc6)cc5)cc4)cc3)cc2)c1,174.0,200.8458
*c1cc(C)c(N2C(=O)c3ccc(C(c4ccc5c(c4)C(=O)N(c4c(C)cc(C(*)c6cccc(C(F)(F)F)c6)cc4C)C5=O)(C(F)(F)F)C(F)(F)F)cc3C2=O)c(C)c1,286.1,279.88913
*CC(*)(CCCCC)C(=O)OC,53.0,-3.1267014
*Cc1ccc(N2C(=O)c3ccc(C(=O)c4ccc5c(c4)C(=O)N(c4ccc(*)cc4C)C5=O)cc3C2=O)c(C)c1,297.5,293.218
*Cc1ccc(OC(=O)CCCCCCCCC(=O)Oc2ccc(CCC(=O)NC(*)C(=O)OCCCCCCCC)cc2)cc1,15.5,8.890968
*C[Si](*)(C)CCCOCCOCCOC,-73.29999999999998,-106.28797
*=Cc1ccc(/C=C/c2ccc(N(c3ccccc3)c3ccc(N(c4ccccc4)c4ccc(/C=C/c5ccc(/C=C(\C#N)c6cccc(C(=*)C#N)c6)s5)cc4)cc3)cc2)s1,178.0,182.18619
*c1ccc(Oc2ccc(-c3cccc(-c4ccc(Oc5ccc(-c6c7c(c(*)c8ccccc68)C(=O)N(c6ccccc6)C7=O)cc5)c(C(F)(F)F)c4)c3)cc2C(F)(F)F)cc1,271.0,271.00146
*c1ccc(-c2ccc(N(c3ccc(C)cc3)c3ccc(C(c4ccccc4)c4ccc(N(*)c5ccc(C)cc5)cc4)cc3)cc2)cc1,239.0,203.05133
*Oc1ccccc1Oc1ccc2c(c1)C(=O)N(c1ccc(Oc3ccccc3Oc3ccc(N4C(=O)c5ccc(*)cc5C4=O)cc3C(F)(F)F)c(C(F)(F)F)c1)C2=O,185.0,254.81549
*CC(C#N)(C#N)CC(*)c1ccc(OC(C)=O)cc1,180.0,113.45713
*c1ccc2nc(-c3ccccc3)c(-c3ccc(-c4ccc(-c5c(-c6ccccc6)nc6ccc(*)cc6c5-c5ccccc5)cc4)cc3)c(-c3ccccc3)c2c1,405.0,298.18738
*C(=O)c1ccc(N2C(=O)c3ccc(Oc4ccc(Oc5ccc6c(c5)C(=O)N(c5ccc(*)cc5)C6=O)cc4)cc3C2=O)cc1,268.0,237.74799
*c1ccc(C(=O)Nc2ccc(Oc3ccc(C(C)(C)c4ccc(Oc5ccc(NC(=O)c6ccc(*)cc6C)cc5)cc4)cc3)cc2)c(C)c1,230.0,202.82846
*CC1C(=O)OC(=O)C1C(*)OCC(C)C,145.0,49.905727
*Cc1ccc(OC(=O)CCCC(=O)Oc2ccc(CCC(=O)NC(*)C(=O)OCC(C)C)cc2)cc1,62.0,48.984665
*c1ccc(Oc2ccc(C(=O)c3ccc4cc(C(=O)c5ccc(Oc6ccc(C(*)(C)C)cc6)cc5)ccc4c3)cc2)cc1,185.0,204.61581
*CC(*)C(=O)N1CC[NH+](CC)CC1,72.5,71.28562
*c1cccc(Oc2cccc(Oc3cccc(N4C(=O)c5c(c(-c6ccccc6)c(-c6ccc(Oc7ccc(Oc8ccc(-c9c(-c%10ccccc%10)c%10c(c(-c%11ccccc%11)c9-c9ccccc9)C(=O)N(*)C%10=O)cc8)cc7)cc6)c(-c6ccccc6)c5-c5ccccc5)C4=O)c3)c2)c1,238.0,214.45526
*Oc1ccc2c(c1)C(=O)N(c1cc(N3C(=O)c4ccc(*)cc4C3=O)cc(C(F)(F)F)c1)C2=O,274.0,313.6409
*c1ccc(OC(=O)c2ccc(OCCCCCCCCCCOc3ccc(C(=O)Oc4ccc(C(*)(C)C)cc4)cc3)cc2)cc1,77.0,57.69394
*c1cc(C)c(O[Si](C)(C)O[Si](C)(C)O[Si](C)(C)O[Si](C)(C)Oc2c(C)cc(*)cc2C)c(C)c1,-16.0,-15.389313
*CC(*)C(=O)Oc1ccc(C(=O)Oc2ccc(OC(=O)c3ccc(OCCCCC)cc3)cc2)cc1,48.0,91.821495
*Nc1ccc(CCc2cccc(NC(=O)c3cccc(C(*)=O)c3)c2)cc1,203.0,199.52576
*=Cc1ccc(Oc2ccc(-c3nnc(-c4ccc(Oc5ccc(C=*)cc5)cc4)o3)cc2)cc1,215.0,206.74423
*c1cc(C)c(O[Si](C)(C)O[Si](C)(C)Oc2c(C)cc(*)cc2C)c(C)c1,55.0,16.832779
*Oc1ccc2c(c1)C(=O)N(c1ccc(OCCOCCOc3cccc(N4C(=O)c5ccc(*)cc5C4=O)c3)cc1)C2=O,146.5,185.82358
*C=Cc1ccc(C=Cc2cc(OCCCCCCC)c(*)cc2OCCCCCCC)cc1,46.0,18.281624
*c1ccc2nc(-c3ccccc3)c(-c3cccc(-c4nc5cc(*)ccc5nc4-c4ccccc4)c3)nc2c1,320.0,314.23175
*Oc1ccc(Oc2ccc(/C=N/CCCCCCCCCC/N=C/c3ccc(*)cc3)cc2)cc1,108.0,95.55146
*Nc1ccc(*)cc1C,-71.39999999999998,132.86893
*C(=O)NCCCCCCNC(=O)c1cc(*)cc(C(C)(C)C)c1,163.0,98.31126
*OCCCCCCCCCCOC(=O)c1ccc2cc(C(*)=O)ccc2c1,50.5,32.733055
*CCCCCCCCC(=O)NNC(=O)OCCCCCCOC(=O)NNC(*)=O,45.0,-1.8027649
*N=P(*)(CC)c1ccccc1,20.0,0.2761078
*CC(*)OCCC,-49.14999999999998,-52.276756
*CC(*)OC(=O)OCC(Cl)(Cl)Cl,74.0,12.679024
*CC(*)c1ccc(CC)cc1,71.40000000000003,79.766205
*C(=O)c1ccc2c(c1)C(=O)N(c1cc(-c3nc4ccccc4[nH]3)cc(N3C(=O)c4ccc(*)cc4C3=O)c1)C2=O,197.0,308.7166
*c1ccc(OC(=O)c2ccc(C(=O)Oc3ccc(C4(*)c5ccccc5C(=O)N4C)cc3)cc2)cc1,282.0,207.15811
*CC(=O)OC(*)CCCCCC,-46.99999999999997,-53.09751
*c1ccc(NC(=O)c2ccc(Oc3cc(C(C)(C)C)c(Oc4ccc(C(=O)Nc5ccc(C(*)(C)C)cc5C)cc4)cc3C(C)(C)C)cc2)c(C)c1,275.0,206.54637
*CC(*)C(=O)Oc1ccc(C)cc1,42.5,88.54092
*=Nc1cccc(/N=C(/C=C/C(=*)c2ccccc2)c2ccccc2)c1,178.0,195.98196
*Nc1ccc(Oc2ccc3nc(-c4ccccc4)c(-c4ccc(-c5nc6cc(Oc7ccc(NC(=O)c8cc(C(*)=O)cc(N9C(=O)c%10ccccc%10C9=O)c8)cc7)ccc6nc5-c5ccccc5)cc4)nc3c2)cc1,302.0,259.79004
*O[Si](*)(C)CCCOc1ccc(C(=O)Oc2ccc(-c3ccc(OC(=O)CCCCC(=O)OC4CC(C)CCC4C(C)C)cc3)cc2)cc1,56.80000000000001,36.483837
*c1cc(Cl)c(OC(=O)Oc2c(Cl)cc(C(*)(C)C)cc2Cl)c(Cl)c1,227.0,186.36198
*Nc1ccc(NC(=O)c2ccc3c(c2)C(=O)N(c2ccc(NC(=O)Nc4ccc(N5C(=O)c6ccc(C(=O)Nc7ccc(NC(*)=O)cc7)cc6C5=O)cc4)cc2)C3=O)cc1,208.0,291.88266
*CCC(=O)Oc1ccc(C2(c3ccc(OC(*)=O)cc3)c3ccccc3-c3ccccc32)cc1,234.0,208.04816
*CC(*)(C)C(=O)OCc1cccs1,66.0,71.579475
*c1ccc(C(=O)Nc2ccc(Oc3ccc(Oc4ccc(NC(=O)c5ccc(*)cc5C)cc4)cc3)cc2)c(C)c1,219.0,204.79538
*c1ccc2c(c1)C(=O)N(c1cccc(P(=O)(c3ccc(C(F)(F)F)cc3)c3cccc(N4C(=O)c5ccc(C(*)(C(F)(F)F)C(F)(F)F)cc5C4=O)c3)c1)C2=O,260.0,275.99524
*Oc1ccc(Oc2cccc(Oc3cccc4c3C(=O)N(c3ccc(Oc5cccc(Oc6ccc(N7C(=O)c8cccc(*)c8C7=O)cc6)c5)cc3)C4=O)c2)cc1,198.0,223.53119
*c1ccc(Oc2ccc(S(=O)(=O)c3ccc(Oc4ccc(/C=C5\CCCC/C(=C\c6ccc(Oc7ccc(S(=O)(=O)c8ccc(Oc9ccc(C(*)(C)C)cc9)cc8)cc7)cc6)C5=O)cc4)cc3)cc2)cc1,188.0,163.54135
*c1ccc(Oc2ccc(N3C(=O)C(=O)N(CCCCCCN4C(=O)C(=O)N(*)C4=O)C3=O)cc2)cc1,172.0,188.49942
*CNC(=O)c1ccc(C(=O)NCc2cc(C)c(*)cc2C)cc1,225.0,212.86362
*NC(=O)OCCCCOC(=O)Nc1cc(*)ccc1C,42.0,58.43313
*CC(*)(C)C(=O)Oc1ccc(-c2nnc(-c3ccc(C(C)(C)C)cc3)o2)cc1,156.0,206.47028
*Nc1cccc(NC(=O)c2ccc3c(c2)C(=O)N(c2cc(-c4nc5ccccc5o4)cc(N4C(=O)c5ccc(C(*)=O)cc5C4=O)c2)C3=O)n1,365.0,322.42352
*CCCCC(=O)OCCOCCOC(*)=O,-50.99999999999997,-63.111748
*c1cc(C)c(N2C(=O)c3ccc(-c4ccc5c(c4)C(=O)N(c4c(C)cc(C(*)c6cccc(C(F)(F)F)c6)cc4C)C5=O)cc3C2=O)c(C)c1,312.9,284.86203
*CC(*)c1c(F)c(F)c(OCC(F)(F)C(F)(F)C(F)(F)C(F)(F)C(F)(F)C(F)(F)C(F)(F)F)c(F)c1F,21.0,92.8136
*CNC(=O)c1cccc(C(=O)NCc2cc(*)cc(C(C)(C)C)c2)c1,188.0,208.40675
*CC(*)(C)C(=O)OC1(C)CCOC(=O)C1,110.0,103.96499
*CCC[Si](*)(C[Si](C)(C)c1ccccc1)C[Si](C)(C)c1ccccc1,-35.99999999999997,-29.457687
*Nc1ccc(N2C(=O)c3ccc(C(=O)Nc4ccc(-c5cc(-c6ccccc6)cc(-c6ccc(NC(=O)c7ccc8c(c7)C(=O)N(c7ccc(NC(*)=O)cc7)C8=O)cc6)n5)cc4)cc3C2=O)cc1,215.0,294.2502
*CC(*)(C)C(=O)OCCCCl,50.0,31.3126
*C(=O)c1ccc(Oc2ccc(S(=O)(=O)c3ccc(Oc4ccc(Oc5ccc(*)cc5)cc4)cc3)cc2)cc1,186.0,172.44617
*c1cc(OCCCCCCCC)cc(N2C(=O)c3ccc(Oc4ccc5c(c4)C(=O)N(*)C5=O)cc3C2=O)c1,185.0,158.23845
*CC(*)C(=O)OCCCCCCCCCCCCOc1ccc(C(=O)Oc2ccc(-c3cccc(OC(=O)c4ccc(OC(=O)c5ccc(OCCCCCCCCCCCC)cc5)cc4)c3)cc2)cc1,67.0,52.653854
*c1ccc(OC(=O)Oc2ccc(C(*)(C)C)cc2C)c(C)c1,124.0,137.0775
*CCCCCCCCCCCCNC(*)=O,41.0,-6.2081146
*CC(*)(C)C(=O)OCCCCCCCCCCn1c2ccccc2c2cc(/N=N/c3ccc([N+](=O)[O-])cc3)ccc21,36.0,131.3631
*C(=O)c1ccc2c(c1)C(=O)N(c1cccc(P(=O)(c3cccc(N4C(=O)c5ccc(*)cc5C4=O)c3)c3cc(C(F)(F)F)cc(C(F)(F)F)c3)c1)C2=O,243.0,295.8289
*CC(CN1C(=O)C2C3C=CC(C3)C2C1=O)O*,87.5,166.32703
*CC(*)(C)C(=O)OCCCCC1CCCCC1,43.0,17.977318
*Nc1cccc(NC(=O)c2ccc3c(c2)C(=O)N(c2ccc(-c4sc(-c5ccc(N6C(=O)c7ccc(C(*)=O)cc7C6=O)cc5)c(-c5ccccc5)c4-c4ccccc4)cc2)C3=O)c1,334.0,318.83807
*OC1CCC(OC(*)=O)CC1,138.0,40.171703
*OCCOc1ccc(C2(c3ccc(OCCO[Si](*)(c4ccccc4)c4ccccc4)cc3)c3ccccc3-c3ccccc32)cc1,97.0,118.320816
*c1cc(C)c(OC(=O)CCCCCC(=O)Oc2c(C)cc(C(*)(C)C)cc2C)c(C)c1,84.0,79.07446
*c1ccc(-c2sc(-c3ccc(-c4cc(SCCCC)c(*)s4)cc3)cc2SCCCC)cc1,26.400000000000038,51.306385
*CC(*)C(=O)OCCCCCC(=O)Oc1ccc(-c2ccc(C#N)cc2)cc1,38.0,66.96317
*CC(*)C(=O)c1ccc(C(C)C)cc1,62.5,100.92561
*C1OCOC(C(*)(F)F)C1(F)F,125.0,87.17771
*c1ccc(Oc2ccc(C(=O)Nc3ccc(NC(=O)c4ccc(Oc5ccc(C(C)(C)c6ccc(C(*)(C)C)cc6)cc5)cc4)cc3)cc2)cc1,163.0,196.28064
*CCCCCC(*)CCC,-67.99999999999997,-71.367775
*c1cccc(-c2nc3ccc(-c4ccc5nc(*)[nH]c5c4)cc3[nH]2)c1,420.0,306.45703
*c1ccc2c(c1)C(=O)N(c1ccc3c(c1)-c1cc(N4C(=O)c5ccc(C(*)(C(F)(F)F)C(F)(F)F)cc5C4=O)ccc1C3)C2=O,394.0,286.04797
*C1=C(c2ccc(-c3ccc4c(c3)C(CCCCCC)(CCCCCC)c3cc(-c5ccc(*)cc5)ccc3-4)cc2)C(=O)N(CCCCCCCCCCCC)C1=O,100.0,100.76975
*CCN1C(=O)CC(*)C1=O,131.0,136.9262
*COC(=O)c1ccc(-c2ccc(C(=O)OCC(*)(C)CC)cc2)cc1,99.0,124.526215
*COC(=O)OCC(OC(C)=O)C(*)OC(C)=O,58.60000000000002,21.265202
*CC(*)c1ccc(COC(C)CC)cc1,40.0,25.411995
*NCCCCCCCCCCCCNC(=O)NCCCCCCNC(*)=O,49.0,40.89845
*c1ccc(Oc2ccc(-c3cc(-c4ccccc4)c4cc5c(-c6ccccc6)cc(*)nc5cc4n3)cc2)cc1,380.5,257.85278
*C#Cc1ccc(C#C[Si](C)(C)O[Si](C)(C)O[Si](*)(C)C)cc1,104.0,-19.853195
*OCCCCOc1ccc(CCc2ccc(*)cc2C)cc1,24.900000000000038,12.315262
*OCCCCCCCCCOC(=O)C(O)C(O)C(*)=O,-11.0,-22.558136
*CC(*)C(=O)NC(C)CC,116.85000000000002,45.104366
*c1ccc(Oc2ccc(-c3nnc(*)o3)cc2)cc1,240.0,219.95505
*/C=C(/*)C(CCC)[Si](C)(C)c1ccccc1,110.0,-12.040253
*NNC(=O)c1cccc(C(=O)NNC(=O)c2ccc(OC(=O)c3cccc(C(=O)Oc4ccc(C(*)=O)cc4)c3)cc2)c1,180.0,218.28265
*Oc1cccc2c1C(=O)N(c1ccc(Oc3ccc(N4C(=O)c5ccc(*)cc5C4=O)cc3)cc1)C2=O,285.0,256.9007
*=Nc1cccc(/N=C(\c2ccccc2)c2ccc(C(=*)c3ccccc3)cc2)c1,179.0,218.78885
*C=Cc1ccc(/C=C/C(=O)Oc2ccc(-c3ccc(OC(*)=O)cc3)cc2)cc1,243.0,133.49149
*c1ccc(-c2ccc(-c3ccc([Si](*)(C)C)s3)s2)s1,45.0,59.062263
*Nc1ccc(Cc2ccc(N3C(=O)c4ccc(S(=O)(=O)c5ccc6c(c5)C(=O)N(c5ccc(Cc7ccc(NC(=O)c8cccc(-c9nc%10cc(-c%11ccc%12[nH]c(-c%13cccc(C(*)=O)c%13)nc%12c%11)ccc%10[nH]9)c8)cc7)cc5)C6=O)cc4C3=O)cc2)cc1,270.0,225.52701
*NCCCCCCNC(=O)OCCOCCOCCOCCOCCOCCOC(*)=O,-30.99999999999997,-48.82447
*CCCCCCCCC(=O)Oc1ccc(C2(c3ccc(OC(*)=O)cc3)c3ccccc3Cc3ccccc32)cc1,134.0,127.72061
*CC(*)O,79.67500000000001,29.605122
*OCCCCCCOc1ccc(-n2on2-c2ccc(OCCCCCCOC(=O)C(CCCCCP(=O)(O)O)C(*)=O)cc2)cc1,17.0,16.495888
*c1ccc(-c2nc3cc(Oc4ccc5nc(-c6ccccc6)c(-c6ccc(-n7c(=O)c8cc9c(=O)n(*)c(=O)c9cc8c7=O)cc6)nc5c4)ccc3nc2-c2ccccc2)cc1,274.0,292.42267
*c1ccc2nc(CCCCCCCCCc3nc4ccc(*)cc4o3)oc2c1,64.0,119.007866
*CC(*)c1ccc(/C(Cc2ccccc2)=N/O)cc1,111.0,137.67072
*CC(*)C(=O)OCCCOCC,-61.49999999999997,-53.352486
*ON(C(F)(F)F)C(F)(F)C(*)(F)SC(F)(F)F,-47.99999999999997,11.315811
*CCN1C(=O)c2ccc(C(=O)c3ccc4c(c3)C(=O)N(CCC(=O)Nc3ccc(Oc5ccc(NC(*)=O)cc5)cc3)C4=O)cc2C1=O,232.0,235.14899
*C=CC(C(=O)OCc1ccccc1)C(*)C(=O)OCc1ccccc1,21.0,50.428562
*CC(*)OCCOc1ccc(/N=N/c2ccc([N+](=O)[O-])cc2)cc1,54.0,93.250916
*OC(=O)CCCCCCCCCCCCCCC(=O)Oc1cc(OC(=O)c2ccc(OCCC)cc2)c(*)cc1OC(=O)c1ccc(OCCC)cc1,18.0,30.495232
*c1ccc(Oc2ccc(C(=O)c3ccc(Oc4ccc(C(*)(C)C)cc4)s3)s2)cc1,124.0,127.96023
*c1ccc(Oc2ccc(C(C)(C)c3ccccc3)cc2)c(N2C(=O)c3ccc(-c4ccc5c(c4)C(=O)N(*)C5=O)cc3C2=O)c1,275.0,266.13766
*OCCCCCCOc1ccc(C(=O)c2ccc(OCCCCCCOC(=O)OCCCCOC(*)=O)cc2)cc1,2.1000000000000227,-8.3901825
*CC(*)(C)C(=O)OCC1CC(NC(=O)OC(C)(C)C)CN1C(=O)OC(C)(C)C,127.0,89.95378
*Nc1ccc(NC(=O)c2cc(C(*)=O)cc(S(=O)(=O)c3ccccc3)c2)cc1,308.0,282.89923
*c1ccc(-c2sc(-c3ccc(-c4cc(SCCCCCCCC)c(*)s4)cc3)cc2SCCCCCCCC)cc1,-38.79999999999998,37.383713
*CCCNC(=O)CCCCC(=O)NCCCP(*)CCCCCCCC,12.0,-27.348259
*c1ccc(NC(=O)c2ccc3c(c2)C(=O)N(c2ccc(Oc4cccc5c(N6C(=O)c7ccc(C(=O)Nc8ccc(*)cc8OC)cc7C6=O)cccc45)cc2)C3=O)c(OC)c1,304.0,262.15088
*c1cc(C)c(N2C(=O)CC(Nc3ccc(NC4CC(=O)N(c5c(C)cc(C(*)c6cccnc6)cc5C)C4=O)cc3)C2=O)c(C)c1,231.0,243.8247
*NC(=O)OCCN(CCOC(=O)Nc1ccc(C)c(*)c1)c1ccc(/C=C2/NC(=O)NC2=O)cc1,178.0,133.19768
*OCCCCCCOC(=O)c1ccc(Oc2ccc(C(*)=O)cc2)cc1,15.0,35.202988
*C(=O)c1ccc(Oc2ccc(Oc3ccc(*)cc3)cc2-c2cccc(C(F)(F)F)c2)cc1,134.0,162.76468
*C(=O)c1ccc(NC(=O)c2ccc(C(=O)Nc3c(C)c(C)c(*)c(C)c3C)cc2)cc1,366.0,259.00516
*Cc1ccc(OC(=O)CCCC(=O)Oc2ccc(CCC(=O)NC(*)C(=O)OCCCCCCCCCCCC)cc2)cc1,27.5,18.490768
*CC(*)OC(=O)c1cccc([N+](=O)[O-])c1,93.0,101.181885
*CC(*)c1ccc(B(Oc2ccc(-c3ccc(OC)cc3)c3cccnc23)c2ccc(C(C)(C)C)cc2)cc1,220.0,175.04324
*CCN(*)CC[Si](C)(C)C,-64.79999999999998,-68.40409
*=CCCCC(=*)c1ccc(OC)cc1,11.0,33.736794
*C(=O)c1ccccc1-c1ccccc1C(=O)c1ccc(Oc2ccc(-c3ccc(Oc4ccc(*)cc4)cc3)cc2)cc1,193.0,209.51454
*C=Cc1cc(OCCc2ccccc2)c(*)cc1OC,121.0,64.4255
*Cc1cc(C)c(NC(=O)c2ccc3c(c2)C(=O)N(c2ccc(/N=N/c4ccc(OC(F)(F)F)cc4)c(N4C(=O)c5ccc(C(=O)Nc6c(C)cc(*)cc6C)cc5C4=O)c2)C3=O)c(C)c1,278.0,264.24634
*Oc1ccc(Oc2ccc(/C=N/CC/N=C/c3ccc(*)cc3)cc2)cc1,101.0,149.43938
*CC(*)(F)C(=O)OCC(F)(F)C(F)(F)F,99.0,23.865635
*C(=O)c1ccc2c(c1)C(=O)N(c1cccc(Cc3ccc(Cc4ccc(Cc5cccc(N6C(=O)c7ccc(*)cc7C6=O)c5)cc4)cc3)c1)C2=O,235.5,234.9943
*CC(*)C(=O)Oc1ccccc1,60.0,84.84955
*NC(=O)OCCCCCOC(=O)Nc1ccc(C)c(*)c1,52.0,41.024937
*N=Nc1ccc(Oc2ccc(/N=N/P(=O)(OC)OCc3ccc(COP(*)(=O)OC)cc3)cc2)cc1,50.0,83.77584
*COC(=O)c1cccc(C(=O)OC(*)C)c1,77.0,93.940506
*CC(*)C(=O)OCCCCCn1c2ccccc2c2ccccc21,53.0,80.30943
*CCCCCCC(=O)OCC#CCOC(*)=O,-37.99999999999997,-43.162178
*NC(=O)Oc1ccc(/N=C/CCC/C=N/c2ccc(OC(=O)Nc3ccc(C)c(*)c3)cc2)cc1,69.0,151.45883
*c1ccc(Oc2ccc(Oc3ccc4nc(-c5ccc(-c6nc7ccc(Oc8ccc(Oc9ccc(P(*)(=O)c%10ccccc%10)cc9)cc8)cc7nc6-c6ccccc6)cc5)c(-c5ccccc5)nc4c3)cc2)cc1,248.0,230.0727
*C(=O)c1ccc2c(c1)C(=O)N(CCCCCCCCCCCCN1C(=O)c3ccc(*)cc3C1=O)C2=O,87.5,120.5341
*CCCCCCCC(=O)Nc1cccc(S(=O)(=O)c2cccc(NC(*)=O)c2)c1,125.0,132.05887
*OCCCCCCOc1ccc(-n2on2-c2ccc(OCCCCCCOC(=O)C(CCCCP(=O)(O)O)C(*)=O)cc2)cc1,19.0,19.231987
*C(=O)c1ccc2c(c1)C(=O)N(c1ccc(OCCOc3ccc(N4C(=O)c5ccc(*)cc5C4=O)cc3)cc1)C2=O,246.0,205.64882
*CC(*)c1cccc(F)c1,86.0,96.99895
*c1ccc(-c2ccc3c(c2)C(=O)N(CCCCCCCN2C(=O)c4ccc(*)cc4C2=O)C3=O)cc1,135.0,198.55457
*CC(*)(CC(=O)OCCC)C(=O)OCCC,46.5,-7.675026
*CC(*)(F)C(=O)OCC(F)(F)C(F)(F)C(F)(F)C(F)(F)F,63.0,22.381966
*OCCOC(=O)c1cccc(C(=O)OCCOc2nc(-c3ccc(OCCCC)cc3)nc(*)c2-c2ccc(OC)cc2)c1,92.0,104.64431
*CC(*)c1ccc(C(=O)CCN2CCCCC2)cc1,38.0,83.32123
*COC(=O)c1ccc(C(=O)OCC(CCCCCC)C(*)CCCCCC)cc1,-15.5,-8.543121
*NCCCCCCNC(=O)Nc1ccccc1CCc1ccc(NC(*)=O)cc1,150.0,92.79729
*CCC(=O)OCCOC(=O)c1ccc(C(=O)OCCOC(*)=O)cc1,24.0,14.580963
*CCCCCCN1C(=O)c2ccc(C(=O)Oc3ccc(OC(*)=O)cc3)cc2C1=O,74.315,127.03702
*C=Cc1ccc(*)cc1-c1c(OCC(CC)CCCC)ccc2cc(-c3ccccc3)ccc12,141.0,110.66302
*CCCCCCCCC(=O)OC(*)=O,60.0,-41.51938
*c1ccc2c(c1)C(=O)N(c1ccc(Oc3ccc(Oc4ccc(N5C(=O)c6ccc(C(*)(C(F)(F)F)C(F)(F)F)cc6C5=O)cc4C(F)(F)F)cc3)cc1)C2=O,260.80000000000007,248.28812
*O[Si](*)(C)CCCCCCCCCCC(=O)Oc1ccc(-c2ccc(OC(=O)CCCCC(=O)OC3CC(C)CCC3C(C)C)cc2)cc1,16.5,9.867859
*C1(C)CC(*)(C)C(=O)N(C)C1=O,170.0,188.67917
*C=Cc1cc(OCCCCCCCC)c(*)cc1OC,58.0,4.127182
*CC(*)(C)C(=O)OCCOCC,-16.0,-5.193596
*c1ccc(OC(=O)CCCCCN2C(=O)c3ccc(C(=O)Oc4ccc(C(C)(C)c5ccc(C(*)(C)C)cc5)cc4)cc3C2=O)cc1,104.0,140.96439
*OCCCCOC(=O)OCC1CCC(COC(*)=O)CC1,13.0,-17.119324
*CCCCCCN1C(=O)c2ccc(C(=O)Oc3ccc(-c4ccc(OC(*)=O)cc4)cc3)cc2C1=O,107.0,137.36356
*OCCCCCCCCCCCOc1ccc(-c2nnc(-c3cccc(OCCCCCCCCCCCOC(=O)c4ccc(C(*)=O)cc4)c3)s2)cc1,35.0,27.447056
*CC(*)CCCCC,-44.32499999999999,-82.42759
*c1ccc(OC(=O)SCCCSC(=O)Oc2ccc(C(*)(C)C)cc2)cc1,90.0,82.18581
*c1ccc(-c2ccc(N3C(=O)c4ccc(C(=O)c5ccc6c(c5)C(=O)N(*)C6=O)cc4C3=O)cc2C)c(C)c1,385.0,293.80573
*C(=O)c1ccc(C(=O)c2ccc(Oc3ccc(*)cc3C)c(C(C)C)c2)cc1,149.0,164.71698
*c1ccc(-c2ccc(N3C(=O)c4cc5c(cc4C3=O)C(C(F)(F)F)(C(F)(F)F)c3cc4c(cc3O5)C(=O)N(*)C4=O)cc2OC(F)(F)F)c(OC(F)(F)F)c1,375.0,276.25565
*=Nc1ccc(N=C(C=CC(=*)c2ccccc2)c2ccccc2)cc1,157.0,183.22505
*c1ccc(-c2ccc(-c3ccc([Si](CCCC)(CCCC)[Si](*)(CCCC)CCCC)s3)s2)s1,-5.0,0.45065308
*COC(=O)c1ccc(C(=O)OCC2CC(*)CC(C(C)(C)C)C2)cc1,118.0,87.43837
*CCC(=O)NCCCCCCCCCCNC(=O)CCP(*)(C)=O,45.5,-35.591446
*Oc1ccc(Oc2ccc(Oc3ccc4c(c3)C(=O)N(c3ccc(Oc5ccc(N6C(=O)c7ccc(*)cc7C6=O)cc5)cc3)C4=O)cc2)cc1,215.0,207.02084
*N=P(*)(Oc1ccc(-c2ccccc2)cc1)Oc1ccc(-c2ccccc2)cc1,85.0,55.765343
*Oc1ccc(-c2cnc3ccc(-c4ccc5nc(-c6ccc(Oc7ccc(*)cc7)cc6)cnc5c4)cc3n2)cc1,235.0,258.23352
*c1ccc(Oc2ccc(NC(=O)c3ccc(Oc4ccc(C(C)(C)c5cccc(C(C)(C)c6ccc(Oc7ccc(C(=O)Nc8ccc(Oc9ccc(C(*)(C)C)cc9)cc8)cc7)cc6)c5)cc4)cc3)cc2)cc1,147.0,162.39157
*Nc1cccc(OCCCCCOc2cccc(NC(=O)c3ccc(C(*)=O)cc3)c2)c1,135.0,116.181496
*Oc1ccc(Sc2ccc(Oc3ccc4c(c3)C(=O)N(c3ccc(N5C(=O)c6ccc(*)cc6C5=O)cc3)C4=O)cc2)cc1,238.0,233.53726
*Cc1ccc(OC(=O)CCCCC(=O)Oc2ccc(CCC(=O)NC(*)C(=O)OCC)cc2)cc1,61.0,51.777542
*c1ccc(-c2ccc(-n3c(=O)c4cc5c(=O)n(*)c(=O)c5cc4c3=O)cc2C)c(C)c1,369.25,315.0239
*C(=O)c1ccc2c(c1)C(=O)N(c1ccc(Cc3ccc(N4C(=O)c5ccc(C(=O)c6ccc(Oc7ccc(Oc8ccc(*)cc8)cc7)cc6)cc5C4=O)cc3)cc1)C2=O,225.0,233.03592
*O[Si](*)(C)CCCOCCOCCOC,-90.09999999999997,-98.131935
*c1cc(C)c(OC(=O)c2cccc(C(=O)Oc3c(C)cc(C(*)(C)C)cc3C)c2)c(C)c1,187.0,165.46371
*Nc1cccc(NC(=O)c2ccc3c(c2)C(=O)N(c2cc(-c4nc5ccccc5s4)cc(N4C(=O)c5ccc(C(*)=O)cc5C4=O)c2)C3=O)n1,358.0,313.69794
*CC(*)(C)C(=O)OCCCCCCCCCCOc1ccc(/N=N/c2ccc([N+](=O)[O-])cc2)cc1,55.0,59.254627
*C(=O)c1ccc2c(c1)C(=O)N(CCCCCCCCN1C(=O)c3ccc(*)cc3C1=O)C2=O,113.0,168.29434
*c1ccc(C(=O)Nc2cccc(OC(=O)c3ccc([Si](*)(C)C)cc3)c2)cc1,220.0,149.19836
*CC(C)(C)C1C(=O)N(C)C(=O)C1*,156.5,166.14981
*c1c(C)cc(C)c(N2C(=O)c3ccc(C(=O)Nc4ccc(NC(=O)c5ccc6c(c5)C(=O)N(*)C6=O)cc4)cc3C2=O)c1C,327.0,289.706
*CC(*)(CC(=O)OC)C(=O)O,159.0,103.48974
*NC(=O)c1cc(OCCCN(C)c2ccc(/N=N/c3ccc(S(C)(=O)=O)cc3)cc2)cc(C(=O)Nc2cc(*)cc(C(=O)OCCCN(C)c3ccc(/N=N/c4ccc(S(C)(=O)=O)cc4)cc3)c2)c1,168.0,163.85126
*c1ccc(Oc2ccc(S(=O)(=O)c3ccc(Oc4ccc(-c5c6c(c(*)c7ccccc57)C(=O)N(c5ccccc5C(F)(F)F)C6=O)cc4)cc3)cc2)cc1,290.0,262.86414
*c1ccc(Oc2ccc(/C=N/c3ccc(Oc4ccc(-c5ccc(Oc6ccc(/N=C/c7ccc(Oc8ccc(C(*)(C(F)(F)F)C(F)(F)F)cc8)cc7)cc6)cc5)cc4)cc3)cc2)cc1,128.0,184.23743
*c1cc2c(cc1-c1ccc([Si](C)(C)C)cc1)C(=O)N(c1ccc(C(c3ccc(N4C(=O)c5cc(*)c(-c6ccc([Si](C)(C)C)cc6)cc5C4=O)cc3)(C(F)(F)F)C(F)(F)F)cc1)C2=O,365.0,231.1279
*OCCCCCCCCCCOc1ccc(/N=C/c2ccc(/C=N/c3ccc(*)cc3C)cc2)c(C)c1,77.60000000000002,84.36679
*CSCc1ccc(Cc2ccc(CSCC(=O)OCCSCc3ccc(Cc4ccc(CSCCOC(*)=O)cc4)cc3)cc2)cc1,14.0,36.40956
*c1ccc(Oc2ccc(C(=O)c3ccc(C(=O)c4ccc(Oc5ccc(C(*)(C)C)cc5)c(C(F)(F)F)c4)cc3)cc2C(F)(F)F)cc1,171.0,211.84703
*C(=O)c1ccc(Oc2ccc(C(=O)c3c(C(=O)c4ccc(Oc5ccc(*)cc5)cc4)c(-c4ccc(F)cc4)c(-c4ccc(F)cc4)c(-c4ccc(F)cc4)c3-c3ccc(F)cc3)cc2)cc1,260.0,240.45862
*COC(=O)c1ccc(C(=O)OC(C)COC(*)C)cc1,37.0,39.40774
*CC(*)(C)OC,67.0,-4.282509
*CC(*)c1ccc(C(C)CC)cc1,85.35000000000002,67.1506
*CCCCCCCCC(=O)OC1CCC(OC(*)=O)CC1,66.0,-6.037155
*c1ccc2c(c1)C(=O)N(c1ccc(C(c3ccccc3)c3ccc(N4C(=O)c5ccc(S(*)(=O)=O)cc5C4=O)cc3)cc1)C2=O,305.0,291.51425
*c1cc(N2C(=O)c3ccc(C(=O)Nc4ccc(Cc5ccc(NC(=O)c6ccc7c(c6)C(=O)N(*)C7=O)c(C)c5)cc4C)cc3C2=O)ccc1/N=N/c1ccc(C)cc1,257.0,270.9375
*C(=O)c1ccc(Oc2ccc(-c3nc4ccccc4n3-c3ccc(-n4c(-c5ccc(Oc6ccc(C(=O)c7ccc(Oc8ccc(*)cc8)cc7)cc6)cc5)nc5ccccc54)cc3)cc2)cc1,223.0,244.72147
*OCCCCOCCCCOCCCCOC(=O)c1ccc(/N=C/c2ccc(C=Nc3ccc(C(*)=O)cc3)s2)cc1,25.0,50.151802
*Nc1ccc(NC(=O)c2ccc3c(c2)C(=O)N(c2ccc(-c4sc(-c5ccc(N6C(=O)c7ccc(C(*)=O)cc7C6=O)cc5)c(-c5ccccc5)c4-c4ccccc4)cc2)C3=O)cc1,333.0,306.08148
*OCCCCCCCCCCCOc1cccc(-c2nnc(-c3cccc(OCCCCCCCCCCCOC(=O)c4ccc(C(*)=O)cc4)c3)s2)c1,22.0,29.386574
*CC(*)(C)C(=O)OC,108.925,107.88129
*C(=O)Nc1ccc(C(c2ccc(NC(=O)c3cc(*)cc(NC(=O)CCCCCN4C(=O)c5ccccc5C4=O)c3)cc2)(C(F)(F)F)C(F)(F)F)cc1,225.0,215.70041
*COC(=O)OC1C(*)OC2OC(C)(C)OC21,128.0,100.66449
*CC1(C)C(=O)OC(=O)C1(C)C(*)OC,260.0,122.045685
*c1cc2c(cc1-c1ccc(C(C)(C)C)cc1)C(=O)N(c1ccc(C(c3ccc(N4C(=O)c5cc(*)c(-c6ccc(C(C)(C)C)cc6)cc5C4=O)cc3)(C(F)(F)F)C(F)(F)F)cc1)C2=O,381.0,286.578
*c1ccc(Sc2ccc(-c3ccc(Sc4ccc(P(*)(=O)c5ccccc5)cc4)cc3)cc2)cc1,232.0,174.90219
*CC(*)(CC(=O)OC(C)C)C(=O)OC12CC3CC(CC(C3)C1)C2,180.0,146.33273
*COc1ccc(S(=O)(=O)c2ccc(OCC(*)OC(C)=O)cc2)cc1,130.0,100.56934
*OCCCCN1C(=O)c2ccc(-c3ccc4c(c3)C(=O)N(CCCCOC(*)=O)C4=O)cc2C1=O,104.0,130.17346
*Oc1ccc2c(c1)C(=O)N(c1ccc(-c3ccc(N4C(=O)c5ccc(*)cc5C4=O)cc3C(F)(F)F)c(C(F)(F)F)c1)C2=O,275.0,299.21085
*CSSC(*)c1ccccc1,4.800000000000011,31.649414
*C(=O)NCCNC(=O)c1c(*)ncn1C,189.0,135.31053
*c1ccc(CN2C(=O)c3ccc(Oc4ccc5c(c4)C(=O)N(Cc4ccc(C(*)C)o4)C5=O)cc3C2=O)o1,129.0,202.58344
*CC(*)C(=O)OCCOCC(F)(F)F,-37.99999999999997,-28.805626
*/C(C)=C(/*)[Si](C)(C)C,75.0,-37.662712
*COC(=O)c1ccc(-c2ccc(C(=O)OCC(*)(C)CCC)cc2)cc1,95.0,111.68995
*O[Si](C)(C)c1ccc2ccc([Si](*)(C)C)cc2c1,26.0,27.621773
*C(F)C(*)(F)OC(F)(F)F,-10.0,-12.104225
*c1ccc(OC(=O)Oc2ccc(C3(*)c4cc(N(C)C)ccc4-c4ccc([N+](=O)[O-])cc43)cc2)cc1,278.0,215.98788
*OCCCCCCCCCOc1ccc(CCc2ccc(*)cc2C)cc1,-1.099999999999966,-5.226738
*CC(*)(C)C(=O)OCCN(C)c1ccc(/C=C/c2ccc([N+](=O)[O-])cc2)cc1,107.0,120.40779
*N(C)[Si](*)(C)C=C,-19.99999999999997,-59.836784
*c1ccc(-c2nc3cc(-c4ccc5oc(*)nc5c4)ccc3o2)cc1,430.0,289.12357
*c1ccc(C(=O)Nc2ccc(C(=O)Nc3ccc(Cc4ccc(NC(=O)c5ccc(NC(=O)c6ccc([Si](*)(C)C)cc6)cc5)cc4)cc3)cc2)cc1,300.0,193.30762
*Cc1ccc(OC(=O)CCC(C)CC(=O)Oc2ccc(CC(=O)NC(*)C(=O)OCCCCCC)cc2)cc1,38.0,22.354847
*Oc1ccc2c(c1)C(=O)N(c1ccc(Sc3ccc(Sc4ccc(Sc5ccc(Sc6ccc(N7C(=O)c8ccc(*)cc8C7=O)cc6)s5)s4)s3)cc1)C2=O,158.5,166.54224
*c1ccc2c(c1)C(=O)N(CCCCCCCN1C(=O)c3ccc(C(*)(C(F)(F)F)C(F)(F)F)cc3C1=O)C2=O,165.0,185.85269
*c1ccc(OCCN(C)c2ccc(/C=C/C3=CC(=C(/C#N)C(=O)OCc4ccc(Oc5c(F)c(F)c(F)c(F)c5F)cc4)/CC(C)(C)C3)cc2)c(N2C(=O)c3ccc(Oc4ccc5c(c4)C(=O)N(c4cc(C(*)(C(F)(F)F)C(F)(F)F)ccc4OCCN(c4ccccc4)c4ccc(/C=C/C6=CC(=C(/C#N)C(=O)OCc7ccc(Oc8c(F)c(F)c(F)c(F)c8F)cc7)/CC(C)(C)C6)cc4)C5=O)cc3C2=O)c1,162.0,185.50183
*c1ccc(-c2nnc(-c3ccc(-c4ccc(-c5nnc(-c6ccc([Si](*)(c7ccccc7)c7ccccc7)cc6)o5)cc4)cc3)o2)cc1,278.0,280.71942
*c1ccc(OCC(O)COC(=O)c2cccc(C(=O)OCC(O)COc3ccc(C(*)(C)C)cc3)c2)cc1,97.0,74.700806
*c1cccc(-c2nc3ccc(-c4ccc5nc(*)sc5c4)cc3s2)c1,495.0,227.72696
*C(=O)c1ccc2c(c1)C(=O)N(c1cc(N3C(=O)c4ccc(*)cc4C3=O)cc(C(F)(F)F)c1)C2=O,294.75,294.05283
*c1ccc(C)c(NC(=O)OCCN(CCOC(=O)Nc2ccc(C)c(N3C(=O)c4ccc(C(c5ccc6c(c5)C(=O)N(*)C6=O)(C(F)(F)F)C(F)(F)F)cc4C3=O)c2)c2ccc(/N=N/c3ccc([N+](=O)[O-])cc3)cc2)c1,196.0,205.01819
*Nc1ccc(C(=O)OCCCCCCOC(=O)c2ccc3c(c2)C(=O)N(c2ccc(C(*)=O)cc2)C3=O)cc1,107.0,142.92673
*NC(=O)Oc1ccc(/N=C/C=N/c2ccc(OC(=O)Nc3cc(*)ccc3C)cc2)cc1,76.0,175.4899
*C1C(*)C2CC1C(C(=O)OCc1ccccc1)C2C(=O)OCc1ccccc1,277.0,109.78082
*O[Si](c1ccccc1)(c1ccccc1)c1ccc([Si](*)(c2ccccc2)c2ccccc2)cc1,130.0,112.60237
*c1ccc(C(=O)OCCOC(=O)c2ccc(C(*)(C)CC)cc2)cc1,95.0,92.320564
*Oc1ccc2c(c1)C(=O)N(c1cccc(P(=O)(c3ccccc3)c3cccc(N4C(=O)c5ccc(*)cc5C4=O)c3)c1)C2=O,251.0,289.57922
*CCOC(=O)CCCCC(=O)OCCC(*)C,-78.59999999999997,-47.933937
*CCOC(*)C,-49.99999999999997,-41.93405
*=Cc1ccc(N(c2ccccc2)c2ccc(N(c3ccccc3)c3ccc(/C=C(\C#N)C(=O)NC4CCCCC4NC(=O)C(=*)C#N)cc3)cc2)cc1,239.0,211.53207
*COC1OC(*)C(O)C(O)C1O,200.0,85.30043
*CSSSSC*,-23.99999999999997,-24.03843
*Oc1ccc(-c2ccc(Oc3cccc4c3C(=O)N(c3ccc(Oc5ccc(N6C(=O)c7cccc(*)c7C6=O)cc5)cc3)C4=O)cc2)cc1,277.0,248.57877
*c1ccc2c(c1)C(=O)N(c1cccc(-n3c(=O)c4cc5c(=O)n(-c6cccc(N7C(=O)c8ccc(C(*)(C(F)(F)F)C(F)(F)F)cc8C7=O)c6)c(=O)c5cc4c3=O)c1)C2=O,338.0,305.77548
*CC(*)c1cc(Br)ccc1OCC,80.0,86.215324
*=Nc1ccc(Cc2ccc(NC(=*)c3ccccc3)cc2)cc1,158.0,171.90085
*NCCCCCCCCCCCCCCNC(=O)NCCCCCCNC(*)=O,47.0,35.277077
*CC(*)C(=O)OCC(F)(F)F,3.1000000000000227,9.098198
*CC1C(=O)OC(=O)C1C(*)OCCCC,118.0,25.589947
*Oc1ccc(Sc2ccc(Oc3ccc4c(c3)C(=O)N(c3cccc(Oc5cccc(Oc6cccc(N7C(=O)c8ccc(*)cc8C7=O)c6)c5)c3)C4=O)cc2)cc1,190.5,222.01688
*CC1=CCC(C(*)(C)C)CC1,77.0,33.998745
*C=CC1CC(*)C2C(=O)N(c3ccccc3C)C(=O)C12,248.0,167.40689
*Oc1cccc2c(Oc3ccc4c(c3)C(=O)N(c3cccc(N5C(=O)c6ccc(*)cc6C5=O)c3)C4=O)cccc12,260.0,273.4746
*C(=O)c1cccc(C(=O)c2ccc(Oc3ccc(Cc4ccc(Oc5ccc(*)cc5)cc4)cc3)cc2)c1,145.0,152.04721
*C(=O)c1ccc(N(*)CCCCC)cc1,83.5,43.900383
*Nc1ccc(Oc2ccc(N3C(=O)c4ccc(C(*)=O)cc4C3=O)cc2)cc1,295.0,249.8417
*C(=O)c1cccc(N2C(=O)c3ccc(C(=O)c4ccc5c(c4)C(=O)N(c4ccc(*)cc4)C5=O)cc3C2=O)c1,282.0,280.51852
*c1ccc2c(c1)C(=O)N(CC1CCCC(CN3C(=O)c4ccc(C(*)(C(F)(F)F)C(F)(F)F)cc4C3=O)C1)C2=O,222.0,232.32901
*CN1C(=O)c2ccc(C(c3ccc4c(c3)C(=O)N(CC(=O)Nc3ccc(Oc5ccc6nc(-c7ccccc7)c(-c7ccc(Oc8ccc(-c9nc%10cc(Oc%11ccc(NC(*)=O)cc%11)ccc%10nc9-c9ccccc9)cc8)cc7)nc6c5)cc3)C4=O)(C(F)(F)F)C(F)(F)F)cc2C1=O,260.0,257.99545
*C=Cc1ccc(OCCCCCCOC(=O)c2ccc(-c3nnc(-c4ccc(C(=O)OCCCCCCOc5ccc(/C=C/C(*)=O)cc5)cc4)o3)cc2)cc1,62.0,68.496475
*c1ccc(Oc2ccc(-c3cnc(-c4ccc(Oc5ccc(C(*)(C)C)cc5)c(C(F)(F)F)c4)o3)cc2C(F)(F)F)cc1,185.0,211.8111
*C(=O)c1ccc(Oc2ccc(-c3c4c(c(-c5ccc(Oc6ccc(*)cc6)cc5)c5ccccc35)C(=O)N(c3ccc(Cl)cc3)C4=O)cc2)cc1,272.0,240.44803
*O[Si](*)(C)CC[Si](C)(C)O[Si](C)(C)CCCOc1cc(OC(=O)c2ccc(OCCCC)cc2)ccc1/N=N/c1ccc(OCCCC)cc1,-4.0,-23.186974
*Oc1ccc(OC(=O)c2cc(OCCCCCCCCCCC(F)(F)C(F)(F)C(F)(F)C(F)(F)C(F)(F)C(F)(F)C(F)(F)C(F)(F)C(F)(F)C(F)(F)F)cc(C(*)=O)c2)cc1,137.0,72.00626
*Cc1ccc(OC(=O)Oc2ccc(CCC(=O)NC(*)C(=O)OCC)cc2)cc1,96.0,79.4003
*C(=O)c1ccc2c(c1)C(=O)N(c1ccc(Oc3ccc(C(c4ccc(Oc5ccc(N6C(=O)c7ccc(*)cc7C6=O)cc5C(F)(F)F)cc4)(C(F)(F)F)C(F)(F)F)cc3)c(C(F)(F)F)c1)C2=O,220.0,230.91861
*CC(*)(C)C(=O)OCCF,90.0,30.817307
*Nc1ccc(-c2c(-c3ccc(-c4ccccc4)cc3)cc(-c3ccc(OCCCCCCOc4ccc(-c5cc(-c6ccc(-c7ccccc7)cc6)c(-c6ccc(NC(=O)c7ccc(C(*)=O)cc7)cc6)c(-c6ccc(-c7ccccc7)cc6)c5)cc4)cc3)cc2-c2ccc(-c3ccccc3)cc2)cc1,121.5,230.16757
*OC(=O)c1ccc(CCCCc2ccc(C(*)=O)cc2)cc1,46.0,52.293026
*=NP(=NP(=NS(=*)(=O)Nc1ccccc1)(Nc1ccccc1)Nc1ccccc1)(Nc1ccccc1)Nc1ccccc1,82.0,126.287155
*OC1COC2C(OC(=O)c3ccc(/N=N/c4ccc(C(*)=O)cc4)cc3)COC12,98.0,140.15067
*CC(*)c1ccc(-c2cccc3nsnc23)cc1,150.0,161.23024
*c1ccc(Oc2c(F)c(F)c(COC(c3cccc(C(OCc4c(F)c(F)c(Oc5ccc(C(*)(C)C)cc5)c(F)c4F)(C(F)(F)F)C(F)(F)F)c3)(C(F)(F)F)C(F)(F)F)c(F)c2F)cc1,98.0,155.4946
*c1cc(C)c(OC(=O)c2ccc(N3C(=O)CC(Nc4ccc(NC5CC(=O)N(c6ccc(C(=O)Oc7c(C)cc(C(*)c8cccnc8)cc7C)cc6)C5=O)cc4)C3=O)cc2)c(C)c1,212.0,221.77353
*C(=O)c1ccc2c(c1)C(=O)N(c1cccc(C(c3ccccc3)(c3cccc(N4C(=O)c5ccc(*)cc5C4=O)c3)C(F)(F)F)c1)C2=O,311.0,295.20383
*c1ccc(OCC(O)COc2ccc(C(C)(C)c3ccc(OCC(O)COc4ccc(S(*)(=O)=O)cc4C)cc3)cc2)c(C)c1,117.5,97.22802
*c1ccc(-c2ccc(-c3nc4ccc(-c5ccc6nc(*)c(-c7ccccc7)c(-c7ccccc7)c6c5)cc4c(-c4ccccc4)c3-c3ccccc3)cc2)cc1,420.0,304.81656
*c1ccc(C(=O)Oc2cccc(OC(=O)c3ccc([Si](*)(C)C)cc3)c2)cc1,134.0,120.63181
*Oc1ccc(C(c2ccc(Oc3cccc4c3C(=O)N(c3ccc(Oc5ccc(N6C(=O)c7cccc(*)c7C6=O)cc5)cc3)C4=O)cc2)(C(F)(F)F)C(F)(F)F)cc1,226.0,253.7586
*CC(*)(C)C(=O)OCCO[N+](=O)[O-],55.0,53.426785
*CC(O)CCCCC(O)CN(*)c1ccc(N(C)C)cc1,72.0,36.69557
*C(F)(F)C(*)(F)Cl,69.47500000000002,20.060547
*CCP(=O)(CCC(=O)NCCCCCCNC(*)=O)c1ccccc1,29.0,22.519276
*Nc1ccc(Oc2ccc(-c3ccc(Oc4ccc(NC(=O)c5ccc(Oc6ccc(Oc7ccc(C(*)=O)cc7)cc6-c6ccccc6)cc5)cc4)cc3)cc2)cc1,232.0,197.19962
*O[Si](*)(C)CCCCCCCCCCCOc1ccc(/C=C/c2ccc(C#N)cc2)cc1,-54.99999999999997,1.2639542
*O[Si](C)(C)c1ccc([Si](C)(C)O[Si](*)(C)C)cc1,-62.49999999999997,-43.833763
*=Cc1ccc(C=*)cc1,137.425,159.74911
*CCSC(*)C,-58.99999999999997,-60.250587
*Nc1ccc(Oc2ccc(Oc3ccc(NC(=O)c4ccc5c(c4)C(=O)N(c4ccc(Oc6ccc(N7C(=O)c8ccc(C(*)=O)cc8C7=O)cc6)cc4)C5=O)cc3)cc2)cc1,260.0,228.11938
*Oc1ccc(Sc2ccc(Oc3ccc4c(c3)C(=O)N(c3ccc(Oc5cccc(Oc6ccc(N7C(=O)c8ccc(*)cc8C7=O)cc6)c5)cc3)C4=O)cc2)cc1,178.0,211.46176
*C1CCC2C(=O)N(c3ccc(Oc4ccc(Oc5ccc(Oc6ccc(N7C(=O)C8CCC(*)CC8C7=O)cc6)cc5)cc4)cc3)C(=O)C2C1,217.0,213.12619
*c1ccc(-c2nnc(-c3cccc(-c4nnc(*)n4-c4ccccc4)c3)n2-c2ccccc2)cc1,272.5,267.23975
*c1ccc(C(=O)Nc2ccc(C(=O)Nc3ccc(-c4sc(-c5ccc(NC(=O)c6ccc(NC(=O)c7ccc([Si](*)(C)C)cc7)cc6)cc5)c(-c5ccccc5)c4-c4ccccc4)cc3)cc2)cc1,337.0,244.725
*Cc1cc(C)c(N2C(=O)c3ccc(C(=O)OCCN(CCOC(=O)c4ccc5c(c4)C(=O)N(c4c(C)cc(*)cc4C)C5=O)c4ccc(/N=N/c5ccc([N+](=O)[O-])cc5)cc4)cc3C2=O)c(C)c1,179.0,213.89102
*CCCCCOC(*)=O,54.950000000000045,-57.634285
*c1ccc(-c2ccc(Oc3ccc(C(c4ccc(Oc5ccc(*)cc5C(F)(F)F)cc4)(C(F)(F)F)C(F)(F)F)cc3)c(C(F)(F)F)c2)cc1,207.5,212.19113
*c1ccc2c(c1)C(=O)N(c1cccc(OCCCCCOc3cccc(N4C(=O)c5ccc(*)cc5C4=O)c3)c1)C2=O,165.0,187.44058
*C(F)(F)C1(*)OC(F)(C(F)(F)F)C(F)(C(F)(F)F)O1,165.0,87.552826
*Oc1ccc(-c2ccc(OC(=O)c3ccc(C(*)=O)cc3)c(-c3ccccc3)c2)cc1,132.0,199.10515
*C(=O)c1ccc(Oc2ccc(C(=O)c3ccc(Oc4ccc(Cc5ccc(Oc6ccc(*)cc6)cc5)cc4)cc3)cc2)cc1,128.0,142.37842
*CCCCn1c(=O)c2cc3c(=O)n(CCC(*)C)c(=O)c3cc2c1=O,135.0,187.75513
*CCCCCN1C(=O)c2ccc(C(=O)Oc3ccc4ccc(OC(*)=O)cc4c3)cc2C1=O,113.0,156.18648
*c1ccc(/N=N/c2ccc(OCC)cc2)cc1C(=O)OCCCOC(=O)c1cc(/N=N/c2ccc(OCC)cc2)ccc1*,101.0,137.35156
*CCC(C)O[Si](C)(C)O[Si](C)(C)O[Si](C)(C)OC(*)C,-89.99999999999997,-90.85737
*Cc1cocc1[CH2][Ge]([*])([CH3])[CH3],-27.99999999999997,70.44595
*CC(*)c1ccc(C(=O)N2CCOCC2)cc1,127.0,127.2952
*C1C(=O)OC(=O)C1C1C2CC(C(=O)OCCOCC)C(C2)C1*,155.0,91.9755
*Oc1ccccc1Oc1ccc2c(c1)C(=O)N(c1ccc(Oc3ccc(C(c4ccc(Oc5ccc(N6C(=O)c7ccc(*)cc7C6=O)cc5C(F)(F)F)cc4)(C(F)(F)F)C(F)(F)F)cc3)c(C(F)(F)F)c1)C2=O,191.0,212.19975
*NCCCCCCCNC(*)=O,62.0,61.315292
*C=[CH][Ge]([CH]=C[Si](*)(c1ccccc1)c1ccccc1)([c]1ccccc1)[c]1ccccc1,28.0,76.07617
*CCC(=O)NCCCCCCNC(=O)CCC(C)(C)c1ccc(C(*)(C)C)cc1,93.25,47.616787
*C(CC1C(=O)OC(=O)C1*)c1ccccc1,212.0,130.08295
*c1ccc(OC(=O)Oc2ccc(C(*)(C)C)cc2Cl)c(Cl)c1,147.0,160.92522
*Nc1ccc(N2C(=O)CC(N3C(=O)c4ccc(C(*)=O)cc4C3=O)C2=O)cc1,120.0,294.6619
*COc1ccc(C(C)(c2ccccc2)c2ccc(OCC(*)OC(C)=O)cc2)cc1,110.0,95.95333
*C(=O)Oc1ccc(OC(=O)c2ccc(*)cc2Sc2ccc(C)cc2)cc1,134.0,149.63321
*C(=O)c1ccc(Oc2ccc(C3(c4ccc(Oc5ccc(C(*)=O)cc5)cc4)c4ccccc4-c4ccccc43)cc2)cc1,242.0,213.20367
*CC(*)(C)C(=O)OCc1ccsc1,83.5,82.35024
*CCCCCCCCC(=O)NCCCCCCNC(*)=O,39.85000000000002,-10.309746
*OCCCCCCOc1ccc(-c2ccc(*)c3ccccc23)c2ccccc12,109.0,88.52889
*c1ccc2oc(-c3ccc(-c4nc5cc(C(*)(C(F)(F)F)C(F)(F)F)ccc5o4)nc3)nc2c1,352.0,278.5746
*CCCCC(=O)Oc1ccc(C2(c3ccc(OC(*)=O)cc3)c3ccccc3-c3ccccc32)cc1,166.0,174.16129
*c1ccc(-c2ccc(-c3cnc4cc(-c5ccc6nc(*)cnc6c5)ccc4n3)cc2)cc1,345.5,284.83612
*C=Cc1ccc2c(c1)C(CCCCCCOc1ccc3ccc(=O)oc3c1)(CCCCCCOc1ccc3ccc(=O)oc3c1)c1cc(C=Cc3ccc4c(c3)C(CCCCCC)(CCCCCC)c3cc(*)ccc3-4)ccc1-2,115.0,113.84053
*Oc1ccc(C(=C(Cl)Cl)c2ccc(OC(*)=O)cc2)cc1,167.0,136.81929
*C(=O)c1ccc2c(c1)C(=O)N(c1ccc(C(c3ccc(N4C(=O)c5ccc(*)cc5C4=O)cc3)(C(F)(F)F)C(F)(F)F)cc1)C2=O,308.03,286.7815
*CC(*)(C)C(=O)OCCCCOc1ccc(OC(=O)c2ccc(OCCCCCCCC)cc2)cc1,10.0,21.452095
*c1ccc2c(c1)C(=O)N(c1ccc(Oc3ccc(C(c4ccc(Oc5ccc(N6C(=O)c7ccc(*)cc7C6=O)cc5C(F)(F)F)cc4)(C(F)(F)F)C(F)(F)F)cc3)c(C(F)(F)F)c1)C2=O,223.0,259.7849
*C=C[Si](*)(c1ccccc1)c1ccccc1,-9.0,73.356865
*c1ccc(Oc2ccc(S(=O)(=O)c3ccc(Oc4ccc(C(*)(C)C)cc4C(O)(C(F)(F)F)C(F)(F)F)cc3)cc2)c(C(O)(C(F)(F)F)C(F)(F)F)c1,167.0,190.56549
*C(=O)OCCOC(=O)c1ccc(-c2ccc(*)cc2C)c(C)c1,73.0,128.37582
*Oc1ccc(OC(=O)c2ccc(C(*)=O)cc2Oc2ccc(Cl)cc2)cc1,107.0,141.87329
*CC(*)c1cc(-c2ccc(C(=O)OC(C)CC)cc2)ccc1-c1ccc(C(=O)OC(C)CC)cc1,212.5,122.63603
*CC(*)c1ccc(Cl)cc1,119.925,95.40935
*OCCCCCCCCCCOc1ccc(/C=C/c2ccc(OCCCCCCCCCCOP(*)(=O)OCCCCCCCCCCOc3ccc(/N=N/c4ccc(-c5ccccc5)cc4)cc3)cc2)cc1,50.0,24.263008
*NCC(F)(F)C(F)(F)C(F)(F)C(F)(F)CNC(=O)OCCCCOC(*)=O,33.0,20.370895
*Oc1ccc(C(=O)Nc2ccc(Oc3ccc(-c4ccc(Oc5ccc(NC(=O)c6ccc(Oc7ccc(*)cc7C)cc6)cc5)cc4)cc3)cc2)cc1,220.0,189.80998
*/C(CC)=C(/*)c1ccccc1,200.0,66.356705
*Nc1ccc(Oc2ccc(NC(=O)c3cc(C(*)=O)cc(C(F)(F)C(F)(F)C(F)(F)C(F)(F)F)c3)cc2)cc1,257.0,216.74915
*O[Si](C)(C)O[Si](C)(C)O[Si](C)(C)c1ccc([Si](C)(C)O[Si](C)(C)O[Si](*)(C)C)cc1,-79.99999999999997,-82.37661
*CCN(*)C(=O)C12CC3CC(CC(C3)C1)C2,123.0,179.68338
*c1ccc(NC(=O)OCCN(CCOC(=O)Nc2ccc(*)cc2C)c2ccc(/N=N/c3ccc([N+](=O)[O-])cc3)cc2)c(C)c1,119.5,145.68967
*CC(*)(C)C(=O)OCC1CCCO1,105.0,45.965996
*Nc1ccc(-c2nc3cc(NC(=O)c4ccc(OCCOCCOCCOCCOc5ccc(C(*)=O)cc5)cc4)ccc3[nH]2)cc1,140.0,123.89968
*Nc1ccc2c(c1)C(=O)N(c1cccc(P(=O)(c3ccccc3)c3cccc(N4C(=O)c5ccc(NC(=O)OCCOc6ccc(P(=O)(c7ccccc7)c7ccc(OCCOC(*)=O)cc7)cc6)cc5C4=O)c3)c1)C2=O,218.0,189.5668
*CCc1ccc(*)cc1C,54.85000000000002,56.31298
*c1ccc2c(c1)C(=O)N(c1ccc(-c3ccc(N4C(=O)c5ccc(C(*)(C(F)(F)F)C(F)(F)F)cc5C4=O)c(O)c3)cc1O)C2=O,358.0,286.89462
*NCCCCCCCCCCCCCCCCCCNC(=O)NCc1ccc(CNC(*)=O)cc1,52.0,73.98425
*C(=O)c1ccc(Oc2ccc(-c3[nH]c(-c4ccccc4)nc3-c3ccc(Oc4ccc(*)cc4)cc3)cc2)cc1,259.0,202.68996
*Oc1cccc(Oc2ccc3c(c2)C(=O)N(c2ccc(Oc4ccc(S(=O)(=O)c5ccc(Oc6ccc(N7C(=O)c8ccc(*)cc8C7=O)cc6)cc5)cc4)cc2)C3=O)c1,201.0,233.1847
*c1ccc2c(c1)C(=O)N(c1ccc(Oc3cccc(N4C(=O)c5ccc(*)cc5C4=O)c3)cc1)C2=O,259.0,285.84158
*CCCCCCN1C(=O)C(=O)N(*)C1=O,55.0,114.46666
*c1ccc2c(c1)C(=O)N(c1ccc(Oc3ccc(N4C(=O)c5ccc(C(*)O[Si](C)(C)O[Si](C)(C)O[Si](C)(C)C)cc5C4=O)cc3)cc1)C2=O,167.0,85.18341
*OC1CCCCC1*,68.5,64.93853
*c1ccc2nc(-c3ccc(C4(c5ccc(-c6cc(-c7ccccc7)c7cc(C8(*)c9ccccc9C(=O)c9ccccc98)ccc7n6)cc5)c5ccccc5-c5ccccc54)cc3)cc(-c3ccccc3)c2c1,405.0,308.2635
*c1cc2c(s1)c1sc(-c3sc(-c4ccc(-c5cc(CCCCCC)c(*)s5)c5nsnc45)cc3CCCCCC)cc1n2CC(CC)CCCC,90.0,67.90743
*CC(CCCC)O*,-68.99999999999997,-51.759132
*Oc1ccc2c(c1)C(=O)N(c1ccc(Sc3ccc(Sc4ccc(N5C(=O)c6ccc(*)cc6C5=O)cc4)s3)cc1)C2=O,218.0,227.35422
*CCC(C)(C)C(*)(C)C,87.0,11.396736
*c1ccc(Oc2ccc(S(*)(=O)=O)c3ccccc23)cc1,238.0,204.6637
*CC1(*)CCCCC1,100.0,78.33951
*NC(=O)OCCCCCOC(=O)c1ccccc1C(=O)[O][Pb][O]C(=O)c1ccccc1C(=O)OCCCCCOC(=O)Nc1ccc(C)c(*)c1,-11.299999999999956,67.64873
*OCCCCCCOc1ccc(/C=N/c2nc(-c3ccc(Oc4ccc(-c5csc(/N=C/c6ccc(*)cc6)n5)cc4)cc3)cs2)cc1,117.0,134.60686
*O[Si](*)(C)CCCCCCCCCCC(=O)Oc1ccc(OC(=O)c2ccc(OCC(C)CC)cc2)cc1,13.400000000000034,-9.115181
*[Si](*)(C)CCC(F)(F)F,-3.0,-119.07412
*C1C=C(CCCCCC)C(*)S1,58.05000000000001,-20.002052
*Oc1ccc(Oc2cccc(Oc3cccc4c3C(=O)N(c3ccc(Oc5ccc(N6C(=O)c7cccc(*)c7C6=O)cc5)cc3)C4=O)c2)cc1,239.0,232.4256
*Oc1ccc(Sc2ccc(Oc3cccc4c3C(=O)N(c3ccc(Oc5ccc(N6C(=O)c7cccc(*)c7C6=O)cc5)cc3)C4=O)cc2)cc1,234.0,233.59406
*Oc1ccc(Oc2ccc(/C=N/c3ccc(/N=C/c4ccc(*)cc4)cc3)cc2)cc1,117.0,180.95796
*Nc1ccc(-c2nc(-c3ccc(/C=C/c4ccc([N+](=O)[O-])cc4)cc3)[nH]c2-c2ccc(NC3CC(=O)N(c4ccc(Cc5ccc(N6C(=O)CC(*)C6=O)cc5)cc4)C3=O)cc2)cc1,250.0,258.985
*CCCCCCCCCC(=O)NCCc1ccc(CCNC(*)=O)cc1,96.0,32.768147
*COCC(*)(CC)COC(=O)C(=C)C,40.0,-0.7579422
*CC(*)(F)C(=O)OCCC(F)(F)C(F)(F)C(F)(F)C(F)(F)C(F)(F)C(F)(F)C(F)(F)C(F)(F)F,87.5,32.399746
*CC(*)(C)C(=O)OCCCCCCCCCCCn1c2ccccc2c2ccccc21,31.0,76.40181
*c1ccc(C(=O)NCCCCNC(=O)c2ccc(C(*)(C)CC)cc2)cc1,182.0,142.13802
*CC(*)CNc1ccc([N+](=O)[O-])cc1C,151.0,102.361824
*CC(*)C(=O)NCCC[N+](C)(C)CCCS(=O)(=O)O,141.5,31.373657
*Cc1ccc(C(=O)NCCCNC(*)=O)cc1,109.0,127.34899
*CCc1ccc(*)c2ccccc12,160.0,105.9006
*Oc1ccc(C2(c3ccc(Oc4ccc5c6c4cccc6c(=O)n4c6ccc(Oc7ccc8nc9c%10cccc%11c(*)ccc(c(=O)n9c8c7)c%11%10)cc6nc54)cc3)c3ccccc3-c3ccccc32)cc1,396.0,290.6851
*C(=O)c1ccc(-c2ccc(C(=O)c3ccc(Oc4ccc(-c5[nH]c(-c6ccccc6)nc5-c5ccc(Oc6ccc(*)cc6)cc5)cc4)cc3)cc2)cc1,258.0,228.82822
*CC(*)(C)C(=O)OCCCC,22.42500000000001,9.203247
*Oc1cc2ccccc2cc1OC(=O)c1ccc(Oc2ccc(C(*)=O)cc2)cc1,148.0,164.53758
*c1cc(C)c(NC(=O)c2ccc(Oc3cc(C(C)(C)C)c(Oc4ccc(C(=O)Nc5c(C)cc(C(*)(C)C)cc5C)cc4)cc3C(C)(C)C)cc2)c(C)c1,295.0,214.83551
*C(=O)C(F)(F)C(F)(F)C(F)(F)C(=O)N(CCCCCCN(*)CC(F)(F)C(F)(F)F)CC(F)(F)C(F)(F)F,174.0,28.662926
*C=Nc1cc(C)c(N2C(=O)c3ccc4c5ccc6c7c(ccc(c8ccc(c3c48)C2=O)c75)C(=O)N(c2cc(C)c(/N=C/c3ccc(OCc4ccccc4COc4ccc(*)cc4OC)c(OC)c3)cc2C)C6=O)cc1C,143.0,227.09668
*Nc1ccc(Oc2ccc(-c3ccc(Oc4ccc(NC(=O)c5ccc(N6C(=O)c7ccc(C(c8ccc9c(c8)C(=O)N(c8ccc(C(*)=O)cc8)C9=O)(C(F)(F)F)C(F)(F)F)cc7C6=O)cc5)cc4)cc3)cc2)cc1,296.0,222.78125
*CC(*)C(=O)OCC(F)(F)C(F)(F)C(F)(F)C(F)F,-34.99999999999997,10.10289
*Cc1cc(C)c(N2C(=O)c3ccc(C(=O)Nc4cc(NC(=O)c5ccc6c(c5)C(=O)N(c5c(C)cc(*)cc5C)C6=O)ccc4/N=N/c4ccc([N+](=O)[O-])cc4)cc3C2=O)c(C)c1,264.0,277.50394
*c1ccc(N2C(=O)c3ccc(-c4ccc5c(c4)C(=O)N(c4ccc(*)cc4C)C5=O)cc3C2=O)c(C)c1,302.0,307.88568
*c1ccc(Oc2ccc3c(c2)C(=O)N(c2ccc(O)c(N4C(=O)c5ccc(Oc6ccc(C(*)(C)C)cc6)cc5C4=O)c2)C3=O)cc1,246.0,246.40308
*Oc1ccc(C2(c3ccc(OC(*)=O)c(Cl)c3)CCCCC2)cc1Cl,179.0,164.25192
*Oc1ccc(C2(c3ccc(Oc4ccc5c(c4)C(=O)N(c4ccc(Oc6ccc(N7C(=O)c8ccc(*)cc8C7=O)cc6)cc4)C5=O)cc3)CCCCCCCCCCC2)cc1,230.0,189.65176
*Nc1ccc(N2C(=O)c3ccc(C(=O)Nc4ccc(NC(=O)c5ccc6c(c5)C(=O)N(c5ccc(NC(*)=O)cc5)C6=O)cc4)cc3C2=O)cc1,216.0,288.77533
*C=Nc1ccc(C(=O)OCCCCOCCCCOCCCCOC(=O)c2ccc(/N=C/c3cc(OCCC(C)CCCC(C)C)c(*)cc3OCCC(C)CCCC(C)C)cc2)cc1,-4.7999999999999545,13.042686
*COC(=O)c1ccc(C(=O)OCC(*)(C)CC)cc1,63.0,65.47657
*Nc1ccc(Oc2ccc(Oc3ccc(NC(=O)c4ccc5c(c4)C(=O)N(c4ccc(Oc6cccc7c(Oc8ccc(N9C(=O)c%10ccc(C(*)=O)cc%10C9=O)cc8)cccc67)cc4)C5=O)cc3)cc2)cc1,285.0,222.47751
*Nc1cccc(C(=O)c2ccc(Oc3ccc(Oc4ccc(C(=O)c5cccc(NC(=O)c6ccc(C(*)=O)cc6)c5)cc4)cc3)cc2)c1,210.0,225.48245
*Nc1ccc(S(=O)(=O)c2ccc(NC(=O)c3ccc(Oc4ccc(C(=O)c5ccc(S(=O)(=O)c6ccc(C(=O)c7ccc(Oc8ccc(C(*)=O)cc8)cc7)cc6)cc5)cc4)cc3)cc2)cc1,260.0,240.38672
*CNC*,-35.77499999999998,36.335922
*c1cccc(P(=O)(c2ccccc2)c2cccc(-n3c(=O)c4c(-c5ccc(C(F)(F)F)cc5)c5c(=O)n(*)c(=O)c5c(-c5ccc(C(F)(F)F)cc5)c4c3=O)c2)c1,334.0,289.25882
*Sc1ccc(Sc2ccc(Sc3ccc4c(c3)C(=O)N(c3ccc(Sc5ccc(Sc6ccc(N7C(=O)c8ccc(*)cc8C7=O)cc6)cc5)cc3)C4=O)cc2)cc1,190.75,191.03415
*CCCCC(=O)NCC(=O)NCCCCCCNC(*)=O,53.400000000000034,23.474754
*C(=O)c1ccc2c(c1)C(=O)N(c1ccc(Oc3ccc(N4C(=O)c5ccc(C(=O)c6ccc(Oc7ccc(Oc8ccc(*)cc8)cc7)cc6)cc5C4=O)cc3)cc1)C2=O,220.0,227.07892
*Oc1cccc(Sc2ccc(Oc3cccc4c3C(=O)N(c3cccc(N5C(=O)c6cccc(*)c6C5=O)c3)C4=O)cc2)c1,231.0,242.39279
*Oc1ccc(-n2c(=O)c3cc4c(=O)n(-c5ccc(Oc6cc(C(C)(C)C)ccc6*)cc5)c(=O)c4cc3c2=O)cc1,321.0,264.85916
*c1cccc(N2C(=O)c3ccc(NC(=O)OCCOc4ccc(P(=O)(c5ccccc5)c5ccc(OCCOC(=O)Nc6ccc7c(c6)C(=O)N(c6cccc(P(*)(C)=O)c6)C7=O)cc5)cc4)cc3C2=O)c1,201.0,192.20435
*OCCCCCCCCCOC(=O)c1ccc2cc(C(*)=O)ccc2c1,50.0,26.487648
*Nc1ccc(-c2ccccc2NC(=O)c2cccc(C(*)=O)c2)cc1,248.0,279.56046
*COC(=O)C1(C)CNC(C)(C(=O)OCC(C)(C)CSCC(*)(C)C)CN1,40.0,64.54195
*c1ccc2c(c1)C(=O)N(c1ccc(Oc3cccc(-c4cc(-c5ccccc5)cc(-c5cccc(Oc6ccc(N7C(=O)c8ccc(C(*)(C(F)(F)F)C(F)(F)F)cc8C7=O)cc6)c5)n4)c3)cc1)C2=O,180.0,242.90366
*Oc1ccc(-c2ccc(OC(=O)c3ccc4c(c3)C(=O)N(CCCCN3C(=O)c5ccc(C(*)=O)cc5C3=O)C4=O)cc2)cc1,126.0,218.37231
*CCN(*)C(=O)C(OC)(c1ccccc1)C(F)(F)F,89.0,121.95105
*CCCCCCCCC(=O)Nc1cccc(NC(*)=O)c1,110.0,78.44181
*Oc1ccc2c(c1)C(=O)N(c1cccc(N3C(=O)c4ccc(*)cc4C3=O)c1)C2=O,270.5,294.136
*CCc1ccc(OC(=O)CCCCCCC(=O)Oc2ccc(CC(NC(*)=O)C(=O)OCc3ccccc3)cc2)cc1,47.0,53.631126
*OCCCCCOC(=O)c1ccc(-c2ccc(-c3ccc(C(*)=O)cc3)cc2)cc1,40.0,96.5484
*c1ccc2c(c1)C(=O)N(c1c(F)c(F)c(N3C(=O)c4ccc(C(*)(C(F)(F)F)C(F)(F)F)cc4C3=O)c(F)c1F)C2=O,375.5,275.083
*CC(*)c1ccc(C(=O)CCCCC)cc1,66.0,40.177734
*CC(*)(C)C(=O)OCC1COCCOCCOCCO1,35.0,-3.772995
*Nc1ccc(C(=O)OCCCCCCCCCCCCOC(=O)c2ccc3c(c2)C(=O)N(c2ccc(C(*)=O)cc2)C3=O)cc1,74.0,123.44989
*Nc1ccc(Oc2ccc(-c3nnc(-c4ccc(Oc5ccc(NC(=O)c6cc(C(*)=O)cc(N7C(=O)c8ccccc8C7=O)c6)cc5)cc4)o3)cc2)cc1,285.0,252.39029
*Oc1ccc(OC(=O)c2ccc(C(*)=O)cc2Oc2ccccc2)cc1,105.0,149.508
*Oc1ccc(-c2ccc(Oc3ccc4c(c3)C(=O)N(c3ccc(Oc5ccc(Oc6ccc(N7C(=O)c8ccc(*)cc8C7=O)cc6)cc5)cc3)C4=O)cc2)cc1,222.0,222.24988
*c1cc(C)c(/N=C/c2ccc(OCc3ccc(COc4ccc(/C=N/c5cc(C)c(N6C(=O)c7ccc8c9ccc%10c%11c(ccc(c%12ccc(c7c8%12)C6=O)c%119)C(=O)N(*)C%10=O)cc5C)cc4)cc3)cc2)cc1C,130.0,196.6831
*CCCCCCCCC(=O)OCC#CC(C#CCOC(*)=O)=Cc1ccc(C#Cc2ccc(C=C(C#Cc3ccccc3)C#Cc3ccccc3)cc2)cc1,60.0,77.51964
*c1ccc(OC(=S)Oc2ccc(C(*)CCC)cc2)cc1,130.0,62.37857
*CC(*)C(=O)OCCCn1c2ccccc2c2ccccc21,83.0,117.17505
*C(=O)c1ccc2c(c1)C(=O)N(c1cc(N3C(=O)c4ccc(*)cc4C3=O)ccc1OCC(F)(F)C(F)(F)C(F)(F)F)C2=O,262.0,244.67224
*O[Si](*)(C)CCCCCCCCCCC(=O)Oc1ccc(C(=O)Oc2ccc(OC(=O)c3ccc(OCC(C)CC)cc3)cc2)cc1,28.5,14.91066
*Oc1ccc(-c2ccc(Oc3ccc(S(=O)(=O)c4ccc(*)cc4N)c(N)c3)cc2)cc1,242.20000000000005,233.78918
*Sc1ccc(Sc2ccc(Sc3ccc4c(c3)C(=O)N(N3C(=O)c5ccc(*)cc5C3=O)C4=O)cc2)cc1,223.5,215.40677
*OC(=O)c1ccc(OCCOc2ccc(C(*)=O)cc2)cc1,45.0,49.388405
*CCCOC(*)=O,1.5,-38.38659
*CC(*)OC(=O)c1ccc(CC)cc1,57.0,50.1854
*c1ccc(OCC(COc2ccc(C(*)(C)C)cc2)OC(=O)c2ccccc2)cc1,65.0,83.99513
*CC(*)C(=O)OCCCSCC,-75.99999999999997,-48.72808
*OC(=O)c1ccc(C(=O)[O][Sn]([*])([CH2]CCC)[CH2]CCC)cc1,315.0,24.984596
*CC(*)(C)C(=O)OCc1ccco1,111.0,88.63538
*c1ccc(OC(=O)c2ccc(C(=O)Oc3ccc(C(*)(CC)c4ccccc4)cc3)cc2)cc1,243.0,157.00082
*C=Cc1ccc(*)cc1OCc1cc(OCc2cc(OCCC(C)CCCC(C)C)cc(OCCC(C)CCCC(C)C)c2)cc(OCc2cc(OCC(CC)CCCC)cc(OCC(CC)CCCC)c2)c1,223.0,17.06646
*Oc1cccc(Oc2cccc3c2C(=O)N(c2cccc(N4C(=O)c5cccc(*)c5C4=O)c2)C3=O)c1,241.0,257.5715
*c1ccc(Nc2ccc(C(=O)c3ccc(C(=O)c4ccc(Nc5ccc(C(C)(C)c6cccc(C(*)(C)C)c6)cc5)cc4)cc3)cc2)cc1,177.0,245.271
*Oc1cccc2c(Oc3ccc4c(c3)C(=O)N(c3ccc(Oc5ccc(S(=O)(=O)c6ccc(Oc7ccc(N8C(=O)c9ccc(*)cc9C8=O)cc7)cc6)cc5)cc3)C4=O)cccc12,201.0,242.5657
*CNC(=O)c1cccc(C(=O)NCC2CC(*)CC(C(C)(C)C)C2)c1,209.0,160.29048
*Oc1cccc2c1C(=O)N(c1ccc(Oc3ccc(N4C(=O)c5cccc(*)c5C4=O)cc3)cc1)C2=O,293.75,253.80869
*C=CC1CC(*)CC1(C#N)[Si](C)(C)O[Si](C)(C)C,88.0,10.149956
*c1ccc(Oc2ccc(-c3ccc(N4C(=O)c5ccc(C(=O)c6ccc7c(c6)C(=O)N(c6ccc(-c8ccc(Oc9ccc%10c(c9)C(*)(C)CC%10(C)C)c(C(F)(F)F)c8)cc6)C7=O)cc5C4=O)cc3)cc2C(F)(F)F)cc1,252.0,233.65753
*c1ccc2c(c1)C(=O)N(c1ccc(Oc3ccc(N4C(=O)c5ccc(C(*)O[Si](C)(C)C)cc5C4=O)cc3)cc1)C2=O,210.0,177.08517
*C=Nc1cc(C)c(N2C(=O)c3ccc4c5ccc6c7c(ccc(c8ccc(c3c48)C2=O)c75)C(=O)N(c2cc(C)c(/N=C/c3ccc(OCc4ccc(COc5ccc(*)cc5OC)cc4)c(OC)c3)cc2C)C6=O)cc1C,145.0,216.7464
*C(=O)c1ccc(Oc2cccc(C(=O)c3ccc(Oc4ccc(*)cc4)cc3)c2)cc1,146.0,166.90665
*C(=O)c1ccc2c(c1)C(=O)N(c1ccc(S(=O)(=O)c3ccc(N4C(=O)c5ccc(*)cc5C4=O)cc3)cc1)C2=O,307.0,291.61234
*CNC(=O)CCOCCC(=O)NCc1c(C)c(C)c(*)c(C)c1C,191.0,99.49504
*Cc1cc2cc(C(=O)Nc3cccc(NC(=O)c4cc5cc(*)c(OC(=O)COc6ccc7ccc(=O)oc7c6)cc5oc4=O)c3)c(=O)oc2cc1OC(=O)COc1ccc2ccc(=O)oc2c1,240.0,209.12103
*CCCCCC(*)CC,-72.99999999999997,-63.699425
*CCC1C(=O)N(CCCCCCCCCCCCCCCC)C(=O)C1*,65.60000000000002,32.356026
*CCCCCCCC(=O)Oc1ccccc1C(=O)OC(=O)c1ccccc1OC(*)=O,25.0,55.393925
*Nc1ccc(-c2ccc(N3C(=O)c4ccc(Oc5ccc6c(c5)C(=O)N(c5ccc(-c7ccc(NC(=O)c8cccc(C(*)=O)c8)cc7)cc5)C6=O)cc4C3=O)cc2)cc1,233.0,290.3028
*c1ccc(C(c2ccc(-n3c(=O)c4cc5c(=O)n(*)c(=O)c5cc4c3=O)cc2)(C(F)(F)F)C(F)(F)F)cc1,362.5,298.71075
*C(=O)c1ccc(Oc2ccc(N3C(=O)c4ccc(C(=O)c5ccc6c(c5)C(=O)N(c5ccc(Oc7ccc(*)cc7)cc5)C6=O)cc4C3=O)cc2)cc1,252.0,240.37057
*c1ccc(Cn2c(=O)c3cc4c(=O)n(Cc5ccc(C(*)(C)C)o5)c(=O)c4cc3c2=O)o1,138.0,225.26599
*Oc1ccc(-c2ccc(Oc3cccc4c3C(=O)N(c3ccc(Oc5cccc(Oc6ccc(N7C(=O)c8cccc(*)c8C7=O)cc6)c5)cc3)C4=O)cc2)cc1,224.0,233.11365
*C(=O)OCCCCCCn1c(=O)c2cc3c(=O)n(CCCCCCOC(=O)c4cc(*)cc(OCCCCCCOc5ccc(/N=N/c6ccc(C#N)cc6)cc5)c4)c(=O)c3cc2c1=O,46.0,100.77241
*c1ccc(-c2nc3ccc(-c4ccc5nc(*)c(-c6ccccc6)c(-c6ccccc6)c5c4)cc3c(-c3ccccc3)c2-c2ccccc2)cc1,400.0,299.5655
*c1ccc(-c2ccc(-c3sc(-c4ccc([Si](C)(C)[Si](C)(C)[Si](C)(C)[Si](C)(C)c5ccc(-c6cc(CCCCCCCC)c(*)s6)s5)s4)cc3CCCCCCCC)s2)s1,6.0,32.908714
*CC(*)C(=O)c1ccc(Cl)cc1,63.0,113.1748
*CC(*)(C)C(=O)OCCCOc1ccc(C(=O)Oc2ccc3ccc(=O)oc3c2)cc1,68.0,106.82191
*Sc1ccc2c(c1)C(=O)N(c1ccc(Oc3ccc4ccccc4c3-c3c(Oc4ccc(N5C(=O)c6ccc(*)cc6C5=O)cc4C(F)(F)F)ccc4ccccc34)c(C(F)(F)F)c1)C2=O,273.0,277.8086
*CC(*)C(=O)OCC(F)(F)C(F)(F)OC(F)(F)C(F)(F)C(F)(F)F,-67.99999999999997,-4.881256
*c1ccc2c(c1)C(=O)N(c1ccc(-c3ccc(N4C(=O)c5ccc(C(*)(C(F)(F)F)C(F)(F)F)cc5C4=O)cc3I)c(I)c1)C2=O,319.0,274.6043
*c1nc(C)nc(N(CCCCCCCCCCN(*)c2ccccc2)c2ccccc2)n1,48.0,70.16015
*CCCCCCC(=O)Nc1cccc(S(=O)(=O)c2cccc(NC(*)=O)c2)c1,125.0,143.96701
*CCCCCCCCCCCCCCCCCCCCC(*)COCCOCCOCCOCCOCc1ccc2ccc3cccc4ccc1c2c34,-20.99999999999997,9.985512
*c1ccc2c(c1)C(=O)N(c1cccc3c(N4C(=O)c5ccc(C(*)(C(F)(F)F)C(F)(F)F)cc5C4=O)cccc13)C2=O,390.0,291.2289
*C(=O)OCCN(CCOC(=O)c1cc(*)cc(OCCN(C)c2ccc(S(=O)(=O)C(F)(F)C(F)(F)C(F)(F)C(F)(F)C(F)(F)C(F)(F)C(F)(F)C(F)(F)F)cc2)c1)c1ccc(S(=O)(=O)C(F)(F)C(F)(F)C(F)(F)C(F)(F)C(F)(F)C(F)(F)C(F)(F)C(F)(F)F)cc1,83.0,100.6353
*CCCCCCCCCCCCC(=O)NCCc1ccc(CCNC(*)=O)cc1,93.0,30.161583
*CC(*)c1cc(C(C)(C)C)ccc1C,87.0,125.52019
*N=Nc1ccc(Oc2ccc(/N=N/P(=O)(OCC)OCCOP(*)(=O)OCC)cc2)cc1,22.0,51.12491
*C(=O)c1ccc2c(c1)C(=O)N(c1ccc(Oc3cc4ccccc4cc3Oc3ccc(N4C(=O)c5ccc(*)cc5C4=O)cc3)cc1)C2=O,246.0,278.24728
*c1ccc(OC(Oc2ccccc2)(Oc2ccccc2)Oc2ccc(*)cc2C)c(C)c1,125.0,113.532364
*Oc1cccc(OC(=O)c2ccc(Oc3ccc(C(*)=O)cc3)cc2)c1,159.0,132.79999
*c1ccc(CCCCCCCCCCc2ccc(-c3c(-c4ccccc4)cc(-c4cccc(-c5cc(-c6ccccc6)c(*)c(-c6ccccc6)c5-c5ccccc5)c4)c(-c4ccccc4)c3-c3ccccc3)cc2)cc1,180.0,220.18478
*C(=O)c1cccc(C(=O)c2ccc(Oc3ccc(N4C(=O)c5ccc(Oc6ccc7c(c6)C(=O)N(c6ccc(Oc8ccc(*)cc8)cc6)C7=O)cc5C4=O)cc3)cc2)n1,208.6,237.01328
*CCCC1(C)CCN(C(=O)CCCC(=O)N2CCC(*)(C)CC2)CC1,58.0,68.68481
*Nc1ccc(C(=O)OCCCCCCCCCOC(=O)c2ccc3c(c2)C(=O)N(c2ccc(C(*)=O)cc2)C3=O)cc1,100.0,121.698586
*Oc1ccc(C(=O)c2ccc(-c3ccc(C(=O)c4ccc(Oc5ccc(*)cc5-c5ccc(S(=O)(=O)O)c(C)c5)cc4)cc3)cc2)cc1,182.0,233.05142
*c1ccc(OCOc2ccc(-c3oc(-c4ccc([N+](=O)[O-])cc4)nc3*)cc2)cc1,194.0,180.07782
*CC(*)C(=O)OCCC(C)OC,-55.99999999999997,-37.51169
*c1ccc(OCCCCCCOc2ccc(-c3ccc(OCC)cc3)cc2)c(N2C(=O)c3ccc(C(c4ccc5c(c4)C(=O)N(*)C5=O)(C(F)(F)F)C(F)(F)F)cc3C2=O)c1,150.3,180.3292
*Nc1ccc(S(=O)(=O)c2ccc(NC(=O)c3ccc4c(c3)C(=O)N(c3cccc(N5C(=O)c6ccc(C(*)=O)cc6C5=O)c3)C4=O)cc2)cc1,342.0,314.74704
*NC(=O)OCCN(CCOC(=O)NCC1(C)CC(*)CC(C)(C)C1)c1ccc(/N=N/c2ccc([N+](=O)[O-])cc2)cc1,137.0,105.93915
*Sc1ccc(Sc2ccc(Sc3ccc(Oc4ccc(*)cc4)cc3)cc2)cc1,84.0,104.68766
*CCCCCCCCCCCCCCCCC(=O)NCCCCCCNC(*)=O,47.0,-2.2456741
*C(=O)N1CCN(C(=O)c2cccc(*)c2)CC1,214.5,154.86653
*NCc1cccc(CNC(=O)c2ccccc2-c2ccccc2C(*)=O)c1,159.0,222.96646
*C(C)C(*)C(=O)OCCCC,90.0,-13.140266
*Oc1cccc(Oc2cccc3c2C(=O)N(c2ccc(Oc4ccc(N5C(=O)c6cccc(*)c6C5=O)cc4)cc2)C3=O)c1,226.0,235.29254
*c1ccc(OCC(O)COC(=O)CCCCC(=O)OCC(O)COc2ccc(C(*)(C)C)cc2)cc1,34.0,22.14222
*C1C(*)C2CC1C(C(=O)OCCCc1ccccc1)C2C(=O)OCCCc1ccccc1,200.0,56.597466
*=Cc1cc(OC)c(/C=C(\c2ccc(OC)cc2)c2ccc(C(=*)c3ccc(OC)cc3)cc2)cc1OC,170.0,145.14857
*C(=O)c1ccccc1-c1ccccc1C(=O)c1ccc(Oc2ccc(C(c3ccc(Oc4ccc(*)cc4)cc3)(C(F)(F)F)C(F)(F)F)cc2)cc1,178.5,217.67593
*CC(*)(C)C(=O)OCCCCCCOc1ccc(C(=O)Oc2ccc(/N=N/c3ccc(Cl)cc3)c3ccccc23)cc1,50.0,108.19312
*c1ccc(Oc2ccc(NC(=O)c3ccc(N4C(=O)c5ccc(C(=O)Nc6ccc(Oc7ccc(C(*)(C)C)cc7)cc6)cc5C4=O)cc3)cc2)cc1,216.0,221.59372
*CC(*)c1ccccc1C(=O)OCCCCCC,45.0,16.248085
*CC(*)C(=O)NCCCCCCCC,-53.14999999999998,-23.818657
*COC(=O)OC1COC2C(OC(=O)OCC(OC)C(*)OC)COC12,61.0,53.89081
*CN1C(=O)c2ccc(C(=O)c3ccc4c(c3)C(=O)N(CC(=O)Nc3ccc(Oc5ccc(NC(*)=O)cc5)cc3)C4=O)cc2C1=O,235.0,254.1081
*C1CCC(CC2CCC(N3C(=O)C4C5C=CC(C6C(=O)N(*)C(=O)C56)C4C3=O)CC2)CC1,239.0,227.34564
*C(=O)c1ccc(Oc2ccc(C3(c4ccc(Oc5ccc(*)cc5)cc4)c4ccccc4-c4ccccc43)cc2)s1,195.0,193.24478
*Nc1ccc(NC(=O)c2cccc(N3C(=O)c4ccc(C(c5ccc6c(c5)C(=O)N(c5cccc(C(=O)Nc7ccc(C(*)=O)cc7)c5)C6=O)(C(F)(F)F)C(F)(F)F)cc4C3=O)c2)cc1,328.0,295.74905
*c1ccc2c(c1)C(CCCCCCCC)(CCCCCCCC)c1cc(-c3ccc(-c4ccc(-c5ccc(*)s5)c5cc(-c6ccccc6)c(-c6ccccc6)nc45)s3)ccc1-2,142.0,149.31686
*CC(*)(C)C(=O)OCc1ccccc1Cl,54.10000000000002,76.24292
*CN1C(=O)c2ccc(C(=O)Nc3ccc(Cc4ccc(NC(*)=O)cc4)cc3)cc2C1=O,266.0,205.10046
*Nc1ccc(Cc2ccc(NC(=O)Nc3cc(NC(*)=O)cc(C(=O)Nc4ccc5c(c4)C(=O)c4ccccc4C5=O)c3)cc2)cc1,168.0,251.0039
*c1ccc(Oc2ccc(-c3cnc4cc5ncc(*)nc5cc4n3)cc2)cc1,353.0,255.13358
*CC(=O)NCCCCCCNC(=O)CC(C)(C)c1ccc(C(*)(C)C)cc1,91.0,60.936935
*CCC/N=C1C=C/C(=N\CCC[Si](C)(C)O[Si](*)(C)C)c2c(O)ccc(O)c2/1,32.900000000000034,36.075184
*C(=O)C(F)(F)C(F)(F)C(F)(F)C(=O)N(CCCCCCN(*)CC(F)(F)C(F)(F)C(F)(F)C(F)(F)C(F)(F)C(F)(F)C(F)(F)F)CC(F)(F)C(F)(F)C(F)(F)C(F)(F)C(F)(F)C(F)(F)C(F)(F)F,187.5,43.026768
*OCCCCCCCCCCCCOC(=O)OCCCCCCOc1ccc(Oc2ccc(OCCCCCCOC(*)=O)cc2)cc1,-21.99999999999997,-26.706741
*CN1C(=O)c2ccc(C(c3ccc4c(c3)C(=O)N(Cc3nc5ccc(Cc6ccc7nc(*)oc(=O)c7c6)cc5c(=O)o3)C4=O)(C(F)(F)F)C(F)(F)F)cc2C1=O,218.0,285.13876
*CC(*)c1ccccc1COCC,74.0,23.59871
*c1ccc(N2C(=O)c3ccc(-c4ccc5c(c4)C(=O)N(c4ccc(Oc6c(C(C)(C)C)cc(*)cc6C(C)(C)C)cc4)C5=O)cc3C2=O)cc1,381.5,278.6956
*=CCCC(=*)CCC,-77.64999999999998,-52.04795
*C(=O)c1ccc2c(c1)C(=O)N(c1cc(N3C(=O)c4ccc(Cc5cccc(*)c5)cc4C3=O)cc(C(F)(F)F)c1)C2=O,253.0,264.0003
*Sc1ccc2c(c1)Sc1ccc(*)cc1S2,209.90000000000003,116.510925
*CC(*)(CC(=O)OCCOCCOCCOC)C(=O)OCCOCCOCCOC,-18.99999999999997,-56.95559
*CCCCC(=O)Oc1c(-c2ccccc2)cc(Cc2cc(-c3ccccc3)c(OC(*)=O)c(-c3ccccc3)c2)cc1-c1ccccc1,115.0,148.3571
*c1ccc(-n2c(=O)c3cc4c(=O)n(*)c(=O)c4cc3c2=O)cc1,417.0,320.64697
*Nc1ccc(Cc2ccc(NC(=O)Oc3ccc(C(c4ccc(OC(*)=O)cc4)(C(F)(F)F)C(F)(F)F)cc3)cc2)cc1,81.0,163.68414
*c1ccc(-c2sc(-c3cc(CCCCCCCCCCCC)c(*)s3)cc2CCCCCCCCCCCC)cc1,59.60000000000002,14.613647
*Cc1cc(C)c(Oc2ccc(-n3c(=O)c4cc5c(=O)n(-c6ccc(Oc7c(C)cc(*)cc7C)cc6)c(=O)c5cc4c3=O)cc2)c(C)c1,299.5,252.75342
*N=P(*)(OCCOCCOCCOCCOCCOC)OCCOCCOCCOCCOCCOC,-78.99999999999997,-79.1009
*C=Cc1cccc(/C=C/[Si](C)(C)c2ccc([Si](*)(C)C)cc2)c1,38.10000000000002,29.400211
*c1ccc(Oc2ccc(C(=O)Oc3ccc(C4(c5ccc(OC(=O)c6ccc(Oc7ccc(C8(*)CCC(C(C)(C)C)CC8)cc7)cc6)cc5)CCCCCCCCCCC4)cc3)cc2)cc1,181.0,137.19142
*O[SiH](CCC(F)(F)F)O[Si](C)(C)c1ccc([Si](*)(C)C)cc1,-36.99999999999997,-54.979134
*c1ccc(Oc2ccc(C(c3ccc(Oc4ccc(S(*)(=O)=O)c(C(O)(C(F)(F)F)C(F)(F)F)c4)cc3)(C(F)(F)F)C(F)(F)F)cc2)cc1C(O)(C(F)(F)F)C(F)(F)F,148.0,191.66284
*C=CC1CC(*)C(C(=O)OC(C)(C)C)C1C(=O)OC(C)(C)C,83.40000000000003,63.96396
*Nc1ccc2[nH]c(-c3cccc(NC(=O)c4ccc(OCCOCCOCCOc5ccc(C(*)=O)cc5)cc4)c3)nc2c1,180.0,134.7447
*Oc1ccc(OCCCCCCCCCCCCOc2ccc(OC(=O)c3ccc4c(c3)C(=O)N(c3ccc(S(=O)(=O)c5ccc(N6C(=O)c7ccc(C(*)=O)cc7C6=O)cc5)cc3)C4=O)cc2)cc1,140.0,161.01225
*Oc1ccc(Sc2ccc(Oc3ccc4c(c3)C(=O)N(c3ccc(-c5ccc(N6C(=O)c7ccc(*)cc7C6=O)cc5)cc3)C4=O)cc2)cc1,257.0,239.50644
*CC(*)(C)C(=O)OCc1cccc(Cl)c1Cl,42.60000000000002,97.98939
*CC(*)C(=O)OCCCCCCCCn1c2ccccc2c2ccccc21,12.0,56.234577
*OC(=O)c1ccc(OCCCCCCOc2ccc(C(*)=O)cc2)cc1,47.0,33.08635
*CC=CCC[Si](*)(C)c1ccccc1,-14.899999999999975,-49.355217
*Cc1cc(C)c(Oc2ccc3c(c2)C(=O)N(c2ccc(Oc4ccc(N5C(=O)c6ccc(Oc7c(C)cc(*)cc7C)cc6C5=O)cc4)cc2)C3=O)c(C)c1,266.0,237.80743
*COC(=O)OCC(*)(C)C(=O)OCc1ccccc1,-2.0,44.97742
*C(=O)c1ccc2c(c1)C(=O)N(c1cccc(C(=O)c3cccc(N4C(=O)c5ccc(*)cc5C4=O)c3)c1)C2=O,230.925,305.44855
*c1ccc(Sc2ccc(Sc3ccc(Sc4ccc(P(*)(=O)c5ccccc5)cc4)cc3)cc2)cc1,175.0,161.3063
*OCCCCCCOc1ccc(C(=O)c2ccc(OCCCCCCOC(=O)OCCOC(*)=O)cc2)cc1,15.0,-0.19587708
*COC(=O)OCC(OC(=O)C(CC(C)C)NC(=O)OCc1ccccc1)C(*)OC(=O)C(CC(C)C)NC(=O)OCc1ccccc1,50.900000000000034,42.657887
*C(=O)c1ccc(Oc2ccc(C(C)(C)c3ccc(Oc4ccc(C(=O)c5c(C)ccc6c(*)c(C)ccc56)cc4)cc3)cc2)cc1,222.0,208.66391
*Nc1ccc(Oc2ccc(Oc3ccc(NC(=O)c4cccc(N5C(=O)c6ccc(C(c7ccc8c(c7)C(=O)N(c7cccc(C(*)=O)c7)C8=O)(C(F)(F)F)C(F)(F)F)cc6C5=O)c4)cc3)cc2)cc1,283.0,244.71884
*CC(*)c1ccc(C([Si](C)(C)C)[Si](C)(C)C)cc1,156.0,8.000839
*Oc1ccc(Oc2ccc3c(c2)C(=O)N(c2ccc(Cc4ccc(N5C(=O)c6ccc(*)cc6C5=O)cc4)cc2)C3=O)cc1,259.0,244.42896
*Oc1ccc(OC(=O)c2ccc(-c3ccc(C(*)=O)cc3)cc2-c2ccccc2)cc1,140.0,208.65422
*O[Si](C)(C)c1c(F)c(F)c(F)c([Si](*)(C)C)c1F,-28.49999999999997,19.391739
*NC(=O)OCCN(CCOC(=O)Nc1ccc(C)c(*)c1)c1ccc(/N=N/c2ccc(-c3nc4ccccc4o3)cc2)cc1,152.0,168.21835
*C=Cc1ccc(OCCCCCCCCOc2ccc(/C=C/c3cc(OCCCCCCCC)c(*)cc3OCCCCCCCC)cc2)cc1,130.0,6.8928604
*CC(*)c1ccc(/C(C)=N/O)cc1,134.0,130.12631
*C(=O)Nc1ccc(Oc2ccc(NC(=O)c3cc(*)cc(NC(=O)c4ccc(OC(C)=O)cc4)c3)cc2)cc1,273.0,206.22295
*C(=O)c1ccc2c(c1)C(=O)N(c1ccc(-c3c(-c4ccc(-c5ccccc5)cc4)cc(-c4ccc(OCCCCCCOc5ccc(-c6cc(-c7ccc(-c8ccccc8)cc7)c(-c7ccc(N8C(=O)c9ccc(*)cc9C8=O)cc7)c(-c7ccc(-c8ccccc8)cc7)c6)cc5)cc4)cc3-c3ccc(-c4ccccc4)cc3)cc1)C2=O,111.5,253.95312
*NC(CCC(=O)OCCC)C(*)=O,-10.0,57.267982
*c1ccc2c(c1)C(=O)N(c1ccc(Oc3ccc(S(=O)(=O)c4ccc(Oc5ccc(N6C(=O)c7ccc(S(*)(=O)=O)cc7C6=O)cc5)cc4)cc3)cc1)C2=O,274.0,254.87646
*Oc1ccc(C(c2ccc(OC(*)=O)cc2)C2CC3CC2C2C4CCC(C4)C32)cc1,253.0,217.31995
*CC(*)CNc1ccc([N+](=O)[O-])c(C(F)(F)F)c1,153.0,127.01392
*CC(*)(C)C(=O)NC(=O)OCCOc1c(Br)cc(S(=O)(=O)c2cc(Br)c(OCCO)c(Br)c2)cc1Br,110.0,137.2789
*CC(COC(=O)CCCCCN1C(=O)C2C3C=CC(C3)C2C1=O)O*,1.0,65.729355
*c1ccc(Oc2ccc(C(c3ccc(Oc4ccc(-c5ccc(*)s5)cc4C(F)(F)F)cc3)(C(F)(F)F)C(F)(F)F)cc2)c(C(F)(F)F)c1,155.0,208.1965
*O[Si](C)(C)O[Si](C)(O[Si](*)(C)C)c1c(F)c(F)c(F)c(F)c1F,-82.99999999999997,-33.406204
*c1ccc(OCC(O)COc2cccc(C(=O)Nc3cccc(OCC(O)COc4ccc(C(*)(C)C)cc4)c3)c2)cc1,117.0,102.21565
*c1ccc2c(c1)C(=O)N(c1ccc(Oc3cccc(N4C(=O)c5ccc(-c6c(-c7ccccc7)c(-c7ccccc7)c(-c7ccc(Oc8ccc(-c9c(-c%10ccccc%10)c(-c%10ccccc%10)c(*)c(-c%10ccccc%10)c9-c9ccccc9)cc8)cc7)c(-c7ccccc7)c6-c6ccccc6)cc5C4=O)c3)cc1)C2=O,309.0,271.29242
*CC(*)(CF)C(=O)OCC,43.0,40.8658
*CC=CC[Si](*)(C=C)C=C,-64.99999999999997,-63.553932
*c1ccc(NC(=O)c2cc(C(=O)Nc3ccc(C(*)(C)C)cc3)cc(N3C(=O)C=CC3=O)c2)cc1,303.0,282.83215
*COC(=O)OCC1OC(OCC)OC1*,23.5,21.026413
*OC1=C(O[Si](C)(C)O[Si](C)(C)O[Si](C)(C)O[Si](C)(C)O[Si](*)(C)C)c2cccc3cccc1c23,-53.99999999999997,-19.02346
*c1ccc2c(c1)C(=O)N(Cc1nnc(-c3ccc(-c4nnc(CN5C(=O)c6ccc(C(*)(C(F)(F)F)C(F)(F)F)cc6C5=O)o4)c(Oc4ccccc4)c3)o1)C2=O,208.0,262.4346
*CC(*)(C)C(=O)OCCOCCOCC1COCCOCCOCCO1,10.0,-43.635963
*c1cc(OCCCCCCCC)cc(N2C(=O)c3ccc(C(c4ccc5c(c4)C(=O)N(*)C5=O)(C(F)(F)F)C(F)(F)F)cc3C2=O)c1,195.0,191.07776
*Cc1cc(C)c(N2C(=O)c3ccc(C(c4ccc5c(c4)C(=O)N(c4c(C)cc(*)cc4C)C5=O)(C(F)(F)F)C(F)(F)F)cc3C2=O)c(C)c1,307.5,278.79742
*OCCCOC(*)=O,-17.69999999999999,-31.138466
*C(=O)c1cccc(C(=O)c2ccc(Oc3ccc(N4C(=O)c5ccc(C(c6ccc7c(c6)C(=O)N(c6ccc(Oc8ccc(*)cc8)cc6)C7=O)(C(F)(F)F)C(F)(F)F)cc5C4=O)cc3)cc2)n1,226.90000000000003,240.22101
*Nc1cccc(Oc2ccc(NC(=O)c3cc(C(*)=O)cc(C(F)(F)C(F)(F)C(F)(F)C(F)(F)F)c3)cc2)c1,230.0,216.4862
*OC1CCC(OC(=O)c2ccc(C(*)=O)cc2)CC1,94.3,84.17247
*Oc1ccc(C(c2ccc(OC(=O)c3ccc(OCCCCCCCCCCOc4ccc(C(*)=O)cc4)cc3)cc2)(C(F)(F)F)C(F)(F)F)cc1,89.0,75.28997
*c1ccc(OCC(O)CN(CC(O)COc2ccc(C(*)(C)C)cc2)c2ccc(C#N)cc2)cc1,100.0,97.85462
*CC(*)c1ccc(COCCOCCCCCCCC)cc1,-41.99999999999997,-29.631454
*C1C2CC(C(=O)OCCc3ccc(N(c4ccccc4)c4ccccc4)cc3)C(C2)C1*,307.0,151.5458
*CC(*)(C)c1nc(N(CCOCCOCCOC)CCOCCOCCOC)nc(N(CCOCCOCCOC)c2ccccc2)n1,-74.99999999999997,-12.620628
*C(=O)c1ccc2c(c1)C(=O)N(c1ccc(-c3c(-c4ccc(-c5ccccc5)cc4)cc(-c4ccc(OCCCCCCCCCCOc5ccc(-c6cc(-c7ccc(-c8ccccc8)cc7)c(-c7ccc(N8C(=O)c9ccc(*)cc9C8=O)cc7)c(-c7ccc(-c8ccccc8)cc7)c6)cc5)cc4)cc3-c3ccc(-c4ccccc4)cc3)cc1)C2=O,103.5,213.4173
*C=Cc1ccc(/C=C/c2ccc(/C=C/c3cc(OC)c(OCCCCCCCCOc4c(OC)cc(*)cc4OC)c(OC)c3)cc2)cc1,78.70000000000005,73.02406
*C(=O)Nc1ccc(C(c2ccc(NC(=O)c3cc(*)cc(NC(=O)CCCN4C(=O)c5ccccc5C4=O)c3)cc2)(C(F)(F)F)C(F)(F)F)cc1,240.0,234.97253
*OC1CC2CC(OC(=O)c3cccc(C(*)=O)c3)CC(C1)O2,113.0,119.75835
*C(=O)Nc1ccc(Oc2cccc(NC(=O)c3cc(*)cc(NC(=O)c4ccc(OC(C)=O)cc4)c3)c2)cc1,251.0,212.97342
*N=P(*)(C)CCCCCC,-68.99999999999997,-101.43568
*CC(*)C(=O)OCCC(F)(F)C(F)(F)C(F)(F)C(F)(F)C(F)(F)C(F)(F)F,-12.0,10.293304
*Oc1ccc(OC(=O)c2ccc3c(c2)C(=O)N(c2ccc(Oc4ccc(N5C(=O)c6ccc(C(*)=O)cc6C5=O)cc4)cc2)C3=O)c(-c2ccccc2)c1,212.0,244.83063
*c1ccc(OC(=O)c2ccccc2-c2ccccc2C(=O)Oc2ccc(C(*)(C)C)cc2)cc1,161.0,187.23515
*=Cc1ccc(OCCCCCCCCOc2ccc(/C=C3\CCCC(=*)C3=O)cc2)cc1,90.0,59.898705
*c1ccc(OC(=O)Oc2ccc(C3(*)CCCCC3)cc2C)c(C)c1,137.5,143.24664
*Nc1ccc(Cc2ccc(NC(=O)OCCOc3ccc(C4(c5ccc(OCCOC(*)=O)cc5)c5ccccc5-c5ccccc54)cc3)cc2)cc1,152.0,144.9303
*O[Si](*)(C)CCCCCCCCCCC(=O)Oc1ccc(-c2ccc(OC(=O)c3ccc(OCC(C)CC)cc3)cc2)cc1,29.200000000000045,11.839188
*c1cc(C)c(Oc2ccc(S(=O)(=O)c3ccc(Oc4c(C)cc(*)cc4C)cc3)cc2)c(C)c1,280.20000000000005,173.61987
*Cc1ccc(OC(=O)CCCCCCCCC(=O)Oc2ccc(CCC(=O)NC(*)C(=O)OCCOCCOCC)cc2)cc1,2.0,4.8732224
*OCc1ccc(COC(=O)c2cccc(C(*)=O)c2)cc1,143.0,81.08907
*c1cc(C)c(Oc2ccc(C(=O)c3ccccc3-c3ccccc3C(=O)c3ccc(Oc4c(C)cc(*)cc4C)cc3)cc2)c(C)c1,233.0,209.85898
*c1ccc(-c2ccc(-n3c(=O)c4c(C(F)(F)F)c5c(=O)n(*)c(=O)c5c(C(F)(F)F)c4c3=O)cc2C)c(C)c1,385.0,299.09323
*C(=O)Oc1ccc(C2(c3ccc(OC(=O)c4cc(*)cc(C(C)(C)C)c4)cc3)OC(=O)c3ccccc32)cc1,279.0,207.32889
*Oc1ccc(-c2ccc(OC(=O)c3ccc4c(c3)C(=O)N(CCCCCN3C(=O)c5ccc(C(*)=O)cc5C3=O)C4=O)cc2)cc1,147.0,206.97574
*c1ccc2c(c1)C(CCCCCCCC)(CCCCCCCC)c1cc(-c3ccc4c(c3)C(c3ccc(-c5nnc(-c6ccc(C(C)(C)C)cc6)o5)cc3)(c3ccc(-c5nnc(-c6ccc(C(C)(C)C)cc6)o5)cc3)c3cc(*)ccc3-4)ccc1-2,213.0,169.43881
*C(=O)c1cccc(C(=O)c2ccc(Oc3ccc(-c4cc(-c5ccc(Oc6ccc(*)cc6)cc5)n[nH]4)cc3)cc2)c1,205.0,205.88971
*COC(=O)c1ccc(-c2ccc(-c3ccc(C(=O)OCC(*)(CC)CC)cc3)cc2)cc1,-19.99999999999997,141.09906
*c1cc(CCOCCOC)c(*)[nH]1,-42.99999999999997,14.493134
*CC(*)C(=O)Oc1ccc([N+](=O)[O-])cc1,73.30000000000001,122.33811
*c1ccc2c(c1)C(CCCCCC)(CCCCCC)c1cc(-c3ccc4c(c3)c3cc(*)ccc3n4-c3ccc(C)cc3)ccc1-2,155.0,142.899
*N=P(*)(OCCOc1ccc(-c2ccc(Br)cc2)cc1)OCCOc1ccc(-c2ccc(Br)cc2)cc1,89.70000000000005,38.64211
*CC(*)C(=O)OCC(C)CC,-31.99999999999997,-32.748657
*c1ccc(Oc2ccc(C3(c4ccc(Oc5ccc(-c6nnc(*)c7c(-c8ccc(F)cc8)c(-c8ccc(F)cc8)c(-c8ccc(F)cc8)c(-c8ccc(F)cc8)c67)cc5)cc4)c4ccccc4-c4ccccc43)cc2)cc1,321.0,257.10977
*c1cc(N2C(=O)c3ccc(C(=O)c4ccc5c(c4)C(=O)N(*)C5=O)cc3C2=O)ccc1CP(=O)(OCC)OCC,218.0,205.41473
*Cc1ccc(OC(=O)CCCCCCCCC(=O)Oc2ccc(CCC(=O)NC(*)C(=O)OC)cc2)cc1,47.0,43.98273
*c1ccc(OC(Oc2ccccc2)(Oc2ccccc2)Oc2ccc(C(*)(C)C)cc2)cc1,92.0,112.59257
*CC(*)(C)C(=O)OCCBr,52.0,64.874374
*CCN(*)C,-30.99999999999997,-17.14856
*Nc1ccc(Oc2ccc(NC(=O)c3cc4cc(Cc5ccc6oc(=O)c(C(*)=O)cc6c5)ccc4oc3=O)cc2)cc1,312.0,215.54224
*CC(C)(C)C1C(=O)N(c2ccccc2C)C(=O)C1*,207.0,192.39496
*Cc1cc(CC)c(N2C(=O)c3ccc(C(=O)c4ccc5c(c4)C(=O)N(c4c(CC)cc(*)cc4CC)C5=O)cc3C2=O)c(CC)c1,272.5,229.2815
*OC(=O)c1ccc(OCCCCCOc2ccc(C(*)=O)cc2)cc1,53.0,32.7688
*c1ccc(C(=O)OCCCCOC(=O)c2ccc([Si](*)(C)C)cc2)cc1,42.0,43.19523
*=CCCCCCCCCCCC=*,-52.99999999999997,-48.32299
*Oc1ccc2c(c1)C(=O)N(c1ccc(Oc3ccc(-c4ccc(Oc5ccc(N6C(=O)c7ccc(*)cc7C6=O)cc5)cc4)cc3)cc1)C2=O,245.0,236.68481
*Oc1ccc(N2C(=O)c3ccc(*)cc3C2=O)cc1,266.0,268.0823
*NC(CCC(=O)OC)C(*)=O,0.0,98.66094
*c1ccc(Oc2ccc(C(=O)c3ccc4c(c3)C(=O)N(c3ccc(Cc5ccc(N6C(=O)c7ccc(C(=O)c8ccc(Oc9ccc(C%10(*)OC(=O)c%11ccccc%11%10)cc9)cc8)cc7C6=O)cc5)cc3)C4=O)cc2)cc1,268.0,208.29643
*Oc1ccc(Oc2ccc(P(=O)(c3ccccc3)c3ccc(Oc4ccc(Oc5ccc6c(c5)C(=O)N(c5ccc(N7C(=O)c8ccc(*)cc8C7=O)cc5)C6=O)cc4)cc3)cc2)cc1,220.0,248.42838
*CCCC1(C)CCN(C(=O)CCC(=O)N2CCC(*)(C)CC2)CC1,99.0,78.058945
*c1ccc(OC(=O)c2ccc(C(=O)Oc3ccc(C(*)(C)C)cc3C)cc2)c(C)c1,178.5,168.63013
*CC(*)(C)C(=O)OCCOCCOCC1(C)COCCOCCOCCOC1,10.0,-57.47622
*CCN(*)C(=O)CCCCCC,10.0,-12.98893
*OCC1CCC(COC(*)=O)CC1,38.700000000000045,7.6760178
*c1ccc(Oc2ccc(Oc3ccc(-c4nc5cc6sc(-c7ccc(Oc8ccc(Oc9ccc(P(*)(=O)c%10ccccc%10)cc9)cc8)cc7)nc6cc5s4)cc3)cc2)cc1,255.0,197.8332
*CC(*)C(=O)OCC,-22.149999999999977,2.4865112
*Oc1ccc2c(c1)C(=O)N(c1ccc(C(c3ccccc3)(c3ccc(N4C(=O)c5ccc(*)cc5C4=O)cc3)C(F)(F)F)cc1)C2=O,293.0,283.35757
*c1ccc(C(=O)N2CCN(C(=O)c3ccc(C(*)(C)CC)cc3)CC2)cc1,232.0,200.25726
*CC(*)C(=O)OCc1ccc(C#N)cc1,44.0,78.065895
*c1ccc2[nH]c(*)nc2c1,398.0,234.7767
*CC1C(=O)OC(=O)C1C(*)(C)C,141.0,139.31734
*NC(=O)OCCOC(=O)Nc1cc(*)ccc1C,52.0,82.01362
*Oc1ccc(S(=O)(=O)c2ccc(Oc3ccc4c(c3)C(=O)N(c3ccc(Oc5ccc(N6C(=O)c7ccc(*)cc7C6=O)cc5)cc3)C4=O)cc2)cc1,260.0,253.66003
*c1ccc(-c2ccc(-c3sc(-c4ccc([Si](C)(C)[Si](C)(C)[Si](C)(C)[Si](C)(C)[Si](C)(C)[Si](C)(C)[Si](C)(C)[Si](C)(C)c5ccc(-c6cc(CCCCCCCC)c(*)s6)s5)s4)cc3CCCCCCCC)s2)s1,13.0,13.861038
*CC(*)C(=O)OC12CC3CC(C)(CC(C)(C3)C1)C2,104.0,202.8714
*CC(*)(CC(=O)OC)C(=O)OC12CC3CC(CC(C3)C1)C2,197.0,152.79506
*CC(*)OC(=O)C1(F)C(F)(F)C(F)(F)C(F)(F)C(F)(F)C1(F)F,54.0,73.94786
*CC(*)c1ccc(C(=O)C(F)(F)F)cc1,95.0,132.43814
*OCCCCOC(=O)c1ccc(C(*)=O)cc1,44.125,26.438763
*c1cc(C(=O)NCCCCCCCCCC)cc(N2C(=O)c3ccc(-c4ccc5c(c4)C(=O)N(*)C5=O)cc3C2=O)c1,245.1,183.43626
*c1ccc2c(c1)C(=O)N(c1ccc(Cc3ccc(N4C(=O)c5ccc(*)cc5C4=O)cc3)cc1)C2=O,308.0,270.6571
*c1ccc2c(c1)C(=O)N(c1ccc(Oc3ccc(N4C(=O)c5ccc(C(*)(C(F)(F)F)C(F)(F)F)cc5C4=O)cc3)cc1)C2=O,295.5,263.18265
*c1ccc(-n2c(=O)c3cc4c(=O)n(-c5ccc(Oc6c(C(C)(C)C)cc(*)cc6C(C)(C)C)cc5)c(=O)c4cc3c2=O)cc1,398.5,269.43802
*CC(*)c1ccc(CCC)cc1,46.75,57.483162
*C(=O)c1cc(I)cc(C(=O)c2ccc(Oc3ccc(S(=O)(=O)c4ccc(Oc5ccc(*)cc5)cc4)cc3)cc2)c1,203.0,200.72302
*CCCCCCCCC(=O)NCC1COC(CNC(*)=O)CO1,73.0,10.740715
*Oc1ccc(S(=O)(=O)c2ccc(Oc3cc(C)c(C4(c5cc(C(C)C)c(*)cc5C)OC(=O)c5ccccc54)cc3C(C)C)cc2)cc1,230.0,215.90414
*CC(*)(C)C(=O)Oc1ccc(/N=N/c2ccc(C#N)cc2)cc1,185.0,179.20389
*Nc1ccc(Cc2ccc(NC3CC(=O)N(c4ccc(Cc5ccc(N6C(=O)CC(*)C6=O)cc5)cc4)C3=O)cc2)cc1,239.0,196.13844
*OCCCCCCCOc1ccc(CCc2ccc(*)cc2C)cc1,6.5,2.104782
*c1cc(C(=O)NCCCCCCCCCCCC)cc(N2C(=O)c3ccc(-c4ccc5c(c4)C(=O)N(*)C5=O)cc3C2=O)c1,243.1,182.07352
*Nc1ccc(C(=O)c2ccc(NC(=O)c3ccc4c(c3)C(=O)N(c3cccc(P(=O)(c5ccccc5)c5cccc(N6C(=O)c7ccc(C(*)=O)cc7C6=O)c5)c3)C4=O)cc2)cc1,238.0,301.47446
*Oc1ccc(C(c2ccc(Oc3cccc4c3C(=O)N(CCCCCCCCN3C(=O)c5cccc(*)c5C3=O)C4=O)cc2)(C(F)(F)F)C(F)(F)F)cc1,135.0,176.56161
*c1ccc(-c2ccc(-n3c(=O)c4cc5c(=O)n(*)c(=O)c5cc4c3=O)cc2OC)c(OC)c1,328.0,289.29672
*CC(*)C(=O)OCCCCCCOc1ccc(/C=N/c2ccc(OCCCCC)cc2)c(O)c1,41.0,26.775875
*c1ccc(Oc2cc(Oc3ccc(C(*)(C)C)cc3)cc(C(=O)Oc3ccc(/N=N/c4ccc(C#N)cc4)cc3)c2)cc1,163.0,174.4636
*C1C(=O)N(CCOc2ccc(-c3ccc(C#N)cc3)cc2)C(=O)C1*,150.0,145.08469
*c1ccc2c(c1)C(=O)N(CCCCCN1C(=O)c3ccc(C(*)(C(F)(F)F)C(F)(F)F)cc3C1=O)C2=O,180.0,206.52202
*CC(*)(C)C(=O)OCCCCCC(=O)Oc1ccc(OC(=O)c2ccc(OCCCCC)cc2)cc1,50.0,30.208527
*CCCCCCCCC(=O)Oc1cccc(C=Cc2nnc(-c3ccc(OC(*)=O)cc3)s2)c1,55.0,88.56087
*Oc1ccc(-c2ccc(Oc3ccc4ccccc4c3-c3c(*)ccc4ccccc34)c3ccccc23)c2ccccc12,301.0,235.76657
*CCCCCCCC(*)C,-57.99999999999997,-55.868492
*CC(*)C=C,-6.074999999999989,-13.424835
*c1ccc2c(c1)C(=O)N(c1cccc(OCCCCCCCCCCCCOc3cccc(N4C(=O)c5cccc(*)c5C4=O)c3)c1)C2=O,116.0,135.16827
*Oc1ccc(C(c2ccc(OP3(Oc4ccc(C(=O)OC)cc4)=NP(Oc4ccc(C(=O)OC)cc4)(Oc4ccc(C(=O)OC)cc4)=NP(*)(Oc4ccc(C(=O)OC)cc4)=N3)cc2)(C(F)(F)F)C(F)(F)F)cc1,78.0,106.91383
*OCCCCCCOc1ccc(-n2on2-c2ccc(OCCCCCCOC(=O)C(C(*)=O)c3ccccc3)cc2)cc1,23.0,36.786716
*C=CC(=O)OCCOCCOCCOCCOC(=O)/C=C/C(=O)NCCCCCCNC(*)=O,52.0,-31.698166
*C(=O)OCCCCCCOc1ccc(-n2on2-c2ccc(OCCCCCCOC(=O)C(*)CCCCP(=O)(OCC)OCC)cc2)cc1,4.0,-5.4142
*c1ccc(/C=N/c2ccc(Oc3cccc(Oc4ccc(/N=C/c5ccc(N(*)c6ccccc6)cc5)cc4)c3)cc2)cc1,174.0,171.79735
*c1cc(C)c(N2C(=O)c3ccc(-c4ccc5c(c4)C(=O)N(c4c(C)cc(*)cc4C)C5=O)cc3C2=O)c(C)c1,285.0,304.15152
*c1ccc(Oc2ccc3c(-c4ccccc4)nn(-c4ccc(C(=O)c5ccc(-n6nc(-c7ccccc7)c7cc(Oc8ccc(C(*)(C)C)cc8)ccc7c6=O)cc5)cc4)c(=O)c3c2)cc1,195.0,257.16742
*c1ccc(-c2ccc(-c3ccc(-c4ccc(-c5cc(-c6ccccc6)c6cc(Oc7ccc8nc(*)cc(-c9ccccc9)c8c7)ccc6n5)cc4)cc3)cc2)cc1,310.0,278.35327
*CC(*)c1ccc(Cl)cc1C,145.0,109.82216
*Cc1ccc(CC(=O)OC(*)=O)cc1,65.0,48.687267
*CC(*)C(=O)Oc1ccc(C(=O)O)cc1,125.0,134.4712
*C(=O)NNC(=O)c1ccc(*)cc1OCC,240.0,134.25142
*NCCCCCCNC(=O)c1ccc(-c2nc3ccccc3nc2-c2ccc(C(*)=O)cc2)cc1,201.0,193.74367
*c1ccc(Oc2ccc(-c3nnc(-c4ccc(Oc5ccc(C(*)(C(F)(F)F)C(F)(F)F)cc5)cc4)n3-c3ccccc3)cc2)cc1,203.0,218.03568
*Nc1ccc(Oc2ccc(C3(c4ccc(Oc5ccc(NC(=O)c6ccc(Oc7ccc(C(*)=O)cc7)cc6)cc5)cc4)C4CC5CC(C4)CC3C5)cc2)cc1,230.0,218.44724
*CC(*)(C)C(=O)NC(C)c1ccccc1,156.5,159.46179
*c1ccc(C(Cl)(Cl)C(*)Cl)cc1,160.0,109.85292
*CC(*)(C)C(=O)OCC,19.850000000000023,53.823814
*c1ccccc1Oc1ccc(-n2c(=O)c3cc4c(=O)n(*)c(=O)c4cc3c2=O)cc1,386.0,280.78363
*NC(=O)OCCN(CCOC(=O)Nc1ccc(C)c(*)c1)c1ccc(/N=N/c2ccc([N+](=O)[O-])cc2)cc1,144.0,125.84553
*CC(*)c1cc(C)c(C)cc1C,104.0,124.72701
*c1ccc(CCc2ccccc2N2C(=O)C(=O)N(c3ccc(CCc4ccc(N5C(=O)C(=O)N(*)C5=O)cc4)cc3)C2=O)cc1,220.0,204.321
*Nc1cc(NC(=O)c2ccc3c(c2)C(=O)N(c2cccc(N4C(=O)c5ccc(C(*)=O)cc5C4=O)c2)C3=O)cc(-c2nc3ccccc3[nH]2)c1,361.0,317.04385
*Oc1cccc(N2C(=O)c3ccc(Oc4ccc5c(c4)C(=O)N(c4cccc(Oc6cc(*)ccc6C#N)c4)C5=O)cc3C2=O)c1,196.0,247.12698
*CC(COC(=O)c1ccc(N2C(=O)C3C4C=CC(C4)C3C2=O)cc1)O*,62.5,161.05322
*Nc1ccc(-c2ccc(NC(=O)c3ccc(Oc4ccc(C(c5ccc(Oc6ccc(C(*)=O)cc6)cc5)(C(F)(F)F)C(F)(F)F)cc4)cc3)cc2C(F)(F)F)c(C(F)(F)F)c1,240.0,228.96262
*c1cc(/N=N/c2ccc(C#N)cc2)cc(*)c1O,176.0,194.53822
*N=P(*)(OCCOCCOc1ccc(CCCCCCCC)cc1)OCCOCCOc1ccc(CCCCCCCC)cc1,-13.299999999999956,-62.139946
*Nc1ccc(Oc2ccc(C3(c4ccc(Oc5ccc(NC(=O)c6ccc7cc(C(*)=O)ccc7c6)cc5)cc4)C4CC5CC(C4)CC3C5)cc2)cc1,266.0,245.66635
*CCCCCC(=O)OCCOCCOCCOC(*)=O,-44.49999999999997,-70.35325
*C(=O)Nc1ccc(NC(=O)c2cc(*)cc(NC(=O)c3ccncc3)c2)cc1,327.0,268.02576
*#C[SiH2]C#Cc1cccc(C#*)c1,72.0,94.706055
*CC(*)c1cc(C)ccc1C,142.85000000000002,114.5796
*CCCCC(=O)NCC1COC(CNC(*)=O)CO1,93.0,12.49234
*C1C2CCC(C2)C1*,240.0,236.4768
*/C(C)=C(/*)SCC,160.0,-25.543892
*Cc1ccc(OC(=O)COCC(=O)Oc2ccc(CCC(=O)NC(*)C(=O)OCCCCCCCC)cc2)cc1,40.0,15.492126
*Nc1ccc(C(c2ccc(NC(=O)c3ccc4c(c3)C(=O)N(c3ccc(Oc5cccc6c(Oc7ccc(N8C(=O)c9ccc(C(*)=O)cc9C8=O)cc7)cccc56)cc3)C4=O)cc2)(C(F)(F)F)C(F)(F)F)cc1,283.0,251.13654
*CCC(C)O[Si](C)(C)O[Si](C)(C)O[Si](C)(C)O[Si](C)(C)OC(*)C,-95.99999999999996,-93.8547
*/C(=C(/*)c1ccc[c]([Ge]([CH3])([CH3])[CH3])c1)c1ccccc1,200.0,115.221
*C=Cc1ccc(Oc2ccc(C3(c4ccc(Oc5ccc(C(*)=O)cc5)cc4)c4ccccc4-c4ccccc43)cc2)cc1,195.0,191.93042
*CCCCCCCCCCN1C(=O)c2ccc(C(=O)c3ccc4c(c3)C(=O)N(CCCCCCCCCCC(=O)Nc3ccc(NC(*)=O)cc3)C4=O)cc2C1=O,125.0,134.05756
*c1cc(C)c(Oc2ccc(N3C(=O)CC(Nc4ccc(NC5CC(=O)N(c6ccc(Oc7c(C)cc(C(*)c8cccnc8)cc7C)cc6)C5=O)cc4)C3=O)cc2)c(C)c1,229.0,224.09512
*COCC(*)(CS(=O)(=O)CCC)CS(=O)(=O)CCC,71.0,-9.207657
*CCN(*)C(=O)c1c(F)c(F)c(F)c(F)c1F,136.0,188.64334
*c1ccc(OC(=O)c2ccc3c(c2)C(=O)N(c2cc(N4C(=O)c5ccc(C(=O)Oc6ccc(C(*)(C)C)cc6)cc5C4=O)ccc2O)C3=O)cc1,225.0,243.64551
*C(=O)OCCOCCOC(=O)C(*)CCCCCCCCC,-58.99999999999997,-63.08599
*CC(*)c1ccc([Si](C)(O[Si](C)(C)C)O[Si](C)(C)C)cc1,54.0,-11.338615
*Nc1cccc(NC(=O)c2ccc3c(c2)C(=O)N(c2ccc(Oc4ccc(C5(c6ccc(Oc7ccc(N8C(=O)c9ccc(C(*)=O)cc9C8=O)cc7)cc6)NC(=O)c6ccccc65)cc4)cc2)C3=O)c1,328.0,256.0863
*CCCCC(=O)OCC(CCCCCCOc1ccc(/N=N/c2ccc(Cl)cc2)cc1)COC(*)=O,9.0,26.876694
*CC(*)(C)C(=O)OC(COc1cc2ccccc2c2ccccc12)COc1cc2ccccc2c2ccccc12,112.0,152.33023
*Oc1ccc(Oc2ccc(OC(*)=O)cc2)cc1,118.0,106.79499
*c1ccc(Oc2ccc(Oc3ccc(Oc4ccc(-c5nc(*)nc(-c6ccccc6)n5)cc4)cc3)cc2)cc1,203.0,204.01385
*C(=O)c1ccc2c(c1)C(=O)N(c1cccc(C(O)c3cccc(N4C(=O)c5ccc(*)cc5C4=O)c3)c1)C2=O,292.0,283.22598
*c1cccc(-n2c(=O)c3cc4c(=O)n(*)c(=O)c4cc3c2=O)c1,430.0,331.16196
*CC(O)COc1ccc(Sc2ccc(OCC(O)CN(C)S(=O)(=O)c3cccc(S(=O)(=O)N(*)C)c3)cc2)cc1,90.0,116.114105
*c1cccc(P(=O)(c2cccc(-n3c(=O)c4c(-c5ccc(C(F)(F)F)cc5)c5c(=O)n(*)c(=O)c5c(-c5ccc(C(F)(F)F)cc5)c4c3=O)c2)c2cc(C(F)(F)F)cc(C(F)(F)F)c2)c1,310.0,282.70532
*c1ccc2c(c1)Sc1cc(-c3sc4cc(*)sc4c3CCCCC)ccc1N2CCCCCCCCCC,131.0,73.74785
*c1ccc(Cn2c(=O)c3cc4c(=O)n(Cc5ccc(C(*)(C)CCC)o5)c(=O)c4cc3c2=O)o1,134.0,210.20015
*CC(*)C(=O)OC1CC(C)CC(C)(C)C1,15.0,70.07795
*CCCCC(C)O[Si](C)(C)O[Si](C)(C)O[Si](C)(C)OC(*)C,-93.99999999999996,-97.31513
*C=C1CC/C(=C\c2ccc(OC(=O)c3ccc(/N=C/c4ccc(/C=N/c5ccc(C(=O)Oc6ccc(*)cc6OC)cc5)cc4)cc3)c(OC)c2)C1=O,140.0,160.09091
*CC(*)C(=O)OC1CC2CCC1(C)C2(C)C,100.0,141.07596
*NNC(=O)c1ccc(C2(c3ccc(C(=O)NNC(=O)c4ccc(C(*)=O)cc4)cc3)OC(=O)c3ccccc32)cc1,237.0,247.98605
*C(=Nc1ccccc1)c1ccc(-c2ccc(*)cc2)cc1,225.0,175.57822
*Nc1ccc(Oc2ccc3nc(-c4ccccc4)c(-c4ccc(N5C(=O)c6ccc7c8c(ccc(c68)C5=O)C(=O)N(c5ccc(-c6nc8cc(Oc9ccc(NC(=O)c%10cc(C(*)=O)cc(N%11C(=O)c%12ccccc%12C%11=O)c%10)cc9)ccc8nc6-c6ccccc6)cc5)C7=O)cc4)nc3c2)cc1,345.0,241.4371
*CC(*)c1ccc(C(=O)CC)cc1,102.0,103.76687
*c1ccc(OCC(O)COc2ccc(S(=O)(=O)c3ccc(OCC(O)COc4ccc(C(*)(C)C)cc4)cc3)cc2)cc1,140.0,86.42012
*c1ccc(Oc2ccc(C(=O)Nc3ccc(-c4ccc(NC(=O)c5ccc(Oc6ccc(C(*)(C)C)cc6)cc5)cc4C(F)(F)F)c(C(F)(F)F)c3)cc2)cc1,250.0,226.31378
*c1ccc([Si](C)(C)[Si](*)(C)C)s1,15.0,-26.285568
*C(=O)c1ccc(N2C(=O)c3ccc(C(=O)c4ccc5c(c4)C(=O)N(c4ccc(Cc6ccc(*)cc6)cc4)C5=O)cc3C2=O)cc1,307.0,263.24527
*Oc1ccc(-c2cnc3cc(-c4ccc5nc(-c6ccc(Oc7ccc(*)cc7)cc6)cnc5c4)ccc3n2)cc1,195.0,260.4927
*c1ccc(C(=O)Nc2cccc(S(=O)(=O)c3cccc(NC(=O)c4ccc(*)cc4C)c3)c2)c(C)c1,260.0,295.71964
*CN1C(=O)c2ccc(C(c3ccc4c(c3)C(=O)N(CC(=O)Nc3ccc(Oc5ccc6nc(-c7ccccc7)c(-c7ccc(-c8nc9cc(Oc%10ccc(NC(*)=O)cc%10)ccc9nc8-c8ccccc8)cc7)nc6c5)cc3)C4=O)(C(F)(F)F)C(F)(F)F)cc2C1=O,280.0,243.91138
*c1ccc2c(c1)C(=O)N(c1cccc(OCCCCCCOc3cccc(N4C(=O)c5ccc(*)cc5C4=O)c3)c1)C2=O,153.0,186.79324
*CC(*)(C)C(=O)OC1CCCC(C)C1,89.0,103.89489
*Oc1ccc(N2C(=O)c3ccc(Oc4ccc(C5(c6ccc(Oc7ccc8c(c7)C(=O)N(c7ccc(Oc9ccc(*)cc9C(C)(C)C)cc7)C8=O)cc6)CCCCCCCCCCC5)cc4)cc3C2=O)cc1,262.0,193.21362
*c1ccc(P(=O)(c2ccccc2)c2ccc(-n3c(=O)c4cc5c(=O)n(*)c(=O)c5cc4c3=O)cc2)cc1,425.0,312.4438
*CCCCC(=O)OCCCOC(*)=O,-54.99999999999997,-53.05262
*c1cc(Br)c(-c2c(Br)cc(N3C(=O)c4ccc(-c5ccc6c(c5)C(=O)N(*)C6=O)cc4C3=O)cc2C(=O)OCCCCCCCCCCCCCCCCCC)c(C(=O)OCCCCCCCCCCCCCCCCCC)c1,83.5,147.3788
*CCOC(=O)Nc1ccc(C)c(NC(=O)OCCN(*)c2ccc(/N=N/c3ccc(/C=C/c4nc5ccc([N+](=O)[O-])cc5n4CC)cc3)cc2)c1,171.0,162.78763
*CC(*)(C)C(=O)OCCCCCCCCCCOc1ccc(/N=N/c2ccc(C3OCC4(CO3)CC3C=CC4C3)cc2)cc1,103.20000000000005,91.49855
*c1ccc(-c2ccc([Si](C)(C)c3ccc4c(c3)C(=O)N(c3cccc(Cc5cccc(N6C(=O)c7ccc([Si](*)(C)C)cc7C6=O)c5)c3)C4=O)cc2)cc1,285.0,221.2956
*C(=O)c1ccc2c(c1)C(=O)N(c1ccc(Oc3ccc(Oc4ccc(N5C(=O)c6ccc(*)cc6C5=O)cc4C(F)(F)F)cc3)cc1)C2=O,237.1,252.35043
*c1cc(Br)c(-c2c(Br)cc(N3C(=O)c4ccc(-c5ccc6c(c5)C(=O)N(*)C6=O)cc4C3=O)cc2C(=O)OCCCCCCCC)c(C(=O)OCCCCCCCC)c1,135.5,160.74435
*CC(*)C(=O)OCCOc1ccc(C(=O)Oc2ccc(OC)cc2)cc1,70.0,54.646393
*CC(*)(C)C(=O)OCCCCCCCCOc1ccc(/N=N/c2ccc(C3OCC4(CO3)CC3C=CC4C3)cc2)cc1,106.20000000000005,99.220825
*c1ccc(OC(=O)CN(CC(=O)Oc2ccc(C(*)(C)C)cc2)c2ccc(/N=N/c3ccc([N+](=O)[O-])cc3)cc2)cc1,152.0,157.99118
*OCC(COC(*)=O)OCCOc1ccc(/C=C/c2ccc([N+](=O)[O-])cc2)cc1,53.0,52.793987
*Oc1ccc2ccc(Oc3ccc4c(c3)C(=O)N(c3ccc(Oc5ccc(Oc6ccc(N7C(=O)c8ccc(*)cc8C7=O)cc6)cc5)cc3)C4=O)cc2c1,228.0,222.13348
*c1ccc(OC(=O)c2ccc([Si](c3ccccc3)(c3ccccc3)c3ccc(C(=O)Oc4ccc(C(*)(C)C)cc4)cc3)cc2)cc1,295.0,181.6434
*Oc1c(Br)cc(C(c2cc(Br)c(OP(*)(=O)Oc3ccc(OC)cc3)c(Br)c2)(C(F)(F)F)C(F)(F)F)cc1Br,151.0,184.27206
*CC(O)COc1ccc(S(=O)(=O)c2ccc(OCC(O)CN(C)S(=O)(=O)c3cccc(S(=O)(=O)N(*)C)c3)cc2)cc1,100.0,134.47264
*CC(*)CCC1CCCCC1,40.0,0.688324
*CC(*)(C)C(=O)OCCC(F)(F)C(F)(F)C(F)(F)C(F)(F)C(F)(F)C(F)(F)C(F)(F)C(F)(F)F,47.0,30.621979
*c1ccc(N2C(=O)c3ccc(Oc4ccc(Oc5ccc6c(c5)C(=O)N(c5ccc(C(*)(C)C)cc5)C6=O)cc4)cc3C2=O)cc1,264.0,239.5776
*Cc1ccc(OC(=O)COCC(=O)Oc2ccc(CCC(=O)NC(*)C(=O)OC(C)C)cc2)cc1,80.0,55.204613
*c1cc(C)c(Oc2ccc3c(c2)C(=O)N(c2ccc(-c4ccc(N5C(=O)c6ccc(Oc7c(C)cc(C(*)(C)C)cc7C)cc6C5=O)cc4C(F)(F)F)c(C(F)(F)F)c2)C3=O)c(C)c1,262.0,258.61346
*OCCOC(=O)c1ccc(Oc2ccc(C(*)=O)cc2)cc1,74.0,86.02492
*CC(C[N-][N+]#N)O*,-34.99999999999997,5.3922043
*Nc1ccc(Cc2ccc(NC(=O)c3cc(C(*)=O)cc(N4C(=O)C5C6C=CC(C6)C5C4=O)c3)cc2)cc1,303.0,250.75235
*Oc1ccc(C2(c3ccc(OC(=O)c4ccc(C(*)=O)cc4)cc3)CCc3ccccc32)cc1,312.0,196.95154
*c1ccc(Cc2ccc(-n3nccc3-c3ccc(-c4ccnn4*)cc3)cc2)cc1,202.0,166.85988
*c1ccc(N2C(=O)c3ccc(Oc4ccc5ccc(Oc6ccc7c(c6)C(=O)N(c6ccc(C(*)(C)C)cc6)C7=O)cc5c4)cc3C2=O)cc1,247.0,250.68613
*CC(*)P(=O)(N(C)C)N(C)C,25.0,37.554996
*c1ccc(OCCCCCCOc2ccc(N(c3ccccc3)c3ccc(-c4ccc(N(*)c5ccccc5)cc4)cc3)cc2)cc1,85.0,109.06852
*C=CC(*)(C)C,-9.0,-26.711609
*c1ccc(Oc2cccc(S(*)(=O)=O)c2)cc1,175.0,184.45334
*c1nc2cc(C(c3ccc4oc(-c5cc(OCCCCCCCCCC)c(*)cc5OCCCCCCCCCC)nc4c3)(C(F)(F)F)C(F)(F)F)ccc2o1,94.0,93.792404
*O[Si](C)(C)c1ccc(-c2ccc([Si](*)(C)C)cc2)cc1,67.0,14.8005295
*NC(=O)OCCN(CCOC(=O)NCC1(C)CC(*)CC(C)(C)C1)c1ccc(/N=N/c2ccc(C#N)cc2)cc1,136.0,109.419846
*Sc1cccc2c1C(=O)N(c1ccc(N3C(=O)c4ccc(*)cc4C3=O)cc1)C2=O,319.5,289.46075
*Oc1ccc2c(c1)Oc1cc(OC(=O)c3ccc(C(*)=O)cc3)ccc1C21c2ccccc2-c2ccccc21,290.0,235.68552
*c1ccc2c(c1)C(=O)N(c1ccc(Oc3ccc(N4C(=O)c5ccc(*)cc5C4=O)cc3Br)c(Br)c1)C2=O,275.0,277.8205
*OCC(F)(F)C(F)(F)C(F)(F)COC(=O)c1cccc(C(*)=O)c1,23.5,50.049923
*c1ccc2c(c1)C(=O)N(c1cccc(OCCCCCCCCCCOc3cccc(N4C(=O)c5cccc(*)c5C4=O)c3)c1)C2=O,127.0,146.19191
*Sc1ccc(N2C(=O)c3ccc(Oc4ccc5c(c4)C(=O)N(c4ccc(Sc6cc7c(cc6*)C(=O)N(CCc6ccccc6)C7=O)cc4)C5=O)cc3C2=O)cc1,218.0,243.50537
*CC(*)c1ccccc1C(=O)OCCCC,66.0,38.722805
*NNC(=O)c1ccc(C(=O)NNC(=O)c2ccc([Si](c3ccccc3)(c3ccccc3)c3ccc(C(*)=O)cc3)cc2)nc1,240.0,248.51758
*CCCCCCCCC(=O)NCC(=O)NCC(=O)OC1COC2C(OC(=O)CNC(=O)CNC(*)=O)COC12,47.0,38.58654
*c1cc(Br)c(-c2c(Br)cc(N3C(=O)c4ccc(-c5ccc6c(c5)C(=O)N(*)C6=O)cc4C3=O)cc2C(=O)OCCCCCC)c(C(=O)OCCCCCC)c1,154.0,169.96556
*O[Si](*)(C)CCCC(=O)O,-28.99999999999997,-69.21139
*c1ccc(OC(=S)Oc2ccc(C(*)C(CC)CC)cc2)cc1,148.0,55.227726
*Oc1c(-c2ccccc2)cc(*)cc1-c1ccccc1,220.0,181.52626
*C(=O)Nc1ccc(C2(c3ccc(NC(=O)c4cc(*)cc(C(C)(C)C)c4)cc3)c3ccccc3-c3ccccc32)cc1,284.0,288.36984
*N[Se]Nc1ccc(*)cc1,55.0,112.02643
*N=P(*)(Oc1ccccc1)Oc1ccccc1,-8.0,-1.2941284
*C(=O)NCCCCCCNC(=O)c1c(*)ncn1C,86.0,54.146675
*C(=O)Nc1ccc(NC(=O)c2cc(-c3ccc(C(=O)OC)c(*)c3)ccc2C(=O)OC)cc1,234.20000000000005,236.80765
*=Cc1ccc(Oc2ccc(S(=O)(=O)c3ccc(Oc4ccc(/C=C5\CCC(=*)C5=O)cc4)cc3)cc2)cc1,235.0,164.97705
*Sc1ccc(*)cc1,86.85000000000002,80.40215
*CC(*)(C)C(=O)OCCCCCCN1CCN(c2ccc(/N=N/c3ccc(C#N)cc3)cc2)CC1,77.0,93.06243
*CC(*)C(=O)c1ccc(C(C)(C)C)cc1,103.5,115.31485
*c1cccc(Oc2ccc(-n3c(=O)c4cc5c(=O)n(*)c(=O)c5cc4c3=O)cc2)c1,397.0,263.73276
*c1ccc2c(c1)C(=O)N(c1cccc(S(=O)(=O)c3cccc(N4C(=O)c5ccc(*)cc5C4=O)c3)c1)C2=O,260.0,326.62024
*CC(*)(C)c1ccccc1,168.0,136.89114
*CC(*)OC(=O)c1ccccc1C,42.5,67.09741
*c1ccc(N2C(=O)c3ccc(-c4ccc5c(c4)C(=O)N(c4ccc(-c6cc(-c7ccc(OCCCC#N)cc7)cc(*)n6)cc4)C5=O)cc3C2=O)cc1,360.0,270.22168
*CC(O)CN(*)c1cc(C)c(/N=N/c2ccc(C#N)cc2)c(C)c1,150.0,157.60938
*Nc1ccc(Oc2ccc(C3(c4ccc(Oc5ccc(NC(=O)c6cccc(C(*)=O)c6)cc5)cc4)C4CC5CC(C4)CC3C5)cc2)cc1,273.0,227.24753
*CC(*)(C)C(=O)OCCCCCCCCCCOc1ccc(OC(=O)c2ccc(OCCCCCCCC)cc2)cc1,12.0,-1.3282013
*c1ccc(Oc2ccc(-c3nnc(-c4ccccn4)nc3-c3ccc(Oc4ccc(C(*)(C)C)cc4)cc3)cc2)cc1,220.0,232.9274
*O[Si](*)(C)CC[Si](OCCOC)(OCCOC)OCCOC,28.900000000000038,-89.426735
*NCCCOC(*)=O,26.0,37.688522
*CC(*)C(=O)OCCCC,-51.57499999999999,-41.711197
*C(=O)c1cc2c(cc1Cl)C(=O)N(c1cc(N3C(=O)c4cc(*)c(Cl)cc4C3=O)cc(C(F)(F)F)c1)C2=O,305.0,308.8501
*c1ccc(Oc2c(F)c(F)c(-c3c(F)c(F)c(-n4nc(*)c5ccccc5c4=O)c(F)c3F)c(F)c2F)cc1F,253.0,273.29132
*C(F)(F)C(*)(F)C(F)(F)F,158.5,32.458008
*C(=O)Nc1ccc(Oc2ccc(Oc3ccc(Oc4ccc(NC(=O)c5cc(*)cc(C(C)(C)C)c5)cc4)cc3)cc2)cc1,230.0,180.97632
*OCCCCCOC(=O)c1ccc2cc(C(*)=O)ccc2c1,58.5,54.81851
*c1ccc(-c2ccc(-c3sc(-c4ccc([Si](C)(C)c5ccc(-c6cc(CCCCCCCC)c(*)s6)s5)s4)cc3CCCCCCCC)s2)s1,31.0,44.53383
*C(*)C(=O)OC(C)C,70.0,13.090141
*CSCC(*)(C)C,-49.29999999999998,-36.76532
*CC(*)(C)C(=O)OCCCCCCCCCCOc1ccc(C#Cc2cc(C)c(/C=C/c3ccncc3)cc2C)cc1,65.40000000000003,69.385925
*Oc1c(C(C)C)cc(*)cc1C(C)C,152.40000000000003,106.394485
*CCCNC(=O)CCCCC(=O)NCCCP(*)(C)=O,33.0,-9.162003
*N=Nc1ccc(Oc2ccc(/N=N/P(=O)(OC)OCC3CCC(COP(*)(=O)OC)CC3)cc2)cc1,50.0,67.18517
*Nc1ccc(S(=O)(=O)c2ccc(NC(=O)c3ccc4c(c3)C(=O)N(c3cc(-c5nc6ccccc6s5)cc(N5C(=O)c6ccc(C(*)=O)cc6C5=O)c3)C4=O)cc2)cc1,357.0,317.97644
*C(=O)c1ccc(Oc2ccc(Oc3ccc(*)cc3)cc2-c2ccccc2)cc1,157.0,148.81354
*c1ccc(Oc2ccc(N3C(=O)CC(=O)N(c4ccc(Oc5ccc(C(*)(C)C)cc5)cc4)C3=S)cc2)cc1,150.0,200.23859
*CCCCCCCNC(*)=O,37.0,34.7614
*c1cccc(P(=O)(c2ccccc2)c2cccc(-n3c(=O)c4cc5c(=O)n(*)c(=O)c5c(-c5ccccc5)c4c3=O)c2)c1,325.0,306.16635
*c1ccc(/N=C/Nc2ccc(S(*)(=O)=O)cc2)cc1,163.0,197.79834
*c1ccc(NC(=C(C#N)C#N)c2ccc(C(Nc3ccc(C(C)(C)c4cccc(C(*)(C)C)c4)cc3)=C(C#N)C#N)cc2)cc1,208.0,212.18332
*Nc1ncc(*)s1,139.0,135.11023
*c1ccc(Oc2ccc(S(=O)(=O)c3ccc(-c4ccc(-c5ccc(S(*)(=O)=O)cc5)cc4)cc3)cc2)cc1,311.0,238.65244
*C(=O)c1cccc(-n2c(=O)c3cc4c(=O)n(-c5cccc(*)c5)c(=O)c4cc3c2=O)c1,321.0,302.64694
*O[Si](*)(C)CCCOc1ccc(/N=N/c2ccc(S(=O)(=O)O)cc2)cc1,9.200000000000044,64.07254
*CC(*)(C)c1ccc2ccccc2n1,193.0,179.72308
*c1ccc(OCC(O)COC(=O)/C=C/C(=O)Oc2ccc(C(*)(C)C)cc2)cc1,32.0,83.18309
*OCCCCC(=O)NNC(=O)c1ccc(C(=O)NNC(=O)CCCCOc2ccc(*)cc2C)cc1,150.0,82.76434
*c1ccc(Oc2ccc(C(=O)c3ccc(C(c4ccc(C(=O)c5ccc(Oc6ccc(C(*)(C)C)cc6)cc5)cc4)(C(F)(F)F)C(F)(F)F)cc3)cc2)cc1,181.0,209.11755
*c1ccc(Oc2ccc(N3C(=O)CC(C)(SCCOCCSC4(C)CC(=O)N(c5ccc(Oc6ccc(N7C(=O)C(C)C(SCCOCCSC8C(=O)N(*)C(=O)C8C)C7=O)cc6)cc5)C4=O)C3=O)cc2)cc1,145.0,109.4782
*c1ccc(N2C(=O)c3ccc(Oc4cccc5c(Oc6ccc7c(c6)C(=O)N(c6ccc(C(C)(C)c8ccc(C(*)(C)C)cc8)cc6)C7=O)cccc45)cc3C2=O)cc1,253.0,247.22946
*CC(*)(C)C(=O)OCCCCCCCCCCCOc1ccc2cc(C(=O)Oc3ccccc3)ccc2c1,10.0,59.36499
*CC(CC(C)C)S(*)(=O)=O,23.0,43.974224
*Nc1ccc(OCCCCCOc2ccc(NC(=O)c3cccc(C(*)=O)c3)cc2)cc1,155.0,112.09377
*C(=O)NCCCCCCCCCCCCNC(=O)C(OC)C(*)OC,84.0,-7.601204
*Nc1ccc(S(=O)(=O)c2ccc(NC(=O)c3ccc4c(c3)C(=O)N(c3cccc(P(=O)(c5ccccc5)c5cccc(N6C(=O)c7ccc(C(*)=O)cc7C6=O)c5)c3)C4=O)cc2)cc1,241.0,296.9248
*Oc1ccc(-c2ccc(OC(=O)c3ccc(C(=O)c4ccc(C(*)=O)cc4)cc3)c(-c3ccccc3)c2)cc1-c1ccccc1,184.5,212.06656
*C(=O)c1ccc(C(c2ccc(C(=O)c3ccc(Sc4ccc(*)cc4)cc3)cc2)(C(F)(F)F)C(F)(F)F)cc1,175.0,189.2555
*C(=O)c1ccc(Oc2ccc(Oc3ccc(C(=O)c4ccc(Oc5ccc(Oc6ccc(*)cc6C(C)C)cc5)c(C(C)C)c4)cc3)cc2)cc1,145.0,160.16022
*O[Si](C)(C)c1ccc2c(c1)C(=O)N(c1ccc(Cc3ccc(N4C(=O)c5ccc([Si](*)(C)C)cc5C4=O)cc3)cc1)C2=O,232.0,162.1857
*c1ccc(-c2cc(CCCCCCOC(=O)COc3ccccc3)c(*)s2)s1,79.0,43.011284
*Nc1ccc(Oc2ccc(NC(=C(C#N)C#N)c3ccc(-c4ccc(C(*)=C(C#N)C#N)cc4)cc3)cc2)cc1,220.0,197.74576
*Oc1ccc2c(c1)C(=O)N(c1ccc(Oc3cccc(-c4cc(-c5ccccc5)cc(-c5cccc(Oc6ccc(N7C(=O)c8ccc(*)cc8C7=O)cc6)c5)n4)c3)cc1)C2=O,224.0,251.09335
*C(=O)c1ccc(Oc2ccc(Oc3ccc(Oc4ccc(*)cc4)cc3)cc2)cc1,150.5,128.99641
*c1cc(C)c(Oc2ccc3c(c2)C(=O)N(c2cccc(N4C(=O)c5ccc(Oc6c(C)cc(*)cc6C)cc5C4=O)c2)C3=O)c(C)c1,295.0,239.6084
*c1ccc2c(c1)C(=O)N(c1ccc(-c3ccc(N4C(=O)c5ccc(C(*)(C(F)(F)F)C(F)(F)F)cc5C4=O)cc3-c3ccc(-c4ccccc4)cc3)c(-c3ccc(-c4ccccc4)cc3)c1)C2=O,285.0,289.64322
*COC(=O)N1CCN(C(=O)OCC(*)(C)C)CC1,70.0,44.121876
*CC(*)c1ccccc1COC,89.0,56.65067
*OC(=O)c1ccc(Cc2ccc(C(*)=O)cc2)cc1,122.0,85.98871
*O[Si](*)(C)C1CC2CC1CC2OC(=O)OC(C)(C)C,60.0,24.270279
*CC(*)OC(=O)C(C)(C)C(C)(C)CC,90.0,40.405888
*CC(*)c1ccc(C(C)(O)CCCCC)cc1,100.0,54.453094
*c1cc(OC)c(OC(=O)CCCCCCCCC(=O)Oc2c(OC)cc(*)cc2OC)c(OC)c1,94.0,55.296013
*CC(*)C(=O)OCCOC(F)(F)C(F)F,-21.99999999999997,-20.740288
*OCCOCCOC(=O)Oc1cccc(N(c2ccccc2)c2ccc(-c3ccc(N(c4ccccc4)c4cccc(OC(*)=O)c4)cc3)cc2)c1,113.0,128.93507
*Nc1ccc(C(c2ccc(NC(=O)c3ccc(-c4ccc(C(*)=O)cc4)cc3)cc2)(P2(=O)Oc3ccccc3-c3ccccc32)P2(=O)Oc3ccccc3-c3ccccc32)cc1,251.0,259.90042
*C(=O)Oc1ccc(Cc2ccc(OC(=O)c3cc(*)cc(OCCCCC)c3)cc2)cc1,110.0,58.97896
*c1c(C)cc(C)c(N2C(=O)c3ccc(Oc4ccc(Oc5ccc6c(c5)C(=O)N(*)C6=O)cc4)cc3C2=O)c1C,345.0,233.87827
*C(=O)OCCOC(=O)c1cc(*)cc(C(C)(C)C)c1,94.0,86.98229
*OC1C(CO)OC(*)C(O)C1O,332.0,91.104324
*CC(*)Cc1cccc(C)c1,40.0,44.672676
*NCCCCCCCNC(=O)c1ccc(C(*)=O)cc1,160.0,111.78195
*c1ccc(OCC(O)COc2ccc(C3CCCC(*)(CC)C3)cc2)cc1,140.0,71.16524
*c1cc(C(C)C)c(N2C(=O)c3ccc(C(c4ccc5c(c4)C(=O)N(c4c(C(C)C)cc(C(*)(c6ccccc6)C(F)(F)F)cc4C(C)C)C5=O)(C(F)(F)F)C(F)(F)F)cc3C2=O)c(C(C)C)c1,274.0,251.79486
*c1ccc(Oc2ccc3c4c2cccc4c(=O)n2c4ccc(Oc5ccc6nc7c8cccc9c(Oc%10ccc(C(*)(C)C)cc%10)ccc(c(=O)n7c6c5)c98)cc4nc32)cc1,334.0,262.1789
*Cc1ccc(NC(=O)CCCCC(=O)NC(*)(C)C)cc1,130.0,107.843506
*CC(O)CN(*)c1cc(C)c(/N=N/c2ccc([N+](=O)[O-])cc2)c(C)c1,152.0,158.63782
*C(C)C(*)C(=O)OCCC,116.0,3.6331253
*CCCCCCCCCCCCCCC(=O)NCCCCCCCCCCCCNC(*)=O,46.0,8.57415
*Nc1ccc(Oc2cccc3c(NC(=O)c4ccc5c(c4)C(=O)N(c4ccc(Oc6cccc7c(N8C(=O)c9ccc(C(*)=O)cc9C8=O)cccc67)cc4)C5=O)cccc23)cc1,276.0,261.8206
*Nc1cc(NC(=O)c2ccc(C(*)=O)cc2)cc(-c2nc3ccccc3oc2=O)c1,103.0,294.22394
*c1ccc(-c2sc(-c3cc(SCCCC)c(*)s3)cc2SCCCC)cc1,129.0,28.705349
*NCCCCCCCCNC(=O)c1ccc(C(*)=O)cc1Sc1ccccc1,110.0,98.21855
*N=P(*)(Oc1ccc2ccccc2c1)Oc1ccc2ccccc2c1,47.0,59.86159
*Nc1ccc(Oc2ccc(NC(=O)c3ccc(P(=O)(c4ccccc4)c4ccc(C(*)=O)cc4)cc3)cc2)cc1,254.0,220.4527
*c1ccc(OCCCCCCCCOc2ccc(C(*)(C)C)cc2)cc1,19.600000000000023,20.24395
*CCCCCCCCC(=O)NC(Cc1ccccc1)C(=O)OC1COC2C(OC(=O)C(Cc3ccccc3)NC(*)=O)COC12,74.0,66.9929
*C(=O)Nc1ccc(Cc2ccc(NC(=O)c3cc(*)cc(NC(=O)CCN4C(=O)c5ccccc5C4=O)c3)cc2)cc1,235.0,210.97989
*CCCCCC(=O)NCCCCCCCNC(*)=O,55.0,-23.60315
*NC(=O)c1ccc(NC(=O)CCCCCCCCCCCCC(=O)Nc2ccc(C(=O)Nc3ccc(*)cc3C(=O)OCCCCCCCCCCCCCCCCCC)cc2)cc1,191.0,91.07684
*CC(CC)C(=O)NCCCCCCNC(=O)C(*)CC,94.0,12.682938
*c1ccc(OC2(F)C(F)(F)C(F)(F)C2(F)Oc2ccc(C(*)(C)C)cc2)cc1,98.0,132.39041
*c1ccc(Oc2ccc(P(=O)(c3ccccc3)c3ccc(Oc4ccc(P(*)(C)=O)cc4)cc3)cc2)cc1,238.0,181.83408
*CC(*)OC(=O)CC(C)(C)c1ccccc1,20.0,32.45063
*C(=O)c1ccc2c(c1)C(=O)N(c1ccc(Oc3ccc(N4C(=O)c5ccc(C(=O)c6cc(*)cc(C(C)(C)C)c6)cc5C4=O)cc3)cc1)C2=O,252.5,252.2023
*/C=C/*,-4.0,-90.04223
*OCCOC(=O)c1ccc2c(c1)C(=O)N(c1ccc(C(*)=O)cc1)C2=O,280.0,180.18005
*Oc1ccc(C2(c3ccc(OC(=O)c4cccc(C(*)=O)c4)cc3)CCC3CCCCC3C2)cc1,248.0,182.32251
*Nc1ccc(Oc2ccc(C3(c4ccc(Oc5ccc(NC(=O)c6ccc7c(c6)C(=O)N(c6ccc(N8C(=O)c9ccc(C(*)=O)cc9C8=O)cc6)C7=O)cc5)cc4)NC(=O)c4ccccc43)cc2)cc1,322.0,247.22375
*c1nc(C)nc(N(CCCCN(*)c2ccccc2)c2ccccc2)n1,85.0,124.5717
*Nc1ccc(Cc2ccc(NC(=O)Oc3ccc(/N=C/CCC/C=N/c4ccc(OC(*)=O)cc4)cc3)cc2)cc1,76.0,133.51321
*c1ccc2c(c1)C(=O)N(c1ccc(OCCCCCCCCCCOc3ccc(N4C(=O)c5ccc(C(*)(C(F)(F)F)C(F)(F)F)cc5C4=O)cc3)cc1)C2=O,143.0,160.81937
*CC(*)c1ccc(C(=O)OCCN(C)C)cc1,91.0,76.15732
*CC(=O)Nc1ccc(-c2ccc(NC(=O)Cc3cc(C)c(*)cc3C)cc2)cc1,171.0,199.95596
*OC(=O)c1cccc(C(=O)Oc2cc(*)cc(CCCCCCCC)c2)c1,50.5,55.910706
*c1ccc(OC(=O)CCCCCCCCC(=O)Oc2ccc(C(*)(C)C)cc2)cc1,14.25,55.034348
*OCCCCCCCCCCCOc1cccc(-c2nnc(-c3ccc(OCCCCCCCCCCCOC(=O)c4cccc(C(*)=O)c4)cc3)s2)c1,39.0,37.792038
*NC(=O)C(Cc1ccccc1)NC(=O)CCCCCCCCC(=O)NC(Cc1ccccc1)C(=O)NC(C(=O)NCC(=O)NCCCOCCOCCOCCCNC(=O)CNC(=O)C(*)C(C)C)C(C)C,58.0,36.716927
*OCCCCCCCCCCOC(=O)c1ccc(-c2ccc(-c3ccc(C(*)=O)cc3)cc2)cc1,50.0,59.346973
*Oc1ccc2c(c1)C(=O)N(CC1CC3CC1C1CCC(CN4C(=O)c5ccc(*)cc5C4=O)C31)C2=O,201.0,255.25937
*N=P(*)(Oc1cccc(C(F)(F)F)c1)Oc1cccc(C(F)(F)F)c1,-34.99999999999997,12.947823
*CC(*)(C)C(=O)OCCN(C)c1ccc(/N=N/c2ccc(/N=N/c3ccc(C#N)cc3)cc2C)cc1,120.0,171.01071
*C(=O)c1ccc(N(*)CCCCCCC)cc1,45.900000000000034,29.265717
*CC(*)C(=O)Nc1ccc(Cl)cc1,76.0,135.76028
*C1C(=O)N(C2CCCCC2)C(=O)C1*,232.0,186.63333
*C(=O)c1ccc(C(=O)c2ccc(Oc3ccc(C4(c5ccc(Oc6ccc(*)cc6)cc5)c5ccccc5-c5ccccc54)cc3)cc2)cc1,243.0,241.8097
*c1ccc(CNC(=O)OCc2ccc(COC(=O)NCc3ccc(C(*)(C)C)o3)o2)o1,55.0,95.25627
*Nc1ccc(NC(=O)c2cccc(C(=O)c3ccc(C(*)=O)cc3)c2)cc1,257.5,257.94406
*C(=O)c1ccc(NC(=O)c2ccc(C(=O)Nc3ccc(C(=O)c4c(C)c(C)c(*)c(C)c4C)cc3)cc2)cc1,345.0,270.95367
*c1cc(C)c(OC(=O)c2ccc(N3C(=O)CC(Nc4cccc(NC5CC(=O)N(c6ccc(C(=O)Oc7c(C)cc(C(*)c8cccnc8)cc7C)cc6)C5=O)c4)C3=O)cc2)c(C)c1,194.0,224.34781
*c1ccc(-c2ccc([Si](CCCC)(CCCC)[Si](*)(CCCC)CCCC)s2)s1,-19.99999999999997,-19.626328
*C(=O)c1ccc(N2C(=O)c3ccc(C(=O)c4ccc5c(c4)C(=O)N(c4cccc(Cc6ccc(*)cc6)c4)C5=O)cc3C2=O)cc1,254.0,261.9495
*C(CC1C(=O)OC(=O)C1*)OC1CCCCC1,201.0,76.2359
*CCC1C(=O)N(C)C(=O)C1*,141.20000000000005,140.48285
*CC(*)C(=O)OCC(CC)CCCC,-57.07499999999999,-63.832634
*Nc1ccc(Cc2ccc(NC(=O)OCCCCOC(*)=O)cc2)cc1,109.0,67.12192
*Nc1ccc(Oc2ccc(C(c3ccc(Oc4ccc(NC(=O)c5cc(C(*)=O)cc([N+](=O)[O-])c5)cc4)cc3)(C(F)(F)F)C(F)(F)F)cc2)cc1,232.0,221.15198
*Nc1ccc2c(c1)-c1cc(NC(=O)c3ccc4c(c3)C(=O)N(c3cccc(P(=O)(c5ccccc5)c5cccc(N6C(=O)c7ccc(C(*)=O)cc7C6=O)c5)c3)C4=O)ccc1C2,248.0,298.36414
*c1ccc(Oc2ccc(C(=O)Nc3cccc(Oc4ccc(NC(=O)c5ccc(Oc6ccc(C(C)(C)c7cccc(C(*)(C)C)c7)cc6)cc5)cc4)c3)cc2)cc1,147.0,196.68909
*Oc1ccc(C(=O)c2ccc(C(=O)c3ccc(Oc4ccc(*)cc4-c4cccc(C)c4)cc3)cc2)cc1,159.0,203.91098
*C=Cc1cccc(/C=C/[Si](C)(CCC(F)(F)F)c2cccc([Si](*)(C)CCC(F)(F)F)c2)c1,9.5,23.362602
*C(=O)c1ccc2c(c1)C(=O)N(c1cccc(Cc3ccc(Cc4cccc(N5C(=O)c6ccc(*)cc6C5=O)c4)cc3)c1)C2=O,240.0,246.10962
*CCC(C)C(*)C,-25.99999999999997,-35.017166
*CC(*)(C)C(=O)OCCCCCCCOc1ccc2cc(C(=O)Oc3ccccc3)ccc2c1,40.0,74.35083
*C(=O)NC(=O)Oc1ccc(C(C)(C)c2ccc(OC(=O)NC(=O)c3cc(*)cc(C(C)(C)C)c3)cc2)cc1,123.5,192.26816
*c1ccc(Oc2ccc(C(=O)Oc3ccc(C45CC6CC(CC(C6)C4)C5)c(OC(=O)c4ccc(Oc5ccc(C6(*)CCC(C(C)(C)C)CC6)cc5)cc4)c3)cc2)cc1,180.0,194.14459
*c1ccc(OC(=S)Oc2ccc(C(*)C)cc2)cc1,107.0,99.25998
*=Cc1ccc(Oc2ccc(S(=O)(=O)c3ccc(Oc4ccc(C5(c6ccc(Oc7ccc(S(=O)(=O)c8ccc(Oc9ccc(/C=C%10\CCC(=*)C%10=O)cc9)cc8)cc7)cc6)CCCC5)cc4)cc3)cc2)cc1,240.0,181.71191
*=C(C#N)c1ccc(C(=O)OCCC2CCN(C(=*)c3ccc(OC)cc3)CC2)cc1,167.0,148.66264
*CC(*)(C)C(=O)OC1CCCC1,75.0,107.945816
*Nc1ccc(Oc2ccc(Nc3ccc4c(c3)c3cc(*)ccc3n4CC(CC)CCCC)cc2)cc1,220.0,135.93472
*c1ccc(OC(=O)CCCCCCCCC(=O)Oc2ccc(C(*)(CC)c3ccccc3)cc2)cc1,88.0,61.271976
*CC(*)c1ccc(C)c(C)c1,110.85000000000002,118.528336
*Oc1ccc(OC(=O)c2ccc(C(*)=O)cc2Sc2ccc3ccccc3c2)cc1,148.0,161.85907
*Oc1ccc(C=Cc2ccc(Oc3ccc(-c4nnc(-c5ccc(*)c6ccccc56)o4)c4ccccc34)c3ccccc23)cc1,241.0,231.83887
*OC(=O)c1ccc(OCCCCOc2ccc(C(*)=O)cc2)cc1,45.0,41.57468
*c1ccc(NC(=O)c2cccc(C(=O)Nc3ccc(C(*)(C)C)cc3)c2)cc1,279.0,260.15265
*CC(C)(C)C1C(=O)N(CCCC)C(=O)C1*,80.0,101.845604
*COC(=O)OC(*)COCCOC,-49.99999999999997,-40.748627
*Cc1ccc(C(=O)NCCCCCNC(*)=O)cc1,103.0,77.28913
*c1ccc2c(c1)C(=O)N(c1ccc(OCCCCCCOc3ccc(N4C(=O)c5ccc(C(*)(C(F)(F)F)C(F)(F)F)cc5C4=O)cc3)cc1)C2=O,167.0,188.12659
*CC(*)OC(=O)c1cccnc1,86.5,71.27141
*O[Si](O[Si](C)(C)c1ccc([Si](*)(C)C)cc1)(c1ccccc1)c1ccccc1,0.0,30.260544
*Nc1ccc(-c2c(-c3ccc(-c4ccccc4)cc3)cc(-c3ccc(OCCCCCCCCCCOc4ccc(-c5cc(-c6ccc(-c7ccccc7)cc6)c(-c6ccc(NC(=O)c7ccc(C(*)=O)cc7)cc6)c(-c6ccc(-c7ccccc7)cc6)c5)cc4)cc3)cc2-c2ccc(-c3ccccc3)cc2)cc1,111.0,200.83224
*c1cc(C)c(OC(=O)CCCCC(=O)Oc2c(C)cc(*)cc2C)c(C)c1,108.0,104.61397
*NC(=O)CCCCCCCCC(=O)Nc1cc([N+](=O)[O-])c(*)cc1/C=C/c1ccc(N(C)C)cc1,159.0,123.684166
*CCCN1C(=O)c2ccc(-c3ccc4c(c3)C(=O)N(CCC[Si](C)(C)O[Si](*)(C)C)C4=O)cc2C1=O,75.0,107.14763
*c1ccc2c(c1)C(=O)N(c1ccc(-c3ccc(N4C(=O)c5ccc(*)cc5C4=O)cc3C(F)(F)F)c(C(F)(F)F)c1)C2=O,323.75,318.49677
*N=Cc1ccc(-c2ccc(-c3ccc(/C=N/c4cccc(*)c4)cc3)s2)cc1,150.0,183.0274
*c1ccc(Oc2ccc(S(=O)(=O)c3ccc(Oc4ccc(C(*)(C)C)cc4)c([N+](=O)[O-])c3)cc2[N+](=O)[O-])cc1,206.0,214.78796
