smiles,tg_true,tg_pred
*CC(*)c1ccc(C(=O)N2CCCCC2)cc1,114.0,139.72787
*OC(=O)c1ccc(Oc2ccc(C3(c4ccc(Oc5ccc(C(=O)Oc6ccc(-c7ccc(*)cc7C)c(C)c6)cc5)cc4)CCC(C(C)(C)C)CC3)cc2)cc1,163.0,176.33696
*c1ccc(Oc2ccc(S(=O)(=O)c3ccc(Oc4ccc(-c5c6c(c(*)c7ccccc57)C(=O)N(c5ccc(F)cc5)C6=O)cc4)cc3)cc2)cc1,300.0,270.612
*c1ccc(-c2ccc(-c3sc(-c4ccc([Si](CCCC)(CCCC)c5ccc(-c6cc(CCCCCCCC)c(*)s6)s5)s4)cc3CCCCCCCC)s2)s1,-1.0,29.744156
*CC(*)C(=O)c1ccc(Br)c(OC)c1,44.0,121.83707
*C#Cc1ccc(-c2nnc(-c3ccc(C#Cc4cc(OCCCCCCCC)c(*)cc4OCCCCCCCC)cc3)o2)cc1,130.0,99.0117
*OC1COC2C(OC(=O)c3cccc(OCCCCCCCCCCOc4cccc(C(*)=O)c4)c3)COC12,30.0,73.68279
*CC(*)OC(=O)CCCC1CCCCC1,-10.0,-6.4811096
*c1ccc(C)c(N2C(=O)c3ccc(S(=O)(=O)c4ccc5c(c4)C(=O)N(*)C5=O)cc3C2=O)c1,348.0,323.62637
*CC(*)C(=O)OCC(C)O,-7.0,-10.892426
*NNC(=O)c1ccccc1C(=O)Nc1cccc(C=C2CCCC(=Cc3cccc(NC(=O)c4ccccc4C(*)=O)c3)C2=O)c1,195.0,254.48328
*CC(*)c1cc(OC)c(O)c(OC)c1,147.0,84.641914
*=Cc1ccc(N(c2ccccc2)c2ccc(C=C(c3ccc(OC)cc3)c3ccc(C(=*)c4ccc(OC)cc4)cc3)cc2)cc1,197.0,191.061
*C(=O)c1ccc(Oc2ccc(-c3nc4ccccc4n3-c3ccc(-n4c(-c5ccc(Oc6ccc(*)cc6)cc5)nc5ccccc54)cc3)cc2)cc1,242.0,260.07425
*=Nc1cccc(Oc2cccc(Oc3cccc(N=C4OC(=O)c5ccc(C(=O)c6ccc7c(c6)C(=*)OC7=O)cc54)c3)c2)c1,190.0,210.08711
*Nc1cc(NC(=O)Nc2cccc3c(NC(*)=O)cccc23)cc(C(=O)Nc2ccc3c(c2)C(=O)c2ccccc2C3=O)c1,178.0,317.0891
*C(=O)NCc1cccc(CNC(=O)c2cc(*)cc(C(C)(C)C)c2)c1,192.0,169.13943
*CC(*)c1ccc(COCCC(F)(F)C(F)(F)C(F)(F)C(F)(F)C(F)(F)C(F)(F)F)cc1,18.0,34.066616
*C(F)(F)C(*)(OC(F)(F)F)OC(F)(F)F,-59.99999999999997,11.480255
*Nc1ccc(-c2cc(-c3ccccc3)cc(-c3ccc(NC(=O)c4ccc5c(c4)C(=O)N(c4ccc(Oc6cccc7c(N8C(=O)c9ccc(C(*)=O)cc9C8=O)cccc67)cc4)C5=O)cc3)n2)cc1,295.0,312.91425
*Nc1ccc(Oc2ccc(C3(c4ccc(Oc5ccc(NC(=O)c6ccc(C(*)=O)c7ccccc67)cc5)cc4)C4CC5CC(C4)CC3C5)cc2)cc1,269.0,246.76666
*CC(*)C(=O)Oc1ccc(C(=O)c2ccc(Cl)cc2)cc1,78.0,131.2366
*O[Si](*)(C)C=C,-128.99999999999997,-69.924324
*CCNC(=O)c1ccc(C(=O)NCC(C)CC(*)CC)cc1,139.0,84.480316
*[Si](*)(C)CCCOCC1COC(C)(C)O1,-47.99999999999997,-58.198357
*Nc1ccc(C2(c3ccc(NC(=O)c4ccc5c(c4)C(=O)N(c4ccc(Oc6cccc(Oc7ccc(N8C(=O)c9ccc(C(*)=O)cc9C8=O)cc7)c6)cc4)C5=O)cc3)c3ccccc3-c3ccccc32)cc1,278.0,300.62677
*CCCN1C(=O)CC(*)CC1=O,90.0,120.77147
*c1ccc(Oc2cccc3c2C(=O)N(c2ccc(Oc4cccc(Oc5ccc(N6C(=O)c7cccc(Oc8cccc(C(*)(C)C)c8)c7C6=O)cc5)c4)cc2)C3=O)cc1,202.0,230.42526
*CC(*)(C)C(=O)OCCOc1ccc(-c2ccc(-c3ccc(C#N)cc3)cc2)cc1,115.0,95.0765
*C(=O)c1ccc(C(=O)O)c(C(=O)Nc2ccc(NC(=O)c3cc(*)ccc3C(=O)O)cc2)c1,213.20000000000005,260.79022
*CN(CC(*)O)c1ccc(/N=N/c2ccc(Cl)cc2)cc1,160.0,166.78464
*CCC(=O)OCCOC(*)=O,-8.625,-26.68084
*c1cccc(Oc2cccc(Oc3cccc(N4C(=O)c5c(c(-c6ccccc6)c(-c6ccc(-c7c(-c8ccccc8)c8c(c(-c9ccccc9)c7-c7ccccc7)C(=O)N(*)C8=O)cc6)c(-c6ccccc6)c5-c5ccccc5)C4=O)c3)c2)c1,280.0,275.48596
*CCOc1ccc(-c2nc3ccc(Oc4ccc5nc(-c6ccc(OCCN(*)c7ccc(/C=C/c8ccc([N+](=O)[O-])cc8)cc7)cc6)c(-c6ccccc6)nc5c4)cc3nc2-c2ccccc2)cc1,201.0,205.70679
*CC(*)(CC(=O)OCCCCCCCCC)C(=O)OCCCCCCCCC,-13.0,-43.988487
*CC(*)Cl,78.42500000000001,33.327915
*c1ccc(C(=O)Oc2cccc(OC(=O)c3ccc(C(*)(C)C)cc3)c2)cc1,158.0,188.69633
*CC(*)(C)C(=O)OCCCCCC(=O)Oc1ccc(OC(=O)c2ccc(OCCC)cc2)cc1,45.0,37.97364
*CC(*)C(=O)OCCC#N,4.0,-9.438652
*CCC1(CCC(=O)N2CCN(C(*)=O)CC2)c2ccccc2-c2ccccc21,145.0,167.04688
*=C1C(=O)N(CC(CCCCCCCC)CCCCCCCCCC)c2cc(-c3ccc(-c4ccc(-c5ccc6c(c5)N(CC(CCCCCCCC)CCCCCCCCCC)C(=O)C6=*)s4)s3)ccc21,65.0,69.9336
*C(=O)c1ccc2c(c1)C(=O)N(c1ccc(Cc3ccccc3N3C(=O)c4ccc(*)cc4C3=O)cc1)C2=O,290.0,293.59814
*CC(*)(C)C(=O)OC1CC2CCC1(C)C2(C)C,180.5,183.32439
*c1ccc(-c2nnc(-c3ccc([Si](*)(c4ccccc4)c4ccccc4)cc3)o2)cc1,262.0,195.5007
*c1ccc(N2C(=O)c3ccc(Oc4ccc5c(c4)C(=O)N(c4ccc(Oc6c(C(C)(C)C)cc(*)cc6C(C)(C)C)cc4)C5=O)cc3C2=O)cc1,342.0,261.73807
*Nc1ccc(Oc2ccc(N3C(=O)c4ccc(Oc5ccc(C(*)=O)cc5)cc4C3=O)cc2)cc1,262.0,241.81818
*CC(*)(C)C(=O)NC(=O)OCCOc1ccc(S(=O)(=O)c2ccc(OCCO)cc2)cc1,131.0,81.24843
*CCCCCCCCCCN1C(=O)c2ccc(C(=O)Oc3ccc(-c4ccc(OC(*)=O)cc4)cc3)cc2C1=O,61.0,92.15175
*Oc1ccc(-n2c(=O)c3cc4c(=O)n(-c5ccc(Oc6ccc(*)cc6C)cc5)c(=O)c4cc3c2=O)cc1,310.0,278.03607
*Oc1ccc(-c2ccc(Oc3cccc4c3C(=O)N(c3cccc(N5C(=O)c6cccc(*)c6C5=O)c3)C4=O)cc2)cc1,275.0,293.93658
*NC(CCC(=O)OCc1ccccc1)C(*)=O,17.0,78.95444
*CC(*)(C)C(=O)OCCS(=O)(=O)c1ccc(/N=N/c2ccc(N(CC)CC)cc2)cc1,142.0,105.22697
*c1ccc(C(=O)c2ccc(Sc3ccc(C(=O)c4ccc(C(*)(C)C)cc4)cc3)cc2)cc1,175.0,191.47984
*CC(*)c1ccc(-c2ccccc2)cc1,137.85000000000002,153.50089
*NC(=O)c1ccc2c(c1)C(=O)N(C1CC(=O)N(c3cc(C)ccc3*)C1=O)C2=O,237.0,333.48102
*c1ccc2c(c1)C(=O)N(C1CCC(CC3CCC(N4C(=O)c5ccc(C(*)(C(F)(F)F)C(F)(F)F)cc5C4=O)CC3)CC1)C2=O,265.0,237.51831
*CC1C(=O)OC(=O)C1C(*)OCC,146.0,86.98464
*CC(*)C(=O)OCCCCOc1ccc(-c2ccc(C#N)cc2)cc1,30.0,35.025856
*N=P(*)(OCC1COCCOCCOCCOCCOCCO1)OCC1COCCOCCOCCOCCOCCO1,-39.99999999999997,-44.753822
*=Cc1ccc(OCCCCCCOc2ccc(/C=C3\CCCC(=*)C3=O)cc2)cc1,116.0,70.70546
*Oc1ccc2c(c1)C(=O)N(c1cccc(P(=O)(c3ccc(C(F)(F)F)cc3)c3cccc(N4C(=O)c5ccc(*)cc5C4=O)c3)c1)C2=O,248.0,293.38428
*COC(=O)OCC(OC(=O)Oc1ccc(C(=O)OC)cc1)C(*)OC(=O)Oc1ccc(C(=O)OC)cc1,90.90000000000003,81.39058
*OCCOCCOC(=O)c1ccccc1C(*)=O,-49.99999999999997,6.378685
*c1cccc(Oc2ccc(C(c3ccc(Oc4cccc(-n5c(=O)c6cc7c(=O)n(*)c(=O)c7cc6c5=O)c4)cc3)(C(F)(F)F)C(F)(F)F)cc2)c1,226.5,255.89343
*c1ccc2c(c1)C(=O)N(c1ccc(Cc3ccc(N4C(=O)c5ccc([Si](*)(C)C)cc5C4=O)cc3)cc1)C2=O,280.0,243.88776
*CC(*)c1ccccc1COCCCC,67.0,3.2126465
*NCC1CCC(CNC(=O)c2cccc(C(*)=O)c2)CC1,208.0,138.36105
*c1ccc(NC2CC(=O)N(c3ccc(-c4sc(-c5ccc(N6C(=O)CC(Nc7ccc(-c8nc(C#N)c(C#N)nc8*)cc7)C6=O)cc5)c(-c5ccccc5)c4-c4ccccc4)cc3)C2=O)cc1,231.0,313.80206
*c1ccc(OC(=O)c2ccc(S(=O)(=O)c3ccc(C(=O)Oc4ccc(C(*)(C)C)cc4)cc3)cc2)cc1,220.0,181.80032
*CC(CC(*)(C#N)C#N)c1ccc(F)cc1,180.0,114.981995
*NCCCCCCCCCCCCNC(=O)c1ccc(-c2nc3ccccc3nc2-c2ccc(C(*)=O)cc2)cc1,154.0,162.51773
*CC(*)C(=O)OCC1(CC)COC(c2ccccc2)OC1,50.0,43.743877
*Oc1cccc2c1C(=O)N(c1ccc(Oc3ccc(Oc4ccc(N5C(=O)c6ccc(*)cc6C5=O)cc4)cc3)cc1)C2=O,249.0,252.13611
*Nc1ccc(-c2ccc(NC(=O)c3ccc4c(c3)C(=O)N(c3cccc(P(=O)(c5ccccc5)c5cccc(N6C(=O)c7ccc(C(*)=O)cc7C6=O)c5)c3)C4=O)cc2)cc1,253.0,325.884
*CCc1c(Cl)cc(*)cc1Cl,110.0,91.123886
*OCCN(CCOC(=O)c1cc(OC2CCN(c3ccc(S(=O)(=O)C(F)(F)C(F)(F)C(F)(F)C(F)(F)C(F)(F)C(F)(F)C(F)(F)C(F)(F)F)cc3)CC2)cc(C(*)=O)c1)c1ccc(S(=O)(=O)C(F)(F)C(F)(F)C(F)(F)C(F)(F)C(F)(F)C(F)(F)C(F)(F)C(F)(F)F)cc1,99.0,102.761604
*OCCCCCCCCCCOC(=O)OCCCCCCOc1ccc(Oc2ccc(OCCCCCCOC(*)=O)cc2)cc1,-21.99999999999997,-10.869003
*CC(*)(C)C(=O)OCCOC,24.0,-15.803322
*CC(*)OCCCCCCCCCCCOc1ccc(C(=O)Oc2ccc(C#N)cc2)cc1,37.0,16.729126
*Nc1ccc(S(=O)(=O)c2ccc(NC(=O)c3ccc(Oc4nc(Oc5ccc(C(*)=O)cc5)nc(Sc5ccccc5)n4)cc3)cc2)cc1,310.0,231.05807
*O[Si](C)(C)c1cccc(C(F)(F)C(F)(F)C(F)(F)c2cccc([Si](*)(C)C)c2)c1,-8.0,-9.764847
*CCC1C(=O)N(CCCCCCCCCCCCCCCCCC)C(=O)C1*,67.10000000000002,8.0828705
*c1ccc(Oc2ccc(S(=O)(=O)c3ccc(Oc4ccc(C(*)(C)C)cc4)cc3)cc2)cc1,186.0,170.33092
*c1cc(-n2c(=O)c3cc4c(=O)n(*)c(=O)c4cc3c2=O)c(O)cc1O,362.0,341.06232
*CCCCCCCCC(=O)OCC#CCOC(*)=O,-26.49999999999997,-45.12522
*Oc1ccc2ccccc2c1-c1c(OC(=O)c2ccc(N3C(=O)c4ccc(C(=O)Oc5ccc6ccccc6c5-c5c(OC(=O)c6ccc7c(c6)C(=O)N(c6ccc(C(*)=O)cc6)C7=O)ccc6ccccc56)cc4C3=O)cc2)ccc2ccccc12,266.5,233.4779
*CC(*)C(=O)N(C)C,114.0,50.386997
*COc1ccc(N2C(=O)c3ccc(C(c4ccc5c(c4)C(=O)N(c4ccc(OC(*)CCC)cc4)C5=O)(C(F)(F)F)C(F)(F)F)cc3C2=O)cc1,204.0,215.98419
*C(=O)OCCCCCCOc1ccc(-n2on2-c2ccc(OCCCCCCOC(=O)C(*)CCCCCCCCCCP(=O)(OCC)OCC)cc2)cc1,9.0,15.802643
*N=P1(*)Oc2ccccc2-c2ccccc2O1,160.0,177.37369
*C=C(C#N)c1cc(OCCCCCCCCCCCCCCCC)c(C(C#N)=Cc2cc(OCCCCCCCCCCCCCCCC)c(*)cc2OC)cc1OC,190.0,43.513233
*c1ccc(-n2nccc2-c2cccc(-c3ccnn3-c3ccc(S(*)(=O)=O)cc3)c2)cc1,218.0,232.92108
*Oc1ccc(OC(=O)c2ccc(C(*)=O)cc2Oc2ccc(Br)cc2)cc1,108.0,177.8051
*=NP(=NP(=NS(=*)Oc1ccc(-c2ccccc2)cc1)(Oc1ccc(-c2ccccc2)cc1)Oc1ccc(-c2ccccc2)cc1)(Oc1ccc(-c2ccccc2)cc1)Oc1ccc(-c2ccccc2)cc1,69.0,145.1288
*CCC(F)(F)CC[Si](C)(CCC(F)(F)F)O[Si](*)(C)CCC(F)(F)F,-37.99999999999997,-99.203255
*CC(*)(C)C(=O)OCCCCCCCCCC,-63.82499999999999,-27.820595
*c1cc(C)c(O[Si](C)(C)CC[Si](C)(C)Oc2c(C)cc(*)cc2C)c(C)c1,55.0,10.908333
*CC(*)(CC(=O)OCCOCCOC)C(=O)OCCOCCOC,-40.49999999999997,-56.15026
*Oc1ccc2cc(OC(=O)c3ccc4c(c3)C(=O)N(CCOCCOCCN3C(=O)c5ccc(C(*)=O)cc5C3=O)C4=O)ccc2c1,105.0,175.30109
*CN1C(=O)c2ccc(C(c3ccc4c(c3)C(=O)N(CC(=O)Nc3ccc(Oc5ccc(-c6ccc(Oc7ccc(NC(*)=O)cc7)cc6)cc5)cc3)C4=O)(C(F)(F)F)C(F)(F)F)cc2C1=O,245.0,245.4689
*c1ccc2c(c1)C(=O)N(c1ccc(N3C(=O)c4ccc(C(*)(C(F)(F)F)C(F)(F)F)cc4C3=O)c(C(F)(F)F)c1)C2=O,366.0,281.00485
*NCCCCCc1nc2cc(-c3ccc4[nH]c(CCCCCNc5nc(*)nc(N(CC)CC)n5)nc4c3)ccc2[nH]1,190.0,170.99542
*c1ccc(CCCCc2ccc(-c3c(-c4ccccc4)cc(-c4ccc(-c5cc(-c6ccccc6)c(*)c(-c6ccccc6)c5-c5ccccc5)cc4)c(-c4ccccc4)c3-c3ccccc3)cc2)cc1,205.0,229.64655
*CC(COc1ccccc1)OC(*)=O,20.0,20.063316
*CC(=O)C(*)c1ccc(C(C)(C)C)cc1,158.0,133.54996
*c1ccc2ncc(-c3ccc(-c4cnc5ccc(S(*)(=O)=O)cc5n4)cc3)nc2c1,342.0,264.7133
*CC1C(=O)OC(=O)C1C(*)OC,153.5,111.19661
*CC(*)(C)C(=O)OCCCCCCCCCCCCOc1ccc2cc(C(=O)Oc3ccccc3)ccc2c1,12.0,43.169014
*Oc1ccc(Oc2ccc3c(c2)C(=O)N(c2ccc(Oc4ccc(S(=O)(=O)c5ccc(Oc6ccc(N7C(=O)c8ccc(*)cc8C7=O)cc6)cc5)cc4)cc2)C3=O)cc1,201.0,224.73068
*c1ccc(Cc2ccc(S(*)(=O)=O)cc2)cc1,227.5,139.80055
*CC(COC)O*,-62.14999999999998,-43.001816
*c1ccc(Oc2ccc(S(=O)(=O)c3ccc(Oc4ccc(C(*)(C)C)cc4)s3)cc2)cc1,161.85000000000002,155.4912
*N=P(*)(N(C)C)N(C)C,-4.0,-24.484756
*CC(*)(C)C(=O)NC(C)c1cccc2ccccc12,171.0,161.19788
*/C=C(/*)CCCOc1ccc(OC(=O)c2ccc(OCCCCCCCC)cc2)cc1,42.0,26.36134
*NC(=O)OC1CCN(c2ccc(/C=C/C3=CC(=C(C#N)C#N)C=C(/C=C/c4ccc(N5CCC(OC(=O)Nc6ccc(C)c(*)c6)CC5)s4)O3)s2)CC1,212.0,149.388
*c1ccc2nc(-c3ccc(-c4nc5ccc(S(*)(=O)=O)cc5nc4-c4ccccc4)cc3)c(-c3ccccc3)nc2c1,345.0,319.3881
*c1ccc(CCCCc2ccc(-c3c(-c4ccccc4)cc(-c4cccc(-c5cc(-c6ccccc6)c(*)c(-c6ccccc6)c5-c5ccccc5)c4)c(-c4ccccc4)c3-c3ccccc3)cc2)cc1,180.0,227.4549
*CC(*)(C)C(=O)OCc1ccc(Cl)c(Cl)c1,34.450000000000045,61.969826
*Nc1cc(NC(=O)c2ccc(C(*)=O)cc2)cc(C(=O)Oc2ccc(-c3ccccc3)cc2)c1,178.0,237.52377
*Oc1ccc(-c2ccc(O[Si](*)(c3ccccc3)c3ccccc3)cc2)cc1,132.25,115.154015
*Oc1ccc(-c2ccc(Oc3c(F)c(F)c(COC(c4cccc(C(OCc5c(F)c(F)c(*)c(F)c5F)(C(F)(F)F)C(F)(F)F)c4)(C(F)(F)F)C(F)(F)F)c(F)c3F)cc2)cc1,110.0,170.23923
*Oc1ccc(S(=O)(=O)c2ccc(Oc3cccc4c3C(=O)N(c3ccc(Oc5cccc(Oc6ccc(N7C(=O)c8cccc(*)c8C7=O)cc6)c5)cc3)C4=O)cc2)cc1,230.0,245.55835
*C(=O)c1ccc2c(c1)C(=O)N(c1cc(N3C(=O)c4ccc(*)cc4C3=O)ccc1OCC(F)(F)C(F)(F)C(F)(F)C(F)(F)C(F)(F)C(F)(F)C(F)(F)C(F)(F)C(F)(F)C(F)(F)F)C2=O,194.0,207.22093
*c1ccc(OC(=S)Oc2ccc(C(*)(CC)c3ccccc3)cc2)cc1,173.0,117.47844
*NCCc1ccc(OC(=O)c2cccc(C(=O)Oc3ccc(CCNC(=O)c4cccc(C(*)=O)c4)cc3)c2)cc1,147.0,129.0417
*c1ccc2c(c1)C(=O)N(c1cccc(N3C(=O)c4ccc(-c5ccc6c(c5)C(=O)N(c5cccc(N7C(=O)c8ccc(C(*)(C(F)(F)F)C(F)(F)F)cc8C7=O)c5)C6=O)cc4C3=O)c1)C2=O,308.0,302.9053
*Oc1ccc(C(=O)O)c(C(=O)Nc2ccc(NC(=O)c3cc(*)ccc3C(=O)O)cc2)c1,166.3,267.13495
*c1ccc(N2C(=O)c3ccc(Oc4ccc(C5(c6ccc(Oc7ccc8c(c7)C(=O)N(c7ccc(N(*)c9ccc(C#N)cc9)cc7)C8=O)cc6)CCCCC5)cc4)cc3C2=O)cc1,243.0,231.32458
*C[Si](*)(CCCC)CCCC,-29.99999999999997,-103.95614
*CCC1C(=O)N(CCC)C(=O)C1*,90.40000000000003,98.454254
*CCOC(=O)NCC1(C)CC(NC(=O)OCCN(*)c2ccc(/N=N/c3ccc(B(c4c(C)cc(C)cc4C)c4c(C)cc(C)cc4C)cc3)cc2)CC(C)(C)C1,146.0,135.7287
*C(=O)OCC(COc1ccc(/N=N/c2ccc(C#N)cc2)cc1)OC(=O)c1cc(C)ccc1*,124.0,108.18675
*OC(*)C,-19.49999999999997,-11.749092
*OC(=O)c1cc(OCCCc2ccccc2)c(C(=O)Oc2ccc(*)cc2C)cc1OCCCc1ccccc1,91.0,65.75763
*c1ccc(-c2ccc(-c3cnc4ccc(-c5ccc6ncc(-c7ccc(*)cc7)nc6c5)cc4n3)cc2)cc1,305.0,254.50555
*CCCCCCCCCCCC(=O)NCCCCCCCCCCCCCNC(*)=O,56.5,-15.336388
*c1ccc(Oc2ccc(-c3ccc(Oc4ccc(S(=O)(=O)c5ccc(-c6ccc(-c7ccc(S(*)(=O)=O)cc7)cc6)cc5)cc4)cc3)cc2)cc1,264.0,221.08871
*CSCC(*)(CC)CC,-36.24999999999997,-21.226921
*CC(*)(C)C(=O)OCCCCCCOc1cccc(C(=O)Oc2ccc(C#N)cc2)c1,38.0,35.850277
*=CCCCC(=*)c1ccc(Cl)cc1,16.0,51.26173
*Nc1ccc(Cc2ccc(NC(=O)OCc3ccc(COC(*)=O)o3)cc2)cc1,81.0,107.82779
*CC(O)CN(CC(O)CN(*)c1ccc(/N=N/c2ccc([N+](=O)[O-])cc2)cc1)c1ccccc1,70.0,135.4391
*CCCCCn1c(=O)c2cc3c(=O)n(CCCCCC(=O)Oc4ccc(OC(*)=O)cc4Cl)c(=O)c3cc2c1=O,87.0,139.47525
*c1ccc(OCCN(C)c2ccc(/C=C/C3=CC(=C(/C#N)C(=O)OC)/CC(C)(C)C3)cc2)c(N2C(=O)c3ccc(Oc4ccc5c(c4)C(=O)N(c4cc(C(*)(C(F)(F)F)C(F)(F)F)ccc4OCCN(c4ccccc4)c4ccc(/C=C/C6=CC(=C(/C#N)C(=O)OC)/CC(C)(C)C6)cc4)C5=O)cc3C2=O)c1,207.0,172.18106
*COCC(*)(C)COCC(F)(F)C(F)(F)C(F)(F)F,-44.99999999999997,-42.594368
*C=CC1=CC(=C(C#N)C#N)C=C(/C=C/c2sc(-c3ccc(-c4ccc(-c5ccc(-c6sc(*)c(CCCCCC)c6CCCCCC)s5)s4)s3)c(CCCCCC)c2CCCCCC)O1,134.0,58.816803
*C(=O)c1ccc(C(=O)c2ccc(Oc3ccc(-c4nc5ccccc5n4-c4ccc(-c5ccc(-n6c(-c7ccc(Oc8ccc(*)cc8)cc7)nc7ccccc76)cc5)cc4)cc3)cc2)cc1,259.0,260.50906
*c1ccc(-c2ccc(N(*)c3ccc(C)cc3)cc2)cc1,85.0,129.70892
*CC=CC[Si](*)(C)c1ccccc1,-1.0,-46.046074
*COC(=O)c1ccc(C(=O)OC(*)COc2ccc(/N=N/c3ccc(C#N)cc3)cc2)cc1,122.0,111.85453
*c1ccc(Oc2ccc(S(=O)(=O)c3ccc(-c4ccc(S(=O)(=O)c5ccc(Oc6ccc(S(*)(=O)=O)cc6)cc5)cc4)cc3)cc2)cc1,267.0,223.22559
*c1ccc(Oc2ccccc2Oc2ccc(-n3c(=O)c4cc5c(=O)n(*)c(=O)c5cc4c3=O)cc2)cc1,313.0,265.48148
*Cc1ccc(OC(=O)COCC(=O)Oc2ccc(CCC(=O)NC(*)C(=O)OCCCCCC)cc2)cc1,45.0,38.986053
*Sc1ccc(Sc2ccc(Sc3cccc4c3C(=O)N(N3C(=O)c5ccc(*)cc5C3=O)C4=O)cc2)cc1,242.0,245.25821
*Nc1ccc(Cc2ccc(NC(=O)OCc3cocc3COC(*)=O)cc2)cc1,45.0,106.22478
*NCCCCCCNC(=O)OCCCCCCCCOC(*)=O,58.0,-7.059227
*c1ccc2c(c1)C(=O)N(C(=S)Nc1ccc(Oc3ccc(NC(=S)N4C(=O)c5ccc(C(*)(C(F)(F)F)C(F)(F)F)cc5C4=O)cc3)cc1)C2=O,260.0,253.69595
*CCCCCCCCC(=O)OCCOC(=O)c1ccc(C(=O)OCCOC(*)=O)cc1,-6.5,-2.6921692
*Nc1ccc(Cc2ccc(NC(=O)OCCCOC(*)=O)cc2)cc1,119.0,96.8362
*C(=O)Nc1ccc(NC(=O)c2cc(*)c(C(=O)O)cc2C(=O)O)cc1,283.4,291.2652
*c1ccc(-c2cnc3ccc(-c4ccc5ncc(*)nc5c4)cc3n2)cc1,376.0,230.55923
*c1ccc(OC(=O)CCCCC(=O)Oc2ccc(C(*)(C)C)cc2C)c(C)c1,33.5,75.59476
*c1cc(C(C)(C)c2ccc(O)cc2)cc(*)c1O,135.0,154.62164
*CCCCCC(c1ccc(O)cc1)C(*)c1ccc(O)cc1C,16.0,67.04407
*C=CC1CC(*)CC1(C#N)CCC,108.0,39.776443
*CCCCCN1C(=O)c2ccc(C(=O)c3ccc4c(c3)C(=O)N(CCCCCC(=O)Nc3ccc(NC(*)=O)cc3)C4=O)cc2C1=O,200.0,191.47792
*c1ccc(OCCN(C)c2ccc(/C=C/C3=CC(=C(/C#N)C(=O)OCCc4ccccc4)/CC(C)(C)C3)cc2)c(N2C(=O)c3ccc(Oc4ccc5c(c4)C(=O)N(c4cc(C(*)(C(F)(F)F)C(F)(F)F)ccc4OCCN(c4ccccc4)c4ccc(/C=C/C6=CC(=C(/C#N)C(=O)OCCc7ccccc7)/CC(C)(C)C6)cc4)C5=O)cc3C2=O)c1,177.0,172.45612
*OCCCCCCCCOC(=O)OC1COC2C(OC(*)=O)COC12,19.5,17.960274
*C=Cc1ccc(-c2nnc(-c3ccc(C=Cc4ccc5c(c4)c4cc(*)ccc4n5CCCCCCCC)cc3)n2-c2ccccc2)cc1,147.0,191.41275
*Nc1ccc(Oc2ccc3nc(-c4ccccc4)c(-c4ccc(Oc5ccc(-c6nc7cc(Oc8ccc(NC(=O)c9cc(C(*)=O)cc(N%10C(=O)c%11ccccc%11C%10=O)c9)cc8)ccc7nc6-c6ccccc6)cc5)cc4)nc3c2)cc1,260.0,278.35092
*c1ccc(Oc2ccc(C(=O)c3ccc(C(=O)c4ccc(Oc5ccc(C(*)(C)C)cc5)cc4)cc3)cc2)cc1,160.0,176.33968
*Oc1c(F)c(F)c(-c2c(F)c(F)c(Oc3ccc(*)cc3S(=O)(=O)O)c(F)c2F)c(F)c1F,120.0,257.76852
*Nc1nc(NC(=O)c2ccc3c(c2)C(=O)N(c2ccc(Oc4cccc5c(N6C(=O)c7ccc(C(*)=O)cc7C6=O)cccc45)cc2)C3=O)nc(-c2ccccc2)n1,291.0,314.69824
*CC(*)(C)C(=O)OCCCCCC(=O)Oc1ccc(OC(=O)c2ccc(OCCCCCC)cc2)cc1,44.0,24.224483
*C(=O)c1cccc(C(=O)c2ccc(Oc3ccc(*)cc3C)c(C(C)C)c2)c1,147.0,145.0338
*CCCCCCCCCC(=O)NCc1ccc(CNC(*)=O)cc1,110.0,43.79903
*C(=O)c1ccccc1-n1c(=O)c2cc3c(=O)n(-c4ccc(*)cc4)c(=O)c3cc2c1=O,321.0,318.88602
*OCCOc1ccc(C(*)=O)cc1,84.0,43.35283
*CC(*)c1ccc(C(F)(F)C(F)(F)C(F)(F)C(F)(F)C(F)(F)C(F)(F)C(F)(F)F)cc1,42.0,97.9911
*CC(*)OC(=O)c1cccc(Br)c1,57.5,97.19495
*c1ccc(OCC(O)COc2cccc(NC(=O)Cc3cccc(CC(=O)Nc4cccc(OCC(O)COc5ccc(C(*)(C)C)cc5)c4)c3)c2)cc1,119.0,126.09827
*NCCCCCCCCCCCCNC(=O)c1ccc(C(*)=O)cc1,130.0,91.05242
*CC(c1ccccc1)C1C(=O)N(CCCOc2ccc(-c3ccc(C#N)cc3)cc2)C(=O)C1*,130.0,168.19943
*CCOCOCC*,-83.99999999999997,-39.781967
*c1ccc(C2(c3ccc(-c4cc(-c5ccccc5)c5cc(C6(c7ccc8nc(*)cc(-c9ccccc9)c8c7)c7ccccc7-c7ccccc76)ccc5n4)cc3)c3ccccc3-c3ccccc32)cc1,390.0,305.22885
*Oc1ccc(S(=O)(=O)c2ccc(OP(*)(=O)Oc3ccc(C)cc3)cc2)cc1,66.0,163.22635
*OCC1CCCC(COC(=O)c2ccc(C(*)=O)cc2)C1,75.0,56.127155
*C=Cc1cccc(/C=C/[Si](C)(C)c2cccc([Si](*)(C)C)c2)c1,28.700000000000045,2.146103
*Oc1ccc(C2(c3ccc(Oc4ccc5c(c4)C(=O)N(c4ccc(Oc6ccc(C7(c8ccc(Oc9ccc(N%10C(=O)c%11ccc(*)cc%11C%10=O)cc9)cc8)CC8CCC7C8)cc6)cc4)C5=O)cc3)CCC(c3ccccc3)CC2)cc1,245.0,226.82205
*Oc1ccc(Oc2ccc(Oc3ccc(Oc4ccc(-c5ccc(*)c6ccccc56)c5ccccc45)cc3)cc2)cc1,147.0,188.47025
*OCCCCOc1ccc(-c2ccc(*)c3ccccc23)c2ccccc12,130.0,106.58763
*c1ccc(Oc2ccc(S(=O)(=O)c3ccc(Oc4ccc(C(*)(C)C)cc4[N+](=O)[O-])cc3)cc2)cc1,190.0,208.1517
*Oc1ccc(Sc2ccc(Oc3cccc4c3C(=O)N(c3cccc(N5C(=O)c6cccc(*)c6C5=O)c3)C4=O)cc2)cc1,231.0,254.29446
*NC(=O)Nc1ccc(CCc2ccccc2NC(=O)Nc2cc(*)ccc2C)cc1,227.0,195.09802
*c1ccc(Oc2ccc(S(=O)(=O)c3ccc(Oc4ccc(C(*)C(C)C)cc4)cc3)cc2)cc1,200.0,176.61295
*CC(*)c1ccc(COCCOCC)cc1,0.0,5.642166
*CC(*)c1ccc(CCCCCCCCCCCC)cc1,-51.99999999999997,-30.21547
*c1ccc(Cc2ccc(N(c3ccc(C)cc3)c3ccc(-c4ccc(N(*)c5ccc(C)cc5)cc4)cc3)cc2)cc1,183.0,143.56389
*Cc1ccc(OC(=O)CCCCC(=O)Oc2ccc(CC(=O)NC(*)C(=O)OCCCCCC)cc2)cc1,36.0,41.404633
*CC(*)c1ccc(O)c(OC)c1,142.0,113.42138
*Oc1ccc(-c2ccc(Oc3ccc4c(c3)C(=O)N(c3ccc(Oc5cccc(Oc6ccc(N7C(=O)c8ccc(*)cc8C7=O)cc6)c5)cc3)C4=O)cc2)cc1,205.0,240.27893
*NC(=O)CCCCC(=O)NC(CCSC)C(=O)OC1COC2C(OC(=O)C(*)CCSC)COC12,71.0,38.507652
*CC(*)(C)C(=O)OCCN(CC)CC,26.0,-25.807007
*Oc1ccc2c(c1)C(=O)N(c1cccc(S(=O)(=O)c3cccc(N4C(=O)c5ccc(*)cc5C4=O)c3)c1)C2=O,246.0,318.96994
*CC(OC)C(C)(C(=O)OC)C(*)(C)C(=O)OC,134.0,60.796803
*c1ccc(Oc2ccc3c(c2)C(=O)N(c2ccc(Oc4ccc(S(=O)(=O)c5ccc(Oc6ccc(N7C(=O)c8ccc(Oc9ccc(C(*)(C)C)cc9)cc8C7=O)cc6)cc5)cc4)cc2)C3=O)cc1,200.0,228.64603
*c1cccc(P(=O)(c2cccc(-n3c(=O)c4c(-c5cc(C(F)(F)F)cc(C(F)(F)F)c5)c5c(=O)n(*)c(=O)c5c(-c5cc(C(F)(F)F)cc(C(F)(F)F)c5)c4c3=O)c2)c2cc(C(F)(F)F)cc(C(F)(F)F)c2)c1,293.0,292.38846
*/C=C(/*)c1cccc[c]1[Ge]([CH3])([CH3])[CH3],180.0,62.467056
*c1ccc(N2C(=O)c3ccc(C(c4ccc5c(c4)C(=O)N(c4ccc(*)cc4OCCN(CC)c4ccc(C(C#N)=C(C#N)C#N)cc4)C5=O)(C(F)(F)F)C(F)(F)F)cc3C2=O)c(OCCN(CC)c2ccc(C(C#N)=C(C#N)C#N)cc2)c1,222.0,217.47266
*CCOC(=O)c1cccc(OCC#CC#CCOc2cccc(C(=O)OCCN(*)c3ccc(/N=N/c4ccc(C#N)cc4)cc3)c2)c1,50.0,103.7281
*OCCOC(=O)CCCC(=O)OCCOc1nc(-c2ccc(OCCCC)cc2)nc(*)c1-c1ccc(OC)cc1,46.0,71.72784
*c1nc2ccc(-c3cccc(-c4ccc5[nH]c(S(*)(=O)=O)nc5c4)c3)cc2[nH]1,290.0,291.4519
*CC(*)CCCC,-49.99999999999997,-61.162453
*Oc1ccc(OC(=O)c2ccc(OCCCCCCCCCCCCOc3ccc(C(*)=O)cc3)cc2)c(S(=O)(=O)c2ccccc2)c1,82.70000000000005,50.95296
*OCCN(CCOC(=O)c1ccc2c(c1)C(=O)N(c1cccc(N3C(=O)c4ccc(C(*)=O)cc4C3=O)c1)C2=O)c1ccc(/N=N/c2ccc([N+](=O)[O-])cc2)cc1,210.0,236.33075
*C(*)(F)Cl,77.0,58.333054
*CC(*)C(=O)Oc1ccccc1C(=O)OCC,30.0,41.205723
*Nc1ccc(NC(=O)c2ccc(C(*)=O)cc2)cc1,295.0,270.82352
*CCCCCCCCC(=O)NNC(=O)OCCCCCOC(=O)NNC(*)=O,20.0,-3.7368546
*C(=O)Nc1ccc(C(c2ccc(NC(=O)c3ccc4c(c3)C(=O)N(c3ccc(*)c(C)c3)C4=O)cc2)(C(F)(F)F)C(F)(F)F)cc1,355.0,286.49194
*CCOC(=O)c1cccc(C(=O)OCCN(*)c2ccc(/N=N/c3ccc(-c4nc5ccc([N+](=O)[O-])cc5n4CC)cc3)cc2)c1,147.0,157.54683
*OCCCCCCCCCOC(=O)c1ccc(-c2ccc(C(*)=O)cc2)cc1,50.5,32.522938
*Oc1c(C)cc(*)cc1C(C)CCCCC,60.0,39.25641
*O[Si](*)(C)CCCCCCCC,-91.99999999999996,-90.250435
*CC(*)C(=O)OCCOCC(F)(F)C(F)(F)C(F)(F)F,-44.99999999999997,-31.907303
*Oc1cccc(Oc2ccc3c(c2)C(=O)N(c2cccc(N4C(=O)c5ccc(*)cc5C4=O)c2)C3=O)c1,224.0,288.5556
*CC(*)(F)C(=O)OCCC(F)(F)C(F)(F)C(F)(F)C(F)(F)C(F)(F)C(F)(F)C(F)(F)C(F)(F)C(F)(F)C(F)(F)F,53.0,-20.882233
*=CCS(=O)(=O)CC(=*)C,88.20000000000005,31.277866
*c1ccc(N2C(=O)c3ccc(C(c4ccc5c(c4)C(=O)N(c4ccc(C(*)(C)C)cc4)C5=O)(C(F)(F)F)C(F)(F)F)cc3C2=O)cc1,310.0,301.25815
*Oc1ccc2c(c1)C(=O)N(c1cccc(OCCOc3ccc(N4C(=O)c5ccc(*)cc5C4=O)cc3)c1)C2=O,178.5,221.9549
*C=Cc1ccc(/C=C/c2ccc3c(c2)Sc2cc(*)ccc2N3c2ccc(OCCCCCCCCCCCC)cc2)cc1,167.0,106.360886
*Nc1ccc(Oc2ccc(C(=O)c3ccc(Oc4ccc(NC(=O)c5ccc(C(*)=O)cc5)cc4)cc3)cc2)cc1,160.0,203.16678
*Oc1ccc(Sc2ccc(Oc3ccc4c(c3)C(=O)N(c3cccc(N5C(=O)c6ccc(*)cc6C5=O)c3)C4=O)cc2)cc1,209.0,248.93036
*CC(*)(C)C(=O)Oc1ccccc1,110.0,91.785355
*c1ccc(Oc2ccc(-c3ccc(N4C(=O)c5ccc(Oc6ccc(C(C)(C)c7ccc(Oc8ccc9c(c8)C(=O)N(c8ccc(-c%10ccc(Oc%11ccc%12c(c%11)C(*)(C)CC%12(C)C)c(C(F)(F)F)c%10)cc8)C9=O)cc7)cc6)cc5C4=O)cc3)cc2C(F)(F)F)cc1,241.0,170.91867
*COC(=O)c1ccc(C(=O)OC(*)COc2ccc(/N=N/c3ccc(C#N)cc3)cc2)s1,119.0,103.1575
*c1ccc(Oc2ccc(-n3c(=O)c4cc5c(=O)n(*)c(=O)c5cc4c3=O)cc2)c(-c2ccccc2)c1,329.0,290.14017
*c1ccc(Nc2ccc(C3(c4ccc(Nc5ccc(S(*)(=O)=O)cc5)cc4)c4ccccc4-c4ccccc43)cc2)cc1,221.0,275.66483
*CC(*)C(=O)OCF,15.0,18.055565
*NC(=O)CCCCC(=O)NC(C(=O)OC1COC2C(OC(=O)C(*)C(C)CC)COC12)C(C)CC,102.0,69.23281
*Cc1cc(C)c(Oc2cccc3c2C(=O)N(c2ccc(Oc4ccc(-c5ccc(Oc6ccc(N7C(=O)c8cccc(Oc9c(C)cc(*)cc9C)c8C7=O)cc6)cc5)cc4)cc2)C3=O)c(C)c1,259.0,234.46756
*c1cc(C(=O)O)cc(N2C(=O)C3CC(C4CC(=O)N(*)C4=O)c4ccccc4C3C2=O)c1,360.0,318.0765
*C(C)C(*)C(=O)OC(C)C,149.0,20.868568
*CC(*)(C)C(=O)OCCCCCCCCCCOc1ccc(/N=N/c2ccc(F)cc2)cc1,49.0,25.308971
*c1ccc2c(c1)C(=O)N(c1ccc(OCC(F)(F)C(F)(F)C(F)(F)C(F)(F)C(F)(F)C(F)(F)C(F)(F)F)c(N3C(=O)c4ccc(*)cc4C3=O)c1)C2=O,250.0,241.07309
*c1ccc(OC(=O)c2cccc(C(=O)Oc3ccc(C4(*)CCC5CCCCC5C4)cc3C)c2)c(C)c1,207.0,166.8128
*OCC(F)(F)C(F)(F)C(F)(F)COC(=O)c1cccc(Oc2cccc(C(*)=O)c2)c1,20.0,69.34047
*CC(*)(C)C(=O)OCCCCCCOc1ccc(C(=O)Oc2ccc(/N=N/c3ccc(I)cc3)c3ccccc23)cc1,40.0,101.68079
*OC(=O)c1ccc(CCCCCc2ccc(C(*)=O)cc2)cc1,42.5,39.878136
*CCCCCC(=O)OCCOCCOC(*)=O,-41.49999999999997,-59.067253
*c1ccc(Oc2ccc(Sc3ccc(Oc4ccc(-c5nc(*)nc(-c6ccccc6)n5)cc4)cc3)cc2)cc1,211.0,169.11328
*c1ccc([Si](c2ccccc2)(c2ccccc2)c2ccc(-c3ccc4c(c3)c3cc(*)ccc3n4CCCCCC#N)cc2)cc1,165.0,192.05618
*Oc1ccc(Sc2ccc(Oc3ccc4c(=O)n5c6cc(Oc7ccc8c(c7)nc7c9ccc(*)c%10cccc(c(=O)n87)c%109)ccc6nc5c5cccc3c45)cc2)cc1,346.0,274.71655
*OC(=O)CCCCCCCC(=O)Oc1cc(OC(=O)c2ccc(OCCCC)cc2)c(*)cc1OC(=O)c1ccc(OCCCC)cc1,38.0,50.033092
*Nc1ccc(C(c2ccc(NC(=O)c3ccc(OC(=O)c4ccc(C(=O)Oc5ccc(C(*)=O)cc5)cc4)cc3)cc2)(C(F)(F)F)C(F)(F)F)cc1,266.0,215.1222
*c1cc(C(=O)NCCCCCC)cc(N2C(=O)c3ccc(-c4ccc5c(c4)C(=O)N(*)C5=O)cc3C2=O)c1,256.9,269.4082
*Nc1ccc(CCc2ccccc2NC(=O)Nc2ccc(Cc3ccc(NC(*)=O)cc3)cc2)cc1,217.0,196.2613
*NC(=O)c1ccc(NC(=O)CCCCCCCCCCC(=O)Nc2ccc(C(=O)Nc3ccc(*)cc3C(=O)OCCCCCCCCCCCCCC)cc2)cc1,199.5,96.57143
*CC(*)C(=O)OCCC,-41.32499999999999,-27.07946
*Cc1cc(C(C)(C)C)cc(*)c1O,50.0,97.62575
*Oc1ccc(C2(c3ccc(OC(=O)c4ccc(C(*)=O)cc4)cc3)c3ccccc3-c3ccccc32)cc1,285.0,218.7529
*NC(=O)OCCN(CCOC(=O)NCC1(C)CC(*)CC(C)(C)C1)c1ccc(C=C(C#N)C#N)cc1,145.0,86.01371
*c1cc(CCOC(=O)NCCCC)c(*)s1,67.5,21.064106
*CNC(=O)OCC(*)C,40.0,11.250381
*c1ccc2c(c1)C(CCCCCCCC)(CCCCCCCC)c1cc(-c3sc(-c4ccc(-c5cc(CCCCCC)c(*)s5)c5nsnc45)cc3CCCCCC)ccc1-2,79.0,86.01014
*Nc1ccc(-c2nnc(-c3ccc(C(*)=O)c(Oc4ccccc4)c3)o2)cc1,235.0,283.71338
*=CCC(F)(F)C(=*)F,-34.99999999999997,10.139961
*C1CCC2C(=O)N(c3ccc(Oc4cccc(Oc5ccc(N6C(=O)C7CCC(*)CC7C6=O)cc5)c4)cc3)C(=O)C2C1,215.0,229.31259
*CCCCCCCCC(=O)Oc1cccc(-c2nnc(C=Cc3ccc(OC(*)=O)cc3)s2)c1,37.0,78.01147
*c1ccc2c3ccc(-c4ccc(-c5ccc(-c6ccc(*)s6)c6nsnc56)s4)cc3n(C(CCCCCCCC)CCCCCCCC)c2c1,121.0,95.7269
*CC(*)OC(=O)C(F)(F)C(F)(F)C(F)(F)C(F)(F)C(F)(F)C(F)(F)C(F)(F)C(F)(F)C(F)(F)F,-17.99999999999997,2.833046
*Cc1ccc(OC(=O)CCC(=O)Oc2ccc(CCC(=O)NC(*)C(=O)OCCCCCC)cc2)cc1,53.0,32.944744
*c1ccc(N2C(=O)c3ccc4c5c(ccc(c35)C2=O)C(=O)N(c2ccc(Oc3c(C(C)(C)C)cc(*)cc3C(C)(C)C)c(C(F)(F)F)c2)C4=O)cc1,456.0,287.93057
*OCCCCCCCCOC(=O)OCCCCCCOc1ccc(C(=O)c2ccc(OCCCCCCOC(*)=O)cc2)cc1,-7.699999999999989,-9.123444
*CCC(c1ccccc1)[Si](*)(C)C,27.0,-28.041908
*c1ccc(NC(=O)c2ccc3c(c2)C(=O)N(c2ccc(C4(*)CCC(C)CC4)cc2)C3=O)cc1,322.0,280.84576
*Cc1ccccc1[Si](*)(C)c1ccccc1,93.8,29.130672
*c1ccc(Oc2cccc3c2C(=O)N(c2cccc(N4C(=O)c5cccc(Oc6ccc(C(*)(C)C)cc6)c5C4=O)c2)C3=O)cc1,227.5,249.08047
*CC(*)(C)C(=O)OCCCCCCCCOc1ccc(C(=O)Oc2ccc(C(=O)/C=C/c3c(C)c4ccccc4n3CCCC)cc2)cc1,69.0,81.169716
*c1ccc(Oc2ccc(S(=O)(=O)c3ccc(Oc4ccc(-c5c6c(c(*)c7ccccc57)C(=O)N(c5ccc(Cl)cc5)C6=O)cc4)cc3)cc2)cc1,280.0,261.1168
*Nc1ccc(Oc2ccc(NC(=O)c3ccc4c(c3)C(=O)N(c3ccc(Oc5ccc(N6C(=O)c7ccc(C(*)=O)cc7C6=O)cc5-c5ccccc5)c(-c5ccccc5)c3)C4=O)cc2-c2ccccc2)c(-c2ccccc2)c1,369.0,293.40067
*Oc1ccc(C2(c3ccc(OC(=O)c4ccc(C(*)=O)cc4)cc3)CCCCC2)cc1,275.0,154.53773
*c1ccc(Oc2ccc(-c3nnc(-c4ccc(Oc5ccc(C(*)(C)C)cc5)cc4)o3)cc2)cc1,180.0,200.12788
*/C(C)=C(/*)[Si](C)(C)CC[Si](C)(C)C,200.0,-52.68891
*Nc1ccc(OC2COC3C(Oc4ccc(NC(=O)c5cccc(C(*)=O)c5)cc4)COC23)cc1,218.0,203.98216
*C(=O)c1ccc(Oc2ccc(Oc3ccc(*)cc3S(=O)(=O)O)cc2)c(S(=O)(=O)O)c1,220.0,237.56012
*OCCCCCCOc1ccc(C(=O)c2ccc(OCCCCCCOC(=O)OCCCOC(*)=O)cc2)cc1,16.0,1.9913406
*CCOC(=O)Nc1ccc(C)c(NC(=O)OCCN(*)c2ccc(/N=N/c3ccc(/N=N/c4cc(OC)c(/N=N/c5ccc([N+](=O)[O-])cc5)cc4OC)c(C)c3)cc2)c1,148.0,152.71461
*C(=O)Nc1ccc(-c2ccc(NC(=O)c3cc(*)cc(NC(=O)c4ccncc4)c3)cc2)cc1,339.0,288.76202
*OCCCCCCOc1ccc(-n2on2-c2ccc(OCCCCCCOC(=O)C(CCCCCCCCCCBr)C(*)=O)cc2)cc1,16.0,15.110939
*CC(*)C(=O)N1CCCCC1,108.0,82.9041
*CC(*)OC(=O)C=Cc1ccccc1,76.85000000000002,65.99293
*OCCCCCCOC(=O)c1ccc2cc(C(*)=O)ccc2c1,64.0,51.680557
*Oc1ccc(Sc2cccc(Oc3ccc4c(c3)C(=O)N(c3ccc(Oc5ccc(N6C(=O)c7ccc(*)cc7C6=O)cc5)cc3)C4=O)c2)cc1,212.0,233.72699
*C(C)C(*)C(=O)OC12CC3CC(C)(CC(C)(C3)C1)C2,194.5,193.36014
*CCCN(*)C(=O)C(F)(F)C(F)(F)C(F)(F)C(F)(F)C(F)(F)C(F)(F)C(F)(F)F,25.0,24.696136
*Nc1ccc(Oc2ccc3cccc(Oc4ccc(NC(=O)c5ccc(Oc6ccc(C(*)=O)cc6)cc5)cc4)c3c2)cc1,236.0,197.30125
*Nc1ccc(Oc2ccc(C(=O)c3ccc(Oc4ccc(NC(=O)c5ccc(C(*)=O)cn5)cc4)cc3)cc2)cc1,170.0,206.6759
*c1cc(-c2sc(-c3cc(CCCC)c(*)s3)cc2CCCC)c2cccccc1-2,124.0,76.09624
*CC(COCC)O*,-60.99999999999997,-40.463394
*c1ccc(OC(=O)CCCC(=O)Oc2ccc(C3(*)c4cc(OC)ccc4-c4ccc([N+](=O)[O-])cc43)cc2)cc1,197.0,177.60541
*C(=O)c1ccc(Oc2ccc(/C=N/N=C/c3ccc(Oc4ccc(*)cc4)cc3)cc2)cc1,179.0,192.01935
*CCCC(*)(C)C,-19.99999999999997,-46.976418
*OCCCOc1ccc(-c2ccc(*)c3ccccc23)c2ccccc12,182.0,116.55704
*NCCNS(=O)(=O)c1cccc(S(*)(=O)=O)c1,107.0,211.33636
*N=P(*)(OCC(COCCOCCCC)OCCOCCCC)OCC(COCCOCCCC)OCCOCCCC,-85.99999999999997,-51.781075
*CCCCCCCCCCCn1c(=O)c2cc3c(=O)n(CCCCCCCCCCCC(=O)Oc4ccc5cc(OC(*)=O)ccc5c4)c(=O)c3cc2c1=O,62.0,78.13618
*c1ccc2c(c1)C(=O)N(c1cccc(Oc3ccc(P(=O)(c4ccccc4)c4ccc(Oc5cccc(N6C(=O)c7ccc(C(*)(C(F)(F)F)C(F)(F)F)cc7C6=O)c5)cc4)cc3)c1)C2=O,243.0,250.2659
*CCN(*)C(=O)CC12CC3CC(CC(C3)C1)C2,139.0,159.65701
*Oc1ccc(Sc2ccc(Oc3ccc4c(c3)C(=O)N(c3ccc(Oc5ccc(C(c6ccc(Oc7ccc(N8C(=O)c9ccc(*)cc9C8=O)cc7)cc6)(C(F)(F)F)C(F)(F)F)cc5)cc3)C4=O)cc2)cc1,217.5,223.20575
*CCCCCCCCC(*)Cl,-32.99999999999997,-30.979889
*Nc1ccc(NC(=O)Nc2cc(NC(*)=O)cc(C(=O)Nc3ccc4c(c3)C(=O)c3ccccc3C4=O)c2)cc1,184.0,328.36526
*NC(=O)OCCN(CCOC(=O)Nc1cccc(*)c1C)c1ccc(/N=N/c2ccc([N+](=O)[O-])cc2)cc1,147.0,131.64908
*CC(*)(C)C(=O)OCC(CC)CC,10.350000000000025,-8.3543625
*CC(COCOCC(C)([N+](=O)[O-])[N+](=O)[O-])O*,-15.0,10.251823
*c1ccc(OCC(O)COc2cccc(NC(=O)CCCCCC(=O)Nc3cccc(OCC(O)COc4ccc(C(*)(C)C)cc4)c3)c2)cc1,107.0,96.93297
*OCCCCCCCOC(=O)OC1CCC(OC(*)=O)CC1,-5.0,-4.2216644
*Nc1ccc(Oc2ccc(C(c3ccc(Oc4ccc(NC(=O)c5ccc6c(c5)C(=O)N(c5ccc(Oc7ccc8ccc(Oc9ccc(N%10C(=O)c%11ccc(C(*)=O)cc%11C%10=O)cc9)cc8c7)cc5)C6=O)cc4)cc3)(C(F)(F)F)C(F)(F)F)cc2)cc1,250.0,238.88538
*c1c(C)cc(C)c(C(=O)c2cccc(N3C(=O)c4ccc(C(=O)c5ccc6c(c5)C(=O)N(*)C6=O)cc4C3=O)c2)c1C,300.0,311.15027
*CCOC(=O)Oc1ccc(C(C)(C)c2ccc(OC(=O)OCCN(*)c3ccc(OC)cc3)cc2)cc1,60.0,94.05144
*c1ccc(OCC(O)COC(=O)C2CCC(C(=O)OCC(O)COc3ccc(C(*)(C)C)cc3)CC2)cc1,70.0,68.3107
*c1ccc2c(c1)C(=O)N(c1cc(C(c3ccc(OC(=O)C45CC6CC(CC(C6)C4)C5)c(N4C(=O)c5ccc(C(*)(C(F)(F)F)C(F)(F)F)cc5C4=O)c3)(C(F)(F)F)C(F)(F)F)ccc1OC(=O)C13CC4CC(CC(C4)C1)C3)C2=O,305.0,231.78885
*c1ccc(OC(=O)c2ccc(C(=O)Oc3ccc(C4(*)CCC5CCCCC5C4)cc3C)cc2)c(C)c1,247.0,166.10876
*c1ccc(OC(=S)Oc2ccc(C(*)CC)cc2)cc1,104.0,87.16348
*CCCCCCN(C)C(=O)CCC(=O)N(*)C,7.5,14.87133
*c1ccc(OCC(COc2ccc(C(*)(C)C)cc2)OC(=O)/C=C/c2ccccc2)cc1,100.60000000000002,78.70231
*c1ccc(N2C(=O)c3ccc(-c4ccc5c(c4)C(=O)N(c4ccc(Oc6c(C(C)(C)C)cc(*)cc6C(C)(C)C)c(C(F)(F)F)c4)C5=O)cc3C2=O)cc1,389.0,291.11142
*C=Cc1ccc(C=CC(=O)Nc2ccc(Oc3ccc(NC(*)=O)cc3)cc2)cc1,205.0,203.28105
*NC(=O)OCCOC(=O)NCC1(C)CC(*)CC(C)(C)C1,84.0,64.56545
*Oc1ccc2c(c1)Oc1cc(OC(*)=O)ccc1C21c2ccccc2-c2ccccc21,295.0,247.79309
*C(=O)OCCN(CCOC(=O)c1ccc(*)cc1OCCCCC)c1ccc(/N=N/c2nc(C#N)c(C#N)[nH]2)cc1,131.0,90.44931
*C(=O)c1ccc(Oc2ccc(S(=O)(=O)c3ccc(Oc4ccc(-c5ccc(Oc6ccc(*)cc6)cc5)cc4)cc3)cc2)cc1,206.0,182.72665
*NC(=O)Oc1ccc(-c2[nH]c(-c3ccc(-c4nc(-c5ccc([N+](=O)[O-])cc5)c(-c5ccc([N+](=O)[O-])cc5)[nH]4)cc3)nc2-c2ccc(OC(=O)Nc3ccc(-c4ccc(*)cc4OC)c(OC)c3)cc2)cc1,223.0,251.0918
*CC(*)(C)C(=O)OCCCCCCc1ccc(/N=N/c2ccc(OC(F)(F)F)cc2)cc1,194.5,48.480507
*C(CC(C)(C)C(*)CCC(C)(O)C=C)OC(C)=O,85.0,26.299217
*Oc1cccc(OC(=O)c2ccc(OC(=O)c3cccc(C(=O)Oc4ccc(C(*)=O)cc4)c3)cc2)c1,158.0,141.5046
*CC(CBr)O*,-14.0,5.475647
*OC(=O)Oc1ccc(Sc2ccc(OC(=O)OC3C(C)(C)C(*)C3(C)C)cc2)cc1,107.0,156.06075
*C[n+]1ccc(-c2cc[n+](Cc3cccc(*)c3)cc2)cc1,128.0,108.35011
*C(=O)c1ccc(N2C(=O)c3ccc(C(=O)c4ccc5c(c4)C(=O)N(c4ccc(*)cc4)C5=O)cc3C2=O)cc1,293.0,320.26556
*c1ccc2c(c1)C(=O)N(c1ccc(-c3nc4cc(N5C(=O)c6ccc(*)cc6C5=O)ccc4[nH]3)cc1)C2=O,397.5,346.18472
*CC(*)Cc1ccccc1C,80.0,24.273083
*C(=O)c1ccc2c(c1)C(=O)N(c1ccc(-c3nc(-c4ccccc4)nc(-c4ccc(N5C(=O)c6ccc(*)cc6C5=O)cc4)n3)cc1)C2=O,355.0,327.89685
*Cc1ccc(OC(=O)CCCC(=O)Oc2ccc(CC(=O)NC(*)C(=O)OCCCCCCCC)cc2)cc1,38.0,42.24147
*O[Si](C)(C)c1ccc2c(c1)C(=O)N(c1ccc(Oc3ccc(-c4nnc(-c5ccc(Oc6ccc(N7C(=O)c8ccc([Si](*)(C)C)cc8C7=O)cc6)cc5)o4)cc3)cc1)C2=O,190.5,188.49326
*c1ccc(OCC2CCC(COc3ccc(-n4c(=O)c5cc6c(=O)n(*)c(=O)c6cc5c4=O)cc3)CC2)cc1,306.70000000000005,195.78293
*NCCCCCCNC(=O)NCc1ccc(CNC(*)=O)cc1,72.0,107.1535
*Oc1ccc(Oc2cccc(Oc3ccc4c(c3)C(=O)N(c3ccc(Oc5cccc(Oc6ccc(N7C(=O)c8ccc(*)cc8C7=O)cc6)c5)cc3)C4=O)c2)cc1,184.0,213.55463
*Cc1ccc(OC(=O)COCCOCC(=O)Oc2ccc(CCC(=O)NC(*)C(=O)OC(C)C)cc2)cc1,58.0,46.956055
*C=Cc1ccc2c(c1)Sc1cc(*)ccc1N2c1ccc(OCCCCCCCCCCCC)cc1,129.0,102.62216
*Nc1ccc(Cc2ccc(NC(=O)OCCN(CCCCCOc3ccc(/N=N/c4ccccc4)cc3)CCOC(*)=O)cc2)cc1,59.60000000000002,89.9086
*CC(*)(CC(=O)OC1CCC1)C(=O)OC1CCC1,60.0,58.643814
*CC(*)F,33.92500000000001,-3.2169952
*c1ccc(Nc2ccc(S(=O)(=O)c3ccc(Nc4ccc(C5(*)c6ccccc6-c6ccccc65)cc4C)cc3)cc2)c(C)c1,269.0,261.16782
*N=P(*)(Cl)Oc1ccc(C)cc1,-5.0,32.10168
*c1ccc2c(c1)C(=O)N(c1ccc(NC(=S)/N=C/c3ccc(Cl)c(N4C(=O)c5ccc(C(*)(C(F)(F)F)C(F)(F)F)cc5C4=O)c3)cc1)C2=O,272.0,272.09433
*CCCCCCC(=O)Nc1ccc(NC(*)=O)cc1,138.0,101.53525
*c1ccc2oc(-c3ccc(C(c4ccc(-c5nc6cc(C(*)(c7ccccc7)C(F)(F)F)ccc6o5)cc4)(C(F)(F)F)C(F)(F)F)cc3)nc2c1,334.0,257.43753
*CC(*)OC(=O)c1nn(C(C)=O)c2ccccc12,150.0,123.16707
*CC(C)(C(=O)OC)C(C)(C(=O)OC)C(*)OCC,131.0,33.344463
*c1ccc2c(c1)C(=O)N(c1ccc(Oc3ccc(N4C(=O)c5ccc(C(F)(F)C(F)(F)C(F)(F)C(*)(F)F)cc5C4=O)cc3)cc1)C2=O,212.0,238.45285
*CC(*)CCCCCCCC,-34.99999999999997,-62.367302
*=C(C#N)c1ccc(C(=O)OCC2CCCN(C(=*)c3ccc(OC)cc3)C2)cc1,176.0,118.262405
*C1C(=O)N(CCCOc2ccc(-c3ccc(C#N)cc3)cc2)C(=O)C1*,130.0,138.91678
*C(=O)Nc1ccc(C(c2ccc(NC(=O)c3cc(*)cc(C(C)(C)C)c3)cc2)(C(F)(F)F)C(F)(F)F)cc1,284.1,242.8471
*C1OCCCC1C1C(=O)OC(=O)C1*,210.0,129.03944
*CC(*)c1ccccc1C(=O)OCCC,108.0,37.43553
*COCC(*)(CSCCCCC)CSCCCCC,-32.99999999999997,-28.54589
*C(=O)c1cccc(C(=O)c2ccc(S(=O)(=O)c3ccc(*)cc3)cc2)c1,198.0,193.79874
*c1ccc2c(c1)C(=O)N(c1ccc(Sc3ccc(Sc4ccc(N5C(=O)c6ccc(C(*)(C(F)(F)F)C(F)(F)F)cc6C5=O)cc4)cc3)cc1)C2=O,257.0,236.44656
*CC(*)c1ccc(Br)cc1,140.35000000000002,127.13545
*c1ccc(C(c2ccc(C#N)cc2)c2ccc(N(*)c3ccc(C)cc3)cc2)cc1,230.0,190.51794
*c1ccc(C)c(NC(=O)c2ccc(OC(=O)c3ccc(C(=O)Oc4ccc(C(=O)Nc5cc(C(*)(C(F)(F)F)C(F)(F)F)ccc5C)cc4)cc3)cc2)c1,213.0,216.95209
*c1cccc(P(=O)(c2ccc(C(F)(F)F)cc2)c2cccc(-n3c(=O)c4cc5c(=O)n(*)c(=O)c5c(-c5ccc(C(F)(F)F)cc5)c4c3=O)c2)c1,303.0,301.38354
*c1ccc(-c2nnc(-c3ccc(-c4nnc(-c5ccc([Si](*)(c6ccccc6)c6ccccc6)cc5)o4)o3)o2)cc1,276.0,257.59924
*Oc1ccc(C2(c3ccc(OC(*)=O)cc3)CC3CC2C2C4CCC(C4)C32)cc1,267.5,218.49991
*CCCCCCCCC(=O)Nc1ccc2oc(CCCCCCCCc3nc4cc(NC(*)=O)ccc4o3)nc2c1,93.0,111.62987
*CC(*)(CC(=O)OCC)C(=O)OCC,65.5,-0.8528671
*C=Cc1ccc(Oc2ccc(-c3nnc(-c4ccc(Oc5ccc(*)c6ccccc56)cc4)o3)cc2)cc1,213.0,200.74489
*OC(=O)c1cccc(C(=O)Oc2cc(*)cc(CCCCCCCCC)c2)c1,41.5,44.147926
*C(=O)OCCCCCCOc1ccc(-n2on2-c2ccc(OCCCCCCOC(=O)C(*)CCCCCP(=O)(OCC)OCC)cc2)cc1,7.0,12.808327
*Oc1ccc(C(c2ccccc2)(c2ccccc2)c2ccc(OC(*)=O)cc2)cc1,213.0,171.84756
*c1ccc(C(=O)c2ccc(Oc3ccc(C(c4ccc(Oc5ccc(C(=O)c6ccc(C(*)(C)C)cc6)cc5)cc4)(C(F)(F)F)C(F)(F)F)cc3)cc2)cc1,179.0,205.8879
*C=CC1CC(*)CC1C(=O)OCCCCCCCCOc1ccc(/C=C/c2ccc([N+](=O)[O-])cc2)cc1,51.0,51.819256
*c1ccc(Oc2ccc(-c3nc4ccccc4n3-c3ccc(-n4c(-c5ccc(Oc6ccc(S(*)(=O)=O)cc6)cc5)nc5ccccc54)cc3)cc2)cc1,270.0,260.48022
*OCCCCCCCCCCCCOC(=O)OCCCCCCn1c(=O)c2cc3c(=O)n(CCCCCCOC(*)=O)c(=O)c3cc2c1=O,-9.0,33.67854
*CC(*)OC(=O)C(C)(C(C)C)C(C)C,120.0,43.016426
*Cc1ccc(OC(=O)CCCC(=O)Oc2ccc(CCC(=O)NC(*)C(=O)OC(C)CC)cc2)cc1,52.0,48.451775
*COC(=O)NC(=O)c1cccc(C(=O)NC(=O)OCC(*)CCCCCCCCCCCC)c1,112.0,28.177612
*c1ccc2nc(CCCCCCCCCCc3nc4ccc(*)cc4o3)oc2c1,64.0,85.959816
*c1cc(C)c(OP(=O)(Oc2ccccc2)Oc2c(C)cc(S(*)(=O)=O)cc2C)c(C)c1,142.0,146.54965
*Cc1cc(C)c(Oc2ccc(N3C(=O)c4ccc(-c5ccc6c(c5)C(=O)N(c5ccc(Oc7c(C)cc(*)cc7C)cc5)C6=O)cc4C3=O)cc2)c(C)c1,310.0,242.0906
*c1ccc(Oc2ccc(N3C(=O)C4CCC5C(=O)N(c6ccc(Oc7ccc(C(*)(C)C)cc7)cc6)C(=O)C5C4C3=O)cc2)cc1,263.5,234.02692
*CC(*)c1ccccc1COCCCCCCCC,13.0,-16.185127
*C(=O)c1ccc(Oc2ccc(N3C(=O)c4ccc(S(=O)(=O)c5ccc6c(c5)C(=O)N(c5ccc(Oc7ccc(*)cc7)cc5)C6=O)cc4C3=O)cc2)cc1,275.5,247.19684
*c1nnc(-c2cc(CCCCCCCC)c(-c3ccc(-c4sc(-c5nnc(-c6cc(OCCCCCCCC)c(*)cc6OCCCCCCCC)o5)cc4CCCCCCCC)s3)s2)o1,34.10000000000002,57.752254
*OCCCCCCN1C(=O)c2ccc(-c3ccc(-c4ccc5c(c4)C(=O)N(CCCCCCOC(*)=O)C5=O)cc3)cc2C1=O,73.0,101.54254
*C(=O)NNC(=O)c1ccc(*)cc1OCCCCCCCC,203.5,60.667084
*=CC(C)CC(=*)C,2.300000000000012,-15.102783
*CCCCC(=O)Nc1ccc(OC2COC3C(Oc4ccc(NC(*)=O)cc4)COC23)cc1,150.0,121.19391
*c1ccc(Oc2ccc(Oc3ccc(-n4c(=O)c5cc6c(=O)n(*)c(=O)c6cc5c4=O)cc3)c(-c3ccccc3)c2)cc1,271.0,257.94595
*c1ccc(Oc2ccc(S(=O)(=O)c3ccc(Oc4ccc(-c5c6c(c(*)c7ccccc57)C(=O)N(c5ccccc5)C6=O)cc4)cc3)cc2)cc1,310.0,256.48242
*O[SiH](*)C,-3.3899999999999864,-40.094948
*c1cccc(P(=O)(c2cccc(-n3c(=O)c4cc5c(=O)n(*)c(=O)c5c(-c5ccccc5)c4c3=O)c2)c2cc(C(F)(F)F)cc(C(F)(F)F)c2)c1,300.0,304.32376
*C(=O)c1ccc(-c2ccc(C(=O)c3ccc(Oc4ccc(Oc5ccc(*)cc5)cc4-c4ccccc4)cc3)cc2)cc1,186.0,179.32178
*C(=O)c1ccccc1-c1ccccc1C(=O)c1ccc(Oc2ccc(Oc3ccc(*)cc3)cc2)cc1,175.0,164.02975
*CC(*)(C)C(=O)OCCOCCOCCOCCOCCOCCOCCOCCOC,-57.99999999999997,-61.044823
*CC(O)COc1ccc(C(C)(C)c2ccc(OCC(O)CN(C)S(=O)(=O)c3cccc(S(=O)(=O)N(*)C)c3)cc2)cc1,76.0,119.33157
*Nc1ccc(NC(=O)c2ccc(P(=O)(c3ccccc3)c3ccc(C(=O)Nc4ccc(C(*)=O)cc4)cc3)cc2)cc1,243.0,292.86594
*C(=O)NCCCCCCCCCNC(=O)C(OC)C(*)OC,84.0,-10.927376
*CC(CSC(C)C)O*,-43.99999999999997,-29.46083
*c1ccc(N2C(=O)c3ccc(C(=O)c4ccc5c(c4)C(=O)N(c4ccc(N(*)c6ccc(C#N)cc6)cc4)C5=O)cc3C2=O)cc1,315.0,323.73907
*Oc1ccc(OC(=O)c2ccc(C(*)=O)cc2)c(C(F)(F)F)c1,159.3,174.1069
*c1ccc(Oc2ccc(/C=N/c3ccc(Oc4ccc(/N=C/c5ccc(Oc6ccc(S(*)(=O)=O)cc6)cc5)cc4)cc3)cc2)cc1,162.0,190.91385
*CC(*)(C)C(=O)Oc1ccc([N+](=O)[O-])c(C)c1,101.0,139.92198
*c1ccc(NC(=O)c2cc(NC(=O)c3ccccc3)cc(C(=O)Nc3ccc(C(*)(C)C)cc3)c2)cc1,303.5,308.10638
*c1ccc(Oc2ccc(-c3ccc(-c4ccc(Oc5ccc(C(*)(C)C)cc5)cc4)cc3)cc2)cc1,182.0,142.16443
*OC(=O)CCCCCC(=O)Oc1cc(OC(=O)c2ccc(OCCCC)cc2)c(*)cc1OC(=O)c1ccc(OCCCC)cc1,45.0,47.46874
*Nc1ccc(C(=O)c2ccc(Oc3ccc(Oc4ccc(C(=O)c5ccc(NC(=O)c6ccc(C(*)=O)cc6)cc5)cc4)cc3)cc2)cc1,224.0,231.04797
*Oc1ccc2c(c1)C(=O)N(c1cc(C(c3ccc(O)c(N4C(=O)c5ccc(*)cc5C4=O)c3)(C(F)(F)F)C(F)(F)F)ccc1O)C2=O,266.0,293.98465
*OCCCCCOC(=O)c1ccc(Oc2ccc(C(*)=O)cc2)cc1,26.0,51.91776
*COC(=O)C(*)(C)CCC,1.900000000000034,-1.7686005
*OC(=O)Oc1ccc(C2(c3ccc(OC(=O)OC4C(C)(C)C(*)C4(C)C)cc3)c3ccccc3-c3ccccc32)cc1,214.0,223.80771
*Cc1cc(C)c(N2C(=O)c3ccc(Oc4cccc5c(Oc6ccc7c(c6)C(=O)N(c6c(C)cc(*)cc6C)C7=O)cccc45)cc3C2=O)c(C)c1,281.0,255.61035
*Nc1cccc(C(=O)c2ccc(Oc3ccc(C(=O)c4ccc(NC(=O)c5cccc(C(*)=O)c5)cc4)cc3)cc2)c1,204.0,265.07706
*COC(=O)c1ccc(C(=O)OCC(CCC)C(*)CCC)cc1,30.0,6.6488495
*CC(*)C(=O)NCP(=O)(O)O,26.0,114.31265
*CC(*)OCCCCC,-66.14999999999998,-40.63183
*Oc1ccc(C2(c3ccc(OC4(F)C(*)(F)C(F)(F)C4(F)F)cc3)c3ccccc3-c3ccccc32)cc1,228.0,238.73315
*c1ccc(Sc2ccc(Sc3ccc(Sc4ccc(S(*)=O)cc4)cc3)cc2)cc1,133.0,109.50368
*c1ccc(Oc2ccc(/C=C/C(=O)c3ccc(Oc4ccc(C(*)(C)C)cc4)cc3)cc2)cc1,152.0,157.79027
*c1ccc(Oc2ccc(C(=O)Nc3ccc(NC(=O)c4ccc(Oc5ccc(C(C)(C)c6cccc(C(*)(C)C)c6)cc5)cc4)cc3)cc2)cc1,154.0,189.33337
*c1ccc(Oc2ccc(/C=N/c3ccc(Oc4ccc(S(*)(=O)=O)cc4)cc3)cc2)cc1,110.0,191.69191
*Nc1ccc(CCc2ccc(NC(=O)OCCOC(*)=O)cc2)cc1,116.90000000000003,88.40255
*CC(*)(C)C(=O)OCCCCCCC(F)(F)C(F)(F)C(F)(F)C(F)(F)C(F)(F)C(F)(F)C(F)(F)C(F)(F)C(F)(F)C(F)(F)C(F)(F)C(F)(F)F,84.0,-5.1135635
*CC(*)c1ccc(C(O)CCN(C)C)cc1,43.0,54.53003
*NCCCCCCNC(=O)Oc1ccc(/N=C/C=N/c2ccc(OC(*)=O)cc2)cc1,80.0,117.65013
*Cc1ccc(OC(=O)CCCCCCCCC(=O)Oc2ccc(CC(=O)NC(*)C(=O)OCCCCCCCC)cc2)cc1,16.0,16.14289
*OCC1CCC(COC(C)OC(=O)c2cccc(C(=O)OC(*)C)c2)CC1,30.0,32.01166
*Cc1ccc(OC(=O)CCCC(=O)Oc2ccc(CCC(=O)NC(*)C(=O)OCCCC)cc2)cc1,56.0,44.307335
*OC(=O)c1ccc2c(c1)C(=O)N(c1ccc(-c3ccc(N4C(=O)c5ccc(C(=O)Oc6ccc(-c7ccc(*)cc7C)c(C)c6)cc5C4=O)cc3C)c(C)c1)C2=O,177.0,261.17322
*c1ccc(Oc2ccc(-c3nnc(-c4ccccn4)nc3-c3ccc(Oc4ccc(C(*)(C(F)(F)F)C(F)(F)F)cc4)cc3)cc2)cc1,224.0,220.39377
*C(=O)c1ccc(Oc2ccc(-c3ccc(Oc4ccc(*)cc4)cc3)cc2)cc1,167.0,145.64664
*c1ccc(C)c(N2C(=O)C(=O)N(CCCCCCN3C(=O)C(=O)N(*)C3=O)C2=O)c1,181.5,231.62521
*COC(=O)C1CCC(C(=O)OC(*)COc2ccc(/N=N/c3ccc(C#N)cc3)cc2)CC1,106.0,86.49434
*C(=O)c1ccc(Oc2ccc(-c3nc(-c4ccccn4)nnc3-c3ccc(Oc4ccc(*)cc4)cc3)cc2)cc1,223.0,217.64188
*Nc1ccc(C(c2ccc(NC(=O)c3cc(NC(=O)C45CC6CC(CC(C6)C4)C5)cc(C(*)=O)c3)cc2)(C(F)(F)F)C(F)(F)F)cc1,365.0,277.51096
*NCCCCCCNc1nc(*)nc(-c2ccccc2)n1,95.0,167.93817
*CCc1ccc(*)cc1Br,80.0,66.29229
*COC(=O)C(*)C,-24.99999999999997,21.44534
*c1ccc2c(c1)C(=O)N(c1ccc(OCCOc3ccc(N4C(=O)c5ccc(C(*)(C(F)(F)F)C(F)(F)F)cc5C4=O)cc3)cc1)C2=O,254.0,221.30646
*Cc1cccc(CN(CC)c2ccc(/C=C/c3ccc(C=C(C#N)C(=O)NC4CCCCC4NC(=O)/C(C#N)=C/c4ccc(/C=C/c5ccc(N(*)CC)cc5)s4)s3)cc2)c1,157.0,140.50392
*CN1C(=O)C2C3C=CC(C2C1=O)C1C(=O)N(C(*)C)C(=O)C31,212.0,261.2743
*OCCCSCCCCSCCCOC(=O)c1ccc2c(c1)C(=O)N(c1ccc(C(*)=O)cc1)C2=O,39.0,65.91724
*CC(*)(C)C(=O)Oc1ccc(OCc2ccccc2)cc1,95.3,69.92651
*CC(*)(C)CC,-11.574999999999989,-11.439766
*CC(*)(C)C(=O)Oc1ccc(C(=O)Oc2ccccc2)cc1,99.0,115.67369
*Oc1cccc(Oc2ccc(C(=O)O)c(C(=O)Nc3ccc(Oc4ccc(-c5ccc(Oc6ccc(NC(=O)c7cc(*)ccc7C(=O)O)cc6)cc5)cc4)cc3)c2)c1,100.0,220.32788
*NC(=O)c1ccc2c(c1)C(=O)N(c1c(C)cc(C)c(N3C(=O)c4ccc(C(=O)Nc5ccc(-c6ccc(*)cc6C)c(C)c5)cc4C3=O)c1C)C2=O,259.0,342.2226
*Nc1ccc(Cc2ccc(NC(=O)OCCCCCCCOC(*)=O)cc2)cc1,84.0,53.4552
*c1cccc(N2C(=O)c3ccc(Oc4ccc5c(c4)C(=O)N(c4cccc(C(*)O[Si](C)(C)O[Si](C)(C)O[Si](C)(C)C)c4)C5=O)cc3C2=O)c1,219.0,118.819046
*Oc1ccc2ccc(OC(=O)c3ccc(Oc4ccc(C(*)=O)cc4)cc3)cc2c1,142.0,182.27458
*N=P(*)(OCC)OCC,-83.99999999999997,-71.55251
*c1ccc(-c2ccc(N3C(=O)c4ccc(C(=O)Oc5ccc(C6(c7ccc(OC(=O)c8ccc9c(c8)C(=O)N(*)C9=O)cc7)CC7CC6C6CCCC76)cc5)cc4C3=O)cc2C)c(C)c1,226.0,267.88782
*=C(C#N)NC(=O)c1ccc(C(=O)NC(=*)C#N)cc1,232.0,228.02023
*CC(*)(C)C(=O)OC(C)C,83.92500000000001,48.89319
*CCCCC(c1ccc(O)cc1)C(*)c1ccc(O)cc1C,25.0,73.60366
*C(=O)OCCCCCCN1C(=O)c2ccc(Oc3ccc4c(c3)C(=O)N(CCCCCCOC(=O)c3cc(*)cc(OCCCCCCOc5ccc(/N=N/c6ccc(C#N)cc6)cc5)c3)C4=O)cc2C1=O,61.0,95.400925
*CCCC(=O)Oc1ccc(/C=N/c2ccc(/N=C/c3ccc(OC(=O)CCC[Si](C)(C)O[Si](*)(C)C)cc3)cc2)cc1,60.0,17.965118
*C#Cc1cc(C(C)(C)C)cc2c3cc(C(C)(C)C)cc(*)c3n(CCCCCCCCCCCCCCCC)c12,80.0,83.17751
*CCC(C)CNC(=O)c1cc(C(=O)NCC(*)C)cc(C(C)(C)C)c1,149.0,136.5873
*Nc1ccc(-c2ccc(N3C(=O)c4ccc(C(=O)c5ccc6c(c5)C(=O)N(c5ccc(-c7ccc(NC(=O)c8cccc(C(*)=O)c8)cc7)cc5)C6=O)cc4C3=O)cc2)cc1,238.0,325.98798
*CC(*)(C)C(=O)Oc1ccc(C(=O)O)cc1,110.0,145.72417
*CCc1ccc(*)o1,25.5,24.622963
*C(=O)c1cccc(C(=O)c2ccc(Oc3ccc(-c4ccc(-c5ccc(Oc6ccc(*)cc6)cc5)cc4)cc3)cc2)c1,174.0,178.1496
*c1cc(C)c(N2C(=O)c3ccc(C(c4ccc5c(c4)C(=O)N(c4c(C)cc(C(*)c6cccc(C(F)(F)F)c6)cc4C)C5=O)(C(F)(F)F)C(F)(F)F)cc3C2=O)c(C)c1,286.1,289.5019
*CC(*)(CCCCC)C(=O)OC,53.0,-12.426575
*Cc1ccc(N2C(=O)c3ccc(C(=O)c4ccc5c(c4)C(=O)N(c4ccc(*)cc4C)C5=O)cc3C2=O)c(C)c1,297.5,297.6551
*Cc1ccc(OC(=O)CCCCCCCCC(=O)Oc2ccc(CCC(=O)NC(*)C(=O)OCCCCCCCC)cc2)cc1,15.5,12.233864
*C[Si](*)(C)CCCOCCOCCOC,-73.29999999999998,-94.17765
*=Cc1ccc(/C=C/c2ccc(N(c3ccccc3)c3ccc(N(c4ccccc4)c4ccc(/C=C/c5ccc(/C=C(\C#N)c6cccc(C(=*)C#N)c6)s5)cc4)cc3)cc2)s1,178.0,184.11304
*c1ccc(Oc2ccc(-c3cccc(-c4ccc(Oc5ccc(-c6c7c(c(*)c8ccccc68)C(=O)N(c6ccccc6)C7=O)cc5)c(C(F)(F)F)c4)c3)cc2C(F)(F)F)cc1,271.0,252.12314
*c1ccc(-c2ccc(N(c3ccc(C)cc3)c3ccc(C(c4ccccc4)c4ccc(N(*)c5ccc(C)cc5)cc4)cc3)cc2)cc1,239.0,194.16074
*Oc1ccccc1Oc1ccc2c(c1)C(=O)N(c1ccc(Oc3ccccc3Oc3ccc(N4C(=O)c5ccc(*)cc5C4=O)cc3C(F)(F)F)c(C(F)(F)F)c1)C2=O,185.0,245.8725
*CC(C#N)(C#N)CC(*)c1ccc(OC(C)=O)cc1,180.0,103.76275
*c1ccc2nc(-c3ccccc3)c(-c3ccc(-c4ccc(-c5c(-c6ccccc6)nc6ccc(*)cc6c5-c5ccccc5)cc4)cc3)c(-c3ccccc3)c2c1,405.0,288.06662
*C(=O)c1ccc(N2C(=O)c3ccc(Oc4ccc(Oc5ccc6c(c5)C(=O)N(c5ccc(*)cc5)C6=O)cc4)cc3C2=O)cc1,268.0,244.75464
*c1ccc(C(=O)Nc2ccc(Oc3ccc(C(C)(C)c4ccc(Oc5ccc(NC(=O)c6ccc(*)cc6C)cc5)cc4)cc3)cc2)c(C)c1,230.0,201.05553
*CC1C(=O)OC(=O)C1C(*)OCC(C)C,145.0,60.40113
*Cc1ccc(OC(=O)CCCC(=O)Oc2ccc(CCC(=O)NC(*)C(=O)OCC(C)C)cc2)cc1,62.0,48.13305
*c1ccc(Oc2ccc(C(=O)c3ccc4cc(C(=O)c5ccc(Oc6ccc(C(*)(C)C)cc6)cc5)ccc4c3)cc2)cc1,185.0,182.17975
*CC(*)C(=O)N1CC[NH+](CC)CC1,72.5,44.637367
*c1cccc(Oc2cccc(Oc3cccc(N4C(=O)c5c(c(-c6ccccc6)c(-c6ccc(Oc7ccc(Oc8ccc(-c9c(-c%10ccccc%10)c%10c(c(-c%11ccccc%11)c9-c9ccccc9)C(=O)N(*)C%10=O)cc8)cc7)cc6)c(-c6ccccc6)c5-c5ccccc5)C4=O)c3)c2)c1,238.0,147.06757
*Oc1ccc2c(c1)C(=O)N(c1cc(N3C(=O)c4ccc(*)cc4C3=O)cc(C(F)(F)F)c1)C2=O,274.0,304.45508
*c1ccc(OC(=O)c2ccc(OCCCCCCCCCCOc3ccc(C(=O)Oc4ccc(C(*)(C)C)cc4)cc3)cc2)cc1,77.0,44.59765
*c1cc(C)c(O[Si](C)(C)O[Si](C)(C)O[Si](C)(C)O[Si](C)(C)Oc2c(C)cc(*)cc2C)c(C)c1,-16.0,-20.40487
*CC(*)C(=O)Oc1ccc(C(=O)Oc2ccc(OC(=O)c3ccc(OCCCCC)cc3)cc2)cc1,48.0,92.551346
*Nc1ccc(CCc2cccc(NC(=O)c3cccc(C(*)=O)c3)c2)cc1,203.0,224.7077
*=Cc1ccc(Oc2ccc(-c3nnc(-c4ccc(Oc5ccc(C=*)cc5)cc4)o3)cc2)cc1,215.0,216.85452
*c1cc(C)c(O[Si](C)(C)O[Si](C)(C)Oc2c(C)cc(*)cc2C)c(C)c1,55.0,6.957779
*Oc1ccc2c(c1)C(=O)N(c1ccc(OCCOCCOc3cccc(N4C(=O)c5ccc(*)cc5C4=O)c3)cc1)C2=O,146.5,176.53851
*C=Cc1ccc(C=Cc2cc(OCCCCCCC)c(*)cc2OCCCCCCC)cc1,46.0,33.77741
*c1ccc2nc(-c3ccccc3)c(-c3cccc(-c4nc5cc(*)ccc5nc4-c4ccccc4)c3)nc2c1,320.0,265.00974
*Oc1ccc(Oc2ccc(/C=N/CCCCCCCCCC/N=C/c3ccc(*)cc3)cc2)cc1,108.0,76.39723
*Nc1ccc(*)cc1C,-71.39999999999998,129.56642
*C(=O)NCCCCCCNC(=O)c1cc(*)cc(C(C)(C)C)c1,163.0,97.17465
*OCCCCCCCCCCOC(=O)c1ccc2cc(C(*)=O)ccc2c1,50.5,29.921963
*CCCCCCCCC(=O)NNC(=O)OCCCCCCOC(=O)NNC(*)=O,45.0,-4.716629
*N=P(*)(CC)c1ccccc1,20.0,24.607903
*CC(*)OCCC,-49.14999999999998,-37.6584
*CC(*)OC(=O)OCC(Cl)(Cl)Cl,74.0,28.454475
*CC(*)c1ccc(CC)cc1,71.40000000000003,71.71483
*C(=O)c1ccc2c(c1)C(=O)N(c1cc(-c3nc4ccccc4[nH]3)cc(N3C(=O)c4ccc(*)cc4C3=O)c1)C2=O,197.0,340.19794
*c1ccc(OC(=O)c2ccc(C(=O)Oc3ccc(C4(*)c5ccccc5C(=O)N4C)cc3)cc2)cc1,282.0,213.4784
*CC(=O)OC(*)CCCCCC,-46.99999999999997,-45.909294
*c1ccc(NC(=O)c2ccc(Oc3cc(C(C)(C)C)c(Oc4ccc(C(=O)Nc5ccc(C(*)(C)C)cc5C)cc4)cc3C(C)(C)C)cc2)c(C)c1,275.0,218.5683
*CC(*)C(=O)Oc1ccc(C)cc1,42.5,72.238075
*=Nc1cccc(/N=C(/C=C/C(=*)c2ccccc2)c2ccccc2)c1,178.0,212.55113
*Nc1ccc(Oc2ccc3nc(-c4ccccc4)c(-c4ccc(-c5nc6cc(Oc7ccc(NC(=O)c8cc(C(*)=O)cc(N9C(=O)c%10ccccc%10C9=O)c8)cc7)ccc6nc5-c5ccccc5)cc4)nc3c2)cc1,302.0,281.71057
*O[Si](*)(C)CCCOc1ccc(C(=O)Oc2ccc(-c3ccc(OC(=O)CCCCC(=O)OC4CC(C)CCC4C(C)C)cc3)cc2)cc1,56.80000000000001,43.39408
*c1cc(Cl)c(OC(=O)Oc2c(Cl)cc(C(*)(C)C)cc2Cl)c(Cl)c1,227.0,190.37708
*Nc1ccc(NC(=O)c2ccc3c(c2)C(=O)N(c2ccc(NC(=O)Nc4ccc(N5C(=O)c6ccc(C(=O)Nc7ccc(NC(*)=O)cc7)cc6C5=O)cc4)cc2)C3=O)cc1,208.0,306.66473
*CCC(=O)Oc1ccc(C2(c3ccc(OC(*)=O)cc3)c3ccccc3-c3ccccc32)cc1,234.0,210.59605
*CC(*)(C)C(=O)OCc1cccs1,66.0,42.41043
*c1ccc(C(=O)Nc2ccc(Oc3ccc(Oc4ccc(NC(=O)c5ccc(*)cc5C)cc4)cc3)cc2)c(C)c1,219.0,196.12598
*c1ccc2c(c1)C(=O)N(c1cccc(P(=O)(c3ccc(C(F)(F)F)cc3)c3cccc(N4C(=O)c5ccc(C(*)(C(F)(F)F)C(F)(F)F)cc5C4=O)c3)c1)C2=O,260.0,273.5677
*Oc1ccc(Oc2cccc(Oc3cccc4c3C(=O)N(c3ccc(Oc5cccc(Oc6ccc(N7C(=O)c8cccc(*)c8C7=O)cc6)c5)cc3)C4=O)c2)cc1,198.0,214.44058
*c1ccc(Oc2ccc(S(=O)(=O)c3ccc(Oc4ccc(/C=C5\CCCC/C(=C\c6ccc(Oc7ccc(S(=O)(=O)c8ccc(Oc9ccc(C(*)(C)C)cc9)cc8)cc7)cc6)C5=O)cc4)cc3)cc2)cc1,188.0,208.1748
*c1ccc(Oc2ccc(N3C(=O)C(=O)N(CCCCCCN4C(=O)C(=O)N(*)C4=O)C3=O)cc2)cc1,172.0,199.29893
*CNC(=O)c1ccc(C(=O)NCc2cc(C)c(*)cc2C)cc1,225.0,203.66046
*NC(=O)OCCCCOC(=O)Nc1cc(*)ccc1C,42.0,61.108562
*CC(*)(C)C(=O)Oc1ccc(-c2nnc(-c3ccc(C(C)(C)C)cc3)o2)cc1,156.0,193.08221
*Nc1cccc(NC(=O)c2ccc3c(c2)C(=O)N(c2cc(-c4nc5ccccc5o4)cc(N4C(=O)c5ccc(C(*)=O)cc5C4=O)c2)C3=O)n1,365.0,343.89703
*CCCCC(=O)OCCOCCOC(*)=O,-50.99999999999997,-58.975655
*c1cc(C)c(N2C(=O)c3ccc(-c4ccc5c(c4)C(=O)N(c4c(C)cc(C(*)c6cccc(C(F)(F)F)c6)cc4C)C5=O)cc3C2=O)c(C)c1,312.9,307.0374
*CC(*)c1c(F)c(F)c(OCC(F)(F)C(F)(F)C(F)(F)C(F)(F)C(F)(F)C(F)(F)C(F)(F)F)c(F)c1F,21.0,86.07079
*CNC(=O)c1cccc(C(=O)NCc2cc(*)cc(C(C)(C)C)c2)c1,188.0,197.11859
*CC(*)(C)C(=O)OC1(C)CCOC(=O)C1,110.0,108.3375
*CCC[Si](*)(C[Si](C)(C)c1ccccc1)C[Si](C)(C)c1ccccc1,-35.99999999999997,-50.767387
*Nc1ccc(N2C(=O)c3ccc(C(=O)Nc4ccc(-c5cc(-c6ccccc6)cc(-c6ccc(NC(=O)c7ccc8c(c7)C(=O)N(c7ccc(NC(*)=O)cc7)C8=O)cc6)n5)cc4)cc3C2=O)cc1,215.0,331.64105
*CC(*)(C)C(=O)OCCCCl,50.0,18.314857
*C(=O)c1ccc(Oc2ccc(S(=O)(=O)c3ccc(Oc4ccc(Oc5ccc(*)cc5)cc4)cc3)cc2)cc1,186.0,164.81879
*c1cc(OCCCCCCCC)cc(N2C(=O)c3ccc(Oc4ccc5c(c4)C(=O)N(*)C5=O)cc3C2=O)c1,185.0,160.78589
*CC(*)C(=O)OCCCCCCCCCCCCOc1ccc(C(=O)Oc2ccc(-c3cccc(OC(=O)c4ccc(OC(=O)c5ccc(OCCCCCCCCCCCC)cc5)cc4)c3)cc2)cc1,67.0,46.69594
*c1ccc(OC(=O)Oc2ccc(C(*)(C)C)cc2C)c(C)c1,124.0,123.85448
*CCCCCCCCCCCCNC(*)=O,41.0,-4.89328
*CC(*)(C)C(=O)OCCCCCCCCCCn1c2ccccc2c2cc(/N=N/c3ccc([N+](=O)[O-])cc3)ccc21,36.0,116.65227
*C(=O)c1ccc2c(c1)C(=O)N(c1cccc(P(=O)(c3cccc(N4C(=O)c5ccc(*)cc5C4=O)c3)c3cc(C(F)(F)F)cc(C(F)(F)F)c3)c1)C2=O,243.0,288.862
*CC(CN1C(=O)C2C3C=CC(C3)C2C1=O)O*,87.5,164.86612
*CC(*)(C)C(=O)OCCCCC1CCCCC1,43.0,1.9865952
*Nc1cccc(NC(=O)c2ccc3c(c2)C(=O)N(c2ccc(-c4sc(-c5ccc(N6C(=O)c7ccc(C(*)=O)cc7C6=O)cc5)c(-c5ccccc5)c4-c4ccccc4)cc2)C3=O)c1,334.0,331.3005
*OC1CCC(OC(*)=O)CC1,138.0,55.737038
*OCCOc1ccc(C2(c3ccc(OCCO[Si](*)(c4ccccc4)c4ccccc4)cc3)c3ccccc3-c3ccccc32)cc1,97.0,119.495316
*c1cc(C)c(OC(=O)CCCCCC(=O)Oc2c(C)cc(C(*)(C)C)cc2C)c(C)c1,84.0,76.804306
*c1ccc(-c2sc(-c3ccc(-c4cc(SCCCC)c(*)s4)cc3)cc2SCCCC)cc1,26.400000000000038,53.82903
*CC(*)C(=O)OCCCCCC(=O)Oc1ccc(-c2ccc(C#N)cc2)cc1,38.0,47.558388
*CC(*)C(=O)c1ccc(C(C)C)cc1,62.5,93.95348
*C1OCOC(C(*)(F)F)C1(F)F,125.0,86.78575
*c1ccc(Oc2ccc(C(=O)Nc3ccc(NC(=O)c4ccc(Oc5ccc(C(C)(C)c6ccc(C(*)(C)C)cc6)cc5)cc4)cc3)cc2)cc1,163.0,197.83409
*CCCCCC(*)CCC,-67.99999999999997,-61.473106
*c1cccc(-c2nc3ccc(-c4ccc5nc(*)[nH]c5c4)cc3[nH]2)c1,420.0,296.64926
*c1ccc2c(c1)C(=O)N(c1ccc3c(c1)-c1cc(N4C(=O)c5ccc(C(*)(C(F)(F)F)C(F)(F)F)cc5C4=O)ccc1C3)C2=O,394.0,294.10947
*C1=C(c2ccc(-c3ccc4c(c3)C(CCCCCC)(CCCCCC)c3cc(-c5ccc(*)cc5)ccc3-4)cc2)C(=O)N(CCCCCCCCCCCC)C1=O,100.0,85.85455
*CCN1C(=O)CC(*)C1=O,131.0,170.25995
*COC(=O)c1ccc(-c2ccc(C(=O)OCC(*)(C)CC)cc2)cc1,99.0,81.09186
*COC(=O)OCC(OC(C)=O)C(*)OC(C)=O,58.60000000000002,24.214085
*CC(*)c1ccc(COC(C)CC)cc1,40.0,30.490578
*NCCCCCCCCCCCCNC(=O)NCCCCCCNC(*)=O,49.0,33.89054
*c1ccc(Oc2ccc(-c3cc(-c4ccccc4)c4cc5c(-c6ccccc6)cc(*)nc5cc4n3)cc2)cc1,380.5,229.29053
*C#Cc1ccc(C#C[Si](C)(C)O[Si](C)(C)O[Si](*)(C)C)cc1,104.0,-35.744987
*OCCCCOc1ccc(CCc2ccc(*)cc2C)cc1,24.900000000000038,9.523453
*OCCCCCCCCCOC(=O)C(O)C(O)C(*)=O,-11.0,-15.801498
*CC(*)C(=O)NC(C)CC,116.85000000000002,52.246098
*c1ccc(Oc2ccc(-c3nnc(*)o3)cc2)cc1,240.0,207.36118
*/C=C(/*)C(CCC)[Si](C)(C)c1ccccc1,110.0,-26.579987
*NNC(=O)c1cccc(C(=O)NNC(=O)c2ccc(OC(=O)c3cccc(C(=O)Oc4ccc(C(*)=O)cc4)c3)cc2)c1,180.0,199.30765
*Oc1cccc2c1C(=O)N(c1ccc(Oc3ccc(N4C(=O)c5ccc(*)cc5C4=O)cc3)cc1)C2=O,285.0,287.0861
*=Nc1cccc(/N=C(\c2ccccc2)c2ccc(C(=*)c3ccccc3)cc2)c1,179.0,219.35333
*C=Cc1ccc(/C=C/C(=O)Oc2ccc(-c3ccc(OC(*)=O)cc3)cc2)cc1,243.0,128.99828
*c1ccc(-c2ccc(-c3ccc([Si](*)(C)C)s3)s2)s1,45.0,45.29003
*Nc1ccc(Cc2ccc(N3C(=O)c4ccc(S(=O)(=O)c5ccc6c(c5)C(=O)N(c5ccc(Cc7ccc(NC(=O)c8cccc(-c9nc%10cc(-c%11ccc%12[nH]c(-c%13cccc(C(*)=O)c%13)nc%12c%11)ccc%10[nH]9)c8)cc7)cc5)C6=O)cc4C3=O)cc2)cc1,270.0,160.22882
*NCCCCCCNC(=O)OCCOCCOCCOCCOCCOCCOC(*)=O,-30.99999999999997,-43.823616
*CCCCCCCCC(=O)Oc1ccc(C2(c3ccc(OC(*)=O)cc3)c3ccccc3Cc3ccccc32)cc1,134.0,118.906204
*CC(*)O,79.67500000000001,37.57082
*OCCCCCCOc1ccc(-n2on2-c2ccc(OCCCCCCOC(=O)C(CCCCCP(=O)(O)O)C(*)=O)cc2)cc1,17.0,40.295425
*c1ccc(-c2nc3cc(Oc4ccc5nc(-c6ccccc6)c(-c6ccc(-n7c(=O)c8cc9c(=O)n(*)c(=O)c9cc8c7=O)cc6)nc5c4)ccc3nc2-c2ccccc2)cc1,274.0,310.23517
*c1ccc2nc(CCCCCCCCCc3nc4ccc(*)cc4o3)oc2c1,64.0,113.53087
*CC(*)c1ccc(/C(Cc2ccccc2)=N/O)cc1,111.0,135.71466
*CC(*)C(=O)OCCCOCC,-61.49999999999997,-51.033836
*ON(C(F)(F)F)C(F)(F)C(*)(F)SC(F)(F)F,-47.99999999999997,-3.4295502
*CCN1C(=O)c2ccc(C(=O)c3ccc4c(c3)C(=O)N(CCC(=O)Nc3ccc(Oc5ccc(NC(*)=O)cc5)cc3)C4=O)cc2C1=O,232.0,251.34479
*C=CC(C(=O)OCc1ccccc1)C(*)C(=O)OCc1ccccc1,21.0,46.336655
*CC(*)OCCOc1ccc(/N=N/c2ccc([N+](=O)[O-])cc2)cc1,54.0,88.644775
*OC(=O)CCCCCCCCCCCCCCC(=O)Oc1cc(OC(=O)c2ccc(OCCC)cc2)c(*)cc1OC(=O)c1ccc(OCCC)cc1,18.0,33.546856
*c1ccc(Oc2ccc(C(=O)c3ccc(Oc4ccc(C(*)(C)C)cc4)s3)s2)cc1,124.0,113.84695
*c1ccc(Oc2ccc(C(C)(C)c3ccccc3)cc2)c(N2C(=O)c3ccc(-c4ccc5c(c4)C(=O)N(*)C5=O)cc3C2=O)c1,275.0,267.62985
*OCCCCCCOc1ccc(C(=O)c2ccc(OCCCCCCOC(=O)OCCCCOC(*)=O)cc2)cc1,2.1000000000000227,3.0529404
*CC(*)(C)C(=O)OCC1CC(NC(=O)OC(C)(C)C)CN1C(=O)OC(C)(C)C,127.0,87.69588
*Nc1ccc(NC(=O)c2cc(C(*)=O)cc(S(=O)(=O)c3ccccc3)c2)cc1,308.0,282.7591
*c1ccc(-c2sc(-c3ccc(-c4cc(SCCCCCCCC)c(*)s4)cc3)cc2SCCCCCCCC)cc1,-38.79999999999998,43.55461
*CCCNC(=O)CCCCC(=O)NCCCP(*)CCCCCCCC,12.0,-8.250175
*c1ccc(NC(=O)c2ccc3c(c2)C(=O)N(c2ccc(Oc4cccc5c(N6C(=O)c7ccc(C(=O)Nc8ccc(*)cc8OC)cc7C6=O)cccc45)cc2)C3=O)c(OC)c1,304.0,273.49643
*c1cc(C)c(N2C(=O)CC(Nc3ccc(NC4CC(=O)N(c5c(C)cc(C(*)c6cccnc6)cc5C)C4=O)cc3)C2=O)c(C)c1,231.0,286.50705
*NC(=O)OCCN(CCOC(=O)Nc1ccc(C)c(*)c1)c1ccc(/C=C2/NC(=O)NC2=O)cc1,178.0,136.78554
*OCCCCCCOC(=O)c1ccc(Oc2ccc(C(*)=O)cc2)cc1,15.0,41.46339
*C(=O)c1ccc(Oc2ccc(Oc3ccc(*)cc3)cc2-c2cccc(C(F)(F)F)c2)cc1,134.0,153.30716
*C(=O)c1ccc(NC(=O)c2ccc(C(=O)Nc3c(C)c(C)c(*)c(C)c3C)cc2)cc1,366.0,275.89752
*Cc1ccc(OC(=O)CCCC(=O)Oc2ccc(CCC(=O)NC(*)C(=O)OCCCCCCCCCCCC)cc2)cc1,27.5,31.05772
*CC(*)OC(=O)c1cccc([N+](=O)[O-])c1,93.0,113.37338
*CC(*)c1ccc(B(Oc2ccc(-c3ccc(OC)cc3)c3cccnc23)c2ccc(C(C)(C)C)cc2)cc1,220.0,170.71832
*CCN(*)CC[Si](C)(C)C,-64.79999999999998,-82.86622
*=CCCCC(=*)c1ccc(OC)cc1,11.0,50.491184
*C(=O)c1ccccc1-c1ccccc1C(=O)c1ccc(Oc2ccc(-c3ccc(Oc4ccc(*)cc4)cc3)cc2)cc1,193.0,182.62021
*C=Cc1cc(OCCc2ccccc2)c(*)cc1OC,121.0,67.79648
*Cc1cc(C)c(NC(=O)c2ccc3c(c2)C(=O)N(c2ccc(/N=N/c4ccc(OC(F)(F)F)cc4)c(N4C(=O)c5ccc(C(=O)Nc6c(C)cc(*)cc6C)cc5C4=O)c2)C3=O)c(C)c1,278.0,282.5625
*Oc1ccc(Oc2ccc(/C=N/CC/N=C/c3ccc(*)cc3)cc2)cc1,101.0,150.63551
*CC(*)(F)C(=O)OCC(F)(F)C(F)(F)F,99.0,12.511002
*C(=O)c1ccc2c(c1)C(=O)N(c1cccc(Cc3ccc(Cc4ccc(Cc5cccc(N6C(=O)c7ccc(*)cc7C6=O)c5)cc4)cc3)c1)C2=O,235.5,219.56348
*CC(*)C(=O)Oc1ccccc1,60.0,79.13008
*NC(=O)OCCCCCOC(=O)Nc1ccc(C)c(*)c1,52.0,60.05559
*N=Nc1ccc(Oc2ccc(/N=N/P(=O)(OC)OCc3ccc(COP(*)(=O)OC)cc3)cc2)cc1,50.0,97.64999
*COC(=O)c1cccc(C(=O)OC(*)C)c1,77.0,58.297318
*CC(*)C(=O)OCCCCCn1c2ccccc2c2ccccc21,53.0,82.82571
*CCCCCCC(=O)OCC#CCOC(*)=O,-37.99999999999997,-43.142876
*NC(=O)Oc1ccc(/N=C/CCC/C=N/c2ccc(OC(=O)Nc3ccc(C)c(*)c3)cc2)cc1,69.0,163.96864
*c1ccc(Oc2ccc(Oc3ccc4nc(-c5ccc(-c6nc7ccc(Oc8ccc(Oc9ccc(P(*)(=O)c%10ccccc%10)cc9)cc8)cc7nc6-c6ccccc6)cc5)c(-c5ccccc5)nc4c3)cc2)cc1,248.0,237.34595
*C(=O)c1ccc2c(c1)C(=O)N(CCCCCCCCCCCCN1C(=O)c3ccc(*)cc3C1=O)C2=O,87.5,126.011635
*CCCCCCCC(=O)Nc1cccc(S(=O)(=O)c2cccc(NC(*)=O)c2)c1,125.0,129.47847
*OCCCCCCOc1ccc(-n2on2-c2ccc(OCCCCCCOC(=O)C(CCCCP(=O)(O)O)C(*)=O)cc2)cc1,19.0,42.17183
*C(=O)c1ccc2c(c1)C(=O)N(c1ccc(OCCOc3ccc(N4C(=O)c5ccc(*)cc5C4=O)cc3)cc1)C2=O,246.0,229.9711
*CC(*)c1cccc(F)c1,86.0,107.48688
*c1ccc(-c2ccc3c(c2)C(=O)N(CCCCCCCN2C(=O)c4ccc(*)cc4C2=O)C3=O)cc1,135.0,222.18158
*CC(*)(CC(=O)OCCC)C(=O)OCCC,46.5,-14.271896
*CC(*)(F)C(=O)OCC(F)(F)C(F)(F)C(F)(F)C(F)(F)F,63.0,-2.5811691
*OCCOC(=O)c1cccc(C(=O)OCCOc2nc(-c3ccc(OCCCC)cc3)nc(*)c2-c2ccc(OC)cc2)c1,92.0,105.7955
*CC(*)c1ccc(C(=O)CCN2CCCCC2)cc1,38.0,79.204956
*COC(=O)c1ccc(C(=O)OCC(CCCCCC)C(*)CCCCCC)cc1,-15.5,-5.781143
*NCCCCCCNC(=O)Nc1ccccc1CCc1ccc(NC(*)=O)cc1,150.0,127.37518
*CCC(=O)OCCOC(=O)c1ccc(C(=O)OCCOC(*)=O)cc1,24.0,33.25648
*CCCCCCN1C(=O)c2ccc(C(=O)Oc3ccc(OC(*)=O)cc3)cc2C1=O,74.315,127.203415
*C=Cc1ccc(*)cc1-c1c(OCC(CC)CCCC)ccc2cc(-c3ccccc3)ccc12,141.0,112.694824
*CCCCCCCCC(=O)OC(*)=O,60.0,-42.958015
*c1ccc2c(c1)C(=O)N(c1ccc(Oc3ccc(Oc4ccc(N5C(=O)c6ccc(C(*)(C(F)(F)F)C(F)(F)F)cc6C5=O)cc4C(F)(F)F)cc3)cc1)C2=O,260.80000000000007,237.254
*O[Si](*)(C)CCCCCCCCCCC(=O)Oc1ccc(-c2ccc(OC(=O)CCCCC(=O)OC3CC(C)CCC3C(C)C)cc2)cc1,16.5,14.09565
*C1(C)CC(*)(C)C(=O)N(C)C1=O,170.0,172.65735
*C=Cc1cc(OCCCCCCCC)c(*)cc1OC,58.0,26.494194
*CC(*)(C)C(=O)OCCOCC,-16.0,-29.656898
*c1ccc(OC(=O)CCCCCN2C(=O)c3ccc(C(=O)Oc4ccc(C(C)(C)c5ccc(C(*)(C)C)cc5)cc4)cc3C2=O)cc1,104.0,144.37875
*OCCCCOC(=O)OCC1CCC(COC(*)=O)CC1,13.0,-7.1440353
*CCCCCCN1C(=O)c2ccc(C(=O)Oc3ccc(-c4ccc(OC(*)=O)cc4)cc3)cc2C1=O,107.0,135.52835
*OCCCCCCCCCCCOc1ccc(-c2nnc(-c3cccc(OCCCCCCCCCCCOC(=O)c4ccc(C(*)=O)cc4)c3)s2)cc1,35.0,29.154694
*CC(*)CCCCC,-44.32499999999999,-54.57453
*c1ccc(OC(=O)SCCCSC(=O)Oc2ccc(C(*)(C)C)cc2)cc1,90.0,82.4264
*c1ccc(-c2ccc(N3C(=O)c4ccc(C(=O)c5ccc6c(c5)C(=O)N(*)C6=O)cc4C3=O)cc2C)c(C)c1,385.0,313.40317
*C(=O)c1ccc(C(=O)c2ccc(Oc3ccc(*)cc3C)c(C(C)C)c2)cc1,149.0,151.34546
*c1ccc(-c2ccc(N3C(=O)c4cc5c(cc4C3=O)C(C(F)(F)F)(C(F)(F)F)c3cc4c(cc3O5)C(=O)N(*)C4=O)cc2OC(F)(F)F)c(OC(F)(F)F)c1,375.0,271.64047
*=Nc1ccc(N=C(C=CC(=*)c2ccccc2)c2ccccc2)cc1,157.0,203.9516
*c1ccc(-c2ccc(-c3ccc([Si](CCCC)(CCCC)[Si](*)(CCCC)CCCC)s3)s2)s1,-5.0,-19.693802
*COC(=O)c1ccc(C(=O)OCC2CC(*)CC(C(C)(C)C)C2)cc1,118.0,77.9014
*CCC(=O)NCCCCCCCCCCNC(=O)CCP(*)(C)=O,45.5,0.79257965
*Oc1ccc(Oc2ccc(Oc3ccc4c(c3)C(=O)N(c3ccc(Oc5ccc(N6C(=O)c7ccc(*)cc7C6=O)cc5)cc3)C4=O)cc2)cc1,215.0,221.30936
*N=P(*)(Oc1ccc(-c2ccccc2)cc1)Oc1ccc(-c2ccccc2)cc1,85.0,71.03361
*Oc1ccc(-c2cnc3ccc(-c4ccc5nc(-c6ccc(Oc7ccc(*)cc7)cc6)cnc5c4)cc3n2)cc1,235.0,232.60855
*c1ccc(Oc2ccc(NC(=O)c3ccc(Oc4ccc(C(C)(C)c5cccc(C(C)(C)c6ccc(Oc7ccc(C(=O)Nc8ccc(Oc9ccc(C(*)(C)C)cc9)cc8)cc7)cc6)c5)cc4)cc3)cc2)cc1,147.0,182.17166
*Nc1cccc(OCCCCCOc2cccc(NC(=O)c3ccc(C(*)=O)cc3)c2)c1,135.0,116.765305
*Oc1ccc(Sc2ccc(Oc3ccc4c(c3)C(=O)N(c3ccc(N5C(=O)c6ccc(*)cc6C5=O)cc3)C4=O)cc2)cc1,238.0,246.35248
*Cc1ccc(OC(=O)CCCCC(=O)Oc2ccc(CCC(=O)NC(*)C(=O)OCC)cc2)cc1,61.0,57.10869
*c1ccc(-c2ccc(-n3c(=O)c4cc5c(=O)n(*)c(=O)c5cc4c3=O)cc2C)c(C)c1,369.25,306.44547
*C(=O)c1ccc2c(c1)C(=O)N(c1ccc(Cc3ccc(N4C(=O)c5ccc(C(=O)c6ccc(Oc7ccc(Oc8ccc(*)cc8)cc7)cc6)cc5C4=O)cc3)cc1)C2=O,225.0,229.54831
*O[Si](*)(C)CCCOCCOCCOC,-90.09999999999997,-86.96494
*c1cc(C)c(OC(=O)c2cccc(C(=O)Oc3c(C)cc(C(*)(C)C)cc3C)c2)c(C)c1,187.0,140.63187
*Nc1cccc(NC(=O)c2ccc3c(c2)C(=O)N(c2cc(-c4nc5ccccc5s4)cc(N4C(=O)c5ccc(C(*)=O)cc5C4=O)c2)C3=O)n1,358.0,345.24402
*CC(*)(C)C(=O)OCCCCCCCCCCOc1ccc(/N=N/c2ccc([N+](=O)[O-])cc2)cc1,55.0,42.26631
*C(=O)c1ccc2c(c1)C(=O)N(CCCCCCCCN1C(=O)c3ccc(*)cc3C1=O)C2=O,113.0,167.70956
*c1ccc(C(=O)Nc2cccc(OC(=O)c3ccc([Si](*)(C)C)cc3)c2)cc1,220.0,170.51389
*CC(C)(C)C1C(=O)N(C)C(=O)C1*,156.5,198.31114
*c1c(C)cc(C)c(N2C(=O)c3ccc(C(=O)Nc4ccc(NC(=O)c5ccc6c(c5)C(=O)N(*)C6=O)cc4)cc3C2=O)c1C,327.0,321.64288
*CC(*)(CC(=O)OC)C(=O)O,159.0,77.48843
*NC(=O)c1cc(OCCCN(C)c2ccc(/N=N/c3ccc(S(C)(=O)=O)cc3)cc2)cc(C(=O)Nc2cc(*)cc(C(=O)OCCCN(C)c3ccc(/N=N/c4ccc(S(C)(=O)=O)cc4)cc3)c2)c1,168.0,168.89961
*c1ccc(Oc2ccc(S(=O)(=O)c3ccc(Oc4ccc(-c5c6c(c(*)c7ccccc57)C(=O)N(c5ccccc5C(F)(F)F)C6=O)cc4)cc3)cc2)cc1,290.0,256.55032
*c1ccc(Oc2ccc(/C=N/c3ccc(Oc4ccc(-c5ccc(Oc6ccc(/N=C/c7ccc(Oc8ccc(C(*)(C(F)(F)F)C(F)(F)F)cc8)cc7)cc6)cc5)cc4)cc3)cc2)cc1,128.0,184.34454
*c1cc2c(cc1-c1ccc([Si](C)(C)C)cc1)C(=O)N(c1ccc(C(c3ccc(N4C(=O)c5cc(*)c(-c6ccc([Si](C)(C)C)cc6)cc5C4=O)cc3)(C(F)(F)F)C(F)(F)F)cc1)C2=O,365.0,232.24677
*OCCCCCCCCCCOc1ccc(/N=C/c2ccc(/C=N/c3ccc(*)cc3C)cc2)c(C)c1,77.60000000000002,68.7836
*CSCc1ccc(Cc2ccc(CSCC(=O)OCCSCc3ccc(Cc4ccc(CSCCOC(*)=O)cc4)cc3)cc2)cc1,14.0,28.589283
*c1ccc(Oc2ccc(C(=O)c3ccc(C(=O)c4ccc(Oc5ccc(C(*)(C)C)cc5)c(C(F)(F)F)c4)cc3)cc2C(F)(F)F)cc1,171.0,189.90521
*C(=O)c1ccc(Oc2ccc(C(=O)c3c(C(=O)c4ccc(Oc5ccc(*)cc5)cc4)c(-c4ccc(F)cc4)c(-c4ccc(F)cc4)c(-c4ccc(F)cc4)c3-c3ccc(F)cc3)cc2)cc1,260.0,212.58789
*COC(=O)c1ccc(C(=O)OC(C)COC(*)C)cc1,37.0,33.747585
*CC(*)(C)OC,67.0,-40.05945
*CC(*)c1ccc(C(C)CC)cc1,85.35000000000002,56.387398
*CCCCCCCCC(=O)OC1CCC(OC(*)=O)CC1,66.0,2.0836334
*c1ccc2c(c1)C(=O)N(c1ccc(C(c3ccccc3)c3ccc(N4C(=O)c5ccc(S(*)(=O)=O)cc5C4=O)cc3)cc1)C2=O,305.0,317.8163
*c1cc(N2C(=O)c3ccc(C(=O)Nc4ccc(Cc5ccc(NC(=O)c6ccc7c(c6)C(=O)N(*)C7=O)c(C)c5)cc4C)cc3C2=O)ccc1/N=N/c1ccc(C)cc1,257.0,277.21198
*C(=O)c1ccc(Oc2ccc(-c3nc4ccccc4n3-c3ccc(-n4c(-c5ccc(Oc6ccc(C(=O)c7ccc(Oc8ccc(*)cc8)cc7)cc6)cc5)nc5ccccc54)cc3)cc2)cc1,223.0,242.16092
*OCCCCOCCCCOCCCCOC(=O)c1ccc(/N=C/c2ccc(C=Nc3ccc(C(*)=O)cc3)s2)cc1,25.0,45.829308
*Nc1ccc(NC(=O)c2ccc3c(c2)C(=O)N(c2ccc(-c4sc(-c5ccc(N6C(=O)c7ccc(C(*)=O)cc7C6=O)cc5)c(-c5ccccc5)c4-c4ccccc4)cc2)C3=O)cc1,333.0,325.55325
*OCCCCCCCCCCCOc1cccc(-c2nnc(-c3cccc(OCCCCCCCCCCCOC(=O)c4ccc(C(*)=O)cc4)c3)s2)c1,22.0,31.047901
*CC(*)(C)C(=O)OC,108.925,51.67242
*C(=O)Nc1ccc(C(c2ccc(NC(=O)c3cc(*)cc(NC(=O)CCCCCN4C(=O)c5ccccc5C4=O)c3)cc2)(C(F)(F)F)C(F)(F)F)cc1,225.0,242.25833
*COC(=O)OC1C(*)OC2OC(C)(C)OC21,128.0,150.89429
*CC1(C)C(=O)OC(=O)C1(C)C(*)OC,260.0,133.54839
*c1cc2c(cc1-c1ccc(C(C)(C)C)cc1)C(=O)N(c1ccc(C(c3ccc(N4C(=O)c5cc(*)c(-c6ccc(C(C)(C)C)cc6)cc5C4=O)cc3)(C(F)(F)F)C(F)(F)F)cc1)C2=O,381.0,281.10007
*c1ccc(Sc2ccc(-c3ccc(Sc4ccc(P(*)(=O)c5ccccc5)cc4)cc3)cc2)cc1,232.0,171.89047
*CC(*)(CC(=O)OC(C)C)C(=O)OC12CC3CC(CC(C3)C1)C2,180.0,123.0276
*COc1ccc(S(=O)(=O)c2ccc(OCC(*)OC(C)=O)cc2)cc1,130.0,85.509705
*OCCCCN1C(=O)c2ccc(-c3ccc4c(c3)C(=O)N(CCCCOC(*)=O)C4=O)cc2C1=O,104.0,125.4247
*Oc1ccc2c(c1)C(=O)N(c1ccc(-c3ccc(N4C(=O)c5ccc(*)cc5C4=O)cc3C(F)(F)F)c(C(F)(F)F)c1)C2=O,275.0,321.84927
*CSSC(*)c1ccccc1,4.800000000000011,26.712742
*C(=O)NCCNC(=O)c1c(*)ncn1C,189.0,134.10442
*c1ccc(CN2C(=O)c3ccc(Oc4ccc5c(c4)C(=O)N(Cc4ccc(C(*)C)o4)C5=O)cc3C2=O)o1,129.0,206.72813
*CC(*)C(=O)OCCOCC(F)(F)F,-37.99999999999997,-24.580978
*/C(C)=C(/*)[Si](C)(C)C,75.0,-33.83062
*COC(=O)c1ccc(-c2ccc(C(=O)OCC(*)(C)CCC)cc2)cc1,95.0,72.026665
*O[Si](C)(C)c1ccc2ccc([Si](*)(C)C)cc2c1,26.0,-1.8491669
*C(F)C(*)(F)OC(F)(F)F,-10.0,15.095428
*c1ccc(OC(=O)Oc2ccc(C3(*)c4cc(N(C)C)ccc4-c4ccc([N+](=O)[O-])cc43)cc2)cc1,278.0,223.2486
*OCCCCCCCCCOc1ccc(CCc2ccc(*)cc2C)cc1,-1.099999999999966,-3.5303192
*CC(*)(C)C(=O)OCCN(C)c1ccc(/C=C/c2ccc([N+](=O)[O-])cc2)cc1,107.0,92.66109
*N(C)[Si](*)(C)C=C,-19.99999999999997,-64.85146
*c1ccc(-c2nc3cc(-c4ccc5oc(*)nc5c4)ccc3o2)cc1,430.0,268.22235
*c1ccc(C(=O)Nc2ccc(C(=O)Nc3ccc(Cc4ccc(NC(=O)c5ccc(NC(=O)c6ccc([Si](*)(C)C)cc6)cc5)cc4)cc3)cc2)cc1,300.0,207.97849
*Cc1ccc(OC(=O)CCC(C)CC(=O)Oc2ccc(CC(=O)NC(*)C(=O)OCCCCCC)cc2)cc1,38.0,41.70722
*Oc1ccc2c(c1)C(=O)N(c1ccc(Sc3ccc(Sc4ccc(Sc5ccc(Sc6ccc(N7C(=O)c8ccc(*)cc8C7=O)cc6)s5)s4)s3)cc1)C2=O,158.5,188.66296
*c1ccc2c(c1)C(=O)N(CCCCCCCN1C(=O)c3ccc(C(*)(C(F)(F)F)C(F)(F)F)cc3C1=O)C2=O,165.0,195.81369
*c1ccc(OCCN(C)c2ccc(/C=C/C3=CC(=C(/C#N)C(=O)OCc4ccc(Oc5c(F)c(F)c(F)c(F)c5F)cc4)/CC(C)(C)C3)cc2)c(N2C(=O)c3ccc(Oc4ccc5c(c4)C(=O)N(c4cc(C(*)(C(F)(F)F)C(F)(F)F)ccc4OCCN(c4ccccc4)c4ccc(/C=C/C6=CC(=C(/C#N)C(=O)OCc7ccc(Oc8c(F)c(F)c(F)c(F)c8F)cc7)/CC(C)(C)C6)cc4)C5=O)cc3C2=O)c1,162.0,198.80696
*c1ccc(-c2nnc(-c3ccc(-c4ccc(-c5nnc(-c6ccc([Si](*)(c7ccccc7)c7ccccc7)cc6)o5)cc4)cc3)o2)cc1,278.0,265.10068
*c1ccc(OCC(O)COC(=O)c2cccc(C(=O)OCC(O)COc3ccc(C(*)(C)C)cc3)c2)cc1,97.0,69.96023
*c1cccc(-c2nc3ccc(-c4ccc5nc(*)sc5c4)cc3s2)c1,495.0,209.84885
*C(=O)c1ccc2c(c1)C(=O)N(c1cc(N3C(=O)c4ccc(*)cc4C3=O)cc(C(F)(F)F)c1)C2=O,294.75,328.43387
*c1ccc(C)c(NC(=O)OCCN(CCOC(=O)Nc2ccc(C)c(N3C(=O)c4ccc(C(c5ccc6c(c5)C(=O)N(*)C6=O)(C(F)(F)F)C(F)(F)F)cc4C3=O)c2)c2ccc(/N=N/c3ccc([N+](=O)[O-])cc3)cc2)c1,196.0,220.13608
*Nc1ccc(C(=O)OCCCCCCOC(=O)c2ccc3c(c2)C(=O)N(c2ccc(C(*)=O)cc2)C3=O)cc1,107.0,156.78714
*NC(=O)Oc1ccc(/N=C/C=N/c2ccc(OC(=O)Nc3cc(*)ccc3C)cc2)cc1,76.0,201.59726
*C1C(*)C2CC1C(C(=O)OCc1ccccc1)C2C(=O)OCc1ccccc1,277.0,127.95341
*O[Si](c1ccccc1)(c1ccccc1)c1ccc([Si](*)(c2ccccc2)c2ccccc2)cc1,130.0,88.05882
*c1ccc(C(=O)OCCOC(=O)c2ccc(C(*)(C)CC)cc2)cc1,95.0,71.69964
*Oc1ccc2c(c1)C(=O)N(c1cccc(P(=O)(c3ccccc3)c3cccc(N4C(=O)c5ccc(*)cc5C4=O)c3)c1)C2=O,251.0,305.9599
*CCOC(=O)CCCCC(=O)OCCC(*)C,-78.59999999999997,-42.17131
*CCOC(*)C,-49.99999999999997,-12.980988
*=Cc1ccc(N(c2ccccc2)c2ccc(N(c3ccccc3)c3ccc(/C=C(\C#N)C(=O)NC4CCCCC4NC(=O)C(=*)C#N)cc3)cc2)cc1,239.0,233.86588
*COC1OC(*)C(O)C(O)C1O,200.0,98.96315
*CSSSSC*,-23.99999999999997,-26.502075
*Oc1ccc(-c2ccc(Oc3cccc4c3C(=O)N(c3ccc(Oc5ccc(N6C(=O)c7cccc(*)c7C6=O)cc5)cc3)C4=O)cc2)cc1,277.0,270.80814
*c1ccc2c(c1)C(=O)N(c1cccc(-n3c(=O)c4cc5c(=O)n(-c6cccc(N7C(=O)c8ccc(C(*)(C(F)(F)F)C(F)(F)F)cc8C7=O)c6)c(=O)c5cc4c3=O)c1)C2=O,338.0,325.18033
*CC(*)c1cc(Br)ccc1OCC,80.0,76.0332
*=Nc1ccc(Cc2ccc(NC(=*)c3ccccc3)cc2)cc1,158.0,173.7706
*NCCCCCCCCCCCCCCNC(=O)NCCCCCCNC(*)=O,47.0,29.61385
*CC(*)C(=O)OCC(F)(F)F,3.1000000000000227,15.079491
*CC1C(=O)OC(=O)C1C(*)OCCCC,118.0,44.239594
*Oc1ccc(Sc2ccc(Oc3ccc4c(c3)C(=O)N(c3cccc(Oc5cccc(Oc6cccc(N7C(=O)c8ccc(*)cc8C7=O)c6)c5)c3)C4=O)cc2)cc1,190.5,222.1268
*CC1=CCC(C(*)(C)C)CC1,77.0,23.159664
*C=CC1CC(*)C2C(=O)N(c3ccccc3C)C(=O)C12,248.0,206.02332
*Oc1cccc2c(Oc3ccc4c(c3)C(=O)N(c3cccc(N5C(=O)c6ccc(*)cc6C5=O)c3)C4=O)cccc12,260.0,304.1494
*C(=O)c1cccc(C(=O)c2ccc(Oc3ccc(Cc4ccc(Oc5ccc(*)cc5)cc4)cc3)cc2)c1,145.0,132.57819
*C(=O)c1ccc(N(*)CCCCC)cc1,83.5,34.73076
*Nc1ccc(Oc2ccc(N3C(=O)c4ccc(C(*)=O)cc4C3=O)cc2)cc1,295.0,283.11502
*C(=O)c1cccc(N2C(=O)c3ccc(C(=O)c4ccc5c(c4)C(=O)N(c4ccc(*)cc4)C5=O)cc3C2=O)c1,282.0,319.8025
*c1ccc2c(c1)C(=O)N(CC1CCCC(CN3C(=O)c4ccc(C(*)(C(F)(F)F)C(F)(F)F)cc4C3=O)C1)C2=O,222.0,250.03378
*CN1C(=O)c2ccc(C(c3ccc4c(c3)C(=O)N(CC(=O)Nc3ccc(Oc5ccc6nc(-c7ccccc7)c(-c7ccc(Oc8ccc(-c9nc%10cc(Oc%11ccc(NC(*)=O)cc%11)ccc%10nc9-c9ccccc9)cc8)cc7)nc6c5)cc3)C4=O)(C(F)(F)F)C(F)(F)F)cc2C1=O,260.0,158.27356
*C=Cc1ccc(OCCCCCCOC(=O)c2ccc(-c3nnc(-c4ccc(C(=O)OCCCCCCOc5ccc(/C=C/C(*)=O)cc5)cc4)o3)cc2)cc1,62.0,80.48066
*c1ccc(Oc2ccc(-c3cnc(-c4ccc(Oc5ccc(C(*)(C)C)cc5)c(C(F)(F)F)c4)o3)cc2C(F)(F)F)cc1,185.0,207.96481
*C(=O)c1ccc(Oc2ccc(-c3c4c(c(-c5ccc(Oc6ccc(*)cc6)cc5)c5ccccc35)C(=O)N(c3ccc(Cl)cc3)C4=O)cc2)cc1,272.0,247.67963
*O[Si](*)(C)CC[Si](C)(C)O[Si](C)(C)CCCOc1cc(OC(=O)c2ccc(OCCCC)cc2)ccc1/N=N/c1ccc(OCCCC)cc1,-4.0,-31.291115
*Oc1ccc(OC(=O)c2cc(OCCCCCCCCCCC(F)(F)C(F)(F)C(F)(F)C(F)(F)C(F)(F)C(F)(F)C(F)(F)C(F)(F)C(F)(F)C(F)(F)F)cc(C(*)=O)c2)cc1,137.0,62.85817
*Cc1ccc(OC(=O)Oc2ccc(CCC(=O)NC(*)C(=O)OCC)cc2)cc1,96.0,87.84773
*C(=O)c1ccc2c(c1)C(=O)N(c1ccc(Oc3ccc(C(c4ccc(Oc5ccc(N6C(=O)c7ccc(*)cc7C6=O)cc5C(F)(F)F)cc4)(C(F)(F)F)C(F)(F)F)cc3)c(C(F)(F)F)c1)C2=O,220.0,251.59097
*CC(*)(C)C(=O)OCCF,90.0,26.147957
*Nc1ccc(-c2c(-c3ccc(-c4ccccc4)cc3)cc(-c3ccc(OCCCCCCOc4ccc(-c5cc(-c6ccc(-c7ccccc7)cc6)c(-c6ccc(NC(=O)c7ccc(C(*)=O)cc7)cc6)c(-c6ccc(-c7ccccc7)cc6)c5)cc4)cc3)cc2-c2ccc(-c3ccccc3)cc2)cc1,121.5,245.37521
*OC(=O)c1ccc(CCCCc2ccc(C(*)=O)cc2)cc1,46.0,47.28822
*=NP(=NP(=NS(=*)(=O)Nc1ccccc1)(Nc1ccccc1)Nc1ccccc1)(Nc1ccccc1)Nc1ccccc1,82.0,178.9765
*OC1COC2C(OC(=O)c3ccc(/N=N/c4ccc(C(*)=O)cc4)cc3)COC12,98.0,181.00407
*CC(*)c1ccc(-c2cccc3nsnc23)cc1,150.0,156.63666
*c1ccc(Oc2c(F)c(F)c(COC(c3cccc(C(OCc4c(F)c(F)c(Oc5ccc(C(*)(C)C)cc5)c(F)c4F)(C(F)(F)F)C(F)(F)F)c3)(C(F)(F)F)C(F)(F)F)c(F)c2F)cc1,98.0,164.23883
*c1cc(C)c(OC(=O)c2ccc(N3C(=O)CC(Nc4ccc(NC5CC(=O)N(c6ccc(C(=O)Oc7c(C)cc(C(*)c8cccnc8)cc7C)cc6)C5=O)cc4)C3=O)cc2)c(C)c1,212.0,233.78445
*C(=O)c1ccc2c(c1)C(=O)N(c1cccc(C(c3ccccc3)(c3cccc(N4C(=O)c5ccc(*)cc5C4=O)c3)C(F)(F)F)c1)C2=O,311.0,302.80045
*c1ccc(OCC(O)COc2ccc(C(C)(C)c3ccc(OCC(O)COc4ccc(S(*)(=O)=O)cc4C)cc3)cc2)c(C)c1,117.5,112.16888
*c1ccc(-c2ccc(-c3nc4ccc(-c5ccc6nc(*)c(-c7ccccc7)c(-c7ccccc7)c6c5)cc4c(-c4ccccc4)c3-c3ccccc3)cc2)cc1,420.0,290.6483
*c1ccc(C(=O)Oc2cccc(OC(=O)c3ccc([Si](*)(C)C)cc3)c2)cc1,134.0,124.0573
*Oc1ccc(C(c2ccc(Oc3cccc4c3C(=O)N(c3ccc(Oc5ccc(N6C(=O)c7cccc(*)c7C6=O)cc5)cc3)C4=O)cc2)(C(F)(F)F)C(F)(F)F)cc1,226.0,254.70004
*CC(*)(C)C(=O)OCCO[N+](=O)[O-],55.0,40.38793
*CC(O)CCCCC(O)CN(*)c1ccc(N(C)C)cc1,72.0,24.943844
*C(F)(F)C(*)(F)Cl,69.47500000000002,37.731537
*CCP(=O)(CCC(=O)NCCCCCCNC(*)=O)c1ccccc1,29.0,18.961731
*Nc1ccc(Oc2ccc(-c3ccc(Oc4ccc(NC(=O)c5ccc(Oc6ccc(Oc7ccc(C(*)=O)cc7)cc6-c6ccccc6)cc5)cc4)cc3)cc2)cc1,232.0,191.75778
*O[Si](*)(C)CCCCCCCCCCCOc1ccc(/C=C/c2ccc(C#N)cc2)cc1,-54.99999999999997,-16.96289
*O[Si](C)(C)c1ccc([Si](C)(C)O[Si](*)(C)C)cc1,-62.49999999999997,-63.002846
*=Cc1ccc(C=*)cc1,137.425,143.31877
*CCSC(*)C,-58.99999999999997,-17.824821
*Nc1ccc(Oc2ccc(Oc3ccc(NC(=O)c4ccc5c(c4)C(=O)N(c4ccc(Oc6ccc(N7C(=O)c8ccc(C(*)=O)cc8C7=O)cc6)cc4)C5=O)cc3)cc2)cc1,260.0,241.21042
*Oc1ccc(Sc2ccc(Oc3ccc4c(c3)C(=O)N(c3ccc(Oc5cccc(Oc6ccc(N7C(=O)c8ccc(*)cc8C7=O)cc6)c5)cc3)C4=O)cc2)cc1,178.0,218.89862
*C1CCC2C(=O)N(c3ccc(Oc4ccc(Oc5ccc(Oc6ccc(N7C(=O)C8CCC(*)CC8C7=O)cc6)cc5)cc4)cc3)C(=O)C2C1,217.0,217.43707
*c1ccc(-c2nnc(-c3cccc(-c4nnc(*)n4-c4ccccc4)c3)n2-c2ccccc2)cc1,272.5,259.46704
*c1ccc(C(=O)Nc2ccc(C(=O)Nc3ccc(-c4sc(-c5ccc(NC(=O)c6ccc(NC(=O)c7ccc([Si](*)(C)C)cc7)cc6)cc5)c(-c5ccccc5)c4-c4ccccc4)cc3)cc2)cc1,337.0,271.294
*Cc1cc(C)c(N2C(=O)c3ccc(C(=O)OCCN(CCOC(=O)c4ccc5c(c4)C(=O)N(c4c(C)cc(*)cc4C)C5=O)c4ccc(/N=N/c5ccc([N+](=O)[O-])cc5)cc4)cc3C2=O)c(C)c1,179.0,224.22693
*CCCCCOC(*)=O,54.950000000000045,-42.051033
*c1ccc(-c2ccc(Oc3ccc(C(c4ccc(Oc5ccc(*)cc5C(F)(F)F)cc4)(C(F)(F)F)C(F)(F)F)cc3)c(C(F)(F)F)c2)cc1,207.5,215.01181
*c1ccc2c(c1)C(=O)N(c1cccc(OCCCCCOc3cccc(N4C(=O)c5ccc(*)cc5C4=O)c3)c1)C2=O,165.0,188.125
*C(F)(F)C1(*)OC(F)(C(F)(F)F)C(F)(C(F)(F)F)O1,165.0,87.98409
*Oc1ccc(-c2ccc(OC(=O)c3ccc(C(*)=O)cc3)c(-c3ccccc3)c2)cc1,132.0,192.43408
*C(=O)c1ccc(Oc2ccc(C(=O)c3ccc(Oc4ccc(Cc5ccc(Oc6ccc(*)cc6)cc5)cc4)cc3)cc2)cc1,128.0,135.33688
*CCCCn1c(=O)c2cc3c(=O)n(CCC(*)C)c(=O)c3cc2c1=O,135.0,189.74194
*CCCCCN1C(=O)c2ccc(C(=O)Oc3ccc4ccc(OC(*)=O)cc4c3)cc2C1=O,113.0,148.35918
*c1ccc(/N=N/c2ccc(OCC)cc2)cc1C(=O)OCCCOC(=O)c1cc(/N=N/c2ccc(OCC)cc2)ccc1*,101.0,124.32691
*CCC(C)O[Si](C)(C)O[Si](C)(C)O[Si](C)(C)OC(*)C,-89.99999999999997,-93.060646
*Cc1cocc1[CH2][Ge]([*])([CH3])[CH3],-27.99999999999997,25.997746
*CC(*)c1ccc(C(=O)N2CCOCC2)cc1,127.0,106.909164
*C1C(=O)OC(=O)C1C1C2CC(C(=O)OCCOCC)C(C2)C1*,155.0,117.51417
*Oc1ccccc1Oc1ccc2c(c1)C(=O)N(c1ccc(Oc3ccc(C(c4ccc(Oc5ccc(N6C(=O)c7ccc(*)cc7C6=O)cc5C(F)(F)F)cc4)(C(F)(F)F)C(F)(F)F)cc3)c(C(F)(F)F)c1)C2=O,191.0,215.62964
*NCCCCCCCNC(*)=O,62.0,72.604614
*C=[CH][Ge]([CH]=C[Si](*)(c1ccccc1)c1ccccc1)([c]1ccccc1)[c]1ccccc1,28.0,69.95651
*CCC(=O)NCCCCCCNC(=O)CCC(C)(C)c1ccc(C(*)(C)C)cc1,93.25,39.182777
*C(CC1C(=O)OC(=O)C1*)c1ccccc1,212.0,104.90264
*c1ccc(OC(=O)Oc2ccc(C(*)(C)C)cc2Cl)c(Cl)c1,147.0,155.0104
*Nc1ccc(N2C(=O)CC(N3C(=O)c4ccc(C(*)=O)cc4C3=O)C2=O)cc1,120.0,346.01196
*COc1ccc(C(C)(c2ccccc2)c2ccc(OCC(*)OC(C)=O)cc2)cc1,110.0,79.811806
*C(=O)Oc1ccc(OC(=O)c2ccc(*)cc2Sc2ccc(C)cc2)cc1,134.0,157.54483
*C(=O)c1ccc(Oc2ccc(C3(c4ccc(Oc5ccc(C(*)=O)cc5)cc4)c4ccccc4-c4ccccc43)cc2)cc1,242.0,198.30719
*CC(*)(C)C(=O)OCc1ccsc1,83.5,42.11569
*CCCCCCCCC(=O)NCCCCCCNC(*)=O,39.85000000000002,-16.28344
*OCCCCCCOc1ccc(-c2ccc(*)c3ccccc23)c2ccccc12,109.0,85.931114
*c1ccc2oc(-c3ccc(-c4nc5cc(C(*)(C(F)(F)F)C(F)(F)F)ccc5o4)nc3)nc2c1,352.0,292.77505
*CCCCC(=O)Oc1ccc(C2(c3ccc(OC(*)=O)cc3)c3ccccc3-c3ccccc32)cc1,166.0,168.7214
*c1ccc(-c2ccc(-c3cnc4cc(-c5ccc6nc(*)cnc6c5)ccc4n3)cc2)cc1,345.5,214.90186
*C=Cc1ccc2c(c1)C(CCCCCCOc1ccc3ccc(=O)oc3c1)(CCCCCCOc1ccc3ccc(=O)oc3c1)c1cc(C=Cc3ccc4c(c3)C(CCCCCC)(CCCCCC)c3cc(*)ccc3-4)ccc1-2,115.0,111.57574
*Oc1ccc(C(=C(Cl)Cl)c2ccc(OC(*)=O)cc2)cc1,167.0,132.07892
*C(=O)c1ccc2c(c1)C(=O)N(c1ccc(C(c3ccc(N4C(=O)c5ccc(*)cc5C4=O)cc3)(C(F)(F)F)C(F)(F)F)cc1)C2=O,308.03,292.74286
*CC(*)(C)C(=O)OCCCCOc1ccc(OC(=O)c2ccc(OCCCCCCCC)cc2)cc1,10.0,12.644257
*c1ccc2c(c1)C(=O)N(c1ccc(Oc3ccc(C(c4ccc(Oc5ccc(N6C(=O)c7ccc(*)cc7C6=O)cc5C(F)(F)F)cc4)(C(F)(F)F)C(F)(F)F)cc3)c(C(F)(F)F)c1)C2=O,223.0,250.86572
*C=C[Si](*)(c1ccccc1)c1ccccc1,-9.0,44.61193
*c1ccc(Oc2ccc(S(=O)(=O)c3ccc(Oc4ccc(C(*)(C)C)cc4C(O)(C(F)(F)F)C(F)(F)F)cc3)cc2)c(C(O)(C(F)(F)F)C(F)(F)F)c1,167.0,189.28983
*C(=O)OCCOC(=O)c1ccc(-c2ccc(*)cc2C)c(C)c1,73.0,99.77484
*Oc1ccc(OC(=O)c2ccc(C(*)=O)cc2Oc2ccc(Cl)cc2)cc1,107.0,169.16173
*CC(*)c1cc(-c2ccc(C(=O)OC(C)CC)cc2)ccc1-c1ccc(C(=O)OC(C)CC)cc1,212.5,93.411644
*CC(*)c1ccc(Cl)cc1,119.925,130.10393
*OCCCCCCCCCCOc1ccc(/C=C/c2ccc(OCCCCCCCCCCOP(*)(=O)OCCCCCCCCCCOc3ccc(/N=N/c4ccc(-c5ccccc5)cc4)cc3)cc2)cc1,50.0,25.196827
*NCC(F)(F)C(F)(F)C(F)(F)C(F)(F)CNC(=O)OCCCCOC(*)=O,33.0,8.124275
*Oc1ccc(C(=O)Nc2ccc(Oc3ccc(-c4ccc(Oc5ccc(NC(=O)c6ccc(Oc7ccc(*)cc7C)cc6)cc5)cc4)cc3)cc2)cc1,220.0,173.08128
*/C(CC)=C(/*)c1ccccc1,200.0,55.28222
*Nc1ccc(Oc2ccc(NC(=O)c3cc(C(*)=O)cc(C(F)(F)C(F)(F)C(F)(F)C(F)(F)F)c3)cc2)cc1,257.0,211.59346
*O[Si](C)(C)O[Si](C)(C)O[Si](C)(C)c1ccc([Si](C)(C)O[Si](C)(C)O[Si](*)(C)C)cc1,-79.99999999999997,-98.99703
*CCN(*)C(=O)C12CC3CC(CC(C3)C1)C2,123.0,188.55153
*c1ccc(NC(=O)OCCN(CCOC(=O)Nc2ccc(*)cc2C)c2ccc(/N=N/c3ccc([N+](=O)[O-])cc3)cc2)c(C)c1,119.5,138.45895
*CC(*)(C)C(=O)OCC1CCCO1,105.0,47.364426
*Nc1ccc(-c2nc3cc(NC(=O)c4ccc(OCCOCCOCCOCCOc5ccc(C(*)=O)cc5)cc4)ccc3[nH]2)cc1,140.0,132.40372
*Nc1ccc2c(c1)C(=O)N(c1cccc(P(=O)(c3ccccc3)c3cccc(N4C(=O)c5ccc(NC(=O)OCCOc6ccc(P(=O)(c7ccccc7)c7ccc(OCCOC(*)=O)cc7)cc6)cc5C4=O)c3)c1)C2=O,218.0,219.46863
*CCc1ccc(*)cc1C,54.85000000000002,37.795918
*c1ccc2c(c1)C(=O)N(c1ccc(-c3ccc(N4C(=O)c5ccc(C(*)(C(F)(F)F)C(F)(F)F)cc5C4=O)c(O)c3)cc1O)C2=O,358.0,279.89865
*NCCCCCCCCCCCCCCCCCCNC(=O)NCc1ccc(CNC(*)=O)cc1,52.0,60.547337
*C(=O)c1ccc(Oc2ccc(-c3[nH]c(-c4ccccc4)nc3-c3ccc(Oc4ccc(*)cc4)cc3)cc2)cc1,259.0,206.69855
*Oc1cccc(Oc2ccc3c(c2)C(=O)N(c2ccc(Oc4ccc(S(=O)(=O)c5ccc(Oc6ccc(N7C(=O)c8ccc(*)cc8C7=O)cc6)cc5)cc4)cc2)C3=O)c1,201.0,236.81485
*c1ccc2c(c1)C(=O)N(c1ccc(Oc3cccc(N4C(=O)c5ccc(*)cc5C4=O)c3)cc1)C2=O,259.0,288.0796
*CCCCCCN1C(=O)C(=O)N(*)C1=O,55.0,123.942276
*c1ccc2c(c1)C(=O)N(c1ccc(Oc3ccc(N4C(=O)c5ccc(C(*)O[Si](C)(C)O[Si](C)(C)O[Si](C)(C)C)cc5C4=O)cc3)cc1)C2=O,167.0,122.50131
*OC1CCCCC1*,68.5,51.530087
*c1ccc2nc(-c3ccc(C4(c5ccc(-c6cc(-c7ccccc7)c7cc(C8(*)c9ccccc9C(=O)c9ccccc98)ccc7n6)cc5)c5ccccc5-c5ccccc54)cc3)cc(-c3ccccc3)c2c1,405.0,302.91672
*c1cc2c(s1)c1sc(-c3sc(-c4ccc(-c5cc(CCCCCC)c(*)s5)c5nsnc45)cc3CCCCCC)cc1n2CC(CC)CCCC,90.0,92.705505
*CC(CCCC)O*,-68.99999999999997,-59.48104
*Oc1ccc2c(c1)C(=O)N(c1ccc(Sc3ccc(Sc4ccc(N5C(=O)c6ccc(*)cc6C5=O)cc4)s3)cc1)C2=O,218.0,226.26627
*CCC(C)(C)C(*)(C)C,87.0,3.1775284
*c1ccc(Oc2ccc(S(*)(=O)=O)c3ccccc23)cc1,238.0,215.63028
*CC1(*)CCCCC1,100.0,75.133446
*NC(=O)OCCCCCOC(=O)c1ccccc1C(=O)[O][Pb][O]C(=O)c1ccccc1C(=O)OCCCCCOC(=O)Nc1ccc(C)c(*)c1,-11.299999999999956,66.973206
*OCCCCCCOc1ccc(/C=N/c2nc(-c3ccc(Oc4ccc(-c5csc(/N=C/c6ccc(*)cc6)n5)cc4)cc3)cs2)cc1,117.0,132.84328
*O[Si](*)(C)CCCCCCCCCCC(=O)Oc1ccc(OC(=O)c2ccc(OCC(C)CC)cc2)cc1,13.400000000000034,-23.23919
*[Si](*)(C)CCC(F)(F)F,-3.0,-108.770226
*C1C=C(CCCCCC)C(*)S1,58.05000000000001,-17.089409
*Oc1ccc(Oc2cccc(Oc3cccc4c3C(=O)N(c3ccc(Oc5ccc(N6C(=O)c7cccc(*)c7C6=O)cc5)cc3)C4=O)c2)cc1,239.0,236.86774
*Oc1ccc(Sc2ccc(Oc3cccc4c3C(=O)N(c3ccc(Oc5ccc(N6C(=O)c7cccc(*)c7C6=O)cc5)cc3)C4=O)cc2)cc1,234.0,231.20538
*Oc1ccc(Oc2ccc(/C=N/c3ccc(/N=C/c4ccc(*)cc4)cc3)cc2)cc1,117.0,182.67892
*Nc1ccc(-c2nc(-c3ccc(/C=C/c4ccc([N+](=O)[O-])cc4)cc3)[nH]c2-c2ccc(NC3CC(=O)N(c4ccc(Cc5ccc(N6C(=O)CC(*)C6=O)cc5)cc4)C3=O)cc2)cc1,250.0,282.71042
*CCCCCCCCCC(=O)NCCc1ccc(CCNC(*)=O)cc1,96.0,24.092136
*COCC(*)(CC)COC(=O)C(=C)C,40.0,11.080948
*CC(*)(F)C(=O)OCCC(F)(F)C(F)(F)C(F)(F)C(F)(F)C(F)(F)C(F)(F)C(F)(F)C(F)(F)F,87.5,-11.234589
*CC(*)(C)C(=O)OCCCCCCCCCCCn1c2ccccc2c2ccccc21,31.0,70.57532
*c1ccc(C(=O)NCCCCNC(=O)c2ccc(C(*)(C)CC)cc2)cc1,182.0,130.65416
*CC(*)CNc1ccc([N+](=O)[O-])cc1C,151.0,114.00844
*CC(*)C(=O)NCCC[N+](C)(C)CCCS(=O)(=O)O,141.5,23.023949
*Cc1ccc(C(=O)NCCCNC(*)=O)cc1,109.0,100.213715
*CCc1ccc(*)c2ccccc12,160.0,105.413376
*Oc1ccc(C2(c3ccc(Oc4ccc5c6c4cccc6c(=O)n4c6ccc(Oc7ccc8nc9c%10cccc%11c(*)ccc(c(=O)n9c8c7)c%11%10)cc6nc54)cc3)c3ccccc3-c3ccccc32)cc1,396.0,279.1519
*C(=O)c1ccc(-c2ccc(C(=O)c3ccc(Oc4ccc(-c5[nH]c(-c6ccccc6)nc5-c5ccc(Oc6ccc(*)cc6)cc5)cc4)cc3)cc2)cc1,258.0,218.42136
*CC(*)(C)C(=O)OCCCC,22.42500000000001,8.928604
*Oc1cc2ccccc2cc1OC(=O)c1ccc(Oc2ccc(C(*)=O)cc2)cc1,148.0,155.98904
*c1cc(C)c(NC(=O)c2ccc(Oc3cc(C(C)(C)C)c(Oc4ccc(C(=O)Nc5c(C)cc(C(*)(C)C)cc5C)cc4)cc3C(C)(C)C)cc2)c(C)c1,295.0,208.15482
*C(=O)C(F)(F)C(F)(F)C(F)(F)C(=O)N(CCCCCCN(*)CC(F)(F)C(F)(F)F)CC(F)(F)C(F)(F)F,174.0,6.6427307
*C=Nc1cc(C)c(N2C(=O)c3ccc4c5ccc6c7c(ccc(c8ccc(c3c48)C2=O)c75)C(=O)N(c2cc(C)c(/N=C/c3ccc(OCc4ccccc4COc4ccc(*)cc4OC)c(OC)c3)cc2C)C6=O)cc1C,143.0,238.18887
*Nc1ccc(Oc2ccc(-c3ccc(Oc4ccc(NC(=O)c5ccc(N6C(=O)c7ccc(C(c8ccc9c(c8)C(=O)N(c8ccc(C(*)=O)cc8)C9=O)(C(F)(F)F)C(F)(F)F)cc7C6=O)cc5)cc4)cc3)cc2)cc1,296.0,252.2085
*CC(*)C(=O)OCC(F)(F)C(F)(F)C(F)(F)C(F)F,-34.99999999999997,2.5029907
*Cc1cc(C)c(N2C(=O)c3ccc(C(=O)Nc4cc(NC(=O)c5ccc6c(c5)C(=O)N(c5c(C)cc(*)cc5C)C6=O)ccc4/N=N/c4ccc([N+](=O)[O-])cc4)cc3C2=O)c(C)c1,264.0,305.793
*c1ccc(N2C(=O)c3ccc(-c4ccc5c(c4)C(=O)N(c4ccc(*)cc4C)C5=O)cc3C2=O)c(C)c1,302.0,322.07117
*c1ccc(Oc2ccc3c(c2)C(=O)N(c2ccc(O)c(N4C(=O)c5ccc(Oc6ccc(C(*)(C)C)cc6)cc5C4=O)c2)C3=O)cc1,246.0,242.19781
*Oc1ccc(C2(c3ccc(OC(*)=O)c(Cl)c3)CCCCC2)cc1Cl,179.0,156.57986
*Oc1ccc(C2(c3ccc(Oc4ccc5c(c4)C(=O)N(c4ccc(Oc6ccc(N7C(=O)c8ccc(*)cc8C7=O)cc6)cc4)C5=O)cc3)CCCCCCCCCCC2)cc1,230.0,176.81151
*Nc1ccc(N2C(=O)c3ccc(C(=O)Nc4ccc(NC(=O)c5ccc6c(c5)C(=O)N(c5ccc(NC(*)=O)cc5)C6=O)cc4)cc3C2=O)cc1,216.0,319.96448
*C=Nc1ccc(C(=O)OCCCCOCCCCOCCCCOC(=O)c2ccc(/N=C/c3cc(OCCC(C)CCCC(C)C)c(*)cc3OCCC(C)CCCC(C)C)cc2)cc1,-4.7999999999999545,6.850815
*COC(=O)c1ccc(C(=O)OCC(*)(C)CC)cc1,63.0,39.833195
*Nc1ccc(Oc2ccc(Oc3ccc(NC(=O)c4ccc5c(c4)C(=O)N(c4ccc(Oc6cccc7c(Oc8ccc(N9C(=O)c%10ccc(C(*)=O)cc%10C9=O)cc8)cccc67)cc4)C5=O)cc3)cc2)cc1,285.0,228.24173
*Nc1cccc(C(=O)c2ccc(Oc3ccc(Oc4ccc(C(=O)c5cccc(NC(=O)c6ccc(C(*)=O)cc6)c5)cc4)cc3)cc2)c1,210.0,244.3263
*Nc1ccc(S(=O)(=O)c2ccc(NC(=O)c3ccc(Oc4ccc(C(=O)c5ccc(S(=O)(=O)c6ccc(C(=O)c7ccc(Oc8ccc(C(*)=O)cc8)cc7)cc6)cc5)cc4)cc3)cc2)cc1,260.0,236.32135
*CNC*,-35.77499999999998,9.593262
*c1cccc(P(=O)(c2ccccc2)c2cccc(-n3c(=O)c4c(-c5ccc(C(F)(F)F)cc5)c5c(=O)n(*)c(=O)c5c(-c5ccc(C(F)(F)F)cc5)c4c3=O)c2)c1,334.0,315.11517
*Sc1ccc(Sc2ccc(Sc3ccc4c(c3)C(=O)N(c3ccc(Sc5ccc(Sc6ccc(N7C(=O)c8ccc(*)cc8C7=O)cc6)cc5)cc3)C4=O)cc2)cc1,190.75,201.7442
*CCCCC(=O)NCC(=O)NCCCCCCNC(*)=O,53.400000000000034,25.772839
*C(=O)c1ccc2c(c1)C(=O)N(c1ccc(Oc3ccc(N4C(=O)c5ccc(C(=O)c6ccc(Oc7ccc(Oc8ccc(*)cc8)cc7)cc6)cc5C4=O)cc3)cc1)C2=O,220.0,225.05212
*Oc1cccc(Sc2ccc(Oc3cccc4c3C(=O)N(c3cccc(N5C(=O)c6cccc(*)c6C5=O)c3)C4=O)cc2)c1,231.0,258.9625
*Oc1ccc(-n2c(=O)c3cc4c(=O)n(-c5ccc(Oc6cc(C(C)(C)C)ccc6*)cc5)c(=O)c4cc3c2=O)cc1,321.0,267.46307
*c1cccc(N2C(=O)c3ccc(NC(=O)OCCOc4ccc(P(=O)(c5ccccc5)c5ccc(OCCOC(=O)Nc6ccc7c(c6)C(=O)N(c6cccc(P(*)(C)=O)c6)C7=O)cc5)cc4)cc3C2=O)c1,201.0,215.68811
*OCCCCCCCCCOC(=O)c1ccc2cc(C(*)=O)ccc2c1,50.0,25.448833
*Nc1ccc(-c2ccccc2NC(=O)c2cccc(C(*)=O)c2)cc1,248.0,291.6798
*COC(=O)C1(C)CNC(C)(C(=O)OCC(C)(C)CSCC(*)(C)C)CN1,40.0,58.361115
*c1ccc2c(c1)C(=O)N(c1ccc(Oc3cccc(-c4cc(-c5ccccc5)cc(-c5cccc(Oc6ccc(N7C(=O)c8ccc(C(*)(C(F)(F)F)C(F)(F)F)cc8C7=O)cc6)c5)n4)c3)cc1)C2=O,180.0,256.4451
*Oc1ccc(-c2ccc(OC(=O)c3ccc4c(c3)C(=O)N(CCCCN3C(=O)c5ccc(C(*)=O)cc5C3=O)C4=O)cc2)cc1,126.0,215.9086
*CCN(*)C(=O)C(OC)(c1ccccc1)C(F)(F)F,89.0,79.28006
*CCCCCCCCC(=O)Nc1cccc(NC(*)=O)c1,110.0,86.56085
*Oc1ccc2c(c1)C(=O)N(c1cccc(N3C(=O)c4ccc(*)cc4C3=O)c1)C2=O,270.5,317.44986
*CCc1ccc(OC(=O)CCCCCCC(=O)Oc2ccc(CC(NC(*)=O)C(=O)OCc3ccccc3)cc2)cc1,47.0,55.667408
*OCCCCCOC(=O)c1ccc(-c2ccc(-c3ccc(C(*)=O)cc3)cc2)cc1,40.0,81.53456
*c1ccc2c(c1)C(=O)N(c1c(F)c(F)c(N3C(=O)c4ccc(C(*)(C(F)(F)F)C(F)(F)F)cc4C3=O)c(F)c1F)C2=O,375.5,293.80753
*CC(*)c1ccc(C(=O)CCCCC)cc1,66.0,35.80007
*CC(*)(C)C(=O)OCC1COCCOCCOCCO1,35.0,-17.308487
*Nc1ccc(C(=O)OCCCCCCCCCCCCOC(=O)c2ccc3c(c2)C(=O)N(c2ccc(C(*)=O)cc2)C3=O)cc1,74.0,115.19365
*Nc1ccc(Oc2ccc(-c3nnc(-c4ccc(Oc5ccc(NC(=O)c6cc(C(*)=O)cc(N7C(=O)c8ccccc8C7=O)c6)cc5)cc4)o3)cc2)cc1,285.0,260.33432
*Oc1ccc(OC(=O)c2ccc(C(*)=O)cc2Oc2ccccc2)cc1,105.0,162.77333
*Oc1ccc(-c2ccc(Oc3ccc4c(c3)C(=O)N(c3ccc(Oc5ccc(Oc6ccc(N7C(=O)c8ccc(*)cc8C7=O)cc6)cc5)cc3)C4=O)cc2)cc1,222.0,220.74231
*c1cc(C)c(/N=C/c2ccc(OCc3ccc(COc4ccc(/C=N/c5cc(C)c(N6C(=O)c7ccc8c9ccc%10c%11c(ccc(c%12ccc(c7c8%12)C6=O)c%119)C(=O)N(*)C%10=O)cc5C)cc4)cc3)cc2)cc1C,130.0,231.42874
*CCCCCCCCC(=O)OCC#CC(C#CCOC(*)=O)=Cc1ccc(C#Cc2ccc(C=C(C#Cc3ccccc3)C#Cc3ccccc3)cc2)cc1,60.0,86.055664
*c1ccc(OC(=S)Oc2ccc(C(*)CCC)cc2)cc1,130.0,84.25581
*CC(*)C(=O)OCCCn1c2ccccc2c2ccccc21,83.0,104.8636
*C(=O)c1ccc2c(c1)C(=O)N(c1cc(N3C(=O)c4ccc(*)cc4C3=O)ccc1OCC(F)(F)C(F)(F)C(F)(F)F)C2=O,262.0,250.43088
*O[Si](*)(C)CCCCCCCCCCC(=O)Oc1ccc(C(=O)Oc2ccc(OC(=O)c3ccc(OCC(C)CC)cc3)cc2)cc1,28.5,18.48011
*Oc1ccc(-c2ccc(Oc3ccc(S(=O)(=O)c4ccc(*)cc4N)c(N)c3)cc2)cc1,242.20000000000005,226.65091
*Sc1ccc(Sc2ccc(Sc3ccc4c(c3)C(=O)N(N3C(=O)c5ccc(*)cc5C3=O)C4=O)cc2)cc1,223.5,243.07086
*OC(=O)c1ccc(OCCOc2ccc(C(*)=O)cc2)cc1,45.0,36.27936
*CCCOC(*)=O,1.5,-37.507698
*CC(*)OC(=O)c1ccc(CC)cc1,57.0,36.945057
*c1ccc(OCC(COc2ccc(C(*)(C)C)cc2)OC(=O)c2ccccc2)cc1,65.0,79.70207
*CC(*)C(=O)OCCCSCC,-75.99999999999997,-43.500725
*OC(=O)c1ccc(C(=O)[O][Sn]([*])([CH2]CCC)[CH2]CCC)cc1,315.0,-5.119919
*CC(*)(C)C(=O)OCc1ccco1,111.0,43.49459
*c1ccc(OC(=O)c2ccc(C(=O)Oc3ccc(C(*)(CC)c4ccccc4)cc3)cc2)cc1,243.0,147.18427
*C=Cc1ccc(*)cc1OCc1cc(OCc2cc(OCCC(C)CCCC(C)C)cc(OCCC(C)CCCC(C)C)c2)cc(OCc2cc(OCC(CC)CCCC)cc(OCC(CC)CCCC)c2)c1,223.0,36.800835
*Oc1cccc(Oc2cccc3c2C(=O)N(c2cccc(N4C(=O)c5cccc(*)c5C4=O)c2)C3=O)c1,241.0,293.44098
*c1ccc(Nc2ccc(C(=O)c3ccc(C(=O)c4ccc(Nc5ccc(C(C)(C)c6cccc(C(*)(C)C)c6)cc5)cc4)cc3)cc2)cc1,177.0,247.25009
*Oc1cccc2c(Oc3ccc4c(c3)C(=O)N(c3ccc(Oc5ccc(S(=O)(=O)c6ccc(Oc7ccc(N8C(=O)c9ccc(*)cc9C8=O)cc7)cc6)cc5)cc3)C4=O)cccc12,201.0,248.31723
*CNC(=O)c1cccc(C(=O)NCC2CC(*)CC(C(C)(C)C)C2)c1,209.0,156.90419
*Oc1cccc2c1C(=O)N(c1ccc(Oc3ccc(N4C(=O)c5cccc(*)c5C4=O)cc3)cc1)C2=O,293.75,278.6038
*C=CC1CC(*)CC1(C#N)[Si](C)(C)O[Si](C)(C)C,88.0,-20.472862
*c1ccc(Oc2ccc(-c3ccc(N4C(=O)c5ccc(C(=O)c6ccc7c(c6)C(=O)N(c6ccc(-c8ccc(Oc9ccc%10c(c9)C(*)(C)CC%10(C)C)c(C(F)(F)F)c8)cc6)C7=O)cc5C4=O)cc3)cc2C(F)(F)F)cc1,252.0,257.88348
*c1ccc2c(c1)C(=O)N(c1ccc(Oc3ccc(N4C(=O)c5ccc(C(*)O[Si](C)(C)C)cc5C4=O)cc3)cc1)C2=O,210.0,210.06253
*C=Nc1cc(C)c(N2C(=O)c3ccc4c5ccc6c7c(ccc(c8ccc(c3c48)C2=O)c75)C(=O)N(c2cc(C)c(/N=C/c3ccc(OCc4ccc(COc5ccc(*)cc5OC)cc4)c(OC)c3)cc2C)C6=O)cc1C,145.0,231.5965
*C(=O)c1ccc(Oc2cccc(C(=O)c3ccc(Oc4ccc(*)cc4)cc3)c2)cc1,146.0,149.83823
*C(=O)c1ccc2c(c1)C(=O)N(c1ccc(S(=O)(=O)c3ccc(N4C(=O)c5ccc(*)cc5C4=O)cc3)cc1)C2=O,307.0,301.16974
*CNC(=O)CCOCCC(=O)NCc1c(C)c(C)c(*)c(C)c1C,191.0,89.571686
*Cc1cc2cc(C(=O)Nc3cccc(NC(=O)c4cc5cc(*)c(OC(=O)COc6ccc7ccc(=O)oc7c6)cc5oc4=O)c3)c(=O)oc2cc1OC(=O)COc1ccc2ccc(=O)oc2c1,240.0,201.27246
*CCCCCC(*)CC,-72.99999999999997,-64.349815
*CCC1C(=O)N(CCCCCCCCCCCCCCCC)C(=O)C1*,65.60000000000002,12.819412
*CCCCCCCC(=O)Oc1ccccc1C(=O)OC(=O)c1ccccc1OC(*)=O,25.0,35.386284
*Nc1ccc(-c2ccc(N3C(=O)c4ccc(Oc5ccc6c(c5)C(=O)N(c5ccc(-c7ccc(NC(=O)c8cccc(C(*)=O)c8)cc7)cc5)C6=O)cc4C3=O)cc2)cc1,233.0,303.04276
*c1ccc(C(c2ccc(-n3c(=O)c4cc5c(=O)n(*)c(=O)c5cc4c3=O)cc2)(C(F)(F)F)C(F)(F)F)cc1,362.5,300.20306
*C(=O)c1ccc(Oc2ccc(N3C(=O)c4ccc(C(=O)c5ccc6c(c5)C(=O)N(c5ccc(Oc7ccc(*)cc7)cc5)C6=O)cc4C3=O)cc2)cc1,252.0,245.73114
*c1ccc(Cn2c(=O)c3cc4c(=O)n(Cc5ccc(C(*)(C)C)o5)c(=O)c4cc3c2=O)o1,138.0,209.57442
*Oc1ccc(-c2ccc(Oc3cccc4c3C(=O)N(c3ccc(Oc5cccc(Oc6ccc(N7C(=O)c8cccc(*)c8C7=O)cc6)c5)cc3)C4=O)cc2)cc1,224.0,236.85834
*C(=O)OCCCCCCn1c(=O)c2cc3c(=O)n(CCCCCCOC(=O)c4cc(*)cc(OCCCCCCOc5ccc(/N=N/c6ccc(C#N)cc6)cc5)c4)c(=O)c3cc2c1=O,46.0,103.14848
*c1ccc(-c2nc3ccc(-c4ccc5nc(*)c(-c6ccccc6)c(-c6ccccc6)c5c4)cc3c(-c3ccccc3)c2-c2ccccc2)cc1,400.0,289.23126
*c1ccc(-c2ccc(-c3sc(-c4ccc([Si](C)(C)[Si](C)(C)[Si](C)(C)[Si](C)(C)c5ccc(-c6cc(CCCCCCCC)c(*)s6)s5)s4)cc3CCCCCCCC)s2)s1,6.0,5.303383
*CC(*)C(=O)c1ccc(Cl)cc1,63.0,113.142654
*CC(*)(C)C(=O)OCCCOc1ccc(C(=O)Oc2ccc3ccc(=O)oc3c2)cc1,68.0,91.32456
*Sc1ccc2c(c1)C(=O)N(c1ccc(Oc3ccc4ccccc4c3-c3c(Oc4ccc(N5C(=O)c6ccc(*)cc6C5=O)cc4C(F)(F)F)ccc4ccccc34)c(C(F)(F)F)c1)C2=O,273.0,282.2175
*CC(*)C(=O)OCC(F)(F)C(F)(F)OC(F)(F)C(F)(F)C(F)(F)F,-67.99999999999997,-19.867523
*c1ccc2c(c1)C(=O)N(c1ccc(-c3ccc(N4C(=O)c5ccc(C(*)(C(F)(F)F)C(F)(F)F)cc5C4=O)cc3I)c(I)c1)C2=O,319.0,278.0525
*c1nc(C)nc(N(CCCCCCCCCCN(*)c2ccccc2)c2ccccc2)n1,48.0,54.60237
*CCCCCCC(=O)Nc1cccc(S(=O)(=O)c2cccc(NC(*)=O)c2)c1,125.0,142.34975
*CCCCCCCCCCCCCCCCCCCCC(*)COCCOCCOCCOCCOCc1ccc2ccc3cccc4ccc1c2c34,-20.99999999999997,15.79528
*c1ccc2c(c1)C(=O)N(c1cccc3c(N4C(=O)c5ccc(C(*)(C(F)(F)F)C(F)(F)F)cc5C4=O)cccc13)C2=O,390.0,293.8355
*C(=O)OCCN(CCOC(=O)c1cc(*)cc(OCCN(C)c2ccc(S(=O)(=O)C(F)(F)C(F)(F)C(F)(F)C(F)(F)C(F)(F)C(F)(F)C(F)(F)C(F)(F)F)cc2)c1)c1ccc(S(=O)(=O)C(F)(F)C(F)(F)C(F)(F)C(F)(F)C(F)(F)C(F)(F)C(F)(F)C(F)(F)F)cc1,83.0,78.52265
*CCCCCCCCCCCCC(=O)NCCc1ccc(CCNC(*)=O)cc1,93.0,11.523651
*CC(*)c1cc(C(C)(C)C)ccc1C,87.0,116.47332
*N=Nc1ccc(Oc2ccc(/N=N/P(=O)(OCC)OCCOP(*)(=O)OCC)cc2)cc1,22.0,52.063053
*C(=O)c1ccc2c(c1)C(=O)N(c1ccc(Oc3cc4ccccc4cc3Oc3ccc(N4C(=O)c5ccc(*)cc5C4=O)cc3)cc1)C2=O,246.0,271.14822
*c1ccc(OC(Oc2ccccc2)(Oc2ccccc2)Oc2ccc(*)cc2C)c(C)c1,125.0,117.025475
*Oc1cccc(OC(=O)c2ccc(Oc3ccc(C(*)=O)cc3)cc2)c1,159.0,155.07584
*c1ccc(CCCCCCCCCCc2ccc(-c3c(-c4ccccc4)cc(-c4cccc(-c5cc(-c6ccccc6)c(*)c(-c6ccccc6)c5-c5ccccc5)c4)c(-c4ccccc4)c3-c3ccccc3)cc2)cc1,180.0,191.99223
*C(=O)c1cccc(C(=O)c2ccc(Oc3ccc(N4C(=O)c5ccc(Oc6ccc7c(c6)C(=O)N(c6ccc(Oc8ccc(*)cc8)cc6)C7=O)cc5C4=O)cc3)cc2)n1,208.6,229.05133
*CCCC1(C)CCN(C(=O)CCCC(=O)N2CCC(*)(C)CC2)CC1,58.0,43.651024
*Nc1ccc(C(=O)OCCCCCCCCCOC(=O)c2ccc3c(c2)C(=O)N(c2ccc(C(*)=O)cc2)C3=O)cc1,100.0,133.58916
*Oc1ccc(C(=O)c2ccc(-c3ccc(C(=O)c4ccc(Oc5ccc(*)cc5-c5ccc(S(=O)(=O)O)c(C)c5)cc4)cc3)cc2)cc1,182.0,223.38342
*c1ccc(OCOc2ccc(-c3oc(-c4ccc([N+](=O)[O-])cc4)nc3*)cc2)cc1,194.0,162.91957
*CC(*)C(=O)OCCC(C)OC,-55.99999999999997,-35.318604
*c1ccc(OCCCCCCOc2ccc(-c3ccc(OCC)cc3)cc2)c(N2C(=O)c3ccc(C(c4ccc5c(c4)C(=O)N(*)C5=O)(C(F)(F)F)C(F)(F)F)cc3C2=O)c1,150.3,164.2135
*Nc1ccc(S(=O)(=O)c2ccc(NC(=O)c3ccc4c(c3)C(=O)N(c3cccc(N5C(=O)c6ccc(C(*)=O)cc6C5=O)c3)C4=O)cc2)cc1,342.0,324.11252
*NC(=O)OCCN(CCOC(=O)NCC1(C)CC(*)CC(C)(C)C1)c1ccc(/N=N/c2ccc([N+](=O)[O-])cc2)cc1,137.0,94.80407
*Sc1ccc(Sc2ccc(Sc3ccc(Oc4ccc(*)cc4)cc3)cc2)cc1,84.0,102.6189
*CCCCCCCCCCCCCCCCC(=O)NCCCCCCNC(*)=O,47.0,-22.241852
*C(=O)N1CCN(C(=O)c2cccc(*)c2)CC1,214.5,167.03049
*NCc1cccc(CNC(=O)c2ccccc2-c2ccccc2C(*)=O)c1,159.0,213.41922
*C(C)C(*)C(=O)OCCCC,90.0,-8.6528015
*Oc1cccc(Oc2cccc3c2C(=O)N(c2ccc(Oc4ccc(N5C(=O)c6cccc(*)c6C5=O)cc4)cc2)C3=O)c1,226.0,253.8317
*c1ccc(OCC(O)COC(=O)CCCCC(=O)OCC(O)COc2ccc(C(*)(C)C)cc2)cc1,34.0,39.650658
*C1C(*)C2CC1C(C(=O)OCCCc1ccccc1)C2C(=O)OCCCc1ccccc1,200.0,79.18227
*=Cc1cc(OC)c(/C=C(\c2ccc(OC)cc2)c2ccc(C(=*)c3ccc(OC)cc3)cc2)cc1OC,170.0,147.90817
*C(=O)c1ccccc1-c1ccccc1C(=O)c1ccc(Oc2ccc(C(c3ccc(Oc4ccc(*)cc4)cc3)(C(F)(F)F)C(F)(F)F)cc2)cc1,178.5,207.59457
*CC(*)(C)C(=O)OCCCCCCOc1ccc(C(=O)Oc2ccc(/N=N/c3ccc(Cl)cc3)c3ccccc23)cc1,50.0,113.801636
*c1ccc(Oc2ccc(NC(=O)c3ccc(N4C(=O)c5ccc(C(=O)Nc6ccc(Oc7ccc(C(*)(C)C)cc7)cc6)cc5C4=O)cc3)cc2)cc1,216.0,238.48679
*CC(*)c1ccccc1C(=O)OCCCCCC,45.0,2.5990143
*CC(*)C(=O)NCCCCCCCC,-53.14999999999998,-8.821114
*COC(=O)OC1COC2C(OC(=O)OCC(OC)C(*)OC)COC12,61.0,78.0492
*CN1C(=O)c2ccc(C(=O)c3ccc4c(c3)C(=O)N(CC(=O)Nc3ccc(Oc5ccc(NC(*)=O)cc5)cc3)C4=O)cc2C1=O,235.0,265.81247
*C1CCC(CC2CCC(N3C(=O)C4C5C=CC(C6C(=O)N(*)C(=O)C56)C4C3=O)CC2)CC1,239.0,234.43997
*C(=O)c1ccc(Oc2ccc(C3(c4ccc(Oc5ccc(*)cc5)cc4)c4ccccc4-c4ccccc43)cc2)s1,195.0,193.20494
*Nc1ccc(NC(=O)c2cccc(N3C(=O)c4ccc(C(c5ccc6c(c5)C(=O)N(c5cccc(C(=O)Nc7ccc(C(*)=O)cc7)c5)C6=O)(C(F)(F)F)C(F)(F)F)cc4C3=O)c2)cc1,328.0,323.72894
*c1ccc2c(c1)C(CCCCCCCC)(CCCCCCCC)c1cc(-c3ccc(-c4ccc(-c5ccc(*)s5)c5cc(-c6ccccc6)c(-c6ccccc6)nc45)s3)ccc1-2,142.0,140.45135
*CC(*)(C)C(=O)OCc1ccccc1Cl,54.10000000000002,50.649693
*CN1C(=O)c2ccc(C(=O)Nc3ccc(Cc4ccc(NC(*)=O)cc4)cc3)cc2C1=O,266.0,222.75098
*Nc1ccc(Cc2ccc(NC(=O)Nc3cc(NC(*)=O)cc(C(=O)Nc4ccc5c(c4)C(=O)c4ccccc4C5=O)c3)cc2)cc1,168.0,283.87158
*c1ccc(Oc2ccc(-c3cnc4cc5ncc(*)nc5cc4n3)cc2)cc1,353.0,241.36505
*CC(=O)NCCCCCCNC(=O)CC(C)(C)c1ccc(C(*)(C)C)cc1,91.0,53.811447
*CCC/N=C1C=C/C(=N\CCC[Si](C)(C)O[Si](*)(C)C)c2c(O)ccc(O)c2/1,32.900000000000034,9.68779
*C(=O)C(F)(F)C(F)(F)C(F)(F)C(=O)N(CCCCCCN(*)CC(F)(F)C(F)(F)C(F)(F)C(F)(F)C(F)(F)C(F)(F)C(F)(F)F)CC(F)(F)C(F)(F)C(F)(F)C(F)(F)C(F)(F)C(F)(F)C(F)(F)F,187.5,9.385109
*OCCCCCCCCCCCCOC(=O)OCCCCCCOc1ccc(Oc2ccc(OCCCCCCOC(*)=O)cc2)cc1,-21.99999999999997,-14.639046
*CN1C(=O)c2ccc(C(c3ccc4c(c3)C(=O)N(Cc3nc5ccc(Cc6ccc7nc(*)oc(=O)c7c6)cc5c(=O)o3)C4=O)(C(F)(F)F)C(F)(F)F)cc2C1=O,218.0,262.62762
*CC(*)c1ccccc1COCC,74.0,25.622208
*c1ccc(N2C(=O)c3ccc(-c4ccc5c(c4)C(=O)N(c4ccc(Oc6c(C(C)(C)C)cc(*)cc6C(C)(C)C)cc4)C5=O)cc3C2=O)cc1,381.5,290.35297
*=CCCC(=*)CCC,-77.64999999999998,-50.21708
*C(=O)c1ccc2c(c1)C(=O)N(c1cc(N3C(=O)c4ccc(Cc5cccc(*)c5)cc4C3=O)cc(C(F)(F)F)c1)C2=O,253.0,271.96597
*Sc1ccc2c(c1)Sc1ccc(*)cc1S2,209.90000000000003,135.0555
*CC(*)(CC(=O)OCCOCCOCCOC)C(=O)OCCOCCOCCOC,-18.99999999999997,-63.169212
*CCCCC(=O)Oc1c(-c2ccccc2)cc(Cc2cc(-c3ccccc3)c(OC(*)=O)c(-c3ccccc3)c2)cc1-c1ccccc1,115.0,142.83896
*c1ccc(-n2c(=O)c3cc4c(=O)n(*)c(=O)c4cc3c2=O)cc1,417.0,368.92175
*Nc1ccc(Cc2ccc(NC(=O)Oc3ccc(C(c4ccc(OC(*)=O)cc4)(C(F)(F)F)C(F)(F)F)cc3)cc2)cc1,81.0,165.01866
*c1ccc(-c2sc(-c3cc(CCCCCCCCCCCC)c(*)s3)cc2CCCCCCCCCCCC)cc1,59.60000000000002,8.46492
*Cc1cc(C)c(Oc2ccc(-n3c(=O)c4cc5c(=O)n(-c6ccc(Oc7c(C)cc(*)cc7C)cc6)c(=O)c5cc4c3=O)cc2)c(C)c1,299.5,246.58447
*N=P(*)(OCCOCCOCCOCCOCCOC)OCCOCCOCCOCCOCCOC,-78.99999999999997,-68.591484
*C=Cc1cccc(/C=C/[Si](C)(C)c2ccc([Si](*)(C)C)cc2)c1,38.10000000000002,14.669632
*c1ccc(Oc2ccc(C(=O)Oc3ccc(C4(c5ccc(OC(=O)c6ccc(Oc7ccc(C8(*)CCC(C(C)(C)C)CC8)cc7)cc6)cc5)CCCCCCCCCCC4)cc3)cc2)cc1,181.0,125.71425
*O[SiH](CCC(F)(F)F)O[Si](C)(C)c1ccc([Si](*)(C)C)cc1,-36.99999999999997,-59.66233
*c1ccc(Oc2ccc(C(c3ccc(Oc4ccc(S(*)(=O)=O)c(C(O)(C(F)(F)F)C(F)(F)F)c4)cc3)(C(F)(F)F)C(F)(F)F)cc2)cc1C(O)(C(F)(F)F)C(F)(F)F,148.0,193.94742
*C=CC1CC(*)C(C(=O)OC(C)(C)C)C1C(=O)OC(C)(C)C,83.40000000000003,79.239105
*Nc1ccc2[nH]c(-c3cccc(NC(=O)c4ccc(OCCOCCOCCOc5ccc(C(*)=O)cc5)cc4)c3)nc2c1,180.0,151.75134
*Oc1ccc(OCCCCCCCCCCCCOc2ccc(OC(=O)c3ccc4c(c3)C(=O)N(c3ccc(S(=O)(=O)c5ccc(N6C(=O)c7ccc(C(*)=O)cc7C6=O)cc5)cc3)C4=O)cc2)cc1,140.0,159.17575
*Oc1ccc(Sc2ccc(Oc3ccc4c(c3)C(=O)N(c3ccc(-c5ccc(N6C(=O)c7ccc(*)cc7C6=O)cc5)cc3)C4=O)cc2)cc1,257.0,253.33401
*CC(*)(C)C(=O)OCc1cccc(Cl)c1Cl,42.60000000000002,59.487827
*CC(*)C(=O)OCCCCCCCCn1c2ccccc2c2ccccc21,12.0,65.69857
*OC(=O)c1ccc(OCCCCCCOc2ccc(C(*)=O)cc2)cc1,47.0,27.258018
*CC=CCC[Si](*)(C)c1ccccc1,-14.899999999999975,-44.606865
*Cc1cc(C)c(Oc2ccc3c(c2)C(=O)N(c2ccc(Oc4ccc(N5C(=O)c6ccc(Oc7c(C)cc(*)cc7C)cc6C5=O)cc4)cc2)C3=O)c(C)c1,266.0,225.97644
*COC(=O)OCC(*)(C)C(=O)OCc1ccccc1,-2.0,34.119377
*C(=O)c1ccc2c(c1)C(=O)N(c1cccc(C(=O)c3cccc(N4C(=O)c5ccc(*)cc5C4=O)c3)c1)C2=O,230.925,307.51056
*c1ccc(Sc2ccc(Sc3ccc(Sc4ccc(P(*)(=O)c5ccccc5)cc4)cc3)cc2)cc1,175.0,140.33943
*OCCCCCCOc1ccc(C(=O)c2ccc(OCCCCCCOC(=O)OCCOC(*)=O)cc2)cc1,15.0,7.876854
*COC(=O)OCC(OC(=O)C(CC(C)C)NC(=O)OCc1ccccc1)C(*)OC(=O)C(CC(C)C)NC(=O)OCc1ccccc1,50.900000000000034,38.415436
*C(=O)c1ccc(Oc2ccc(C(C)(C)c3ccc(Oc4ccc(C(=O)c5c(C)ccc6c(*)c(C)ccc56)cc4)cc3)cc2)cc1,222.0,173.64073
*Nc1ccc(Oc2ccc(Oc3ccc(NC(=O)c4cccc(N5C(=O)c6ccc(C(c7ccc8c(c7)C(=O)N(c7cccc(C(*)=O)c7)C8=O)(C(F)(F)F)C(F)(F)F)cc6C5=O)c4)cc3)cc2)cc1,283.0,281.70386
*CC(*)c1ccc(C([Si](C)(C)C)[Si](C)(C)C)cc1,156.0,5.427437
*Oc1ccc(Oc2ccc3c(c2)C(=O)N(c2ccc(Cc4ccc(N5C(=O)c6ccc(*)cc6C5=O)cc4)cc2)C3=O)cc1,259.0,238.80615
*Oc1ccc(OC(=O)c2ccc(-c3ccc(C(*)=O)cc3)cc2-c2ccccc2)cc1,140.0,196.5659
*O[Si](C)(C)c1c(F)c(F)c(F)c([Si](*)(C)C)c1F,-28.49999999999997,-9.932762
*NC(=O)OCCN(CCOC(=O)Nc1ccc(C)c(*)c1)c1ccc(/N=N/c2ccc(-c3nc4ccccc4o3)cc2)cc1,152.0,143.29434
*C=Cc1ccc(OCCCCCCCCOc2ccc(/C=C/c3cc(OCCCCCCCC)c(*)cc3OCCCCCCCC)cc2)cc1,130.0,20.186798
*CC(*)c1ccc(/C(C)=N/O)cc1,134.0,141.6306
*C(=O)Nc1ccc(Oc2ccc(NC(=O)c3cc(*)cc(NC(=O)c4ccc(OC(C)=O)cc4)c3)cc2)cc1,273.0,199.15213
*C(=O)c1ccc2c(c1)C(=O)N(c1ccc(-c3c(-c4ccc(-c5ccccc5)cc4)cc(-c4ccc(OCCCCCCOc5ccc(-c6cc(-c7ccc(-c8ccccc8)cc7)c(-c7ccc(N8C(=O)c9ccc(*)cc9C8=O)cc7)c(-c7ccc(-c8ccccc8)cc7)c6)cc5)cc4)cc3-c3ccc(-c4ccccc4)cc3)cc1)C2=O,111.5,222.7243
*NC(CCC(=O)OCCC)C(*)=O,-10.0,44.66141
*c1ccc2c(c1)C(=O)N(c1ccc(Oc3ccc(S(=O)(=O)c4ccc(Oc5ccc(N6C(=O)c7ccc(S(*)(=O)=O)cc7C6=O)cc5)cc4)cc3)cc1)C2=O,274.0,266.30017
*Oc1ccc(C(c2ccc(OC(*)=O)cc2)C2CC3CC2C2C4CCC(C4)C32)cc1,253.0,203.54549
*CC(*)CNc1ccc([N+](=O)[O-])c(C(F)(F)F)c1,153.0,167.40973
*CC(*)(C)C(=O)NC(=O)OCCOc1c(Br)cc(S(=O)(=O)c2cc(Br)c(OCCO)c(Br)c2)cc1Br,110.0,135.1935
*CC(COC(=O)CCCCCN1C(=O)C2C3C=CC(C3)C2C1=O)O*,1.0,77.35273
*c1ccc(Oc2ccc(C(c3ccc(Oc4ccc(-c5ccc(*)s5)cc4C(F)(F)F)cc3)(C(F)(F)F)C(F)(F)F)cc2)c(C(F)(F)F)c1,155.0,204.32353
*O[Si](C)(C)O[Si](C)(O[Si](*)(C)C)c1c(F)c(F)c(F)c(F)c1F,-82.99999999999997,-46.268715
*c1ccc(OCC(O)COc2cccc(C(=O)Nc3cccc(OCC(O)COc4ccc(C(*)(C)C)cc4)c3)c2)cc1,117.0,107.50724
*c1ccc2c(c1)C(=O)N(c1ccc(Oc3cccc(N4C(=O)c5ccc(-c6c(-c7ccccc7)c(-c7ccccc7)c(-c7ccc(Oc8ccc(-c9c(-c%10ccccc%10)c(-c%10ccccc%10)c(*)c(-c%10ccccc%10)c9-c9ccccc9)cc8)cc7)c(-c7ccccc7)c6-c6ccccc6)cc5C4=O)c3)cc1)C2=O,309.0,234.41528
*CC(*)(CF)C(=O)OCC,43.0,21.552753
*CC=CC[Si](*)(C=C)C=C,-64.99999999999997,-75.26179
*c1ccc(NC(=O)c2cc(C(=O)Nc3ccc(C(*)(C)C)cc3)cc(N3C(=O)C=CC3=O)c2)cc1,303.0,316.17883
*COC(=O)OCC1OC(OCC)OC1*,23.5,32.85333
*OC1=C(O[Si](C)(C)O[Si](C)(C)O[Si](C)(C)O[Si](C)(C)O[Si](*)(C)C)c2cccc3cccc1c23,-53.99999999999997,-28.017166
*c1ccc2c(c1)C(=O)N(Cc1nnc(-c3ccc(-c4nnc(CN5C(=O)c6ccc(C(*)(C(F)(F)F)C(F)(F)F)cc6C5=O)o4)c(Oc4ccccc4)c3)o1)C2=O,208.0,267.0294
*CC(*)(C)C(=O)OCCOCCOCC1COCCOCCOCCO1,10.0,-42.352104
*c1cc(OCCCCCCCC)cc(N2C(=O)c3ccc(C(c4ccc5c(c4)C(=O)N(*)C5=O)(C(F)(F)F)C(F)(F)F)cc3C2=O)c1,195.0,188.75154
*Cc1cc(C)c(N2C(=O)c3ccc(C(c4ccc5c(c4)C(=O)N(c4c(C)cc(*)cc4C)C5=O)(C(F)(F)F)C(F)(F)F)cc3C2=O)c(C)c1,307.5,281.59576
*OCCCOC(*)=O,-17.69999999999999,-29.497505
*C(=O)c1cccc(C(=O)c2ccc(Oc3ccc(N4C(=O)c5ccc(C(c6ccc7c(c6)C(=O)N(c6ccc(Oc8ccc(*)cc8)cc6)C7=O)(C(F)(F)F)C(F)(F)F)cc5C4=O)cc3)cc2)n1,226.90000000000003,260.5702
*Nc1cccc(Oc2ccc(NC(=O)c3cc(C(*)=O)cc(C(F)(F)C(F)(F)C(F)(F)C(F)(F)F)c3)cc2)c1,230.0,208.36867
*OC1CCC(OC(=O)c2ccc(C(*)=O)cc2)CC1,94.3,83.287125
*Oc1ccc(C(c2ccc(OC(=O)c3ccc(OCCCCCCCCCCOc4ccc(C(*)=O)cc4)cc3)cc2)(C(F)(F)F)C(F)(F)F)cc1,89.0,64.817154
*c1ccc(OCC(O)CN(CC(O)COc2ccc(C(*)(C)C)cc2)c2ccc(C#N)cc2)cc1,100.0,87.92467
*CC(*)c1ccc(COCCOCCCCCCCC)cc1,-41.99999999999997,-20.762627
*C1C2CC(C(=O)OCCc3ccc(N(c4ccccc4)c4ccccc4)cc3)C(C2)C1*,307.0,157.20177
*CC(*)(C)c1nc(N(CCOCCOCCOC)CCOCCOCCOC)nc(N(CCOCCOCCOC)c2ccccc2)n1,-74.99999999999997,-4.211632
*C(=O)c1ccc2c(c1)C(=O)N(c1ccc(-c3c(-c4ccc(-c5ccccc5)cc4)cc(-c4ccc(OCCCCCCCCCCOc5ccc(-c6cc(-c7ccc(-c8ccccc8)cc7)c(-c7ccc(N8C(=O)c9ccc(*)cc9C8=O)cc7)c(-c7ccc(-c8ccccc8)cc7)c6)cc5)cc4)cc3-c3ccc(-c4ccccc4)cc3)cc1)C2=O,103.5,220.56839
*C=Cc1ccc(/C=C/c2ccc(/C=C/c3cc(OC)c(OCCCCCCCCOc4c(OC)cc(*)cc4OC)c(OC)c3)cc2)cc1,78.70000000000005,73.59075
*C(=O)Nc1ccc(C(c2ccc(NC(=O)c3cc(*)cc(NC(=O)CCCN4C(=O)c5ccccc5C4=O)c3)cc2)(C(F)(F)F)C(F)(F)F)cc1,240.0,256.72778
*OC1CC2CC(OC(=O)c3cccc(C(*)=O)c3)CC(C1)O2,113.0,118.90972
*C(=O)Nc1ccc(Oc2cccc(NC(=O)c3cc(*)cc(NC(=O)c4ccc(OC(C)=O)cc4)c3)c2)cc1,251.0,208.38603
*N=P(*)(C)CCCCCC,-68.99999999999997,-68.95219
*CC(*)C(=O)OCCC(F)(F)C(F)(F)C(F)(F)C(F)(F)C(F)(F)C(F)(F)F,-12.0,-17.36045
*Oc1ccc(OC(=O)c2ccc3c(c2)C(=O)N(c2ccc(Oc4ccc(N5C(=O)c6ccc(C(*)=O)cc6C5=O)cc4)cc2)C3=O)c(-c2ccccc2)c1,212.0,254.76788
*c1ccc(OC(=O)c2ccccc2-c2ccccc2C(=O)Oc2ccc(C(*)(C)C)cc2)cc1,161.0,182.94638
*=Cc1ccc(OCCCCCCCCOc2ccc(/C=C3\CCCC(=*)C3=O)cc2)cc1,90.0,50.018585
*c1ccc(OC(=O)Oc2ccc(C3(*)CCCCC3)cc2C)c(C)c1,137.5,133.08113
*Nc1ccc(Cc2ccc(NC(=O)OCCOc3ccc(C4(c5ccc(OCCOC(*)=O)cc5)c5ccccc5-c5ccccc54)cc3)cc2)cc1,152.0,155.21796
*O[Si](*)(C)CCCCCCCCCCC(=O)Oc1ccc(-c2ccc(OC(=O)c3ccc(OCC(C)CC)cc3)cc2)cc1,29.200000000000045,9.39312
*c1cc(C)c(Oc2ccc(S(=O)(=O)c3ccc(Oc4c(C)cc(*)cc4C)cc3)cc2)c(C)c1,280.20000000000005,182.61914
*Cc1ccc(OC(=O)CCCCCCCCC(=O)Oc2ccc(CCC(=O)NC(*)C(=O)OCCOCCOCC)cc2)cc1,2.0,3.5280457
*OCc1ccc(COC(=O)c2cccc(C(*)=O)c2)cc1,143.0,83.82455
*c1cc(C)c(Oc2ccc(C(=O)c3ccccc3-c3ccccc3C(=O)c3ccc(Oc4c(C)cc(*)cc4C)cc3)cc2)c(C)c1,233.0,196.44748
*c1ccc(-c2ccc(-n3c(=O)c4c(C(F)(F)F)c5c(=O)n(*)c(=O)c5c(C(F)(F)F)c4c3=O)cc2C)c(C)c1,385.0,309.7353
*C(=O)Oc1ccc(C2(c3ccc(OC(=O)c4cc(*)cc(C(C)(C)C)c4)cc3)OC(=O)c3ccccc32)cc1,279.0,190.85161
*Oc1ccc(-c2ccc(OC(=O)c3ccc4c(c3)C(=O)N(CCCCCN3C(=O)c5ccc(C(*)=O)cc5C3=O)C4=O)cc2)cc1,147.0,207.79596
*c1ccc2c(c1)C(CCCCCCCC)(CCCCCCCC)c1cc(-c3ccc4c(c3)C(c3ccc(-c5nnc(-c6ccc(C(C)(C)C)cc6)o5)cc3)(c3ccc(-c5nnc(-c6ccc(C(C)(C)C)cc6)o5)cc3)c3cc(*)ccc3-4)ccc1-2,213.0,156.69022
*C(=O)c1cccc(C(=O)c2ccc(Oc3ccc(-c4cc(-c5ccc(Oc6ccc(*)cc6)cc5)n[nH]4)cc3)cc2)c1,205.0,194.33032
*COC(=O)c1ccc(-c2ccc(-c3ccc(C(=O)OCC(*)(CC)CC)cc3)cc2)cc1,-19.99999999999997,95.01306
*c1cc(CCOCCOC)c(*)[nH]1,-42.99999999999997,17.685654
*CC(*)C(=O)Oc1ccc([N+](=O)[O-])cc1,73.30000000000001,107.8337
*c1ccc2c(c1)C(CCCCCC)(CCCCCC)c1cc(-c3ccc4c(c3)c3cc(*)ccc3n4-c3ccc(C)cc3)ccc1-2,155.0,161.29916
*N=P(*)(OCCOc1ccc(-c2ccc(Br)cc2)cc1)OCCOc1ccc(-c2ccc(Br)cc2)cc1,89.70000000000005,47.78096
*CC(*)C(=O)OCC(C)CC,-31.99999999999997,-34.38645
*c1ccc(Oc2ccc(C3(c4ccc(Oc5ccc(-c6nnc(*)c7c(-c8ccc(F)cc8)c(-c8ccc(F)cc8)c(-c8ccc(F)cc8)c(-c8ccc(F)cc8)c67)cc5)cc4)c4ccccc4-c4ccccc43)cc2)cc1,321.0,266.52063
*c1cc(N2C(=O)c3ccc(C(=O)c4ccc5c(c4)C(=O)N(*)C5=O)cc3C2=O)ccc1CP(=O)(OCC)OCC,218.0,172.44768
*Cc1ccc(OC(=O)CCCCCCCCC(=O)Oc2ccc(CCC(=O)NC(*)C(=O)OC)cc2)cc1,47.0,46.21013
*c1ccc(OC(Oc2ccccc2)(Oc2ccccc2)Oc2ccc(C(*)(C)C)cc2)cc1,92.0,113.27251
*CC(*)(C)C(=O)OCCBr,52.0,41.738712
*CCN(*)C,-30.99999999999997,-42.60347
*Nc1ccc(Oc2ccc(NC(=O)c3cc4cc(Cc5ccc6oc(=O)c(C(*)=O)cc6c5)ccc4oc3=O)cc2)cc1,312.0,245.78592
*CC(C)(C)C1C(=O)N(c2ccccc2C)C(=O)C1*,207.0,228.13773
*Cc1cc(CC)c(N2C(=O)c3ccc(C(=O)c4ccc5c(c4)C(=O)N(c4c(CC)cc(*)cc4CC)C5=O)cc3C2=O)c(CC)c1,272.5,243.24832
*OC(=O)c1ccc(OCCCCCOc2ccc(C(*)=O)cc2)cc1,53.0,29.388187
*c1ccc(C(=O)OCCCCOC(=O)c2ccc([Si](*)(C)C)cc2)cc1,42.0,26.203949
*=CCCCCCCCCCCC=*,-52.99999999999997,-51.416878
*Oc1ccc2c(c1)C(=O)N(c1ccc(Oc3ccc(-c4ccc(Oc5ccc(N6C(=O)c7ccc(*)cc7C6=O)cc5)cc4)cc3)cc1)C2=O,245.0,255.61691
*Oc1ccc(N2C(=O)c3ccc(*)cc3C2=O)cc1,266.0,281.60455
*NC(CCC(=O)OC)C(*)=O,0.0,104.42068
*c1ccc(Oc2ccc(C(=O)c3ccc4c(c3)C(=O)N(c3ccc(Cc5ccc(N6C(=O)c7ccc(C(=O)c8ccc(Oc9ccc(C%10(*)OC(=O)c%11ccccc%11%10)cc9)cc8)cc7C6=O)cc5)cc3)C4=O)cc2)cc1,268.0,248.56686
*Oc1ccc(Oc2ccc(P(=O)(c3ccccc3)c3ccc(Oc4ccc(Oc5ccc6c(c5)C(=O)N(c5ccc(N7C(=O)c8ccc(*)cc8C7=O)cc5)C6=O)cc4)cc3)cc2)cc1,220.0,251.6243
*CCCC1(C)CCN(C(=O)CCC(=O)N2CCC(*)(C)CC2)CC1,99.0,47.052826
*c1ccc(OC(=O)c2ccc(C(=O)Oc3ccc(C(*)(C)C)cc3C)cc2)c(C)c1,178.5,158.62192
*CC(*)(C)C(=O)OCCOCCOCC1(C)COCCOCCOCCOC1,10.0,-40.583282
*CCN(*)C(=O)CCCCCC,10.0,-38.18445
*OCC1CCC(COC(*)=O)CC1,38.700000000000045,9.216141
*c1ccc(Oc2ccc(Oc3ccc(-c4nc5cc6sc(-c7ccc(Oc8ccc(Oc9ccc(P(*)(=O)c%10ccccc%10)cc9)cc8)cc7)nc6cc5s4)cc3)cc2)cc1,255.0,220.58887
*CC(*)C(=O)OCC,-22.149999999999977,-4.534294
*Oc1ccc2c(c1)C(=O)N(c1ccc(C(c3ccccc3)(c3ccc(N4C(=O)c5ccc(*)cc5C4=O)cc3)C(F)(F)F)cc1)C2=O,293.0,296.1135
*c1ccc(C(=O)N2CCN(C(=O)c3ccc(C(*)(C)CC)cc3)CC2)cc1,232.0,173.76605
*CC(*)C(=O)OCc1ccc(C#N)cc1,44.0,40.398136
*c1ccc2[nH]c(*)nc2c1,398.0,273.5873
*CC1C(=O)OC(=O)C1C(*)(C)C,141.0,149.19589
*NC(=O)OCCOC(=O)Nc1cc(*)ccc1C,52.0,90.5713
*Oc1ccc(S(=O)(=O)c2ccc(Oc3ccc4c(c3)C(=O)N(c3ccc(Oc5ccc(N6C(=O)c7ccc(*)cc7C6=O)cc5)cc3)C4=O)cc2)cc1,260.0,262.48206
*c1ccc(-c2ccc(-c3sc(-c4ccc([Si](C)(C)[Si](C)(C)[Si](C)(C)[Si](C)(C)[Si](C)(C)[Si](C)(C)[Si](C)(C)[Si](C)(C)c5ccc(-c6cc(CCCCCCCC)c(*)s6)s5)s4)cc3CCCCCCCC)s2)s1,13.0,1.7741089
*CC(*)C(=O)OC12CC3CC(C)(CC(C)(C3)C1)C2,104.0,187.72928
*CC(*)(CC(=O)OC)C(=O)OC12CC3CC(CC(C3)C1)C2,197.0,145.4465
*CC(*)OC(=O)C1(F)C(F)(F)C(F)(F)C(F)(F)C(F)(F)C1(F)F,54.0,65.44372
*CC(*)c1ccc(C(=O)C(F)(F)F)cc1,95.0,137.73932
*OCCCCOC(=O)c1ccc(C(*)=O)cc1,44.125,29.843544
*c1cc(C(=O)NCCCCCCCCCC)cc(N2C(=O)c3ccc(-c4ccc5c(c4)C(=O)N(*)C5=O)cc3C2=O)c1,245.1,201.60944
*c1ccc2c(c1)C(=O)N(c1ccc(Cc3ccc(N4C(=O)c5ccc(*)cc5C4=O)cc3)cc1)C2=O,308.0,271.28363
*c1ccc2c(c1)C(=O)N(c1ccc(Oc3ccc(N4C(=O)c5ccc(C(*)(C(F)(F)F)C(F)(F)F)cc5C4=O)cc3)cc1)C2=O,295.5,264.11072
*c1ccc(-n2c(=O)c3cc4c(=O)n(-c5ccc(Oc6c(C(C)(C)C)cc(*)cc6C(C)(C)C)cc5)c(=O)c4cc3c2=O)cc1,398.5,294.7797
*CC(*)c1ccc(CCC)cc1,46.75,42.844753
*C(=O)c1cc(I)cc(C(=O)c2ccc(Oc3ccc(S(=O)(=O)c4ccc(Oc5ccc(*)cc5)cc4)cc3)cc2)c1,203.0,198.78143
*CCCCCCCCC(=O)NCC1COC(CNC(*)=O)CO1,73.0,19.166138
*Oc1ccc(S(=O)(=O)c2ccc(Oc3cc(C)c(C4(c5cc(C(C)C)c(*)cc5C)OC(=O)c5ccccc54)cc3C(C)C)cc2)cc1,230.0,220.01123
*CC(*)(C)C(=O)Oc1ccc(/N=N/c2ccc(C#N)cc2)cc1,185.0,155.44281
*Nc1ccc(Cc2ccc(NC3CC(=O)N(c4ccc(Cc5ccc(N6C(=O)CC(*)C6=O)cc5)cc4)C3=O)cc2)cc1,239.0,241.35205
*OCCCCCCCOc1ccc(CCc2ccc(*)cc2C)cc1,6.5,4.1396637
*c1cc(C(=O)NCCCCCCCCCCCC)cc(N2C(=O)c3ccc(-c4ccc5c(c4)C(=O)N(*)C5=O)cc3C2=O)c1,243.1,180.81625
*Nc1ccc(C(=O)c2ccc(NC(=O)c3ccc4c(c3)C(=O)N(c3cccc(P(=O)(c5ccccc5)c5cccc(N6C(=O)c7ccc(C(*)=O)cc7C6=O)c5)c3)C4=O)cc2)cc1,238.0,329.37888
*Oc1ccc(C(c2ccc(Oc3cccc4c3C(=O)N(CCCCCCCCN3C(=O)c5cccc(*)c5C3=O)C4=O)cc2)(C(F)(F)F)C(F)(F)F)cc1,135.0,186.95227
*c1ccc(-c2ccc(-n3c(=O)c4cc5c(=O)n(*)c(=O)c5cc4c3=O)cc2OC)c(OC)c1,328.0,289.68347
*CC(*)C(=O)OCCCCCCOc1ccc(/C=N/c2ccc(OCCCCC)cc2)c(O)c1,41.0,28.696697
*c1ccc(Oc2cc(Oc3ccc(C(*)(C)C)cc3)cc(C(=O)Oc3ccc(/N=N/c4ccc(C#N)cc4)cc3)c2)cc1,163.0,171.74341
*C1C(=O)N(CCOc2ccc(-c3ccc(C#N)cc3)cc2)C(=O)C1*,150.0,154.92403
*c1ccc2c(c1)C(=O)N(CCCCCN1C(=O)c3ccc(C(*)(C(F)(F)F)C(F)(F)F)cc3C1=O)C2=O,180.0,198.62097
*CC(*)(C)C(=O)OCCCCCC(=O)Oc1ccc(OC(=O)c2ccc(OCCCCC)cc2)cc1,50.0,33.952038
*CCCCCCCCC(=O)Oc1cccc(C=Cc2nnc(-c3ccc(OC(*)=O)cc3)s2)c1,55.0,81.21215
*Oc1ccc(-c2ccc(Oc3ccc4ccccc4c3-c3c(*)ccc4ccccc34)c3ccccc23)c2ccccc12,301.0,236.19681
*CCCCCCCC(*)C,-57.99999999999997,-60.97187
*CC(*)C=C,-6.074999999999989,-12.8886795
*c1ccc2c(c1)C(=O)N(c1cccc(OCCCCCCCCCCCCOc3cccc(N4C(=O)c5cccc(*)c5C4=O)c3)c1)C2=O,116.0,132.48573
*Oc1ccc(C(c2ccc(OP3(Oc4ccc(C(=O)OC)cc4)=NP(Oc4ccc(C(=O)OC)cc4)(Oc4ccc(C(=O)OC)cc4)=NP(*)(Oc4ccc(C(=O)OC)cc4)=N3)cc2)(C(F)(F)F)C(F)(F)F)cc1,78.0,144.92325
*OCCCCCCOc1ccc(-n2on2-c2ccc(OCCCCCCOC(=O)C(C(*)=O)c3ccccc3)cc2)cc1,23.0,54.233948
*C=CC(=O)OCCOCCOCCOCCOC(=O)/C=C/C(=O)NCCCCCCNC(*)=O,52.0,-29.472725
*C(=O)OCCCCCCOc1ccc(-n2on2-c2ccc(OCCCCCCOC(=O)C(*)CCCCP(=O)(OCC)OCC)cc2)cc1,4.0,9.894455
*c1ccc(/C=N/c2ccc(Oc3cccc(Oc4ccc(/N=C/c5ccc(N(*)c6ccccc6)cc5)cc4)c3)cc2)cc1,174.0,180.55577
*c1cc(C)c(N2C(=O)c3ccc(-c4ccc5c(c4)C(=O)N(c4c(C)cc(*)cc4C)C5=O)cc3C2=O)c(C)c1,285.0,332.0728
*c1ccc(Oc2ccc3c(-c4ccccc4)nn(-c4ccc(C(=O)c5ccc(-n6nc(-c7ccccc7)c7cc(Oc8ccc(C(*)(C)C)cc8)ccc7c6=O)cc5)cc4)c(=O)c3c2)cc1,195.0,258.25568
*c1ccc(-c2ccc(-c3ccc(-c4ccc(-c5cc(-c6ccccc6)c6cc(Oc7ccc8nc(*)cc(-c9ccccc9)c8c7)ccc6n5)cc4)cc3)cc2)cc1,310.0,261.9586
*CC(*)c1ccc(Cl)cc1C,145.0,125.306145
*Cc1ccc(CC(=O)OC(*)=O)cc1,65.0,30.390991
*CC(*)C(=O)Oc1ccc(C(=O)O)cc1,125.0,127.083206
*C(=O)NNC(=O)c1ccc(*)cc1OCC,240.0,117.73979
*NCCCCCCNC(=O)c1ccc(-c2nc3ccccc3nc2-c2ccc(C(*)=O)cc2)cc1,201.0,193.69821
*c1ccc(Oc2ccc(-c3nnc(-c4ccc(Oc5ccc(C(*)(C(F)(F)F)C(F)(F)F)cc5)cc4)n3-c3ccccc3)cc2)cc1,203.0,235.12137
*Nc1ccc(Oc2ccc(C3(c4ccc(Oc5ccc(NC(=O)c6ccc(Oc7ccc(C(*)=O)cc7)cc6)cc5)cc4)C4CC5CC(C4)CC3C5)cc2)cc1,230.0,203.29282
*CC(*)(C)C(=O)NC(C)c1ccccc1,156.5,148.57454
*c1ccc(C(Cl)(Cl)C(*)Cl)cc1,160.0,132.39484
*CC(*)(C)C(=O)OCC,19.850000000000023,40.32044
*c1ccccc1Oc1ccc(-n2c(=O)c3cc4c(=O)n(*)c(=O)c4cc3c2=O)cc1,386.0,289.3535
*NC(=O)OCCN(CCOC(=O)Nc1ccc(C)c(*)c1)c1ccc(/N=N/c2ccc([N+](=O)[O-])cc2)cc1,144.0,128.25484
*CC(*)c1cc(C)c(C)cc1C,104.0,118.20418
*c1ccc(CCc2ccccc2N2C(=O)C(=O)N(c3ccc(CCc4ccc(N5C(=O)C(=O)N(*)C5=O)cc4)cc3)C2=O)cc1,220.0,229.91605
*Nc1cc(NC(=O)c2ccc3c(c2)C(=O)N(c2cccc(N4C(=O)c5ccc(C(*)=O)cc5C4=O)c2)C3=O)cc(-c2nc3ccccc3[nH]2)c1,361.0,349.10004
*Oc1cccc(N2C(=O)c3ccc(Oc4ccc5c(c4)C(=O)N(c4cccc(Oc6cc(*)ccc6C#N)c4)C5=O)cc3C2=O)c1,196.0,259.67996
*CC(COC(=O)c1ccc(N2C(=O)C3C4C=CC(C4)C3C2=O)cc1)O*,62.5,154.30237
*Nc1ccc(-c2ccc(NC(=O)c3ccc(Oc4ccc(C(c5ccc(Oc6ccc(C(*)=O)cc6)cc5)(C(F)(F)F)C(F)(F)F)cc4)cc3)cc2C(F)(F)F)c(C(F)(F)F)c1,240.0,240.87161
*c1cc(/N=N/c2ccc(C#N)cc2)cc(*)c1O,176.0,185.63937
*N=P(*)(OCCOCCOc1ccc(CCCCCCCC)cc1)OCCOCCOc1ccc(CCCCCCCC)cc1,-13.299999999999956,-25.303284
*Nc1ccc(Oc2ccc(C3(c4ccc(Oc5ccc(NC(=O)c6ccc7cc(C(*)=O)ccc7c6)cc5)cc4)C4CC5CC(C4)CC3C5)cc2)cc1,266.0,234.07227
*CCCCCC(=O)OCCOCCOCCOC(*)=O,-44.49999999999997,-60.24723
*C(=O)Nc1ccc(NC(=O)c2cc(*)cc(NC(=O)c3ccncc3)c2)cc1,327.0,293.95764
*#C[SiH2]C#Cc1cccc(C#*)c1,72.0,99.97071
*CC(*)c1cc(C)ccc1C,142.85000000000002,117.37808
*CCCCC(=O)NCC1COC(CNC(*)=O)CO1,93.0,34.29202
*C1C2CCC(C2)C1*,240.0,228.99078
*/C(C)=C(/*)SCC,160.0,-19.655556
*Cc1ccc(OC(=O)COCC(=O)Oc2ccc(CCC(=O)NC(*)C(=O)OCCCCCCCC)cc2)cc1,40.0,38.614655
*Nc1ccc(C(c2ccc(NC(=O)c3ccc4c(c3)C(=O)N(c3ccc(Oc5cccc6c(Oc7ccc(N8C(=O)c9ccc(C(*)=O)cc9C8=O)cc7)cccc56)cc3)C4=O)cc2)(C(F)(F)F)C(F)(F)F)cc1,283.0,268.82898
*CCC(C)O[Si](C)(C)O[Si](C)(C)O[Si](C)(C)O[Si](C)(C)OC(*)C,-95.99999999999996,-101.97663
*/C(=C(/*)c1ccc[c]([Ge]([CH3])([CH3])[CH3])c1)c1ccccc1,200.0,113.443985
*C=Cc1ccc(Oc2ccc(C3(c4ccc(Oc5ccc(C(*)=O)cc5)cc4)c4ccccc4-c4ccccc43)cc2)cc1,195.0,201.1901
*CCCCCCCCCCN1C(=O)c2ccc(C(=O)c3ccc4c(c3)C(=O)N(CCCCCCCCCCC(=O)Nc3ccc(NC(*)=O)cc3)C4=O)cc2C1=O,125.0,133.99039
*c1cc(C)c(Oc2ccc(N3C(=O)CC(Nc4ccc(NC5CC(=O)N(c6ccc(Oc7c(C)cc(C(*)c8cccnc8)cc7C)cc6)C5=O)cc4)C3=O)cc2)c(C)c1,229.0,230.143
*COCC(*)(CS(=O)(=O)CCC)CS(=O)(=O)CCC,71.0,24.070099
*CCN(*)C(=O)c1c(F)c(F)c(F)c(F)c1F,136.0,171.60419
*c1ccc(OC(=O)c2ccc3c(c2)C(=O)N(c2cc(N4C(=O)c5ccc(C(=O)Oc6ccc(C(*)(C)C)cc6)cc5C4=O)ccc2O)C3=O)cc1,225.0,245.86734
*C(=O)OCCOCCOC(=O)C(*)CCCCCCCCC,-58.99999999999997,-43.47622
*CC(*)c1ccc([Si](C)(O[Si](C)(C)C)O[Si](C)(C)C)cc1,54.0,-31.486229
*Nc1cccc(NC(=O)c2ccc3c(c2)C(=O)N(c2ccc(Oc4ccc(C5(c6ccc(Oc7ccc(N8C(=O)c9ccc(C(*)=O)cc9C8=O)cc7)cc6)NC(=O)c6ccccc65)cc4)cc2)C3=O)c1,328.0,280.28882
*CCCCC(=O)OCC(CCCCCCOc1ccc(/N=N/c2ccc(Cl)cc2)cc1)COC(*)=O,9.0,25.231117
*CC(*)(C)C(=O)OC(COc1cc2ccccc2c2ccccc12)COc1cc2ccccc2c2ccccc12,112.0,149.31082
*Oc1ccc(Oc2ccc(OC(*)=O)cc2)cc1,118.0,124.25843
*c1ccc(Oc2ccc(Oc3ccc(Oc4ccc(-c5nc(*)nc(-c6ccccc6)n5)cc4)cc3)cc2)cc1,203.0,182.55519
*C(=O)c1ccc2c(c1)C(=O)N(c1cccc(C(O)c3cccc(N4C(=O)c5ccc(*)cc5C4=O)c3)c1)C2=O,292.0,307.78946
*c1cccc(-n2c(=O)c3cc4c(=O)n(*)c(=O)c4cc3c2=O)c1,430.0,344.94238
*CC(O)COc1ccc(Sc2ccc(OCC(O)CN(C)S(=O)(=O)c3cccc(S(=O)(=O)N(*)C)c3)cc2)cc1,90.0,124.34006
*c1cccc(P(=O)(c2cccc(-n3c(=O)c4c(-c5ccc(C(F)(F)F)cc5)c5c(=O)n(*)c(=O)c5c(-c5ccc(C(F)(F)F)cc5)c4c3=O)c2)c2cc(C(F)(F)F)cc(C(F)(F)F)c2)c1,310.0,281.78528
*c1ccc2c(c1)Sc1cc(-c3sc4cc(*)sc4c3CCCCC)ccc1N2CCCCCCCCCC,131.0,98.4474
*c1ccc(Cn2c(=O)c3cc4c(=O)n(Cc5ccc(C(*)(C)CCC)o5)c(=O)c4cc3c2=O)o1,134.0,195.9578
*CC(*)C(=O)OC1CC(C)CC(C)(C)C1,15.0,88.30986
*CCCCC(C)O[Si](C)(C)O[Si](C)(C)O[Si](C)(C)OC(*)C,-93.99999999999996,-103.15612
*C=C1CC/C(=C\c2ccc(OC(=O)c3ccc(/N=C/c4ccc(/C=N/c5ccc(C(=O)Oc6ccc(*)cc6OC)cc5)cc4)cc3)c(OC)c2)C1=O,140.0,183.11627
*CC(*)C(=O)OC1CC2CCC1(C)C2(C)C,100.0,159.87726
*NNC(=O)c1ccc(C2(c3ccc(C(=O)NNC(=O)c4ccc(C(*)=O)cc4)cc3)OC(=O)c3ccccc32)cc1,237.0,268.8844
*C(=Nc1ccccc1)c1ccc(-c2ccc(*)cc2)cc1,225.0,174.6438
*Nc1ccc(Oc2ccc3nc(-c4ccccc4)c(-c4ccc(N5C(=O)c6ccc7c8c(ccc(c68)C5=O)C(=O)N(c5ccc(-c6nc8cc(Oc9ccc(NC(=O)c%10cc(C(*)=O)cc(N%11C(=O)c%12ccccc%12C%11=O)c%10)cc9)ccc8nc6-c6ccccc6)cc5)C7=O)cc4)nc3c2)cc1,345.0,183.66682
*CC(*)c1ccc(C(=O)CC)cc1,102.0,108.28102
*c1ccc(OCC(O)COc2ccc(S(=O)(=O)c3ccc(OCC(O)COc4ccc(C(*)(C)C)cc4)cc3)cc2)cc1,140.0,111.945145
*c1ccc(Oc2ccc(C(=O)Nc3ccc(-c4ccc(NC(=O)c5ccc(Oc6ccc(C(*)(C)C)cc6)cc5)cc4C(F)(F)F)c(C(F)(F)F)c3)cc2)cc1,250.0,217.7905
*c1ccc([Si](C)(C)[Si](*)(C)C)s1,15.0,-47.351112
*C(=O)c1ccc(N2C(=O)c3ccc(C(=O)c4ccc5c(c4)C(=O)N(c4ccc(Cc6ccc(*)cc6)cc4)C5=O)cc3C2=O)cc1,307.0,272.92236
*Oc1ccc(-c2cnc3cc(-c4ccc5nc(-c6ccc(Oc7ccc(*)cc7)cc6)cnc5c4)ccc3n2)cc1,195.0,247.9029
*c1ccc(C(=O)Nc2cccc(S(=O)(=O)c3cccc(NC(=O)c4ccc(*)cc4C)c3)c2)c(C)c1,260.0,290.9111
*CN1C(=O)c2ccc(C(c3ccc4c(c3)C(=O)N(CC(=O)Nc3ccc(Oc5ccc6nc(-c7ccccc7)c(-c7ccc(-c8nc9cc(Oc%10ccc(NC(*)=O)cc%10)ccc9nc8-c8ccccc8)cc7)nc6c5)cc3)C4=O)(C(F)(F)F)C(F)(F)F)cc2C1=O,280.0,275.83878
*c1ccc2c(c1)C(=O)N(c1cccc(OCCCCCCOc3cccc(N4C(=O)c5ccc(*)cc5C4=O)c3)c1)C2=O,153.0,185.73172
*CC(*)(C)C(=O)OC1CCCC(C)C1,89.0,78.26024
*Oc1ccc(N2C(=O)c3ccc(Oc4ccc(C5(c6ccc(Oc7ccc8c(c7)C(=O)N(c7ccc(Oc9ccc(*)cc9C(C)(C)C)cc7)C8=O)cc6)CCCCCCCCCCC5)cc4)cc3C2=O)cc1,262.0,187.93558
*c1ccc(P(=O)(c2ccccc2)c2ccc(-n3c(=O)c4cc5c(=O)n(*)c(=O)c5cc4c3=O)cc2)cc1,425.0,321.56937
*CCCCC(=O)OCCCOC(*)=O,-54.99999999999997,-46.84768
*c1cc(Br)c(-c2c(Br)cc(N3C(=O)c4ccc(-c5ccc6c(c5)C(=O)N(*)C6=O)cc4C3=O)cc2C(=O)OCCCCCCCCCCCCCCCCCC)c(C(=O)OCCCCCCCCCCCCCCCCCC)c1,83.5,153.84996
*CCOC(=O)Nc1ccc(C)c(NC(=O)OCCN(*)c2ccc(/N=N/c3ccc(/C=C/c4nc5ccc([N+](=O)[O-])cc5n4CC)cc3)cc2)c1,171.0,156.61636
*CC(*)(C)C(=O)OCCCCCCCCCCOc1ccc(/N=N/c2ccc(C3OCC4(CO3)CC3C=CC4C3)cc2)cc1,103.20000000000005,82.638245
*c1ccc(-c2ccc([Si](C)(C)c3ccc4c(c3)C(=O)N(c3cccc(Cc5cccc(N6C(=O)c7ccc([Si](*)(C)C)cc7C6=O)c5)c3)C4=O)cc2)cc1,285.0,229.37506
*C(=O)c1ccc2c(c1)C(=O)N(c1ccc(Oc3ccc(Oc4ccc(N5C(=O)c6ccc(*)cc6C5=O)cc4C(F)(F)F)cc3)cc1)C2=O,237.1,257.62405
*c1cc(Br)c(-c2c(Br)cc(N3C(=O)c4ccc(-c5ccc6c(c5)C(=O)N(*)C6=O)cc4C3=O)cc2C(=O)OCCCCCCCC)c(C(=O)OCCCCCCCC)c1,135.5,175.49149
*CC(*)C(=O)OCCOc1ccc(C(=O)Oc2ccc(OC)cc2)cc1,70.0,56.426983
*CC(*)(C)C(=O)OCCCCCCCCOc1ccc(/N=N/c2ccc(C3OCC4(CO3)CC3C=CC4C3)cc2)cc1,106.20000000000005,88.33878
*c1ccc(OC(=O)CN(CC(=O)Oc2ccc(C(*)(C)C)cc2)c2ccc(/N=N/c3ccc([N+](=O)[O-])cc3)cc2)cc1,152.0,145.44563
*OCC(COC(*)=O)OCCOc1ccc(/C=C/c2ccc([N+](=O)[O-])cc2)cc1,53.0,57.087975
*Oc1ccc2ccc(Oc3ccc4c(c3)C(=O)N(c3ccc(Oc5ccc(Oc6ccc(N7C(=O)c8ccc(*)cc8C7=O)cc6)cc5)cc3)C4=O)cc2c1,228.0,227.65372
*c1ccc(OC(=O)c2ccc([Si](c3ccccc3)(c3ccccc3)c3ccc(C(=O)Oc4ccc(C(*)(C)C)cc4)cc3)cc2)cc1,295.0,155.84534
*Oc1c(Br)cc(C(c2cc(Br)c(OP(*)(=O)Oc3ccc(OC)cc3)c(Br)c2)(C(F)(F)F)C(F)(F)F)cc1Br,151.0,186.61858
*CC(O)COc1ccc(S(=O)(=O)c2ccc(OCC(O)CN(C)S(=O)(=O)c3cccc(S(=O)(=O)N(*)C)c3)cc2)cc1,100.0,151.93799
*CC(*)CCC1CCCCC1,40.0,-3.6296768
*CC(*)(C)C(=O)OCCC(F)(F)C(F)(F)C(F)(F)C(F)(F)C(F)(F)C(F)(F)C(F)(F)C(F)(F)F,47.0,-10.22039
*c1ccc(N2C(=O)c3ccc(Oc4ccc(Oc5ccc6c(c5)C(=O)N(c5ccc(C(*)(C)C)cc5)C6=O)cc4)cc3C2=O)cc1,264.0,247.3782
*Cc1ccc(OC(=O)COCC(=O)Oc2ccc(CCC(=O)NC(*)C(=O)OC(C)C)cc2)cc1,80.0,80.87721
*c1cc(C)c(Oc2ccc3c(c2)C(=O)N(c2ccc(-c4ccc(N5C(=O)c6ccc(Oc7c(C)cc(C(*)(C)C)cc7C)cc6C5=O)cc4C(F)(F)F)c(C(F)(F)F)c2)C3=O)c(C)c1,262.0,258.8332
*OCCOC(=O)c1ccc(Oc2ccc(C(*)=O)cc2)cc1,74.0,84.375145
*CC(C[N-][N+]#N)O*,-34.99999999999997,-23.00666
*Nc1ccc(Cc2ccc(NC(=O)c3cc(C(*)=O)cc(N4C(=O)C5C6C=CC(C6)C5C4=O)c3)cc2)cc1,303.0,262.97867
*Oc1ccc(C2(c3ccc(OC(=O)c4ccc(C(*)=O)cc4)cc3)CCc3ccccc32)cc1,312.0,185.98831
*c1ccc(Cc2ccc(-n3nccc3-c3ccc(-c4ccnn4*)cc3)cc2)cc1,202.0,155.3452
*c1ccc(N2C(=O)c3ccc(Oc4ccc5ccc(Oc6ccc7c(c6)C(=O)N(c6ccc(C(*)(C)C)cc6)C7=O)cc5c4)cc3C2=O)cc1,247.0,238.93863
*CC(*)P(=O)(N(C)C)N(C)C,25.0,41.57513
*c1ccc(OCCCCCCOc2ccc(N(c3ccccc3)c3ccc(-c4ccc(N(*)c5ccccc5)cc4)cc3)cc2)cc1,85.0,102.490425
*C=CC(*)(C)C,-9.0,-27.643303
*c1ccc(Oc2cccc(S(*)(=O)=O)c2)cc1,175.0,193.24057
*c1nc2cc(C(c3ccc4oc(-c5cc(OCCCCCCCCCC)c(*)cc5OCCCCCCCCCC)nc4c3)(C(F)(F)F)C(F)(F)F)ccc2o1,94.0,98.873566
*O[Si](C)(C)c1ccc(-c2ccc([Si](*)(C)C)cc2)cc1,67.0,-8.232124
*NC(=O)OCCN(CCOC(=O)NCC1(C)CC(*)CC(C)(C)C1)c1ccc(/N=N/c2ccc(C#N)cc2)cc1,136.0,98.333466
*Sc1cccc2c1C(=O)N(c1ccc(N3C(=O)c4ccc(*)cc4C3=O)cc1)C2=O,319.5,296.20386
*Oc1ccc2c(c1)Oc1cc(OC(=O)c3ccc(C(*)=O)cc3)ccc1C21c2ccccc2-c2ccccc21,290.0,234.3989
*c1ccc2c(c1)C(=O)N(c1ccc(Oc3ccc(N4C(=O)c5ccc(*)cc5C4=O)cc3Br)c(Br)c1)C2=O,275.0,293.37506
*OCC(F)(F)C(F)(F)C(F)(F)COC(=O)c1cccc(C(*)=O)c1,23.5,34.771374
*c1ccc2c(c1)C(=O)N(c1cccc(OCCCCCCCCCCOc3cccc(N4C(=O)c5cccc(*)c5C4=O)c3)c1)C2=O,127.0,145.1306
*Sc1ccc(N2C(=O)c3ccc(Oc4ccc5c(c4)C(=O)N(c4ccc(Sc6cc7c(cc6*)C(=O)N(CCc6ccccc6)C7=O)cc4)C5=O)cc3C2=O)cc1,218.0,235.3675
*CC(*)c1ccccc1C(=O)OCCCC,66.0,25.89259
*NNC(=O)c1ccc(C(=O)NNC(=O)c2ccc([Si](c3ccccc3)(c3ccccc3)c3ccc(C(*)=O)cc3)cc2)nc1,240.0,238.78436
*CCCCCCCCC(=O)NCC(=O)NCC(=O)OC1COC2C(OC(=O)CNC(=O)CNC(*)=O)COC12,47.0,57.853867
*c1cc(Br)c(-c2c(Br)cc(N3C(=O)c4ccc(-c5ccc6c(c5)C(=O)N(*)C6=O)cc4C3=O)cc2C(=O)OCCCCCC)c(C(=O)OCCCCCC)c1,154.0,185.09634
*O[Si](*)(C)CCCC(=O)O,-28.99999999999997,-47.320946
*c1ccc(OC(=S)Oc2ccc(C(*)C(CC)CC)cc2)cc1,148.0,77.90673
*Oc1c(-c2ccccc2)cc(*)cc1-c1ccccc1,220.0,160.59306
*C(=O)Nc1ccc(C2(c3ccc(NC(=O)c4cc(*)cc(C(C)(C)C)c4)cc3)c3ccccc3-c3ccccc32)cc1,284.0,288.86182
*N[Se]Nc1ccc(*)cc1,55.0,95.137344
*N=P(*)(Oc1ccccc1)Oc1ccccc1,-8.0,25.440334
*C(=O)NCCCCCCNC(=O)c1c(*)ncn1C,86.0,79.0881
*C(=O)Nc1ccc(NC(=O)c2cc(-c3ccc(C(=O)OC)c(*)c3)ccc2C(=O)OC)cc1,234.20000000000005,227.87659
*=Cc1ccc(Oc2ccc(S(=O)(=O)c3ccc(Oc4ccc(/C=C5\CCC(=*)C5=O)cc4)cc3)cc2)cc1,235.0,186.8862
*Sc1ccc(*)cc1,86.85000000000002,64.99007
*CC(*)(C)C(=O)OCCCCCCN1CCN(c2ccc(/N=N/c3ccc(C#N)cc3)cc2)CC1,77.0,76.58362
*CC(*)C(=O)c1ccc(C(C)(C)C)cc1,103.5,114.21938
*c1cccc(Oc2ccc(-n3c(=O)c4cc5c(=O)n(*)c(=O)c5cc4c3=O)cc2)c1,397.0,303.1503
*c1ccc2c(c1)C(=O)N(c1cccc(S(=O)(=O)c3cccc(N4C(=O)c5ccc(*)cc5C4=O)c3)c1)C2=O,260.0,322.7257
*CC(*)(C)c1ccccc1,168.0,119.653915
*CC(*)OC(=O)c1ccccc1C,42.5,60.480835
*c1ccc(N2C(=O)c3ccc(-c4ccc5c(c4)C(=O)N(c4ccc(-c6cc(-c7ccc(OCCCC#N)cc7)cc(*)n6)cc4)C5=O)cc3C2=O)cc1,360.0,266.86734
*CC(O)CN(*)c1cc(C)c(/N=N/c2ccc(C#N)cc2)c(C)c1,150.0,154.51329
*Nc1ccc(Oc2ccc(C3(c4ccc(Oc5ccc(NC(=O)c6cccc(C(*)=O)c6)cc5)cc4)C4CC5CC(C4)CC3C5)cc2)cc1,273.0,217.18439
*CC(*)(C)C(=O)OCCCCCCCCCCOc1ccc(OC(=O)c2ccc(OCCCCCCCC)cc2)cc1,12.0,-3.672142
*c1ccc(Oc2ccc(-c3nnc(-c4ccccn4)nc3-c3ccc(Oc4ccc(C(*)(C)C)cc4)cc3)cc2)cc1,220.0,194.61143
*O[Si](*)(C)CC[Si](OCCOC)(OCCOC)OCCOC,28.900000000000038,-90.68072
*NCCCOC(*)=O,26.0,36.12018
*CC(*)C(=O)OCCCC,-51.57499999999999,-37.711243
*C(=O)c1cc2c(cc1Cl)C(=O)N(c1cc(N3C(=O)c4cc(*)c(Cl)cc4C3=O)cc(C(F)(F)F)c1)C2=O,305.0,315.09915
*c1ccc(Oc2c(F)c(F)c(-c3c(F)c(F)c(-n4nc(*)c5ccccc5c4=O)c(F)c3F)c(F)c2F)cc1F,253.0,275.81293
*C(F)(F)C(*)(F)C(F)(F)F,158.5,16.822678
*C(=O)Nc1ccc(Oc2ccc(Oc3ccc(Oc4ccc(NC(=O)c5cc(*)cc(C(C)(C)C)c5)cc4)cc3)cc2)cc1,230.0,163.07765
*OCCCCCOC(=O)c1ccc2cc(C(*)=O)ccc2c1,58.5,51.44259
*c1ccc(-c2ccc(-c3sc(-c4ccc([Si](C)(C)c5ccc(-c6cc(CCCCCCCC)c(*)s6)s5)s4)cc3CCCCCCCC)s2)s1,31.0,34.291832
*C(*)C(=O)OC(C)C,70.0,5.873062
*CSCC(*)(C)C,-49.29999999999998,-26.066612
*CC(*)(C)C(=O)OCCCCCCCCCCOc1ccc(C#Cc2cc(C)c(/C=C/c3ccncc3)cc2C)cc1,65.40000000000003,59.17222
*Oc1c(C(C)C)cc(*)cc1C(C)C,152.40000000000003,95.282684
*CCCNC(=O)CCCCC(=O)NCCCP(*)(C)=O,33.0,15.224785
*N=Nc1ccc(Oc2ccc(/N=N/P(=O)(OC)OCC3CCC(COP(*)(=O)OC)CC3)cc2)cc1,50.0,71.22234
*Nc1ccc(S(=O)(=O)c2ccc(NC(=O)c3ccc4c(c3)C(=O)N(c3cc(-c5nc6ccccc6s5)cc(N5C(=O)c6ccc(C(*)=O)cc6C5=O)c3)C4=O)cc2)cc1,357.0,336.5731
*C(=O)c1ccc(Oc2ccc(Oc3ccc(*)cc3)cc2-c2ccccc2)cc1,157.0,144.66327
*c1ccc(Oc2ccc(N3C(=O)CC(=O)N(c4ccc(Oc5ccc(C(*)(C)C)cc5)cc4)C3=S)cc2)cc1,150.0,216.77887
*CCCCCCCNC(*)=O,37.0,41.948315
*c1cccc(P(=O)(c2ccccc2)c2cccc(-n3c(=O)c4cc5c(=O)n(*)c(=O)c5c(-c5ccccc5)c4c3=O)c2)c1,325.0,310.93832
*c1ccc(/N=C/Nc2ccc(S(*)(=O)=O)cc2)cc1,163.0,208.12209
*c1ccc(NC(=C(C#N)C#N)c2ccc(C(Nc3ccc(C(C)(C)c4cccc(C(*)(C)C)c4)cc3)=C(C#N)C#N)cc2)cc1,208.0,218.35248
*Nc1ncc(*)s1,139.0,177.8483
*c1ccc(Oc2ccc(S(=O)(=O)c3ccc(-c4ccc(-c5ccc(S(*)(=O)=O)cc5)cc4)cc3)cc2)cc1,311.0,227.52786
*C(=O)c1cccc(-n2c(=O)c3cc4c(=O)n(-c5cccc(*)c5)c(=O)c4cc3c2=O)c1,321.0,301.23392
*O[Si](*)(C)CCCOc1ccc(/N=N/c2ccc(S(=O)(=O)O)cc2)cc1,9.200000000000044,49.683975
*CC(*)(C)c1ccc2ccccc2n1,193.0,167.48215
*c1ccc(OCC(O)COC(=O)/C=C/C(=O)Oc2ccc(C(*)(C)C)cc2)cc1,32.0,95.543236
*OCCCCC(=O)NNC(=O)c1ccc(C(=O)NNC(=O)CCCCOc2ccc(*)cc2C)cc1,150.0,99.25501
*c1ccc(Oc2ccc(C(=O)c3ccc(C(c4ccc(C(=O)c5ccc(Oc6ccc(C(*)(C)C)cc6)cc5)cc4)(C(F)(F)F)C(F)(F)F)cc3)cc2)cc1,181.0,193.93304
*c1ccc(Oc2ccc(N3C(=O)CC(C)(SCCOCCSC4(C)CC(=O)N(c5ccc(Oc6ccc(N7C(=O)C(C)C(SCCOCCSC8C(=O)N(*)C(=O)C8C)C7=O)cc6)cc5)C4=O)C3=O)cc2)cc1,145.0,130.12846
*c1ccc(N2C(=O)c3ccc(Oc4cccc5c(Oc6ccc7c(c6)C(=O)N(c6ccc(C(C)(C)c8ccc(C(*)(C)C)cc8)cc6)C7=O)cccc45)cc3C2=O)cc1,253.0,247.16534
*CC(*)(C)C(=O)OCCCCCCCCCCCOc1ccc2cc(C(=O)Oc3ccccc3)ccc2c1,10.0,41.348724
*CC(CC(C)C)S(*)(=O)=O,23.0,71.467705
*Nc1ccc(OCCCCCOc2ccc(NC(=O)c3cccc(C(*)=O)c3)cc2)cc1,155.0,118.58626
*C(=O)NCCCCCCCCCCCCNC(=O)C(OC)C(*)OC,84.0,-4.3752594
*Nc1ccc(S(=O)(=O)c2ccc(NC(=O)c3ccc4c(c3)C(=O)N(c3cccc(P(=O)(c5ccccc5)c5cccc(N6C(=O)c7ccc(C(*)=O)cc7C6=O)c5)c3)C4=O)cc2)cc1,241.0,311.02676
*Oc1ccc(-c2ccc(OC(=O)c3ccc(C(=O)c4ccc(C(*)=O)cc4)cc3)c(-c3ccccc3)c2)cc1-c1ccccc1,184.5,197.13574
*C(=O)c1ccc(C(c2ccc(C(=O)c3ccc(Sc4ccc(*)cc4)cc3)cc2)(C(F)(F)F)C(F)(F)F)cc1,175.0,195.85002
*C(=O)c1ccc(Oc2ccc(Oc3ccc(C(=O)c4ccc(Oc5ccc(Oc6ccc(*)cc6C(C)C)cc5)c(C(C)C)c4)cc3)cc2)cc1,145.0,146.90833
*O[Si](C)(C)c1ccc2c(c1)C(=O)N(c1ccc(Cc3ccc(N4C(=O)c5ccc([Si](*)(C)C)cc5C4=O)cc3)cc1)C2=O,232.0,160.19214
*c1ccc(-c2cc(CCCCCCOC(=O)COc3ccccc3)c(*)s2)s1,79.0,41.456264
*Nc1ccc(Oc2ccc(NC(=C(C#N)C#N)c3ccc(-c4ccc(C(*)=C(C#N)C#N)cc4)cc3)cc2)cc1,220.0,210.90771
*Oc1ccc2c(c1)C(=O)N(c1ccc(Oc3cccc(-c4cc(-c5ccccc5)cc(-c5cccc(Oc6ccc(N7C(=O)c8ccc(*)cc8C7=O)cc6)c5)n4)c3)cc1)C2=O,224.0,254.57019
*C(=O)c1ccc(Oc2ccc(Oc3ccc(Oc4ccc(*)cc4)cc3)cc2)cc1,150.5,131.92416
*c1cc(C)c(Oc2ccc3c(c2)C(=O)N(c2cccc(N4C(=O)c5ccc(Oc6c(C)cc(*)cc6C)cc5C4=O)c2)C3=O)c(C)c1,295.0,259.36087
*c1ccc2c(c1)C(=O)N(c1ccc(-c3ccc(N4C(=O)c5ccc(C(*)(C(F)(F)F)C(F)(F)F)cc5C4=O)cc3-c3ccc(-c4ccccc4)cc3)c(-c3ccc(-c4ccccc4)cc3)c1)C2=O,285.0,298.51703
*COC(=O)N1CCN(C(=O)OCC(*)(C)C)CC1,70.0,35.456764
*CC(*)c1ccccc1COC,89.0,43.184395
*OC(=O)c1ccc(Cc2ccc(C(*)=O)cc2)cc1,122.0,52.492043
*O[Si](*)(C)C1CC2CC1CC2OC(=O)OC(C)(C)C,60.0,9.281715
*CC(*)OC(=O)C(C)(C)C(C)(C)CC,90.0,44.56765
*CC(*)c1ccc(C(C)(O)CCCCC)cc1,100.0,43.97614
*c1cc(OC)c(OC(=O)CCCCCCCCC(=O)Oc2c(OC)cc(*)cc2OC)c(OC)c1,94.0,52.197376
*CC(*)C(=O)OCCOC(F)(F)C(F)F,-21.99999999999997,0.54198456
*OCCOCCOC(=O)Oc1cccc(N(c2ccccc2)c2ccc(-c3ccc(N(c4ccccc4)c4cccc(OC(*)=O)c4)cc3)cc2)c1,113.0,117.834915
*Nc1ccc(C(c2ccc(NC(=O)c3ccc(-c4ccc(C(*)=O)cc4)cc3)cc2)(P2(=O)Oc3ccccc3-c3ccccc32)P2(=O)Oc3ccccc3-c3ccccc32)cc1,251.0,285.41614
*C(=O)Oc1ccc(Cc2ccc(OC(=O)c3cc(*)cc(OCCCCC)c3)cc2)cc1,110.0,71.20828
*c1c(C)cc(C)c(N2C(=O)c3ccc(Oc4ccc(Oc5ccc6c(c5)C(=O)N(*)C6=O)cc4)cc3C2=O)c1C,345.0,241.69421
*C(=O)OCCOC(=O)c1cc(*)cc(C(C)(C)C)c1,94.0,67.22957
*OC1C(CO)OC(*)C(O)C1O,332.0,108.31723
*CC(*)Cc1cccc(C)c1,40.0,42.179455
*NCCCCCCCNC(=O)c1ccc(C(*)=O)cc1,160.0,124.9901
*c1ccc(OCC(O)COc2ccc(C3CCCC(*)(CC)C3)cc2)cc1,140.0,78.93224
*c1cc(C(C)C)c(N2C(=O)c3ccc(C(c4ccc5c(c4)C(=O)N(c4c(C(C)C)cc(C(*)(c6ccccc6)C(F)(F)F)cc4C(C)C)C5=O)(C(F)(F)F)C(F)(F)F)cc3C2=O)c(C(C)C)c1,274.0,277.02716
*c1ccc(Oc2ccc3c4c2cccc4c(=O)n2c4ccc(Oc5ccc6nc7c8cccc9c(Oc%10ccc(C(*)(C)C)cc%10)ccc(c(=O)n7c6c5)c98)cc4nc32)cc1,334.0,272.26627
*Cc1ccc(NC(=O)CCCCC(=O)NC(*)(C)C)cc1,130.0,102.63483
*CC(O)CN(*)c1cc(C)c(/N=N/c2ccc([N+](=O)[O-])cc2)c(C)c1,152.0,156.03012
*C(C)C(*)C(=O)OCCC,116.0,-4.4994507
*CCCCCCCCCCCCCCC(=O)NCCCCCCCCCCCCNC(*)=O,46.0,-14.360817
*Nc1ccc(Oc2cccc3c(NC(=O)c4ccc5c(c4)C(=O)N(c4ccc(Oc6cccc7c(N8C(=O)c9ccc(C(*)=O)cc9C8=O)cccc67)cc4)C5=O)cccc23)cc1,276.0,275.46054
*Nc1cc(NC(=O)c2ccc(C(*)=O)cc2)cc(-c2nc3ccccc3oc2=O)c1,103.0,306.3141
*c1ccc(-c2sc(-c3cc(SCCCC)c(*)s3)cc2SCCCC)cc1,129.0,37.200176
*NCCCCCCCCNC(=O)c1ccc(C(*)=O)cc1Sc1ccccc1,110.0,110.9417
*N=P(*)(Oc1ccc2ccccc2c1)Oc1ccc2ccccc2c1,47.0,67.46891
*Nc1ccc(Oc2ccc(NC(=O)c3ccc(P(=O)(c4ccccc4)c4ccc(C(*)=O)cc4)cc3)cc2)cc1,254.0,226.62787
*c1ccc(OCCCCCCCCOc2ccc(C(*)(C)C)cc2)cc1,19.600000000000023,20.008171
*CCCCCCCCC(=O)NC(Cc1ccccc1)C(=O)OC1COC2C(OC(=O)C(Cc3ccccc3)NC(*)=O)COC12,74.0,82.293526
*C(=O)Nc1ccc(Cc2ccc(NC(=O)c3cc(*)cc(NC(=O)CCN4C(=O)c5ccccc5C4=O)c3)cc2)cc1,235.0,215.76273
*CCCCCC(=O)NCCCCCCCNC(*)=O,55.0,1.9835968
*NC(=O)c1ccc(NC(=O)CCCCCCCCCCCCC(=O)Nc2ccc(C(=O)Nc3ccc(*)cc3C(=O)OCCCCCCCCCCCCCCCCCC)cc2)cc1,191.0,75.55776
*CC(CC)C(=O)NCCCCCCNC(=O)C(*)CC,94.0,33.721016
*c1ccc(OC2(F)C(F)(F)C(F)(F)C2(F)Oc2ccc(C(*)(C)C)cc2)cc1,98.0,136.40201
*c1ccc(Oc2ccc(P(=O)(c3ccccc3)c3ccc(Oc4ccc(P(*)(C)=O)cc4)cc3)cc2)cc1,238.0,192.52664
*CC(*)OC(=O)CC(C)(C)c1ccccc1,20.0,41.07696
*C(=O)c1ccc2c(c1)C(=O)N(c1ccc(Oc3ccc(N4C(=O)c5ccc(C(=O)c6cc(*)cc(C(C)(C)C)c6)cc5C4=O)cc3)cc1)C2=O,252.5,265.6666
*/C=C/*,-4.0,-55.410942
*OCCOC(=O)c1ccc2c(c1)C(=O)N(c1ccc(C(*)=O)cc1)C2=O,280.0,208.97525
*Oc1ccc(C2(c3ccc(OC(=O)c4cccc(C(*)=O)c4)cc3)CCC3CCCCC3C2)cc1,248.0,168.71558
*Nc1ccc(Oc2ccc(C3(c4ccc(Oc5ccc(NC(=O)c6ccc7c(c6)C(=O)N(c6ccc(N8C(=O)c9ccc(C(*)=O)cc9C8=O)cc6)C7=O)cc5)cc4)NC(=O)c4ccccc43)cc2)cc1,322.0,270.65485
*c1nc(C)nc(N(CCCCN(*)c2ccccc2)c2ccccc2)n1,85.0,113.32783
*Nc1ccc(Cc2ccc(NC(=O)Oc3ccc(/N=C/CCC/C=N/c4ccc(OC(*)=O)cc4)cc3)cc2)cc1,76.0,144.51636
*c1ccc2c(c1)C(=O)N(c1ccc(OCCCCCCCCCCOc3ccc(N4C(=O)c5ccc(C(*)(C(F)(F)F)C(F)(F)F)cc5C4=O)cc3)cc1)C2=O,143.0,143.61288
*CC(*)c1ccc(C(=O)OCCN(C)C)cc1,91.0,41.247265
*CC(=O)Nc1ccc(-c2ccc(NC(=O)Cc3cc(C)c(*)cc3C)cc2)cc1,171.0,203.0527
*OC(=O)c1cccc(C(=O)Oc2cc(*)cc(CCCCCCCC)c2)c1,50.5,48.664944
*c1ccc(OC(=O)CCCCCCCCC(=O)Oc2ccc(C(*)(C)C)cc2)cc1,14.25,54.42257
*OCCCCCCCCCCCOc1cccc(-c2nnc(-c3ccc(OCCCCCCCCCCCOC(=O)c4cccc(C(*)=O)c4)cc3)s2)c1,39.0,28.221775
*NC(=O)C(Cc1ccccc1)NC(=O)CCCCCCCCC(=O)NC(Cc1ccccc1)C(=O)NC(C(=O)NCC(=O)NCCCOCCOCCOCCCNC(=O)CNC(=O)C(*)C(C)C)C(C)C,58.0,47.420395
*OCCCCCCCCCCOC(=O)c1ccc(-c2ccc(-c3ccc(C(*)=O)cc3)cc2)cc1,50.0,48.665405
*Oc1ccc2c(c1)C(=O)N(CC1CC3CC1C1CCC(CN4C(=O)c5ccc(*)cc5C4=O)C31)C2=O,201.0,260.1391
*N=P(*)(Oc1cccc(C(F)(F)F)c1)Oc1cccc(C(F)(F)F)c1,-34.99999999999997,-2.1618042
*CC(*)(C)C(=O)OCCN(C)c1ccc(/N=N/c2ccc(/N=N/c3ccc(C#N)cc3)cc2C)cc1,120.0,142.97766
*C(=O)c1ccc(N(*)CCCCCCC)cc1,45.900000000000034,25.509537
*CC(*)C(=O)Nc1ccc(Cl)cc1,76.0,151.31432
*C1C(=O)N(C2CCCCC2)C(=O)C1*,232.0,195.00284
*C(=O)c1ccc(C(=O)c2ccc(Oc3ccc(C4(c5ccc(Oc6ccc(*)cc6)cc5)c5ccccc5-c5ccccc54)cc3)cc2)cc1,243.0,223.67422
*c1ccc(CNC(=O)OCc2ccc(COC(=O)NCc3ccc(C(*)(C)C)o3)o2)o1,55.0,71.48942
*Nc1ccc(NC(=O)c2cccc(C(=O)c3ccc(C(*)=O)cc3)c2)cc1,257.5,272.63474
*C(=O)c1ccc(NC(=O)c2ccc(C(=O)Nc3ccc(C(=O)c4c(C)c(C)c(*)c(C)c4C)cc3)cc2)cc1,345.0,287.6922
*c1cc(C)c(OC(=O)c2ccc(N3C(=O)CC(Nc4cccc(NC5CC(=O)N(c6ccc(C(=O)Oc7c(C)cc(C(*)c8cccnc8)cc7C)cc6)C5=O)c4)C3=O)cc2)c(C)c1,194.0,239.5213
*c1ccc(-c2ccc([Si](CCCC)(CCCC)[Si](*)(CCCC)CCCC)s2)s1,-19.99999999999997,-45.348427
*C(=O)c1ccc(N2C(=O)c3ccc(C(=O)c4ccc5c(c4)C(=O)N(c4cccc(Cc6ccc(*)cc6)c4)C5=O)cc3C2=O)cc1,254.0,279.4481
*C(CC1C(=O)OC(=O)C1*)OC1CCCCC1,201.0,88.70031
*CCC1C(=O)N(C)C(=O)C1*,141.20000000000005,162.54318
*CC(*)C(=O)OCC(CC)CCCC,-57.07499999999999,-51.584694
*Nc1ccc(Cc2ccc(NC(=O)OCCCCOC(*)=O)cc2)cc1,109.0,77.94027
*Nc1ccc(Oc2ccc(C(c3ccc(Oc4ccc(NC(=O)c5cc(C(*)=O)cc([N+](=O)[O-])c5)cc4)cc3)(C(F)(F)F)C(F)(F)F)cc2)cc1,232.0,239.30005
*Nc1ccc2c(c1)-c1cc(NC(=O)c3ccc4c(c3)C(=O)N(c3cccc(P(=O)(c5ccccc5)c5cccc(N6C(=O)c7ccc(C(*)=O)cc7C6=O)c5)c3)C4=O)ccc1C2,248.0,316.01813
*c1ccc(Oc2ccc(C(=O)Nc3cccc(Oc4ccc(NC(=O)c5ccc(Oc6ccc(C(C)(C)c7cccc(C(*)(C)C)c7)cc6)cc5)cc4)c3)cc2)cc1,147.0,182.51837
*Oc1ccc(C(=O)c2ccc(C(=O)c3ccc(Oc4ccc(*)cc4-c4cccc(C)c4)cc3)cc2)cc1,159.0,185.5011
*C=Cc1cccc(/C=C/[Si](C)(CCC(F)(F)F)c2cccc([Si](*)(C)CCC(F)(F)F)c2)c1,9.5,-2.9875793
*C(=O)c1ccc2c(c1)C(=O)N(c1cccc(Cc3ccc(Cc4cccc(N5C(=O)c6ccc(*)cc6C5=O)c4)cc3)c1)C2=O,240.0,246.02206
*CCC(C)C(*)C,-25.99999999999997,-48.24981
*CC(*)(C)C(=O)OCCCCCCCOc1ccc2cc(C(=O)Oc3ccccc3)ccc2c1,40.0,53.520462
*C(=O)NC(=O)Oc1ccc(C(C)(C)c2ccc(OC(=O)NC(=O)c3cc(*)cc(C(C)(C)C)c3)cc2)cc1,123.5,185.01083
*c1ccc(Oc2ccc(C(=O)Oc3ccc(C45CC6CC(CC(C6)C4)C5)c(OC(=O)c4ccc(Oc5ccc(C6(*)CCC(C(C)(C)C)CC6)cc5)cc4)c3)cc2)cc1,180.0,170.04944
*c1ccc(OC(=S)Oc2ccc(C(*)C)cc2)cc1,107.0,119.74573
*=Cc1ccc(Oc2ccc(S(=O)(=O)c3ccc(Oc4ccc(C5(c6ccc(Oc7ccc(S(=O)(=O)c8ccc(Oc9ccc(/C=C%10\CCC(=*)C%10=O)cc9)cc8)cc7)cc6)CCCC5)cc4)cc3)cc2)cc1,240.0,203.4595
*=C(C#N)c1ccc(C(=O)OCCC2CCN(C(=*)c3ccc(OC)cc3)CC2)cc1,167.0,117.288605
*CC(*)(C)C(=O)OC1CCCC1,75.0,101.91525
*Nc1ccc(Oc2ccc(Nc3ccc4c(c3)c3cc(*)ccc3n4CC(CC)CCCC)cc2)cc1,220.0,159.83536
*c1ccc(OC(=O)CCCCCCCCC(=O)Oc2ccc(C(*)(CC)c3ccccc3)cc2)cc1,88.0,53.65233
*CC(*)c1ccc(C)c(C)c1,110.85000000000002,125.3028
*Oc1ccc(OC(=O)c2ccc(C(*)=O)cc2Sc2ccc3ccccc3c2)cc1,148.0,155.90094
*Oc1ccc(C=Cc2ccc(Oc3ccc(-c4nnc(-c5ccc(*)c6ccccc56)o4)c4ccccc34)c3ccccc23)cc1,241.0,223.45801
*OC(=O)c1ccc(OCCCCOc2ccc(C(*)=O)cc2)cc1,45.0,30.030159
*c1ccc(NC(=O)c2cccc(C(=O)Nc3ccc(C(*)(C)C)cc3)c2)cc1,279.0,284.64618
*CC(C)(C)C1C(=O)N(CCCC)C(=O)C1*,80.0,123.85278
*COC(=O)OC(*)COCCOC,-49.99999999999997,-25.614815
*Cc1ccc(C(=O)NCCCCCNC(*)=O)cc1,103.0,72.33726
*c1ccc2c(c1)C(=O)N(c1ccc(OCCCCCCOc3ccc(N4C(=O)c5ccc(C(*)(C(F)(F)F)C(F)(F)F)cc5C4=O)cc3)cc1)C2=O,167.0,166.14987
*CC(*)OC(=O)c1cccnc1,86.5,78.19026
*O[Si](O[Si](C)(C)c1ccc([Si](*)(C)C)cc1)(c1ccccc1)c1ccccc1,0.0,19.333588
*Nc1ccc(-c2c(-c3ccc(-c4ccccc4)cc3)cc(-c3ccc(OCCCCCCCCCCOc4ccc(-c5cc(-c6ccc(-c7ccccc7)cc6)c(-c6ccc(NC(=O)c7ccc(C(*)=O)cc7)cc6)c(-c6ccc(-c7ccccc7)cc6)c5)cc4)cc3)cc2-c2ccc(-c3ccccc3)cc2)cc1,111.0,223.09003
*c1cc(C)c(OC(=O)CCCCC(=O)Oc2c(C)cc(*)cc2C)c(C)c1,108.0,85.279236
*NC(=O)CCCCCCCCC(=O)Nc1cc([N+](=O)[O-])c(*)cc1/C=C/c1ccc(N(C)C)cc1,159.0,133.3453
*CCCN1C(=O)c2ccc(-c3ccc4c(c3)C(=O)N(CCC[Si](C)(C)O[Si](*)(C)C)C4=O)cc2C1=O,75.0,92.40602
*c1ccc2c(c1)C(=O)N(c1ccc(-c3ccc(N4C(=O)c5ccc(*)cc5C4=O)cc3C(F)(F)F)c(C(F)(F)F)c1)C2=O,323.75,323.4208
*N=Cc1ccc(-c2ccc(-c3ccc(/C=N/c4cccc(*)c4)cc3)s2)cc1,150.0,183.68906
*c1ccc(Oc2ccc(S(=O)(=O)c3ccc(Oc4ccc(C(*)(C)C)cc4)c([N+](=O)[O-])c3)cc2[N+](=O)[O-])cc1,206.0,235.9386
