smiles,tg_true,tg_pred
*CC(*)c1ccc(C(=O)N2CCCCC2)cc1,114.0,170.528
*OC(=O)c1ccc(Oc2ccc(C3(c4ccc(Oc5ccc(C(=O)Oc6ccc(-c7ccc(*)cc7C)c(C)c6)cc5)cc4)CCC(C(C)(C)C)CC3)cc2)cc1,163.0,183.11736
*c1ccc(Oc2ccc(S(=O)(=O)c3ccc(Oc4ccc(-c5c6c(c(*)c7ccccc57)C(=O)N(c5ccc(F)cc5)C6=O)cc4)cc3)cc2)cc1,300.0,274.31116
*c1ccc(-c2ccc(-c3sc(-c4ccc([Si](CCCC)(CCCC)c5ccc(-c6cc(CCCCCCCC)c(*)s6)s5)s4)cc3CCCCCCCC)s2)s1,-1.0,64.05668
*CC(*)C(=O)c1ccc(Br)c(OC)c1,44.0,96.524826
*C#Cc1ccc(-c2nnc(-c3ccc(C#Cc4cc(OCCCCCCCC)c(*)cc4OCCCCCCCC)cc3)o2)cc1,130.0,116.5638
*OC1COC2C(OC(=O)c3cccc(OCCCCCCCCCCOc4cccc(C(*)=O)c4)c3)COC12,30.0,61.99964
*CC(*)OC(=O)CCCC1CCCCC1,-10.0,-12.805832
*c1ccc(C)c(N2C(=O)c3ccc(S(=O)(=O)c4ccc5c(c4)C(=O)N(*)C5=O)cc3C2=O)c1,348.0,273.8885
*CC(*)C(=O)OCC(C)O,-7.0,15.122154
*NNC(=O)c1ccccc1C(=O)Nc1cccc(C=C2CCCC(=Cc3cccc(NC(=O)c4ccccc4C(*)=O)c3)C2=O)c1,195.0,199.71906
*CC(*)c1cc(OC)c(O)c(OC)c1,147.0,167.92389
*=Cc1ccc(N(c2ccccc2)c2ccc(C=C(c3ccc(OC)cc3)c3ccc(C(=*)c4ccc(OC)cc4)cc3)cc2)cc1,197.0,194.90767
*C(=O)c1ccc(Oc2ccc(-c3nc4ccccc4n3-c3ccc(-n4c(-c5ccc(Oc6ccc(*)cc6)cc5)nc5ccccc54)cc3)cc2)cc1,242.0,242.41925
*=Nc1cccc(Oc2cccc(Oc3cccc(N=C4OC(=O)c5ccc(C(=O)c6ccc7c(c6)C(=*)OC7=O)cc54)c3)c2)c1,190.0,219.83316
*Nc1cc(NC(=O)Nc2cccc3c(NC(*)=O)cccc23)cc(C(=O)Nc2ccc3c(c2)C(=O)c2ccccc2C3=O)c1,178.0,270.4998
*C(=O)NCc1cccc(CNC(=O)c2cc(*)cc(C(C)(C)C)c2)c1,192.0,181.68355
*CC(*)c1ccc(COCCC(F)(F)C(F)(F)C(F)(F)C(F)(F)C(F)(F)C(F)(F)F)cc1,18.0,22.342453
*C(F)(F)C(*)(OC(F)(F)F)OC(F)(F)F,-59.99999999999997,19.653969
*Nc1ccc(-c2cc(-c3ccccc3)cc(-c3ccc(NC(=O)c4ccc5c(c4)C(=O)N(c4ccc(Oc6cccc7c(N8C(=O)c9ccc(C(*)=O)cc9C8=O)cccc67)cc4)C5=O)cc3)n2)cc1,295.0,272.72937
*Nc1ccc(Oc2ccc(C3(c4ccc(Oc5ccc(NC(=O)c6ccc(C(*)=O)c7ccccc67)cc5)cc4)C4CC5CC(C4)CC3C5)cc2)cc1,269.0,280.38696
*CC(*)C(=O)Oc1ccc(C(=O)c2ccc(Cl)cc2)cc1,78.0,104.33435
*O[Si](*)(C)C=C,-128.99999999999997,-115.31709
*CCNC(=O)c1ccc(C(=O)NCC(C)CC(*)CC)cc1,139.0,95.194534
*[Si](*)(C)CCCOCC1COC(C)(C)O1,-47.99999999999997,-73.94835
*Nc1ccc(C2(c3ccc(NC(=O)c4ccc5c(c4)C(=O)N(c4ccc(Oc6cccc(Oc7ccc(N8C(=O)c9ccc(C(*)=O)cc9C8=O)cc7)c6)cc4)C5=O)cc3)c3ccccc3-c3ccccc32)cc1,278.0,260.72614
*CCCN1C(=O)CC(*)CC1=O,90.0,96.245
*c1ccc(Oc2cccc3c2C(=O)N(c2ccc(Oc4cccc(Oc5ccc(N6C(=O)c7cccc(Oc8cccc(C(*)(C)C)c8)c7C6=O)cc5)c4)cc2)C3=O)cc1,202.0,209.45624
*CC(*)(C)C(=O)OCCOc1ccc(-c2ccc(-c3ccc(C#N)cc3)cc2)cc1,115.0,144.45323
*C(=O)c1ccc(C(=O)O)c(C(=O)Nc2ccc(NC(=O)c3cc(*)ccc3C(=O)O)cc2)c1,213.20000000000005,241.7844
*CN(CC(*)O)c1ccc(/N=N/c2ccc(Cl)cc2)cc1,160.0,135.53491
*CCC(=O)OCCOC(*)=O,-8.625,-32.109848
*c1cccc(Oc2cccc(Oc3cccc(N4C(=O)c5c(c(-c6ccccc6)c(-c6ccc(-c7c(-c8ccccc8)c8c(c(-c9ccccc9)c7-c7ccccc7)C(=O)N(*)C8=O)cc6)c(-c6ccccc6)c5-c5ccccc5)C4=O)c3)c2)c1,280.0,322.76416
*CCOc1ccc(-c2nc3ccc(Oc4ccc5nc(-c6ccc(OCCN(*)c7ccc(/C=C/c8ccc([N+](=O)[O-])cc8)cc7)cc6)c(-c6ccccc6)nc5c4)cc3nc2-c2ccccc2)cc1,201.0,195.2663
*CC(*)(CC(=O)OCCCCCCCCC)C(=O)OCCCCCCCCC,-13.0,-52.14995
*CC(*)Cl,78.42500000000001,2.7927399
*c1ccc(C(=O)Oc2cccc(OC(=O)c3ccc(C(*)(C)C)cc3)c2)cc1,158.0,150.71533
*CC(*)(C)C(=O)OCCCCCC(=O)Oc1ccc(OC(=O)c2ccc(OCCC)cc2)cc1,45.0,21.832619
*CC(*)C(=O)OCCC#N,4.0,27.200264
*CCC1(CCC(=O)N2CCN(C(*)=O)CC2)c2ccccc2-c2ccccc21,145.0,182.35657
*=C1C(=O)N(CC(CCCCCCCC)CCCCCCCCCC)c2cc(-c3ccc(-c4ccc(-c5ccc6c(c5)N(CC(CCCCCCCC)CCCCCCCCCC)C(=O)C6=*)s4)s3)ccc21,65.0,76.43538
*C(=O)c1ccc2c(c1)C(=O)N(c1ccc(Cc3ccccc3N3C(=O)c4ccc(*)cc4C3=O)cc1)C2=O,290.0,260.56482
*CC(*)(C)C(=O)OC1CC2CCC1(C)C2(C)C,180.5,155.94225
*c1ccc(-c2nnc(-c3ccc([Si](*)(c4ccccc4)c4ccccc4)cc3)o2)cc1,262.0,233.95459
*c1ccc(N2C(=O)c3ccc(Oc4ccc5c(c4)C(=O)N(c4ccc(Oc6c(C(C)(C)C)cc(*)cc6C(C)(C)C)cc4)C5=O)cc3C2=O)cc1,342.0,255.16858
*Nc1ccc(Oc2ccc(N3C(=O)c4ccc(Oc5ccc(C(*)=O)cc5)cc4C3=O)cc2)cc1,262.0,246.82637
*CC(*)(C)C(=O)NC(=O)OCCOc1ccc(S(=O)(=O)c2ccc(OCCO)cc2)cc1,131.0,101.00365
*CCCCCCCCCCN1C(=O)c2ccc(C(=O)Oc3ccc(-c4ccc(OC(*)=O)cc4)cc3)cc2C1=O,61.0,93.63309
*Oc1ccc(-n2c(=O)c3cc4c(=O)n(-c5ccc(Oc6ccc(*)cc6C)cc5)c(=O)c4cc3c2=O)cc1,310.0,256.93817
*Oc1ccc(-c2ccc(Oc3cccc4c3C(=O)N(c3cccc(N5C(=O)c6cccc(*)c6C5=O)c3)C4=O)cc2)cc1,275.0,256.9908
*NC(CCC(=O)OCc1ccccc1)C(*)=O,17.0,57.409035
*CC(*)(C)C(=O)OCCS(=O)(=O)c1ccc(/N=N/c2ccc(N(CC)CC)cc2)cc1,142.0,100.62964
*c1ccc(C(=O)c2ccc(Sc3ccc(C(=O)c4ccc(C(*)(C)C)cc4)cc3)cc2)cc1,175.0,149.53163
*CC(*)c1ccc(-c2ccccc2)cc1,137.85000000000002,190.04529
*NC(=O)c1ccc2c(c1)C(=O)N(C1CC(=O)N(c3cc(C)ccc3*)C1=O)C2=O,237.0,228.41765
*c1ccc2c(c1)C(=O)N(C1CCC(CC3CCC(N4C(=O)c5ccc(C(*)(C(F)(F)F)C(F)(F)F)cc5C4=O)CC3)CC1)C2=O,265.0,282.2768
*CC1C(=O)OC(=O)C1C(*)OCC,146.0,106.41514
*CC(*)C(=O)OCCCCOc1ccc(-c2ccc(C#N)cc2)cc1,30.0,69.587654
*N=P(*)(OCC1COCCOCCOCCOCCOCCO1)OCC1COCCOCCOCCOCCOCCO1,-39.99999999999997,-61.414444
*=Cc1ccc(OCCCCCCOc2ccc(/C=C3\CCCC(=*)C3=O)cc2)cc1,116.0,63.46093
*Oc1ccc2c(c1)C(=O)N(c1cccc(P(=O)(c3ccc(C(F)(F)F)cc3)c3cccc(N4C(=O)c5ccc(*)cc5C4=O)c3)c1)C2=O,248.0,254.80669
*COC(=O)OCC(OC(=O)Oc1ccc(C(=O)OC)cc1)C(*)OC(=O)Oc1ccc(C(=O)OC)cc1,90.90000000000003,80.27806
*OCCOCCOC(=O)c1ccccc1C(*)=O,-49.99999999999997,-12.162643
*c1cccc(Oc2ccc(C(c3ccc(Oc4cccc(-n5c(=O)c6cc7c(=O)n(*)c(=O)c7cc6c5=O)c4)cc3)(C(F)(F)F)C(F)(F)F)cc2)c1,226.5,276.0109
*c1ccc2c(c1)C(=O)N(c1ccc(Cc3ccc(N4C(=O)c5ccc([Si](*)(C)C)cc5C4=O)cc3)cc1)C2=O,280.0,270.30194
*CC(*)c1ccccc1COCCCC,67.0,54.881752
*NCC1CCC(CNC(=O)c2cccc(C(*)=O)c2)CC1,208.0,159.42401
*c1ccc(NC2CC(=O)N(c3ccc(-c4sc(-c5ccc(N6C(=O)CC(Nc7ccc(-c8nc(C#N)c(C#N)nc8*)cc7)C6=O)cc5)c(-c5ccccc5)c4-c4ccccc4)cc3)C2=O)cc1,231.0,286.2341
*c1ccc(OC(=O)c2ccc(S(=O)(=O)c3ccc(C(=O)Oc4ccc(C(*)(C)C)cc4)cc3)cc2)cc1,220.0,167.87238
*CC(CC(*)(C#N)C#N)c1ccc(F)cc1,180.0,189.55148
*NCCCCCCCCCCCCNC(=O)c1ccc(-c2nc3ccccc3nc2-c2ccc(C(*)=O)cc2)cc1,154.0,133.7463
*CC(*)C(=O)OCC1(CC)COC(c2ccccc2)OC1,50.0,81.233826
*Oc1cccc2c1C(=O)N(c1ccc(Oc3ccc(Oc4ccc(N5C(=O)c6ccc(*)cc6C5=O)cc4)cc3)cc1)C2=O,249.0,238.85263
*Nc1ccc(-c2ccc(NC(=O)c3ccc4c(c3)C(=O)N(c3cccc(P(=O)(c5ccccc5)c5cccc(N6C(=O)c7ccc(C(*)=O)cc7C6=O)c5)c3)C4=O)cc2)cc1,253.0,260.21628
*CCc1c(Cl)cc(*)cc1Cl,110.0,153.7711
*OCCN(CCOC(=O)c1cc(OC2CCN(c3ccc(S(=O)(=O)C(F)(F)C(F)(F)C(F)(F)C(F)(F)C(F)(F)C(F)(F)C(F)(F)C(F)(F)F)cc3)CC2)cc(C(*)=O)c1)c1ccc(S(=O)(=O)C(F)(F)C(F)(F)C(F)(F)C(F)(F)C(F)(F)C(F)(F)C(F)(F)C(F)(F)F)cc1,99.0,108.136185
*OCCCCCCCCCCOC(=O)OCCCCCCOc1ccc(Oc2ccc(OCCCCCCOC(*)=O)cc2)cc1,-21.99999999999997,-11.307297
*CC(*)(C)C(=O)OCCOC,24.0,15.553474
*CC(*)OCCCCCCCCCCCOc1ccc(C(=O)Oc2ccc(C#N)cc2)cc1,37.0,8.293625
*Nc1ccc(S(=O)(=O)c2ccc(NC(=O)c3ccc(Oc4nc(Oc5ccc(C(*)=O)cc5)nc(Sc5ccccc5)n4)cc3)cc2)cc1,310.0,204.10307
*O[Si](C)(C)c1cccc(C(F)(F)C(F)(F)C(F)(F)c2cccc([Si](*)(C)C)c2)c1,-8.0,11.036621
*CCC1C(=O)N(CCCCCCCCCCCCCCCCCC)C(=O)C1*,67.10000000000002,25.291748
*c1ccc(Oc2ccc(S(=O)(=O)c3ccc(Oc4ccc(C(*)(C)C)cc4)cc3)cc2)cc1,186.0,171.92322
*c1cc(-n2c(=O)c3cc4c(=O)n(*)c(=O)c4cc3c2=O)c(O)cc1O,362.0,315.8133
*CCCCCCCCC(=O)OCC#CCOC(*)=O,-26.49999999999997,-8.789108
*Oc1ccc2ccccc2c1-c1c(OC(=O)c2ccc(N3C(=O)c4ccc(C(=O)Oc5ccc6ccccc6c5-c5c(OC(=O)c6ccc7c(c6)C(=O)N(c6ccc(C(*)=O)cc6)C7=O)ccc6ccccc56)cc4C3=O)cc2)ccc2ccccc12,266.5,267.36652
*CC(*)C(=O)N(C)C,114.0,86.018524
*COc1ccc(N2C(=O)c3ccc(C(c4ccc5c(c4)C(=O)N(c4ccc(OC(*)CCC)cc4)C5=O)(C(F)(F)F)C(F)(F)F)cc3C2=O)cc1,204.0,217.22835
*C(=O)OCCCCCCOc1ccc(-n2on2-c2ccc(OCCCCCCOC(=O)C(*)CCCCCCCCCCP(=O)(OCC)OCC)cc2)cc1,9.0,-3.1461487
*N=P1(*)Oc2ccccc2-c2ccccc2O1,160.0,148.15416
*C=C(C#N)c1cc(OCCCCCCCCCCCCCCCC)c(C(C#N)=Cc2cc(OCCCCCCCCCCCCCCCC)c(*)cc2OC)cc1OC,190.0,33.49447
*c1ccc(-n2nccc2-c2cccc(-c3ccnn3-c3ccc(S(*)(=O)=O)cc3)c2)cc1,218.0,236.26266
*Oc1ccc(OC(=O)c2ccc(C(*)=O)cc2Oc2ccc(Br)cc2)cc1,108.0,145.55672
*=NP(=NP(=NS(=*)Oc1ccc(-c2ccccc2)cc1)(Oc1ccc(-c2ccccc2)cc1)Oc1ccc(-c2ccccc2)cc1)(Oc1ccc(-c2ccccc2)cc1)Oc1ccc(-c2ccccc2)cc1,69.0,107.46425
*CCC(F)(F)CC[Si](C)(CCC(F)(F)F)O[Si](*)(C)CCC(F)(F)F,-37.99999999999997,-90.83421
*CC(*)(C)C(=O)OCCCCCCCCCC,-63.82499999999999,-24.533081
*c1cc(C)c(O[Si](C)(C)CC[Si](C)(C)Oc2c(C)cc(*)cc2C)c(C)c1,55.0,53.532127
*CC(*)(CC(=O)OCCOCCOC)C(=O)OCCOCCOC,-40.49999999999997,-51.167206
*Oc1ccc2cc(OC(=O)c3ccc4c(c3)C(=O)N(CCOCCOCCN3C(=O)c5ccc(C(*)=O)cc5C3=O)C4=O)ccc2c1,105.0,151.37541
*CN1C(=O)c2ccc(C(c3ccc4c(c3)C(=O)N(CC(=O)Nc3ccc(Oc5ccc(-c6ccc(Oc7ccc(NC(*)=O)cc7)cc6)cc5)cc3)C4=O)(C(F)(F)F)C(F)(F)F)cc2C1=O,245.0,248.17856
*c1ccc2c(c1)C(=O)N(c1ccc(N3C(=O)c4ccc(C(*)(C(F)(F)F)C(F)(F)F)cc4C3=O)c(C(F)(F)F)c1)C2=O,366.0,289.39075
*NCCCCCc1nc2cc(-c3ccc4[nH]c(CCCCCNc5nc(*)nc(N(CC)CC)n5)nc4c3)ccc2[nH]1,190.0,154.61139
*c1ccc(CCCCc2ccc(-c3c(-c4ccccc4)cc(-c4ccc(-c5cc(-c6ccccc6)c(*)c(-c6ccccc6)c5-c5ccccc5)cc4)c(-c4ccccc4)c3-c3ccccc3)cc2)cc1,205.0,265.5813
*CC(COc1ccccc1)OC(*)=O,20.0,53.00122
*CC(=O)C(*)c1ccc(C(C)(C)C)cc1,158.0,120.5525
*c1ccc2ncc(-c3ccc(-c4cnc5ccc(S(*)(=O)=O)cc5n4)cc3)nc2c1,342.0,317.32294
*CC1C(=O)OC(=O)C1C(*)OC,153.5,129.00461
*CC(*)(C)C(=O)OCCCCCCCCCCCCOc1ccc2cc(C(=O)Oc3ccccc3)ccc2c1,12.0,21.147957
*Oc1ccc(Oc2ccc3c(c2)C(=O)N(c2ccc(Oc4ccc(S(=O)(=O)c5ccc(Oc6ccc(N7C(=O)c8ccc(*)cc8C7=O)cc6)cc5)cc4)cc2)C3=O)cc1,201.0,217.58044
*c1ccc(Cc2ccc(S(*)(=O)=O)cc2)cc1,227.5,183.3532
*CC(COC)O*,-62.14999999999998,-16.096008
*c1ccc(Oc2ccc(S(=O)(=O)c3ccc(Oc4ccc(C(*)(C)C)cc4)s3)cc2)cc1,161.85000000000002,163.21538
*N=P(*)(N(C)C)N(C)C,-4.0,-25.703766
*CC(*)(C)C(=O)NC(C)c1cccc2ccccc12,171.0,204.16238
*/C=C(/*)CCCOc1ccc(OC(=O)c2ccc(OCCCCCCCC)cc2)cc1,42.0,27.299042
*NC(=O)OC1CCN(c2ccc(/C=C/C3=CC(=C(C#N)C#N)C=C(/C=C/c4ccc(N5CCC(OC(=O)Nc6ccc(C)c(*)c6)CC5)s4)O3)s2)CC1,212.0,201.87027
*c1ccc2nc(-c3ccc(-c4nc5ccc(S(*)(=O)=O)cc5nc4-c4ccccc4)cc3)c(-c3ccccc3)nc2c1,345.0,310.6986
*c1ccc(CCCCc2ccc(-c3c(-c4ccccc4)cc(-c4cccc(-c5cc(-c6ccccc6)c(*)c(-c6ccccc6)c5-c5ccccc5)c4)c(-c4ccccc4)c3-c3ccccc3)cc2)cc1,180.0,267.15646
*CC(*)(C)C(=O)OCc1ccc(Cl)c(Cl)c1,34.450000000000045,83.758865
*Nc1cc(NC(=O)c2ccc(C(*)=O)cc2)cc(C(=O)Oc2ccc(-c3ccccc3)cc2)c1,178.0,237.4347
*Oc1ccc(-c2ccc(O[Si](*)(c3ccccc3)c3ccccc3)cc2)cc1,132.25,143.30357
*Oc1ccc(-c2ccc(Oc3c(F)c(F)c(COC(c4cccc(C(OCc5c(F)c(F)c(*)c(F)c5F)(C(F)(F)F)C(F)(F)F)c4)(C(F)(F)F)C(F)(F)F)c(F)c3F)cc2)cc1,110.0,183.52193
*Oc1ccc(S(=O)(=O)c2ccc(Oc3cccc4c3C(=O)N(c3ccc(Oc5cccc(Oc6ccc(N7C(=O)c8cccc(*)c8C7=O)cc6)c5)cc3)C4=O)cc2)cc1,230.0,222.78589
*C(=O)c1ccc2c(c1)C(=O)N(c1cc(N3C(=O)c4ccc(*)cc4C3=O)ccc1OCC(F)(F)C(F)(F)C(F)(F)C(F)(F)C(F)(F)C(F)(F)C(F)(F)C(F)(F)C(F)(F)C(F)(F)F)C2=O,194.0,187.94254
*c1ccc(OC(=S)Oc2ccc(C(*)(CC)c3ccccc3)cc2)cc1,173.0,119.86818
*NCCc1ccc(OC(=O)c2cccc(C(=O)Oc3ccc(CCNC(=O)c4cccc(C(*)=O)c4)cc3)c2)cc1,147.0,126.08247
*c1ccc2c(c1)C(=O)N(c1cccc(N3C(=O)c4ccc(-c5ccc6c(c5)C(=O)N(c5cccc(N7C(=O)c8ccc(C(*)(C(F)(F)F)C(F)(F)F)cc8C7=O)c5)C6=O)cc4C3=O)c1)C2=O,308.0,281.11755
*Oc1ccc(C(=O)O)c(C(=O)Nc2ccc(NC(=O)c3cc(*)ccc3C(=O)O)cc2)c1,166.3,243.12987
*c1ccc(N2C(=O)c3ccc(Oc4ccc(C5(c6ccc(Oc7ccc8c(c7)C(=O)N(c7ccc(N(*)c9ccc(C#N)cc9)cc7)C8=O)cc6)CCCCC5)cc4)cc3C2=O)cc1,243.0,244.51099
*C[Si](*)(CCCC)CCCC,-29.99999999999997,-91.387314
*CCC1C(=O)N(CCC)C(=O)C1*,90.40000000000003,113.007965
*CCOC(=O)NCC1(C)CC(NC(=O)OCCN(*)c2ccc(/N=N/c3ccc(B(c4c(C)cc(C)cc4C)c4c(C)cc(C)cc4C)cc3)cc2)CC(C)(C)C1,146.0,118.94575
*C(=O)OCC(COc1ccc(/N=N/c2ccc(C#N)cc2)cc1)OC(=O)c1cc(C)ccc1*,124.0,108.82842
*OC(*)C,-19.49999999999997,-65.12457
*OC(=O)c1cc(OCCCc2ccccc2)c(C(=O)Oc2ccc(*)cc2C)cc1OCCCc1ccccc1,91.0,75.97447
*c1ccc(-c2ccc(-c3cnc4ccc(-c5ccc6ncc(-c7ccc(*)cc7)nc6c5)cc4n3)cc2)cc1,305.0,324.5714
*CCCCCCCCCCCC(=O)NCCCCCCCCCCCCCNC(*)=O,56.5,71.247826
*c1ccc(Oc2ccc(-c3ccc(Oc4ccc(S(=O)(=O)c5ccc(-c6ccc(-c7ccc(S(*)(=O)=O)cc7)cc6)cc5)cc4)cc3)cc2)cc1,264.0,232.9772
*CSCC(*)(CC)CC,-36.24999999999997,-26.504333
*CC(*)(C)C(=O)OCCCCCCOc1cccc(C(=O)Oc2ccc(C#N)cc2)c1,38.0,32.660088
*=CCCCC(=*)c1ccc(Cl)cc1,16.0,22.542244
*Nc1ccc(Cc2ccc(NC(=O)OCc3ccc(COC(*)=O)o3)cc2)cc1,81.0,126.758385
*CC(O)CN(CC(O)CN(*)c1ccc(/N=N/c2ccc([N+](=O)[O-])cc2)cc1)c1ccccc1,70.0,110.28876
*CCCCCn1c(=O)c2cc3c(=O)n(CCCCCC(=O)Oc4ccc(OC(*)=O)cc4Cl)c(=O)c3cc2c1=O,87.0,93.48929
*c1ccc(OCCN(C)c2ccc(/C=C/C3=CC(=C(/C#N)C(=O)OC)/CC(C)(C)C3)cc2)c(N2C(=O)c3ccc(Oc4ccc5c(c4)C(=O)N(c4cc(C(*)(C(F)(F)F)C(F)(F)F)ccc4OCCN(c4ccccc4)c4ccc(/C=C/C6=CC(=C(/C#N)C(=O)OC)/CC(C)(C)C6)cc4)C5=O)cc3C2=O)c1,207.0,215.63947
*COCC(*)(C)COCC(F)(F)C(F)(F)C(F)(F)F,-44.99999999999997,-49.516724
*C=CC1=CC(=C(C#N)C#N)C=C(/C=C/c2sc(-c3ccc(-c4ccc(-c5ccc(-c6sc(*)c(CCCCCC)c6CCCCCC)s5)s4)s3)c(CCCCCC)c2CCCCCC)O1,134.0,88.57793
*C(=O)c1ccc(C(=O)c2ccc(Oc3ccc(-c4nc5ccccc5n4-c4ccc(-c5ccc(-n6c(-c7ccc(Oc8ccc(*)cc8)cc7)nc7ccccc76)cc5)cc4)cc3)cc2)cc1,259.0,242.98102
*c1ccc(-c2ccc(N(*)c3ccc(C)cc3)cc2)cc1,85.0,230.64389
*CC=CC[Si](*)(C)c1ccccc1,-1.0,-18.14531
*COC(=O)c1ccc(C(=O)OC(*)COc2ccc(/N=N/c3ccc(C#N)cc3)cc2)cc1,122.0,113.356186
*c1ccc(Oc2ccc(S(=O)(=O)c3ccc(-c4ccc(S(=O)(=O)c5ccc(Oc6ccc(S(*)(=O)=O)cc6)cc5)cc4)cc3)cc2)cc1,267.0,200.25754
*c1ccc(Oc2ccccc2Oc2ccc(-n3c(=O)c4cc5c(=O)n(*)c(=O)c5cc4c3=O)cc2)cc1,313.0,279.11893
*Cc1ccc(OC(=O)COCC(=O)Oc2ccc(CCC(=O)NC(*)C(=O)OCCCCCC)cc2)cc1,45.0,47.056427
*Sc1ccc(Sc2ccc(Sc3cccc4c3C(=O)N(N3C(=O)c5ccc(*)cc5C3=O)C4=O)cc2)cc1,242.0,227.79578
*Nc1ccc(Cc2ccc(NC(=O)OCc3cocc3COC(*)=O)cc2)cc1,45.0,126.52871
*NCCCCCCNC(=O)OCCCCCCCCOC(*)=O,58.0,18.236229
*c1ccc2c(c1)C(=O)N(C(=S)Nc1ccc(Oc3ccc(NC(=S)N4C(=O)c5ccc(C(*)(C(F)(F)F)C(F)(F)F)cc5C4=O)cc3)cc1)C2=O,260.0,240.20377
*CCCCCCCCC(=O)OCCOC(=O)c1ccc(C(=O)OCCOC(*)=O)cc1,-6.5,-5.9838104
*Nc1ccc(Cc2ccc(NC(=O)OCCCOC(*)=O)cc2)cc1,119.0,110.75679
*C(=O)Nc1ccc(NC(=O)c2cc(*)c(C(=O)O)cc2C(=O)O)cc1,283.4,253.20541
*c1ccc(-c2cnc3ccc(-c4ccc5ncc(*)nc5c4)cc3n2)cc1,376.0,324.8581
*c1ccc(OC(=O)CCCCC(=O)Oc2ccc(C(*)(C)C)cc2C)c(C)c1,33.5,52.633163
*c1cc(C(C)(C)c2ccc(O)cc2)cc(*)c1O,135.0,261.60425
*CCCCCC(c1ccc(O)cc1)C(*)c1ccc(O)cc1C,16.0,97.105576
*C=CC1CC(*)CC1(C#N)CCC,108.0,150.59575
*CCCCCN1C(=O)c2ccc(C(=O)c3ccc4c(c3)C(=O)N(CCCCCC(=O)Nc3ccc(NC(*)=O)cc3)C4=O)cc2C1=O,200.0,149.82101
*c1ccc(OCCN(C)c2ccc(/C=C/C3=CC(=C(/C#N)C(=O)OCCc4ccccc4)/CC(C)(C)C3)cc2)c(N2C(=O)c3ccc(Oc4ccc5c(c4)C(=O)N(c4cc(C(*)(C(F)(F)F)C(F)(F)F)ccc4OCCN(c4ccccc4)c4ccc(/C=C/C6=CC(=C(/C#N)C(=O)OCCc7ccccc7)/CC(C)(C)C6)cc4)C5=O)cc3C2=O)c1,177.0,200.75351
*OCCCCCCCCOC(=O)OC1COC2C(OC(*)=O)COC12,19.5,21.861511
*C=Cc1ccc(-c2nnc(-c3ccc(C=Cc4ccc5c(c4)c4cc(*)ccc4n5CCCCCCCC)cc3)n2-c2ccccc2)cc1,147.0,190.49028
*Nc1ccc(Oc2ccc3nc(-c4ccccc4)c(-c4ccc(Oc5ccc(-c6nc7cc(Oc8ccc(NC(=O)c9cc(C(*)=O)cc(N%10C(=O)c%11ccccc%11C%10=O)c9)cc8)ccc7nc6-c6ccccc6)cc5)cc4)nc3c2)cc1,260.0,229.15096
*c1ccc(Oc2ccc(C(=O)c3ccc(C(=O)c4ccc(Oc5ccc(C(*)(C)C)cc5)cc4)cc3)cc2)cc1,160.0,154.30276
*Oc1c(F)c(F)c(-c2c(F)c(F)c(Oc3ccc(*)cc3S(=O)(=O)O)c(F)c2F)c(F)c1F,120.0,237.49234
*Nc1nc(NC(=O)c2ccc3c(c2)C(=O)N(c2ccc(Oc4cccc5c(N6C(=O)c7ccc(C(*)=O)cc7C6=O)cccc45)cc2)C3=O)nc(-c2ccccc2)n1,291.0,253.58777
*CC(*)(C)C(=O)OCCCCCC(=O)Oc1ccc(OC(=O)c2ccc(OCCCCCC)cc2)cc1,44.0,16.710876
*C(=O)c1cccc(C(=O)c2ccc(Oc3ccc(*)cc3C)c(C(C)C)c2)c1,147.0,158.04709
*CCCCCCCCCC(=O)NCc1ccc(CNC(*)=O)cc1,110.0,99.02862
*C(=O)c1ccccc1-n1c(=O)c2cc3c(=O)n(-c4ccc(*)cc4)c(=O)c3cc2c1=O,321.0,253.18619
*OCCOc1ccc(C(*)=O)cc1,84.0,65.78039
*CC(*)c1ccc(C(F)(F)C(F)(F)C(F)(F)C(F)(F)C(F)(F)C(F)(F)C(F)(F)F)cc1,42.0,69.249825
*CC(*)OC(=O)c1cccc(Br)c1,57.5,43.023926
*c1ccc(OCC(O)COc2cccc(NC(=O)Cc3cccc(CC(=O)Nc4cccc(OCC(O)COc5ccc(C(*)(C)C)cc5)c4)c3)c2)cc1,119.0,109.848755
*NCCCCCCCCCCCCNC(=O)c1ccc(C(*)=O)cc1,130.0,105.86798
*CC(c1ccccc1)C1C(=O)N(CCCOc2ccc(-c3ccc(C#N)cc3)cc2)C(=O)C1*,130.0,163.9087
*CCOCOCC*,-83.99999999999997,-64.64871
*c1ccc(C2(c3ccc(-c4cc(-c5ccccc5)c5cc(C6(c7ccc8nc(*)cc(-c9ccccc9)c8c7)c7ccccc7-c7ccccc76)ccc5n4)cc3)c3ccccc3-c3ccccc32)cc1,390.0,339.4272
*Oc1ccc(S(=O)(=O)c2ccc(OP(*)(=O)Oc3ccc(C)cc3)cc2)cc1,66.0,114.93531
*OCC1CCCC(COC(=O)c2ccc(C(*)=O)cc2)C1,75.0,64.05343
*C=Cc1cccc(/C=C/[Si](C)(C)c2cccc([Si](*)(C)C)c2)c1,28.700000000000045,95.33307
*Oc1ccc(C2(c3ccc(Oc4ccc5c(c4)C(=O)N(c4ccc(Oc6ccc(C7(c8ccc(Oc9ccc(N%10C(=O)c%11ccc(*)cc%11C%10=O)cc9)cc8)CC8CCC7C8)cc6)cc4)C5=O)cc3)CCC(c3ccccc3)CC2)cc1,245.0,216.66245
*Oc1ccc(Oc2ccc(Oc3ccc(Oc4ccc(-c5ccc(*)c6ccccc56)c5ccccc45)cc3)cc2)cc1,147.0,227.51663
*OCCCCOc1ccc(-c2ccc(*)c3ccccc23)c2ccccc12,130.0,124.582214
*c1ccc(Oc2ccc(S(=O)(=O)c3ccc(Oc4ccc(C(*)(C)C)cc4[N+](=O)[O-])cc3)cc2)cc1,190.0,184.2396
*Oc1ccc(Sc2ccc(Oc3cccc4c3C(=O)N(c3cccc(N5C(=O)c6cccc(*)c6C5=O)c3)C4=O)cc2)cc1,231.0,239.33261
*NC(=O)Nc1ccc(CCc2ccccc2NC(=O)Nc2cc(*)ccc2C)cc1,227.0,188.14244
*c1ccc(Oc2ccc(S(=O)(=O)c3ccc(Oc4ccc(C(*)C(C)C)cc4)cc3)cc2)cc1,200.0,173.71587
*CC(*)c1ccc(COCCOCC)cc1,0.0,50.195534
*CC(*)c1ccc(CCCCCCCCCCCC)cc1,-51.99999999999997,17.572838
*c1ccc(Cc2ccc(N(c3ccc(C)cc3)c3ccc(-c4ccc(N(*)c5ccc(C)cc5)cc4)cc3)cc2)cc1,183.0,232.20058
*Cc1ccc(OC(=O)CCCCC(=O)Oc2ccc(CC(=O)NC(*)C(=O)OCCCCCC)cc2)cc1,36.0,46.223785
*CC(*)c1ccc(O)c(OC)c1,142.0,158.19449
*Oc1ccc(-c2ccc(Oc3ccc4c(c3)C(=O)N(c3ccc(Oc5cccc(Oc6ccc(N7C(=O)c8ccc(*)cc8C7=O)cc6)c5)cc3)C4=O)cc2)cc1,205.0,220.84314
*NC(=O)CCCCC(=O)NC(CCSC)C(=O)OC1COC2C(OC(=O)C(*)CCSC)COC12,71.0,59.69748
*CC(*)(C)C(=O)OCCN(CC)CC,26.0,32.36904
*Oc1ccc2c(c1)C(=O)N(c1cccc(S(=O)(=O)c3cccc(N4C(=O)c5ccc(*)cc5C4=O)c3)c1)C2=O,246.0,256.54288
*CC(OC)C(C)(C(=O)OC)C(*)(C)C(=O)OC,134.0,116.90057
*c1ccc(Oc2ccc3c(c2)C(=O)N(c2ccc(Oc4ccc(S(=O)(=O)c5ccc(Oc6ccc(N7C(=O)c8ccc(Oc9ccc(C(*)(C)C)cc9)cc8C7=O)cc6)cc5)cc4)cc2)C3=O)cc1,200.0,206.47005
*c1cccc(P(=O)(c2cccc(-n3c(=O)c4c(-c5cc(C(F)(F)F)cc(C(F)(F)F)c5)c5c(=O)n(*)c(=O)c5c(-c5cc(C(F)(F)F)cc(C(F)(F)F)c5)c4c3=O)c2)c2cc(C(F)(F)F)cc(C(F)(F)F)c2)c1,293.0,288.89645
*/C=C(/*)c1cccc[c]1[Ge]([CH3])([CH3])[CH3],180.0,123.69852
*c1ccc(N2C(=O)c3ccc(C(c4ccc5c(c4)C(=O)N(c4ccc(*)cc4OCCN(CC)c4ccc(C(C#N)=C(C#N)C#N)cc4)C5=O)(C(F)(F)F)C(F)(F)F)cc3C2=O)c(OCCN(CC)c2ccc(C(C#N)=C(C#N)C#N)cc2)c1,222.0,226.59146
*CCOC(=O)c1cccc(OCC#CC#CCOc2cccc(C(=O)OCCN(*)c3ccc(/N=N/c4ccc(C#N)cc4)cc3)c2)c1,50.0,98.64181
*OCCOC(=O)CCCC(=O)OCCOc1nc(-c2ccc(OCCCC)cc2)nc(*)c1-c1ccc(OC)cc1,46.0,42.88446
*c1nc2ccc(-c3cccc(-c4ccc5[nH]c(S(*)(=O)=O)nc5c4)c3)cc2[nH]1,290.0,321.20636
*CC(*)CCCC,-49.99999999999997,-26.542603
*Oc1ccc(OC(=O)c2ccc(OCCCCCCCCCCCCOc3ccc(C(*)=O)cc3)cc2)c(S(=O)(=O)c2ccccc2)c1,82.70000000000005,60.426323
*OCCN(CCOC(=O)c1ccc2c(c1)C(=O)N(c1cccc(N3C(=O)c4ccc(C(*)=O)cc4C3=O)c1)C2=O)c1ccc(/N=N/c2ccc([N+](=O)[O-])cc2)cc1,210.0,186.44362
*C(*)(F)Cl,77.0,41.253616
*CC(*)C(=O)Oc1ccccc1C(=O)OCC,30.0,57.01761
*Nc1ccc(NC(=O)c2ccc(C(*)=O)cc2)cc1,295.0,228.8775
*CCCCCCCCC(=O)NNC(=O)OCCCCCOC(=O)NNC(*)=O,20.0,44.987312
*C(=O)Nc1ccc(C(c2ccc(NC(=O)c3ccc4c(c3)C(=O)N(c3ccc(*)c(C)c3)C4=O)cc2)(C(F)(F)F)C(F)(F)F)cc1,355.0,265.24747
*CCOC(=O)c1cccc(C(=O)OCCN(*)c2ccc(/N=N/c3ccc(-c4nc5ccc([N+](=O)[O-])cc5n4CC)cc3)cc2)c1,147.0,140.6535
*OCCCCCCCCCOC(=O)c1ccc(-c2ccc(C(*)=O)cc2)cc1,50.5,39.099327
*Oc1c(C)cc(*)cc1C(C)CCCCC,60.0,101.03527
*O[Si](*)(C)CCCCCCCC,-91.99999999999996,-117.50781
*CC(*)C(=O)OCCOCC(F)(F)C(F)(F)C(F)(F)F,-44.99999999999997,-31.280945
*Oc1cccc(Oc2ccc3c(c2)C(=O)N(c2cccc(N4C(=O)c5ccc(*)cc5C4=O)c2)C3=O)c1,224.0,245.26544
*CC(*)(F)C(=O)OCCC(F)(F)C(F)(F)C(F)(F)C(F)(F)C(F)(F)C(F)(F)C(F)(F)C(F)(F)C(F)(F)C(F)(F)F,53.0,17.05162
*=CCS(=O)(=O)CC(=*)C,88.20000000000005,57.308815
*c1ccc(N2C(=O)c3ccc(C(c4ccc5c(c4)C(=O)N(c4ccc(C(*)(C)C)cc4)C5=O)(C(F)(F)F)C(F)(F)F)cc3C2=O)cc1,310.0,276.76355
*Oc1ccc2c(c1)C(=O)N(c1cccc(OCCOc3ccc(N4C(=O)c5ccc(*)cc5C4=O)cc3)c1)C2=O,178.5,220.98416
*C=Cc1ccc(/C=C/c2ccc3c(c2)Sc2cc(*)ccc2N3c2ccc(OCCCCCCCCCCCC)cc2)cc1,167.0,103.883545
*Nc1ccc(Oc2ccc(C(=O)c3ccc(Oc4ccc(NC(=O)c5ccc(C(*)=O)cc5)cc4)cc3)cc2)cc1,160.0,222.71172
*Oc1ccc(Sc2ccc(Oc3ccc4c(c3)C(=O)N(c3cccc(N5C(=O)c6ccc(*)cc6C5=O)c3)C4=O)cc2)cc1,209.0,242.06639
*CC(*)(C)C(=O)Oc1ccccc1,110.0,114.081985
*c1ccc(Oc2ccc(-c3ccc(N4C(=O)c5ccc(Oc6ccc(C(C)(C)c7ccc(Oc8ccc9c(c8)C(=O)N(c8ccc(-c%10ccc(Oc%11ccc%12c(c%11)C(*)(C)CC%12(C)C)c(C(F)(F)F)c%10)cc8)C9=O)cc7)cc6)cc5C4=O)cc3)cc2C(F)(F)F)cc1,241.0,262.0417
*COC(=O)c1ccc(C(=O)OC(*)COc2ccc(/N=N/c3ccc(C#N)cc3)cc2)s1,119.0,100.92563
*c1ccc(Oc2ccc(-n3c(=O)c4cc5c(=O)n(*)c(=O)c5cc4c3=O)cc2)c(-c2ccccc2)c1,329.0,310.03812
*c1ccc(Nc2ccc(C3(c4ccc(Nc5ccc(S(*)(=O)=O)cc5)cc4)c4ccccc4-c4ccccc43)cc2)cc1,221.0,311.87415
*CC(*)C(=O)OCF,15.0,32.247047
*NC(=O)CCCCC(=O)NC(C(=O)OC1COC2C(OC(=O)C(*)C(C)CC)COC12)C(C)CC,102.0,93.29967
*Cc1cc(C)c(Oc2cccc3c2C(=O)N(c2ccc(Oc4ccc(-c5ccc(Oc6ccc(N7C(=O)c8cccc(Oc9c(C)cc(*)cc9C)c8C7=O)cc6)cc5)cc4)cc2)C3=O)c(C)c1,259.0,237.28635
*c1cc(C(=O)O)cc(N2C(=O)C3CC(C4CC(=O)N(*)C4=O)c4ccccc4C3C2=O)c1,360.0,287.53802
*C(C)C(*)C(=O)OC(C)C,149.0,51.546684
*CC(*)(C)C(=O)OCCCCCCCCCCOc1ccc(/N=N/c2ccc(F)cc2)cc1,49.0,27.834755
*c1ccc2c(c1)C(=O)N(c1ccc(OCC(F)(F)C(F)(F)C(F)(F)C(F)(F)C(F)(F)C(F)(F)C(F)(F)F)c(N3C(=O)c4ccc(*)cc4C3=O)c1)C2=O,250.0,218.65479
*c1ccc(OC(=O)c2cccc(C(=O)Oc3ccc(C4(*)CCC5CCCCC5C4)cc3C)c2)c(C)c1,207.0,207.6944
*OCC(F)(F)C(F)(F)C(F)(F)COC(=O)c1cccc(Oc2cccc(C(*)=O)c2)c1,20.0,40.265266
*CC(*)(C)C(=O)OCCCCCCOc1ccc(C(=O)Oc2ccc(/N=N/c3ccc(I)cc3)c3ccccc23)cc1,40.0,72.74381
*OC(=O)c1ccc(CCCCCc2ccc(C(*)=O)cc2)cc1,42.5,56.375687
*CCCCCC(=O)OCCOCCOC(*)=O,-41.49999999999997,-54.181213
*c1ccc(Oc2ccc(Sc3ccc(Oc4ccc(-c5nc(*)nc(-c6ccccc6)n5)cc4)cc3)cc2)cc1,211.0,225.4347
*c1ccc([Si](c2ccccc2)(c2ccccc2)c2ccc(-c3ccc4c(c3)c3cc(*)ccc3n4CCCCCC#N)cc2)cc1,165.0,199.67018
*Oc1ccc(Sc2ccc(Oc3ccc4c(=O)n5c6cc(Oc7ccc8c(c7)nc7c9ccc(*)c%10cccc(c(=O)n87)c%109)ccc6nc5c5cccc3c45)cc2)cc1,346.0,272.10602
*OC(=O)CCCCCCCC(=O)Oc1cc(OC(=O)c2ccc(OCCCC)cc2)c(*)cc1OC(=O)c1ccc(OCCCC)cc1,38.0,28.791397
*Nc1ccc(C(c2ccc(NC(=O)c3ccc(OC(=O)c4ccc(C(=O)Oc5ccc(C(*)=O)cc5)cc4)cc3)cc2)(C(F)(F)F)C(F)(F)F)cc1,266.0,220.42612
*c1cc(C(=O)NCCCCCC)cc(N2C(=O)c3ccc(-c4ccc5c(c4)C(=O)N(*)C5=O)cc3C2=O)c1,256.9,242.98747
*Nc1ccc(CCc2ccccc2NC(=O)Nc2ccc(Cc3ccc(NC(*)=O)cc3)cc2)cc1,217.0,198.7471
*NC(=O)c1ccc(NC(=O)CCCCCCCCCCC(=O)Nc2ccc(C(=O)Nc3ccc(*)cc3C(=O)OCCCCCCCCCCCCCC)cc2)cc1,199.5,102.65025
*CC(*)C(=O)OCCC,-41.32499999999999,-13.463959
*Cc1cc(C(C)(C)C)cc(*)c1O,50.0,183.40637
*Oc1ccc(C2(c3ccc(OC(=O)c4ccc(C(*)=O)cc4)cc3)c3ccccc3-c3ccccc32)cc1,285.0,248.0197
*NC(=O)OCCN(CCOC(=O)NCC1(C)CC(*)CC(C)(C)C1)c1ccc(C=C(C#N)C#N)cc1,145.0,111.34514
*c1cc(CCOC(=O)NCCCC)c(*)s1,67.5,36.675987
*CNC(=O)OCC(*)C,40.0,17.572456
*c1ccc2c(c1)C(CCCCCCCC)(CCCCCCCC)c1cc(-c3sc(-c4ccc(-c5cc(CCCCCC)c(*)s5)c5nsnc45)cc3CCCCCC)ccc1-2,79.0,111.42615
*Nc1ccc(-c2nnc(-c3ccc(C(*)=O)c(Oc4ccccc4)c3)o2)cc1,235.0,248.39136
*=CCC(F)(F)C(=*)F,-34.99999999999997,35.709427
*C1CCC2C(=O)N(c3ccc(Oc4cccc(Oc5ccc(N6C(=O)C7CCC(*)CC7C6=O)cc5)c4)cc3)C(=O)C2C1,215.0,258.2913
*CCCCCCCCC(=O)Oc1cccc(-c2nnc(C=Cc3ccc(OC(*)=O)cc3)s2)c1,37.0,68.36647
*c1ccc2c3ccc(-c4ccc(-c5ccc(-c6ccc(*)s6)c6nsnc56)s4)cc3n(C(CCCCCCCC)CCCCCCCC)c2c1,121.0,144.60783
*CC(*)OC(=O)C(F)(F)C(F)(F)C(F)(F)C(F)(F)C(F)(F)C(F)(F)C(F)(F)C(F)(F)C(F)(F)F,-17.99999999999997,-10.638702
*Cc1ccc(OC(=O)CCC(=O)Oc2ccc(CCC(=O)NC(*)C(=O)OCCCCCC)cc2)cc1,53.0,51.963516
*c1ccc(N2C(=O)c3ccc4c5c(ccc(c35)C2=O)C(=O)N(c2ccc(Oc3c(C(C)(C)C)cc(*)cc3C(C)(C)C)c(C(F)(F)F)c2)C4=O)cc1,456.0,295.44318
*OCCCCCCCCOC(=O)OCCCCCCOc1ccc(C(=O)c2ccc(OCCCCCCOC(*)=O)cc2)cc1,-7.699999999999989,-5.4472656
*CCC(c1ccccc1)[Si](*)(C)C,27.0,42.642914
*c1ccc(NC(=O)c2ccc3c(c2)C(=O)N(c2ccc(C4(*)CCC(C)CC4)cc2)C3=O)cc1,322.0,268.4718
*Cc1ccccc1[Si](*)(C)c1ccccc1,93.8,99.562645
*c1ccc(Oc2cccc3c2C(=O)N(c2cccc(N4C(=O)c5cccc(Oc6ccc(C(*)(C)C)cc6)c5C4=O)c2)C3=O)cc1,227.5,243.1955
*CC(*)(C)C(=O)OCCCCCCCCOc1ccc(C(=O)Oc2ccc(C(=O)/C=C/c3c(C)c4ccccc4n3CCCC)cc2)cc1,69.0,49.863113
*c1ccc(Oc2ccc(S(=O)(=O)c3ccc(Oc4ccc(-c5c6c(c(*)c7ccccc57)C(=O)N(c5ccc(Cl)cc5)C6=O)cc4)cc3)cc2)cc1,280.0,281.5706
*Nc1ccc(Oc2ccc(NC(=O)c3ccc4c(c3)C(=O)N(c3ccc(Oc5ccc(N6C(=O)c7ccc(C(*)=O)cc7C6=O)cc5-c5ccccc5)c(-c5ccccc5)c3)C4=O)cc2-c2ccccc2)c(-c2ccccc2)c1,369.0,273.06216
*Oc1ccc(C2(c3ccc(OC(=O)c4ccc(C(*)=O)cc4)cc3)CCCCC2)cc1,275.0,189.18524
*c1ccc(Oc2ccc(-c3nnc(-c4ccc(Oc5ccc(C(*)(C)C)cc5)cc4)o3)cc2)cc1,180.0,209.79913
*/C(C)=C(/*)[Si](C)(C)CC[Si](C)(C)C,200.0,-12.348114
*Nc1ccc(OC2COC3C(Oc4ccc(NC(=O)c5cccc(C(*)=O)c5)cc4)COC23)cc1,218.0,251.11694
*C(=O)c1ccc(Oc2ccc(Oc3ccc(*)cc3S(=O)(=O)O)cc2)c(S(=O)(=O)O)c1,220.0,208.82373
*OCCCCCCOc1ccc(C(=O)c2ccc(OCCCCCCOC(=O)OCCCOC(*)=O)cc2)cc1,16.0,0.93156433
*CCOC(=O)Nc1ccc(C)c(NC(=O)OCCN(*)c2ccc(/N=N/c3ccc(/N=N/c4cc(OC)c(/N=N/c5ccc([N+](=O)[O-])cc5)cc4OC)c(C)c3)cc2)c1,148.0,144.72859
*C(=O)Nc1ccc(-c2ccc(NC(=O)c3cc(*)cc(NC(=O)c4ccncc4)c3)cc2)cc1,339.0,251.65817
*OCCCCCCOc1ccc(-n2on2-c2ccc(OCCCCCCOC(=O)C(CCCCCCCCCCBr)C(*)=O)cc2)cc1,16.0,8.467957
*CC(*)C(=O)N1CCCCC1,108.0,110.00222
*CC(*)OC(=O)C=Cc1ccccc1,76.85000000000002,43.798454
*OCCCCCCOC(=O)c1ccc2cc(C(*)=O)ccc2c1,64.0,38.344276
*Oc1ccc(Sc2cccc(Oc3ccc4c(c3)C(=O)N(c3ccc(Oc5ccc(N6C(=O)c7ccc(*)cc7C6=O)cc5)cc3)C4=O)c2)cc1,212.0,226.34674
*C(C)C(*)C(=O)OC12CC3CC(C)(CC(C)(C3)C1)C2,194.5,192.31517
*CCCN(*)C(=O)C(F)(F)C(F)(F)C(F)(F)C(F)(F)C(F)(F)C(F)(F)C(F)(F)F,25.0,14.097488
*Nc1ccc(Oc2ccc3cccc(Oc4ccc(NC(=O)c5ccc(Oc6ccc(C(*)=O)cc6)cc5)cc4)c3c2)cc1,236.0,216.45016
*Nc1ccc(Oc2ccc(C(=O)c3ccc(Oc4ccc(NC(=O)c5ccc(C(*)=O)cn5)cc4)cc3)cc2)cc1,170.0,212.13422
*c1cc(-c2sc(-c3cc(CCCC)c(*)s3)cc2CCCC)c2cccccc1-2,124.0,172.90839
*CC(COCC)O*,-60.99999999999997,-39.80774
*c1ccc(OC(=O)CCCC(=O)Oc2ccc(C3(*)c4cc(OC)ccc4-c4ccc([N+](=O)[O-])cc43)cc2)cc1,197.0,171.82066
*C(=O)c1ccc(Oc2ccc(/C=N/N=C/c3ccc(Oc4ccc(*)cc4)cc3)cc2)cc1,179.0,153.71269
*CCCC(*)(C)C,-19.99999999999997,-39.97992
*OCCCOc1ccc(-c2ccc(*)c3ccccc23)c2ccccc12,182.0,150.17253
*NCCNS(=O)(=O)c1cccc(S(*)(=O)=O)c1,107.0,133.2469
*N=P(*)(OCC(COCCOCCCC)OCCOCCCC)OCC(COCCOCCCC)OCCOCCCC,-85.99999999999997,-83.62947
*CCCCCCCCCCCn1c(=O)c2cc3c(=O)n(CCCCCCCCCCCC(=O)Oc4ccc5cc(OC(*)=O)ccc5c4)c(=O)c3cc2c1=O,62.0,57.381493
*c1ccc2c(c1)C(=O)N(c1cccc(Oc3ccc(P(=O)(c4ccccc4)c4ccc(Oc5cccc(N6C(=O)c7ccc(C(*)(C(F)(F)F)C(F)(F)F)cc7C6=O)c5)cc4)cc3)c1)C2=O,243.0,234.0307
*CCN(*)C(=O)CC12CC3CC(CC(C3)C1)C2,139.0,147.22159
*Oc1ccc(Sc2ccc(Oc3ccc4c(c3)C(=O)N(c3ccc(Oc5ccc(C(c6ccc(Oc7ccc(N8C(=O)c9ccc(*)cc9C8=O)cc7)cc6)(C(F)(F)F)C(F)(F)F)cc5)cc3)C4=O)cc2)cc1,217.5,212.4851
*CCCCCCCCC(*)Cl,-32.99999999999997,-13.940689
*Nc1ccc(NC(=O)Nc2cc(NC(*)=O)cc(C(=O)Nc3ccc4c(c3)C(=O)c3ccccc3C4=O)c2)cc1,184.0,255.39517
*NC(=O)OCCN(CCOC(=O)Nc1cccc(*)c1C)c1ccc(/N=N/c2ccc([N+](=O)[O-])cc2)cc1,147.0,110.83905
*CC(*)(C)C(=O)OCC(CC)CC,10.350000000000025,13.865379
*CC(COCOCC(C)([N+](=O)[O-])[N+](=O)[O-])O*,-15.0,23.419525
*c1ccc(OCC(O)COc2cccc(NC(=O)CCCCCC(=O)Nc3cccc(OCC(O)COc4ccc(C(*)(C)C)cc4)c3)c2)cc1,107.0,79.755615
*OCCCCCCCOC(=O)OC1CCC(OC(*)=O)CC1,-5.0,-5.3019104
*Nc1ccc(Oc2ccc(C(c3ccc(Oc4ccc(NC(=O)c5ccc6c(c5)C(=O)N(c5ccc(Oc7ccc8ccc(Oc9ccc(N%10C(=O)c%11ccc(C(*)=O)cc%11C%10=O)cc9)cc8c7)cc5)C6=O)cc4)cc3)(C(F)(F)F)C(F)(F)F)cc2)cc1,250.0,269.58154
*c1c(C)cc(C)c(C(=O)c2cccc(N3C(=O)c4ccc(C(=O)c5ccc6c(c5)C(=O)N(*)C6=O)cc4C3=O)c2)c1C,300.0,270.84338
*CCOC(=O)Oc1ccc(C(C)(C)c2ccc(OC(=O)OCCN(*)c3ccc(OC)cc3)cc2)cc1,60.0,87.36052
*c1ccc(OCC(O)COC(=O)C2CCC(C(=O)OCC(O)COc3ccc(C(*)(C)C)cc3)CC2)cc1,70.0,64.16371
*c1ccc2c(c1)C(=O)N(c1cc(C(c3ccc(OC(=O)C45CC6CC(CC(C6)C4)C5)c(N4C(=O)c5ccc(C(*)(C(F)(F)F)C(F)(F)F)cc5C4=O)c3)(C(F)(F)F)C(F)(F)F)ccc1OC(=O)C13CC4CC(CC(C4)C1)C3)C2=O,305.0,288.3641
*c1ccc(OC(=O)c2ccc(C(=O)Oc3ccc(C4(*)CCC5CCCCC5C4)cc3C)cc2)c(C)c1,247.0,214.37361
*c1ccc(OC(=S)Oc2ccc(C(*)CC)cc2)cc1,104.0,88.806915
*CCCCCCN(C)C(=O)CCC(=O)N(*)C,7.5,15.233505
*c1ccc(OCC(COc2ccc(C(*)(C)C)cc2)OC(=O)/C=C/c2ccccc2)cc1,100.60000000000002,97.53989
*c1ccc(N2C(=O)c3ccc(-c4ccc5c(c4)C(=O)N(c4ccc(Oc6c(C(C)(C)C)cc(*)cc6C(C)(C)C)c(C(F)(F)F)c4)C5=O)cc3C2=O)cc1,389.0,275.02982
*C=Cc1ccc(C=CC(=O)Nc2ccc(Oc3ccc(NC(*)=O)cc3)cc2)cc1,205.0,194.58401
*NC(=O)OCCOC(=O)NCC1(C)CC(*)CC(C)(C)C1,84.0,82.28975
*Oc1ccc2c(c1)Oc1cc(OC(*)=O)ccc1C21c2ccccc2-c2ccccc21,295.0,268.56708
*C(=O)OCCN(CCOC(=O)c1ccc(*)cc1OCCCCC)c1ccc(/N=N/c2nc(C#N)c(C#N)[nH]2)cc1,131.0,93.32322
*C(=O)c1ccc(Oc2ccc(S(=O)(=O)c3ccc(Oc4ccc(-c5ccc(Oc6ccc(*)cc6)cc5)cc4)cc3)cc2)cc1,206.0,183.3534
*NC(=O)Oc1ccc(-c2[nH]c(-c3ccc(-c4nc(-c5ccc([N+](=O)[O-])cc5)c(-c5ccc([N+](=O)[O-])cc5)[nH]4)cc3)nc2-c2ccc(OC(=O)Nc3ccc(-c4ccc(*)cc4OC)c(OC)c3)cc2)cc1,223.0,235.18082
*CC(*)(C)C(=O)OCCCCCCc1ccc(/N=N/c2ccc(OC(F)(F)F)cc2)cc1,194.5,37.4738
*C(CC(C)(C)C(*)CCC(C)(O)C=C)OC(C)=O,85.0,45.240303
*Oc1cccc(OC(=O)c2ccc(OC(=O)c3cccc(C(=O)Oc4ccc(C(*)=O)cc4)c3)cc2)c1,158.0,148.44987
*CC(CBr)O*,-14.0,14.056877
*OC(=O)Oc1ccc(Sc2ccc(OC(=O)OC3C(C)(C)C(*)C3(C)C)cc2)cc1,107.0,140.47336
*C[n+]1ccc(-c2cc[n+](Cc3cccc(*)c3)cc2)cc1,128.0,134.91756
*C(=O)c1ccc(N2C(=O)c3ccc(C(=O)c4ccc5c(c4)C(=O)N(c4ccc(*)cc4)C5=O)cc3C2=O)cc1,293.0,258.84818
*c1ccc2c(c1)C(=O)N(c1ccc(-c3nc4cc(N5C(=O)c6ccc(*)cc6C5=O)ccc4[nH]3)cc1)C2=O,397.5,311.18982
*CC(*)Cc1ccccc1C,80.0,71.61333
*C(=O)c1ccc2c(c1)C(=O)N(c1ccc(-c3nc(-c4ccccc4)nc(-c4ccc(N5C(=O)c6ccc(*)cc6C5=O)cc4)n3)cc1)C2=O,355.0,282.14655
*Cc1ccc(OC(=O)CCCC(=O)Oc2ccc(CC(=O)NC(*)C(=O)OCCCCCCCC)cc2)cc1,38.0,39.030327
*O[Si](C)(C)c1ccc2c(c1)C(=O)N(c1ccc(Oc3ccc(-c4nnc(-c5ccc(Oc6ccc(N7C(=O)c8ccc([Si](*)(C)C)cc8C7=O)cc6)cc5)o4)cc3)cc1)C2=O,190.5,175.73895
*c1ccc(OCC2CCC(COc3ccc(-n4c(=O)c5cc6c(=O)n(*)c(=O)c6cc5c4=O)cc3)CC2)cc1,306.70000000000005,254.55042
*NCCCCCCNC(=O)NCc1ccc(CNC(*)=O)cc1,72.0,96.934265
*Oc1ccc(Oc2cccc(Oc3ccc4c(c3)C(=O)N(c3ccc(Oc5cccc(Oc6ccc(N7C(=O)c8ccc(*)cc8C7=O)cc6)c5)cc3)C4=O)c2)cc1,184.0,211.51132
*Cc1ccc(OC(=O)COCCOCC(=O)Oc2ccc(CCC(=O)NC(*)C(=O)OC(C)C)cc2)cc1,58.0,45.526825
*C=Cc1ccc2c(c1)Sc1cc(*)ccc1N2c1ccc(OCCCCCCCCCCCC)cc1,129.0,93.975555
*Nc1ccc(Cc2ccc(NC(=O)OCCN(CCCCCOc3ccc(/N=N/c4ccccc4)cc3)CCOC(*)=O)cc2)cc1,59.60000000000002,86.48278
*CC(*)(CC(=O)OC1CCC1)C(=O)OC1CCC1,60.0,81.01212
*CC(*)F,33.92500000000001,-10.949951
*c1ccc(Nc2ccc(S(=O)(=O)c3ccc(Nc4ccc(C5(*)c6ccccc6-c6ccccc65)cc4C)cc3)cc2)c(C)c1,269.0,305.70624
*N=P(*)(Cl)Oc1ccc(C)cc1,-5.0,14.314468
*c1ccc2c(c1)C(=O)N(c1ccc(NC(=S)/N=C/c3ccc(Cl)c(N4C(=O)c5ccc(C(*)(C(F)(F)F)C(F)(F)F)cc5C4=O)c3)cc1)C2=O,272.0,263.10846
*CCCCCCC(=O)Nc1ccc(NC(*)=O)cc1,138.0,128.39459
*c1ccc2oc(-c3ccc(C(c4ccc(-c5nc6cc(C(*)(c7ccccc7)C(F)(F)F)ccc6o5)cc4)(C(F)(F)F)C(F)(F)F)cc3)nc2c1,334.0,295.95428
*CC(*)OC(=O)c1nn(C(C)=O)c2ccccc12,150.0,92.91187
*CC(C)(C(=O)OC)C(C)(C(=O)OC)C(*)OCC,131.0,105.486084
*c1ccc2c(c1)C(=O)N(c1ccc(Oc3ccc(N4C(=O)c5ccc(C(F)(F)C(F)(F)C(F)(F)C(*)(F)F)cc5C4=O)cc3)cc1)C2=O,212.0,251.2025
*CC(*)CCCCCCCC,-34.99999999999997,-38.01532
*=C(C#N)c1ccc(C(=O)OCC2CCCN(C(=*)c3ccc(OC)cc3)C2)cc1,176.0,140.6347
*C1C(=O)N(CCCOc2ccc(-c3ccc(C#N)cc3)cc2)C(=O)C1*,130.0,172.50345
*C(=O)Nc1ccc(C(c2ccc(NC(=O)c3cc(*)cc(C(C)(C)C)c3)cc2)(C(F)(F)F)C(F)(F)F)cc1,284.1,260.75177
*C1OCCCC1C1C(=O)OC(=O)C1*,210.0,181.68835
*CC(*)c1ccccc1C(=O)OCCC,108.0,62.53302
*COCC(*)(CSCCCCC)CSCCCCC,-32.99999999999997,-44.185257
*C(=O)c1cccc(C(=O)c2ccc(S(=O)(=O)c3ccc(*)cc3)cc2)c1,198.0,172.22728
*c1ccc2c(c1)C(=O)N(c1ccc(Sc3ccc(Sc4ccc(N5C(=O)c6ccc(C(*)(C(F)(F)F)C(F)(F)F)cc6C5=O)cc4)cc3)cc1)C2=O,257.0,268.9214
*CC(*)c1ccc(Br)cc1,140.35000000000002,142.07388
*c1ccc(C(c2ccc(C#N)cc2)c2ccc(N(*)c3ccc(C)cc3)cc2)cc1,230.0,251.45709
*c1ccc(C)c(NC(=O)c2ccc(OC(=O)c3ccc(C(=O)Oc4ccc(C(=O)Nc5cc(C(*)(C(F)(F)F)C(F)(F)F)ccc5C)cc4)cc3)cc2)c1,213.0,246.24792
*c1cccc(P(=O)(c2ccc(C(F)(F)F)cc2)c2cccc(-n3c(=O)c4cc5c(=O)n(*)c(=O)c5c(-c5ccc(C(F)(F)F)cc5)c4c3=O)c2)c1,303.0,279.77094
*c1ccc(-c2nnc(-c3ccc(-c4nnc(-c5ccc([Si](*)(c6ccccc6)c6ccccc6)cc5)o4)o3)o2)cc1,276.0,242.91922
*Oc1ccc(C2(c3ccc(OC(*)=O)cc3)CC3CC2C2C4CCC(C4)C32)cc1,267.5,266.81738
*CCCCCCCCC(=O)Nc1ccc2oc(CCCCCCCCc3nc4cc(NC(*)=O)ccc4o3)nc2c1,93.0,102.55713
*CC(*)(CC(=O)OCC)C(=O)OCC,65.5,41.887314
*C=Cc1ccc(Oc2ccc(-c3nnc(-c4ccc(Oc5ccc(*)c6ccccc56)cc4)o3)cc2)cc1,213.0,224.12201
*OC(=O)c1cccc(C(=O)Oc2cc(*)cc(CCCCCCCCC)c2)c1,41.5,59.57396
*C(=O)OCCCCCCOc1ccc(-n2on2-c2ccc(OCCCCCCOC(=O)C(*)CCCCCP(=O)(OCC)OCC)cc2)cc1,7.0,-0.61065674
*Oc1ccc(C(c2ccccc2)(c2ccccc2)c2ccc(OC(*)=O)cc2)cc1,213.0,214.43326
*c1ccc(C(=O)c2ccc(Oc3ccc(C(c4ccc(Oc5ccc(C(=O)c6ccc(C(*)(C)C)cc6)cc5)cc4)(C(F)(F)F)C(F)(F)F)cc3)cc2)cc1,179.0,208.18422
*C=CC1CC(*)CC1C(=O)OCCCCCCCCOc1ccc(/C=C/c2ccc([N+](=O)[O-])cc2)cc1,51.0,50.70578
*c1ccc(Oc2ccc(-c3nc4ccccc4n3-c3ccc(-n4c(-c5ccc(Oc6ccc(S(*)(=O)=O)cc6)cc5)nc5ccccc54)cc3)cc2)cc1,270.0,250.7395
*OCCCCCCCCCCCCOC(=O)OCCCCCCn1c(=O)c2cc3c(=O)n(CCCCCCOC(*)=O)c(=O)c3cc2c1=O,-9.0,16.419296
*CC(*)OC(=O)C(C)(C(C)C)C(C)C,120.0,26.515312
*Cc1ccc(OC(=O)CCCC(=O)Oc2ccc(CCC(=O)NC(*)C(=O)OC(C)CC)cc2)cc1,52.0,60.114838
*COC(=O)NC(=O)c1cccc(C(=O)NC(=O)OCC(*)CCCCCCCCCCCC)c1,112.0,32.84243
*c1ccc2nc(CCCCCCCCCCc3nc4ccc(*)cc4o3)oc2c1,64.0,83.587906
*c1cc(C)c(OP(=O)(Oc2ccccc2)Oc2c(C)cc(S(*)(=O)=O)cc2C)c(C)c1,142.0,159.99779
*Cc1cc(C)c(Oc2ccc(N3C(=O)c4ccc(-c5ccc6c(c5)C(=O)N(c5ccc(Oc7c(C)cc(*)cc7C)cc5)C6=O)cc4C3=O)cc2)c(C)c1,310.0,263.28583
*c1ccc(Oc2ccc(N3C(=O)C4CCC5C(=O)N(c6ccc(Oc7ccc(C(*)(C)C)cc7)cc6)C(=O)C5C4C3=O)cc2)cc1,263.5,253.3733
*CC(*)c1ccccc1COCCCCCCCC,13.0,7.6817017
*C(=O)c1ccc(Oc2ccc(N3C(=O)c4ccc(S(=O)(=O)c5ccc6c(c5)C(=O)N(c5ccc(Oc7ccc(*)cc7)cc5)C6=O)cc4C3=O)cc2)cc1,275.5,249.44174
*c1nnc(-c2cc(CCCCCCCC)c(-c3ccc(-c4sc(-c5nnc(-c6cc(OCCCCCCCC)c(*)cc6OCCCCCCCC)o5)cc4CCCCCCCC)s3)s2)o1,34.10000000000002,64.41587
*OCCCCCCN1C(=O)c2ccc(-c3ccc(-c4ccc5c(c4)C(=O)N(CCCCCCOC(*)=O)C5=O)cc3)cc2C1=O,73.0,101.56364
*C(=O)NNC(=O)c1ccc(*)cc1OCCCCCCCC,203.5,69.863144
*=CC(C)CC(=*)C,2.300000000000012,-11.137466
*CCCCC(=O)Nc1ccc(OC2COC3C(Oc4ccc(NC(*)=O)cc4)COC23)cc1,150.0,173.51595
*c1ccc(Oc2ccc(Oc3ccc(-n4c(=O)c5cc6c(=O)n(*)c(=O)c6cc5c4=O)cc3)c(-c3ccccc3)c2)cc1,271.0,284.28394
*c1ccc(Oc2ccc(S(=O)(=O)c3ccc(Oc4ccc(-c5c6c(c(*)c7ccccc57)C(=O)N(c5ccccc5)C6=O)cc4)cc3)cc2)cc1,310.0,277.0772
*O[SiH](*)C,-3.3899999999999864,-37.820953
*c1cccc(P(=O)(c2cccc(-n3c(=O)c4cc5c(=O)n(*)c(=O)c5c(-c5ccccc5)c4c3=O)c2)c2cc(C(F)(F)F)cc(C(F)(F)F)c2)c1,300.0,289.91425
*C(=O)c1ccc(-c2ccc(C(=O)c3ccc(Oc4ccc(Oc5ccc(*)cc5)cc4-c4ccccc4)cc3)cc2)cc1,186.0,200.3144
*C(=O)c1ccccc1-c1ccccc1C(=O)c1ccc(Oc2ccc(Oc3ccc(*)cc3)cc2)cc1,175.0,159.09995
*CC(*)(C)C(=O)OCCOCCOCCOCCOCCOCCOCCOCCOC,-57.99999999999997,-68.304504
*CC(O)COc1ccc(C(C)(C)c2ccc(OCC(O)CN(C)S(=O)(=O)c3cccc(S(=O)(=O)N(*)C)c3)cc2)cc1,76.0,105.89964
*Nc1ccc(NC(=O)c2ccc(P(=O)(c3ccccc3)c3ccc(C(=O)Nc4ccc(C(*)=O)cc4)cc3)cc2)cc1,243.0,247.10175
*C(=O)NCCCCCCCCCNC(=O)C(OC)C(*)OC,84.0,76.230194
*CC(CSC(C)C)O*,-43.99999999999997,-47.827972
*c1ccc(N2C(=O)c3ccc(C(=O)c4ccc5c(c4)C(=O)N(c4ccc(N(*)c6ccc(C#N)cc6)cc4)C5=O)cc3C2=O)cc1,315.0,284.7829
*Oc1ccc(OC(=O)c2ccc(C(*)=O)cc2)c(C(F)(F)F)c1,159.3,136.4542
*c1ccc(Oc2ccc(/C=N/c3ccc(Oc4ccc(/N=C/c5ccc(Oc6ccc(S(*)(=O)=O)cc6)cc5)cc4)cc3)cc2)cc1,162.0,184.65118
*CC(*)(C)C(=O)Oc1ccc([N+](=O)[O-])c(C)c1,101.0,113.353935
*c1ccc(NC(=O)c2cc(NC(=O)c3ccccc3)cc(C(=O)Nc3ccc(C(*)(C)C)cc3)c2)cc1,303.5,239.5444
*c1ccc(Oc2ccc(-c3ccc(-c4ccc(Oc5ccc(C(*)(C)C)cc5)cc4)cc3)cc2)cc1,182.0,207.36981
*OC(=O)CCCCCC(=O)Oc1cc(OC(=O)c2ccc(OCCCC)cc2)c(*)cc1OC(=O)c1ccc(OCCCC)cc1,45.0,38.81112
*Nc1ccc(C(=O)c2ccc(Oc3ccc(Oc4ccc(C(=O)c5ccc(NC(=O)c6ccc(C(*)=O)cc6)cc5)cc4)cc3)cc2)cc1,224.0,230.01665
*Oc1ccc2c(c1)C(=O)N(c1cc(C(c3ccc(O)c(N4C(=O)c5ccc(*)cc5C4=O)c3)(C(F)(F)F)C(F)(F)F)ccc1O)C2=O,266.0,299.9323
*OCCCCCOC(=O)c1ccc(Oc2ccc(C(*)=O)cc2)cc1,26.0,39.164215
*COC(=O)C(*)(C)CCC,1.900000000000034,-12.57843
*OC(=O)Oc1ccc(C2(c3ccc(OC(=O)OC4C(C)(C)C(*)C4(C)C)cc3)c3ccccc3-c3ccccc32)cc1,214.0,238.07669
*Cc1cc(C)c(N2C(=O)c3ccc(Oc4cccc5c(Oc6ccc7c(c6)C(=O)N(c6c(C)cc(*)cc6C)C7=O)cccc45)cc3C2=O)c(C)c1,281.0,277.7884
*Nc1cccc(C(=O)c2ccc(Oc3ccc(C(=O)c4ccc(NC(=O)c5cccc(C(*)=O)c5)cc4)cc3)cc2)c1,204.0,225.48575
*COC(=O)c1ccc(C(=O)OCC(CCC)C(*)CCC)cc1,30.0,29.732277
*CC(*)C(=O)NCP(=O)(O)O,26.0,120.42733
*CC(*)OCCCCC,-66.14999999999998,-55.796753
*Oc1ccc(C2(c3ccc(OC4(F)C(*)(F)C(F)(F)C4(F)F)cc3)c3ccccc3-c3ccccc32)cc1,228.0,259.15286
*c1ccc(Sc2ccc(Sc3ccc(Sc4ccc(S(*)=O)cc4)cc3)cc2)cc1,133.0,150.88443
*c1ccc(Oc2ccc(/C=C/C(=O)c3ccc(Oc4ccc(C(*)(C)C)cc4)cc3)cc2)cc1,152.0,155.97351
*c1ccc(Oc2ccc(C(=O)Nc3ccc(NC(=O)c4ccc(Oc5ccc(C(C)(C)c6cccc(C(*)(C)C)c6)cc5)cc4)cc3)cc2)cc1,154.0,214.56152
*c1ccc(Oc2ccc(/C=N/c3ccc(Oc4ccc(S(*)(=O)=O)cc4)cc3)cc2)cc1,110.0,181.09671
*Nc1ccc(CCc2ccc(NC(=O)OCCOC(*)=O)cc2)cc1,116.90000000000003,122.82177
*CC(*)(C)C(=O)OCCCCCCC(F)(F)C(F)(F)C(F)(F)C(F)(F)C(F)(F)C(F)(F)C(F)(F)C(F)(F)C(F)(F)C(F)(F)C(F)(F)C(F)(F)F,84.0,-11.916779
*CC(*)c1ccc(C(O)CCN(C)C)cc1,43.0,93.93555
*NCCCCCCNC(=O)Oc1ccc(/N=C/C=N/c2ccc(OC(*)=O)cc2)cc1,80.0,99.764824
*Cc1ccc(OC(=O)CCCCCCCCC(=O)Oc2ccc(CC(=O)NC(*)C(=O)OCCCCCCCC)cc2)cc1,16.0,31.8396
*OCC1CCC(COC(C)OC(=O)c2cccc(C(=O)OC(*)C)c2)CC1,30.0,42.085533
*Cc1ccc(OC(=O)CCCC(=O)Oc2ccc(CCC(=O)NC(*)C(=O)OCCCC)cc2)cc1,56.0,50.878555
*OC(=O)c1ccc2c(c1)C(=O)N(c1ccc(-c3ccc(N4C(=O)c5ccc(C(=O)Oc6ccc(-c7ccc(*)cc7C)c(C)c6)cc5C4=O)cc3C)c(C)c1)C2=O,177.0,261.2461
*c1ccc(Oc2ccc(-c3nnc(-c4ccccn4)nc3-c3ccc(Oc4ccc(C(*)(C(F)(F)F)C(F)(F)F)cc4)cc3)cc2)cc1,224.0,206.48462
*C(=O)c1ccc(Oc2ccc(-c3ccc(Oc4ccc(*)cc4)cc3)cc2)cc1,167.0,173.63051
*c1ccc(C)c(N2C(=O)C(=O)N(CCCCCCN3C(=O)C(=O)N(*)C3=O)C2=O)c1,181.5,156.32733
*COC(=O)C1CCC(C(=O)OC(*)COc2ccc(/N=N/c3ccc(C#N)cc3)cc2)CC1,106.0,96.66056
*C(=O)c1ccc(Oc2ccc(-c3nc(-c4ccccn4)nnc3-c3ccc(Oc4ccc(*)cc4)cc3)cc2)cc1,223.0,201.81226
*Nc1ccc(C(c2ccc(NC(=O)c3cc(NC(=O)C45CC6CC(CC(C6)C4)C5)cc(C(*)=O)c3)cc2)(C(F)(F)F)C(F)(F)F)cc1,365.0,282.24084
*NCCCCCCNc1nc(*)nc(-c2ccccc2)n1,95.0,124.17985
*CCc1ccc(*)cc1Br,80.0,90.903435
*COC(=O)C(*)C,-24.99999999999997,-21.278366
*c1ccc2c(c1)C(=O)N(c1ccc(OCCOc3ccc(N4C(=O)c5ccc(C(*)(C(F)(F)F)C(F)(F)F)cc5C4=O)cc3)cc1)C2=O,254.0,253.99945
*Cc1cccc(CN(CC)c2ccc(/C=C/c3ccc(C=C(C#N)C(=O)NC4CCCCC4NC(=O)/C(C#N)=C/c4ccc(/C=C/c5ccc(N(*)CC)cc5)s4)s3)cc2)c1,157.0,171.34674
*CN1C(=O)C2C3C=CC(C2C1=O)C1C(=O)N(C(*)C)C(=O)C31,212.0,250.25217
*OCCCSCCCCSCCCOC(=O)c1ccc2c(c1)C(=O)N(c1ccc(C(*)=O)cc1)C2=O,39.0,45.84324
*CC(*)(C)C(=O)Oc1ccc(OCc2ccccc2)cc1,95.3,87.45444
*CC(*)(C)CC,-11.574999999999989,42.260788
*CC(*)(C)C(=O)Oc1ccc(C(=O)Oc2ccccc2)cc1,99.0,106.465324
*Oc1cccc(Oc2ccc(C(=O)O)c(C(=O)Nc3ccc(Oc4ccc(-c5ccc(Oc6ccc(NC(=O)c7cc(*)ccc7C(=O)O)cc6)cc5)cc4)cc3)c2)c1,100.0,227.86502
*NC(=O)c1ccc2c(c1)C(=O)N(c1c(C)cc(C)c(N3C(=O)c4ccc(C(=O)Nc5ccc(-c6ccc(*)cc6C)c(C)c5)cc4C3=O)c1C)C2=O,259.0,293.3379
*Nc1ccc(Cc2ccc(NC(=O)OCCCCCCCOC(*)=O)cc2)cc1,84.0,79.689285
*c1cccc(N2C(=O)c3ccc(Oc4ccc5c(c4)C(=O)N(c4cccc(C(*)O[Si](C)(C)O[Si](C)(C)O[Si](C)(C)C)c4)C5=O)cc3C2=O)c1,219.0,144.51773
*Oc1ccc2ccc(OC(=O)c3ccc(Oc4ccc(C(*)=O)cc4)cc3)cc2c1,142.0,160.33858
*N=P(*)(OCC)OCC,-83.99999999999997,-61.05449
*c1ccc(-c2ccc(N3C(=O)c4ccc(C(=O)Oc5ccc(C6(c7ccc(OC(=O)c8ccc9c(c8)C(=O)N(*)C9=O)cc7)CC7CC6C6CCCC76)cc5)cc4C3=O)cc2C)c(C)c1,226.0,274.6103
*=C(C#N)NC(=O)c1ccc(C(=O)NC(=*)C#N)cc1,232.0,194.41684
*CC(*)(C)C(=O)OC(C)C,83.92500000000001,50.299232
*CCCCC(c1ccc(O)cc1)C(*)c1ccc(O)cc1C,25.0,110.04135
*C(=O)OCCCCCCN1C(=O)c2ccc(Oc3ccc4c(c3)C(=O)N(CCCCCCOC(=O)c3cc(*)cc(OCCCCCCOc5ccc(/N=N/c6ccc(C#N)cc6)cc5)c3)C4=O)cc2C1=O,61.0,76.572395
*CCCC(=O)Oc1ccc(/C=N/c2ccc(/N=C/c3ccc(OC(=O)CCC[Si](C)(C)O[Si](*)(C)C)cc3)cc2)cc1,60.0,35.335968
*C#Cc1cc(C(C)(C)C)cc2c3cc(C(C)(C)C)cc(*)c3n(CCCCCCCCCCCCCCCC)c12,80.0,109.58875
*CCC(C)CNC(=O)c1cc(C(=O)NCC(*)C)cc(C(C)(C)C)c1,149.0,118.982574
*Nc1ccc(-c2ccc(N3C(=O)c4ccc(C(=O)c5ccc6c(c5)C(=O)N(c5ccc(-c7ccc(NC(=O)c8cccc(C(*)=O)c8)cc7)cc5)C6=O)cc4C3=O)cc2)cc1,238.0,273.7818
*CC(*)(C)C(=O)Oc1ccc(C(=O)O)cc1,110.0,133.78798
*CCc1ccc(*)o1,25.5,30.851654
*C(=O)c1cccc(C(=O)c2ccc(Oc3ccc(-c4ccc(-c5ccc(Oc6ccc(*)cc6)cc5)cc4)cc3)cc2)c1,174.0,193.47324
*c1cc(C)c(N2C(=O)c3ccc(C(c4ccc5c(c4)C(=O)N(c4c(C)cc(C(*)c6cccc(C(F)(F)F)c6)cc4C)C5=O)(C(F)(F)F)C(F)(F)F)cc3C2=O)c(C)c1,286.1,303.3499
*CC(*)(CCCCC)C(=O)OC,53.0,13.88549
*Cc1ccc(N2C(=O)c3ccc(C(=O)c4ccc5c(c4)C(=O)N(c4ccc(*)cc4C)C5=O)cc3C2=O)c(C)c1,297.5,273.27826
*Cc1ccc(OC(=O)CCCCCCCCC(=O)Oc2ccc(CCC(=O)NC(*)C(=O)OCCCCCCCC)cc2)cc1,15.5,32.47782
*C[Si](*)(C)CCCOCCOCCOC,-73.29999999999998,-111.39984
*=Cc1ccc(/C=C/c2ccc(N(c3ccccc3)c3ccc(N(c4ccccc4)c4ccc(/C=C/c5ccc(/C=C(\C#N)c6cccc(C(=*)C#N)c6)s5)cc4)cc3)cc2)s1,178.0,223.47919
*c1ccc(Oc2ccc(-c3cccc(-c4ccc(Oc5ccc(-c6c7c(c(*)c8ccccc68)C(=O)N(c6ccccc6)C7=O)cc5)c(C(F)(F)F)c4)c3)cc2C(F)(F)F)cc1,271.0,277.18872
*c1ccc(-c2ccc(N(c3ccc(C)cc3)c3ccc(C(c4ccccc4)c4ccc(N(*)c5ccc(C)cc5)cc4)cc3)cc2)cc1,239.0,263.96765
*Oc1ccccc1Oc1ccc2c(c1)C(=O)N(c1ccc(Oc3ccccc3Oc3ccc(N4C(=O)c5ccc(*)cc5C4=O)cc3C(F)(F)F)c(C(F)(F)F)c1)C2=O,185.0,213.78471
*CC(C#N)(C#N)CC(*)c1ccc(OC(C)=O)cc1,180.0,162.5065
*c1ccc2nc(-c3ccccc3)c(-c3ccc(-c4ccc(-c5c(-c6ccccc6)nc6ccc(*)cc6c5-c5ccccc5)cc4)cc3)c(-c3ccccc3)c2c1,405.0,322.61896
*C(=O)c1ccc(N2C(=O)c3ccc(Oc4ccc(Oc5ccc6c(c5)C(=O)N(c5ccc(*)cc5)C6=O)cc4)cc3C2=O)cc1,268.0,252.15613
*c1ccc(C(=O)Nc2ccc(Oc3ccc(C(C)(C)c4ccc(Oc5ccc(NC(=O)c6ccc(*)cc6C)cc5)cc4)cc3)cc2)c(C)c1,230.0,232.98206
*CC1C(=O)OC(=O)C1C(*)OCC(C)C,145.0,76.32281
*Cc1ccc(OC(=O)CCCC(=O)Oc2ccc(CCC(=O)NC(*)C(=O)OCC(C)C)cc2)cc1,62.0,66.196785
*c1ccc(Oc2ccc(C(=O)c3ccc4cc(C(=O)c5ccc(Oc6ccc(C(*)(C)C)cc6)cc5)ccc4c3)cc2)cc1,185.0,200.87778
*CC(*)C(=O)N1CC[NH+](CC)CC1,72.5,107.27499
*c1cccc(Oc2cccc(Oc3cccc(N4C(=O)c5c(c(-c6ccccc6)c(-c6ccc(Oc7ccc(Oc8ccc(-c9c(-c%10ccccc%10)c%10c(c(-c%11ccccc%11)c9-c9ccccc9)C(=O)N(*)C%10=O)cc8)cc7)cc6)c(-c6ccccc6)c5-c5ccccc5)C4=O)c3)c2)c1,238.0,274.22937
*Oc1ccc2c(c1)C(=O)N(c1cc(N3C(=O)c4ccc(*)cc4C3=O)cc(C(F)(F)F)c1)C2=O,274.0,270.61905
*c1ccc(OC(=O)c2ccc(OCCCCCCCCCCOc3ccc(C(=O)Oc4ccc(C(*)(C)C)cc4)cc3)cc2)cc1,77.0,64.7116
*c1cc(C)c(O[Si](C)(C)O[Si](C)(C)O[Si](C)(C)O[Si](C)(C)Oc2c(C)cc(*)cc2C)c(C)c1,-16.0,-20.477692
*CC(*)C(=O)Oc1ccc(C(=O)Oc2ccc(OC(=O)c3ccc(OCCCCC)cc3)cc2)cc1,48.0,83.005165
*Nc1ccc(CCc2cccc(NC(=O)c3cccc(C(*)=O)c3)c2)cc1,203.0,206.19269
*=Cc1ccc(Oc2ccc(-c3nnc(-c4ccc(Oc5ccc(C=*)cc5)cc4)o3)cc2)cc1,215.0,198.61002
*c1cc(C)c(O[Si](C)(C)O[Si](C)(C)Oc2c(C)cc(*)cc2C)c(C)c1,55.0,49.08966
*Oc1ccc2c(c1)C(=O)N(c1ccc(OCCOCCOc3cccc(N4C(=O)c5ccc(*)cc5C4=O)c3)cc1)C2=O,146.5,184.98486
*C=Cc1ccc(C=Cc2cc(OCCCCCCC)c(*)cc2OCCCCCCC)cc1,46.0,62.86519
*c1ccc2nc(-c3ccccc3)c(-c3cccc(-c4nc5cc(*)ccc5nc4-c4ccccc4)c3)nc2c1,320.0,315.64233
*Oc1ccc(Oc2ccc(/C=N/CCCCCCCCCC/N=C/c3ccc(*)cc3)cc2)cc1,108.0,72.698006
*Nc1ccc(*)cc1C,-71.39999999999998,200.7173
*C(=O)NCCCCCCNC(=O)c1cc(*)cc(C(C)(C)C)c1,163.0,135.73978
*OCCCCCCCCCCOC(=O)c1ccc2cc(C(*)=O)ccc2c1,50.5,30.241142
*CCCCCCCCC(=O)NNC(=O)OCCCCCCOC(=O)NNC(*)=O,45.0,41.96768
*N=P(*)(CC)c1ccccc1,20.0,40.60743
*CC(*)OCCC,-49.14999999999998,-29.712677
*CC(*)OC(=O)OCC(Cl)(Cl)Cl,74.0,7.1273804
*CC(*)c1ccc(CC)cc1,71.40000000000003,105.14302
*C(=O)c1ccc2c(c1)C(=O)N(c1cc(-c3nc4ccccc4[nH]3)cc(N3C(=O)c4ccc(*)cc4C3=O)c1)C2=O,197.0,285.40277
*c1ccc(OC(=O)c2ccc(C(=O)Oc3ccc(C4(*)c5ccccc5C(=O)N4C)cc3)cc2)cc1,282.0,248.53513
*CC(=O)OC(*)CCCCCC,-46.99999999999997,-31.496765
*c1ccc(NC(=O)c2ccc(Oc3cc(C(C)(C)C)c(Oc4ccc(C(=O)Nc5ccc(C(*)(C)C)cc5C)cc4)cc3C(C)(C)C)cc2)c(C)c1,275.0,239.5199
*CC(*)C(=O)Oc1ccc(C)cc1,42.5,82.48764
*=Nc1cccc(/N=C(/C=C/C(=*)c2ccccc2)c2ccccc2)c1,178.0,165.09067
*Nc1ccc(Oc2ccc3nc(-c4ccccc4)c(-c4ccc(-c5nc6cc(Oc7ccc(NC(=O)c8cc(C(*)=O)cc(N9C(=O)c%10ccccc%10C9=O)c8)cc7)ccc6nc5-c5ccccc5)cc4)nc3c2)cc1,302.0,260.05945
*O[Si](*)(C)CCCOc1ccc(C(=O)Oc2ccc(-c3ccc(OC(=O)CCCCC(=O)OC4CC(C)CCC4C(C)C)cc3)cc2)cc1,56.80000000000001,11.95414
*c1cc(Cl)c(OC(=O)Oc2c(Cl)cc(C(*)(C)C)cc2Cl)c(Cl)c1,227.0,181.2104
*Nc1ccc(NC(=O)c2ccc3c(c2)C(=O)N(c2ccc(NC(=O)Nc4ccc(N5C(=O)c6ccc(C(=O)Nc7ccc(NC(*)=O)cc7)cc6C5=O)cc4)cc2)C3=O)cc1,208.0,260.5743
*CCC(=O)Oc1ccc(C2(c3ccc(OC(*)=O)cc3)c3ccccc3-c3ccccc32)cc1,234.0,204.01
*CC(*)(C)C(=O)OCc1cccs1,66.0,66.60494
*c1ccc(C(=O)Nc2ccc(Oc3ccc(Oc4ccc(NC(=O)c5ccc(*)cc5C)cc4)cc3)cc2)c(C)c1,219.0,235.31412
*c1ccc2c(c1)C(=O)N(c1cccc(P(=O)(c3ccc(C(F)(F)F)cc3)c3cccc(N4C(=O)c5ccc(C(*)(C(F)(F)F)C(F)(F)F)cc5C4=O)c3)c1)C2=O,260.0,277.52475
*Oc1ccc(Oc2cccc(Oc3cccc4c3C(=O)N(c3ccc(Oc5cccc(Oc6ccc(N7C(=O)c8cccc(*)c8C7=O)cc6)c5)cc3)C4=O)c2)cc1,198.0,209.15567
*c1ccc(Oc2ccc(S(=O)(=O)c3ccc(Oc4ccc(/C=C5\CCCC/C(=C\c6ccc(Oc7ccc(S(=O)(=O)c8ccc(Oc9ccc(C(*)(C)C)cc9)cc8)cc7)cc6)C5=O)cc4)cc3)cc2)cc1,188.0,166.20764
*c1ccc(Oc2ccc(N3C(=O)C(=O)N(CCCCCCN4C(=O)C(=O)N(*)C4=O)C3=O)cc2)cc1,172.0,167.43594
*CNC(=O)c1ccc(C(=O)NCc2cc(C)c(*)cc2C)cc1,225.0,172.11955
*NC(=O)OCCCCOC(=O)Nc1cc(*)ccc1C,42.0,77.25752
*CC(*)(C)C(=O)Oc1ccc(-c2nnc(-c3ccc(C(C)(C)C)cc3)o2)cc1,156.0,168.33481
*Nc1cccc(NC(=O)c2ccc3c(c2)C(=O)N(c2cc(-c4nc5ccccc5o4)cc(N4C(=O)c5ccc(C(*)=O)cc5C4=O)c2)C3=O)n1,365.0,276.45294
*CCCCC(=O)OCCOCCOC(*)=O,-50.99999999999997,-55.245316
*c1cc(C)c(N2C(=O)c3ccc(-c4ccc5c(c4)C(=O)N(c4c(C)cc(C(*)c6cccc(C(F)(F)F)c6)cc4C)C5=O)cc3C2=O)c(C)c1,312.9,310.45493
*CC(*)c1c(F)c(F)c(OCC(F)(F)C(F)(F)C(F)(F)C(F)(F)C(F)(F)C(F)(F)C(F)(F)F)c(F)c1F,21.0,92.0773
*CNC(=O)c1cccc(C(=O)NCc2cc(*)cc(C(C)(C)C)c2)c1,188.0,166.37404
*CC(*)(C)C(=O)OC1(C)CCOC(=O)C1,110.0,88.20142
*CCC[Si](*)(C[Si](C)(C)c1ccccc1)C[Si](C)(C)c1ccccc1,-35.99999999999997,-27.469315
*Nc1ccc(N2C(=O)c3ccc(C(=O)Nc4ccc(-c5cc(-c6ccccc6)cc(-c6ccc(NC(=O)c7ccc8c(c7)C(=O)N(c7ccc(NC(*)=O)cc7)C8=O)cc6)n5)cc4)cc3C2=O)cc1,215.0,276.9391
*CC(*)(C)C(=O)OCCCCl,50.0,30.449524
*C(=O)c1ccc(Oc2ccc(S(=O)(=O)c3ccc(Oc4ccc(Oc5ccc(*)cc5)cc4)cc3)cc2)cc1,186.0,172.21841
*c1cc(OCCCCCCCC)cc(N2C(=O)c3ccc(Oc4ccc5c(c4)C(=O)N(*)C5=O)cc3C2=O)c1,185.0,190.66284
*CC(*)C(=O)OCCCCCCCCCCCCOc1ccc(C(=O)Oc2ccc(-c3cccc(OC(=O)c4ccc(OC(=O)c5ccc(OCCCCCCCCCCCC)cc5)cc4)c3)cc2)cc1,67.0,27.713898
*c1ccc(OC(=O)Oc2ccc(C(*)(C)C)cc2C)c(C)c1,124.0,127.79118
*CCCCCCCCCCCCNC(*)=O,41.0,58.09008
*CC(*)(C)C(=O)OCCCCCCCCCCn1c2ccccc2c2cc(/N=N/c3ccc([N+](=O)[O-])cc3)ccc21,36.0,69.76392
*C(=O)c1ccc2c(c1)C(=O)N(c1cccc(P(=O)(c3cccc(N4C(=O)c5ccc(*)cc5C4=O)c3)c3cc(C(F)(F)F)cc(C(F)(F)F)c3)c1)C2=O,243.0,265.82382
*CC(CN1C(=O)C2C3C=CC(C3)C2C1=O)O*,87.5,210.89725
*CC(*)(C)C(=O)OCCCCC1CCCCC1,43.0,22.364227
*Nc1cccc(NC(=O)c2ccc3c(c2)C(=O)N(c2ccc(-c4sc(-c5ccc(N6C(=O)c7ccc(C(*)=O)cc7C6=O)cc5)c(-c5ccccc5)c4-c4ccccc4)cc2)C3=O)c1,334.0,277.5494
*OC1CCC(OC(*)=O)CC1,138.0,84.341736
*OCCOc1ccc(C2(c3ccc(OCCO[Si](*)(c4ccccc4)c4ccccc4)cc3)c3ccccc3-c3ccccc32)cc1,97.0,129.18694
*c1cc(C)c(OC(=O)CCCCCC(=O)Oc2c(C)cc(C(*)(C)C)cc2C)c(C)c1,84.0,76.036514
*c1ccc(-c2sc(-c3ccc(-c4cc(SCCCC)c(*)s4)cc3)cc2SCCCC)cc1,26.400000000000038,129.11642
*CC(*)C(=O)OCCCCCC(=O)Oc1ccc(-c2ccc(C#N)cc2)cc1,38.0,50.50869
*CC(*)C(=O)c1ccc(C(C)C)cc1,62.5,75.88069
*C1OCOC(C(*)(F)F)C1(F)F,125.0,101.43119
*c1ccc(Oc2ccc(C(=O)Nc3ccc(NC(=O)c4ccc(Oc5ccc(C(C)(C)c6ccc(C(*)(C)C)cc6)cc5)cc4)cc3)cc2)cc1,163.0,220.90813
*CCCCCC(*)CCC,-67.99999999999997,-34.261124
*c1cccc(-c2nc3ccc(-c4ccc5nc(*)[nH]c5c4)cc3[nH]2)c1,420.0,332.00848
*c1ccc2c(c1)C(=O)N(c1ccc3c(c1)-c1cc(N4C(=O)c5ccc(C(*)(C(F)(F)F)C(F)(F)F)cc5C4=O)ccc1C3)C2=O,394.0,309.55023
*C1=C(c2ccc(-c3ccc4c(c3)C(CCCCCC)(CCCCCC)c3cc(-c5ccc(*)cc5)ccc3-4)cc2)C(=O)N(CCCCCCCCCCCC)C1=O,100.0,116.92317
*CCN1C(=O)CC(*)C1=O,131.0,120.21252
*COC(=O)c1ccc(-c2ccc(C(=O)OCC(*)(C)CC)cc2)cc1,99.0,97.630135
*COC(=O)OCC(OC(C)=O)C(*)OC(C)=O,58.60000000000002,30.425102
*CC(*)c1ccc(COC(C)CC)cc1,40.0,75.59569
*NCCCCCCCCCCCCNC(=O)NCCCCCCNC(*)=O,49.0,81.32286
*c1ccc(Oc2ccc(-c3cc(-c4ccccc4)c4cc5c(-c6ccccc6)cc(*)nc5cc4n3)cc2)cc1,380.5,309.59726
*C#Cc1ccc(C#C[Si](C)(C)O[Si](C)(C)O[Si](*)(C)C)cc1,104.0,23.998978
*OCCCCOc1ccc(CCc2ccc(*)cc2C)cc1,24.900000000000038,26.16146
*OCCCCCCCCCOC(=O)C(O)C(O)C(*)=O,-11.0,-5.664612
*CC(*)C(=O)NC(C)CC,116.85000000000002,103.718185
*c1ccc(Oc2ccc(-c3nnc(*)o3)cc2)cc1,240.0,220.46387
*/C=C(/*)C(CCC)[Si](C)(C)c1ccccc1,110.0,77.45168
*NNC(=O)c1cccc(C(=O)NNC(=O)c2ccc(OC(=O)c3cccc(C(=O)Oc4ccc(C(*)=O)cc4)c3)cc2)c1,180.0,182.4408
*Oc1cccc2c1C(=O)N(c1ccc(Oc3ccc(N4C(=O)c5ccc(*)cc5C4=O)cc3)cc1)C2=O,285.0,263.01398
*=Nc1cccc(/N=C(\c2ccccc2)c2ccc(C(=*)c3ccccc3)cc2)c1,179.0,185.86574
*C=Cc1ccc(/C=C/C(=O)Oc2ccc(-c3ccc(OC(*)=O)cc3)cc2)cc1,243.0,170.50543
*c1ccc(-c2ccc(-c3ccc([Si](*)(C)C)s3)s2)s1,45.0,119.488846
*Nc1ccc(Cc2ccc(N3C(=O)c4ccc(S(=O)(=O)c5ccc6c(c5)C(=O)N(c5ccc(Cc7ccc(NC(=O)c8cccc(-c9nc%10cc(-c%11ccc%12[nH]c(-c%13cccc(C(*)=O)c%13)nc%12c%11)ccc%10[nH]9)c8)cc7)cc5)C6=O)cc4C3=O)cc2)cc1,270.0,291.19305
*NCCCCCCNC(=O)OCCOCCOCCOCCOCCOCCOC(*)=O,-30.99999999999997,-31.033539
*CCCCCCCCC(=O)Oc1ccc(C2(c3ccc(OC(*)=O)cc3)c3ccccc3Cc3ccccc32)cc1,134.0,112.52752
*CC(*)O,79.67500000000001,23.564682
*OCCCCCCOc1ccc(-n2on2-c2ccc(OCCCCCCOC(=O)C(CCCCCP(=O)(O)O)C(*)=O)cc2)cc1,17.0,22.81218
*c1ccc(-c2nc3cc(Oc4ccc5nc(-c6ccccc6)c(-c6ccc(-n7c(=O)c8cc9c(=O)n(*)c(=O)c9cc8c7=O)cc6)nc5c4)ccc3nc2-c2ccccc2)cc1,274.0,281.41083
*c1ccc2nc(CCCCCCCCCc3nc4ccc(*)cc4o3)oc2c1,64.0,84.14804
*CC(*)c1ccc(/C(Cc2ccccc2)=N/O)cc1,111.0,148.58684
*CC(*)C(=O)OCCCOCC,-61.49999999999997,-46.114487
*ON(C(F)(F)F)C(F)(F)C(*)(F)SC(F)(F)F,-47.99999999999997,-29.40062
*CCN1C(=O)c2ccc(C(=O)c3ccc4c(c3)C(=O)N(CCC(=O)Nc3ccc(Oc5ccc(NC(*)=O)cc5)cc3)C4=O)cc2C1=O,232.0,222.78024
*C=CC(C(=O)OCc1ccccc1)C(*)C(=O)OCc1ccccc1,21.0,88.17503
*CC(*)OCCOc1ccc(/N=N/c2ccc([N+](=O)[O-])cc2)cc1,54.0,66.59791
*OC(=O)CCCCCCCCCCCCCCC(=O)Oc1cc(OC(=O)c2ccc(OCCC)cc2)c(*)cc1OC(=O)c1ccc(OCCC)cc1,18.0,19.858345
*c1ccc(Oc2ccc(C(=O)c3ccc(Oc4ccc(C(*)(C)C)cc4)s3)s2)cc1,124.0,143.89653
*c1ccc(Oc2ccc(C(C)(C)c3ccccc3)cc2)c(N2C(=O)c3ccc(-c4ccc5c(c4)C(=O)N(*)C5=O)cc3C2=O)c1,275.0,278.52625
*OCCCCCCOc1ccc(C(=O)c2ccc(OCCCCCCOC(=O)OCCCCOC(*)=O)cc2)cc1,2.1000000000000227,5.326767
*CC(*)(C)C(=O)OCC1CC(NC(=O)OC(C)(C)C)CN1C(=O)OC(C)(C)C,127.0,95.83676
*Nc1ccc(NC(=O)c2cc(C(*)=O)cc(S(=O)(=O)c3ccccc3)c2)cc1,308.0,235.54059
*c1ccc(-c2sc(-c3ccc(-c4cc(SCCCCCCCC)c(*)s4)cc3)cc2SCCCCCCCC)cc1,-38.79999999999998,70.807144
*CCCNC(=O)CCCCC(=O)NCCCP(*)CCCCCCCC,12.0,11.489128
*c1ccc(NC(=O)c2ccc3c(c2)C(=O)N(c2ccc(Oc4cccc5c(N6C(=O)c7ccc(C(=O)Nc8ccc(*)cc8OC)cc7C6=O)cccc45)cc2)C3=O)c(OC)c1,304.0,268.31628
*c1cc(C)c(N2C(=O)CC(Nc3ccc(NC4CC(=O)N(c5c(C)cc(C(*)c6cccnc6)cc5C)C4=O)cc3)C2=O)c(C)c1,231.0,279.54944
*NC(=O)OCCN(CCOC(=O)Nc1ccc(C)c(*)c1)c1ccc(/C=C2/NC(=O)NC2=O)cc1,178.0,125.25812
*OCCCCCCOC(=O)c1ccc(Oc2ccc(C(*)=O)cc2)cc1,15.0,28.360352
*C(=O)c1ccc(Oc2ccc(Oc3ccc(*)cc3)cc2-c2cccc(C(F)(F)F)c2)cc1,134.0,164.9859
*C(=O)c1ccc(NC(=O)c2ccc(C(=O)Nc3c(C)c(C)c(*)c(C)c3C)cc2)cc1,366.0,264.10516
*Cc1ccc(OC(=O)CCCC(=O)Oc2ccc(CCC(=O)NC(*)C(=O)OCCCCCCCCCCCC)cc2)cc1,27.5,20.781189
*CC(*)OC(=O)c1cccc([N+](=O)[O-])c1,93.0,54.272896
*CC(*)c1ccc(B(Oc2ccc(-c3ccc(OC)cc3)c3cccnc23)c2ccc(C(C)(C)C)cc2)cc1,220.0,176.6795
*CCN(*)CC[Si](C)(C)C,-64.79999999999998,-70.56273
*=CCCCC(=*)c1ccc(OC)cc1,11.0,16.990753
*C(=O)c1ccccc1-c1ccccc1C(=O)c1ccc(Oc2ccc(-c3ccc(Oc4ccc(*)cc4)cc3)cc2)cc1,193.0,191.06842
*C=Cc1cc(OCCc2ccccc2)c(*)cc1OC,121.0,116.91306
*Cc1cc(C)c(NC(=O)c2ccc3c(c2)C(=O)N(c2ccc(/N=N/c4ccc(OC(F)(F)F)cc4)c(N4C(=O)c5ccc(C(=O)Nc6c(C)cc(*)cc6C)cc5C4=O)c2)C3=O)c(C)c1,278.0,260.15967
*Oc1ccc(Oc2ccc(/C=N/CC/N=C/c3ccc(*)cc3)cc2)cc1,101.0,98.14488
*CC(*)(F)C(=O)OCC(F)(F)C(F)(F)F,99.0,22.174309
*C(=O)c1ccc2c(c1)C(=O)N(c1cccc(Cc3ccc(Cc4ccc(Cc5cccc(N6C(=O)c7ccc(*)cc7C6=O)c5)cc4)cc3)c1)C2=O,235.5,255.44614
*CC(*)C(=O)Oc1ccccc1,60.0,86.43849
*NC(=O)OCCCCCOC(=O)Nc1ccc(C)c(*)c1,52.0,56.29328
*N=Nc1ccc(Oc2ccc(/N=N/P(=O)(OC)OCc3ccc(COP(*)(=O)OC)cc3)cc2)cc1,50.0,79.31735
*COC(=O)c1cccc(C(=O)OC(*)C)c1,77.0,47.916924
*CC(*)C(=O)OCCCCCn1c2ccccc2c2ccccc21,53.0,50.297935
*CCCCCCC(=O)OCC#CCOC(*)=O,-37.99999999999997,-3.8298187
*NC(=O)Oc1ccc(/N=C/CCC/C=N/c2ccc(OC(=O)Nc3ccc(C)c(*)c3)cc2)cc1,69.0,120.376595
*c1ccc(Oc2ccc(Oc3ccc4nc(-c5ccc(-c6nc7ccc(Oc8ccc(Oc9ccc(P(*)(=O)c%10ccccc%10)cc9)cc8)cc7nc6-c6ccccc6)cc5)c(-c5ccccc5)nc4c3)cc2)cc1,248.0,216.78168
*C(=O)c1ccc2c(c1)C(=O)N(CCCCCCCCCCCCN1C(=O)c3ccc(*)cc3C1=O)C2=O,87.5,114.49387
*CCCCCCCC(=O)Nc1cccc(S(=O)(=O)c2cccc(NC(*)=O)c2)c1,125.0,135.74146
*OCCCCCCOc1ccc(-n2on2-c2ccc(OCCCCCCOC(=O)C(CCCCP(=O)(O)O)C(*)=O)cc2)cc1,19.0,27.942513
*C(=O)c1ccc2c(c1)C(=O)N(c1ccc(OCCOc3ccc(N4C(=O)c5ccc(*)cc5C4=O)cc3)cc1)C2=O,246.0,249.26797
*CC(*)c1cccc(F)c1,86.0,108.8468
*c1ccc(-c2ccc3c(c2)C(=O)N(CCCCCCCN2C(=O)c4ccc(*)cc4C2=O)C3=O)cc1,135.0,167.6353
*CC(*)(CC(=O)OCCC)C(=O)OCCC,46.5,5.62352
*CC(*)(F)C(=O)OCC(F)(F)C(F)(F)C(F)(F)C(F)(F)F,63.0,16.854095
*OCCOC(=O)c1cccc(C(=O)OCCOc2nc(-c3ccc(OCCCC)cc3)nc(*)c2-c2ccc(OC)cc2)c1,92.0,89.31113
*CC(*)c1ccc(C(=O)CCN2CCCCC2)cc1,38.0,92.56508
*COC(=O)c1ccc(C(=O)OCC(CCCCCC)C(*)CCCCCC)cc1,-15.5,3.1124725
*NCCCCCCNC(=O)Nc1ccccc1CCc1ccc(NC(*)=O)cc1,150.0,109.42453
*CCC(=O)OCCOC(=O)c1ccc(C(=O)OCCOC(*)=O)cc1,24.0,5.198929
*CCCCCCN1C(=O)c2ccc(C(=O)Oc3ccc(OC(*)=O)cc3)cc2C1=O,74.315,96.68134
*C=Cc1ccc(*)cc1-c1c(OCC(CC)CCCC)ccc2cc(-c3ccccc3)ccc12,141.0,165.40231
*CCCCCCCCC(=O)OC(*)=O,60.0,-18.540192
*c1ccc2c(c1)C(=O)N(c1ccc(Oc3ccc(Oc4ccc(N5C(=O)c6ccc(C(*)(C(F)(F)F)C(F)(F)F)cc6C5=O)cc4C(F)(F)F)cc3)cc1)C2=O,260.80000000000007,270.67773
*O[Si](*)(C)CCCCCCCCCCC(=O)Oc1ccc(-c2ccc(OC(=O)CCCCC(=O)OC3CC(C)CCC3C(C)C)cc2)cc1,16.5,-18.764572
*C1(C)CC(*)(C)C(=O)N(C)C1=O,170.0,213.45422
*C=Cc1cc(OCCCCCCCC)c(*)cc1OC,58.0,60.586914
*CC(*)(C)C(=O)OCCOCC,-16.0,-0.10044861
*c1ccc(OC(=O)CCCCCN2C(=O)c3ccc(C(=O)Oc4ccc(C(C)(C)c5ccc(C(*)(C)C)cc5)cc4)cc3C2=O)cc1,104.0,121.54294
*OCCCCOC(=O)OCC1CCC(COC(*)=O)CC1,13.0,-6.4541473
*CCCCCCN1C(=O)c2ccc(C(=O)Oc3ccc(-c4ccc(OC(*)=O)cc4)cc3)cc2C1=O,107.0,115.537384
*OCCCCCCCCCCCOc1ccc(-c2nnc(-c3cccc(OCCCCCCCCCCCOC(=O)c4ccc(C(*)=O)cc4)c3)s2)cc1,35.0,14.929489
*CC(*)CCCCC,-44.32499999999999,-32.20688
*c1ccc(OC(=O)SCCCSC(=O)Oc2ccc(C(*)(C)C)cc2)cc1,90.0,47.503586
*c1ccc(-c2ccc(N3C(=O)c4ccc(C(=O)c5ccc6c(c5)C(=O)N(*)C6=O)cc4C3=O)cc2C)c(C)c1,385.0,292.31903
*C(=O)c1ccc(C(=O)c2ccc(Oc3ccc(*)cc3C)c(C(C)C)c2)cc1,149.0,159.4585
*c1ccc(-c2ccc(N3C(=O)c4cc5c(cc4C3=O)C(C(F)(F)F)(C(F)(F)F)c3cc4c(cc3O5)C(=O)N(*)C4=O)cc2OC(F)(F)F)c(OC(F)(F)F)c1,375.0,256.08136
*=Nc1ccc(N=C(C=CC(=*)c2ccccc2)c2ccccc2)cc1,157.0,170.80933
*c1ccc(-c2ccc(-c3ccc([Si](CCCC)(CCCC)[Si](*)(CCCC)CCCC)s3)s2)s1,-5.0,39.938705
*COC(=O)c1ccc(C(=O)OCC2CC(*)CC(C(C)(C)C)C2)cc1,118.0,105.793945
*CCC(=O)NCCCCCCCCCCNC(=O)CCP(*)(C)=O,45.5,28.54213
*Oc1ccc(Oc2ccc(Oc3ccc4c(c3)C(=O)N(c3ccc(Oc5ccc(N6C(=O)c7ccc(*)cc7C6=O)cc5)cc3)C4=O)cc2)cc1,215.0,232.99088
*N=P(*)(Oc1ccc(-c2ccccc2)cc1)Oc1ccc(-c2ccccc2)cc1,85.0,86.250824
*Oc1ccc(-c2cnc3ccc(-c4ccc5nc(-c6ccc(Oc7ccc(*)cc7)cc6)cnc5c4)cc3n2)cc1,235.0,279.9425
*c1ccc(Oc2ccc(NC(=O)c3ccc(Oc4ccc(C(C)(C)c5cccc(C(C)(C)c6ccc(Oc7ccc(C(=O)Nc8ccc(Oc9ccc(C(*)(C)C)cc9)cc8)cc7)cc6)c5)cc4)cc3)cc2)cc1,147.0,176.01244
*Nc1cccc(OCCCCCOc2cccc(NC(=O)c3ccc(C(*)=O)cc3)c2)c1,135.0,127.785484
*Oc1ccc(Sc2ccc(Oc3ccc4c(c3)C(=O)N(c3ccc(N5C(=O)c6ccc(*)cc6C5=O)cc3)C4=O)cc2)cc1,238.0,246.93185
*Cc1ccc(OC(=O)CCCCC(=O)Oc2ccc(CCC(=O)NC(*)C(=O)OCC)cc2)cc1,61.0,55.604202
*c1ccc(-c2ccc(-n3c(=O)c4cc5c(=O)n(*)c(=O)c5cc4c3=O)cc2C)c(C)c1,369.25,318.0163
*C(=O)c1ccc2c(c1)C(=O)N(c1ccc(Cc3ccc(N4C(=O)c5ccc(C(=O)c6ccc(Oc7ccc(Oc8ccc(*)cc8)cc7)cc6)cc5C4=O)cc3)cc1)C2=O,225.0,236.69843
*O[Si](*)(C)CCCOCCOCCOC,-90.09999999999997,-121.80205
*c1cc(C)c(OC(=O)c2cccc(C(=O)Oc3c(C)cc(C(*)(C)C)cc3C)c2)c(C)c1,187.0,178.31262
*Nc1cccc(NC(=O)c2ccc3c(c2)C(=O)N(c2cc(-c4nc5ccccc5s4)cc(N4C(=O)c5ccc(C(*)=O)cc5C4=O)c2)C3=O)n1,358.0,264.80145
*CC(*)(C)C(=O)OCCCCCCCCCCOc1ccc(/N=N/c2ccc([N+](=O)[O-])cc2)cc1,55.0,24.914467
*C(=O)c1ccc2c(c1)C(=O)N(CCCCCCCCN1C(=O)c3ccc(*)cc3C1=O)C2=O,113.0,137.89427
*c1ccc(C(=O)Nc2cccc(OC(=O)c3ccc([Si](*)(C)C)cc3)c2)cc1,220.0,168.31976
*CC(C)(C)C1C(=O)N(C)C(=O)C1*,156.5,212.06207
*c1c(C)cc(C)c(N2C(=O)c3ccc(C(=O)Nc4ccc(NC(=O)c5ccc6c(c5)C(=O)N(*)C6=O)cc4)cc3C2=O)c1C,327.0,279.3211
*CC(*)(CC(=O)OC)C(=O)O,159.0,103.97195
*NC(=O)c1cc(OCCCN(C)c2ccc(/N=N/c3ccc(S(C)(=O)=O)cc3)cc2)cc(C(=O)Nc2cc(*)cc(C(=O)OCCCN(C)c3ccc(/N=N/c4ccc(S(C)(=O)=O)cc4)cc3)c2)c1,168.0,162.29254
*c1ccc(Oc2ccc(S(=O)(=O)c3ccc(Oc4ccc(-c5c6c(c(*)c7ccccc57)C(=O)N(c5ccccc5C(F)(F)F)C6=O)cc4)cc3)cc2)cc1,290.0,257.45303
*c1ccc(Oc2ccc(/C=N/c3ccc(Oc4ccc(-c5ccc(Oc6ccc(/N=C/c7ccc(Oc8ccc(C(*)(C(F)(F)F)C(F)(F)F)cc8)cc7)cc6)cc5)cc4)cc3)cc2)cc1,128.0,179.91101
*c1cc2c(cc1-c1ccc([Si](C)(C)C)cc1)C(=O)N(c1ccc(C(c3ccc(N4C(=O)c5cc(*)c(-c6ccc([Si](C)(C)C)cc6)cc5C4=O)cc3)(C(F)(F)F)C(F)(F)F)cc1)C2=O,365.0,273.69183
*OCCCCCCCCCCOc1ccc(/N=C/c2ccc(/C=N/c3ccc(*)cc3C)cc2)c(C)c1,77.60000000000002,55.322044
*CSCc1ccc(Cc2ccc(CSCC(=O)OCCSCc3ccc(Cc4ccc(CSCCOC(*)=O)cc4)cc3)cc2)cc1,14.0,25.286797
*c1ccc(Oc2ccc(C(=O)c3ccc(C(=O)c4ccc(Oc5ccc(C(*)(C)C)cc5)c(C(F)(F)F)c4)cc3)cc2C(F)(F)F)cc1,171.0,179.14752
*C(=O)c1ccc(Oc2ccc(C(=O)c3c(C(=O)c4ccc(Oc5ccc(*)cc5)cc4)c(-c4ccc(F)cc4)c(-c4ccc(F)cc4)c(-c4ccc(F)cc4)c3-c3ccc(F)cc3)cc2)cc1,260.0,238.9982
*COC(=O)c1ccc(C(=O)OC(C)COC(*)C)cc1,37.0,27.299675
*CC(*)(C)OC,67.0,-1.6955109
*CC(*)c1ccc(C(C)CC)cc1,85.35000000000002,108.317444
*CCCCCCCCC(=O)OC1CCC(OC(*)=O)CC1,66.0,13.089493
*c1ccc2c(c1)C(=O)N(c1ccc(C(c3ccccc3)c3ccc(N4C(=O)c5ccc(S(*)(=O)=O)cc5C4=O)cc3)cc1)C2=O,305.0,286.22736
*c1cc(N2C(=O)c3ccc(C(=O)Nc4ccc(Cc5ccc(NC(=O)c6ccc7c(c6)C(=O)N(*)C7=O)c(C)c5)cc4C)cc3C2=O)ccc1/N=N/c1ccc(C)cc1,257.0,272.98975
*C(=O)c1ccc(Oc2ccc(-c3nc4ccccc4n3-c3ccc(-n4c(-c5ccc(Oc6ccc(C(=O)c7ccc(Oc8ccc(*)cc8)cc7)cc6)cc5)nc5ccccc54)cc3)cc2)cc1,223.0,223.6745
*OCCCCOCCCCOCCCCOC(=O)c1ccc(/N=C/c2ccc(C=Nc3ccc(C(*)=O)cc3)s2)cc1,25.0,38.227592
*Nc1ccc(NC(=O)c2ccc3c(c2)C(=O)N(c2ccc(-c4sc(-c5ccc(N6C(=O)c7ccc(C(*)=O)cc7C6=O)cc5)c(-c5ccccc5)c4-c4ccccc4)cc2)C3=O)cc1,333.0,283.38647
*OCCCCCCCCCCCOc1cccc(-c2nnc(-c3cccc(OCCCCCCCCCCCOC(=O)c4ccc(C(*)=O)cc4)c3)s2)c1,22.0,11.594879
*CC(*)(C)C(=O)OC,108.925,64.656006
*C(=O)Nc1ccc(C(c2ccc(NC(=O)c3cc(*)cc(NC(=O)CCCCCN4C(=O)c5ccccc5C4=O)c3)cc2)(C(F)(F)F)C(F)(F)F)cc1,225.0,206.63696
*COC(=O)OC1C(*)OC2OC(C)(C)OC21,128.0,119.31361
*CC1(C)C(=O)OC(=O)C1(C)C(*)OC,260.0,162.55573
*c1cc2c(cc1-c1ccc(C(C)(C)C)cc1)C(=O)N(c1ccc(C(c3ccc(N4C(=O)c5cc(*)c(-c6ccc(C(C)(C)C)cc6)cc5C4=O)cc3)(C(F)(F)F)C(F)(F)F)cc1)C2=O,381.0,309.68817
*c1ccc(Sc2ccc(-c3ccc(Sc4ccc(P(*)(=O)c5ccccc5)cc4)cc3)cc2)cc1,232.0,190.10345
*CC(*)(CC(=O)OC(C)C)C(=O)OC12CC3CC(CC(C3)C1)C2,180.0,130.18764
*COc1ccc(S(=O)(=O)c2ccc(OCC(*)OC(C)=O)cc2)cc1,130.0,87.01043
*OCCCCN1C(=O)c2ccc(-c3ccc4c(c3)C(=O)N(CCCCOC(*)=O)C4=O)cc2C1=O,104.0,120.59204
*Oc1ccc2c(c1)C(=O)N(c1ccc(-c3ccc(N4C(=O)c5ccc(*)cc5C4=O)cc3C(F)(F)F)c(C(F)(F)F)c1)C2=O,275.0,279.28113
*CSSC(*)c1ccccc1,4.800000000000011,15.12532
*C(=O)NCCNC(=O)c1c(*)ncn1C,189.0,109.99868
*c1ccc(CN2C(=O)c3ccc(Oc4ccc5c(c4)C(=O)N(Cc4ccc(C(*)C)o4)C5=O)cc3C2=O)o1,129.0,213.48999
*CC(*)C(=O)OCCOCC(F)(F)F,-37.99999999999997,-31.38382
*/C(C)=C(/*)[Si](C)(C)C,75.0,72.9643
*COC(=O)c1ccc(-c2ccc(C(=O)OCC(*)(C)CCC)cc2)cc1,95.0,80.739494
*O[Si](C)(C)c1ccc2ccc([Si](*)(C)C)cc2c1,26.0,81.544586
*C(F)C(*)(F)OC(F)(F)F,-10.0,-15.790756
*c1ccc(OC(=O)Oc2ccc(C3(*)c4cc(N(C)C)ccc4-c4ccc([N+](=O)[O-])cc43)cc2)cc1,278.0,266.4365
*OCCCCCCCCCOc1ccc(CCc2ccc(*)cc2C)cc1,-1.099999999999966,4.4270477
*CC(*)(C)C(=O)OCCN(C)c1ccc(/C=C/c2ccc([N+](=O)[O-])cc2)cc1,107.0,116.58241
*N(C)[Si](*)(C)C=C,-19.99999999999997,-58.073288
*c1ccc(-c2nc3cc(-c4ccc5oc(*)nc5c4)ccc3o2)cc1,430.0,311.21338
*c1ccc(C(=O)Nc2ccc(C(=O)Nc3ccc(Cc4ccc(NC(=O)c5ccc(NC(=O)c6ccc([Si](*)(C)C)cc6)cc5)cc4)cc3)cc2)cc1,300.0,215.31339
*Cc1ccc(OC(=O)CCC(C)CC(=O)Oc2ccc(CC(=O)NC(*)C(=O)OCCCCCC)cc2)cc1,38.0,41.722855
*Oc1ccc2c(c1)C(=O)N(c1ccc(Sc3ccc(Sc4ccc(Sc5ccc(Sc6ccc(N7C(=O)c8ccc(*)cc8C7=O)cc6)s5)s4)s3)cc1)C2=O,158.5,186.28908
*c1ccc2c(c1)C(=O)N(CCCCCCCN1C(=O)c3ccc(C(*)(C(F)(F)F)C(F)(F)F)cc3C1=O)C2=O,165.0,188.92258
*c1ccc(OCCN(C)c2ccc(/C=C/C3=CC(=C(/C#N)C(=O)OCc4ccc(Oc5c(F)c(F)c(F)c(F)c5F)cc4)/CC(C)(C)C3)cc2)c(N2C(=O)c3ccc(Oc4ccc5c(c4)C(=O)N(c4cc(C(*)(C(F)(F)F)C(F)(F)F)ccc4OCCN(c4ccccc4)c4ccc(/C=C/C6=CC(=C(/C#N)C(=O)OCc7ccc(Oc8c(F)c(F)c(F)c(F)c8F)cc7)/CC(C)(C)C6)cc4)C5=O)cc3C2=O)c1,162.0,210.25954
*c1ccc(-c2nnc(-c3ccc(-c4ccc(-c5nnc(-c6ccc([Si](*)(c7ccccc7)c7ccccc7)cc6)o5)cc4)cc3)o2)cc1,278.0,266.1975
*c1ccc(OCC(O)COC(=O)c2cccc(C(=O)OCC(O)COc3ccc(C(*)(C)C)cc3)c2)cc1,97.0,60.17933
*c1cccc(-c2nc3ccc(-c4ccc5nc(*)sc5c4)cc3s2)c1,495.0,301.75626
*C(=O)c1ccc2c(c1)C(=O)N(c1cc(N3C(=O)c4ccc(*)cc4C3=O)cc(C(F)(F)F)c1)C2=O,294.75,287.38733
*c1ccc(C)c(NC(=O)OCCN(CCOC(=O)Nc2ccc(C)c(N3C(=O)c4ccc(C(c5ccc6c(c5)C(=O)N(*)C6=O)(C(F)(F)F)C(F)(F)F)cc4C3=O)c2)c2ccc(/N=N/c3ccc([N+](=O)[O-])cc3)cc2)c1,196.0,229.00012
*Nc1ccc(C(=O)OCCCCCCOC(=O)c2ccc3c(c2)C(=O)N(c2ccc(C(*)=O)cc2)C3=O)cc1,107.0,127.74213
*NC(=O)Oc1ccc(/N=C/C=N/c2ccc(OC(=O)Nc3cc(*)ccc3C)cc2)cc1,76.0,168.68
*C1C(*)C2CC1C(C(=O)OCc1ccccc1)C2C(=O)OCc1ccccc1,277.0,183.59659
*O[Si](c1ccccc1)(c1ccccc1)c1ccc([Si](*)(c2ccccc2)c2ccccc2)cc1,130.0,145.43224
*c1ccc(C(=O)OCCOC(=O)c2ccc(C(*)(C)CC)cc2)cc1,95.0,75.26442
*Oc1ccc2c(c1)C(=O)N(c1cccc(P(=O)(c3ccccc3)c3cccc(N4C(=O)c5ccc(*)cc5C4=O)c3)c1)C2=O,251.0,261.4033
*CCOC(=O)CCCCC(=O)OCCC(*)C,-78.59999999999997,-56.450775
*CCOC(*)C,-49.99999999999997,-68.14743
*=Cc1ccc(N(c2ccccc2)c2ccc(N(c3ccccc3)c3ccc(/C=C(\C#N)C(=O)NC4CCCCC4NC(=O)C(=*)C#N)cc3)cc2)cc1,239.0,216.84863
*COC1OC(*)C(O)C(O)C1O,200.0,140.83289
*CSSSSC*,-23.99999999999997,-66.12009
*Oc1ccc(-c2ccc(Oc3cccc4c3C(=O)N(c3ccc(Oc5ccc(N6C(=O)c7cccc(*)c7C6=O)cc5)cc3)C4=O)cc2)cc1,277.0,251.63873
*c1ccc2c(c1)C(=O)N(c1cccc(-n3c(=O)c4cc5c(=O)n(-c6cccc(N7C(=O)c8ccc(C(*)(C(F)(F)F)C(F)(F)F)cc8C7=O)c6)c(=O)c5cc4c3=O)c1)C2=O,338.0,276.25342
*CC(*)c1cc(Br)ccc1OCC,80.0,124.80812
*=Nc1ccc(Cc2ccc(NC(=*)c3ccccc3)cc2)cc1,158.0,198.25003
*NCCCCCCCCCCCCCCNC(=O)NCCCCCCNC(*)=O,47.0,79.83295
*CC(*)C(=O)OCC(F)(F)F,3.1000000000000227,14.586006
*CC1C(=O)OC(=O)C1C(*)OCCCC,118.0,70.70442
*Oc1ccc(Sc2ccc(Oc3ccc4c(c3)C(=O)N(c3cccc(Oc5cccc(Oc6cccc(N7C(=O)c8ccc(*)cc8C7=O)c6)c5)c3)C4=O)cc2)cc1,190.5,201.33842
*CC1=CCC(C(*)(C)C)CC1,77.0,121.6951
*C=CC1CC(*)C2C(=O)N(c3ccccc3C)C(=O)C12,248.0,223.01834
*Oc1cccc2c(Oc3ccc4c(c3)C(=O)N(c3cccc(N5C(=O)c6ccc(*)cc6C5=O)c3)C4=O)cccc12,260.0,272.94113
*C(=O)c1cccc(C(=O)c2ccc(Oc3ccc(Cc4ccc(Oc5ccc(*)cc5)cc4)cc3)cc2)c1,145.0,136.77803
*C(=O)c1ccc(N(*)CCCCC)cc1,83.5,82.2935
*Nc1ccc(Oc2ccc(N3C(=O)c4ccc(C(*)=O)cc4C3=O)cc2)cc1,295.0,256.93832
*C(=O)c1cccc(N2C(=O)c3ccc(C(=O)c4ccc5c(c4)C(=O)N(c4ccc(*)cc4)C5=O)cc3C2=O)c1,282.0,263.18732
*c1ccc2c(c1)C(=O)N(CC1CCCC(CN3C(=O)c4ccc(C(*)(C(F)(F)F)C(F)(F)F)cc4C3=O)C1)C2=O,222.0,268.7485
*CN1C(=O)c2ccc(C(c3ccc4c(c3)C(=O)N(CC(=O)Nc3ccc(Oc5ccc6nc(-c7ccccc7)c(-c7ccc(Oc8ccc(-c9nc%10cc(Oc%11ccc(NC(*)=O)cc%11)ccc%10nc9-c9ccccc9)cc8)cc7)nc6c5)cc3)C4=O)(C(F)(F)F)C(F)(F)F)cc2C1=O,260.0,280.0866
*C=Cc1ccc(OCCCCCCOC(=O)c2ccc(-c3nnc(-c4ccc(C(=O)OCCCCCCOc5ccc(/C=C/C(*)=O)cc5)cc4)o3)cc2)cc1,62.0,75.52858
*c1ccc(Oc2ccc(-c3cnc(-c4ccc(Oc5ccc(C(*)(C)C)cc5)c(C(F)(F)F)c4)o3)cc2C(F)(F)F)cc1,185.0,208.05661
*C(=O)c1ccc(Oc2ccc(-c3c4c(c(-c5ccc(Oc6ccc(*)cc6)cc5)c5ccccc35)C(=O)N(c3ccc(Cl)cc3)C4=O)cc2)cc1,272.0,267.0442
*O[Si](*)(C)CC[Si](C)(C)O[Si](C)(C)CCCOc1cc(OC(=O)c2ccc(OCCCC)cc2)ccc1/N=N/c1ccc(OCCCC)cc1,-4.0,-35.313156
*Oc1ccc(OC(=O)c2cc(OCCCCCCCCCCC(F)(F)C(F)(F)C(F)(F)C(F)(F)C(F)(F)C(F)(F)C(F)(F)C(F)(F)C(F)(F)C(F)(F)F)cc(C(*)=O)c2)cc1,137.0,38.65329
*Cc1ccc(OC(=O)Oc2ccc(CCC(=O)NC(*)C(=O)OCC)cc2)cc1,96.0,104.65188
*C(=O)c1ccc2c(c1)C(=O)N(c1ccc(Oc3ccc(C(c4ccc(Oc5ccc(N6C(=O)c7ccc(*)cc7C6=O)cc5C(F)(F)F)cc4)(C(F)(F)F)C(F)(F)F)cc3)c(C(F)(F)F)c1)C2=O,220.0,248.24133
*CC(*)(C)C(=O)OCCF,90.0,46.52343
*Nc1ccc(-c2c(-c3ccc(-c4ccccc4)cc3)cc(-c3ccc(OCCCCCCOc4ccc(-c5cc(-c6ccc(-c7ccccc7)cc6)c(-c6ccc(NC(=O)c7ccc(C(*)=O)cc7)cc6)c(-c6ccc(-c7ccccc7)cc6)c5)cc4)cc3)cc2-c2ccc(-c3ccccc3)cc2)cc1,121.5,276.16217
*OC(=O)c1ccc(CCCCc2ccc(C(*)=O)cc2)cc1,46.0,59.135384
*=NP(=NP(=NS(=*)(=O)Nc1ccccc1)(Nc1ccccc1)Nc1ccccc1)(Nc1ccccc1)Nc1ccccc1,82.0,80.03023
*OC1COC2C(OC(=O)c3ccc(/N=N/c4ccc(C(*)=O)cc4)cc3)COC12,98.0,170.80008
*CC(*)c1ccc(-c2cccc3nsnc23)cc1,150.0,192.60196
*c1ccc(Oc2c(F)c(F)c(COC(c3cccc(C(OCc4c(F)c(F)c(Oc5ccc(C(*)(C)C)cc5)c(F)c4F)(C(F)(F)F)C(F)(F)F)c3)(C(F)(F)F)C(F)(F)F)c(F)c2F)cc1,98.0,171.0114
*c1cc(C)c(OC(=O)c2ccc(N3C(=O)CC(Nc4ccc(NC5CC(=O)N(c6ccc(C(=O)Oc7c(C)cc(C(*)c8cccnc8)cc7C)cc6)C5=O)cc4)C3=O)cc2)c(C)c1,212.0,253.7039
*C(=O)c1ccc2c(c1)C(=O)N(c1cccc(C(c3ccccc3)(c3cccc(N4C(=O)c5ccc(*)cc5C4=O)c3)C(F)(F)F)c1)C2=O,311.0,279.44553
*c1ccc(OCC(O)COc2ccc(C(C)(C)c3ccc(OCC(O)COc4ccc(S(*)(=O)=O)cc4C)cc3)cc2)c(C)c1,117.5,103.03145
*c1ccc(-c2ccc(-c3nc4ccc(-c5ccc6nc(*)c(-c7ccccc7)c(-c7ccccc7)c6c5)cc4c(-c4ccccc4)c3-c3ccccc3)cc2)cc1,420.0,333.42914
*c1ccc(C(=O)Oc2cccc(OC(=O)c3ccc([Si](*)(C)C)cc3)c2)cc1,134.0,117.5318
*Oc1ccc(C(c2ccc(Oc3cccc4c3C(=O)N(c3ccc(Oc5ccc(N6C(=O)c7cccc(*)c7C6=O)cc5)cc3)C4=O)cc2)(C(F)(F)F)C(F)(F)F)cc1,226.0,236.49734
*CC(*)(C)C(=O)OCCO[N+](=O)[O-],55.0,36.73497
*CC(O)CCCCC(O)CN(*)c1ccc(N(C)C)cc1,72.0,54.524155
*C(F)(F)C(*)(F)Cl,69.47500000000002,43.490067
*CCP(=O)(CCC(=O)NCCCCCCNC(*)=O)c1ccccc1,29.0,40.291435
*Nc1ccc(Oc2ccc(-c3ccc(Oc4ccc(NC(=O)c5ccc(Oc6ccc(Oc7ccc(C(*)=O)cc7)cc6-c6ccccc6)cc5)cc4)cc3)cc2)cc1,232.0,208.97243
*O[Si](*)(C)CCCCCCCCCCCOc1ccc(/C=C/c2ccc(C#N)cc2)cc1,-54.99999999999997,-9.966293
*O[Si](C)(C)c1ccc([Si](C)(C)O[Si](*)(C)C)cc1,-62.49999999999997,-43.973816
*=Cc1ccc(C=*)cc1,137.425,130.27332
*CCSC(*)C,-58.99999999999997,-56.973236
*Nc1ccc(Oc2ccc(Oc3ccc(NC(=O)c4ccc5c(c4)C(=O)N(c4ccc(Oc6ccc(N7C(=O)c8ccc(C(*)=O)cc8C7=O)cc6)cc4)C5=O)cc3)cc2)cc1,260.0,237.7326
*Oc1ccc(Sc2ccc(Oc3ccc4c(c3)C(=O)N(c3ccc(Oc5cccc(Oc6ccc(N7C(=O)c8ccc(*)cc8C7=O)cc6)c5)cc3)C4=O)cc2)cc1,178.0,214.9568
*C1CCC2C(=O)N(c3ccc(Oc4ccc(Oc5ccc(Oc6ccc(N7C(=O)C8CCC(*)CC8C7=O)cc6)cc5)cc4)cc3)C(=O)C2C1,217.0,228.411
*c1ccc(-c2nnc(-c3cccc(-c4nnc(*)n4-c4ccccc4)c3)n2-c2ccccc2)cc1,272.5,263.40466
*c1ccc(C(=O)Nc2ccc(C(=O)Nc3ccc(-c4sc(-c5ccc(NC(=O)c6ccc(NC(=O)c7ccc([Si](*)(C)C)cc7)cc6)cc5)c(-c5ccccc5)c4-c4ccccc4)cc3)cc2)cc1,337.0,246.19861
*Cc1cc(C)c(N2C(=O)c3ccc(C(=O)OCCN(CCOC(=O)c4ccc5c(c4)C(=O)N(c4c(C)cc(*)cc4C)C5=O)c4ccc(/N=N/c5ccc([N+](=O)[O-])cc5)cc4)cc3C2=O)c(C)c1,179.0,210.40955
*CCCCCOC(*)=O,54.950000000000045,-22.690475
*c1ccc(-c2ccc(Oc3ccc(C(c4ccc(Oc5ccc(*)cc5C(F)(F)F)cc4)(C(F)(F)F)C(F)(F)F)cc3)c(C(F)(F)F)c2)cc1,207.5,213.11795
*c1ccc2c(c1)C(=O)N(c1cccc(OCCCCCOc3cccc(N4C(=O)c5ccc(*)cc5C4=O)c3)c1)C2=O,165.0,185.73553
*C(F)(F)C1(*)OC(F)(C(F)(F)F)C(F)(C(F)(F)F)O1,165.0,98.95894
*Oc1ccc(-c2ccc(OC(=O)c3ccc(C(*)=O)cc3)c(-c3ccccc3)c2)cc1,132.0,198.39502
*C(=O)c1ccc(Oc2ccc(C(=O)c3ccc(Oc4ccc(Cc5ccc(Oc6ccc(*)cc6)cc5)cc4)cc3)cc2)cc1,128.0,149.80661
*CCCCn1c(=O)c2cc3c(=O)n(CCC(*)C)c(=O)c3cc2c1=O,135.0,160.45743
*CCCCCN1C(=O)c2ccc(C(=O)Oc3ccc4ccc(OC(*)=O)cc4c3)cc2C1=O,113.0,128.80327
*c1ccc(/N=N/c2ccc(OCC)cc2)cc1C(=O)OCCCOC(=O)c1cc(/N=N/c2ccc(OCC)cc2)ccc1*,101.0,105.8024
*CCC(C)O[Si](C)(C)O[Si](C)(C)O[Si](C)(C)OC(*)C,-89.99999999999997,-118.07808
*Cc1cocc1[CH2][Ge]([*])([CH3])[CH3],-27.99999999999997,29.48471
*CC(*)c1ccc(C(=O)N2CCOCC2)cc1,127.0,166.51163
*C1C(=O)OC(=O)C1C1C2CC(C(=O)OCCOCC)C(C2)C1*,155.0,148.71918
*Oc1ccccc1Oc1ccc2c(c1)C(=O)N(c1ccc(Oc3ccc(C(c4ccc(Oc5ccc(N6C(=O)c7ccc(*)cc7C6=O)cc5C(F)(F)F)cc4)(C(F)(F)F)C(F)(F)F)cc3)c(C(F)(F)F)c1)C2=O,191.0,216.4379
*NCCCCCCCNC(*)=O,62.0,91.97986
*C=[CH][Ge]([CH]=C[Si](*)(c1ccccc1)c1ccccc1)([c]1ccccc1)[c]1ccccc1,28.0,93.464905
*CCC(=O)NCCCCCCNC(=O)CCC(C)(C)c1ccc(C(*)(C)C)cc1,93.25,65.61588
*C(CC1C(=O)OC(=O)C1*)c1ccccc1,212.0,178.4442
*c1ccc(OC(=O)Oc2ccc(C(*)(C)C)cc2Cl)c(Cl)c1,147.0,121.87807
*Nc1ccc(N2C(=O)CC(N3C(=O)c4ccc(C(*)=O)cc4C3=O)C2=O)cc1,120.0,242.26874
*COc1ccc(C(C)(c2ccccc2)c2ccc(OCC(*)OC(C)=O)cc2)cc1,110.0,122.285576
*C(=O)Oc1ccc(OC(=O)c2ccc(*)cc2Sc2ccc(C)cc2)cc1,134.0,134.48546
*C(=O)c1ccc(Oc2ccc(C3(c4ccc(Oc5ccc(C(*)=O)cc5)cc4)c4ccccc4-c4ccccc43)cc2)cc1,242.0,244.82962
*CC(*)(C)C(=O)OCc1ccsc1,83.5,69.19199
*CCCCCCCCC(=O)NCCCCCCNC(*)=O,39.85000000000002,75.56909
*OCCCCCCOc1ccc(-c2ccc(*)c3ccccc23)c2ccccc12,109.0,104.68358
*c1ccc2oc(-c3ccc(-c4nc5cc(C(*)(C(F)(F)F)C(F)(F)F)ccc5o4)nc3)nc2c1,352.0,300.99536
*CCCCC(=O)Oc1ccc(C2(c3ccc(OC(*)=O)cc3)c3ccccc3-c3ccccc32)cc1,166.0,161.49483
*c1ccc(-c2ccc(-c3cnc4cc(-c5ccc6nc(*)cnc6c5)ccc4n3)cc2)cc1,345.5,329.38632
*C=Cc1ccc2c(c1)C(CCCCCCOc1ccc3ccc(=O)oc3c1)(CCCCCCOc1ccc3ccc(=O)oc3c1)c1cc(C=Cc3ccc4c(c3)C(CCCCCC)(CCCCCC)c3cc(*)ccc3-4)ccc1-2,115.0,85.51002
*Oc1ccc(C(=C(Cl)Cl)c2ccc(OC(*)=O)cc2)cc1,167.0,170.67952
*C(=O)c1ccc2c(c1)C(=O)N(c1ccc(C(c3ccc(N4C(=O)c5ccc(*)cc5C4=O)cc3)(C(F)(F)F)C(F)(F)F)cc1)C2=O,308.03,278.29874
*CC(*)(C)C(=O)OCCCCOc1ccc(OC(=O)c2ccc(OCCCCCCCC)cc2)cc1,10.0,14.4433975
*c1ccc2c(c1)C(=O)N(c1ccc(Oc3ccc(C(c4ccc(Oc5ccc(N6C(=O)c7ccc(*)cc7C6=O)cc5C(F)(F)F)cc4)(C(F)(F)F)C(F)(F)F)cc3)c(C(F)(F)F)c1)C2=O,223.0,256.1792
*C=C[Si](*)(c1ccccc1)c1ccccc1,-9.0,120.47812
*c1ccc(Oc2ccc(S(=O)(=O)c3ccc(Oc4ccc(C(*)(C)C)cc4C(O)(C(F)(F)F)C(F)(F)F)cc3)cc2)c(C(O)(C(F)(F)F)C(F)(F)F)c1,167.0,196.22905
*C(=O)OCCOC(=O)c1ccc(-c2ccc(*)cc2C)c(C)c1,73.0,110.64215
*Oc1ccc(OC(=O)c2ccc(C(*)=O)cc2Oc2ccc(Cl)cc2)cc1,107.0,146.33919
*CC(*)c1cc(-c2ccc(C(=O)OC(C)CC)cc2)ccc1-c1ccc(C(=O)OC(C)CC)cc1,212.5,134.94084
*CC(*)c1ccc(Cl)cc1,119.925,136.02477
*OCCCCCCCCCCOc1ccc(/C=C/c2ccc(OCCCCCCCCCCOP(*)(=O)OCCCCCCCCCCOc3ccc(/N=N/c4ccc(-c5ccccc5)cc4)cc3)cc2)cc1,50.0,23.109688
*NCC(F)(F)C(F)(F)C(F)(F)C(F)(F)CNC(=O)OCCCCOC(*)=O,33.0,18.697403
*Oc1ccc(C(=O)Nc2ccc(Oc3ccc(-c4ccc(Oc5ccc(NC(=O)c6ccc(Oc7ccc(*)cc7C)cc6)cc5)cc4)cc3)cc2)cc1,220.0,203.71162
*/C(CC)=C(/*)c1ccccc1,200.0,135.83624
*Nc1ccc(Oc2ccc(NC(=O)c3cc(C(*)=O)cc(C(F)(F)C(F)(F)C(F)(F)C(F)(F)F)c3)cc2)cc1,257.0,242.96936
*O[Si](C)(C)O[Si](C)(C)O[Si](C)(C)c1ccc([Si](C)(C)O[Si](C)(C)O[Si](*)(C)C)cc1,-79.99999999999997,-94.88695
*CCN(*)C(=O)C12CC3CC(CC(C3)C1)C2,123.0,160.07822
*c1ccc(NC(=O)OCCN(CCOC(=O)Nc2ccc(*)cc2C)c2ccc(/N=N/c3ccc([N+](=O)[O-])cc3)cc2)c(C)c1,119.5,132.61148
*CC(*)(C)C(=O)OCC1CCCO1,105.0,66.37164
*Nc1ccc(-c2nc3cc(NC(=O)c4ccc(OCCOCCOCCOCCOc5ccc(C(*)=O)cc5)cc4)ccc3[nH]2)cc1,140.0,130.01419
*Nc1ccc2c(c1)C(=O)N(c1cccc(P(=O)(c3ccccc3)c3cccc(N4C(=O)c5ccc(NC(=O)OCCOc6ccc(P(=O)(c7ccccc7)c7ccc(OCCOC(*)=O)cc7)cc6)cc5C4=O)c3)c1)C2=O,218.0,194.7331
*CCc1ccc(*)cc1C,54.85000000000002,78.43583
*c1ccc2c(c1)C(=O)N(c1ccc(-c3ccc(N4C(=O)c5ccc(C(*)(C(F)(F)F)C(F)(F)F)cc5C4=O)c(O)c3)cc1O)C2=O,358.0,306.6577
*NCCCCCCCCCCCCCCCCCCNC(=O)NCc1ccc(CNC(*)=O)cc1,52.0,82.483154
*C(=O)c1ccc(Oc2ccc(-c3[nH]c(-c4ccccc4)nc3-c3ccc(Oc4ccc(*)cc4)cc3)cc2)cc1,259.0,202.58252
*Oc1cccc(Oc2ccc3c(c2)C(=O)N(c2ccc(Oc4ccc(S(=O)(=O)c5ccc(Oc6ccc(N7C(=O)c8ccc(*)cc8C7=O)cc6)cc5)cc4)cc2)C3=O)c1,201.0,201.40294
*c1ccc2c(c1)C(=O)N(c1ccc(Oc3cccc(N4C(=O)c5ccc(*)cc5C4=O)c3)cc1)C2=O,259.0,275.02142
*CCCCCCN1C(=O)C(=O)N(*)C1=O,55.0,83.86841
*c1ccc2c(c1)C(=O)N(c1ccc(Oc3ccc(N4C(=O)c5ccc(C(*)O[Si](C)(C)O[Si](C)(C)O[Si](C)(C)C)cc5C4=O)cc3)cc1)C2=O,167.0,153.45415
*OC1CCCCC1*,68.5,47.059723
*c1ccc2nc(-c3ccc(C4(c5ccc(-c6cc(-c7ccccc7)c7cc(C8(*)c9ccccc9C(=O)c9ccccc98)ccc7n6)cc5)c5ccccc5-c5ccccc54)cc3)cc(-c3ccccc3)c2c1,405.0,336.26398
*c1cc2c(s1)c1sc(-c3sc(-c4ccc(-c5cc(CCCCCC)c(*)s5)c5nsnc45)cc3CCCCCC)cc1n2CC(CC)CCCC,90.0,137.74023
*CC(CCCC)O*,-68.99999999999997,-45.742355
*Oc1ccc2c(c1)C(=O)N(c1ccc(Sc3ccc(Sc4ccc(N5C(=O)c6ccc(*)cc6C5=O)cc4)s3)cc1)C2=O,218.0,225.47545
*CCC(C)(C)C(*)(C)C,87.0,40.479507
*c1ccc(Oc2ccc(S(*)(=O)=O)c3ccccc23)cc1,238.0,230.1553
*CC1(*)CCCCC1,100.0,109.80497
*NC(=O)OCCCCCOC(=O)c1ccccc1C(=O)[O][Pb][O]C(=O)c1ccccc1C(=O)OCCCCCOC(=O)Nc1ccc(C)c(*)c1,-11.299999999999956,56.38688
*OCCCCCCOc1ccc(/C=N/c2nc(-c3ccc(Oc4ccc(-c5csc(/N=C/c6ccc(*)cc6)n5)cc4)cc3)cs2)cc1,117.0,123.84097
*O[Si](*)(C)CCCCCCCCCCC(=O)Oc1ccc(OC(=O)c2ccc(OCC(C)CC)cc2)cc1,13.400000000000034,-28.02945
*[Si](*)(C)CCC(F)(F)F,-3.0,-120.29387
*C1C=C(CCCCCC)C(*)S1,58.05000000000001,55.443474
*Oc1ccc(Oc2cccc(Oc3cccc4c3C(=O)N(c3ccc(Oc5ccc(N6C(=O)c7cccc(*)c7C6=O)cc5)cc3)C4=O)c2)cc1,239.0,242.22086
*Oc1ccc(Sc2ccc(Oc3cccc4c3C(=O)N(c3ccc(Oc5ccc(N6C(=O)c7cccc(*)c7C6=O)cc5)cc3)C4=O)cc2)cc1,234.0,246.03677
*Oc1ccc(Oc2ccc(/C=N/c3ccc(/N=C/c4ccc(*)cc4)cc3)cc2)cc1,117.0,169.83377
*Nc1ccc(-c2nc(-c3ccc(/C=C/c4ccc([N+](=O)[O-])cc4)cc3)[nH]c2-c2ccc(NC3CC(=O)N(c4ccc(Cc5ccc(N6C(=O)CC(*)C6=O)cc5)cc4)C3=O)cc2)cc1,250.0,257.93707
*CCCCCCCCCC(=O)NCCc1ccc(CCNC(*)=O)cc1,96.0,78.65219
*COCC(*)(CC)COC(=O)C(=C)C,40.0,-10.093094
*CC(*)(F)C(=O)OCCC(F)(F)C(F)(F)C(F)(F)C(F)(F)C(F)(F)C(F)(F)C(F)(F)C(F)(F)F,87.5,0.3148346
*CC(*)(C)C(=O)OCCCCCCCCCCCn1c2ccccc2c2ccccc21,31.0,26.709938
*c1ccc(C(=O)NCCCCNC(=O)c2ccc(C(*)(C)CC)cc2)cc1,182.0,124.04276
*CC(*)CNc1ccc([N+](=O)[O-])cc1C,151.0,106.903656
*CC(*)C(=O)NCCC[N+](C)(C)CCCS(=O)(=O)O,141.5,90.884445
*Cc1ccc(C(=O)NCCCNC(*)=O)cc1,109.0,123.76238
*CCc1ccc(*)c2ccccc12,160.0,153.05858
*Oc1ccc(C2(c3ccc(Oc4ccc5c6c4cccc6c(=O)n4c6ccc(Oc7ccc8nc9c%10cccc%11c(*)ccc(c(=O)n9c8c7)c%11%10)cc6nc54)cc3)c3ccccc3-c3ccccc32)cc1,396.0,272.7492
*C(=O)c1ccc(-c2ccc(C(=O)c3ccc(Oc4ccc(-c5[nH]c(-c6ccccc6)nc5-c5ccc(Oc6ccc(*)cc6)cc5)cc4)cc3)cc2)cc1,258.0,226.24683
*CC(*)(C)C(=O)OCCCC,22.42500000000001,18.250023
*Oc1cc2ccccc2cc1OC(=O)c1ccc(Oc2ccc(C(*)=O)cc2)cc1,148.0,133.1617
*c1cc(C)c(NC(=O)c2ccc(Oc3cc(C(C)(C)C)c(Oc4ccc(C(=O)Nc5c(C)cc(C(*)(C)C)cc5C)cc4)cc3C(C)(C)C)cc2)c(C)c1,295.0,256.36005
*C(=O)C(F)(F)C(F)(F)C(F)(F)C(=O)N(CCCCCCN(*)CC(F)(F)C(F)(F)F)CC(F)(F)C(F)(F)F,174.0,10.516182
*C=Nc1cc(C)c(N2C(=O)c3ccc4c5ccc6c7c(ccc(c8ccc(c3c48)C2=O)c75)C(=O)N(c2cc(C)c(/N=C/c3ccc(OCc4ccccc4COc4ccc(*)cc4OC)c(OC)c3)cc2C)C6=O)cc1C,143.0,268.9155
*Nc1ccc(Oc2ccc(-c3ccc(Oc4ccc(NC(=O)c5ccc(N6C(=O)c7ccc(C(c8ccc9c(c8)C(=O)N(c8ccc(C(*)=O)cc8)C9=O)(C(F)(F)F)C(F)(F)F)cc7C6=O)cc5)cc4)cc3)cc2)cc1,296.0,276.2151
*CC(*)C(=O)OCC(F)(F)C(F)(F)C(F)(F)C(F)F,-34.99999999999997,-3.8584747
*Cc1cc(C)c(N2C(=O)c3ccc(C(=O)Nc4cc(NC(=O)c5ccc6c(c5)C(=O)N(c5c(C)cc(*)cc5C)C6=O)ccc4/N=N/c4ccc([N+](=O)[O-])cc4)cc3C2=O)c(C)c1,264.0,261.49426
*c1ccc(N2C(=O)c3ccc(-c4ccc5c(c4)C(=O)N(c4ccc(*)cc4C)C5=O)cc3C2=O)c(C)c1,302.0,287.39062
*c1ccc(Oc2ccc3c(c2)C(=O)N(c2ccc(O)c(N4C(=O)c5ccc(Oc6ccc(C(*)(C)C)cc6)cc5C4=O)c2)C3=O)cc1,246.0,248.33783
*Oc1ccc(C2(c3ccc(OC(*)=O)c(Cl)c3)CCCCC2)cc1Cl,179.0,220.369
*Oc1ccc(C2(c3ccc(Oc4ccc5c(c4)C(=O)N(c4ccc(Oc6ccc(N7C(=O)c8ccc(*)cc8C7=O)cc6)cc4)C5=O)cc3)CCCCCCCCCCC2)cc1,230.0,187.49174
*Nc1ccc(N2C(=O)c3ccc(C(=O)Nc4ccc(NC(=O)c5ccc6c(c5)C(=O)N(c5ccc(NC(*)=O)cc5)C6=O)cc4)cc3C2=O)cc1,216.0,266.7812
*C=Nc1ccc(C(=O)OCCCCOCCCCOCCCCOC(=O)c2ccc(/N=C/c3cc(OCCC(C)CCCC(C)C)c(*)cc3OCCC(C)CCCC(C)C)cc2)cc1,-4.7999999999999545,25.179283
*COC(=O)c1ccc(C(=O)OCC(*)(C)CC)cc1,63.0,41.45201
*Nc1ccc(Oc2ccc(Oc3ccc(NC(=O)c4ccc5c(c4)C(=O)N(c4ccc(Oc6cccc7c(Oc8ccc(N9C(=O)c%10ccc(C(*)=O)cc%10C9=O)cc8)cccc67)cc4)C5=O)cc3)cc2)cc1,285.0,230.27509
*Nc1cccc(C(=O)c2ccc(Oc3ccc(Oc4ccc(C(=O)c5cccc(NC(=O)c6ccc(C(*)=O)cc6)c5)cc4)cc3)cc2)c1,210.0,210.88295
*Nc1ccc(S(=O)(=O)c2ccc(NC(=O)c3ccc(Oc4ccc(C(=O)c5ccc(S(=O)(=O)c6ccc(C(=O)c7ccc(Oc8ccc(C(*)=O)cc8)cc7)cc6)cc5)cc4)cc3)cc2)cc1,260.0,208.84702
*CNC*,-35.77499999999998,-35.12973
*c1cccc(P(=O)(c2ccccc2)c2cccc(-n3c(=O)c4c(-c5ccc(C(F)(F)F)cc5)c5c(=O)n(*)c(=O)c5c(-c5ccc(C(F)(F)F)cc5)c4c3=O)c2)c1,334.0,288.2223
*Sc1ccc(Sc2ccc(Sc3ccc4c(c3)C(=O)N(c3ccc(Sc5ccc(Sc6ccc(N7C(=O)c8ccc(*)cc8C7=O)cc6)cc5)cc3)C4=O)cc2)cc1,190.75,199.36357
*CCCCC(=O)NCC(=O)NCCCCCCNC(*)=O,53.400000000000034,79.12372
*C(=O)c1ccc2c(c1)C(=O)N(c1ccc(Oc3ccc(N4C(=O)c5ccc(C(=O)c6ccc(Oc7ccc(Oc8ccc(*)cc8)cc7)cc6)cc5C4=O)cc3)cc1)C2=O,220.0,227.6532
*Oc1cccc(Sc2ccc(Oc3cccc4c3C(=O)N(c3cccc(N5C(=O)c6cccc(*)c6C5=O)c3)C4=O)cc2)c1,231.0,243.48242
*Oc1ccc(-n2c(=O)c3cc4c(=O)n(-c5ccc(Oc6cc(C(C)(C)C)ccc6*)cc5)c(=O)c4cc3c2=O)cc1,321.0,268.76215
*c1cccc(N2C(=O)c3ccc(NC(=O)OCCOc4ccc(P(=O)(c5ccccc5)c5ccc(OCCOC(=O)Nc6ccc7c(c6)C(=O)N(c6cccc(P(*)(C)=O)c6)C7=O)cc5)cc4)cc3C2=O)c1,201.0,191.9822
*OCCCCCCCCCOC(=O)c1ccc2cc(C(*)=O)ccc2c1,50.0,31.345665
*Nc1ccc(-c2ccccc2NC(=O)c2cccc(C(*)=O)c2)cc1,248.0,246.52026
*COC(=O)C1(C)CNC(C)(C(=O)OCC(C)(C)CSCC(*)(C)C)CN1,40.0,61.547745
*c1ccc2c(c1)C(=O)N(c1ccc(Oc3cccc(-c4cc(-c5ccccc5)cc(-c5cccc(Oc6ccc(N7C(=O)c8ccc(C(*)(C(F)(F)F)C(F)(F)F)cc8C7=O)cc6)c5)n4)c3)cc1)C2=O,180.0,255.74762
*Oc1ccc(-c2ccc(OC(=O)c3ccc4c(c3)C(=O)N(CCCCN3C(=O)c5ccc(C(*)=O)cc5C3=O)C4=O)cc2)cc1,126.0,201.30241
*CCN(*)C(=O)C(OC)(c1ccccc1)C(F)(F)F,89.0,94.09415
*CCCCCCCCC(=O)Nc1cccc(NC(*)=O)c1,110.0,120.79272
*Oc1ccc2c(c1)C(=O)N(c1cccc(N3C(=O)c4ccc(*)cc4C3=O)c1)C2=O,270.5,249.30746
*CCc1ccc(OC(=O)CCCCCCC(=O)Oc2ccc(CC(NC(*)=O)C(=O)OCc3ccccc3)cc2)cc1,47.0,56.033524
*OCCCCCOC(=O)c1ccc(-c2ccc(-c3ccc(C(*)=O)cc3)cc2)cc1,40.0,88.24361
*c1ccc2c(c1)C(=O)N(c1c(F)c(F)c(N3C(=O)c4ccc(C(*)(C(F)(F)F)C(F)(F)F)cc4C3=O)c(F)c1F)C2=O,375.5,295.2964
*CC(*)c1ccc(C(=O)CCCCC)cc1,66.0,50.892128
*CC(*)(C)C(=O)OCC1COCCOCCOCCO1,35.0,4.693924
*Nc1ccc(C(=O)OCCCCCCCCCCCCOC(=O)c2ccc3c(c2)C(=O)N(c2ccc(C(*)=O)cc2)C3=O)cc1,74.0,99.64726
*Nc1ccc(Oc2ccc(-c3nnc(-c4ccc(Oc5ccc(NC(=O)c6cc(C(*)=O)cc(N7C(=O)c8ccccc8C7=O)c6)cc5)cc4)o3)cc2)cc1,285.0,241.53334
*Oc1ccc(OC(=O)c2ccc(C(*)=O)cc2Oc2ccccc2)cc1,105.0,144.16438
*Oc1ccc(-c2ccc(Oc3ccc4c(c3)C(=O)N(c3ccc(Oc5ccc(Oc6ccc(N7C(=O)c8ccc(*)cc8C7=O)cc6)cc5)cc3)C4=O)cc2)cc1,222.0,218.77893
*c1cc(C)c(/N=C/c2ccc(OCc3ccc(COc4ccc(/C=N/c5cc(C)c(N6C(=O)c7ccc8c9ccc%10c%11c(ccc(c%12ccc(c7c8%12)C6=O)c%119)C(=O)N(*)C%10=O)cc5C)cc4)cc3)cc2)cc1C,130.0,257.80643
*CCCCCCCCC(=O)OCC#CC(C#CCOC(*)=O)=Cc1ccc(C#Cc2ccc(C=C(C#Cc3ccccc3)C#Cc3ccccc3)cc2)cc1,60.0,97.51405
*c1ccc(OC(=S)Oc2ccc(C(*)CCC)cc2)cc1,130.0,84.934044
*CC(*)C(=O)OCCCn1c2ccccc2c2ccccc21,83.0,98.25343
*C(=O)c1ccc2c(c1)C(=O)N(c1cc(N3C(=O)c4ccc(*)cc4C3=O)ccc1OCC(F)(F)C(F)(F)C(F)(F)F)C2=O,262.0,241.38449
*O[Si](*)(C)CCCCCCCCCCC(=O)Oc1ccc(C(=O)Oc2ccc(OC(=O)c3ccc(OCC(C)CC)cc3)cc2)cc1,28.5,-11.791214
*Oc1ccc(-c2ccc(Oc3ccc(S(=O)(=O)c4ccc(*)cc4N)c(N)c3)cc2)cc1,242.20000000000005,231.16068
*Sc1ccc(Sc2ccc(Sc3ccc4c(c3)C(=O)N(N3C(=O)c5ccc(*)cc5C3=O)C4=O)cc2)cc1,223.5,225.66165
*OC(=O)c1ccc(OCCOc2ccc(C(*)=O)cc2)cc1,45.0,80.48938
*CCCOC(*)=O,1.5,-27.518265
*CC(*)OC(=O)c1ccc(CC)cc1,57.0,33.06328
*c1ccc(OCC(COc2ccc(C(*)(C)C)cc2)OC(=O)c2ccccc2)cc1,65.0,89.97203
*CC(*)C(=O)OCCCSCC,-75.99999999999997,-37.78978
*OC(=O)c1ccc(C(=O)[O][Sn]([*])([CH2]CCC)[CH2]CCC)cc1,315.0,30.59108
*CC(*)(C)C(=O)OCc1ccco1,111.0,67.226074
*c1ccc(OC(=O)c2ccc(C(=O)Oc3ccc(C(*)(CC)c4ccccc4)cc3)cc2)cc1,243.0,175.68881
*C=Cc1ccc(*)cc1OCc1cc(OCc2cc(OCCC(C)CCCC(C)C)cc(OCCC(C)CCCC(C)C)c2)cc(OCc2cc(OCC(CC)CCCC)cc(OCC(CC)CCCC)c2)c1,223.0,23.284767
*Oc1cccc(Oc2cccc3c2C(=O)N(c2cccc(N4C(=O)c5cccc(*)c5C4=O)c2)C3=O)c1,241.0,247.86308
*c1ccc(Nc2ccc(C(=O)c3ccc(C(=O)c4ccc(Nc5ccc(C(C)(C)c6cccc(C(*)(C)C)c6)cc5)cc4)cc3)cc2)cc1,177.0,244.68375
*Oc1cccc2c(Oc3ccc4c(c3)C(=O)N(c3ccc(Oc5ccc(S(=O)(=O)c6ccc(Oc7ccc(N8C(=O)c9ccc(*)cc9C8=O)cc7)cc6)cc5)cc3)C4=O)cccc12,201.0,220.06674
*CNC(=O)c1cccc(C(=O)NCC2CC(*)CC(C(C)(C)C)C2)c1,209.0,165.05766
*Oc1cccc2c1C(=O)N(c1ccc(Oc3ccc(N4C(=O)c5cccc(*)c5C4=O)cc3)cc1)C2=O,293.75,260.95688
*C=CC1CC(*)CC1(C#N)[Si](C)(C)O[Si](C)(C)C,88.0,90.9966
*c1ccc(Oc2ccc(-c3ccc(N4C(=O)c5ccc(C(=O)c6ccc7c(c6)C(=O)N(c6ccc(-c8ccc(Oc9ccc%10c(c9)C(*)(C)CC%10(C)C)c(C(F)(F)F)c8)cc6)C7=O)cc5C4=O)cc3)cc2C(F)(F)F)cc1,252.0,283.80078
*c1ccc2c(c1)C(=O)N(c1ccc(Oc3ccc(N4C(=O)c5ccc(C(*)O[Si](C)(C)C)cc5C4=O)cc3)cc1)C2=O,210.0,256.333
*C=Nc1cc(C)c(N2C(=O)c3ccc4c5ccc6c7c(ccc(c8ccc(c3c48)C2=O)c75)C(=O)N(c2cc(C)c(/N=C/c3ccc(OCc4ccc(COc5ccc(*)cc5OC)cc4)c(OC)c3)cc2C)C6=O)cc1C,145.0,274.71118
*C(=O)c1ccc(Oc2cccc(C(=O)c3ccc(Oc4ccc(*)cc4)cc3)c2)cc1,146.0,157.67706
*C(=O)c1ccc2c(c1)C(=O)N(c1ccc(S(=O)(=O)c3ccc(N4C(=O)c5ccc(*)cc5C4=O)cc3)cc1)C2=O,307.0,272.36417
*CNC(=O)CCOCCC(=O)NCc1c(C)c(C)c(*)c(C)c1C,191.0,97.64166
*Cc1cc2cc(C(=O)Nc3cccc(NC(=O)c4cc5cc(*)c(OC(=O)COc6ccc7ccc(=O)oc7c6)cc5oc4=O)c3)c(=O)oc2cc1OC(=O)COc1ccc2ccc(=O)oc2c1,240.0,206.16885
*CCCCCC(*)CC,-72.99999999999997,-35.811172
*CCC1C(=O)N(CCCCCCCCCCCCCCCC)C(=O)C1*,65.60000000000002,19.927101
*CCCCCCCC(=O)Oc1ccccc1C(=O)OC(=O)c1ccccc1OC(*)=O,25.0,25.771484
*Nc1ccc(-c2ccc(N3C(=O)c4ccc(Oc5ccc6c(c5)C(=O)N(c5ccc(-c7ccc(NC(=O)c8cccc(C(*)=O)c8)cc7)cc5)C6=O)cc4C3=O)cc2)cc1,233.0,268.56946
*c1ccc(C(c2ccc(-n3c(=O)c4cc5c(=O)n(*)c(=O)c5cc4c3=O)cc2)(C(F)(F)F)C(F)(F)F)cc1,362.5,308.54077
*C(=O)c1ccc(Oc2ccc(N3C(=O)c4ccc(C(=O)c5ccc6c(c5)C(=O)N(c5ccc(Oc7ccc(*)cc7)cc5)C6=O)cc4C3=O)cc2)cc1,252.0,255.57716
*c1ccc(Cn2c(=O)c3cc4c(=O)n(Cc5ccc(C(*)(C)C)o5)c(=O)c4cc3c2=O)o1,138.0,250.9184
*Oc1ccc(-c2ccc(Oc3cccc4c3C(=O)N(c3ccc(Oc5cccc(Oc6ccc(N7C(=O)c8cccc(*)c8C7=O)cc6)c5)cc3)C4=O)cc2)cc1,224.0,231.01309
*C(=O)OCCCCCCn1c(=O)c2cc3c(=O)n(CCCCCCOC(=O)c4cc(*)cc(OCCCCCCOc5ccc(/N=N/c6ccc(C#N)cc6)cc5)c4)c(=O)c3cc2c1=O,46.0,84.09262
*c1ccc(-c2nc3ccc(-c4ccc5nc(*)c(-c6ccccc6)c(-c6ccccc6)c5c4)cc3c(-c3ccccc3)c2-c2ccccc2)cc1,400.0,334.27997
*c1ccc(-c2ccc(-c3sc(-c4ccc([Si](C)(C)[Si](C)(C)[Si](C)(C)[Si](C)(C)c5ccc(-c6cc(CCCCCCCC)c(*)s6)s5)s4)cc3CCCCCCCC)s2)s1,6.0,33.87297
*CC(*)C(=O)c1ccc(Cl)cc1,63.0,86.25747
*CC(*)(C)C(=O)OCCCOc1ccc(C(=O)Oc2ccc3ccc(=O)oc3c2)cc1,68.0,81.40673
*Sc1ccc2c(c1)C(=O)N(c1ccc(Oc3ccc4ccccc4c3-c3c(Oc4ccc(N5C(=O)c6ccc(*)cc6C5=O)cc4C(F)(F)F)ccc4ccccc34)c(C(F)(F)F)c1)C2=O,273.0,253.87463
*CC(*)C(=O)OCC(F)(F)C(F)(F)OC(F)(F)C(F)(F)C(F)(F)F,-67.99999999999997,-14.379578
*c1ccc2c(c1)C(=O)N(c1ccc(-c3ccc(N4C(=O)c5ccc(C(*)(C(F)(F)F)C(F)(F)F)cc5C4=O)cc3I)c(I)c1)C2=O,319.0,304.99615
*c1nc(C)nc(N(CCCCCCCCCCN(*)c2ccccc2)c2ccccc2)n1,48.0,57.61106
*CCCCCCC(=O)Nc1cccc(S(=O)(=O)c2cccc(NC(*)=O)c2)c1,125.0,135.63495
*CCCCCCCCCCCCCCCCCCCCC(*)COCCOCCOCCOCCOCc1ccc2ccc3cccc4ccc1c2c34,-20.99999999999997,7.781662
*c1ccc2c(c1)C(=O)N(c1cccc3c(N4C(=O)c5ccc(C(*)(C(F)(F)F)C(F)(F)F)cc5C4=O)cccc13)C2=O,390.0,316.58475
*C(=O)OCCN(CCOC(=O)c1cc(*)cc(OCCN(C)c2ccc(S(=O)(=O)C(F)(F)C(F)(F)C(F)(F)C(F)(F)C(F)(F)C(F)(F)C(F)(F)C(F)(F)F)cc2)c1)c1ccc(S(=O)(=O)C(F)(F)C(F)(F)C(F)(F)C(F)(F)C(F)(F)C(F)(F)C(F)(F)C(F)(F)F)cc1,83.0,85.21031
*CCCCCCCCCCCCC(=O)NCCc1ccc(CCNC(*)=O)cc1,93.0,71.7293
*CC(*)c1cc(C(C)(C)C)ccc1C,87.0,170.3469
*N=Nc1ccc(Oc2ccc(/N=N/P(=O)(OCC)OCCOP(*)(=O)OCC)cc2)cc1,22.0,49.860283
*C(=O)c1ccc2c(c1)C(=O)N(c1ccc(Oc3cc4ccccc4cc3Oc3ccc(N4C(=O)c5ccc(*)cc5C4=O)cc3)cc1)C2=O,246.0,267.98615
*c1ccc(OC(Oc2ccccc2)(Oc2ccccc2)Oc2ccc(*)cc2C)c(C)c1,125.0,125.988625
*Oc1cccc(OC(=O)c2ccc(Oc3ccc(C(*)=O)cc3)cc2)c1,159.0,135.50146
*c1ccc(CCCCCCCCCCc2ccc(-c3c(-c4ccccc4)cc(-c4cccc(-c5cc(-c6ccccc6)c(*)c(-c6ccccc6)c5-c5ccccc5)c4)c(-c4ccccc4)c3-c3ccccc3)cc2)cc1,180.0,212.52917
*C(=O)c1cccc(C(=O)c2ccc(Oc3ccc(N4C(=O)c5ccc(Oc6ccc7c(c6)C(=O)N(c6ccc(Oc8ccc(*)cc8)cc6)C7=O)cc5C4=O)cc3)cc2)n1,208.6,238.19493
*CCCC1(C)CCN(C(=O)CCCC(=O)N2CCC(*)(C)CC2)CC1,58.0,57.216293
*Nc1ccc(C(=O)OCCCCCCCCCOC(=O)c2ccc3c(c2)C(=O)N(c2ccc(C(*)=O)cc2)C3=O)cc1,100.0,116.94741
*Oc1ccc(C(=O)c2ccc(-c3ccc(C(=O)c4ccc(Oc5ccc(*)cc5-c5ccc(S(=O)(=O)O)c(C)c5)cc4)cc3)cc2)cc1,182.0,220.87207
*c1ccc(OCOc2ccc(-c3oc(-c4ccc([N+](=O)[O-])cc4)nc3*)cc2)cc1,194.0,175.23306
*CC(*)C(=O)OCCC(C)OC,-55.99999999999997,-26.72261
*c1ccc(OCCCCCCOc2ccc(-c3ccc(OCC)cc3)cc2)c(N2C(=O)c3ccc(C(c4ccc5c(c4)C(=O)N(*)C5=O)(C(F)(F)F)C(F)(F)F)cc3C2=O)c1,150.3,188.44757
*Nc1ccc(S(=O)(=O)c2ccc(NC(=O)c3ccc4c(c3)C(=O)N(c3cccc(N5C(=O)c6ccc(C(*)=O)cc6C5=O)c3)C4=O)cc2)cc1,342.0,257.01334
*NC(=O)OCCN(CCOC(=O)NCC1(C)CC(*)CC(C)(C)C1)c1ccc(/N=N/c2ccc([N+](=O)[O-])cc2)cc1,137.0,100.08496
*Sc1ccc(Sc2ccc(Sc3ccc(Oc4ccc(*)cc4)cc3)cc2)cc1,84.0,117.02123
*CCCCCCCCCCCCCCCCC(=O)NCCCCCCNC(*)=O,47.0,60.653755
*C(=O)N1CCN(C(=O)c2cccc(*)c2)CC1,214.5,154.07275
*NCc1cccc(CNC(=O)c2ccccc2-c2ccccc2C(*)=O)c1,159.0,177.48074
*C(C)C(*)C(=O)OCCCC,90.0,-0.646225
*Oc1cccc(Oc2cccc3c2C(=O)N(c2ccc(Oc4ccc(N5C(=O)c6cccc(*)c6C5=O)cc4)cc2)C3=O)c1,226.0,240.88083
*c1ccc(OCC(O)COC(=O)CCCCC(=O)OCC(O)COc2ccc(C(*)(C)C)cc2)cc1,34.0,26.538246
*C1C(*)C2CC1C(C(=O)OCCCc1ccccc1)C2C(=O)OCCCc1ccccc1,200.0,105.171616
*=Cc1cc(OC)c(/C=C(\c2ccc(OC)cc2)c2ccc(C(=*)c3ccc(OC)cc3)cc2)cc1OC,170.0,173.39339
*C(=O)c1ccccc1-c1ccccc1C(=O)c1ccc(Oc2ccc(C(c3ccc(Oc4ccc(*)cc4)cc3)(C(F)(F)F)C(F)(F)F)cc2)cc1,178.5,193.93178
*CC(*)(C)C(=O)OCCCCCCOc1ccc(C(=O)Oc2ccc(/N=N/c3ccc(Cl)cc3)c3ccccc23)cc1,50.0,78.05223
*c1ccc(Oc2ccc(NC(=O)c3ccc(N4C(=O)c5ccc(C(=O)Nc6ccc(Oc7ccc(C(*)(C)C)cc7)cc6)cc5C4=O)cc3)cc2)cc1,216.0,248.1404
*CC(*)c1ccccc1C(=O)OCCCCCC,45.0,17.287727
*CC(*)C(=O)NCCCCCCCC,-53.14999999999998,48.027412
*COC(=O)OC1COC2C(OC(=O)OCC(OC)C(*)OC)COC12,61.0,78.62518
*CN1C(=O)c2ccc(C(=O)c3ccc4c(c3)C(=O)N(CC(=O)Nc3ccc(Oc5ccc(NC(*)=O)cc5)cc3)C4=O)cc2C1=O,235.0,238.21823
*C1CCC(CC2CCC(N3C(=O)C4C5C=CC(C6C(=O)N(*)C(=O)C56)C4C3=O)CC2)CC1,239.0,292.58716
*C(=O)c1ccc(Oc2ccc(C3(c4ccc(Oc5ccc(*)cc5)cc4)c4ccccc4-c4ccccc43)cc2)s1,195.0,230.97021
*Nc1ccc(NC(=O)c2cccc(N3C(=O)c4ccc(C(c5ccc6c(c5)C(=O)N(c5cccc(C(=O)Nc7ccc(C(*)=O)cc7)c5)C6=O)(C(F)(F)F)C(F)(F)F)cc4C3=O)c2)cc1,328.0,274.7931
*c1ccc2c(c1)C(CCCCCCCC)(CCCCCCCC)c1cc(-c3ccc(-c4ccc(-c5ccc(*)s5)c5cc(-c6ccccc6)c(-c6ccccc6)nc45)s3)ccc1-2,142.0,191.19185
*CC(*)(C)C(=O)OCc1ccccc1Cl,54.10000000000002,77.19085
*CN1C(=O)c2ccc(C(=O)Nc3ccc(Cc4ccc(NC(*)=O)cc4)cc3)cc2C1=O,266.0,224.23882
*Nc1ccc(Cc2ccc(NC(=O)Nc3cc(NC(*)=O)cc(C(=O)Nc4ccc5c(c4)C(=O)c4ccccc4C5=O)c3)cc2)cc1,168.0,257.2049
*c1ccc(Oc2ccc(-c3cnc4cc5ncc(*)nc5cc4n3)cc2)cc1,353.0,305.48224
*CC(=O)NCCCCCCNC(=O)CC(C)(C)c1ccc(C(*)(C)C)cc1,91.0,81.40303
*CCC/N=C1C=C/C(=N\CCC[Si](C)(C)O[Si](*)(C)C)c2c(O)ccc(O)c2/1,32.900000000000034,59.985107
*C(=O)C(F)(F)C(F)(F)C(F)(F)C(=O)N(CCCCCCN(*)CC(F)(F)C(F)(F)C(F)(F)C(F)(F)C(F)(F)C(F)(F)C(F)(F)F)CC(F)(F)C(F)(F)C(F)(F)C(F)(F)C(F)(F)C(F)(F)C(F)(F)F,187.5,31.449394
*OCCCCCCCCCCCCOC(=O)OCCCCCCOc1ccc(Oc2ccc(OCCCCCCOC(*)=O)cc2)cc1,-21.99999999999997,-15.286865
*CN1C(=O)c2ccc(C(c3ccc4c(c3)C(=O)N(Cc3nc5ccc(Cc6ccc7nc(*)oc(=O)c7c6)cc5c(=O)o3)C4=O)(C(F)(F)F)C(F)(F)F)cc2C1=O,218.0,283.03976
*CC(*)c1ccccc1COCC,74.0,89.9164
*c1ccc(N2C(=O)c3ccc(-c4ccc5c(c4)C(=O)N(c4ccc(Oc6c(C(C)(C)C)cc(*)cc6C(C)(C)C)cc4)C5=O)cc3C2=O)cc1,381.5,279.01703
*=CCCC(=*)CCC,-77.64999999999998,-35.000427
*C(=O)c1ccc2c(c1)C(=O)N(c1cc(N3C(=O)c4ccc(Cc5cccc(*)c5)cc4C3=O)cc(C(F)(F)F)c1)C2=O,253.0,288.33148
*Sc1ccc2c(c1)Sc1ccc(*)cc1S2,209.90000000000003,138.86658
*CC(*)(CC(=O)OCCOCCOCCOC)C(=O)OCCOCCOCCOC,-18.99999999999997,-58.804123
*CCCCC(=O)Oc1c(-c2ccccc2)cc(Cc2cc(-c3ccccc3)c(OC(*)=O)c(-c3ccccc3)c2)cc1-c1ccccc1,115.0,155.41013
*c1ccc(-n2c(=O)c3cc4c(=O)n(*)c(=O)c4cc3c2=O)cc1,417.0,292.04987
*Nc1ccc(Cc2ccc(NC(=O)Oc3ccc(C(c4ccc(OC(*)=O)cc4)(C(F)(F)F)C(F)(F)F)cc3)cc2)cc1,81.0,214.42542
*c1ccc(-c2sc(-c3cc(CCCCCCCCCCCC)c(*)s3)cc2CCCCCCCCCCCC)cc1,59.60000000000002,33.88365
*Cc1cc(C)c(Oc2ccc(-n3c(=O)c4cc5c(=O)n(-c6ccc(Oc7c(C)cc(*)cc7C)cc6)c(=O)c5cc4c3=O)cc2)c(C)c1,299.5,263.63397
*N=P(*)(OCCOCCOCCOCCOCCOC)OCCOCCOCCOCCOCCOC,-78.99999999999997,-90.24643
*C=Cc1cccc(/C=C/[Si](C)(C)c2ccc([Si](*)(C)C)cc2)c1,38.10000000000002,79.60716
*c1ccc(Oc2ccc(C(=O)Oc3ccc(C4(c5ccc(OC(=O)c6ccc(Oc7ccc(C8(*)CCC(C(C)(C)C)CC8)cc7)cc6)cc5)CCCCCCCCCCC4)cc3)cc2)cc1,181.0,133.45248
*O[SiH](CCC(F)(F)F)O[Si](C)(C)c1ccc([Si](*)(C)C)cc1,-36.99999999999997,-57.352234
*c1ccc(Oc2ccc(C(c3ccc(Oc4ccc(S(*)(=O)=O)c(C(O)(C(F)(F)F)C(F)(F)F)c4)cc3)(C(F)(F)F)C(F)(F)F)cc2)cc1C(O)(C(F)(F)F)C(F)(F)F,148.0,194.64047
*C=CC1CC(*)C(C(=O)OC(C)(C)C)C1C(=O)OC(C)(C)C,83.40000000000003,128.55545
*Nc1ccc2[nH]c(-c3cccc(NC(=O)c4ccc(OCCOCCOCCOc5ccc(C(*)=O)cc5)cc4)c3)nc2c1,180.0,135.48323
*Oc1ccc(OCCCCCCCCCCCCOc2ccc(OC(=O)c3ccc4c(c3)C(=O)N(c3ccc(S(=O)(=O)c5ccc(N6C(=O)c7ccc(C(*)=O)cc7C6=O)cc5)cc3)C4=O)cc2)cc1,140.0,125.82724
*Oc1ccc(Sc2ccc(Oc3ccc4c(c3)C(=O)N(c3ccc(-c5ccc(N6C(=O)c7ccc(*)cc7C6=O)cc5)cc3)C4=O)cc2)cc1,257.0,254.7761
*CC(*)(C)C(=O)OCc1cccc(Cl)c1Cl,42.60000000000002,78.59871
*CC(*)C(=O)OCCCCCCCCn1c2ccccc2c2ccccc21,12.0,22.218277
*OC(=O)c1ccc(OCCCCCCOc2ccc(C(*)=O)cc2)cc1,47.0,37.71837
*CC=CCC[Si](*)(C)c1ccccc1,-14.899999999999975,-18.598755
*Cc1cc(C)c(Oc2ccc3c(c2)C(=O)N(c2ccc(Oc4ccc(N5C(=O)c6ccc(Oc7c(C)cc(*)cc7C)cc6C5=O)cc4)cc2)C3=O)c(C)c1,266.0,232.04184
*COC(=O)OCC(*)(C)C(=O)OCc1ccccc1,-2.0,40.177643
*C(=O)c1ccc2c(c1)C(=O)N(c1cccc(C(=O)c3cccc(N4C(=O)c5ccc(*)cc5C4=O)c3)c1)C2=O,230.925,271.33923
*c1ccc(Sc2ccc(Sc3ccc(Sc4ccc(P(*)(=O)c5ccccc5)cc4)cc3)cc2)cc1,175.0,156.75691
*OCCCCCCOc1ccc(C(=O)c2ccc(OCCCCCCOC(=O)OCCOC(*)=O)cc2)cc1,15.0,7.701462
*COC(=O)OCC(OC(=O)C(CC(C)C)NC(=O)OCc1ccccc1)C(*)OC(=O)C(CC(C)C)NC(=O)OCc1ccccc1,50.900000000000034,44.10386
*C(=O)c1ccc(Oc2ccc(C(C)(C)c3ccc(Oc4ccc(C(=O)c5c(C)ccc6c(*)c(C)ccc56)cc4)cc3)cc2)cc1,222.0,217.8203
*Nc1ccc(Oc2ccc(Oc3ccc(NC(=O)c4cccc(N5C(=O)c6ccc(C(c7ccc8c(c7)C(=O)N(c7cccc(C(*)=O)c7)C8=O)(C(F)(F)F)C(F)(F)F)cc6C5=O)c4)cc3)cc2)cc1,283.0,254.47476
*CC(*)c1ccc(C([Si](C)(C)C)[Si](C)(C)C)cc1,156.0,85.37694
*Oc1ccc(Oc2ccc3c(c2)C(=O)N(c2ccc(Cc4ccc(N5C(=O)c6ccc(*)cc6C5=O)cc4)cc2)C3=O)cc1,259.0,241.31259
*Oc1ccc(OC(=O)c2ccc(-c3ccc(C(*)=O)cc3)cc2-c2ccccc2)cc1,140.0,208.78241
*O[Si](C)(C)c1c(F)c(F)c(F)c([Si](*)(C)C)c1F,-28.49999999999997,47.63276
*NC(=O)OCCN(CCOC(=O)Nc1ccc(C)c(*)c1)c1ccc(/N=N/c2ccc(-c3nc4ccccc4o3)cc2)cc1,152.0,129.92178
*C=Cc1ccc(OCCCCCCCCOc2ccc(/C=C/c3cc(OCCCCCCCC)c(*)cc3OCCCCCCCC)cc2)cc1,130.0,32.597366
*CC(*)c1ccc(/C(C)=N/O)cc1,134.0,153.43513
*C(=O)Nc1ccc(Oc2ccc(NC(=O)c3cc(*)cc(NC(=O)c4ccc(OC(C)=O)cc4)c3)cc2)cc1,273.0,228.07831
*C(=O)c1ccc2c(c1)C(=O)N(c1ccc(-c3c(-c4ccc(-c5ccccc5)cc4)cc(-c4ccc(OCCCCCCOc5ccc(-c6cc(-c7ccc(-c8ccccc8)cc7)c(-c7ccc(N8C(=O)c9ccc(*)cc9C8=O)cc7)c(-c7ccc(-c8ccccc8)cc7)c6)cc5)cc4)cc3-c3ccc(-c4ccccc4)cc3)cc1)C2=O,111.5,276.35266
*NC(CCC(=O)OCCC)C(*)=O,-10.0,23.936241
*c1ccc2c(c1)C(=O)N(c1ccc(Oc3ccc(S(=O)(=O)c4ccc(Oc5ccc(N6C(=O)c7ccc(S(*)(=O)=O)cc7C6=O)cc5)cc4)cc3)cc1)C2=O,274.0,249.94066
*Oc1ccc(C(c2ccc(OC(*)=O)cc2)C2CC3CC2C2C4CCC(C4)C32)cc1,253.0,244.93495
*CC(*)CNc1ccc([N+](=O)[O-])c(C(F)(F)F)c1,153.0,106.405716
*CC(*)(C)C(=O)NC(=O)OCCOc1c(Br)cc(S(=O)(=O)c2cc(Br)c(OCCO)c(Br)c2)cc1Br,110.0,135.37193
*CC(COC(=O)CCCCCN1C(=O)C2C3C=CC(C3)C2C1=O)O*,1.0,72.05205
*c1ccc(Oc2ccc(C(c3ccc(Oc4ccc(-c5ccc(*)s5)cc4C(F)(F)F)cc3)(C(F)(F)F)C(F)(F)F)cc2)c(C(F)(F)F)c1,155.0,193.37756
*O[Si](C)(C)O[Si](C)(O[Si](*)(C)C)c1c(F)c(F)c(F)c(F)c1F,-82.99999999999997,-58.929886
*c1ccc(OCC(O)COc2cccc(C(=O)Nc3cccc(OCC(O)COc4ccc(C(*)(C)C)cc4)c3)c2)cc1,117.0,93.735725
*c1ccc2c(c1)C(=O)N(c1ccc(Oc3cccc(N4C(=O)c5ccc(-c6c(-c7ccccc7)c(-c7ccccc7)c(-c7ccc(Oc8ccc(-c9c(-c%10ccccc%10)c(-c%10ccccc%10)c(*)c(-c%10ccccc%10)c9-c9ccccc9)cc8)cc7)c(-c7ccccc7)c6-c6ccccc6)cc5C4=O)c3)cc1)C2=O,309.0,330.55878
*CC(*)(CF)C(=O)OCC,43.0,51.09091
*CC=CC[Si](*)(C=C)C=C,-64.99999999999997,-42.442688
*c1ccc(NC(=O)c2cc(C(=O)Nc3ccc(C(*)(C)C)cc3)cc(N3C(=O)C=CC3=O)c2)cc1,303.0,250.51538
*COC(=O)OCC1OC(OCC)OC1*,23.5,31.956215
*OC1=C(O[Si](C)(C)O[Si](C)(C)O[Si](C)(C)O[Si](C)(C)O[Si](*)(C)C)c2cccc3cccc1c23,-53.99999999999997,-18.246643
*c1ccc2c(c1)C(=O)N(Cc1nnc(-c3ccc(-c4nnc(CN5C(=O)c6ccc(C(*)(C(F)(F)F)C(F)(F)F)cc6C5=O)o4)c(Oc4ccccc4)c3)o1)C2=O,208.0,250.85986
*CC(*)(C)C(=O)OCCOCCOCC1COCCOCCOCCO1,10.0,-38.61998
*c1cc(OCCCCCCCC)cc(N2C(=O)c3ccc(C(c4ccc5c(c4)C(=O)N(*)C5=O)(C(F)(F)F)C(F)(F)F)cc3C2=O)c1,195.0,224.74876
*Cc1cc(C)c(N2C(=O)c3ccc(C(c4ccc5c(c4)C(=O)N(c4c(C)cc(*)cc4C)C5=O)(C(F)(F)F)C(F)(F)F)cc3C2=O)c(C)c1,307.5,288.31842
*OCCCOC(*)=O,-17.69999999999999,-37.978867
*C(=O)c1cccc(C(=O)c2ccc(Oc3ccc(N4C(=O)c5ccc(C(c6ccc7c(c6)C(=O)N(c6ccc(Oc8ccc(*)cc8)cc6)C7=O)(C(F)(F)F)C(F)(F)F)cc5C4=O)cc3)cc2)n1,226.90000000000003,251.52054
*Nc1cccc(Oc2ccc(NC(=O)c3cc(C(*)=O)cc(C(F)(F)C(F)(F)C(F)(F)C(F)(F)F)c3)cc2)c1,230.0,223.86908
*OC1CCC(OC(=O)c2ccc(C(*)=O)cc2)CC1,94.3,103.27585
*Oc1ccc(C(c2ccc(OC(=O)c3ccc(OCCCCCCCCCCOc4ccc(C(*)=O)cc4)cc3)cc2)(C(F)(F)F)C(F)(F)F)cc1,89.0,56.31581
*c1ccc(OCC(O)CN(CC(O)COc2ccc(C(*)(C)C)cc2)c2ccc(C#N)cc2)cc1,100.0,86.074905
*CC(*)c1ccc(COCCOCCCCCCCC)cc1,-41.99999999999997,-1.3946991
*C1C2CC(C(=O)OCCc3ccc(N(c4ccccc4)c4ccccc4)cc3)C(C2)C1*,307.0,216.56314
*CC(*)(C)c1nc(N(CCOCCOCCOC)CCOCCOCCOC)nc(N(CCOCCOCCOC)c2ccccc2)n1,-74.99999999999997,-11.483139
*C(=O)c1ccc2c(c1)C(=O)N(c1ccc(-c3c(-c4ccc(-c5ccccc5)cc4)cc(-c4ccc(OCCCCCCCCCCOc5ccc(-c6cc(-c7ccc(-c8ccccc8)cc7)c(-c7ccc(N8C(=O)c9ccc(*)cc9C8=O)cc7)c(-c7ccc(-c8ccccc8)cc7)c6)cc5)cc4)cc3-c3ccc(-c4ccccc4)cc3)cc1)C2=O,103.5,256.49695
*C=Cc1ccc(/C=C/c2ccc(/C=C/c3cc(OC)c(OCCCCCCCCOc4c(OC)cc(*)cc4OC)c(OC)c3)cc2)cc1,78.70000000000005,103.10246
*C(=O)Nc1ccc(C(c2ccc(NC(=O)c3cc(*)cc(NC(=O)CCCN4C(=O)c5ccccc5C4=O)c3)cc2)(C(F)(F)F)C(F)(F)F)cc1,240.0,228.8984
*OC1CC2CC(OC(=O)c3cccc(C(*)=O)c3)CC(C1)O2,113.0,157.91486
*C(=O)Nc1ccc(Oc2cccc(NC(=O)c3cc(*)cc(NC(=O)c4ccc(OC(C)=O)cc4)c3)c2)cc1,251.0,228.6006
*N=P(*)(C)CCCCCC,-68.99999999999997,-60.648056
*CC(*)C(=O)OCCC(F)(F)C(F)(F)C(F)(F)C(F)(F)C(F)(F)C(F)(F)F,-12.0,-9.823715
*Oc1ccc(OC(=O)c2ccc3c(c2)C(=O)N(c2ccc(Oc4ccc(N5C(=O)c6ccc(C(*)=O)cc6C5=O)cc4)cc2)C3=O)c(-c2ccccc2)c1,212.0,237.13702
*c1ccc(OC(=O)c2ccccc2-c2ccccc2C(=O)Oc2ccc(C(*)(C)C)cc2)cc1,161.0,166.9419
*=Cc1ccc(OCCCCCCCCOc2ccc(/C=C3\CCCC(=*)C3=O)cc2)cc1,90.0,57.77417
*c1ccc(OC(=O)Oc2ccc(C3(*)CCCCC3)cc2C)c(C)c1,137.5,158.27809
*Nc1ccc(Cc2ccc(NC(=O)OCCOc3ccc(C4(c5ccc(OCCOC(*)=O)cc5)c5ccccc5-c5ccccc54)cc3)cc2)cc1,152.0,185.64217
*O[Si](*)(C)CCCCCCCCCCC(=O)Oc1ccc(-c2ccc(OC(=O)c3ccc(OCC(C)CC)cc3)cc2)cc1,29.200000000000045,-14.815811
*c1cc(C)c(Oc2ccc(S(=O)(=O)c3ccc(Oc4c(C)cc(*)cc4C)cc3)cc2)c(C)c1,280.20000000000005,201.99675
*Cc1ccc(OC(=O)CCCCCCCCC(=O)Oc2ccc(CCC(=O)NC(*)C(=O)OCCOCCOCC)cc2)cc1,2.0,21.640182
*OCc1ccc(COC(=O)c2cccc(C(*)=O)c2)cc1,143.0,71.51734
*c1cc(C)c(Oc2ccc(C(=O)c3ccccc3-c3ccccc3C(=O)c3ccc(Oc4c(C)cc(*)cc4C)cc3)cc2)c(C)c1,233.0,192.97581
*c1ccc(-c2ccc(-n3c(=O)c4c(C(F)(F)F)c5c(=O)n(*)c(=O)c5c(C(F)(F)F)c4c3=O)cc2C)c(C)c1,385.0,311.11035
*C(=O)Oc1ccc(C2(c3ccc(OC(=O)c4cc(*)cc(C(C)(C)C)c4)cc3)OC(=O)c3ccccc32)cc1,279.0,221.61273
*Oc1ccc(-c2ccc(OC(=O)c3ccc4c(c3)C(=O)N(CCCCCN3C(=O)c5ccc(C(*)=O)cc5C3=O)C4=O)cc2)cc1,147.0,182.73872
*c1ccc2c(c1)C(CCCCCCCC)(CCCCCCCC)c1cc(-c3ccc4c(c3)C(c3ccc(-c5nnc(-c6ccc(C(C)(C)C)cc6)o5)cc3)(c3ccc(-c5nnc(-c6ccc(C(C)(C)C)cc6)o5)cc3)c3cc(*)ccc3-4)ccc1-2,213.0,199.614
*C(=O)c1cccc(C(=O)c2ccc(Oc3ccc(-c4cc(-c5ccc(Oc6ccc(*)cc6)cc5)n[nH]4)cc3)cc2)c1,205.0,201.63208
*COC(=O)c1ccc(-c2ccc(-c3ccc(C(=O)OCC(*)(CC)CC)cc3)cc2)cc1,-19.99999999999997,127.42075
*c1cc(CCOCCOC)c(*)[nH]1,-42.99999999999997,38.175095
*CC(*)C(=O)Oc1ccc([N+](=O)[O-])cc1,73.30000000000001,98.21875
*c1ccc2c(c1)C(CCCCCC)(CCCCCC)c1cc(-c3ccc4c(c3)c3cc(*)ccc3n4-c3ccc(C)cc3)ccc1-2,155.0,209.24814
*N=P(*)(OCCOc1ccc(-c2ccc(Br)cc2)cc1)OCCOc1ccc(-c2ccc(Br)cc2)cc1,89.70000000000005,41.4198
*CC(*)C(=O)OCC(C)CC,-31.99999999999997,-20.885056
*c1ccc(Oc2ccc(C3(c4ccc(Oc5ccc(-c6nnc(*)c7c(-c8ccc(F)cc8)c(-c8ccc(F)cc8)c(-c8ccc(F)cc8)c(-c8ccc(F)cc8)c67)cc5)cc4)c4ccccc4-c4ccccc43)cc2)cc1,321.0,281.9541
*c1cc(N2C(=O)c3ccc(C(=O)c4ccc5c(c4)C(=O)N(*)C5=O)cc3C2=O)ccc1CP(=O)(OCC)OCC,218.0,230.41623
*Cc1ccc(OC(=O)CCCCCCCCC(=O)Oc2ccc(CCC(=O)NC(*)C(=O)OC)cc2)cc1,47.0,56.164986
*c1ccc(OC(Oc2ccccc2)(Oc2ccccc2)Oc2ccc(C(*)(C)C)cc2)cc1,92.0,135.89423
*CC(*)(C)C(=O)OCCBr,52.0,65.91595
*CCN(*)C,-30.99999999999997,-24.645386
*Nc1ccc(Oc2ccc(NC(=O)c3cc4cc(Cc5ccc6oc(=O)c(C(*)=O)cc6c5)ccc4oc3=O)cc2)cc1,312.0,272.35858
*CC(C)(C)C1C(=O)N(c2ccccc2C)C(=O)C1*,207.0,201.47446
*Cc1cc(CC)c(N2C(=O)c3ccc(C(=O)c4ccc5c(c4)C(=O)N(c4c(CC)cc(*)cc4CC)C5=O)cc3C2=O)c(CC)c1,272.5,256.799
*OC(=O)c1ccc(OCCCCCOc2ccc(C(*)=O)cc2)cc1,53.0,57.17714
*c1ccc(C(=O)OCCCCOC(=O)c2ccc([Si](*)(C)C)cc2)cc1,42.0,33.557724
*=CCCCCCCCCCCC=*,-52.99999999999997,-37.819107
*Oc1ccc2c(c1)C(=O)N(c1ccc(Oc3ccc(-c4ccc(Oc5ccc(N6C(=O)c7ccc(*)cc7C6=O)cc5)cc4)cc3)cc1)C2=O,245.0,237.57634
*Oc1ccc(N2C(=O)c3ccc(*)cc3C2=O)cc1,266.0,237.67249
*NC(CCC(=O)OC)C(*)=O,0.0,56.09716
*c1ccc(Oc2ccc(C(=O)c3ccc4c(c3)C(=O)N(c3ccc(Cc5ccc(N6C(=O)c7ccc(C(=O)c8ccc(Oc9ccc(C%10(*)OC(=O)c%11ccccc%11%10)cc9)cc8)cc7C6=O)cc5)cc3)C4=O)cc2)cc1,268.0,230.20407
*Oc1ccc(Oc2ccc(P(=O)(c3ccccc3)c3ccc(Oc4ccc(Oc5ccc6c(c5)C(=O)N(c5ccc(N7C(=O)c8ccc(*)cc8C7=O)cc5)C6=O)cc4)cc3)cc2)cc1,220.0,207.56009
*CCCC1(C)CCN(C(=O)CCC(=O)N2CCC(*)(C)CC2)CC1,99.0,59.512352
*c1ccc(OC(=O)c2ccc(C(=O)Oc3ccc(C(*)(C)C)cc3C)cc2)c(C)c1,178.5,164.05704
*CC(*)(C)C(=O)OCCOCCOCC1(C)COCCOCCOCCOC1,10.0,-39.641495
*CCN(*)C(=O)CCCCCC,10.0,-9.180847
*OCC1CCC(COC(*)=O)CC1,38.700000000000045,36.113983
*c1ccc(Oc2ccc(Oc3ccc(-c4nc5cc6sc(-c7ccc(Oc8ccc(Oc9ccc(P(*)(=O)c%10ccccc%10)cc9)cc8)cc7)nc6cc5s4)cc3)cc2)cc1,255.0,202.15105
*CC(*)C(=O)OCC,-22.149999999999977,12.359253
*Oc1ccc2c(c1)C(=O)N(c1ccc(C(c3ccccc3)(c3ccc(N4C(=O)c5ccc(*)cc5C4=O)cc3)C(F)(F)F)cc1)C2=O,293.0,280.44144
*c1ccc(C(=O)N2CCN(C(=O)c3ccc(C(*)(C)CC)cc3)CC2)cc1,232.0,193.02835
*CC(*)C(=O)OCc1ccc(C#N)cc1,44.0,90.30945
*c1ccc2[nH]c(*)nc2c1,398.0,256.6772
*CC1C(=O)OC(=O)C1C(*)(C)C,141.0,146.1496
*NC(=O)OCCOC(=O)Nc1cc(*)ccc1C,52.0,99.27776
*Oc1ccc(S(=O)(=O)c2ccc(Oc3ccc4c(c3)C(=O)N(c3ccc(Oc5ccc(N6C(=O)c7ccc(*)cc7C6=O)cc5)cc3)C4=O)cc2)cc1,260.0,232.82324
*c1ccc(-c2ccc(-c3sc(-c4ccc([Si](C)(C)[Si](C)(C)[Si](C)(C)[Si](C)(C)[Si](C)(C)[Si](C)(C)[Si](C)(C)[Si](C)(C)c5ccc(-c6cc(CCCCCCCC)c(*)s6)s5)s4)cc3CCCCCCCC)s2)s1,13.0,12.977814
*CC(*)C(=O)OC12CC3CC(C)(CC(C)(C3)C1)C2,104.0,190.50783
*CC(*)(CC(=O)OC)C(=O)OC12CC3CC(CC(C3)C1)C2,197.0,145.99364
*CC(*)OC(=O)C1(F)C(F)(F)C(F)(F)C(F)(F)C(F)(F)C1(F)F,54.0,36.686264
*CC(*)c1ccc(C(=O)C(F)(F)F)cc1,95.0,123.056114
*OCCCCOC(=O)c1ccc(C(*)=O)cc1,44.125,13.469299
*c1cc(C(=O)NCCCCCCCCCC)cc(N2C(=O)c3ccc(-c4ccc5c(c4)C(=O)N(*)C5=O)cc3C2=O)c1,245.1,211.10236
*c1ccc2c(c1)C(=O)N(c1ccc(Cc3ccc(N4C(=O)c5ccc(*)cc5C4=O)cc3)cc1)C2=O,308.0,274.9239
*c1ccc2c(c1)C(=O)N(c1ccc(Oc3ccc(N4C(=O)c5ccc(C(*)(C(F)(F)F)C(F)(F)F)cc5C4=O)cc3)cc1)C2=O,295.5,267.8028
*c1ccc(-n2c(=O)c3cc4c(=O)n(-c5ccc(Oc6c(C(C)(C)C)cc(*)cc6C(C)(C)C)cc5)c(=O)c4cc3c2=O)cc1,398.5,274.02142
*CC(*)c1ccc(CCC)cc1,46.75,89.075745
*C(=O)c1cc(I)cc(C(=O)c2ccc(Oc3ccc(S(=O)(=O)c4ccc(Oc5ccc(*)cc5)cc4)cc3)cc2)c1,203.0,171.81412
*CCCCCCCCC(=O)NCC1COC(CNC(*)=O)CO1,73.0,75.42969
*Oc1ccc(S(=O)(=O)c2ccc(Oc3cc(C)c(C4(c5cc(C(C)C)c(*)cc5C)OC(=O)c5ccccc54)cc3C(C)C)cc2)cc1,230.0,240.59874
*CC(*)(C)C(=O)Oc1ccc(/N=N/c2ccc(C#N)cc2)cc1,185.0,127.56415
*Nc1ccc(Cc2ccc(NC3CC(=O)N(c4ccc(Cc5ccc(N6C(=O)CC(*)C6=O)cc5)cc4)C3=O)cc2)cc1,239.0,247.22386
*OCCCCCCCOc1ccc(CCc2ccc(*)cc2C)cc1,6.5,4.313278
*c1cc(C(=O)NCCCCCCCCCCCC)cc(N2C(=O)c3ccc(-c4ccc5c(c4)C(=O)N(*)C5=O)cc3C2=O)c1,243.1,197.03992
*Nc1ccc(C(=O)c2ccc(NC(=O)c3ccc4c(c3)C(=O)N(c3cccc(P(=O)(c5ccccc5)c5cccc(N6C(=O)c7ccc(C(*)=O)cc7C6=O)c5)c3)C4=O)cc2)cc1,238.0,262.2566
*Oc1ccc(C(c2ccc(Oc3cccc4c3C(=O)N(CCCCCCCCN3C(=O)c5cccc(*)c5C3=O)C4=O)cc2)(C(F)(F)F)C(F)(F)F)cc1,135.0,137.92555
*c1ccc(-c2ccc(-n3c(=O)c4cc5c(=O)n(*)c(=O)c5cc4c3=O)cc2OC)c(OC)c1,328.0,305.90768
*CC(*)C(=O)OCCCCCCOc1ccc(/C=N/c2ccc(OCCCCC)cc2)c(O)c1,41.0,31.545357
*c1ccc(Oc2cc(Oc3ccc(C(*)(C)C)cc3)cc(C(=O)Oc3ccc(/N=N/c4ccc(C#N)cc4)cc3)c2)cc1,163.0,169.74933
*C1C(=O)N(CCOc2ccc(-c3ccc(C#N)cc3)cc2)C(=O)C1*,150.0,199.05463
*c1ccc2c(c1)C(=O)N(CCCCCN1C(=O)c3ccc(C(*)(C(F)(F)F)C(F)(F)F)cc3C1=O)C2=O,180.0,202.91377
*CC(*)(C)C(=O)OCCCCCC(=O)Oc1ccc(OC(=O)c2ccc(OCCCCC)cc2)cc1,50.0,18.351639
*CCCCCCCCC(=O)Oc1cccc(C=Cc2nnc(-c3ccc(OC(*)=O)cc3)s2)c1,55.0,64.25329
*Oc1ccc(-c2ccc(Oc3ccc4ccccc4c3-c3c(*)ccc4ccccc34)c3ccccc23)c2ccccc12,301.0,266.69183
*CCCCCCCC(*)C,-57.99999999999997,-32.85724
*CC(*)C=C,-6.074999999999989,5.266617
*c1ccc2c(c1)C(=O)N(c1cccc(OCCCCCCCCCCCCOc3cccc(N4C(=O)c5cccc(*)c5C4=O)c3)c1)C2=O,116.0,125.01699
*Oc1ccc(C(c2ccc(OP3(Oc4ccc(C(=O)OC)cc4)=NP(Oc4ccc(C(=O)OC)cc4)(Oc4ccc(C(=O)OC)cc4)=NP(*)(Oc4ccc(C(=O)OC)cc4)=N3)cc2)(C(F)(F)F)C(F)(F)F)cc1,78.0,100.71361
*OCCCCCCOc1ccc(-n2on2-c2ccc(OCCCCCCOC(=O)C(C(*)=O)c3ccccc3)cc2)cc1,23.0,31.1204
*C=CC(=O)OCCOCCOCCOCCOC(=O)/C=C/C(=O)NCCCCCCNC(*)=O,52.0,11.268005
*C(=O)OCCCCCCOc1ccc(-n2on2-c2ccc(OCCCCCCOC(=O)C(*)CCCCP(=O)(OCC)OCC)cc2)cc1,4.0,-0.5266113
*c1ccc(/C=N/c2ccc(Oc3cccc(Oc4ccc(/N=C/c5ccc(N(*)c6ccccc6)cc5)cc4)c3)cc2)cc1,174.0,184.10732
*c1cc(C)c(N2C(=O)c3ccc(-c4ccc5c(c4)C(=O)N(c4c(C)cc(*)cc4C)C5=O)cc3C2=O)c(C)c1,285.0,292.4572
*c1ccc(Oc2ccc3c(-c4ccccc4)nn(-c4ccc(C(=O)c5ccc(-n6nc(-c7ccccc7)c7cc(Oc8ccc(C(*)(C)C)cc8)ccc7c6=O)cc5)cc4)c(=O)c3c2)cc1,195.0,248.3624
*c1ccc(-c2ccc(-c3ccc(-c4ccc(-c5cc(-c6ccccc6)c6cc(Oc7ccc8nc(*)cc(-c9ccccc9)c8c7)ccc6n5)cc4)cc3)cc2)cc1,310.0,312.9911
*CC(*)c1ccc(Cl)cc1C,145.0,145.38638
*Cc1ccc(CC(=O)OC(*)=O)cc1,65.0,78.92716
*CC(*)C(=O)Oc1ccc(C(=O)O)cc1,125.0,117.289314
*C(=O)NNC(=O)c1ccc(*)cc1OCC,240.0,131.35791
*NCCCCCCNC(=O)c1ccc(-c2nc3ccccc3nc2-c2ccc(C(*)=O)cc2)cc1,201.0,169.44873
*c1ccc(Oc2ccc(-c3nnc(-c4ccc(Oc5ccc(C(*)(C(F)(F)F)C(F)(F)F)cc5)cc4)n3-c3ccccc3)cc2)cc1,203.0,214.22641
*Nc1ccc(Oc2ccc(C3(c4ccc(Oc5ccc(NC(=O)c6ccc(Oc7ccc(C(*)=O)cc7)cc6)cc5)cc4)C4CC5CC(C4)CC3C5)cc2)cc1,230.0,254.73997
*CC(*)(C)C(=O)NC(C)c1ccccc1,156.5,178.71135
*c1ccc(C(Cl)(Cl)C(*)Cl)cc1,160.0,156.18916
*CC(*)(C)C(=O)OCC,19.850000000000023,60.37349
*c1ccccc1Oc1ccc(-n2c(=O)c3cc4c(=O)n(*)c(=O)c4cc3c2=O)cc1,386.0,274.10248
*NC(=O)OCCN(CCOC(=O)Nc1ccc(C)c(*)c1)c1ccc(/N=N/c2ccc([N+](=O)[O-])cc2)cc1,144.0,106.50766
*CC(*)c1cc(C)c(C)cc1C,104.0,191.9577
*c1ccc(CCc2ccccc2N2C(=O)C(=O)N(c3ccc(CCc4ccc(N5C(=O)C(=O)N(*)C5=O)cc4)cc3)C2=O)cc1,220.0,215.076
*Nc1cc(NC(=O)c2ccc3c(c2)C(=O)N(c2cccc(N4C(=O)c5ccc(C(*)=O)cc5C4=O)c2)C3=O)cc(-c2nc3ccccc3[nH]2)c1,361.0,264.63068
*Oc1cccc(N2C(=O)c3ccc(Oc4ccc5c(c4)C(=O)N(c4cccc(Oc6cc(*)ccc6C#N)c4)C5=O)cc3C2=O)c1,196.0,218.8755
*CC(COC(=O)c1ccc(N2C(=O)C3C4C=CC(C4)C3C2=O)cc1)O*,62.5,186.56042
*Nc1ccc(-c2ccc(NC(=O)c3ccc(Oc4ccc(C(c5ccc(Oc6ccc(C(*)=O)cc6)cc5)(C(F)(F)F)C(F)(F)F)cc4)cc3)cc2C(F)(F)F)c(C(F)(F)F)c1,240.0,233.10327
*c1cc(/N=N/c2ccc(C#N)cc2)cc(*)c1O,176.0,218.11621
*N=P(*)(OCCOCCOc1ccc(CCCCCCCC)cc1)OCCOCCOc1ccc(CCCCCCCC)cc1,-13.299999999999956,-40.08519
*Nc1ccc(Oc2ccc(C3(c4ccc(Oc5ccc(NC(=O)c6ccc7cc(C(*)=O)ccc7c6)cc5)cc4)C4CC5CC(C4)CC3C5)cc2)cc1,266.0,278.95682
*CCCCCC(=O)OCCOCCOCCOC(*)=O,-44.49999999999997,-61.76259
*C(=O)Nc1ccc(NC(=O)c2cc(*)cc(NC(=O)c3ccncc3)c2)cc1,327.0,219.26062
*#C[SiH2]C#Cc1cccc(C#*)c1,72.0,178.32748
*CC(*)c1cc(C)ccc1C,142.85000000000002,162.1191
*CCCCC(=O)NCC1COC(CNC(*)=O)CO1,93.0,72.54161
*C1C2CCC(C2)C1*,240.0,207.00226
*/C(C)=C(/*)SCC,160.0,72.025276
*Cc1ccc(OC(=O)COCC(=O)Oc2ccc(CCC(=O)NC(*)C(=O)OCCCCCCCC)cc2)cc1,40.0,41.7808
*Nc1ccc(C(c2ccc(NC(=O)c3ccc4c(c3)C(=O)N(c3ccc(Oc5cccc6c(Oc7ccc(N8C(=O)c9ccc(C(*)=O)cc9C8=O)cc7)cccc56)cc3)C4=O)cc2)(C(F)(F)F)C(F)(F)F)cc1,283.0,250.85294
*CCC(C)O[Si](C)(C)O[Si](C)(C)O[Si](C)(C)O[Si](C)(C)OC(*)C,-95.99999999999996,-121.32292
*/C(=C(/*)c1ccc[c]([Ge]([CH3])([CH3])[CH3])c1)c1ccccc1,200.0,176.59648
*C=Cc1ccc(Oc2ccc(C3(c4ccc(Oc5ccc(C(*)=O)cc5)cc4)c4ccccc4-c4ccccc43)cc2)cc1,195.0,233.37497
*CCCCCCCCCCN1C(=O)c2ccc(C(=O)c3ccc4c(c3)C(=O)N(CCCCCCCCCCC(=O)Nc3ccc(NC(*)=O)cc3)C4=O)cc2C1=O,125.0,112.20969
*c1cc(C)c(Oc2ccc(N3C(=O)CC(Nc4ccc(NC5CC(=O)N(c6ccc(Oc7c(C)cc(C(*)c8cccnc8)cc7C)cc6)C5=O)cc4)C3=O)cc2)c(C)c1,229.0,245.08969
*COCC(*)(CS(=O)(=O)CCC)CS(=O)(=O)CCC,71.0,56.67115
*CCN(*)C(=O)c1c(F)c(F)c(F)c(F)c1F,136.0,128.1362
*c1ccc(OC(=O)c2ccc3c(c2)C(=O)N(c2cc(N4C(=O)c5ccc(C(=O)Oc6ccc(C(*)(C)C)cc6)cc5C4=O)ccc2O)C3=O)cc1,225.0,248.16959
*C(=O)OCCOCCOC(=O)C(*)CCCCCCCCC,-58.99999999999997,-50.89778
*CC(*)c1ccc([Si](C)(O[Si](C)(C)C)O[Si](C)(C)C)cc1,54.0,27.931458
*Nc1cccc(NC(=O)c2ccc3c(c2)C(=O)N(c2ccc(Oc4ccc(C5(c6ccc(Oc7ccc(N8C(=O)c9ccc(C(*)=O)cc9C8=O)cc7)cc6)NC(=O)c6ccccc65)cc4)cc2)C3=O)c1,328.0,261.63458
*CCCCC(=O)OCC(CCCCCCOc1ccc(/N=N/c2ccc(Cl)cc2)cc1)COC(*)=O,9.0,18.975777
*CC(*)(C)C(=O)OC(COc1cc2ccccc2c2ccccc12)COc1cc2ccccc2c2ccccc12,112.0,151.46913
*Oc1ccc(Oc2ccc(OC(*)=O)cc2)cc1,118.0,142.03226
*c1ccc(Oc2ccc(Oc3ccc(Oc4ccc(-c5nc(*)nc(-c6ccccc6)n5)cc4)cc3)cc2)cc1,203.0,226.36673
*C(=O)c1ccc2c(c1)C(=O)N(c1cccc(C(O)c3cccc(N4C(=O)c5ccc(*)cc5C4=O)c3)c1)C2=O,292.0,275.96295
*c1cccc(-n2c(=O)c3cc4c(=O)n(*)c(=O)c4cc3c2=O)c1,430.0,281.57916
*CC(O)COc1ccc(Sc2ccc(OCC(O)CN(C)S(=O)(=O)c3cccc(S(=O)(=O)N(*)C)c3)cc2)cc1,90.0,95.92929
*c1cccc(P(=O)(c2cccc(-n3c(=O)c4c(-c5ccc(C(F)(F)F)cc5)c5c(=O)n(*)c(=O)c5c(-c5ccc(C(F)(F)F)cc5)c4c3=O)c2)c2cc(C(F)(F)F)cc(C(F)(F)F)c2)c1,310.0,286.807
*c1ccc2c(c1)Sc1cc(-c3sc4cc(*)sc4c3CCCCC)ccc1N2CCCCCCCCCC,131.0,106.336655
*c1ccc(Cn2c(=O)c3cc4c(=O)n(Cc5ccc(C(*)(C)CCC)o5)c(=O)c4cc3c2=O)o1,134.0,237.53198
*CC(*)C(=O)OC1CC(C)CC(C)(C)C1,15.0,80.83292
*CCCCC(C)O[Si](C)(C)O[Si](C)(C)O[Si](C)(C)OC(*)C,-93.99999999999996,-110.80766
*C=C1CC/C(=C\c2ccc(OC(=O)c3ccc(/N=C/c4ccc(/C=N/c5ccc(C(=O)Oc6ccc(*)cc6OC)cc5)cc4)cc3)c(OC)c2)C1=O,140.0,163.55121
*CC(*)C(=O)OC1CC2CCC1(C)C2(C)C,100.0,139.86375
*NNC(=O)c1ccc(C2(c3ccc(C(=O)NNC(=O)c4ccc(C(*)=O)cc4)cc3)OC(=O)c3ccccc32)cc1,237.0,240.19179
*C(=Nc1ccccc1)c1ccc(-c2ccc(*)cc2)cc1,225.0,197.45135
*Nc1ccc(Oc2ccc3nc(-c4ccccc4)c(-c4ccc(N5C(=O)c6ccc7c8c(ccc(c68)C5=O)C(=O)N(c5ccc(-c6nc8cc(Oc9ccc(NC(=O)c%10cc(C(*)=O)cc(N%11C(=O)c%12ccccc%12C%11=O)c%10)cc9)ccc8nc6-c6ccccc6)cc5)C7=O)cc4)nc3c2)cc1,345.0,300.4345
*CC(*)c1ccc(C(=O)CC)cc1,102.0,98.834625
*c1ccc(OCC(O)COc2ccc(S(=O)(=O)c3ccc(OCC(O)COc4ccc(C(*)(C)C)cc4)cc3)cc2)cc1,140.0,85.00262
*c1ccc(Oc2ccc(C(=O)Nc3ccc(-c4ccc(NC(=O)c5ccc(Oc6ccc(C(*)(C)C)cc6)cc5)cc4C(F)(F)F)c(C(F)(F)F)c3)cc2)cc1,250.0,221.18643
*c1ccc([Si](C)(C)[Si](*)(C)C)s1,15.0,16.06176
*C(=O)c1ccc(N2C(=O)c3ccc(C(=O)c4ccc5c(c4)C(=O)N(c4ccc(Cc6ccc(*)cc6)cc4)C5=O)cc3C2=O)cc1,307.0,258.7426
*Oc1ccc(-c2cnc3cc(-c4ccc5nc(-c6ccc(Oc7ccc(*)cc7)cc6)cnc5c4)ccc3n2)cc1,195.0,273.40277
*c1ccc(C(=O)Nc2cccc(S(=O)(=O)c3cccc(NC(=O)c4ccc(*)cc4C)c3)c2)c(C)c1,260.0,241.20583
*CN1C(=O)c2ccc(C(c3ccc4c(c3)C(=O)N(CC(=O)Nc3ccc(Oc5ccc6nc(-c7ccccc7)c(-c7ccc(-c8nc9cc(Oc%10ccc(NC(*)=O)cc%10)ccc9nc8-c8ccccc8)cc7)nc6c5)cc3)C4=O)(C(F)(F)F)C(F)(F)F)cc2C1=O,280.0,260.76385
*c1ccc2c(c1)C(=O)N(c1cccc(OCCCCCCOc3cccc(N4C(=O)c5ccc(*)cc5C4=O)c3)c1)C2=O,153.0,174.43637
*CC(*)(C)C(=O)OC1CCCC(C)C1,89.0,95.21202
*Oc1ccc(N2C(=O)c3ccc(Oc4ccc(C5(c6ccc(Oc7ccc8c(c7)C(=O)N(c7ccc(Oc9ccc(*)cc9C(C)(C)C)cc7)C8=O)cc6)CCCCCCCCCCC5)cc4)cc3C2=O)cc1,262.0,163.24728
*c1ccc(P(=O)(c2ccccc2)c2ccc(-n3c(=O)c4cc5c(=O)n(*)c(=O)c5cc4c3=O)cc2)cc1,425.0,282.3224
*CCCCC(=O)OCCCOC(*)=O,-54.99999999999997,-38.08525
*c1cc(Br)c(-c2c(Br)cc(N3C(=O)c4ccc(-c5ccc6c(c5)C(=O)N(*)C6=O)cc4C3=O)cc2C(=O)OCCCCCCCCCCCCCCCCCC)c(C(=O)OCCCCCCCCCCCCCCCCCC)c1,83.5,81.49071
*CCOC(=O)Nc1ccc(C)c(NC(=O)OCCN(*)c2ccc(/N=N/c3ccc(/C=C/c4nc5ccc([N+](=O)[O-])cc5n4CC)cc3)cc2)c1,171.0,153.6874
*CC(*)(C)C(=O)OCCCCCCCCCCOc1ccc(/N=N/c2ccc(C3OCC4(CO3)CC3C=CC4C3)cc2)cc1,103.20000000000005,59.778107
*c1ccc(-c2ccc([Si](C)(C)c3ccc4c(c3)C(=O)N(c3cccc(Cc5cccc(N6C(=O)c7ccc([Si](*)(C)C)cc7C6=O)c5)c3)C4=O)cc2)cc1,285.0,232.59714
*C(=O)c1ccc2c(c1)C(=O)N(c1ccc(Oc3ccc(Oc4ccc(N5C(=O)c6ccc(*)cc6C5=O)cc4C(F)(F)F)cc3)cc1)C2=O,237.1,254.60591
*c1cc(Br)c(-c2c(Br)cc(N3C(=O)c4ccc(-c5ccc6c(c5)C(=O)N(*)C6=O)cc4C3=O)cc2C(=O)OCCCCCCCC)c(C(=O)OCCCCCCCC)c1,135.5,152.99463
*CC(*)C(=O)OCCOc1ccc(C(=O)Oc2ccc(OC)cc2)cc1,70.0,68.586235
*CC(*)(C)C(=O)OCCCCCCCCOc1ccc(/N=N/c2ccc(C3OCC4(CO3)CC3C=CC4C3)cc2)cc1,106.20000000000005,69.37758
*c1ccc(OC(=O)CN(CC(=O)Oc2ccc(C(*)(C)C)cc2)c2ccc(/N=N/c3ccc([N+](=O)[O-])cc3)cc2)cc1,152.0,127.16332
*OCC(COC(*)=O)OCCOc1ccc(/C=C/c2ccc([N+](=O)[O-])cc2)cc1,53.0,65.974045
*Oc1ccc2ccc(Oc3ccc4c(c3)C(=O)N(c3ccc(Oc5ccc(Oc6ccc(N7C(=O)c8ccc(*)cc8C7=O)cc6)cc5)cc3)C4=O)cc2c1,228.0,230.81227
*c1ccc(OC(=O)c2ccc([Si](c3ccccc3)(c3ccccc3)c3ccc(C(=O)Oc4ccc(C(*)(C)C)cc4)cc3)cc2)cc1,295.0,181.30652
*Oc1c(Br)cc(C(c2cc(Br)c(OP(*)(=O)Oc3ccc(OC)cc3)c(Br)c2)(C(F)(F)F)C(F)(F)F)cc1Br,151.0,163.19785
*CC(O)COc1ccc(S(=O)(=O)c2ccc(OCC(O)CN(C)S(=O)(=O)c3cccc(S(=O)(=O)N(*)C)c3)cc2)cc1,100.0,107.62617
*CC(*)CCC1CCCCC1,40.0,20.002197
*CC(*)(C)C(=O)OCCC(F)(F)C(F)(F)C(F)(F)C(F)(F)C(F)(F)C(F)(F)C(F)(F)C(F)(F)F,47.0,24.846733
*c1ccc(N2C(=O)c3ccc(Oc4ccc(Oc5ccc6c(c5)C(=O)N(c5ccc(C(*)(C)C)cc5)C6=O)cc4)cc3C2=O)cc1,264.0,246.01819
*Cc1ccc(OC(=O)COCC(=O)Oc2ccc(CCC(=O)NC(*)C(=O)OC(C)C)cc2)cc1,80.0,71.49091
*c1cc(C)c(Oc2ccc3c(c2)C(=O)N(c2ccc(-c4ccc(N5C(=O)c6ccc(Oc7c(C)cc(C(*)(C)C)cc7C)cc6C5=O)cc4C(F)(F)F)c(C(F)(F)F)c2)C3=O)c(C)c1,262.0,274.2008
*OCCOC(=O)c1ccc(Oc2ccc(C(*)=O)cc2)cc1,74.0,66.77788
*CC(C[N-][N+]#N)O*,-34.99999999999997,22.397484
*Nc1ccc(Cc2ccc(NC(=O)c3cc(C(*)=O)cc(N4C(=O)C5C6C=CC(C6)C5C4=O)c3)cc2)cc1,303.0,270.01773
*Oc1ccc(C2(c3ccc(OC(=O)c4ccc(C(*)=O)cc4)cc3)CCc3ccccc32)cc1,312.0,212.24243
*c1ccc(Cc2ccc(-n3nccc3-c3ccc(-c4ccnn4*)cc3)cc2)cc1,202.0,204.53705
*c1ccc(N2C(=O)c3ccc(Oc4ccc5ccc(Oc6ccc7c(c6)C(=O)N(c6ccc(C(*)(C)C)cc6)C7=O)cc5c4)cc3C2=O)cc1,247.0,255.66632
*CC(*)P(=O)(N(C)C)N(C)C,25.0,41.461166
*c1ccc(OCCCCCCOc2ccc(N(c3ccccc3)c3ccc(-c4ccc(N(*)c5ccccc5)cc4)cc3)cc2)cc1,85.0,126.201416
*C=CC(*)(C)C,-9.0,56.832695
*c1ccc(Oc2cccc(S(*)(=O)=O)c2)cc1,175.0,187.7557
*c1nc2cc(C(c3ccc4oc(-c5cc(OCCCCCCCCCC)c(*)cc5OCCCCCCCCCC)nc4c3)(C(F)(F)F)C(F)(F)F)ccc2o1,94.0,116.82857
*O[Si](C)(C)c1ccc(-c2ccc([Si](*)(C)C)cc2)cc1,67.0,58.7069
*NC(=O)OCCN(CCOC(=O)NCC1(C)CC(*)CC(C)(C)C1)c1ccc(/N=N/c2ccc(C#N)cc2)cc1,136.0,102.351685
*Sc1cccc2c1C(=O)N(c1ccc(N3C(=O)c4ccc(*)cc4C3=O)cc1)C2=O,319.5,250.61629
*Oc1ccc2c(c1)Oc1cc(OC(=O)c3ccc(C(*)=O)cc3)ccc1C21c2ccccc2-c2ccccc21,290.0,235.46143
*c1ccc2c(c1)C(=O)N(c1ccc(Oc3ccc(N4C(=O)c5ccc(*)cc5C4=O)cc3Br)c(Br)c1)C2=O,275.0,279.29166
*OCC(F)(F)C(F)(F)C(F)(F)COC(=O)c1cccc(C(*)=O)c1,23.5,29.40171
*c1ccc2c(c1)C(=O)N(c1cccc(OCCCCCCCCCCOc3cccc(N4C(=O)c5cccc(*)c5C4=O)c3)c1)C2=O,127.0,134.04932
*Sc1ccc(N2C(=O)c3ccc(Oc4ccc5c(c4)C(=O)N(c4ccc(Sc6cc7c(cc6*)C(=O)N(CCc6ccccc6)C7=O)cc4)C5=O)cc3C2=O)cc1,218.0,232.05319
*CC(*)c1ccccc1C(=O)OCCCC,66.0,43.85491
*NNC(=O)c1ccc(C(=O)NNC(=O)c2ccc([Si](c3ccccc3)(c3ccccc3)c3ccc(C(*)=O)cc3)cc2)nc1,240.0,205.27174
*CCCCCCCCC(=O)NCC(=O)NCC(=O)OC1COC2C(OC(=O)CNC(=O)CNC(*)=O)COC12,47.0,87.65414
*c1cc(Br)c(-c2c(Br)cc(N3C(=O)c4ccc(-c5ccc6c(c5)C(=O)N(*)C6=O)cc4C3=O)cc2C(=O)OCCCCCC)c(C(=O)OCCCCCC)c1,154.0,168.1394
*O[Si](*)(C)CCCC(=O)O,-28.99999999999997,-80.98576
*c1ccc(OC(=S)Oc2ccc(C(*)C(CC)CC)cc2)cc1,148.0,87.584595
*Oc1c(-c2ccccc2)cc(*)cc1-c1ccccc1,220.0,219.10495
*C(=O)Nc1ccc(C2(c3ccc(NC(=O)c4cc(*)cc(C(C)(C)C)c4)cc3)c3ccccc3-c3ccccc32)cc1,284.0,300.06146
*N[Se]Nc1ccc(*)cc1,55.0,89.10004
*N=P(*)(Oc1ccccc1)Oc1ccccc1,-8.0,21.753944
*C(=O)NCCCCCCNC(=O)c1c(*)ncn1C,86.0,97.33848
*C(=O)Nc1ccc(NC(=O)c2cc(-c3ccc(C(=O)OC)c(*)c3)ccc2C(=O)OC)cc1,234.20000000000005,246.54922
*=Cc1ccc(Oc2ccc(S(=O)(=O)c3ccc(Oc4ccc(/C=C5\CCC(=*)C5=O)cc4)cc3)cc2)cc1,235.0,164.76317
*Sc1ccc(*)cc1,86.85000000000002,34.737343
*CC(*)(C)C(=O)OCCCCCCN1CCN(c2ccc(/N=N/c3ccc(C#N)cc3)cc2)CC1,77.0,63.08867
*CC(*)C(=O)c1ccc(C(C)(C)C)cc1,103.5,95.80275
*c1cccc(Oc2ccc(-n3c(=O)c4cc5c(=O)n(*)c(=O)c5cc4c3=O)cc2)c1,397.0,282.67822
*c1ccc2c(c1)C(=O)N(c1cccc(S(=O)(=O)c3cccc(N4C(=O)c5ccc(*)cc5C4=O)c3)c1)C2=O,260.0,274.5448
*CC(*)(C)c1ccccc1,168.0,165.93565
*CC(*)OC(=O)c1ccccc1C,42.5,46.651756
*c1ccc(N2C(=O)c3ccc(-c4ccc5c(c4)C(=O)N(c4ccc(-c6cc(-c7ccc(OCCCC#N)cc7)cc(*)n6)cc4)C5=O)cc3C2=O)cc1,360.0,274.08392
*CC(O)CN(*)c1cc(C)c(/N=N/c2ccc(C#N)cc2)c(C)c1,150.0,151.21194
*Nc1ccc(Oc2ccc(C3(c4ccc(Oc5ccc(NC(=O)c6cccc(C(*)=O)c6)cc5)cc4)C4CC5CC(C4)CC3C5)cc2)cc1,273.0,270.18817
*CC(*)(C)C(=O)OCCCCCCCCCCOc1ccc(OC(=O)c2ccc(OCCCCCCCC)cc2)cc1,12.0,-9.965347
*c1ccc(Oc2ccc(-c3nnc(-c4ccccn4)nc3-c3ccc(Oc4ccc(C(*)(C)C)cc4)cc3)cc2)cc1,220.0,201.59174
*O[Si](*)(C)CC[Si](OCCOC)(OCCOC)OCCOC,28.900000000000038,-110.57716
*NCCCOC(*)=O,26.0,19.146324
*CC(*)C(=O)OCCCC,-51.57499999999999,-28.292984
*C(=O)c1cc2c(cc1Cl)C(=O)N(c1cc(N3C(=O)c4cc(*)c(Cl)cc4C3=O)cc(C(F)(F)F)c1)C2=O,305.0,287.7478
*c1ccc(Oc2c(F)c(F)c(-c3c(F)c(F)c(-n4nc(*)c5ccccc5c4=O)c(F)c3F)c(F)c2F)cc1F,253.0,295.5523
*C(F)(F)C(*)(F)C(F)(F)F,158.5,43.33793
*C(=O)Nc1ccc(Oc2ccc(Oc3ccc(Oc4ccc(NC(=O)c5cc(*)cc(C(C)(C)C)c5)cc4)cc3)cc2)cc1,230.0,218.38437
*OCCCCCOC(=O)c1ccc2cc(C(*)=O)ccc2c1,58.5,53.70813
*c1ccc(-c2ccc(-c3sc(-c4ccc([Si](C)(C)c5ccc(-c6cc(CCCCCCCC)c(*)s6)s5)s4)cc3CCCCCCCC)s2)s1,31.0,79.09361
*C(*)C(=O)OC(C)C,70.0,0.6894531
*CSCC(*)(C)C,-49.29999999999998,-54.666122
*CC(*)(C)C(=O)OCCCCCCCCCCOc1ccc(C#Cc2cc(C)c(/C=C/c3ccncc3)cc2C)cc1,65.40000000000003,51.63021
*Oc1c(C(C)C)cc(*)cc1C(C)C,152.40000000000003,171.85529
*CCCNC(=O)CCCCC(=O)NCCCP(*)(C)=O,33.0,31.597443
*N=Nc1ccc(Oc2ccc(/N=N/P(=O)(OC)OCC3CCC(COP(*)(=O)OC)CC3)cc2)cc1,50.0,72.36899
*Nc1ccc(S(=O)(=O)c2ccc(NC(=O)c3ccc4c(c3)C(=O)N(c3cc(-c5nc6ccccc6s5)cc(N5C(=O)c6ccc(C(*)=O)cc6C5=O)c3)C4=O)cc2)cc1,357.0,262.05023
*C(=O)c1ccc(Oc2ccc(Oc3ccc(*)cc3)cc2-c2ccccc2)cc1,157.0,166.46361
*c1ccc(Oc2ccc(N3C(=O)CC(=O)N(c4ccc(Oc5ccc(C(*)(C)C)cc5)cc4)C3=S)cc2)cc1,150.0,191.17166
*CCCCCCCNC(*)=O,37.0,72.52052
*c1cccc(P(=O)(c2ccccc2)c2cccc(-n3c(=O)c4cc5c(=O)n(*)c(=O)c5c(-c5ccccc5)c4c3=O)c2)c1,325.0,284.55124
*c1ccc(/N=C/Nc2ccc(S(*)(=O)=O)cc2)cc1,163.0,183.97304
*c1ccc(NC(=C(C#N)C#N)c2ccc(C(Nc3ccc(C(C)(C)c4cccc(C(*)(C)C)c4)cc3)=C(C#N)C#N)cc2)cc1,208.0,236.7429
*Nc1ncc(*)s1,139.0,125.36118
*c1ccc(Oc2ccc(S(=O)(=O)c3ccc(-c4ccc(-c5ccc(S(*)(=O)=O)cc5)cc4)cc3)cc2)cc1,311.0,238.43753
*C(=O)c1cccc(-n2c(=O)c3cc4c(=O)n(-c5cccc(*)c5)c(=O)c4cc3c2=O)c1,321.0,261.91306
*O[Si](*)(C)CCCOc1ccc(/N=N/c2ccc(S(=O)(=O)O)cc2)cc1,9.200000000000044,20.451683
*CC(*)(C)c1ccc2ccccc2n1,193.0,204.27695
*c1ccc(OCC(O)COC(=O)/C=C/C(=O)Oc2ccc(C(*)(C)C)cc2)cc1,32.0,75.38725
*OCCCCC(=O)NNC(=O)c1ccc(C(=O)NNC(=O)CCCCOc2ccc(*)cc2C)cc1,150.0,68.654755
*c1ccc(Oc2ccc(C(=O)c3ccc(C(c4ccc(C(=O)c5ccc(Oc6ccc(C(*)(C)C)cc6)cc5)cc4)(C(F)(F)F)C(F)(F)F)cc3)cc2)cc1,181.0,187.92126
*c1ccc(Oc2ccc(N3C(=O)CC(C)(SCCOCCSC4(C)CC(=O)N(c5ccc(Oc6ccc(N7C(=O)C(C)C(SCCOCCSC8C(=O)N(*)C(=O)C8C)C7=O)cc6)cc5)C4=O)C3=O)cc2)cc1,145.0,147.53616
*c1ccc(N2C(=O)c3ccc(Oc4cccc5c(Oc6ccc7c(c6)C(=O)N(c6ccc(C(C)(C)c8ccc(C(*)(C)C)cc8)cc6)C7=O)cccc45)cc3C2=O)cc1,253.0,261.80545
*CC(*)(C)C(=O)OCCCCCCCCCCCOc1ccc2cc(C(=O)Oc3ccccc3)ccc2c1,10.0,26.269691
*CC(CC(C)C)S(*)(=O)=O,23.0,83.65491
*Nc1ccc(OCCCCCOc2ccc(NC(=O)c3cccc(C(*)=O)c3)cc2)cc1,155.0,131.71796
*C(=O)NCCCCCCCCCCCCNC(=O)C(OC)C(*)OC,84.0,74.61012
*Nc1ccc(S(=O)(=O)c2ccc(NC(=O)c3ccc4c(c3)C(=O)N(c3cccc(P(=O)(c5ccccc5)c5cccc(N6C(=O)c7ccc(C(*)=O)cc7C6=O)c5)c3)C4=O)cc2)cc1,241.0,241.9292
*Oc1ccc(-c2ccc(OC(=O)c3ccc(C(=O)c4ccc(C(*)=O)cc4)cc3)c(-c3ccccc3)c2)cc1-c1ccccc1,184.5,198.78572
*C(=O)c1ccc(C(c2ccc(C(=O)c3ccc(Sc4ccc(*)cc4)cc3)cc2)(C(F)(F)F)C(F)(F)F)cc1,175.0,180.37053
*C(=O)c1ccc(Oc2ccc(Oc3ccc(C(=O)c4ccc(Oc5ccc(Oc6ccc(*)cc6C(C)C)cc5)c(C(C)C)c4)cc3)cc2)cc1,145.0,140.26859
*O[Si](C)(C)c1ccc2c(c1)C(=O)N(c1ccc(Cc3ccc(N4C(=O)c5ccc([Si](*)(C)C)cc5C4=O)cc3)cc1)C2=O,232.0,181.47864
*c1ccc(-c2cc(CCCCCCOC(=O)COc3ccccc3)c(*)s2)s1,79.0,44.52482
*Nc1ccc(Oc2ccc(NC(=C(C#N)C#N)c3ccc(-c4ccc(C(*)=C(C#N)C#N)cc4)cc3)cc2)cc1,220.0,236.11957
*Oc1ccc2c(c1)C(=O)N(c1ccc(Oc3cccc(-c4cc(-c5ccccc5)cc(-c5cccc(Oc6ccc(N7C(=O)c8ccc(*)cc8C7=O)cc6)c5)n4)c3)cc1)C2=O,224.0,241.47125
*C(=O)c1ccc(Oc2ccc(Oc3ccc(Oc4ccc(*)cc4)cc3)cc2)cc1,150.5,145.26299
*c1cc(C)c(Oc2ccc3c(c2)C(=O)N(c2cccc(N4C(=O)c5ccc(Oc6c(C)cc(*)cc6C)cc5C4=O)c2)C3=O)c(C)c1,295.0,255.99414
*c1ccc2c(c1)C(=O)N(c1ccc(-c3ccc(N4C(=O)c5ccc(C(*)(C(F)(F)F)C(F)(F)F)cc5C4=O)cc3-c3ccc(-c4ccccc4)cc3)c(-c3ccc(-c4ccccc4)cc3)c1)C2=O,285.0,304.02167
*COC(=O)N1CCN(C(=O)OCC(*)(C)C)CC1,70.0,41.358696
*CC(*)c1ccccc1COC,89.0,117.70738
*OC(=O)c1ccc(Cc2ccc(C(*)=O)cc2)cc1,122.0,113.2804
*O[Si](*)(C)C1CC2CC1CC2OC(=O)OC(C)(C)C,60.0,30.707687
*CC(*)OC(=O)C(C)(C)C(C)(C)CC,90.0,17.341766
*CC(*)c1ccc(C(C)(O)CCCCC)cc1,100.0,85.82328
*c1cc(OC)c(OC(=O)CCCCCCCCC(=O)Oc2c(OC)cc(*)cc2OC)c(OC)c1,94.0,58.727814
*CC(*)C(=O)OCCOC(F)(F)C(F)F,-21.99999999999997,-24.057861
*OCCOCCOC(=O)Oc1cccc(N(c2ccccc2)c2ccc(-c3ccc(N(c4ccccc4)c4cccc(OC(*)=O)c4)cc3)cc2)c1,113.0,111.71245
*Nc1ccc(C(c2ccc(NC(=O)c3ccc(-c4ccc(C(*)=O)cc4)cc3)cc2)(P2(=O)Oc3ccccc3-c3ccccc32)P2(=O)Oc3ccccc3-c3ccccc32)cc1,251.0,232.19199
*C(=O)Oc1ccc(Cc2ccc(OC(=O)c3cc(*)cc(OCCCCC)c3)cc2)cc1,110.0,102.85327
*c1c(C)cc(C)c(N2C(=O)c3ccc(Oc4ccc(Oc5ccc6c(c5)C(=O)N(*)C6=O)cc4)cc3C2=O)c1C,345.0,257.0997
*C(=O)OCCOC(=O)c1cc(*)cc(C(C)(C)C)c1,94.0,82.37443
*OC1C(CO)OC(*)C(O)C1O,332.0,157.7548
*CC(*)Cc1cccc(C)c1,40.0,62.361366
*NCCCCCCCNC(=O)c1ccc(C(*)=O)cc1,160.0,111.98366
*c1ccc(OCC(O)COc2ccc(C3CCCC(*)(CC)C3)cc2)cc1,140.0,109.25159
*c1cc(C(C)C)c(N2C(=O)c3ccc(C(c4ccc5c(c4)C(=O)N(c4c(C(C)C)cc(C(*)(c6ccccc6)C(F)(F)F)cc4C(C)C)C5=O)(C(F)(F)F)C(F)(F)F)cc3C2=O)c(C(C)C)c1,274.0,289.7567
*c1ccc(Oc2ccc3c4c2cccc4c(=O)n2c4ccc(Oc5ccc6nc7c8cccc9c(Oc%10ccc(C(*)(C)C)cc%10)ccc(c(=O)n7c6c5)c98)cc4nc32)cc1,334.0,273.55716
*Cc1ccc(NC(=O)CCCCC(=O)NC(*)(C)C)cc1,130.0,103.017944
*CC(O)CN(*)c1cc(C)c(/N=N/c2ccc([N+](=O)[O-])cc2)c(C)c1,152.0,141.9316
*C(C)C(*)C(=O)OCCC,116.0,18.97406
*CCCCCCCCCCCCCCC(=O)NCCCCCCCCCCCCNC(*)=O,46.0,60.898674
*Nc1ccc(Oc2cccc3c(NC(=O)c4ccc5c(c4)C(=O)N(c4ccc(Oc6cccc7c(N8C(=O)c9ccc(C(*)=O)cc9C8=O)cccc67)cc4)C5=O)cccc23)cc1,276.0,267.87994
*Nc1cc(NC(=O)c2ccc(C(*)=O)cc2)cc(-c2nc3ccccc3oc2=O)c1,103.0,246.46736
*c1ccc(-c2sc(-c3cc(SCCCC)c(*)s3)cc2SCCCC)cc1,129.0,97.212975
*NCCCCCCCCNC(=O)c1ccc(C(*)=O)cc1Sc1ccccc1,110.0,96.05508
*N=P(*)(Oc1ccc2ccccc2c1)Oc1ccc2ccccc2c1,47.0,82.10009
*Nc1ccc(Oc2ccc(NC(=O)c3ccc(P(=O)(c4ccccc4)c4ccc(C(*)=O)cc4)cc3)cc2)cc1,254.0,226.19911
*c1ccc(OCCCCCCCCOc2ccc(C(*)(C)C)cc2)cc1,19.600000000000023,34.686127
*CCCCCCCCC(=O)NC(Cc1ccccc1)C(=O)OC1COC2C(OC(=O)C(Cc3ccccc3)NC(*)=O)COC12,74.0,101.33497
*C(=O)Nc1ccc(Cc2ccc(NC(=O)c3cc(*)cc(NC(=O)CCN4C(=O)c5ccccc5C4=O)c3)cc2)cc1,235.0,219.0766
*CCCCCC(=O)NCCCCCCCNC(*)=O,55.0,75.301865
*NC(=O)c1ccc(NC(=O)CCCCCCCCCCCCC(=O)Nc2ccc(C(=O)Nc3ccc(*)cc3C(=O)OCCCCCCCCCCCCCCCCCC)cc2)cc1,191.0,94.83459
*CC(CC)C(=O)NCCCCCCNC(=O)C(*)CC,94.0,64.94787
*c1ccc(OC2(F)C(F)(F)C(F)(F)C2(F)Oc2ccc(C(*)(C)C)cc2)cc1,98.0,157.39989
*c1ccc(Oc2ccc(P(=O)(c3ccccc3)c3ccc(Oc4ccc(P(*)(C)=O)cc4)cc3)cc2)cc1,238.0,161.00157
*CC(*)OC(=O)CC(C)(C)c1ccccc1,20.0,51.179565
*C(=O)c1ccc2c(c1)C(=O)N(c1ccc(Oc3ccc(N4C(=O)c5ccc(C(=O)c6cc(*)cc(C(C)(C)C)c6)cc5C4=O)cc3)cc1)C2=O,252.5,268.47342
*/C=C/*,-4.0,-56.999573
*OCCOC(=O)c1ccc2c(c1)C(=O)N(c1ccc(C(*)=O)cc1)C2=O,280.0,157.024
*Oc1ccc(C2(c3ccc(OC(=O)c4cccc(C(*)=O)c4)cc3)CCC3CCCCC3C2)cc1,248.0,197.17722
*Nc1ccc(Oc2ccc(C3(c4ccc(Oc5ccc(NC(=O)c6ccc7c(c6)C(=O)N(c6ccc(N8C(=O)c9ccc(C(*)=O)cc9C8=O)cc6)C7=O)cc5)cc4)NC(=O)c4ccccc43)cc2)cc1,322.0,265.83636
*c1nc(C)nc(N(CCCCN(*)c2ccccc2)c2ccccc2)n1,85.0,110.10353
*Nc1ccc(Cc2ccc(NC(=O)Oc3ccc(/N=C/CCC/C=N/c4ccc(OC(*)=O)cc4)cc3)cc2)cc1,76.0,127.20611
*c1ccc2c(c1)C(=O)N(c1ccc(OCCCCCCCCCCOc3ccc(N4C(=O)c5ccc(C(*)(C(F)(F)F)C(F)(F)F)cc5C4=O)cc3)cc1)C2=O,143.0,154.94255
*CC(*)c1ccc(C(=O)OCCN(C)C)cc1,91.0,82.2347
*CC(=O)Nc1ccc(-c2ccc(NC(=O)Cc3cc(C)c(*)cc3C)cc2)cc1,171.0,211.32454
*OC(=O)c1cccc(C(=O)Oc2cc(*)cc(CCCCCCCC)c2)c1,50.5,62.25206
*c1ccc(OC(=O)CCCCCCCCC(=O)Oc2ccc(C(*)(C)C)cc2)cc1,14.25,52.368042
*OCCCCCCCCCCCOc1cccc(-c2nnc(-c3ccc(OCCCCCCCCCCCOC(=O)c4cccc(C(*)=O)c4)cc3)s2)c1,39.0,12.569939
*NC(=O)C(Cc1ccccc1)NC(=O)CCCCCCCCC(=O)NC(Cc1ccccc1)C(=O)NC(C(=O)NCC(=O)NCCCOCCOCCOCCCNC(=O)CNC(=O)C(*)C(C)C)C(C)C,58.0,52.4785
*OCCCCCCCCCCOC(=O)c1ccc(-c2ccc(-c3ccc(C(*)=O)cc3)cc2)cc1,50.0,70.45976
*Oc1ccc2c(c1)C(=O)N(CC1CC3CC1C1CCC(CN4C(=O)c5ccc(*)cc5C4=O)C31)C2=O,201.0,258.2213
*N=P(*)(Oc1cccc(C(F)(F)F)c1)Oc1cccc(C(F)(F)F)c1,-34.99999999999997,-7.0169373
*CC(*)(C)C(=O)OCCN(C)c1ccc(/N=N/c2ccc(/N=N/c3ccc(C#N)cc3)cc2C)cc1,120.0,129.50922
*C(=O)c1ccc(N(*)CCCCCCC)cc1,45.900000000000034,86.40735
*CC(*)C(=O)Nc1ccc(Cl)cc1,76.0,161.3959
*C1C(=O)N(C2CCCCC2)C(=O)C1*,232.0,204.9878
*C(=O)c1ccc(C(=O)c2ccc(Oc3ccc(C4(c5ccc(Oc6ccc(*)cc6)cc5)c5ccccc5-c5ccccc54)cc3)cc2)cc1,243.0,249.66223
*c1ccc(CNC(=O)OCc2ccc(COC(=O)NCc3ccc(C(*)(C)C)o3)o2)o1,55.0,59.733696
*Nc1ccc(NC(=O)c2cccc(C(=O)c3ccc(C(*)=O)cc3)c2)cc1,257.5,237.37874
*C(=O)c1ccc(NC(=O)c2ccc(C(=O)Nc3ccc(C(=O)c4c(C)c(C)c(*)c(C)c4C)cc3)cc2)cc1,345.0,261.94873
*c1cc(C)c(OC(=O)c2ccc(N3C(=O)CC(Nc4cccc(NC5CC(=O)N(c6ccc(C(=O)Oc7c(C)cc(C(*)c8cccnc8)cc7C)cc6)C5=O)c4)C3=O)cc2)c(C)c1,194.0,240.17169
*c1ccc(-c2ccc([Si](CCCC)(CCCC)[Si](*)(CCCC)CCCC)s2)s1,-19.99999999999997,14.27597
*C(=O)c1ccc(N2C(=O)c3ccc(C(=O)c4ccc5c(c4)C(=O)N(c4cccc(Cc6ccc(*)cc6)c4)C5=O)cc3C2=O)cc1,254.0,264.36624
*C(CC1C(=O)OC(=O)C1*)OC1CCCCC1,201.0,132.08344
*CCC1C(=O)N(C)C(=O)C1*,141.20000000000005,171.46191
*CC(*)C(=O)OCC(CC)CCCC,-57.07499999999999,-32.477875
*Nc1ccc(Cc2ccc(NC(=O)OCCCCOC(*)=O)cc2)cc1,109.0,105.69583
*Nc1ccc(Oc2ccc(C(c3ccc(Oc4ccc(NC(=O)c5cc(C(*)=O)cc([N+](=O)[O-])c5)cc4)cc3)(C(F)(F)F)C(F)(F)F)cc2)cc1,232.0,245.1513
*Nc1ccc2c(c1)-c1cc(NC(=O)c3ccc4c(c3)C(=O)N(c3cccc(P(=O)(c5ccccc5)c5cccc(N6C(=O)c7ccc(C(*)=O)cc7C6=O)c5)c3)C4=O)ccc1C2,248.0,272.4272
*c1ccc(Oc2ccc(C(=O)Nc3cccc(Oc4ccc(NC(=O)c5ccc(Oc6ccc(C(C)(C)c7cccc(C(*)(C)C)c7)cc6)cc5)cc4)c3)cc2)cc1,147.0,197.14029
*Oc1ccc(C(=O)c2ccc(C(=O)c3ccc(Oc4ccc(*)cc4-c4cccc(C)c4)cc3)cc2)cc1,159.0,163.95164
*C=Cc1cccc(/C=C/[Si](C)(CCC(F)(F)F)c2cccc([Si](*)(C)CCC(F)(F)F)c2)c1,9.5,24.492775
*C(=O)c1ccc2c(c1)C(=O)N(c1cccc(Cc3ccc(Cc4cccc(N5C(=O)c6ccc(*)cc6C5=O)c4)cc3)c1)C2=O,240.0,259.20123
*CCC(C)C(*)C,-25.99999999999997,-7.0441437
*CC(*)(C)C(=O)OCCCCCCCOc1ccc2cc(C(=O)Oc3ccccc3)ccc2c1,40.0,46.954666
*C(=O)NC(=O)Oc1ccc(C(C)(C)c2ccc(OC(=O)NC(=O)c3cc(*)cc(C(C)(C)C)c3)cc2)cc1,123.5,190.81247
*c1ccc(Oc2ccc(C(=O)Oc3ccc(C45CC6CC(CC(C6)C4)C5)c(OC(=O)c4ccc(Oc5ccc(C6(*)CCC(C(C)(C)C)CC6)cc5)cc4)c3)cc2)cc1,180.0,197.27878
*c1ccc(OC(=S)Oc2ccc(C(*)C)cc2)cc1,107.0,84.89375
*=Cc1ccc(Oc2ccc(S(=O)(=O)c3ccc(Oc4ccc(C5(c6ccc(Oc7ccc(S(=O)(=O)c8ccc(Oc9ccc(/C=C%10\CCC(=*)C%10=O)cc9)cc8)cc7)cc6)CCCC5)cc4)cc3)cc2)cc1,240.0,167.7233
*=C(C#N)c1ccc(C(=O)OCCC2CCN(C(=*)c3ccc(OC)cc3)CC2)cc1,167.0,132.32954
*CC(*)(C)C(=O)OC1CCCC1,75.0,96.25127
*Nc1ccc(Oc2ccc(Nc3ccc4c(c3)c3cc(*)ccc3n4CC(CC)CCCC)cc2)cc1,220.0,200.98322
*c1ccc(OC(=O)CCCCCCCCC(=O)Oc2ccc(C(*)(CC)c3ccccc3)cc2)cc1,88.0,67.63863
*CC(*)c1ccc(C)c(C)c1,110.85000000000002,145.88411
*Oc1ccc(OC(=O)c2ccc(C(*)=O)cc2Sc2ccc3ccccc3c2)cc1,148.0,157.54428
*Oc1ccc(C=Cc2ccc(Oc3ccc(-c4nnc(-c5ccc(*)c6ccccc56)o4)c4ccccc34)c3ccccc23)cc1,241.0,250.42712
*OC(=O)c1ccc(OCCCCOc2ccc(C(*)=O)cc2)cc1,45.0,64.0124
*c1ccc(NC(=O)c2cccc(C(=O)Nc3ccc(C(*)(C)C)cc3)c2)cc1,279.0,235.56839
*CC(C)(C)C1C(=O)N(CCCC)C(=O)C1*,80.0,147.08737
*COC(=O)OC(*)COCCOC,-49.99999999999997,-53.39824
*Cc1ccc(C(=O)NCCCCCNC(*)=O)cc1,103.0,101.023575
*c1ccc2c(c1)C(=O)N(c1ccc(OCCCCCCOc3ccc(N4C(=O)c5ccc(C(*)(C(F)(F)F)C(F)(F)F)cc5C4=O)cc3)cc1)C2=O,167.0,192.16534
*CC(*)OC(=O)c1cccnc1,86.5,32.690796
*O[Si](O[Si](C)(C)c1ccc([Si](*)(C)C)cc1)(c1ccccc1)c1ccccc1,0.0,67.43533
*Nc1ccc(-c2c(-c3ccc(-c4ccccc4)cc3)cc(-c3ccc(OCCCCCCCCCCOc4ccc(-c5cc(-c6ccc(-c7ccccc7)cc6)c(-c6ccc(NC(=O)c7ccc(C(*)=O)cc7)cc6)c(-c6ccc(-c7ccccc7)cc6)c5)cc4)cc3)cc2-c2ccc(-c3ccccc3)cc2)cc1,111.0,222.87057
*c1cc(C)c(OC(=O)CCCCC(=O)Oc2c(C)cc(*)cc2C)c(C)c1,108.0,84.31425
*NC(=O)CCCCCCCCC(=O)Nc1cc([N+](=O)[O-])c(*)cc1/C=C/c1ccc(N(C)C)cc1,159.0,136.24648
*CCCN1C(=O)c2ccc(-c3ccc4c(c3)C(=O)N(CCC[Si](C)(C)O[Si](*)(C)C)C4=O)cc2C1=O,75.0,102.97017
*c1ccc2c(c1)C(=O)N(c1ccc(-c3ccc(N4C(=O)c5ccc(*)cc5C4=O)cc3C(F)(F)F)c(C(F)(F)F)c1)C2=O,323.75,298.3739
*N=Cc1ccc(-c2ccc(-c3ccc(/C=N/c4cccc(*)c4)cc3)s2)cc1,150.0,195.75107
*c1ccc(Oc2ccc(S(=O)(=O)c3ccc(Oc4ccc(C(*)(C)C)cc4)c([N+](=O)[O-])c3)cc2[N+](=O)[O-])cc1,206.0,180.63585
