smiles,tg_true,tg_pred
*CC(*)c1ccc(C(=O)N2CCCCC2)cc1,114.0,168.10666
*OC(=O)c1ccc(Oc2ccc(C3(c4ccc(Oc5ccc(C(=O)Oc6ccc(-c7ccc(*)cc7C)c(C)c6)cc5)cc4)CCC(C(C)(C)C)CC3)cc2)cc1,163.0,159.91783
*c1ccc(Oc2ccc(S(=O)(=O)c3ccc(Oc4ccc(-c5c6c(c(*)c7ccccc57)C(=O)N(c5ccc(F)cc5)C6=O)cc4)cc3)cc2)cc1,300.0,294.95367
*c1ccc(-c2ccc(-c3sc(-c4ccc([Si](CCCC)(CCCC)c5ccc(-c6cc(CCCCCCCC)c(*)s6)s5)s4)cc3CCCCCCCC)s2)s1,-1.0,3.3386688
*CC(*)C(=O)c1ccc(Br)c(OC)c1,44.0,33.63453
*C#Cc1ccc(-c2nnc(-c3ccc(C#Cc4cc(OCCCCCCCC)c(*)cc4OCCCCCCCC)cc3)o2)cc1,130.0,110.265274
*OC1COC2C(OC(=O)c3cccc(OCCCCCCCCCCOc4cccc(C(*)=O)c4)c3)COC12,30.0,39.278282
*CC(*)OC(=O)CCCC1CCCCC1,-10.0,1.9835663
*c1ccc(C)c(N2C(=O)c3ccc(S(=O)(=O)c4ccc5c(c4)C(=O)N(*)C5=O)cc3C2=O)c1,348.0,358.2198
*CC(*)C(=O)OCC(C)O,-7.0,9.1949005
*NNC(=O)c1ccccc1C(=O)Nc1cccc(C=C2CCCC(=Cc3cccc(NC(=O)c4ccccc4C(*)=O)c3)C2=O)c1,195.0,199.35062
*CC(*)c1cc(OC)c(O)c(OC)c1,147.0,149.05167
*=Cc1ccc(N(c2ccccc2)c2ccc(C=C(c3ccc(OC)cc3)c3ccc(C(=*)c4ccc(OC)cc4)cc3)cc2)cc1,197.0,178.0763
*C(=O)c1ccc(Oc2ccc(-c3nc4ccccc4n3-c3ccc(-n4c(-c5ccc(Oc6ccc(*)cc6)cc5)nc5ccccc54)cc3)cc2)cc1,242.0,225.93767
*=Nc1cccc(Oc2cccc(Oc3cccc(N=C4OC(=O)c5ccc(C(=O)c6ccc7c(c6)C(=*)OC7=O)cc54)c3)c2)c1,190.0,183.93181
*Nc1cc(NC(=O)Nc2cccc3c(NC(*)=O)cccc23)cc(C(=O)Nc2ccc3c(c2)C(=O)c2ccccc2C3=O)c1,178.0,188.36003
*C(=O)NCc1cccc(CNC(=O)c2cc(*)cc(C(C)(C)C)c2)c1,192.0,205.6744
*CC(*)c1ccc(COCCC(F)(F)C(F)(F)C(F)(F)C(F)(F)C(F)(F)C(F)(F)F)cc1,18.0,40.84104
*C(F)(F)C(*)(OC(F)(F)F)OC(F)(F)F,-59.99999999999997,18.742432
*Nc1ccc(-c2cc(-c3ccccc3)cc(-c3ccc(NC(=O)c4ccc5c(c4)C(=O)N(c4ccc(Oc6cccc7c(N8C(=O)c9ccc(C(*)=O)cc9C8=O)cccc67)cc4)C5=O)cc3)n2)cc1,295.0,260.71082
*Nc1ccc(Oc2ccc(C3(c4ccc(Oc5ccc(NC(=O)c6ccc(C(*)=O)c7ccccc67)cc5)cc4)C4CC5CC(C4)CC3C5)cc2)cc1,269.0,300.5924
*CC(*)C(=O)Oc1ccc(C(=O)c2ccc(Cl)cc2)cc1,78.0,116.12985
*O[Si](*)(C)C=C,-128.99999999999997,-111.863434
*CCNC(=O)c1ccc(C(=O)NCC(C)CC(*)CC)cc1,139.0,154.5885
*[Si](*)(C)CCCOCC1COC(C)(C)O1,-47.99999999999997,-16.126648
*Nc1ccc(C2(c3ccc(NC(=O)c4ccc5c(c4)C(=O)N(c4ccc(Oc6cccc(Oc7ccc(N8C(=O)c9ccc(C(*)=O)cc9C8=O)cc7)c6)cc4)C5=O)cc3)c3ccccc3-c3ccccc32)cc1,278.0,281.01947
*CCCN1C(=O)CC(*)CC1=O,90.0,133.32155
*c1ccc(Oc2cccc3c2C(=O)N(c2ccc(Oc4cccc(Oc5ccc(N6C(=O)c7cccc(Oc8cccc(C(*)(C)C)c8)c7C6=O)cc5)c4)cc2)C3=O)cc1,202.0,203.47571
*CC(*)(C)C(=O)OCCOc1ccc(-c2ccc(-c3ccc(C#N)cc3)cc2)cc1,115.0,120.5715
*C(=O)c1ccc(C(=O)O)c(C(=O)Nc2ccc(NC(=O)c3cc(*)ccc3C(=O)O)cc2)c1,213.20000000000005,221.08078
*CN(CC(*)O)c1ccc(/N=N/c2ccc(Cl)cc2)cc1,160.0,152.65126
*CCC(=O)OCCOC(*)=O,-8.625,-21.116226
*c1cccc(Oc2cccc(Oc3cccc(N4C(=O)c5c(c(-c6ccccc6)c(-c6ccc(-c7c(-c8ccccc8)c8c(c(-c9ccccc9)c7-c7ccccc7)C(=O)N(*)C8=O)cc6)c(-c6ccccc6)c5-c5ccccc5)C4=O)c3)c2)c1,280.0,315.5326
*CCOc1ccc(-c2nc3ccc(Oc4ccc5nc(-c6ccc(OCCN(*)c7ccc(/C=C/c8ccc([N+](=O)[O-])cc8)cc7)cc6)c(-c6ccccc6)nc5c4)cc3nc2-c2ccccc2)cc1,201.0,184.30092
*CC(*)(CC(=O)OCCCCCCCCC)C(=O)OCCCCCCCCC,-13.0,-53.936768
*CC(*)Cl,78.42500000000001,-60.909378
*c1ccc(C(=O)Oc2cccc(OC(=O)c3ccc(C(*)(C)C)cc3)c2)cc1,158.0,125.251144
*CC(*)(C)C(=O)OCCCCCC(=O)Oc1ccc(OC(=O)c2ccc(OCCC)cc2)cc1,45.0,36.30374
*CC(*)C(=O)OCCC#N,4.0,-18.80931
*CCC1(CCC(=O)N2CCN(C(*)=O)CC2)c2ccccc2-c2ccccc21,145.0,167.66995
*=C1C(=O)N(CC(CCCCCCCC)CCCCCCCCCC)c2cc(-c3ccc(-c4ccc(-c5ccc6c(c5)N(CC(CCCCCCCC)CCCCCCCCCC)C(=O)C6=*)s4)s3)ccc21,65.0,78.821655
*C(=O)c1ccc2c(c1)C(=O)N(c1ccc(Cc3ccccc3N3C(=O)c4ccc(*)cc4C3=O)cc1)C2=O,290.0,291.64984
*CC(*)(C)C(=O)OC1CC2CCC1(C)C2(C)C,180.5,173.75052
*c1ccc(-c2nnc(-c3ccc([Si](*)(c4ccccc4)c4ccccc4)cc3)o2)cc1,262.0,255.8523
*c1ccc(N2C(=O)c3ccc(Oc4ccc5c(c4)C(=O)N(c4ccc(Oc6c(C(C)(C)C)cc(*)cc6C(C)(C)C)cc4)C5=O)cc3C2=O)cc1,342.0,315.13605
*Nc1ccc(Oc2ccc(N3C(=O)c4ccc(Oc5ccc(C(*)=O)cc5)cc4C3=O)cc2)cc1,262.0,249.79195
*CC(*)(C)C(=O)NC(=O)OCCOc1ccc(S(=O)(=O)c2ccc(OCCO)cc2)cc1,131.0,105.65441
*CCCCCCCCCCN1C(=O)c2ccc(C(=O)Oc3ccc(-c4ccc(OC(*)=O)cc4)cc3)cc2C1=O,61.0,68.31861
*Oc1ccc(-n2c(=O)c3cc4c(=O)n(-c5ccc(Oc6ccc(*)cc6C)cc5)c(=O)c4cc3c2=O)cc1,310.0,305.1362
*Oc1ccc(-c2ccc(Oc3cccc4c3C(=O)N(c3cccc(N5C(=O)c6cccc(*)c6C5=O)c3)C4=O)cc2)cc1,275.0,258.46658
*NC(CCC(=O)OCc1ccccc1)C(*)=O,17.0,4.4060516
*CC(*)(C)C(=O)OCCS(=O)(=O)c1ccc(/N=N/c2ccc(N(CC)CC)cc2)cc1,142.0,156.53807
*c1ccc(C(=O)c2ccc(Sc3ccc(C(=O)c4ccc(C(*)(C)C)cc4)cc3)cc2)cc1,175.0,172.81523
*CC(*)c1ccc(-c2ccccc2)cc1,137.85000000000002,139.81357
*NC(=O)c1ccc2c(c1)C(=O)N(C1CC(=O)N(c3cc(C)ccc3*)C1=O)C2=O,237.0,306.55835
*c1ccc2c(c1)C(=O)N(C1CCC(CC3CCC(N4C(=O)c5ccc(C(*)(C(F)(F)F)C(F)(F)F)cc5C4=O)CC3)CC1)C2=O,265.0,254.7421
*CC1C(=O)OC(=O)C1C(*)OCC,146.0,162.61224
*CC(*)C(=O)OCCCCOc1ccc(-c2ccc(C#N)cc2)cc1,30.0,32.18299
*N=P(*)(OCC1COCCOCCOCCOCCOCCO1)OCC1COCCOCCOCCOCCOCCO1,-39.99999999999997,-28.7099
*=Cc1ccc(OCCCCCCOc2ccc(/C=C3\CCCC(=*)C3=O)cc2)cc1,116.0,84.69356
*Oc1ccc2c(c1)C(=O)N(c1cccc(P(=O)(c3ccc(C(F)(F)F)cc3)c3cccc(N4C(=O)c5ccc(*)cc5C4=O)c3)c1)C2=O,248.0,258.10522
*COC(=O)OCC(OC(=O)Oc1ccc(C(=O)OC)cc1)C(*)OC(=O)Oc1ccc(C(=O)OC)cc1,90.90000000000003,53.68949
*OCCOCCOC(=O)c1ccccc1C(*)=O,-49.99999999999997,8.903961
*c1cccc(Oc2ccc(C(c3ccc(Oc4cccc(-n5c(=O)c6cc7c(=O)n(*)c(=O)c7cc6c5=O)c4)cc3)(C(F)(F)F)C(F)(F)F)cc2)c1,226.5,238.53185
*c1ccc2c(c1)C(=O)N(c1ccc(Cc3ccc(N4C(=O)c5ccc([Si](*)(C)C)cc5C4=O)cc3)cc1)C2=O,280.0,302.28226
*CC(*)c1ccccc1COCCCC,67.0,68.06267
*NCC1CCC(CNC(=O)c2cccc(C(*)=O)c2)CC1,208.0,207.04192
*c1ccc(NC2CC(=O)N(c3ccc(-c4sc(-c5ccc(N6C(=O)CC(Nc7ccc(-c8nc(C#N)c(C#N)nc8*)cc7)C6=O)cc5)c(-c5ccccc5)c4-c4ccccc4)cc3)C2=O)cc1,231.0,270.68597
*c1ccc(OC(=O)c2ccc(S(=O)(=O)c3ccc(C(=O)Oc4ccc(C(*)(C)C)cc4)cc3)cc2)cc1,220.0,216.9435
*CC(CC(*)(C#N)C#N)c1ccc(F)cc1,180.0,168.10876
*NCCCCCCCCCCCCNC(=O)c1ccc(-c2nc3ccccc3nc2-c2ccc(C(*)=O)cc2)cc1,154.0,160.77116
*CC(*)C(=O)OCC1(CC)COC(c2ccccc2)OC1,50.0,82.57141
*Oc1cccc2c1C(=O)N(c1ccc(Oc3ccc(Oc4ccc(N5C(=O)c6ccc(*)cc6C5=O)cc4)cc3)cc1)C2=O,249.0,248.58856
*Nc1ccc(-c2ccc(NC(=O)c3ccc4c(c3)C(=O)N(c3cccc(P(=O)(c5ccccc5)c5cccc(N6C(=O)c7ccc(C(*)=O)cc7C6=O)c5)c3)C4=O)cc2)cc1,253.0,255.13417
*CCc1c(Cl)cc(*)cc1Cl,110.0,144.10634
*OCCN(CCOC(=O)c1cc(OC2CCN(c3ccc(S(=O)(=O)C(F)(F)C(F)(F)C(F)(F)C(F)(F)C(F)(F)C(F)(F)C(F)(F)C(F)(F)F)cc3)CC2)cc(C(*)=O)c1)c1ccc(S(=O)(=O)C(F)(F)C(F)(F)C(F)(F)C(F)(F)C(F)(F)C(F)(F)C(F)(F)C(F)(F)F)cc1,99.0,107.33944
*OCCCCCCCCCCOC(=O)OCCCCCCOc1ccc(Oc2ccc(OCCCCCCOC(*)=O)cc2)cc1,-21.99999999999997,-15.386505
*CC(*)(C)C(=O)OCCOC,24.0,62.526497
*CC(*)OCCCCCCCCCCCOc1ccc(C(=O)Oc2ccc(C#N)cc2)cc1,37.0,15.688217
*Nc1ccc(S(=O)(=O)c2ccc(NC(=O)c3ccc(Oc4nc(Oc5ccc(C(*)=O)cc5)nc(Sc5ccccc5)n4)cc3)cc2)cc1,310.0,290.82495
*O[Si](C)(C)c1cccc(C(F)(F)C(F)(F)C(F)(F)c2cccc([Si](*)(C)C)c2)c1,-8.0,-24.502747
*CCC1C(=O)N(CCCCCCCCCCCCCCCCCC)C(=O)C1*,67.10000000000002,32.11199
*c1ccc(Oc2ccc(S(=O)(=O)c3ccc(Oc4ccc(C(*)(C)C)cc4)cc3)cc2)cc1,186.0,211.12088
*c1cc(-n2c(=O)c3cc4c(=O)n(*)c(=O)c4cc3c2=O)c(O)cc1O,362.0,335.4719
*CCCCCCCCC(=O)OCC#CCOC(*)=O,-26.49999999999997,-22.791962
*Oc1ccc2ccccc2c1-c1c(OC(=O)c2ccc(N3C(=O)c4ccc(C(=O)Oc5ccc6ccccc6c5-c5c(OC(=O)c6ccc7c(c6)C(=O)N(c6ccc(C(*)=O)cc6)C7=O)ccc6ccccc56)cc4C3=O)cc2)ccc2ccccc12,266.5,260.39093
*CC(*)C(=O)N(C)C,114.0,67.12364
*COc1ccc(N2C(=O)c3ccc(C(c4ccc5c(c4)C(=O)N(c4ccc(OC(*)CCC)cc4)C5=O)(C(F)(F)F)C(F)(F)F)cc3C2=O)cc1,204.0,190.65738
*C(=O)OCCCCCCOc1ccc(-n2on2-c2ccc(OCCCCCCOC(=O)C(*)CCCCCCCCCCP(=O)(OCC)OCC)cc2)cc1,9.0,-7.160034
*N=P1(*)Oc2ccccc2-c2ccccc2O1,160.0,212.59213
*C=C(C#N)c1cc(OCCCCCCCCCCCCCCCC)c(C(C#N)=Cc2cc(OCCCCCCCCCCCCCCCC)c(*)cc2OC)cc1OC,190.0,176.20773
*c1ccc(-n2nccc2-c2cccc(-c3ccnn3-c3ccc(S(*)(=O)=O)cc3)c2)cc1,218.0,223.90991
*Oc1ccc(OC(=O)c2ccc(C(*)=O)cc2Oc2ccc(Br)cc2)cc1,108.0,133.99136
*=NP(=NP(=NS(=*)Oc1ccc(-c2ccccc2)cc1)(Oc1ccc(-c2ccccc2)cc1)Oc1ccc(-c2ccccc2)cc1)(Oc1ccc(-c2ccccc2)cc1)Oc1ccc(-c2ccccc2)cc1,69.0,78.159874
*CCC(F)(F)CC[Si](C)(CCC(F)(F)F)O[Si](*)(C)CCC(F)(F)F,-37.99999999999997,-34.98033
*CC(*)(C)C(=O)OCCCCCCCCCC,-63.82499999999999,-27.845795
*c1cc(C)c(O[Si](C)(C)CC[Si](C)(C)Oc2c(C)cc(*)cc2C)c(C)c1,55.0,53.71978
*CC(*)(CC(=O)OCCOCCOC)C(=O)OCCOCCOC,-40.49999999999997,-30.300735
*Oc1ccc2cc(OC(=O)c3ccc4c(c3)C(=O)N(CCOCCOCCN3C(=O)c5ccc(C(*)=O)cc5C3=O)C4=O)ccc2c1,105.0,109.836395
*CN1C(=O)c2ccc(C(c3ccc4c(c3)C(=O)N(CC(=O)Nc3ccc(Oc5ccc(-c6ccc(Oc7ccc(NC(*)=O)cc7)cc6)cc5)cc3)C4=O)(C(F)(F)F)C(F)(F)F)cc2C1=O,245.0,235.26266
*c1ccc2c(c1)C(=O)N(c1ccc(N3C(=O)c4ccc(C(*)(C(F)(F)F)C(F)(F)F)cc4C3=O)c(C(F)(F)F)c1)C2=O,366.0,327.45645
*NCCCCCc1nc2cc(-c3ccc4[nH]c(CCCCCNc5nc(*)nc(N(CC)CC)n5)nc4c3)ccc2[nH]1,190.0,144.43178
*c1ccc(CCCCc2ccc(-c3c(-c4ccccc4)cc(-c4ccc(-c5cc(-c6ccccc6)c(*)c(-c6ccccc6)c5-c5ccccc5)cc4)c(-c4ccccc4)c3-c3ccccc3)cc2)cc1,205.0,292.19284
*CC(COc1ccccc1)OC(*)=O,20.0,30.625832
*CC(=O)C(*)c1ccc(C(C)(C)C)cc1,158.0,119.61928
*c1ccc2ncc(-c3ccc(-c4cnc5ccc(S(*)(=O)=O)cc5n4)cc3)nc2c1,342.0,371.1992
*CC1C(=O)OC(=O)C1C(*)OC,153.5,170.96997
*CC(*)(C)C(=O)OCCCCCCCCCCCCOc1ccc2cc(C(=O)Oc3ccccc3)ccc2c1,12.0,20.900955
*Oc1ccc(Oc2ccc3c(c2)C(=O)N(c2ccc(Oc4ccc(S(=O)(=O)c5ccc(Oc6ccc(N7C(=O)c8ccc(*)cc8C7=O)cc6)cc5)cc4)cc2)C3=O)cc1,201.0,233.90779
*c1ccc(Cc2ccc(S(*)(=O)=O)cc2)cc1,227.5,240.62177
*CC(COC)O*,-62.14999999999998,-63.15892
*c1ccc(Oc2ccc(S(=O)(=O)c3ccc(Oc4ccc(C(*)(C)C)cc4)s3)cc2)cc1,161.85000000000002,183.78249
*N=P(*)(N(C)C)N(C)C,-4.0,-12.311432
*CC(*)(C)C(=O)NC(C)c1cccc2ccccc12,171.0,125.227615
*/C=C(/*)CCCOc1ccc(OC(=O)c2ccc(OCCCCCCCC)cc2)cc1,42.0,49.014
*NC(=O)OC1CCN(c2ccc(/C=C/C3=CC(=C(C#N)C#N)C=C(/C=C/c4ccc(N5CCC(OC(=O)Nc6ccc(C)c(*)c6)CC5)s4)O3)s2)CC1,212.0,211.96185
*c1ccc2nc(-c3ccc(-c4nc5ccc(S(*)(=O)=O)cc5nc4-c4ccccc4)cc3)c(-c3ccccc3)nc2c1,345.0,343.5108
*c1ccc(CCCCc2ccc(-c3c(-c4ccccc4)cc(-c4cccc(-c5cc(-c6ccccc6)c(*)c(-c6ccccc6)c5-c5ccccc5)c4)c(-c4ccccc4)c3-c3ccccc3)cc2)cc1,180.0,277.0379
*CC(*)(C)C(=O)OCc1ccc(Cl)c(Cl)c1,34.450000000000045,50.43506
*Nc1cc(NC(=O)c2ccc(C(*)=O)cc2)cc(C(=O)Oc2ccc(-c3ccccc3)cc2)c1,178.0,220.71793
*Oc1ccc(-c2ccc(O[Si](*)(c3ccccc3)c3ccccc3)cc2)cc1,132.25,112.277626
*Oc1ccc(-c2ccc(Oc3c(F)c(F)c(COC(c4cccc(C(OCc5c(F)c(F)c(*)c(F)c5F)(C(F)(F)F)C(F)(F)F)c4)(C(F)(F)F)C(F)(F)F)c(F)c3F)cc2)cc1,110.0,119.237
*Oc1ccc(S(=O)(=O)c2ccc(Oc3cccc4c3C(=O)N(c3ccc(Oc5cccc(Oc6ccc(N7C(=O)c8cccc(*)c8C7=O)cc6)c5)cc3)C4=O)cc2)cc1,230.0,232.76587
*C(=O)c1ccc2c(c1)C(=O)N(c1cc(N3C(=O)c4ccc(*)cc4C3=O)ccc1OCC(F)(F)C(F)(F)C(F)(F)C(F)(F)C(F)(F)C(F)(F)C(F)(F)C(F)(F)C(F)(F)C(F)(F)F)C2=O,194.0,209.43922
*c1ccc(OC(=S)Oc2ccc(C(*)(CC)c3ccccc3)cc2)cc1,173.0,149.36519
*NCCc1ccc(OC(=O)c2cccc(C(=O)Oc3ccc(CCNC(=O)c4cccc(C(*)=O)c4)cc3)c2)cc1,147.0,104.624344
*c1ccc2c(c1)C(=O)N(c1cccc(N3C(=O)c4ccc(-c5ccc6c(c5)C(=O)N(c5cccc(N7C(=O)c8ccc(C(*)(C(F)(F)F)C(F)(F)F)cc8C7=O)c5)C6=O)cc4C3=O)c1)C2=O,308.0,285.78726
*Oc1ccc(C(=O)O)c(C(=O)Nc2ccc(NC(=O)c3cc(*)ccc3C(=O)O)cc2)c1,166.3,214.1012
*c1ccc(N2C(=O)c3ccc(Oc4ccc(C5(c6ccc(Oc7ccc8c(c7)C(=O)N(c7ccc(N(*)c9ccc(C#N)cc9)cc7)C8=O)cc6)CCCCC5)cc4)cc3C2=O)cc1,243.0,252.77074
*C[Si](*)(CCCC)CCCC,-29.99999999999997,-61.957886
*CCC1C(=O)N(CCC)C(=O)C1*,90.40000000000003,55.771973
*CCOC(=O)NCC1(C)CC(NC(=O)OCCN(*)c2ccc(/N=N/c3ccc(B(c4c(C)cc(C)cc4C)c4c(C)cc(C)cc4C)cc3)cc2)CC(C)(C)C1,146.0,127.595215
*C(=O)OCC(COc1ccc(/N=N/c2ccc(C#N)cc2)cc1)OC(=O)c1cc(C)ccc1*,124.0,106.03328
*OC(*)C,-19.49999999999997,-40.951706
*OC(=O)c1cc(OCCCc2ccccc2)c(C(=O)Oc2ccc(*)cc2C)cc1OCCCc1ccccc1,91.0,79.8462
*c1ccc(-c2ccc(-c3cnc4ccc(-c5ccc6ncc(-c7ccc(*)cc7)nc6c5)cc4n3)cc2)cc1,305.0,326.8877
*CCCCCCCCCCCC(=O)NCCCCCCCCCCCCCNC(*)=O,56.5,37.09333
*c1ccc(Oc2ccc(-c3ccc(Oc4ccc(S(=O)(=O)c5ccc(-c6ccc(-c7ccc(S(*)(=O)=O)cc7)cc6)cc5)cc4)cc3)cc2)cc1,264.0,264.94717
*CSCC(*)(CC)CC,-36.24999999999997,3.7146454
*CC(*)(C)C(=O)OCCCCCCOc1cccc(C(=O)Oc2ccc(C#N)cc2)c1,38.0,25.714035
*=CCCCC(=*)c1ccc(Cl)cc1,16.0,44.566986
*Nc1ccc(Cc2ccc(NC(=O)OCc3ccc(COC(*)=O)o3)cc2)cc1,81.0,62.010498
*CC(O)CN(CC(O)CN(*)c1ccc(/N=N/c2ccc([N+](=O)[O-])cc2)cc1)c1ccccc1,70.0,137.21909
*CCCCCn1c(=O)c2cc3c(=O)n(CCCCCC(=O)Oc4ccc(OC(*)=O)cc4Cl)c(=O)c3cc2c1=O,87.0,81.23101
*c1ccc(OCCN(C)c2ccc(/C=C/C3=CC(=C(/C#N)C(=O)OC)/CC(C)(C)C3)cc2)c(N2C(=O)c3ccc(Oc4ccc5c(c4)C(=O)N(c4cc(C(*)(C(F)(F)F)C(F)(F)F)ccc4OCCN(c4ccccc4)c4ccc(/C=C/C6=CC(=C(/C#N)C(=O)OC)/CC(C)(C)C6)cc4)C5=O)cc3C2=O)c1,207.0,214.04022
*COCC(*)(C)COCC(F)(F)C(F)(F)C(F)(F)F,-44.99999999999997,-50.51625
*C=CC1=CC(=C(C#N)C#N)C=C(/C=C/c2sc(-c3ccc(-c4ccc(-c5ccc(-c6sc(*)c(CCCCCC)c6CCCCCC)s5)s4)s3)c(CCCCCC)c2CCCCCC)O1,134.0,105.382095
*C(=O)c1ccc(C(=O)c2ccc(Oc3ccc(-c4nc5ccccc5n4-c4ccc(-c5ccc(-n6c(-c7ccc(Oc8ccc(*)cc8)cc7)nc7ccccc76)cc5)cc4)cc3)cc2)cc1,259.0,234.49573
*c1ccc(-c2ccc(N(*)c3ccc(C)cc3)cc2)cc1,85.0,217.7328
*CC=CC[Si](*)(C)c1ccccc1,-1.0,-35.575455
*COC(=O)c1ccc(C(=O)OC(*)COc2ccc(/N=N/c3ccc(C#N)cc3)cc2)cc1,122.0,108.89197
*c1ccc(Oc2ccc(S(=O)(=O)c3ccc(-c4ccc(S(=O)(=O)c5ccc(Oc6ccc(S(*)(=O)=O)cc6)cc5)cc4)cc3)cc2)cc1,267.0,281.70477
*c1ccc(Oc2ccccc2Oc2ccc(-n3c(=O)c4cc5c(=O)n(*)c(=O)c5cc4c3=O)cc2)cc1,313.0,303.90515
*Cc1ccc(OC(=O)COCC(=O)Oc2ccc(CCC(=O)NC(*)C(=O)OCCCCCC)cc2)cc1,45.0,34.911407
*Sc1ccc(Sc2ccc(Sc3cccc4c3C(=O)N(N3C(=O)c5ccc(*)cc5C3=O)C4=O)cc2)cc1,242.0,259.96918
*Nc1ccc(Cc2ccc(NC(=O)OCc3cocc3COC(*)=O)cc2)cc1,45.0,83.841446
*NCCCCCCNC(=O)OCCCCCCCCOC(*)=O,58.0,63.993637
*c1ccc2c(c1)C(=O)N(C(=S)Nc1ccc(Oc3ccc(NC(=S)N4C(=O)c5ccc(C(*)(C(F)(F)F)C(F)(F)F)cc5C4=O)cc3)cc1)C2=O,260.0,252.30939
*CCCCCCCCC(=O)OCCOC(=O)c1ccc(C(=O)OCCOC(*)=O)cc1,-6.5,-29.54741
*Nc1ccc(Cc2ccc(NC(=O)OCCCOC(*)=O)cc2)cc1,119.0,84.645874
*C(=O)Nc1ccc(NC(=O)c2cc(*)c(C(=O)O)cc2C(=O)O)cc1,283.4,235.46423
*c1ccc(-c2cnc3ccc(-c4ccc5ncc(*)nc5c4)cc3n2)cc1,376.0,376.5445
*c1ccc(OC(=O)CCCCC(=O)Oc2ccc(C(*)(C)C)cc2C)c(C)c1,33.5,61.097595
*c1cc(C(C)(C)c2ccc(O)cc2)cc(*)c1O,135.0,275.34515
*CCCCCC(c1ccc(O)cc1)C(*)c1ccc(O)cc1C,16.0,23.349983
*C=CC1CC(*)CC1(C#N)CCC,108.0,101.763306
*CCCCCN1C(=O)c2ccc(C(=O)c3ccc4c(c3)C(=O)N(CCCCCC(=O)Nc3ccc(NC(*)=O)cc3)C4=O)cc2C1=O,200.0,166.64664
*c1ccc(OCCN(C)c2ccc(/C=C/C3=CC(=C(/C#N)C(=O)OCCc4ccccc4)/CC(C)(C)C3)cc2)c(N2C(=O)c3ccc(Oc4ccc5c(c4)C(=O)N(c4cc(C(*)(C(F)(F)F)C(F)(F)F)ccc4OCCN(c4ccccc4)c4ccc(/C=C/C6=CC(=C(/C#N)C(=O)OCCc7ccccc7)/CC(C)(C)C6)cc4)C5=O)cc3C2=O)c1,177.0,204.26471
*OCCCCCCCCOC(=O)OC1COC2C(OC(*)=O)COC12,19.5,11.539978
*C=Cc1ccc(-c2nnc(-c3ccc(C=Cc4ccc5c(c4)c4cc(*)ccc4n5CCCCCCCC)cc3)n2-c2ccccc2)cc1,147.0,140.92465
*Nc1ccc(Oc2ccc3nc(-c4ccccc4)c(-c4ccc(Oc5ccc(-c6nc7cc(Oc8ccc(NC(=O)c9cc(C(*)=O)cc(N%10C(=O)c%11ccccc%11C%10=O)c9)cc8)ccc7nc6-c6ccccc6)cc5)cc4)nc3c2)cc1,260.0,280.20386
*c1ccc(Oc2ccc(C(=O)c3ccc(C(=O)c4ccc(Oc5ccc(C(*)(C)C)cc5)cc4)cc3)cc2)cc1,160.0,170.17851
*Oc1c(F)c(F)c(-c2c(F)c(F)c(Oc3ccc(*)cc3S(=O)(=O)O)c(F)c2F)c(F)c1F,120.0,246.41461
*Nc1nc(NC(=O)c2ccc3c(c2)C(=O)N(c2ccc(Oc4cccc5c(N6C(=O)c7ccc(C(*)=O)cc7C6=O)cccc45)cc2)C3=O)nc(-c2ccccc2)n1,291.0,280.1355
*CC(*)(C)C(=O)OCCCCCC(=O)Oc1ccc(OC(=O)c2ccc(OCCCCCC)cc2)cc1,44.0,32.707664
*C(=O)c1cccc(C(=O)c2ccc(Oc3ccc(*)cc3C)c(C(C)C)c2)c1,147.0,145.72137
*CCCCCCCCCC(=O)NCc1ccc(CNC(*)=O)cc1,110.0,89.13839
*C(=O)c1ccccc1-n1c(=O)c2cc3c(=O)n(-c4ccc(*)cc4)c(=O)c3cc2c1=O,321.0,314.73816
*OCCOc1ccc(C(*)=O)cc1,84.0,76.29627
*CC(*)c1ccc(C(F)(F)C(F)(F)C(F)(F)C(F)(F)C(F)(F)C(F)(F)C(F)(F)F)cc1,42.0,99.17711
*CC(*)OC(=O)c1cccc(Br)c1,57.5,76.06521
*c1ccc(OCC(O)COc2cccc(NC(=O)Cc3cccc(CC(=O)Nc4cccc(OCC(O)COc5ccc(C(*)(C)C)cc5)c4)c3)c2)cc1,119.0,101.39112
*NCCCCCCCCCCCCNC(=O)c1ccc(C(*)=O)cc1,130.0,126.782265
*CC(c1ccccc1)C1C(=O)N(CCCOc2ccc(-c3ccc(C#N)cc3)cc2)C(=O)C1*,130.0,117.653076
*CCOCOCC*,-83.99999999999997,-65.92839
*c1ccc(C2(c3ccc(-c4cc(-c5ccccc5)c5cc(C6(c7ccc8nc(*)cc(-c9ccccc9)c8c7)c7ccccc7-c7ccccc76)ccc5n4)cc3)c3ccccc3-c3ccccc32)cc1,390.0,406.39178
*Oc1ccc(S(=O)(=O)c2ccc(OP(*)(=O)Oc3ccc(C)cc3)cc2)cc1,66.0,105.35045
*OCC1CCCC(COC(=O)c2ccc(C(*)=O)cc2)C1,75.0,66.786064
*C=Cc1cccc(/C=C/[Si](C)(C)c2cccc([Si](*)(C)C)c2)c1,28.700000000000045,16.353851
*Oc1ccc(C2(c3ccc(Oc4ccc5c(c4)C(=O)N(c4ccc(Oc6ccc(C7(c8ccc(Oc9ccc(N%10C(=O)c%11ccc(*)cc%11C%10=O)cc9)cc8)CC8CCC7C8)cc6)cc4)C5=O)cc3)CCC(c3ccccc3)CC2)cc1,245.0,239.78279
*Oc1ccc(Oc2ccc(Oc3ccc(Oc4ccc(-c5ccc(*)c6ccccc56)c5ccccc45)cc3)cc2)cc1,147.0,204.9203
*OCCCCOc1ccc(-c2ccc(*)c3ccccc23)c2ccccc12,130.0,155.47058
*c1ccc(Oc2ccc(S(=O)(=O)c3ccc(Oc4ccc(C(*)(C)C)cc4[N+](=O)[O-])cc3)cc2)cc1,190.0,216.03946
*Oc1ccc(Sc2ccc(Oc3cccc4c3C(=O)N(c3cccc(N5C(=O)c6cccc(*)c6C5=O)c3)C4=O)cc2)cc1,231.0,256.63904
*NC(=O)Nc1ccc(CCc2ccccc2NC(=O)Nc2cc(*)ccc2C)cc1,227.0,204.5588
*c1ccc(Oc2ccc(S(=O)(=O)c3ccc(Oc4ccc(C(*)C(C)C)cc4)cc3)cc2)cc1,200.0,218.8411
*CC(*)c1ccc(COCCOCC)cc1,0.0,-12.424622
*CC(*)c1ccc(CCCCCCCCCCCC)cc1,-51.99999999999997,-15.821075
*c1ccc(Cc2ccc(N(c3ccc(C)cc3)c3ccc(-c4ccc(N(*)c5ccc(C)cc5)cc4)cc3)cc2)cc1,183.0,175.47823
*Cc1ccc(OC(=O)CCCCC(=O)Oc2ccc(CC(=O)NC(*)C(=O)OCCCCCC)cc2)cc1,36.0,39.618034
*CC(*)c1ccc(O)c(OC)c1,142.0,136.38144
*Oc1ccc(-c2ccc(Oc3ccc4c(c3)C(=O)N(c3ccc(Oc5cccc(Oc6ccc(N7C(=O)c8ccc(*)cc8C7=O)cc6)c5)cc3)C4=O)cc2)cc1,205.0,221.69926
*NC(=O)CCCCC(=O)NC(CCSC)C(=O)OC1COC2C(OC(=O)C(*)CCSC)COC12,71.0,39.5316
*CC(*)(C)C(=O)OCCN(CC)CC,26.0,10.581741
*Oc1ccc2c(c1)C(=O)N(c1cccc(S(=O)(=O)c3cccc(N4C(=O)c5ccc(*)cc5C4=O)c3)c1)C2=O,246.0,261.89716
*CC(OC)C(C)(C(=O)OC)C(*)(C)C(=O)OC,134.0,74.981155
*c1ccc(Oc2ccc3c(c2)C(=O)N(c2ccc(Oc4ccc(S(=O)(=O)c5ccc(Oc6ccc(N7C(=O)c8ccc(Oc9ccc(C(*)(C)C)cc9)cc8C7=O)cc6)cc5)cc4)cc2)C3=O)cc1,200.0,231.42075
*c1cccc(P(=O)(c2cccc(-n3c(=O)c4c(-c5cc(C(F)(F)F)cc(C(F)(F)F)c5)c5c(=O)n(*)c(=O)c5c(-c5cc(C(F)(F)F)cc(C(F)(F)F)c5)c4c3=O)c2)c2cc(C(F)(F)F)cc(C(F)(F)F)c2)c1,293.0,340.92133
*/C=C(/*)c1cccc[c]1[Ge]([CH3])([CH3])[CH3],180.0,174.15712
*c1ccc(N2C(=O)c3ccc(C(c4ccc5c(c4)C(=O)N(c4ccc(*)cc4OCCN(CC)c4ccc(C(C#N)=C(C#N)C#N)cc4)C5=O)(C(F)(F)F)C(F)(F)F)cc3C2=O)c(OCCN(CC)c2ccc(C(C#N)=C(C#N)C#N)cc2)c1,222.0,201.80154
*CCOC(=O)c1cccc(OCC#CC#CCOc2cccc(C(=O)OCCN(*)c3ccc(/N=N/c4ccc(C#N)cc4)cc3)c2)c1,50.0,89.78053
*OCCOC(=O)CCCC(=O)OCCOc1nc(-c2ccc(OCCCC)cc2)nc(*)c1-c1ccc(OC)cc1,46.0,45.016945
*c1nc2ccc(-c3cccc(-c4ccc5[nH]c(S(*)(=O)=O)nc5c4)c3)cc2[nH]1,290.0,341.30283
*CC(*)CCCC,-49.99999999999997,-38.547318
*Oc1ccc(OC(=O)c2ccc(OCCCCCCCCCCCCOc3ccc(C(*)=O)cc3)cc2)c(S(=O)(=O)c2ccccc2)c1,82.70000000000005,90.54574
*OCCN(CCOC(=O)c1ccc2c(c1)C(=O)N(c1cccc(N3C(=O)c4ccc(C(*)=O)cc4C3=O)c1)C2=O)c1ccc(/N=N/c2ccc([N+](=O)[O-])cc2)cc1,210.0,204.70009
*C(*)(F)Cl,77.0,101.046394
*CC(*)C(=O)Oc1ccccc1C(=O)OCC,30.0,46.07876
*Nc1ccc(NC(=O)c2ccc(C(*)=O)cc2)cc1,295.0,319.9104
*CCCCCCCCC(=O)NNC(=O)OCCCCCOC(=O)NNC(*)=O,20.0,33.27984
*C(=O)Nc1ccc(C(c2ccc(NC(=O)c3ccc4c(c3)C(=O)N(c3ccc(*)c(C)c3)C4=O)cc2)(C(F)(F)F)C(F)(F)F)cc1,355.0,283.89365
*CCOC(=O)c1cccc(C(=O)OCCN(*)c2ccc(/N=N/c3ccc(-c4nc5ccc([N+](=O)[O-])cc5n4CC)cc3)cc2)c1,147.0,129.98994
*OCCCCCCCCCOC(=O)c1ccc(-c2ccc(C(*)=O)cc2)cc1,50.5,42.69709
*Oc1c(C)cc(*)cc1C(C)CCCCC,60.0,73.6975
*O[Si](*)(C)CCCCCCCC,-91.99999999999996,-101.162155
*CC(*)C(=O)OCCOCC(F)(F)C(F)(F)C(F)(F)F,-44.99999999999997,-33.389282
*Oc1cccc(Oc2ccc3c(c2)C(=O)N(c2cccc(N4C(=O)c5ccc(*)cc5C4=O)c2)C3=O)c1,224.0,239.0076
*CC(*)(F)C(=O)OCCC(F)(F)C(F)(F)C(F)(F)C(F)(F)C(F)(F)C(F)(F)C(F)(F)C(F)(F)C(F)(F)C(F)(F)F,53.0,88.53129
*=CCS(=O)(=O)CC(=*)C,88.20000000000005,41.913322
*c1ccc(N2C(=O)c3ccc(C(c4ccc5c(c4)C(=O)N(c4ccc(C(*)(C)C)cc4)C5=O)(C(F)(F)F)C(F)(F)F)cc3C2=O)cc1,310.0,306.09775
*Oc1ccc2c(c1)C(=O)N(c1cccc(OCCOc3ccc(N4C(=O)c5ccc(*)cc5C4=O)cc3)c1)C2=O,178.5,206.5073
*C=Cc1ccc(/C=C/c2ccc3c(c2)Sc2cc(*)ccc2N3c2ccc(OCCCCCCCCCCCC)cc2)cc1,167.0,188.35718
*Nc1ccc(Oc2ccc(C(=O)c3ccc(Oc4ccc(NC(=O)c5ccc(C(*)=O)cc5)cc4)cc3)cc2)cc1,160.0,191.6475
*Oc1ccc(Sc2ccc(Oc3ccc4c(c3)C(=O)N(c3cccc(N5C(=O)c6ccc(*)cc6C5=O)c3)C4=O)cc2)cc1,209.0,238.31665
*CC(*)(C)C(=O)Oc1ccccc1,110.0,143.70421
*c1ccc(Oc2ccc(-c3ccc(N4C(=O)c5ccc(Oc6ccc(C(C)(C)c7ccc(Oc8ccc9c(c8)C(=O)N(c8ccc(-c%10ccc(Oc%11ccc%12c(c%11)C(*)(C)CC%12(C)C)c(C(F)(F)F)c%10)cc8)C9=O)cc7)cc6)cc5C4=O)cc3)cc2C(F)(F)F)cc1,241.0,235.17273
*COC(=O)c1ccc(C(=O)OC(*)COc2ccc(/N=N/c3ccc(C#N)cc3)cc2)s1,119.0,111.14754
*c1ccc(Oc2ccc(-n3c(=O)c4cc5c(=O)n(*)c(=O)c5cc4c3=O)cc2)c(-c2ccccc2)c1,329.0,362.2473
*c1ccc(Nc2ccc(C3(c4ccc(Nc5ccc(S(*)(=O)=O)cc5)cc4)c4ccccc4-c4ccccc43)cc2)cc1,221.0,250.9924
*CC(*)C(=O)OCF,15.0,-13.303833
*NC(=O)CCCCC(=O)NC(C(=O)OC1COC2C(OC(=O)C(*)C(C)CC)COC12)C(C)CC,102.0,75.14488
*Cc1cc(C)c(Oc2cccc3c2C(=O)N(c2ccc(Oc4ccc(-c5ccc(Oc6ccc(N7C(=O)c8cccc(Oc9c(C)cc(*)cc9C)c8C7=O)cc6)cc5)cc4)cc2)C3=O)c(C)c1,259.0,260.19452
*c1cc(C(=O)O)cc(N2C(=O)C3CC(C4CC(=O)N(*)C4=O)c4ccccc4C3C2=O)c1,360.0,318.53906
*C(C)C(*)C(=O)OC(C)C,149.0,105.586975
*CC(*)(C)C(=O)OCCCCCCCCCCOc1ccc(/N=N/c2ccc(F)cc2)cc1,49.0,44.381607
*c1ccc2c(c1)C(=O)N(c1ccc(OCC(F)(F)C(F)(F)C(F)(F)C(F)(F)C(F)(F)C(F)(F)C(F)(F)F)c(N3C(=O)c4ccc(*)cc4C3=O)c1)C2=O,250.0,222.70154
*c1ccc(OC(=O)c2cccc(C(=O)Oc3ccc(C4(*)CCC5CCCCC5C4)cc3C)c2)c(C)c1,207.0,246.74416
*OCC(F)(F)C(F)(F)C(F)(F)COC(=O)c1cccc(Oc2cccc(C(*)=O)c2)c1,20.0,37.18306
*CC(*)(C)C(=O)OCCCCCCOc1ccc(C(=O)Oc2ccc(/N=N/c3ccc(I)cc3)c3ccccc23)cc1,40.0,60.692177
*OC(=O)c1ccc(CCCCCc2ccc(C(*)=O)cc2)cc1,42.5,45.26001
*CCCCCC(=O)OCCOCCOC(*)=O,-41.49999999999997,-61.76071
*c1ccc(Oc2ccc(Sc3ccc(Oc4ccc(-c5nc(*)nc(-c6ccccc6)n5)cc4)cc3)cc2)cc1,211.0,230.39886
*c1ccc([Si](c2ccccc2)(c2ccccc2)c2ccc(-c3ccc4c(c3)c3cc(*)ccc3n4CCCCCC#N)cc2)cc1,165.0,214.36603
*Oc1ccc(Sc2ccc(Oc3ccc4c(=O)n5c6cc(Oc7ccc8c(c7)nc7c9ccc(*)c%10cccc(c(=O)n87)c%109)ccc6nc5c5cccc3c45)cc2)cc1,346.0,387.17694
*OC(=O)CCCCCCCC(=O)Oc1cc(OC(=O)c2ccc(OCCCC)cc2)c(*)cc1OC(=O)c1ccc(OCCCC)cc1,38.0,26.177757
*Nc1ccc(C(c2ccc(NC(=O)c3ccc(OC(=O)c4ccc(C(=O)Oc5ccc(C(*)=O)cc5)cc4)cc3)cc2)(C(F)(F)F)C(F)(F)F)cc1,266.0,217.8237
*c1cc(C(=O)NCCCCCC)cc(N2C(=O)c3ccc(-c4ccc5c(c4)C(=O)N(*)C5=O)cc3C2=O)c1,256.9,237.65155
*Nc1ccc(CCc2ccccc2NC(=O)Nc2ccc(Cc3ccc(NC(*)=O)cc3)cc2)cc1,217.0,167.99051
*NC(=O)c1ccc(NC(=O)CCCCCCCCCCC(=O)Nc2ccc(C(=O)Nc3ccc(*)cc3C(=O)OCCCCCCCCCCCCCC)cc2)cc1,199.5,234.70624
*CC(*)C(=O)OCCC,-41.32499999999999,-39.53798
*Cc1cc(C(C)(C)C)cc(*)c1O,50.0,186.92789
*Oc1ccc(C2(c3ccc(OC(=O)c4ccc(C(*)=O)cc4)cc3)c3ccccc3-c3ccccc32)cc1,285.0,312.54016
*NC(=O)OCCN(CCOC(=O)NCC1(C)CC(*)CC(C)(C)C1)c1ccc(C=C(C#N)C#N)cc1,145.0,111.50801
*c1cc(CCOC(=O)NCCCC)c(*)s1,67.5,16.036446
*CNC(=O)OCC(*)C,40.0,28.19593
*c1ccc2c(c1)C(CCCCCCCC)(CCCCCCCC)c1cc(-c3sc(-c4ccc(-c5cc(CCCCCC)c(*)s5)c5nsnc45)cc3CCCCCC)ccc1-2,79.0,106.4025
*Nc1ccc(-c2nnc(-c3ccc(C(*)=O)c(Oc4ccccc4)c3)o2)cc1,235.0,241.26974
*=CCC(F)(F)C(=*)F,-34.99999999999997,-48.362534
*C1CCC2C(=O)N(c3ccc(Oc4cccc(Oc5ccc(N6C(=O)C7CCC(*)CC7C6=O)cc5)c4)cc3)C(=O)C2C1,215.0,230.9772
*CCCCCCCCC(=O)Oc1cccc(-c2nnc(C=Cc3ccc(OC(*)=O)cc3)s2)c1,37.0,33.808563
*c1ccc2c3ccc(-c4ccc(-c5ccc(-c6ccc(*)s6)c6nsnc56)s4)cc3n(C(CCCCCCCC)CCCCCCCC)c2c1,121.0,107.352844
*CC(*)OC(=O)C(F)(F)C(F)(F)C(F)(F)C(F)(F)C(F)(F)C(F)(F)C(F)(F)C(F)(F)C(F)(F)F,-17.99999999999997,43.42077
*Cc1ccc(OC(=O)CCC(=O)Oc2ccc(CCC(=O)NC(*)C(=O)OCCCCCC)cc2)cc1,53.0,40.101395
*c1ccc(N2C(=O)c3ccc4c5c(ccc(c35)C2=O)C(=O)N(c2ccc(Oc3c(C(C)(C)C)cc(*)cc3C(C)(C)C)c(C(F)(F)F)c2)C4=O)cc1,456.0,380.2317
*OCCCCCCCCOC(=O)OCCCCCCOc1ccc(C(=O)c2ccc(OCCCCCCOC(*)=O)cc2)cc1,-7.699999999999989,-12.444794
*CCC(c1ccccc1)[Si](*)(C)C,27.0,67.30892
*c1ccc(NC(=O)c2ccc3c(c2)C(=O)N(c2ccc(C4(*)CCC(C)CC4)cc2)C3=O)cc1,322.0,364.10773
*Cc1ccccc1[Si](*)(C)c1ccccc1,93.8,76.18924
*c1ccc(Oc2cccc3c2C(=O)N(c2cccc(N4C(=O)c5cccc(Oc6ccc(C(*)(C)C)cc6)c5C4=O)c2)C3=O)cc1,227.5,246.86145
*CC(*)(C)C(=O)OCCCCCCCCOc1ccc(C(=O)Oc2ccc(C(=O)/C=C/c3c(C)c4ccccc4n3CCCC)cc2)cc1,69.0,58.973946
*c1ccc(Oc2ccc(S(=O)(=O)c3ccc(Oc4ccc(-c5c6c(c(*)c7ccccc57)C(=O)N(c5ccc(Cl)cc5)C6=O)cc4)cc3)cc2)cc1,280.0,293.0094
*Nc1ccc(Oc2ccc(NC(=O)c3ccc4c(c3)C(=O)N(c3ccc(Oc5ccc(N6C(=O)c7ccc(C(*)=O)cc7C6=O)cc5-c5ccccc5)c(-c5ccccc5)c3)C4=O)cc2-c2ccccc2)c(-c2ccccc2)c1,369.0,309.0431
*Oc1ccc(C2(c3ccc(OC(=O)c4ccc(C(*)=O)cc4)cc3)CCCCC2)cc1,275.0,188.16153
*c1ccc(Oc2ccc(-c3nnc(-c4ccc(Oc5ccc(C(*)(C)C)cc5)cc4)o3)cc2)cc1,180.0,217.0788
*/C(C)=C(/*)[Si](C)(C)CC[Si](C)(C)C,200.0,265.7173
*Nc1ccc(OC2COC3C(Oc4ccc(NC(=O)c5cccc(C(*)=O)c5)cc4)COC23)cc1,218.0,99.26156
*C(=O)c1ccc(Oc2ccc(Oc3ccc(*)cc3S(=O)(=O)O)cc2)c(S(=O)(=O)O)c1,220.0,233.02838
*OCCCCCCOc1ccc(C(=O)c2ccc(OCCCCCCOC(=O)OCCCOC(*)=O)cc2)cc1,16.0,-4.1566925
*CCOC(=O)Nc1ccc(C)c(NC(=O)OCCN(*)c2ccc(/N=N/c3ccc(/N=N/c4cc(OC)c(/N=N/c5ccc([N+](=O)[O-])cc5)cc4OC)c(C)c3)cc2)c1,148.0,173.54881
*C(=O)Nc1ccc(-c2ccc(NC(=O)c3cc(*)cc(NC(=O)c4ccncc4)c3)cc2)cc1,339.0,317.35413
*OCCCCCCOc1ccc(-n2on2-c2ccc(OCCCCCCOC(=O)C(CCCCCCCCCCBr)C(*)=O)cc2)cc1,16.0,5.4055634
*CC(*)C(=O)N1CCCCC1,108.0,135.84204
*CC(*)OC(=O)C=Cc1ccccc1,76.85000000000002,57.967987
*OCCCCCCOC(=O)c1ccc2cc(C(*)=O)ccc2c1,64.0,54.905495
*Oc1ccc(Sc2cccc(Oc3ccc4c(c3)C(=O)N(c3ccc(Oc5ccc(N6C(=O)c7ccc(*)cc7C6=O)cc5)cc3)C4=O)c2)cc1,212.0,210.65442
*C(C)C(*)C(=O)OC12CC3CC(C)(CC(C)(C3)C1)C2,194.5,213.73431
*CCCN(*)C(=O)C(F)(F)C(F)(F)C(F)(F)C(F)(F)C(F)(F)C(F)(F)C(F)(F)F,25.0,79.76338
*Nc1ccc(Oc2ccc3cccc(Oc4ccc(NC(=O)c5ccc(Oc6ccc(C(*)=O)cc6)cc5)cc4)c3c2)cc1,236.0,228.14241
*Nc1ccc(Oc2ccc(C(=O)c3ccc(Oc4ccc(NC(=O)c5ccc(C(*)=O)cn5)cc4)cc3)cc2)cc1,170.0,183.08548
*c1cc(-c2sc(-c3cc(CCCC)c(*)s3)cc2CCCC)c2cccccc1-2,124.0,96.85881
*CC(COCC)O*,-60.99999999999997,-66.72302
*c1ccc(OC(=O)CCCC(=O)Oc2ccc(C3(*)c4cc(OC)ccc4-c4ccc([N+](=O)[O-])cc43)cc2)cc1,197.0,196.22453
*C(=O)c1ccc(Oc2ccc(/C=N/N=C/c3ccc(Oc4ccc(*)cc4)cc3)cc2)cc1,179.0,176.38574
*CCCC(*)(C)C,-19.99999999999997,-27.491241
*OCCCOc1ccc(-c2ccc(*)c3ccccc23)c2ccccc12,182.0,165.32616
*NCCNS(=O)(=O)c1cccc(S(*)(=O)=O)c1,107.0,118.78889
*N=P(*)(OCC(COCCOCCCC)OCCOCCCC)OCC(COCCOCCCC)OCCOCCCC,-85.99999999999997,-74.63924
*CCCCCCCCCCCn1c(=O)c2cc3c(=O)n(CCCCCCCCCCCC(=O)Oc4ccc5cc(OC(*)=O)ccc5c4)c(=O)c3cc2c1=O,62.0,55.675262
*c1ccc2c(c1)C(=O)N(c1cccc(Oc3ccc(P(=O)(c4ccccc4)c4ccc(Oc5cccc(N6C(=O)c7ccc(C(*)(C(F)(F)F)C(F)(F)F)cc7C6=O)c5)cc4)cc3)c1)C2=O,243.0,241.72586
*CCN(*)C(=O)CC12CC3CC(CC(C3)C1)C2,139.0,95.10439
*Oc1ccc(Sc2ccc(Oc3ccc4c(c3)C(=O)N(c3ccc(Oc5ccc(C(c6ccc(Oc7ccc(N8C(=O)c9ccc(*)cc9C8=O)cc7)cc6)(C(F)(F)F)C(F)(F)F)cc5)cc3)C4=O)cc2)cc1,217.5,197.8203
*CCCCCCCCC(*)Cl,-32.99999999999997,-40.259644
*Nc1ccc(NC(=O)Nc2cc(NC(*)=O)cc(C(=O)Nc3ccc4c(c3)C(=O)c3ccccc3C4=O)c2)cc1,184.0,167.6143
*NC(=O)OCCN(CCOC(=O)Nc1cccc(*)c1C)c1ccc(/N=N/c2ccc([N+](=O)[O-])cc2)cc1,147.0,123.847305
*CC(*)(C)C(=O)OCC(CC)CC,10.350000000000025,28.567787
*CC(COCOCC(C)([N+](=O)[O-])[N+](=O)[O-])O*,-15.0,-9.3862915
*c1ccc(OCC(O)COc2cccc(NC(=O)CCCCCC(=O)Nc3cccc(OCC(O)COc4ccc(C(*)(C)C)cc4)c3)c2)cc1,107.0,106.03225
*OCCCCCCCOC(=O)OC1CCC(OC(*)=O)CC1,-5.0,-0.60876465
*Nc1ccc(Oc2ccc(C(c3ccc(Oc4ccc(NC(=O)c5ccc6c(c5)C(=O)N(c5ccc(Oc7ccc8ccc(Oc9ccc(N%10C(=O)c%11ccc(C(*)=O)cc%11C%10=O)cc9)cc8c7)cc5)C6=O)cc4)cc3)(C(F)(F)F)C(F)(F)F)cc2)cc1,250.0,253.89816
*c1c(C)cc(C)c(C(=O)c2cccc(N3C(=O)c4ccc(C(=O)c5ccc6c(c5)C(=O)N(*)C6=O)cc4C3=O)c2)c1C,300.0,319.25513
*CCOC(=O)Oc1ccc(C(C)(C)c2ccc(OC(=O)OCCN(*)c3ccc(OC)cc3)cc2)cc1,60.0,44.629936
*c1ccc(OCC(O)COC(=O)C2CCC(C(=O)OCC(O)COc3ccc(C(*)(C)C)cc3)CC2)cc1,70.0,58.683174
*c1ccc2c(c1)C(=O)N(c1cc(C(c3ccc(OC(=O)C45CC6CC(CC(C6)C4)C5)c(N4C(=O)c5ccc(C(*)(C(F)(F)F)C(F)(F)F)cc5C4=O)c3)(C(F)(F)F)C(F)(F)F)ccc1OC(=O)C13CC4CC(CC(C4)C1)C3)C2=O,305.0,283.8556
*c1ccc(OC(=O)c2ccc(C(=O)Oc3ccc(C4(*)CCC5CCCCC5C4)cc3C)cc2)c(C)c1,247.0,263.78574
*c1ccc(OC(=S)Oc2ccc(C(*)CC)cc2)cc1,104.0,131.61569
*CCCCCCN(C)C(=O)CCC(=O)N(*)C,7.5,-0.40396118
*c1ccc(OCC(COc2ccc(C(*)(C)C)cc2)OC(=O)/C=C/c2ccccc2)cc1,100.60000000000002,105.98135
*c1ccc(N2C(=O)c3ccc(-c4ccc5c(c4)C(=O)N(c4ccc(Oc6c(C(C)(C)C)cc(*)cc6C(C)(C)C)c(C(F)(F)F)c4)C5=O)cc3C2=O)cc1,389.0,364.9018
*C=Cc1ccc(C=CC(=O)Nc2ccc(Oc3ccc(NC(*)=O)cc3)cc2)cc1,205.0,219.81897
*NC(=O)OCCOC(=O)NCC1(C)CC(*)CC(C)(C)C1,84.0,96.21094
*Oc1ccc2c(c1)Oc1cc(OC(*)=O)ccc1C21c2ccccc2-c2ccccc21,295.0,287.9328
*C(=O)OCCN(CCOC(=O)c1ccc(*)cc1OCCCCC)c1ccc(/N=N/c2nc(C#N)c(C#N)[nH]2)cc1,131.0,91.4341
*C(=O)c1ccc(Oc2ccc(S(=O)(=O)c3ccc(Oc4ccc(-c5ccc(Oc6ccc(*)cc6)cc5)cc4)cc3)cc2)cc1,206.0,195.28314
*NC(=O)Oc1ccc(-c2[nH]c(-c3ccc(-c4nc(-c5ccc([N+](=O)[O-])cc5)c(-c5ccc([N+](=O)[O-])cc5)[nH]4)cc3)nc2-c2ccc(OC(=O)Nc3ccc(-c4ccc(*)cc4OC)c(OC)c3)cc2)cc1,223.0,237.35413
*CC(*)(C)C(=O)OCCCCCCc1ccc(/N=N/c2ccc(OC(F)(F)F)cc2)cc1,194.5,136.64565
*C(CC(C)(C)C(*)CCC(C)(O)C=C)OC(C)=O,85.0,40.82415
*Oc1cccc(OC(=O)c2ccc(OC(=O)c3cccc(C(=O)Oc4ccc(C(*)=O)cc4)c3)cc2)c1,158.0,131.4226
*CC(CBr)O*,-14.0,-26.259674
*OC(=O)Oc1ccc(Sc2ccc(OC(=O)OC3C(C)(C)C(*)C3(C)C)cc2)cc1,107.0,126.06951
*C[n+]1ccc(-c2cc[n+](Cc3cccc(*)c3)cc2)cc1,128.0,61.610535
*C(=O)c1ccc(N2C(=O)c3ccc(C(=O)c4ccc5c(c4)C(=O)N(c4ccc(*)cc4)C5=O)cc3C2=O)cc1,293.0,317.0423
*c1ccc2c(c1)C(=O)N(c1ccc(-c3nc4cc(N5C(=O)c6ccc(*)cc6C5=O)ccc4[nH]3)cc1)C2=O,397.5,401.161
*CC(*)Cc1ccccc1C,80.0,84.683304
*C(=O)c1ccc2c(c1)C(=O)N(c1ccc(-c3nc(-c4ccccc4)nc(-c4ccc(N5C(=O)c6ccc(*)cc6C5=O)cc4)n3)cc1)C2=O,355.0,328.56464
*Cc1ccc(OC(=O)CCCC(=O)Oc2ccc(CC(=O)NC(*)C(=O)OCCCCCCCC)cc2)cc1,38.0,27.55378
*O[Si](C)(C)c1ccc2c(c1)C(=O)N(c1ccc(Oc3ccc(-c4nnc(-c5ccc(Oc6ccc(N7C(=O)c8ccc([Si](*)(C)C)cc8C7=O)cc6)cc5)o4)cc3)cc1)C2=O,190.5,213.1543
*c1ccc(OCC2CCC(COc3ccc(-n4c(=O)c5cc6c(=O)n(*)c(=O)c6cc5c4=O)cc3)CC2)cc1,306.70000000000005,224.44159
*NCCCCCCNC(=O)NCc1ccc(CNC(*)=O)cc1,72.0,85.55754
*Oc1ccc(Oc2cccc(Oc3ccc4c(c3)C(=O)N(c3ccc(Oc5cccc(Oc6ccc(N7C(=O)c8ccc(*)cc8C7=O)cc6)c5)cc3)C4=O)c2)cc1,184.0,190.52312
*Cc1ccc(OC(=O)COCCOCC(=O)Oc2ccc(CCC(=O)NC(*)C(=O)OC(C)C)cc2)cc1,58.0,42.67726
*C=Cc1ccc2c(c1)Sc1cc(*)ccc1N2c1ccc(OCCCCCCCCCCCC)cc1,129.0,183.66669
*Nc1ccc(Cc2ccc(NC(=O)OCCN(CCCCCOc3ccc(/N=N/c4ccccc4)cc3)CCOC(*)=O)cc2)cc1,59.60000000000002,49.59922
*CC(*)(CC(=O)OC1CCC1)C(=O)OC1CCC1,60.0,139.69751
*CC(*)F,33.92500000000001,-6.782776
*c1ccc(Nc2ccc(S(=O)(=O)c3ccc(Nc4ccc(C5(*)c6ccccc6-c6ccccc65)cc4C)cc3)cc2)c(C)c1,269.0,257.157
*N=P(*)(Cl)Oc1ccc(C)cc1,-5.0,4.978012
*c1ccc2c(c1)C(=O)N(c1ccc(NC(=S)/N=C/c3ccc(Cl)c(N4C(=O)c5ccc(C(*)(C(F)(F)F)C(F)(F)F)cc5C4=O)c3)cc1)C2=O,272.0,275.2271
*CCCCCCC(=O)Nc1ccc(NC(*)=O)cc1,138.0,131.6187
*c1ccc2oc(-c3ccc(C(c4ccc(-c5nc6cc(C(*)(c7ccccc7)C(F)(F)F)ccc6o5)cc4)(C(F)(F)F)C(F)(F)F)cc3)nc2c1,334.0,260.26813
*CC(*)OC(=O)c1nn(C(C)=O)c2ccccc12,150.0,115.3409
*CC(C)(C(=O)OC)C(C)(C(=O)OC)C(*)OCC,131.0,86.9698
*c1ccc2c(c1)C(=O)N(c1ccc(Oc3ccc(N4C(=O)c5ccc(C(F)(F)C(F)(F)C(F)(F)C(*)(F)F)cc5C4=O)cc3)cc1)C2=O,212.0,246.23108
*CC(*)CCCCCCCC,-34.99999999999997,-45.842255
*=C(C#N)c1ccc(C(=O)OCC2CCCN(C(=*)c3ccc(OC)cc3)C2)cc1,176.0,153.47232
*C1C(=O)N(CCCOc2ccc(-c3ccc(C#N)cc3)cc2)C(=O)C1*,130.0,109.15329
*C(=O)Nc1ccc(C(c2ccc(NC(=O)c3cc(*)cc(C(C)(C)C)c3)cc2)(C(F)(F)F)C(F)(F)F)cc1,284.1,289.8321
*C1OCCCC1C1C(=O)OC(=O)C1*,210.0,237.47534
*CC(*)c1ccccc1C(=O)OCCC,108.0,90.96074
*COCC(*)(CSCCCCC)CSCCCCC,-32.99999999999997,-61.293533
*C(=O)c1cccc(C(=O)c2ccc(S(=O)(=O)c3ccc(*)cc3)cc2)c1,198.0,216.88824
*c1ccc2c(c1)C(=O)N(c1ccc(Sc3ccc(Sc4ccc(N5C(=O)c6ccc(C(*)(C(F)(F)F)C(F)(F)F)cc6C5=O)cc4)cc3)cc1)C2=O,257.0,256.49963
*CC(*)c1ccc(Br)cc1,140.35000000000002,130.82028
*c1ccc(C(c2ccc(C#N)cc2)c2ccc(N(*)c3ccc(C)cc3)cc2)cc1,230.0,209.65076
*c1ccc(C)c(NC(=O)c2ccc(OC(=O)c3ccc(C(=O)Oc4ccc(C(=O)Nc5cc(C(*)(C(F)(F)F)C(F)(F)F)ccc5C)cc4)cc3)cc2)c1,213.0,228.42757
*c1cccc(P(=O)(c2ccc(C(F)(F)F)cc2)c2cccc(-n3c(=O)c4cc5c(=O)n(*)c(=O)c5c(-c5ccc(C(F)(F)F)cc5)c4c3=O)c2)c1,303.0,338.8423
*c1ccc(-c2nnc(-c3ccc(-c4nnc(-c5ccc([Si](*)(c6ccccc6)c6ccccc6)cc5)o4)o3)o2)cc1,276.0,267.84906
*Oc1ccc(C2(c3ccc(OC(*)=O)cc3)CC3CC2C2C4CCC(C4)C32)cc1,267.5,265.3341
*CCCCCCCCC(=O)Nc1ccc2oc(CCCCCCCCc3nc4cc(NC(*)=O)ccc4o3)nc2c1,93.0,59.84523
*CC(*)(CC(=O)OCC)C(=O)OCC,65.5,28.307335
*C=Cc1ccc(Oc2ccc(-c3nnc(-c4ccc(Oc5ccc(*)c6ccccc56)cc4)o3)cc2)cc1,213.0,211.60355
*OC(=O)c1cccc(C(=O)Oc2cc(*)cc(CCCCCCCCC)c2)c1,41.5,47.952393
*C(=O)OCCCCCCOc1ccc(-n2on2-c2ccc(OCCCCCCOC(=O)C(*)CCCCCP(=O)(OCC)OCC)cc2)cc1,7.0,3.003189
*Oc1ccc(C(c2ccccc2)(c2ccccc2)c2ccc(OC(*)=O)cc2)cc1,213.0,198.0463
*c1ccc(C(=O)c2ccc(Oc3ccc(C(c4ccc(Oc5ccc(C(=O)c6ccc(C(*)(C)C)cc6)cc5)cc4)(C(F)(F)F)C(F)(F)F)cc3)cc2)cc1,179.0,166.16986
*C=CC1CC(*)CC1C(=O)OCCCCCCCCOc1ccc(/C=C/c2ccc([N+](=O)[O-])cc2)cc1,51.0,50.28337
*c1ccc(Oc2ccc(-c3nc4ccccc4n3-c3ccc(-n4c(-c5ccc(Oc6ccc(S(*)(=O)=O)cc6)cc5)nc5ccccc54)cc3)cc2)cc1,270.0,262.86438
*OCCCCCCCCCCCCOC(=O)OCCCCCCn1c(=O)c2cc3c(=O)n(CCCCCCOC(*)=O)c(=O)c3cc2c1=O,-9.0,9.069519
*CC(*)OC(=O)C(C)(C(C)C)C(C)C,120.0,123.78462
*Cc1ccc(OC(=O)CCCC(=O)Oc2ccc(CCC(=O)NC(*)C(=O)OC(C)CC)cc2)cc1,52.0,39.108368
*COC(=O)NC(=O)c1cccc(C(=O)NC(=O)OCC(*)CCCCCCCCCCCC)c1,112.0,55.539818
*c1ccc2nc(CCCCCCCCCCc3nc4ccc(*)cc4o3)oc2c1,64.0,83.32747
*c1cc(C)c(OP(=O)(Oc2ccccc2)Oc2c(C)cc(S(*)(=O)=O)cc2C)c(C)c1,142.0,160.68987
*Cc1cc(C)c(Oc2ccc(N3C(=O)c4ccc(-c5ccc6c(c5)C(=O)N(c5ccc(Oc7c(C)cc(*)cc7C)cc5)C6=O)cc4C3=O)cc2)c(C)c1,310.0,283.24524
*c1ccc(Oc2ccc(N3C(=O)C4CCC5C(=O)N(c6ccc(Oc7ccc(C(*)(C)C)cc7)cc6)C(=O)C5C4C3=O)cc2)cc1,263.5,231.32654
*CC(*)c1ccccc1COCCCCCCCC,13.0,38.138725
*C(=O)c1ccc(Oc2ccc(N3C(=O)c4ccc(S(=O)(=O)c5ccc6c(c5)C(=O)N(c5ccc(Oc7ccc(*)cc7)cc5)C6=O)cc4C3=O)cc2)cc1,275.5,239.29865
*c1nnc(-c2cc(CCCCCCCC)c(-c3ccc(-c4sc(-c5nnc(-c6cc(OCCCCCCCC)c(*)cc6OCCCCCCCC)o5)cc4CCCCCCCC)s3)s2)o1,34.10000000000002,74.498604
*OCCCCCCN1C(=O)c2ccc(-c3ccc(-c4ccc5c(c4)C(=O)N(CCCCCCOC(*)=O)C5=O)cc3)cc2C1=O,73.0,72.11692
*C(=O)NNC(=O)c1ccc(*)cc1OCCCCCCCC,203.5,194.86658
*=CC(C)CC(=*)C,2.300000000000012,-10.935455
*CCCCC(=O)Nc1ccc(OC2COC3C(Oc4ccc(NC(*)=O)cc4)COC23)cc1,150.0,97.914764
*c1ccc(Oc2ccc(Oc3ccc(-n4c(=O)c5cc6c(=O)n(*)c(=O)c6cc5c4=O)cc3)c(-c3ccccc3)c2)cc1,271.0,308.74524
*c1ccc(Oc2ccc(S(=O)(=O)c3ccc(Oc4ccc(-c5c6c(c(*)c7ccccc57)C(=O)N(c5ccccc5)C6=O)cc4)cc3)cc2)cc1,310.0,315.1949
*O[SiH](*)C,-3.3899999999999864,-61.847244
*c1cccc(P(=O)(c2cccc(-n3c(=O)c4cc5c(=O)n(*)c(=O)c5c(-c5ccccc5)c4c3=O)c2)c2cc(C(F)(F)F)cc(C(F)(F)F)c2)c1,300.0,307.51843
*C(=O)c1ccc(-c2ccc(C(=O)c3ccc(Oc4ccc(Oc5ccc(*)cc5)cc4-c4ccccc4)cc3)cc2)cc1,186.0,186.04999
*C(=O)c1ccccc1-c1ccccc1C(=O)c1ccc(Oc2ccc(Oc3ccc(*)cc3)cc2)cc1,175.0,160.62529
*CC(*)(C)C(=O)OCCOCCOCCOCCOCCOCCOCCOCCOC,-57.99999999999997,-42.910217
*CC(O)COc1ccc(C(C)(C)c2ccc(OCC(O)CN(C)S(=O)(=O)c3cccc(S(=O)(=O)N(*)C)c3)cc2)cc1,76.0,77.09091
*Nc1ccc(NC(=O)c2ccc(P(=O)(c3ccccc3)c3ccc(C(=O)Nc4ccc(C(*)=O)cc4)cc3)cc2)cc1,243.0,278.3891
*C(=O)NCCCCCCCCCNC(=O)C(OC)C(*)OC,84.0,71.52456
*CC(CSC(C)C)O*,-43.99999999999997,-56.006348
*c1ccc(N2C(=O)c3ccc(C(=O)c4ccc5c(c4)C(=O)N(c4ccc(N(*)c6ccc(C#N)cc6)cc4)C5=O)cc3C2=O)cc1,315.0,300.7009
*Oc1ccc(OC(=O)c2ccc(C(*)=O)cc2)c(C(F)(F)F)c1,159.3,209.29492
*c1ccc(Oc2ccc(/C=N/c3ccc(Oc4ccc(/N=C/c5ccc(Oc6ccc(S(*)(=O)=O)cc6)cc5)cc4)cc3)cc2)cc1,162.0,174.47893
*CC(*)(C)C(=O)Oc1ccc([N+](=O)[O-])c(C)c1,101.0,136.92633
*c1ccc(NC(=O)c2cc(NC(=O)c3ccccc3)cc(C(=O)Nc3ccc(C(*)(C)C)cc3)c2)cc1,303.5,290.33905
*c1ccc(Oc2ccc(-c3ccc(-c4ccc(Oc5ccc(C(*)(C)C)cc5)cc4)cc3)cc2)cc1,182.0,180.00368
*OC(=O)CCCCCC(=O)Oc1cc(OC(=O)c2ccc(OCCCC)cc2)c(*)cc1OC(=O)c1ccc(OCCCC)cc1,45.0,48.551712
*Nc1ccc(C(=O)c2ccc(Oc3ccc(Oc4ccc(C(=O)c5ccc(NC(=O)c6ccc(C(*)=O)cc6)cc5)cc4)cc3)cc2)cc1,224.0,203.47545
*Oc1ccc2c(c1)C(=O)N(c1cc(C(c3ccc(O)c(N4C(=O)c5ccc(*)cc5C4=O)c3)(C(F)(F)F)C(F)(F)F)ccc1O)C2=O,266.0,301.10376
*OCCCCCOC(=O)c1ccc(Oc2ccc(C(*)=O)cc2)cc1,26.0,50.820915
*COC(=O)C(*)(C)CCC,1.900000000000034,-41.239075
*OC(=O)Oc1ccc(C2(c3ccc(OC(=O)OC4C(C)(C)C(*)C4(C)C)cc3)c3ccccc3-c3ccccc32)cc1,214.0,213.84622
*Cc1cc(C)c(N2C(=O)c3ccc(Oc4cccc5c(Oc6ccc7c(c6)C(=O)N(c6c(C)cc(*)cc6C)C7=O)cccc45)cc3C2=O)c(C)c1,281.0,282.13635
*Nc1cccc(C(=O)c2ccc(Oc3ccc(C(=O)c4ccc(NC(=O)c5cccc(C(*)=O)c5)cc4)cc3)cc2)c1,204.0,177.41934
*COC(=O)c1ccc(C(=O)OCC(CCC)C(*)CCC)cc1,30.0,3.3759918
*CC(*)C(=O)NCP(=O)(O)O,26.0,105.83997
*CC(*)OCCCCC,-66.14999999999998,-67.12312
*Oc1ccc(C2(c3ccc(OC4(F)C(*)(F)C(F)(F)C4(F)F)cc3)c3ccccc3-c3ccccc32)cc1,228.0,209.53123
*c1ccc(Sc2ccc(Sc3ccc(Sc4ccc(S(*)=O)cc4)cc3)cc2)cc1,133.0,150.16666
*c1ccc(Oc2ccc(/C=C/C(=O)c3ccc(Oc4ccc(C(*)(C)C)cc4)cc3)cc2)cc1,152.0,164.988
*c1ccc(Oc2ccc(C(=O)Nc3ccc(NC(=O)c4ccc(Oc5ccc(C(C)(C)c6cccc(C(*)(C)C)c6)cc5)cc4)cc3)cc2)cc1,154.0,182.9571
*c1ccc(Oc2ccc(/C=N/c3ccc(Oc4ccc(S(*)(=O)=O)cc4)cc3)cc2)cc1,110.0,203.81148
*Nc1ccc(CCc2ccc(NC(=O)OCCOC(*)=O)cc2)cc1,116.90000000000003,107.239075
*CC(*)(C)C(=O)OCCCCCCC(F)(F)C(F)(F)C(F)(F)C(F)(F)C(F)(F)C(F)(F)C(F)(F)C(F)(F)C(F)(F)C(F)(F)C(F)(F)C(F)(F)F,84.0,56.244232
*CC(*)c1ccc(C(O)CCN(C)C)cc1,43.0,50.946037
*NCCCCCCNC(=O)Oc1ccc(/N=C/C=N/c2ccc(OC(*)=O)cc2)cc1,80.0,58.301697
*Cc1ccc(OC(=O)CCCCCCCCC(=O)Oc2ccc(CC(=O)NC(*)C(=O)OCCCCCCCC)cc2)cc1,16.0,13.547287
*OCC1CCC(COC(C)OC(=O)c2cccc(C(=O)OC(*)C)c2)CC1,30.0,11.867294
*Cc1ccc(OC(=O)CCCC(=O)Oc2ccc(CCC(=O)NC(*)C(=O)OCCCC)cc2)cc1,56.0,33.72532
*OC(=O)c1ccc2c(c1)C(=O)N(c1ccc(-c3ccc(N4C(=O)c5ccc(C(=O)Oc6ccc(-c7ccc(*)cc7C)c(C)c6)cc5C4=O)cc3C)c(C)c1)C2=O,177.0,215.14157
*c1ccc(Oc2ccc(-c3nnc(-c4ccccn4)nc3-c3ccc(Oc4ccc(C(*)(C(F)(F)F)C(F)(F)F)cc4)cc3)cc2)cc1,224.0,216.85628
*C(=O)c1ccc(Oc2ccc(-c3ccc(Oc4ccc(*)cc4)cc3)cc2)cc1,167.0,192.52376
*c1ccc(C)c(N2C(=O)C(=O)N(CCCCCCN3C(=O)C(=O)N(*)C3=O)C2=O)c1,181.5,151.4614
*COC(=O)C1CCC(C(=O)OC(*)COc2ccc(/N=N/c3ccc(C#N)cc3)cc2)CC1,106.0,83.27478
*C(=O)c1ccc(Oc2ccc(-c3nc(-c4ccccn4)nnc3-c3ccc(Oc4ccc(*)cc4)cc3)cc2)cc1,223.0,225.93726
*Nc1ccc(C(c2ccc(NC(=O)c3cc(NC(=O)C45CC6CC(CC(C6)C4)C5)cc(C(*)=O)c3)cc2)(C(F)(F)F)C(F)(F)F)cc1,365.0,356.7298
*NCCCCCCNc1nc(*)nc(-c2ccccc2)n1,95.0,166.71436
*CCc1ccc(*)cc1Br,80.0,102.22467
*COC(=O)C(*)C,-24.99999999999997,-9.3815
*c1ccc2c(c1)C(=O)N(c1ccc(OCCOc3ccc(N4C(=O)c5ccc(C(*)(C(F)(F)F)C(F)(F)F)cc5C4=O)cc3)cc1)C2=O,254.0,229.61453
*Cc1cccc(CN(CC)c2ccc(/C=C/c3ccc(C=C(C#N)C(=O)NC4CCCCC4NC(=O)/C(C#N)=C/c4ccc(/C=C/c5ccc(N(*)CC)cc5)s4)s3)cc2)c1,157.0,175.10094
*CN1C(=O)C2C3C=CC(C2C1=O)C1C(=O)N(C(*)C)C(=O)C31,212.0,313.50113
*OCCCSCCCCSCCCOC(=O)c1ccc2c(c1)C(=O)N(c1ccc(C(*)=O)cc1)C2=O,39.0,45.026505
*CC(*)(C)C(=O)Oc1ccc(OCc2ccccc2)cc1,95.3,99.546265
*CC(*)(C)CC,-11.574999999999989,-26.65596
*CC(*)(C)C(=O)Oc1ccc(C(=O)Oc2ccccc2)cc1,99.0,105.07492
*Oc1cccc(Oc2ccc(C(=O)O)c(C(=O)Nc3ccc(Oc4ccc(-c5ccc(Oc6ccc(NC(=O)c7cc(*)ccc7C(=O)O)cc6)cc5)cc4)cc3)c2)c1,100.0,193.47092
*NC(=O)c1ccc2c(c1)C(=O)N(c1c(C)cc(C)c(N3C(=O)c4ccc(C(=O)Nc5ccc(-c6ccc(*)cc6C)c(C)c5)cc4C3=O)c1C)C2=O,259.0,312.4582
*Nc1ccc(Cc2ccc(NC(=O)OCCCCCCCOC(*)=O)cc2)cc1,84.0,73.92804
*c1cccc(N2C(=O)c3ccc(Oc4ccc5c(c4)C(=O)N(c4cccc(C(*)O[Si](C)(C)O[Si](C)(C)O[Si](C)(C)C)c4)C5=O)cc3C2=O)c1,219.0,186.57141
*Oc1ccc2ccc(OC(=O)c3ccc(Oc4ccc(C(*)=O)cc4)cc3)cc2c1,142.0,158.281
*N=P(*)(OCC)OCC,-83.99999999999997,-82.74989
*c1ccc(-c2ccc(N3C(=O)c4ccc(C(=O)Oc5ccc(C6(c7ccc(OC(=O)c8ccc9c(c8)C(=O)N(*)C9=O)cc7)CC7CC6C6CCCC76)cc5)cc4C3=O)cc2C)c(C)c1,226.0,187.94208
*=C(C#N)NC(=O)c1ccc(C(=O)NC(=*)C#N)cc1,232.0,236.13666
*CC(*)(C)C(=O)OC(C)C,83.92500000000001,88.41002
*CCCCC(c1ccc(O)cc1)C(*)c1ccc(O)cc1C,25.0,56.57469
*C(=O)OCCCCCCN1C(=O)c2ccc(Oc3ccc4c(c3)C(=O)N(CCCCCCOC(=O)c3cc(*)cc(OCCCCCCOc5ccc(/N=N/c6ccc(C#N)cc6)cc5)c3)C4=O)cc2C1=O,61.0,73.05462
*CCCC(=O)Oc1ccc(/C=N/c2ccc(/N=C/c3ccc(OC(=O)CCC[Si](C)(C)O[Si](*)(C)C)cc3)cc2)cc1,60.0,29.547874
*C#Cc1cc(C(C)(C)C)cc2c3cc(C(C)(C)C)cc(*)c3n(CCCCCCCCCCCCCCCC)c12,80.0,83.7365
*CCC(C)CNC(=O)c1cc(C(=O)NCC(*)C)cc(C(C)(C)C)c1,149.0,195.24051
*Nc1ccc(-c2ccc(N3C(=O)c4ccc(C(=O)c5ccc6c(c5)C(=O)N(c5ccc(-c7ccc(NC(=O)c8cccc(C(*)=O)c8)cc7)cc5)C6=O)cc4C3=O)cc2)cc1,238.0,251.1887
*CC(*)(C)C(=O)Oc1ccc(C(=O)O)cc1,110.0,150.60045
*CCc1ccc(*)o1,25.5,27.287079
*C(=O)c1cccc(C(=O)c2ccc(Oc3ccc(-c4ccc(-c5ccc(Oc6ccc(*)cc6)cc5)cc4)cc3)cc2)c1,174.0,184.62546
*c1cc(C)c(N2C(=O)c3ccc(C(c4ccc5c(c4)C(=O)N(c4c(C)cc(C(*)c6cccc(C(F)(F)F)c6)cc4C)C5=O)(C(F)(F)F)C(F)(F)F)cc3C2=O)c(C)c1,286.1,302.15704
*CC(*)(CCCCC)C(=O)OC,53.0,-3.034546
*Cc1ccc(N2C(=O)c3ccc(C(=O)c4ccc5c(c4)C(=O)N(c4ccc(*)cc4C)C5=O)cc3C2=O)c(C)c1,297.5,274.6054
*Cc1ccc(OC(=O)CCCCCCCCC(=O)Oc2ccc(CCC(=O)NC(*)C(=O)OCCCCCCCC)cc2)cc1,15.5,-3.5813446
*C[Si](*)(C)CCCOCCOCCOC,-73.29999999999998,-54.694397
*=Cc1ccc(/C=C/c2ccc(N(c3ccccc3)c3ccc(N(c4ccccc4)c4ccc(/C=C/c5ccc(/C=C(\C#N)c6cccc(C(=*)C#N)c6)s5)cc4)cc3)cc2)s1,178.0,220.33862
*c1ccc(Oc2ccc(-c3cccc(-c4ccc(Oc5ccc(-c6c7c(c(*)c8ccccc68)C(=O)N(c6ccccc6)C7=O)cc5)c(C(F)(F)F)c4)c3)cc2C(F)(F)F)cc1,271.0,279.92456
*c1ccc(-c2ccc(N(c3ccc(C)cc3)c3ccc(C(c4ccccc4)c4ccc(N(*)c5ccc(C)cc5)cc4)cc3)cc2)cc1,239.0,192.44481
*Oc1ccccc1Oc1ccc2c(c1)C(=O)N(c1ccc(Oc3ccccc3Oc3ccc(N4C(=O)c5ccc(*)cc5C4=O)cc3C(F)(F)F)c(C(F)(F)F)c1)C2=O,185.0,180.07034
*CC(C#N)(C#N)CC(*)c1ccc(OC(C)=O)cc1,180.0,105.657486
*c1ccc2nc(-c3ccccc3)c(-c3ccc(-c4ccc(-c5c(-c6ccccc6)nc6ccc(*)cc6c5-c5ccccc5)cc4)cc3)c(-c3ccccc3)c2c1,405.0,352.75247
*C(=O)c1ccc(N2C(=O)c3ccc(Oc4ccc(Oc5ccc6c(c5)C(=O)N(c5ccc(*)cc5)C6=O)cc4)cc3C2=O)cc1,268.0,257.2633
*c1ccc(C(=O)Nc2ccc(Oc3ccc(C(C)(C)c4ccc(Oc5ccc(NC(=O)c6ccc(*)cc6C)cc5)cc4)cc3)cc2)c(C)c1,230.0,237.00034
*CC1C(=O)OC(=O)C1C(*)OCC(C)C,145.0,146.6883
*Cc1ccc(OC(=O)CCCC(=O)Oc2ccc(CCC(=O)NC(*)C(=O)OCC(C)C)cc2)cc1,62.0,45.419235
*c1ccc(Oc2ccc(C(=O)c3ccc4cc(C(=O)c5ccc(Oc6ccc(C(*)(C)C)cc6)cc5)ccc4c3)cc2)cc1,185.0,176.36572
*CC(*)C(=O)N1CC[NH+](CC)CC1,72.5,102.78461
*c1cccc(Oc2cccc(Oc3cccc(N4C(=O)c5c(c(-c6ccccc6)c(-c6ccc(Oc7ccc(Oc8ccc(-c9c(-c%10ccccc%10)c%10c(c(-c%11ccccc%11)c9-c9ccccc9)C(=O)N(*)C%10=O)cc8)cc7)cc6)c(-c6ccccc6)c5-c5ccccc5)C4=O)c3)c2)c1,238.0,259.67462
*Oc1ccc2c(c1)C(=O)N(c1cc(N3C(=O)c4ccc(*)cc4C3=O)cc(C(F)(F)F)c1)C2=O,274.0,294.25745
*c1ccc(OC(=O)c2ccc(OCCCCCCCCCCOc3ccc(C(=O)Oc4ccc(C(*)(C)C)cc4)cc3)cc2)cc1,77.0,85.7511
*c1cc(C)c(O[Si](C)(C)O[Si](C)(C)O[Si](C)(C)O[Si](C)(C)Oc2c(C)cc(*)cc2C)c(C)c1,-16.0,-7.6855774
*CC(*)C(=O)Oc1ccc(C(=O)Oc2ccc(OC(=O)c3ccc(OCCCCC)cc3)cc2)cc1,48.0,73.352394
*Nc1ccc(CCc2cccc(NC(=O)c3cccc(C(*)=O)c3)c2)cc1,203.0,227.48453
*=Cc1ccc(Oc2ccc(-c3nnc(-c4ccc(Oc5ccc(C=*)cc5)cc4)o3)cc2)cc1,215.0,198.90721
*c1cc(C)c(O[Si](C)(C)O[Si](C)(C)Oc2c(C)cc(*)cc2C)c(C)c1,55.0,41.19935
*Oc1ccc2c(c1)C(=O)N(c1ccc(OCCOCCOc3cccc(N4C(=O)c5ccc(*)cc5C4=O)c3)cc1)C2=O,146.5,164.23788
*C=Cc1ccc(C=Cc2cc(OCCCCCCC)c(*)cc2OCCCCCCC)cc1,46.0,52.80684
*c1ccc2nc(-c3ccccc3)c(-c3cccc(-c4nc5cc(*)ccc5nc4-c4ccccc4)c3)nc2c1,320.0,343.41623
*Oc1ccc(Oc2ccc(/C=N/CCCCCCCCCC/N=C/c3ccc(*)cc3)cc2)cc1,108.0,96.21506
*Nc1ccc(*)cc1C,-71.39999999999998,87.27029
*C(=O)NCCCCCCNC(=O)c1cc(*)cc(C(C)(C)C)c1,163.0,175.06467
*OCCCCCCCCCCOC(=O)c1ccc2cc(C(*)=O)ccc2c1,50.5,40.16461
*CCCCCCCCC(=O)NNC(=O)OCCCCCCOC(=O)NNC(*)=O,45.0,42.338066
*N=P(*)(CC)c1ccccc1,20.0,22.649994
*CC(*)OCCC,-49.14999999999998,-45.037415
*CC(*)OC(=O)OCC(Cl)(Cl)Cl,74.0,68.062004
*CC(*)c1ccc(CC)cc1,71.40000000000003,83.51239
*C(=O)c1ccc2c(c1)C(=O)N(c1cc(-c3nc4ccccc4[nH]3)cc(N3C(=O)c4ccc(*)cc4C3=O)c1)C2=O,197.0,339.70688
*c1ccc(OC(=O)c2ccc(C(=O)Oc3ccc(C4(*)c5ccccc5C(=O)N4C)cc3)cc2)cc1,282.0,315.3465
*CC(=O)OC(*)CCCCCC,-46.99999999999997,-31.156754
*c1ccc(NC(=O)c2ccc(Oc3cc(C(C)(C)C)c(Oc4ccc(C(=O)Nc5ccc(C(*)(C)C)cc5C)cc4)cc3C(C)(C)C)cc2)c(C)c1,275.0,229.48523
*CC(*)C(=O)Oc1ccc(C)cc1,42.5,120.253006
*=Nc1cccc(/N=C(/C=C/C(=*)c2ccccc2)c2ccccc2)c1,178.0,120.47121
*Nc1ccc(Oc2ccc3nc(-c4ccccc4)c(-c4ccc(-c5nc6cc(Oc7ccc(NC(=O)c8cc(C(*)=O)cc(N9C(=O)c%10ccccc%10C9=O)c8)cc7)ccc6nc5-c5ccccc5)cc4)nc3c2)cc1,302.0,291.56448
*O[Si](*)(C)CCCOc1ccc(C(=O)Oc2ccc(-c3ccc(OC(=O)CCCCC(=O)OC4CC(C)CCC4C(C)C)cc3)cc2)cc1,56.80000000000001,35.56906
*c1cc(Cl)c(OC(=O)Oc2c(Cl)cc(C(*)(C)C)cc2Cl)c(Cl)c1,227.0,229.10524
*Nc1ccc(NC(=O)c2ccc3c(c2)C(=O)N(c2ccc(NC(=O)Nc4ccc(N5C(=O)c6ccc(C(=O)Nc7ccc(NC(*)=O)cc7)cc6C5=O)cc4)cc2)C3=O)cc1,208.0,239.18338
*CCC(=O)Oc1ccc(C2(c3ccc(OC(*)=O)cc3)c3ccccc3-c3ccccc32)cc1,234.0,242.458
*CC(*)(C)C(=O)OCc1cccs1,66.0,74.490486
*c1ccc(C(=O)Nc2ccc(Oc3ccc(Oc4ccc(NC(=O)c5ccc(*)cc5C)cc4)cc3)cc2)c(C)c1,219.0,245.24973
*c1ccc2c(c1)C(=O)N(c1cccc(P(=O)(c3ccc(C(F)(F)F)cc3)c3cccc(N4C(=O)c5ccc(C(*)(C(F)(F)F)C(F)(F)F)cc5C4=O)c3)c1)C2=O,260.0,263.1147
*Oc1ccc(Oc2cccc(Oc3cccc4c3C(=O)N(c3ccc(Oc5cccc(Oc6ccc(N7C(=O)c8cccc(*)c8C7=O)cc6)c5)cc3)C4=O)c2)cc1,198.0,208.09576
*c1ccc(Oc2ccc(S(=O)(=O)c3ccc(Oc4ccc(/C=C5\CCCC/C(=C\c6ccc(Oc7ccc(S(=O)(=O)c8ccc(Oc9ccc(C(*)(C)C)cc9)cc8)cc7)cc6)C5=O)cc4)cc3)cc2)cc1,188.0,172.73557
*c1ccc(Oc2ccc(N3C(=O)C(=O)N(CCCCCCN4C(=O)C(=O)N(*)C4=O)C3=O)cc2)cc1,172.0,148.66165
*CNC(=O)c1ccc(C(=O)NCc2cc(C)c(*)cc2C)cc1,225.0,240.10928
*NC(=O)OCCCCOC(=O)Nc1cc(*)ccc1C,42.0,-4.2989655
*CC(*)(C)C(=O)Oc1ccc(-c2nnc(-c3ccc(C(C)(C)C)cc3)o2)cc1,156.0,151.06749
*Nc1cccc(NC(=O)c2ccc3c(c2)C(=O)N(c2cc(-c4nc5ccccc5o4)cc(N4C(=O)c5ccc(C(*)=O)cc5C4=O)c2)C3=O)n1,365.0,317.08038
*CCCCC(=O)OCCOCCOC(*)=O,-50.99999999999997,-59.842224
*c1cc(C)c(N2C(=O)c3ccc(-c4ccc5c(c4)C(=O)N(c4c(C)cc(C(*)c6cccc(C(F)(F)F)c6)cc4C)C5=O)cc3C2=O)c(C)c1,312.9,333.0782
*CC(*)c1c(F)c(F)c(OCC(F)(F)C(F)(F)C(F)(F)C(F)(F)C(F)(F)C(F)(F)C(F)(F)F)c(F)c1F,21.0,80.48658
*CNC(=O)c1cccc(C(=O)NCc2cc(*)cc(C(C)(C)C)c2)c1,188.0,218.48972
*CC(*)(C)C(=O)OC1(C)CCOC(=O)C1,110.0,121.495926
*CCC[Si](*)(C[Si](C)(C)c1ccccc1)C[Si](C)(C)c1ccccc1,-35.99999999999997,-7.962738
*Nc1ccc(N2C(=O)c3ccc(C(=O)Nc4ccc(-c5cc(-c6ccccc6)cc(-c6ccc(NC(=O)c7ccc8c(c7)C(=O)N(c7ccc(NC(*)=O)cc7)C8=O)cc6)n5)cc4)cc3C2=O)cc1,215.0,252.97243
*CC(*)(C)C(=O)OCCCCl,50.0,57.775497
*C(=O)c1ccc(Oc2ccc(S(=O)(=O)c3ccc(Oc4ccc(Oc5ccc(*)cc5)cc4)cc3)cc2)cc1,186.0,195.10484
*c1cc(OCCCCCCCC)cc(N2C(=O)c3ccc(Oc4ccc5c(c4)C(=O)N(*)C5=O)cc3C2=O)c1,185.0,180.06647
*CC(*)C(=O)OCCCCCCCCCCCCOc1ccc(C(=O)Oc2ccc(-c3cccc(OC(=O)c4ccc(OC(=O)c5ccc(OCCCCCCCCCCCC)cc5)cc4)c3)cc2)cc1,67.0,36.323433
*c1ccc(OC(=O)Oc2ccc(C(*)(C)C)cc2C)c(C)c1,124.0,133.50449
*CCCCCCCCCCCCNC(*)=O,41.0,20.78527
*CC(*)(C)C(=O)OCCCCCCCCCCn1c2ccccc2c2cc(/N=N/c3ccc([N+](=O)[O-])cc3)ccc21,36.0,53.43268
*C(=O)c1ccc2c(c1)C(=O)N(c1cccc(P(=O)(c3cccc(N4C(=O)c5ccc(*)cc5C4=O)c3)c3cc(C(F)(F)F)cc(C(F)(F)F)c3)c1)C2=O,243.0,259.9238
*CC(CN1C(=O)C2C3C=CC(C3)C2C1=O)O*,87.5,134.74875
*CC(*)(C)C(=O)OCCCCC1CCCCC1,43.0,25.647247
*Nc1cccc(NC(=O)c2ccc3c(c2)C(=O)N(c2ccc(-c4sc(-c5ccc(N6C(=O)c7ccc(C(*)=O)cc7C6=O)cc5)c(-c5ccccc5)c4-c4ccccc4)cc2)C3=O)c1,334.0,339.615
*OC1CCC(OC(*)=O)CC1,138.0,116.584236
*OCCOc1ccc(C2(c3ccc(OCCO[Si](*)(c4ccccc4)c4ccccc4)cc3)c3ccccc3-c3ccccc32)cc1,97.0,85.20019
*c1cc(C)c(OC(=O)CCCCCC(=O)Oc2c(C)cc(C(*)(C)C)cc2C)c(C)c1,84.0,95.489914
*c1ccc(-c2sc(-c3ccc(-c4cc(SCCCC)c(*)s4)cc3)cc2SCCCC)cc1,26.400000000000038,91.46167
*CC(*)C(=O)OCCCCCC(=O)Oc1ccc(-c2ccc(C#N)cc2)cc1,38.0,31.882774
*CC(*)C(=O)c1ccc(C(C)C)cc1,62.5,57.997772
*C1OCOC(C(*)(F)F)C1(F)F,125.0,161.50627
*c1ccc(Oc2ccc(C(=O)Nc3ccc(NC(=O)c4ccc(Oc5ccc(C(C)(C)c6ccc(C(*)(C)C)cc6)cc5)cc4)cc3)cc2)cc1,163.0,200.26608
*CCCCCC(*)CCC,-67.99999999999997,-65.42641
*c1cccc(-c2nc3ccc(-c4ccc5nc(*)[nH]c5c4)cc3[nH]2)c1,420.0,410.70148
*c1ccc2c(c1)C(=O)N(c1ccc3c(c1)-c1cc(N4C(=O)c5ccc(C(*)(C(F)(F)F)C(F)(F)F)cc5C4=O)ccc1C3)C2=O,394.0,378.7494
*C1=C(c2ccc(-c3ccc4c(c3)C(CCCCCC)(CCCCCC)c3cc(-c5ccc(*)cc5)ccc3-4)cc2)C(=O)N(CCCCCCCCCCCC)C1=O,100.0,78.839195
*CCN1C(=O)CC(*)C1=O,131.0,138.3553
*COC(=O)c1ccc(-c2ccc(C(=O)OCC(*)(C)CC)cc2)cc1,99.0,69.381546
*COC(=O)OCC(OC(C)=O)C(*)OC(C)=O,58.60000000000002,78.10662
*CC(*)c1ccc(COC(C)CC)cc1,40.0,36.7947
*NCCCCCCCCCCCCNC(=O)NCCCCCCNC(*)=O,49.0,35.478027
*c1ccc(Oc2ccc(-c3cc(-c4ccccc4)c4cc5c(-c6ccccc6)cc(*)nc5cc4n3)cc2)cc1,380.5,376.36316
*C#Cc1ccc(C#C[Si](C)(C)O[Si](C)(C)O[Si](*)(C)C)cc1,104.0,66.05272
*OCCCCOc1ccc(CCc2ccc(*)cc2C)cc1,24.900000000000038,9.949554
*OCCCCCCCCCOC(=O)C(O)C(O)C(*)=O,-11.0,8.036209
*CC(*)C(=O)NC(C)CC,116.85000000000002,81.19235
*c1ccc(Oc2ccc(-c3nnc(*)o3)cc2)cc1,240.0,282.9971
*/C=C(/*)C(CCC)[Si](C)(C)c1ccccc1,110.0,121.24992
*NNC(=O)c1cccc(C(=O)NNC(=O)c2ccc(OC(=O)c3cccc(C(=O)Oc4ccc(C(*)=O)cc4)c3)cc2)c1,180.0,141.57323
*Oc1cccc2c1C(=O)N(c1ccc(Oc3ccc(N4C(=O)c5ccc(*)cc5C4=O)cc3)cc1)C2=O,285.0,265.84433
*=Nc1cccc(/N=C(\c2ccccc2)c2ccc(C(=*)c3ccccc3)cc2)c1,179.0,164.28043
*C=Cc1ccc(/C=C/C(=O)Oc2ccc(-c3ccc(OC(*)=O)cc3)cc2)cc1,243.0,155.9517
*c1ccc(-c2ccc(-c3ccc([Si](*)(C)C)s3)s2)s1,45.0,51.466652
*Nc1ccc(Cc2ccc(N3C(=O)c4ccc(S(=O)(=O)c5ccc6c(c5)C(=O)N(c5ccc(Cc7ccc(NC(=O)c8cccc(-c9nc%10cc(-c%11ccc%12[nH]c(-c%13cccc(C(*)=O)c%13)nc%12c%11)ccc%10[nH]9)c8)cc7)cc5)C6=O)cc4C3=O)cc2)cc1,270.0,265.12103
*NCCCCCCNC(=O)OCCOCCOCCOCCOCCOCCOC(*)=O,-30.99999999999997,-27.273636
*CCCCCCCCC(=O)Oc1ccc(C2(c3ccc(OC(*)=O)cc3)c3ccccc3Cc3ccccc32)cc1,134.0,140.5783
*CC(*)O,79.67500000000001,72.65829
*OCCCCCCOc1ccc(-n2on2-c2ccc(OCCCCCCOC(=O)C(CCCCCP(=O)(O)O)C(*)=O)cc2)cc1,17.0,18.28344
*c1ccc(-c2nc3cc(Oc4ccc5nc(-c6ccccc6)c(-c6ccc(-n7c(=O)c8cc9c(=O)n(*)c(=O)c9cc8c7=O)cc6)nc5c4)ccc3nc2-c2ccccc2)cc1,274.0,260.7209
*c1ccc2nc(CCCCCCCCCc3nc4ccc(*)cc4o3)oc2c1,64.0,91.48857
*CC(*)c1ccc(/C(Cc2ccccc2)=N/O)cc1,111.0,157.95398
*CC(*)C(=O)OCCCOCC,-61.49999999999997,-58.527878
*ON(C(F)(F)F)C(F)(F)C(*)(F)SC(F)(F)F,-47.99999999999997,-56.030136
*CCN1C(=O)c2ccc(C(=O)c3ccc4c(c3)C(=O)N(CCC(=O)Nc3ccc(Oc5ccc(NC(*)=O)cc5)cc3)C4=O)cc2C1=O,232.0,227.84572
*C=CC(C(=O)OCc1ccccc1)C(*)C(=O)OCc1ccccc1,21.0,15.155746
*CC(*)OCCOc1ccc(/N=N/c2ccc([N+](=O)[O-])cc2)cc1,54.0,74.43108
*OC(=O)CCCCCCCCCCCCCCC(=O)Oc1cc(OC(=O)c2ccc(OCCC)cc2)c(*)cc1OC(=O)c1ccc(OCCC)cc1,18.0,25.869034
*c1ccc(Oc2ccc(C(=O)c3ccc(Oc4ccc(C(*)(C)C)cc4)s3)s2)cc1,124.0,120.964676
*c1ccc(Oc2ccc(C(C)(C)c3ccccc3)cc2)c(N2C(=O)c3ccc(-c4ccc5c(c4)C(=O)N(*)C5=O)cc3C2=O)c1,275.0,280.29388
*OCCCCCCOc1ccc(C(=O)c2ccc(OCCCCCCOC(=O)OCCCCOC(*)=O)cc2)cc1,2.1000000000000227,-12.550308
*CC(*)(C)C(=O)OCC1CC(NC(=O)OC(C)(C)C)CN1C(=O)OC(C)(C)C,127.0,114.608604
*Nc1ccc(NC(=O)c2cc(C(*)=O)cc(S(=O)(=O)c3ccccc3)c2)cc1,308.0,308.5259
*c1ccc(-c2sc(-c3ccc(-c4cc(SCCCCCCCC)c(*)s4)cc3)cc2SCCCCCCCC)cc1,-38.79999999999998,48.78591
*CCCNC(=O)CCCCC(=O)NCCCP(*)CCCCCCCC,12.0,34.476387
*c1ccc(NC(=O)c2ccc3c(c2)C(=O)N(c2ccc(Oc4cccc5c(N6C(=O)c7ccc(C(=O)Nc8ccc(*)cc8OC)cc7C6=O)cccc45)cc2)C3=O)c(OC)c1,304.0,260.3731
*c1cc(C)c(N2C(=O)CC(Nc3ccc(NC4CC(=O)N(c5c(C)cc(C(*)c6cccnc6)cc5C)C4=O)cc3)C2=O)c(C)c1,231.0,225.91908
*NC(=O)OCCN(CCOC(=O)Nc1ccc(C)c(*)c1)c1ccc(/C=C2/NC(=O)NC2=O)cc1,178.0,157.82042
*OCCCCCCOC(=O)c1ccc(Oc2ccc(C(*)=O)cc2)cc1,15.0,39.034546
*C(=O)c1ccc(Oc2ccc(Oc3ccc(*)cc3)cc2-c2cccc(C(F)(F)F)c2)cc1,134.0,136.20236
*C(=O)c1ccc(NC(=O)c2ccc(C(=O)Nc3c(C)c(C)c(*)c(C)c3C)cc2)cc1,366.0,393.1905
*Cc1ccc(OC(=O)CCCC(=O)Oc2ccc(CCC(=O)NC(*)C(=O)OCCCCCCCCCCCC)cc2)cc1,27.5,22.135994
*CC(*)OC(=O)c1cccc([N+](=O)[O-])c1,93.0,95.60332
*CC(*)c1ccc(B(Oc2ccc(-c3ccc(OC)cc3)c3cccnc23)c2ccc(C(C)(C)C)cc2)cc1,220.0,249.40982
*CCN(*)CC[Si](C)(C)C,-64.79999999999998,20.241882
*=CCCCC(=*)c1ccc(OC)cc1,11.0,18.48832
*C(=O)c1ccccc1-c1ccccc1C(=O)c1ccc(Oc2ccc(-c3ccc(Oc4ccc(*)cc4)cc3)cc2)cc1,193.0,174.93713
*C=Cc1cc(OCCc2ccccc2)c(*)cc1OC,121.0,123.40322
*Cc1cc(C)c(NC(=O)c2ccc3c(c2)C(=O)N(c2ccc(/N=N/c4ccc(OC(F)(F)F)cc4)c(N4C(=O)c5ccc(C(=O)Nc6c(C)cc(*)cc6C)cc5C4=O)c2)C3=O)c(C)c1,278.0,293.18384
*Oc1ccc(Oc2ccc(/C=N/CC/N=C/c3ccc(*)cc3)cc2)cc1,101.0,110.28274
*CC(*)(F)C(=O)OCC(F)(F)C(F)(F)F,99.0,94.05162
*C(=O)c1ccc2c(c1)C(=O)N(c1cccc(Cc3ccc(Cc4ccc(Cc5cccc(N6C(=O)c7ccc(*)cc7C6=O)c5)cc4)cc3)c1)C2=O,235.5,236.85846
*CC(*)C(=O)Oc1ccccc1,60.0,134.40276
*NC(=O)OCCCCCOC(=O)Nc1ccc(C)c(*)c1,52.0,17.14576
*N=Nc1ccc(Oc2ccc(/N=N/P(=O)(OC)OCc3ccc(COP(*)(=O)OC)cc3)cc2)cc1,50.0,28.336166
*COC(=O)c1cccc(C(=O)OC(*)C)c1,77.0,41.031494
*CC(*)C(=O)OCCCCCn1c2ccccc2c2ccccc21,53.0,32.261642
*CCCCCCC(=O)OCC#CCOC(*)=O,-37.99999999999997,-32.166077
*NC(=O)Oc1ccc(/N=C/CCC/C=N/c2ccc(OC(=O)Nc3ccc(C)c(*)c3)cc2)cc1,69.0,74.43585
*c1ccc(Oc2ccc(Oc3ccc4nc(-c5ccc(-c6nc7ccc(Oc8ccc(Oc9ccc(P(*)(=O)c%10ccccc%10)cc9)cc8)cc7nc6-c6ccccc6)cc5)c(-c5ccccc5)nc4c3)cc2)cc1,248.0,257.61945
*C(=O)c1ccc2c(c1)C(=O)N(CCCCCCCCCCCCN1C(=O)c3ccc(*)cc3C1=O)C2=O,87.5,90.02302
*CCCCCCCC(=O)Nc1cccc(S(=O)(=O)c2cccc(NC(*)=O)c2)c1,125.0,116.10128
*OCCCCCCOc1ccc(-n2on2-c2ccc(OCCCCCCOC(=O)C(CCCCP(=O)(O)O)C(*)=O)cc2)cc1,19.0,20.869469
*C(=O)c1ccc2c(c1)C(=O)N(c1ccc(OCCOc3ccc(N4C(=O)c5ccc(*)cc5C4=O)cc3)cc1)C2=O,246.0,247.8337
*CC(*)c1cccc(F)c1,86.0,104.48277
*c1ccc(-c2ccc3c(c2)C(=O)N(CCCCCCCN2C(=O)c4ccc(*)cc4C2=O)C3=O)cc1,135.0,124.529274
*CC(*)(CC(=O)OCCC)C(=O)OCCC,46.5,12.914139
*CC(*)(F)C(=O)OCC(F)(F)C(F)(F)C(F)(F)C(F)(F)F,63.0,68.297005
*OCCOC(=O)c1cccc(C(=O)OCCOc2nc(-c3ccc(OCCCC)cc3)nc(*)c2-c2ccc(OC)cc2)c1,92.0,101.264404
*CC(*)c1ccc(C(=O)CCN2CCCCC2)cc1,38.0,45.04055
*COC(=O)c1ccc(C(=O)OCC(CCCCCC)C(*)CCCCCC)cc1,-15.5,-16.47078
*NCCCCCCNC(=O)Nc1ccccc1CCc1ccc(NC(*)=O)cc1,150.0,104.098976
*CCC(=O)OCCOC(=O)c1ccc(C(=O)OCCOC(*)=O)cc1,24.0,-3.9442139
*CCCCCCN1C(=O)c2ccc(C(=O)Oc3ccc(OC(*)=O)cc3)cc2C1=O,74.315,75.63631
*C=Cc1ccc(*)cc1-c1c(OCC(CC)CCCC)ccc2cc(-c3ccccc3)ccc12,141.0,162.84811
*CCCCCCCCC(=O)OC(*)=O,60.0,-4.554825
*c1ccc2c(c1)C(=O)N(c1ccc(Oc3ccc(Oc4ccc(N5C(=O)c6ccc(C(*)(C(F)(F)F)C(F)(F)F)cc6C5=O)cc4C(F)(F)F)cc3)cc1)C2=O,260.80000000000007,243.86667
*O[Si](*)(C)CCCCCCCCCCC(=O)Oc1ccc(-c2ccc(OC(=O)CCCCC(=O)OC3CC(C)CCC3C(C)C)cc2)cc1,16.5,-1.3778534
*C1(C)CC(*)(C)C(=O)N(C)C1=O,170.0,274.2104
*C=Cc1cc(OCCCCCCCC)c(*)cc1OC,58.0,57.622208
*CC(*)(C)C(=O)OCCOCC,-16.0,15.428085
*c1ccc(OC(=O)CCCCCN2C(=O)c3ccc(C(=O)Oc4ccc(C(C)(C)c5ccc(C(*)(C)C)cc5)cc4)cc3C2=O)cc1,104.0,95.08522
*OCCCCOC(=O)OCC1CCC(COC(*)=O)CC1,13.0,-13.473846
*CCCCCCN1C(=O)c2ccc(C(=O)Oc3ccc(-c4ccc(OC(*)=O)cc4)cc3)cc2C1=O,107.0,76.71389
*OCCCCCCCCCCCOc1ccc(-c2nnc(-c3cccc(OCCCCCCCCCCCOC(=O)c4ccc(C(*)=O)cc4)c3)s2)cc1,35.0,36.7648
*CC(*)CCCCC,-44.32499999999999,-50.47827
*c1ccc(OC(=O)SCCCSC(=O)Oc2ccc(C(*)(C)C)cc2)cc1,90.0,88.20867
*c1ccc(-c2ccc(N3C(=O)c4ccc(C(=O)c5ccc6c(c5)C(=O)N(*)C6=O)cc4C3=O)cc2C)c(C)c1,385.0,309.16562
*C(=O)c1ccc(C(=O)c2ccc(Oc3ccc(*)cc3C)c(C(C)C)c2)cc1,149.0,174.68976
*c1ccc(-c2ccc(N3C(=O)c4cc5c(cc4C3=O)C(C(F)(F)F)(C(F)(F)F)c3cc4c(cc3O5)C(=O)N(*)C4=O)cc2OC(F)(F)F)c(OC(F)(F)F)c1,375.0,398.53754
*=Nc1ccc(N=C(C=CC(=*)c2ccccc2)c2ccccc2)cc1,157.0,145.84535
*c1ccc(-c2ccc(-c3ccc([Si](CCCC)(CCCC)[Si](*)(CCCC)CCCC)s3)s2)s1,-5.0,-24.814499
*COC(=O)c1ccc(C(=O)OCC2CC(*)CC(C(C)(C)C)C2)cc1,118.0,138.37753
*CCC(=O)NCCCCCCCCCCNC(=O)CCP(*)(C)=O,45.5,41.981384
*Oc1ccc(Oc2ccc(Oc3ccc4c(c3)C(=O)N(c3ccc(Oc5ccc(N6C(=O)c7ccc(*)cc7C6=O)cc5)cc3)C4=O)cc2)cc1,215.0,217.17435
*N=P(*)(Oc1ccc(-c2ccccc2)cc1)Oc1ccc(-c2ccccc2)cc1,85.0,49.069954
*Oc1ccc(-c2cnc3ccc(-c4ccc5nc(-c6ccc(Oc7ccc(*)cc7)cc6)cnc5c4)cc3n2)cc1,235.0,231.90265
*c1ccc(Oc2ccc(NC(=O)c3ccc(Oc4ccc(C(C)(C)c5cccc(C(C)(C)c6ccc(Oc7ccc(C(=O)Nc8ccc(Oc9ccc(C(*)(C)C)cc9)cc8)cc7)cc6)c5)cc4)cc3)cc2)cc1,147.0,142.14516
*Nc1cccc(OCCCCCOc2cccc(NC(=O)c3ccc(C(*)=O)cc3)c2)c1,135.0,116.23306
*Oc1ccc(Sc2ccc(Oc3ccc4c(c3)C(=O)N(c3ccc(N5C(=O)c6ccc(*)cc6C5=O)cc3)C4=O)cc2)cc1,238.0,235.36618
*Cc1ccc(OC(=O)CCCCC(=O)Oc2ccc(CCC(=O)NC(*)C(=O)OCC)cc2)cc1,61.0,37.371353
*c1ccc(-c2ccc(-n3c(=O)c4cc5c(=O)n(*)c(=O)c5cc4c3=O)cc2C)c(C)c1,369.25,406.15112
*C(=O)c1ccc2c(c1)C(=O)N(c1ccc(Cc3ccc(N4C(=O)c5ccc(C(=O)c6ccc(Oc7ccc(Oc8ccc(*)cc8)cc7)cc6)cc5C4=O)cc3)cc1)C2=O,225.0,218.56836
*O[Si](*)(C)CCCOCCOCCOC,-90.09999999999997,-86.39462
*c1cc(C)c(OC(=O)c2cccc(C(=O)Oc3c(C)cc(C(*)(C)C)cc3C)c2)c(C)c1,187.0,225.71623
*Nc1cccc(NC(=O)c2ccc3c(c2)C(=O)N(c2cc(-c4nc5ccccc5s4)cc(N4C(=O)c5ccc(C(*)=O)cc5C4=O)c2)C3=O)n1,358.0,335.79626
*CC(*)(C)C(=O)OCCCCCCCCCCOc1ccc(/N=N/c2ccc([N+](=O)[O-])cc2)cc1,55.0,38.019432
*C(=O)c1ccc2c(c1)C(=O)N(CCCCCCCCN1C(=O)c3ccc(*)cc3C1=O)C2=O,113.0,110.49221
*c1ccc(C(=O)Nc2cccc(OC(=O)c3ccc([Si](*)(C)C)cc3)c2)cc1,220.0,227.78375
*CC(C)(C)C1C(=O)N(C)C(=O)C1*,156.5,185.02377
*c1c(C)cc(C)c(N2C(=O)c3ccc(C(=O)Nc4ccc(NC(=O)c5ccc6c(c5)C(=O)N(*)C6=O)cc4)cc3C2=O)c1C,327.0,322.90765
*CC(*)(CC(=O)OC)C(=O)O,159.0,105.33257
*NC(=O)c1cc(OCCCN(C)c2ccc(/N=N/c3ccc(S(C)(=O)=O)cc3)cc2)cc(C(=O)Nc2cc(*)cc(C(=O)OCCCN(C)c3ccc(/N=N/c4ccc(S(C)(=O)=O)cc4)cc3)c2)c1,168.0,186.89934
*c1ccc(Oc2ccc(S(=O)(=O)c3ccc(Oc4ccc(-c5c6c(c(*)c7ccccc57)C(=O)N(c5ccccc5C(F)(F)F)C6=O)cc4)cc3)cc2)cc1,290.0,291.52844
*c1ccc(Oc2ccc(/C=N/c3ccc(Oc4ccc(-c5ccc(Oc6ccc(/N=C/c7ccc(Oc8ccc(C(*)(C(F)(F)F)C(F)(F)F)cc8)cc7)cc6)cc5)cc4)cc3)cc2)cc1,128.0,157.83145
*c1cc2c(cc1-c1ccc([Si](C)(C)C)cc1)C(=O)N(c1ccc(C(c3ccc(N4C(=O)c5cc(*)c(-c6ccc([Si](C)(C)C)cc6)cc5C4=O)cc3)(C(F)(F)F)C(F)(F)F)cc1)C2=O,365.0,344.49426
*OCCCCCCCCCCOc1ccc(/N=C/c2ccc(/C=N/c3ccc(*)cc3C)cc2)c(C)c1,77.60000000000002,70.76068
*CSCc1ccc(Cc2ccc(CSCC(=O)OCCSCc3ccc(Cc4ccc(CSCCOC(*)=O)cc4)cc3)cc2)cc1,14.0,22.946976
*c1ccc(Oc2ccc(C(=O)c3ccc(C(=O)c4ccc(Oc5ccc(C(*)(C)C)cc5)c(C(F)(F)F)c4)cc3)cc2C(F)(F)F)cc1,171.0,158.23784
*C(=O)c1ccc(Oc2ccc(C(=O)c3c(C(=O)c4ccc(Oc5ccc(*)cc5)cc4)c(-c4ccc(F)cc4)c(-c4ccc(F)cc4)c(-c4ccc(F)cc4)c3-c3ccc(F)cc3)cc2)cc1,260.0,269.39227
*COC(=O)c1ccc(C(=O)OC(C)COC(*)C)cc1,37.0,27.995842
*CC(*)(C)OC,67.0,-22.954666
*CC(*)c1ccc(C(C)CC)cc1,85.35000000000002,70.11528
*CCCCCCCCC(=O)OC1CCC(OC(*)=O)CC1,66.0,5.6325073
*c1ccc2c(c1)C(=O)N(c1ccc(C(c3ccccc3)c3ccc(N4C(=O)c5ccc(S(*)(=O)=O)cc5C4=O)cc3)cc1)C2=O,305.0,328.4214
*c1cc(N2C(=O)c3ccc(C(=O)Nc4ccc(Cc5ccc(NC(=O)c6ccc7c(c6)C(=O)N(*)C7=O)c(C)c5)cc4C)cc3C2=O)ccc1/N=N/c1ccc(C)cc1,257.0,230.2463
*C(=O)c1ccc(Oc2ccc(-c3nc4ccccc4n3-c3ccc(-n4c(-c5ccc(Oc6ccc(C(=O)c7ccc(Oc8ccc(*)cc8)cc7)cc6)cc5)nc5ccccc54)cc3)cc2)cc1,223.0,211.83755
*OCCCCOCCCCOCCCCOC(=O)c1ccc(/N=C/c2ccc(C=Nc3ccc(C(*)=O)cc3)s2)cc1,25.0,24.078743
*Nc1ccc(NC(=O)c2ccc3c(c2)C(=O)N(c2ccc(-c4sc(-c5ccc(N6C(=O)c7ccc(C(*)=O)cc7C6=O)cc5)c(-c5ccccc5)c4-c4ccccc4)cc2)C3=O)cc1,333.0,338.29132
*OCCCCCCCCCCCOc1cccc(-c2nnc(-c3cccc(OCCCCCCCCCCCOC(=O)c4ccc(C(*)=O)cc4)c3)s2)c1,22.0,31.47889
*CC(*)(C)C(=O)OC,108.925,82.01036
*C(=O)Nc1ccc(C(c2ccc(NC(=O)c3cc(*)cc(NC(=O)CCCCCN4C(=O)c5ccccc5C4=O)c3)cc2)(C(F)(F)F)C(F)(F)F)cc1,225.0,199.24712
*COC(=O)OC1C(*)OC2OC(C)(C)OC21,128.0,100.062294
*CC1(C)C(=O)OC(=O)C1(C)C(*)OC,260.0,264.8294
*c1cc2c(cc1-c1ccc(C(C)(C)C)cc1)C(=O)N(c1ccc(C(c3ccc(N4C(=O)c5cc(*)c(-c6ccc(C(C)(C)C)cc6)cc5C4=O)cc3)(C(F)(F)F)C(F)(F)F)cc1)C2=O,381.0,337.58502
*c1ccc(Sc2ccc(-c3ccc(Sc4ccc(P(*)(=O)c5ccccc5)cc4)cc3)cc2)cc1,232.0,228.58557
*CC(*)(CC(=O)OC(C)C)C(=O)OC12CC3CC(CC(C3)C1)C2,180.0,111.72743
*COc1ccc(S(=O)(=O)c2ccc(OCC(*)OC(C)=O)cc2)cc1,130.0,82.03823
*OCCCCN1C(=O)c2ccc(-c3ccc4c(c3)C(=O)N(CCCCOC(*)=O)C4=O)cc2C1=O,104.0,75.654434
*Oc1ccc2c(c1)C(=O)N(c1ccc(-c3ccc(N4C(=O)c5ccc(*)cc5C4=O)cc3C(F)(F)F)c(C(F)(F)F)c1)C2=O,275.0,285.70844
*CSSC(*)c1ccccc1,4.800000000000011,-1.6753693
*C(=O)NCCNC(=O)c1c(*)ncn1C,189.0,150.4854
*c1ccc(CN2C(=O)c3ccc(Oc4ccc5c(c4)C(=O)N(Cc4ccc(C(*)C)o4)C5=O)cc3C2=O)o1,129.0,101.852295
*CC(*)C(=O)OCCOCC(F)(F)F,-37.99999999999997,-25.428528
*/C(C)=C(/*)[Si](C)(C)C,75.0,283.42627
*COC(=O)c1ccc(-c2ccc(C(=O)OCC(*)(C)CCC)cc2)cc1,95.0,62.99595
*O[Si](C)(C)c1ccc2ccc([Si](*)(C)C)cc2c1,26.0,45.24553
*C(F)C(*)(F)OC(F)(F)F,-10.0,-15.564331
*c1ccc(OC(=O)Oc2ccc(C3(*)c4cc(N(C)C)ccc4-c4ccc([N+](=O)[O-])cc43)cc2)cc1,278.0,251.45892
*OCCCCCCCCCOc1ccc(CCc2ccc(*)cc2C)cc1,-1.099999999999966,-2.484253
*CC(*)(C)C(=O)OCCN(C)c1ccc(/C=C/c2ccc([N+](=O)[O-])cc2)cc1,107.0,137.55608
*N(C)[Si](*)(C)C=C,-19.99999999999997,-32.21808
*c1ccc(-c2nc3cc(-c4ccc5oc(*)nc5c4)ccc3o2)cc1,430.0,359.63983
*c1ccc(C(=O)Nc2ccc(C(=O)Nc3ccc(Cc4ccc(NC(=O)c5ccc(NC(=O)c6ccc([Si](*)(C)C)cc6)cc5)cc4)cc3)cc2)cc1,300.0,279.5818
*Cc1ccc(OC(=O)CCC(C)CC(=O)Oc2ccc(CC(=O)NC(*)C(=O)OCCCCCC)cc2)cc1,38.0,19.194176
*Oc1ccc2c(c1)C(=O)N(c1ccc(Sc3ccc(Sc4ccc(Sc5ccc(Sc6ccc(N7C(=O)c8ccc(*)cc8C7=O)cc6)s5)s4)s3)cc1)C2=O,158.5,174.53825
*c1ccc2c(c1)C(=O)N(CCCCCCCN1C(=O)c3ccc(C(*)(C(F)(F)F)C(F)(F)F)cc3C1=O)C2=O,165.0,132.54347
*c1ccc(OCCN(C)c2ccc(/C=C/C3=CC(=C(/C#N)C(=O)OCc4ccc(Oc5c(F)c(F)c(F)c(F)c5F)cc4)/CC(C)(C)C3)cc2)c(N2C(=O)c3ccc(Oc4ccc5c(c4)C(=O)N(c4cc(C(*)(C(F)(F)F)C(F)(F)F)ccc4OCCN(c4ccccc4)c4ccc(/C=C/C6=CC(=C(/C#N)C(=O)OCc7ccc(Oc8c(F)c(F)c(F)c(F)c8F)cc7)/CC(C)(C)C6)cc4)C5=O)cc3C2=O)c1,162.0,188.18005
*c1ccc(-c2nnc(-c3ccc(-c4ccc(-c5nnc(-c6ccc([Si](*)(c7ccccc7)c7ccccc7)cc6)o5)cc4)cc3)o2)cc1,278.0,260.96008
*c1ccc(OCC(O)COC(=O)c2cccc(C(=O)OCC(O)COc3ccc(C(*)(C)C)cc3)c2)cc1,97.0,66.01954
*c1cccc(-c2nc3ccc(-c4ccc5nc(*)sc5c4)cc3s2)c1,495.0,336.76294
*C(=O)c1ccc2c(c1)C(=O)N(c1cc(N3C(=O)c4ccc(*)cc4C3=O)cc(C(F)(F)F)c1)C2=O,294.75,315.0641
*c1ccc(C)c(NC(=O)OCCN(CCOC(=O)Nc2ccc(C)c(N3C(=O)c4ccc(C(c5ccc6c(c5)C(=O)N(*)C6=O)(C(F)(F)F)C(F)(F)F)cc4C3=O)c2)c2ccc(/N=N/c3ccc([N+](=O)[O-])cc3)cc2)c1,196.0,192.07053
*Nc1ccc(C(=O)OCCCCCCOC(=O)c2ccc3c(c2)C(=O)N(c2ccc(C(*)=O)cc2)C3=O)cc1,107.0,94.72405
*NC(=O)Oc1ccc(/N=C/C=N/c2ccc(OC(=O)Nc3cc(*)ccc3C)cc2)cc1,76.0,74.90186
*C1C(*)C2CC1C(C(=O)OCc1ccccc1)C2C(=O)OCc1ccccc1,277.0,269.98682
*O[Si](c1ccccc1)(c1ccccc1)c1ccc([Si](*)(c2ccccc2)c2ccccc2)cc1,130.0,97.64667
*c1ccc(C(=O)OCCOC(=O)c2ccc(C(*)(C)CC)cc2)cc1,95.0,70.56214
*Oc1ccc2c(c1)C(=O)N(c1cccc(P(=O)(c3ccccc3)c3cccc(N4C(=O)c5ccc(*)cc5C4=O)c3)c1)C2=O,251.0,257.9245
*CCOC(=O)CCCCC(=O)OCCC(*)C,-78.59999999999997,-62.850266
*CCOC(*)C,-49.99999999999997,-62.349777
*=Cc1ccc(N(c2ccccc2)c2ccc(N(c3ccccc3)c3ccc(/C=C(\C#N)C(=O)NC4CCCCC4NC(=O)C(=*)C#N)cc3)cc2)cc1,239.0,247.61832
*COC1OC(*)C(O)C(O)C1O,200.0,188.05934
*CSSSSC*,-23.99999999999997,-48.351776
*Oc1ccc(-c2ccc(Oc3cccc4c3C(=O)N(c3ccc(Oc5ccc(N6C(=O)c7cccc(*)c7C6=O)cc5)cc3)C4=O)cc2)cc1,277.0,241.56668
*c1ccc2c(c1)C(=O)N(c1cccc(-n3c(=O)c4cc5c(=O)n(-c6cccc(N7C(=O)c8ccc(C(*)(C(F)(F)F)C(F)(F)F)cc8C7=O)c6)c(=O)c5cc4c3=O)c1)C2=O,338.0,297.4005
*CC(*)c1cc(Br)ccc1OCC,80.0,56.441986
*=Nc1ccc(Cc2ccc(NC(=*)c3ccccc3)cc2)cc1,158.0,208.22836
*NCCCCCCCCCCCCCCNC(=O)NCCCCCCNC(*)=O,47.0,27.56327
*CC(*)C(=O)OCC(F)(F)F,3.1000000000000227,7.4589233
*CC1C(=O)OC(=O)C1C(*)OCCCC,118.0,108.08919
*Oc1ccc(Sc2ccc(Oc3ccc4c(c3)C(=O)N(c3cccc(Oc5cccc(Oc6cccc(N7C(=O)c8ccc(*)cc8C7=O)c6)c5)c3)C4=O)cc2)cc1,190.5,174.75687
*CC1=CCC(C(*)(C)C)CC1,77.0,59.377907
*C=CC1CC(*)C2C(=O)N(c3ccccc3C)C(=O)C12,248.0,203.86465
*Oc1cccc2c(Oc3ccc4c(c3)C(=O)N(c3cccc(N5C(=O)c6ccc(*)cc6C5=O)c3)C4=O)cccc12,260.0,254.85509
*C(=O)c1cccc(C(=O)c2ccc(Oc3ccc(Cc4ccc(Oc5ccc(*)cc5)cc4)cc3)cc2)c1,145.0,131.0053
*C(=O)c1ccc(N(*)CCCCC)cc1,83.5,84.13536
*Nc1ccc(Oc2ccc(N3C(=O)c4ccc(C(*)=O)cc4C3=O)cc2)cc1,295.0,308.49255
*C(=O)c1cccc(N2C(=O)c3ccc(C(=O)c4ccc5c(c4)C(=O)N(c4ccc(*)cc4)C5=O)cc3C2=O)c1,282.0,294.96918
*c1ccc2c(c1)C(=O)N(CC1CCCC(CN3C(=O)c4ccc(C(*)(C(F)(F)F)C(F)(F)F)cc4C3=O)C1)C2=O,222.0,216.01447
*CN1C(=O)c2ccc(C(c3ccc4c(c3)C(=O)N(CC(=O)Nc3ccc(Oc5ccc6nc(-c7ccccc7)c(-c7ccc(Oc8ccc(-c9nc%10cc(Oc%11ccc(NC(*)=O)cc%11)ccc%10nc9-c9ccccc9)cc8)cc7)nc6c5)cc3)C4=O)(C(F)(F)F)C(F)(F)F)cc2C1=O,260.0,256.3664
*C=Cc1ccc(OCCCCCCOC(=O)c2ccc(-c3nnc(-c4ccc(C(=O)OCCCCCCOc5ccc(/C=C/C(*)=O)cc5)cc4)o3)cc2)cc1,62.0,82.72721
*c1ccc(Oc2ccc(-c3cnc(-c4ccc(Oc5ccc(C(*)(C)C)cc5)c(C(F)(F)F)c4)o3)cc2C(F)(F)F)cc1,185.0,149.16081
*C(=O)c1ccc(Oc2ccc(-c3c4c(c(-c5ccc(Oc6ccc(*)cc6)cc5)c5ccccc35)C(=O)N(c3ccc(Cl)cc3)C4=O)cc2)cc1,272.0,253.61118
*O[Si](*)(C)CC[Si](C)(C)O[Si](C)(C)CCCOc1cc(OC(=O)c2ccc(OCCCC)cc2)ccc1/N=N/c1ccc(OCCCC)cc1,-4.0,6.523041
*Oc1ccc(OC(=O)c2cc(OCCCCCCCCCCC(F)(F)C(F)(F)C(F)(F)C(F)(F)C(F)(F)C(F)(F)C(F)(F)C(F)(F)C(F)(F)C(F)(F)F)cc(C(*)=O)c2)cc1,137.0,81.11104
*Cc1ccc(OC(=O)Oc2ccc(CCC(=O)NC(*)C(=O)OCC)cc2)cc1,96.0,61.165237
*C(=O)c1ccc2c(c1)C(=O)N(c1ccc(Oc3ccc(C(c4ccc(Oc5ccc(N6C(=O)c7ccc(*)cc7C6=O)cc5C(F)(F)F)cc4)(C(F)(F)F)C(F)(F)F)cc3)c(C(F)(F)F)c1)C2=O,220.0,249.11108
*CC(*)(C)C(=O)OCCF,90.0,78.67581
*Nc1ccc(-c2c(-c3ccc(-c4ccccc4)cc3)cc(-c3ccc(OCCCCCCOc4ccc(-c5cc(-c6ccc(-c7ccccc7)cc6)c(-c6ccc(NC(=O)c7ccc(C(*)=O)cc7)cc6)c(-c6ccc(-c7ccccc7)cc6)c5)cc4)cc3)cc2-c2ccc(-c3ccccc3)cc2)cc1,121.5,168.15028
*OC(=O)c1ccc(CCCCc2ccc(C(*)=O)cc2)cc1,46.0,40.487152
*=NP(=NP(=NS(=*)(=O)Nc1ccccc1)(Nc1ccccc1)Nc1ccccc1)(Nc1ccccc1)Nc1ccccc1,82.0,68.07176
*OC1COC2C(OC(=O)c3ccc(/N=N/c4ccc(C(*)=O)cc4)cc3)COC12,98.0,145.86476
*CC(*)c1ccc(-c2cccc3nsnc23)cc1,150.0,157.52295
*c1ccc(Oc2c(F)c(F)c(COC(c3cccc(C(OCc4c(F)c(F)c(Oc5ccc(C(*)(C)C)cc5)c(F)c4F)(C(F)(F)F)C(F)(F)F)c3)(C(F)(F)F)C(F)(F)F)c(F)c2F)cc1,98.0,106.399704
*c1cc(C)c(OC(=O)c2ccc(N3C(=O)CC(Nc4ccc(NC5CC(=O)N(c6ccc(C(=O)Oc7c(C)cc(C(*)c8cccnc8)cc7C)cc6)C5=O)cc4)C3=O)cc2)c(C)c1,212.0,203.38132
*C(=O)c1ccc2c(c1)C(=O)N(c1cccc(C(c3ccccc3)(c3cccc(N4C(=O)c5ccc(*)cc5C4=O)c3)C(F)(F)F)c1)C2=O,311.0,261.53046
*c1ccc(OCC(O)COc2ccc(C(C)(C)c3ccc(OCC(O)COc4ccc(S(*)(=O)=O)cc4C)cc3)cc2)c(C)c1,117.5,128.46498
*c1ccc(-c2ccc(-c3nc4ccc(-c5ccc6nc(*)c(-c7ccccc7)c(-c7ccccc7)c6c5)cc4c(-c4ccccc4)c3-c3ccccc3)cc2)cc1,420.0,373.69598
*c1ccc(C(=O)Oc2cccc(OC(=O)c3ccc([Si](*)(C)C)cc3)c2)cc1,134.0,163.62398
*Oc1ccc(C(c2ccc(Oc3cccc4c3C(=O)N(c3ccc(Oc5ccc(N6C(=O)c7cccc(*)c7C6=O)cc5)cc3)C4=O)cc2)(C(F)(F)F)C(F)(F)F)cc1,226.0,222.6756
*CC(*)(C)C(=O)OCCO[N+](=O)[O-],55.0,69.00669
*CC(O)CCCCC(O)CN(*)c1ccc(N(C)C)cc1,72.0,21.470833
*C(F)(F)C(*)(F)Cl,69.47500000000002,155.47282
*CCP(=O)(CCC(=O)NCCCCCCNC(*)=O)c1ccccc1,29.0,37.948883
*Nc1ccc(Oc2ccc(-c3ccc(Oc4ccc(NC(=O)c5ccc(Oc6ccc(Oc7ccc(C(*)=O)cc7)cc6-c6ccccc6)cc5)cc4)cc3)cc2)cc1,232.0,217.00392
*O[Si](*)(C)CCCCCCCCCCCOc1ccc(/C=C/c2ccc(C#N)cc2)cc1,-54.99999999999997,8.214508
*O[Si](C)(C)c1ccc([Si](C)(C)O[Si](*)(C)C)cc1,-62.49999999999997,-56.62413
*=Cc1ccc(C=*)cc1,137.425,121.48045
*CCSC(*)C,-58.99999999999997,-61.7471
*Nc1ccc(Oc2ccc(Oc3ccc(NC(=O)c4ccc5c(c4)C(=O)N(c4ccc(Oc6ccc(N7C(=O)c8ccc(C(*)=O)cc8C7=O)cc6)cc4)C5=O)cc3)cc2)cc1,260.0,257.28735
*Oc1ccc(Sc2ccc(Oc3ccc4c(c3)C(=O)N(c3ccc(Oc5cccc(Oc6ccc(N7C(=O)c8ccc(*)cc8C7=O)cc6)c5)cc3)C4=O)cc2)cc1,178.0,204.6429
*C1CCC2C(=O)N(c3ccc(Oc4ccc(Oc5ccc(Oc6ccc(N7C(=O)C8CCC(*)CC8C7=O)cc6)cc5)cc4)cc3)C(=O)C2C1,217.0,223.6332
*c1ccc(-c2nnc(-c3cccc(-c4nnc(*)n4-c4ccccc4)c3)n2-c2ccccc2)cc1,272.5,220.7276
*c1ccc(C(=O)Nc2ccc(C(=O)Nc3ccc(-c4sc(-c5ccc(NC(=O)c6ccc(NC(=O)c7ccc([Si](*)(C)C)cc7)cc6)cc5)c(-c5ccccc5)c4-c4ccccc4)cc3)cc2)cc1,337.0,293.5283
*Cc1cc(C)c(N2C(=O)c3ccc(C(=O)OCCN(CCOC(=O)c4ccc5c(c4)C(=O)N(c4c(C)cc(*)cc4C)C5=O)c4ccc(/N=N/c5ccc([N+](=O)[O-])cc5)cc4)cc3C2=O)c(C)c1,179.0,198.78539
*CCCCCOC(*)=O,54.950000000000045,-33.38571
*c1ccc(-c2ccc(Oc3ccc(C(c4ccc(Oc5ccc(*)cc5C(F)(F)F)cc4)(C(F)(F)F)C(F)(F)F)cc3)c(C(F)(F)F)c2)cc1,207.5,177.1378
*c1ccc2c(c1)C(=O)N(c1cccc(OCCCCCOc3cccc(N4C(=O)c5ccc(*)cc5C4=O)c3)c1)C2=O,165.0,151.97612
*C(F)(F)C1(*)OC(F)(C(F)(F)F)C(F)(C(F)(F)F)O1,165.0,188.91724
*Oc1ccc(-c2ccc(OC(=O)c3ccc(C(*)=O)cc3)c(-c3ccccc3)c2)cc1,132.0,198.06697
*C(=O)c1ccc(Oc2ccc(C(=O)c3ccc(Oc4ccc(Cc5ccc(Oc6ccc(*)cc6)cc5)cc4)cc3)cc2)cc1,128.0,150.25708
*CCCCn1c(=O)c2cc3c(=O)n(CCC(*)C)c(=O)c3cc2c1=O,135.0,126.84825
*CCCCCN1C(=O)c2ccc(C(=O)Oc3ccc4ccc(OC(*)=O)cc4c3)cc2C1=O,113.0,79.4768
*c1ccc(/N=N/c2ccc(OCC)cc2)cc1C(=O)OCCCOC(=O)c1cc(/N=N/c2ccc(OCC)cc2)ccc1*,101.0,121.84437
*CCC(C)O[Si](C)(C)O[Si](C)(C)O[Si](C)(C)OC(*)C,-89.99999999999997,-80.41185
*Cc1cocc1[CH2][Ge]([*])([CH3])[CH3],-27.99999999999997,60.53659
*CC(*)c1ccc(C(=O)N2CCOCC2)cc1,127.0,161.92873
*C1C(=O)OC(=O)C1C1C2CC(C(=O)OCCOCC)C(C2)C1*,155.0,207.56154
*Oc1ccccc1Oc1ccc2c(c1)C(=O)N(c1ccc(Oc3ccc(C(c4ccc(Oc5ccc(N6C(=O)c7ccc(*)cc7C6=O)cc5C(F)(F)F)cc4)(C(F)(F)F)C(F)(F)F)cc3)c(C(F)(F)F)c1)C2=O,191.0,202.39752
*NCCCCCCCNC(*)=O,62.0,82.89728
*C=[CH][Ge]([CH]=C[Si](*)(c1ccccc1)c1ccccc1)([c]1ccccc1)[c]1ccccc1,28.0,11.06694
*CCC(=O)NCCCCCCNC(=O)CCC(C)(C)c1ccc(C(*)(C)C)cc1,93.25,70.11195
*C(CC1C(=O)OC(=O)C1*)c1ccccc1,212.0,196.96832
*c1ccc(OC(=O)Oc2ccc(C(*)(C)C)cc2Cl)c(Cl)c1,147.0,153.63928
*Nc1ccc(N2C(=O)CC(N3C(=O)c4ccc(C(*)=O)cc4C3=O)C2=O)cc1,120.0,154.01282
*COc1ccc(C(C)(c2ccccc2)c2ccc(OCC(*)OC(C)=O)cc2)cc1,110.0,92.732574
*C(=O)Oc1ccc(OC(=O)c2ccc(*)cc2Sc2ccc(C)cc2)cc1,134.0,144.97124
*C(=O)c1ccc(Oc2ccc(C3(c4ccc(Oc5ccc(C(*)=O)cc5)cc4)c4ccccc4-c4ccccc43)cc2)cc1,242.0,248.9538
*CC(*)(C)C(=O)OCc1ccsc1,83.5,83.079575
*CCCCCCCCC(=O)NCCCCCCNC(*)=O,39.85000000000002,24.605865
*OCCCCCCOc1ccc(-c2ccc(*)c3ccccc23)c2ccccc12,109.0,134.64702
*c1ccc2oc(-c3ccc(-c4nc5cc(C(*)(C(F)(F)F)C(F)(F)F)ccc5o4)nc3)nc2c1,352.0,299.86612
*CCCCC(=O)Oc1ccc(C2(c3ccc(OC(*)=O)cc3)c3ccccc3-c3ccccc32)cc1,166.0,166.10092
*c1ccc(-c2ccc(-c3cnc4cc(-c5ccc6nc(*)cnc6c5)ccc4n3)cc2)cc1,345.5,384.40955
*C=Cc1ccc2c(c1)C(CCCCCCOc1ccc3ccc(=O)oc3c1)(CCCCCCOc1ccc3ccc(=O)oc3c1)c1cc(C=Cc3ccc4c(c3)C(CCCCCC)(CCCCCC)c3cc(*)ccc3-4)ccc1-2,115.0,79.42422
*Oc1ccc(C(=C(Cl)Cl)c2ccc(OC(*)=O)cc2)cc1,167.0,163.41084
*C(=O)c1ccc2c(c1)C(=O)N(c1ccc(C(c3ccc(N4C(=O)c5ccc(*)cc5C4=O)cc3)(C(F)(F)F)C(F)(F)F)cc1)C2=O,308.03,301.28638
*CC(*)(C)C(=O)OCCCCOc1ccc(OC(=O)c2ccc(OCCCCCCCC)cc2)cc1,10.0,47.78409
*c1ccc2c(c1)C(=O)N(c1ccc(Oc3ccc(C(c4ccc(Oc5ccc(N6C(=O)c7ccc(*)cc7C6=O)cc5C(F)(F)F)cc4)(C(F)(F)F)C(F)(F)F)cc3)c(C(F)(F)F)c1)C2=O,223.0,249.92184
*C=C[Si](*)(c1ccccc1)c1ccccc1,-9.0,17.873589
*c1ccc(Oc2ccc(S(=O)(=O)c3ccc(Oc4ccc(C(*)(C)C)cc4C(O)(C(F)(F)F)C(F)(F)F)cc3)cc2)c(C(O)(C(F)(F)F)C(F)(F)F)c1,167.0,181.48799
*C(=O)OCCOC(=O)c1ccc(-c2ccc(*)cc2C)c(C)c1,73.0,128.5713
*Oc1ccc(OC(=O)c2ccc(C(*)=O)cc2Oc2ccc(Cl)cc2)cc1,107.0,148.67632
*CC(*)c1cc(-c2ccc(C(=O)OC(C)CC)cc2)ccc1-c1ccc(C(=O)OC(C)CC)cc1,212.5,132.74687
*CC(*)c1ccc(Cl)cc1,119.925,137.49245
*OCCCCCCCCCCOc1ccc(/C=C/c2ccc(OCCCCCCCCCCOP(*)(=O)OCCCCCCCCCCOc3ccc(/N=N/c4ccc(-c5ccccc5)cc4)cc3)cc2)cc1,50.0,45.486565
*NCC(F)(F)C(F)(F)C(F)(F)C(F)(F)CNC(=O)OCCCCOC(*)=O,33.0,16.846382
*Oc1ccc(C(=O)Nc2ccc(Oc3ccc(-c4ccc(Oc5ccc(NC(=O)c6ccc(Oc7ccc(*)cc7C)cc6)cc5)cc4)cc3)cc2)cc1,220.0,187.84598
*/C(CC)=C(/*)c1ccccc1,200.0,173.56165
*Nc1ccc(Oc2ccc(NC(=O)c3cc(C(*)=O)cc(C(F)(F)C(F)(F)C(F)(F)C(F)(F)F)c3)cc2)cc1,257.0,271.3308
*O[Si](C)(C)O[Si](C)(C)O[Si](C)(C)c1ccc([Si](C)(C)O[Si](C)(C)O[Si](*)(C)C)cc1,-79.99999999999997,-60.01906
*CCN(*)C(=O)C12CC3CC(CC(C3)C1)C2,123.0,158.51096
*c1ccc(NC(=O)OCCN(CCOC(=O)Nc2ccc(*)cc2C)c2ccc(/N=N/c3ccc([N+](=O)[O-])cc3)cc2)c(C)c1,119.5,167.11304
*CC(*)(C)C(=O)OCC1CCCO1,105.0,88.967545
*Nc1ccc(-c2nc3cc(NC(=O)c4ccc(OCCOCCOCCOCCOc5ccc(C(*)=O)cc5)cc4)ccc3[nH]2)cc1,140.0,135.89075
*Nc1ccc2c(c1)C(=O)N(c1cccc(P(=O)(c3ccccc3)c3cccc(N4C(=O)c5ccc(NC(=O)OCCOc6ccc(P(=O)(c7ccccc7)c7ccc(OCCOC(*)=O)cc7)cc6)cc5C4=O)c3)c1)C2=O,218.0,187.9764
*CCc1ccc(*)cc1C,54.85000000000002,30.045937
*c1ccc2c(c1)C(=O)N(c1ccc(-c3ccc(N4C(=O)c5ccc(C(*)(C(F)(F)F)C(F)(F)F)cc5C4=O)c(O)c3)cc1O)C2=O,358.0,338.5149
*NCCCCCCCCCCCCCCCCCCNC(=O)NCc1ccc(CNC(*)=O)cc1,52.0,42.660698
*C(=O)c1ccc(Oc2ccc(-c3[nH]c(-c4ccccc4)nc3-c3ccc(Oc4ccc(*)cc4)cc3)cc2)cc1,259.0,248.76251
*Oc1cccc(Oc2ccc3c(c2)C(=O)N(c2ccc(Oc4ccc(S(=O)(=O)c5ccc(Oc6ccc(N7C(=O)c8ccc(*)cc8C7=O)cc6)cc5)cc4)cc2)C3=O)c1,201.0,211.1142
*c1ccc2c(c1)C(=O)N(c1ccc(Oc3cccc(N4C(=O)c5ccc(*)cc5C4=O)c3)cc1)C2=O,259.0,262.93207
*CCCCCCN1C(=O)C(=O)N(*)C1=O,55.0,99.8127
*c1ccc2c(c1)C(=O)N(c1ccc(Oc3ccc(N4C(=O)c5ccc(C(*)O[Si](C)(C)O[Si](C)(C)O[Si](C)(C)C)cc5C4=O)cc3)cc1)C2=O,167.0,196.26839
*OC1CCCCC1*,68.5,71.40359
*c1ccc2nc(-c3ccc(C4(c5ccc(-c6cc(-c7ccccc7)c7cc(C8(*)c9ccccc9C(=O)c9ccccc98)ccc7n6)cc5)c5ccccc5-c5ccccc54)cc3)cc(-c3ccccc3)c2c1,405.0,401.92407
*c1cc2c(s1)c1sc(-c3sc(-c4ccc(-c5cc(CCCCCC)c(*)s5)c5nsnc45)cc3CCCCCC)cc1n2CC(CC)CCCC,90.0,116.343185
*CC(CCCC)O*,-68.99999999999997,-74.507126
*Oc1ccc2c(c1)C(=O)N(c1ccc(Sc3ccc(Sc4ccc(N5C(=O)c6ccc(*)cc6C5=O)cc4)s3)cc1)C2=O,218.0,228.33522
*CCC(C)(C)C(*)(C)C,87.0,14.449234
*c1ccc(Oc2ccc(S(*)(=O)=O)c3ccccc23)cc1,238.0,285.00165
*CC1(*)CCCCC1,100.0,92.39905
*NC(=O)OCCCCCOC(=O)c1ccccc1C(=O)[O][Pb][O]C(=O)c1ccccc1C(=O)OCCCCCOC(=O)Nc1ccc(C)c(*)c1,-11.299999999999956,-1.5720062
*OCCCCCCOc1ccc(/C=N/c2nc(-c3ccc(Oc4ccc(-c5csc(/N=C/c6ccc(*)cc6)n5)cc4)cc3)cs2)cc1,117.0,144.10208
*O[Si](*)(C)CCCCCCCCCCC(=O)Oc1ccc(OC(=O)c2ccc(OCC(C)CC)cc2)cc1,13.400000000000034,7.0587463
*[Si](*)(C)CCC(F)(F)F,-3.0,-15.606628
*C1C=C(CCCCCC)C(*)S1,58.05000000000001,9.016983
*Oc1ccc(Oc2cccc(Oc3cccc4c3C(=O)N(c3ccc(Oc5ccc(N6C(=O)c7cccc(*)c7C6=O)cc5)cc3)C4=O)c2)cc1,239.0,214.28056
*Oc1ccc(Sc2ccc(Oc3cccc4c3C(=O)N(c3ccc(Oc5ccc(N6C(=O)c7cccc(*)c7C6=O)cc5)cc3)C4=O)cc2)cc1,234.0,229.98138
*Oc1ccc(Oc2ccc(/C=N/c3ccc(/N=C/c4ccc(*)cc4)cc3)cc2)cc1,117.0,154.41742
*Nc1ccc(-c2nc(-c3ccc(/C=C/c4ccc([N+](=O)[O-])cc4)cc3)[nH]c2-c2ccc(NC3CC(=O)N(c4ccc(Cc5ccc(N6C(=O)CC(*)C6=O)cc5)cc4)C3=O)cc2)cc1,250.0,272.82697
*CCCCCCCCCC(=O)NCCc1ccc(CCNC(*)=O)cc1,96.0,86.93443
*COCC(*)(CC)COC(=O)C(=C)C,40.0,11.027252
*CC(*)(F)C(=O)OCCC(F)(F)C(F)(F)C(F)(F)C(F)(F)C(F)(F)C(F)(F)C(F)(F)C(F)(F)F,87.5,61.89653
*CC(*)(C)C(=O)OCCCCCCCCCCCn1c2ccccc2c2ccccc21,31.0,7.295807
*c1ccc(C(=O)NCCCCNC(=O)c2ccc(C(*)(C)CC)cc2)cc1,182.0,166.93634
*CC(*)CNc1ccc([N+](=O)[O-])cc1C,151.0,148.17616
*CC(*)C(=O)NCCC[N+](C)(C)CCCS(=O)(=O)O,141.5,131.05196
*Cc1ccc(C(=O)NCCCNC(*)=O)cc1,109.0,113.17785
*CCc1ccc(*)c2ccccc12,160.0,123.55362
*Oc1ccc(C2(c3ccc(Oc4ccc5c6c4cccc6c(=O)n4c6ccc(Oc7ccc8nc9c%10cccc%11c(*)ccc(c(=O)n9c8c7)c%11%10)cc6nc54)cc3)c3ccccc3-c3ccccc32)cc1,396.0,392.23846
*C(=O)c1ccc(-c2ccc(C(=O)c3ccc(Oc4ccc(-c5[nH]c(-c6ccccc6)nc5-c5ccc(Oc6ccc(*)cc6)cc5)cc4)cc3)cc2)cc1,258.0,228.12651
*CC(*)(C)C(=O)OCCCC,22.42500000000001,19.475555
*Oc1cc2ccccc2cc1OC(=O)c1ccc(Oc2ccc(C(*)=O)cc2)cc1,148.0,167.58151
*c1cc(C)c(NC(=O)c2ccc(Oc3cc(C(C)(C)C)c(Oc4ccc(C(=O)Nc5c(C)cc(C(*)(C)C)cc5C)cc4)cc3C(C)(C)C)cc2)c(C)c1,295.0,268.786
*C(=O)C(F)(F)C(F)(F)C(F)(F)C(=O)N(CCCCCCN(*)CC(F)(F)C(F)(F)F)CC(F)(F)C(F)(F)F,174.0,78.781784
*C=Nc1cc(C)c(N2C(=O)c3ccc4c5ccc6c7c(ccc(c8ccc(c3c48)C2=O)c75)C(=O)N(c2cc(C)c(/N=C/c3ccc(OCc4ccccc4COc4ccc(*)cc4OC)c(OC)c3)cc2C)C6=O)cc1C,143.0,214.4908
*Nc1ccc(Oc2ccc(-c3ccc(Oc4ccc(NC(=O)c5ccc(N6C(=O)c7ccc(C(c8ccc9c(c8)C(=O)N(c8ccc(C(*)=O)cc8)C9=O)(C(F)(F)F)C(F)(F)F)cc7C6=O)cc5)cc4)cc3)cc2)cc1,296.0,274.97998
*CC(*)C(=O)OCC(F)(F)C(F)(F)C(F)(F)C(F)F,-34.99999999999997,-25.308044
*Cc1cc(C)c(N2C(=O)c3ccc(C(=O)Nc4cc(NC(=O)c5ccc6c(c5)C(=O)N(c5c(C)cc(*)cc5C)C6=O)ccc4/N=N/c4ccc([N+](=O)[O-])cc4)cc3C2=O)c(C)c1,264.0,276.82764
*c1ccc(N2C(=O)c3ccc(-c4ccc5c(c4)C(=O)N(c4ccc(*)cc4C)C5=O)cc3C2=O)c(C)c1,302.0,347.3949
*c1ccc(Oc2ccc3c(c2)C(=O)N(c2ccc(O)c(N4C(=O)c5ccc(Oc6ccc(C(*)(C)C)cc6)cc5C4=O)c2)C3=O)cc1,246.0,247.2608
*Oc1ccc(C2(c3ccc(OC(*)=O)c(Cl)c3)CCCCC2)cc1Cl,179.0,144.91508
*Oc1ccc(C2(c3ccc(Oc4ccc5c(c4)C(=O)N(c4ccc(Oc6ccc(N7C(=O)c8ccc(*)cc8C7=O)cc6)cc4)C5=O)cc3)CCCCCCCCCCC2)cc1,230.0,226.5969
*Nc1ccc(N2C(=O)c3ccc(C(=O)Nc4ccc(NC(=O)c5ccc6c(c5)C(=O)N(c5ccc(NC(*)=O)cc5)C6=O)cc4)cc3C2=O)cc1,216.0,241.77051
*C=Nc1ccc(C(=O)OCCCCOCCCCOCCCCOC(=O)c2ccc(/N=C/c3cc(OCCC(C)CCCC(C)C)c(*)cc3OCCC(C)CCCC(C)C)cc2)cc1,-4.7999999999999545,3.4509583
*COC(=O)c1ccc(C(=O)OCC(*)(C)CC)cc1,63.0,33.92089
*Nc1ccc(Oc2ccc(Oc3ccc(NC(=O)c4ccc5c(c4)C(=O)N(c4ccc(Oc6cccc7c(Oc8ccc(N9C(=O)c%10ccc(C(*)=O)cc%10C9=O)cc8)cccc67)cc4)C5=O)cc3)cc2)cc1,285.0,245.435
*Nc1cccc(C(=O)c2ccc(Oc3ccc(Oc4ccc(C(=O)c5cccc(NC(=O)c6ccc(C(*)=O)cc6)c5)cc4)cc3)cc2)c1,210.0,189.77255
*Nc1ccc(S(=O)(=O)c2ccc(NC(=O)c3ccc(Oc4ccc(C(=O)c5ccc(S(=O)(=O)c6ccc(C(=O)c7ccc(Oc8ccc(C(*)=O)cc8)cc7)cc6)cc5)cc4)cc3)cc2)cc1,260.0,229.35745
*CNC*,-35.77499999999998,-47.690094
*c1cccc(P(=O)(c2ccccc2)c2cccc(-n3c(=O)c4c(-c5ccc(C(F)(F)F)cc5)c5c(=O)n(*)c(=O)c5c(-c5ccc(C(F)(F)F)cc5)c4c3=O)c2)c1,334.0,352.31677
*Sc1ccc(Sc2ccc(Sc3ccc4c(c3)C(=O)N(c3ccc(Sc5ccc(Sc6ccc(N7C(=O)c8ccc(*)cc8C7=O)cc6)cc5)cc3)C4=O)cc2)cc1,190.75,191.17303
*CCCCC(=O)NCC(=O)NCCCCCCNC(*)=O,53.400000000000034,80.737366
*C(=O)c1ccc2c(c1)C(=O)N(c1ccc(Oc3ccc(N4C(=O)c5ccc(C(=O)c6ccc(Oc7ccc(Oc8ccc(*)cc8)cc7)cc6)cc5C4=O)cc3)cc1)C2=O,220.0,214.20627
*Oc1cccc(Sc2ccc(Oc3cccc4c3C(=O)N(c3cccc(N5C(=O)c6cccc(*)c6C5=O)c3)C4=O)cc2)c1,231.0,233.6111
*Oc1ccc(-n2c(=O)c3cc4c(=O)n(-c5ccc(Oc6cc(C(C)(C)C)ccc6*)cc5)c(=O)c4cc3c2=O)cc1,321.0,299.57324
*c1cccc(N2C(=O)c3ccc(NC(=O)OCCOc4ccc(P(=O)(c5ccccc5)c5ccc(OCCOC(=O)Nc6ccc7c(c6)C(=O)N(c6cccc(P(*)(C)=O)c6)C7=O)cc5)cc4)cc3C2=O)c1,201.0,164.85474
*OCCCCCCCCCOC(=O)c1ccc2cc(C(*)=O)ccc2c1,50.0,35.421204
*Nc1ccc(-c2ccccc2NC(=O)c2cccc(C(*)=O)c2)cc1,248.0,290.01935
*COC(=O)C1(C)CNC(C)(C(=O)OCC(C)(C)CSCC(*)(C)C)CN1,40.0,30.354698
*c1ccc2c(c1)C(=O)N(c1ccc(Oc3cccc(-c4cc(-c5ccccc5)cc(-c5cccc(Oc6ccc(N7C(=O)c8ccc(C(*)(C(F)(F)F)C(F)(F)F)cc8C7=O)cc6)c5)n4)c3)cc1)C2=O,180.0,248.95486
*Oc1ccc(-c2ccc(OC(=O)c3ccc4c(c3)C(=O)N(CCCCN3C(=O)c5ccc(C(*)=O)cc5C3=O)C4=O)cc2)cc1,126.0,156.15697
*CCN(*)C(=O)C(OC)(c1ccccc1)C(F)(F)F,89.0,58.079483
*CCCCCCCCC(=O)Nc1cccc(NC(*)=O)c1,110.0,97.920654
*Oc1ccc2c(c1)C(=O)N(c1cccc(N3C(=O)c4ccc(*)cc4C3=O)c1)C2=O,270.5,292.7431
*CCc1ccc(OC(=O)CCCCCCC(=O)Oc2ccc(CC(NC(*)=O)C(=O)OCc3ccccc3)cc2)cc1,47.0,30.398506
*OCCCCCOC(=O)c1ccc(-c2ccc(-c3ccc(C(*)=O)cc3)cc2)cc1,40.0,99.12045
*c1ccc2c(c1)C(=O)N(c1c(F)c(F)c(N3C(=O)c4ccc(C(*)(C(F)(F)F)C(F)(F)F)cc4C3=O)c(F)c1F)C2=O,375.5,368.22418
*CC(*)c1ccc(C(=O)CCCCC)cc1,66.0,48.89235
*CC(*)(C)C(=O)OCC1COCCOCCOCCO1,35.0,43.735573
*Nc1ccc(C(=O)OCCCCCCCCCCCCOC(=O)c2ccc3c(c2)C(=O)N(c2ccc(C(*)=O)cc2)C3=O)cc1,74.0,88.745926
*Nc1ccc(Oc2ccc(-c3nnc(-c4ccc(Oc5ccc(NC(=O)c6cc(C(*)=O)cc(N7C(=O)c8ccccc8C7=O)c6)cc5)cc4)o3)cc2)cc1,285.0,270.11685
*Oc1ccc(OC(=O)c2ccc(C(*)=O)cc2Oc2ccccc2)cc1,105.0,139.20152
*Oc1ccc(-c2ccc(Oc3ccc4c(c3)C(=O)N(c3ccc(Oc5ccc(Oc6ccc(N7C(=O)c8ccc(*)cc8C7=O)cc6)cc5)cc3)C4=O)cc2)cc1,222.0,218.43866
*c1cc(C)c(/N=C/c2ccc(OCc3ccc(COc4ccc(/C=N/c5cc(C)c(N6C(=O)c7ccc8c9ccc%10c%11c(ccc(c%12ccc(c7c8%12)C6=O)c%119)C(=O)N(*)C%10=O)cc5C)cc4)cc3)cc2)cc1C,130.0,168.85785
*CCCCCCCCC(=O)OCC#CC(C#CCOC(*)=O)=Cc1ccc(C#Cc2ccc(C=C(C#Cc3ccccc3)C#Cc3ccccc3)cc2)cc1,60.0,90.22708
*c1ccc(OC(=S)Oc2ccc(C(*)CCC)cc2)cc1,130.0,138.24841
*CC(*)C(=O)OCCCn1c2ccccc2c2ccccc21,83.0,62.77829
*C(=O)c1ccc2c(c1)C(=O)N(c1cc(N3C(=O)c4ccc(*)cc4C3=O)ccc1OCC(F)(F)C(F)(F)C(F)(F)F)C2=O,262.0,294.46304
*O[Si](*)(C)CCCCCCCCCCC(=O)Oc1ccc(C(=O)Oc2ccc(OC(=O)c3ccc(OCC(C)CC)cc3)cc2)cc1,28.5,23.865562
*Oc1ccc(-c2ccc(Oc3ccc(S(=O)(=O)c4ccc(*)cc4N)c(N)c3)cc2)cc1,242.20000000000005,255.56062
*Sc1ccc(Sc2ccc(Sc3ccc4c(c3)C(=O)N(N3C(=O)c5ccc(*)cc5C3=O)C4=O)cc2)cc1,223.5,254.51627
*OC(=O)c1ccc(OCCOc2ccc(C(*)=O)cc2)cc1,45.0,94.82643
*CCCOC(*)=O,1.5,-28.659134
*CC(*)OC(=O)c1ccc(CC)cc1,57.0,62.771797
*c1ccc(OCC(COc2ccc(C(*)(C)C)cc2)OC(=O)c2ccccc2)cc1,65.0,82.134636
*CC(*)C(=O)OCCCSCC,-75.99999999999997,-58.63997
*OC(=O)c1ccc(C(=O)[O][Sn]([*])([CH2]CCC)[CH2]CCC)cc1,315.0,173.24371
*CC(*)(C)C(=O)OCc1ccco1,111.0,60.35737
*c1ccc(OC(=O)c2ccc(C(=O)Oc3ccc(C(*)(CC)c4ccccc4)cc3)cc2)cc1,243.0,205.35403
*C=Cc1ccc(*)cc1OCc1cc(OCc2cc(OCCC(C)CCCC(C)C)cc(OCCC(C)CCCC(C)C)c2)cc(OCc2cc(OCC(CC)CCCC)cc(OCC(CC)CCCC)c2)c1,223.0,94.25538
*Oc1cccc(Oc2cccc3c2C(=O)N(c2cccc(N4C(=O)c5cccc(*)c5C4=O)c2)C3=O)c1,241.0,260.36743
*c1ccc(Nc2ccc(C(=O)c3ccc(C(=O)c4ccc(Nc5ccc(C(C)(C)c6cccc(C(*)(C)C)c6)cc5)cc4)cc3)cc2)cc1,177.0,136.46935
*Oc1cccc2c(Oc3ccc4c(c3)C(=O)N(c3ccc(Oc5ccc(S(=O)(=O)c6ccc(Oc7ccc(N8C(=O)c9ccc(*)cc9C8=O)cc7)cc6)cc5)cc3)C4=O)cccc12,201.0,234.06946
*CNC(=O)c1cccc(C(=O)NCC2CC(*)CC(C(C)(C)C)C2)c1,209.0,262.18253
*Oc1cccc2c1C(=O)N(c1ccc(Oc3ccc(N4C(=O)c5cccc(*)c5C4=O)cc3)cc1)C2=O,293.75,279.87268
*C=CC1CC(*)CC1(C#N)[Si](C)(C)O[Si](C)(C)C,88.0,82.38288
*c1ccc(Oc2ccc(-c3ccc(N4C(=O)c5ccc(C(=O)c6ccc7c(c6)C(=O)N(c6ccc(-c8ccc(Oc9ccc%10c(c9)C(*)(C)CC%10(C)C)c(C(F)(F)F)c8)cc6)C7=O)cc5C4=O)cc3)cc2C(F)(F)F)cc1,252.0,256.94653
*c1ccc2c(c1)C(=O)N(c1ccc(Oc3ccc(N4C(=O)c5ccc(C(*)O[Si](C)(C)C)cc5C4=O)cc3)cc1)C2=O,210.0,266.05035
*C=Nc1cc(C)c(N2C(=O)c3ccc4c5ccc6c7c(ccc(c8ccc(c3c48)C2=O)c75)C(=O)N(c2cc(C)c(/N=C/c3ccc(OCc4ccc(COc5ccc(*)cc5OC)cc4)c(OC)c3)cc2C)C6=O)cc1C,145.0,249.33884
*C(=O)c1ccc(Oc2cccc(C(=O)c3ccc(Oc4ccc(*)cc4)cc3)c2)cc1,146.0,155.1715
*C(=O)c1ccc2c(c1)C(=O)N(c1ccc(S(=O)(=O)c3ccc(N4C(=O)c5ccc(*)cc5C4=O)cc3)cc1)C2=O,307.0,328.74786
*CNC(=O)CCOCCC(=O)NCc1c(C)c(C)c(*)c(C)c1C,191.0,175.0629
*Cc1cc2cc(C(=O)Nc3cccc(NC(=O)c4cc5cc(*)c(OC(=O)COc6ccc7ccc(=O)oc7c6)cc5oc4=O)c3)c(=O)oc2cc1OC(=O)COc1ccc2ccc(=O)oc2c1,240.0,222.15826
*CCCCCC(*)CC,-72.99999999999997,-61.045883
*CCC1C(=O)N(CCCCCCCCCCCCCCCC)C(=O)C1*,65.60000000000002,41.51493
*CCCCCCCC(=O)Oc1ccccc1C(=O)OC(=O)c1ccccc1OC(*)=O,25.0,18.837868
*Nc1ccc(-c2ccc(N3C(=O)c4ccc(Oc5ccc6c(c5)C(=O)N(c5ccc(-c7ccc(NC(=O)c8cccc(C(*)=O)c8)cc7)cc5)C6=O)cc4C3=O)cc2)cc1,233.0,262.5534
*c1ccc(C(c2ccc(-n3c(=O)c4cc5c(=O)n(*)c(=O)c5cc4c3=O)cc2)(C(F)(F)F)C(F)(F)F)cc1,362.5,373.78552
*C(=O)c1ccc(Oc2ccc(N3C(=O)c4ccc(C(=O)c5ccc6c(c5)C(=O)N(c5ccc(Oc7ccc(*)cc7)cc5)C6=O)cc4C3=O)cc2)cc1,252.0,234.69528
*c1ccc(Cn2c(=O)c3cc4c(=O)n(Cc5ccc(C(*)(C)C)o5)c(=O)c4cc3c2=O)o1,138.0,89.35005
*Oc1ccc(-c2ccc(Oc3cccc4c3C(=O)N(c3ccc(Oc5cccc(Oc6ccc(N7C(=O)c8cccc(*)c8C7=O)cc6)c5)cc3)C4=O)cc2)cc1,224.0,234.29398
*C(=O)OCCCCCCn1c(=O)c2cc3c(=O)n(CCCCCCOC(=O)c4cc(*)cc(OCCCCCCOc5ccc(/N=N/c6ccc(C#N)cc6)cc5)c4)c(=O)c3cc2c1=O,46.0,58.795258
*c1ccc(-c2nc3ccc(-c4ccc5nc(*)c(-c6ccccc6)c(-c6ccccc6)c5c4)cc3c(-c3ccccc3)c2-c2ccccc2)cc1,400.0,390.01984
*c1ccc(-c2ccc(-c3sc(-c4ccc([Si](C)(C)[Si](C)(C)[Si](C)(C)[Si](C)(C)c5ccc(-c6cc(CCCCCCCC)c(*)s6)s5)s4)cc3CCCCCCCC)s2)s1,6.0,16.344559
*CC(*)C(=O)c1ccc(Cl)cc1,63.0,101.58067
*CC(*)(C)C(=O)OCCCOc1ccc(C(=O)Oc2ccc3ccc(=O)oc3c2)cc1,68.0,95.017334
*Sc1ccc2c(c1)C(=O)N(c1ccc(Oc3ccc4ccccc4c3-c3c(Oc4ccc(N5C(=O)c6ccc(*)cc6C5=O)cc4C(F)(F)F)ccc4ccccc34)c(C(F)(F)F)c1)C2=O,273.0,246.8815
*CC(*)C(=O)OCC(F)(F)C(F)(F)OC(F)(F)C(F)(F)C(F)(F)F,-67.99999999999997,-36.251236
*c1ccc2c(c1)C(=O)N(c1ccc(-c3ccc(N4C(=O)c5ccc(C(*)(C(F)(F)F)C(F)(F)F)cc5C4=O)cc3I)c(I)c1)C2=O,319.0,317.8832
*c1nc(C)nc(N(CCCCCCCCCCN(*)c2ccccc2)c2ccccc2)n1,48.0,28.499603
*CCCCCCC(=O)Nc1cccc(S(=O)(=O)c2cccc(NC(*)=O)c2)c1,125.0,122.635956
*CCCCCCCCCCCCCCCCCCCCC(*)COCCOCCOCCOCCOCc1ccc2ccc3cccc4ccc1c2c34,-20.99999999999997,-32.71263
*c1ccc2c(c1)C(=O)N(c1cccc3c(N4C(=O)c5ccc(C(*)(C(F)(F)F)C(F)(F)F)cc5C4=O)cccc13)C2=O,390.0,347.32166
*C(=O)OCCN(CCOC(=O)c1cc(*)cc(OCCN(C)c2ccc(S(=O)(=O)C(F)(F)C(F)(F)C(F)(F)C(F)(F)C(F)(F)C(F)(F)C(F)(F)C(F)(F)F)cc2)c1)c1ccc(S(=O)(=O)C(F)(F)C(F)(F)C(F)(F)C(F)(F)C(F)(F)C(F)(F)C(F)(F)C(F)(F)F)cc1,83.0,91.51878
*CCCCCCCCCCCCC(=O)NCCc1ccc(CCNC(*)=O)cc1,93.0,82.71518
*CC(*)c1cc(C(C)(C)C)ccc1C,87.0,131.38608
*N=Nc1ccc(Oc2ccc(/N=N/P(=O)(OCC)OCCOP(*)(=O)OCC)cc2)cc1,22.0,17.843903
*C(=O)c1ccc2c(c1)C(=O)N(c1ccc(Oc3cc4ccccc4cc3Oc3ccc(N4C(=O)c5ccc(*)cc5C4=O)cc3)cc1)C2=O,246.0,263.2049
*c1ccc(OC(Oc2ccccc2)(Oc2ccccc2)Oc2ccc(*)cc2C)c(C)c1,125.0,102.83025
*Oc1cccc(OC(=O)c2ccc(Oc3ccc(C(*)=O)cc3)cc2)c1,159.0,160.41098
*c1ccc(CCCCCCCCCCc2ccc(-c3c(-c4ccccc4)cc(-c4cccc(-c5cc(-c6ccccc6)c(*)c(-c6ccccc6)c5-c5ccccc5)c4)c(-c4ccccc4)c3-c3ccccc3)cc2)cc1,180.0,204.07962
*C(=O)c1cccc(C(=O)c2ccc(Oc3ccc(N4C(=O)c5ccc(Oc6ccc7c(c6)C(=O)N(c6ccc(Oc8ccc(*)cc8)cc6)C7=O)cc5C4=O)cc3)cc2)n1,208.6,196.9764
*CCCC1(C)CCN(C(=O)CCCC(=O)N2CCC(*)(C)CC2)CC1,58.0,57.324287
*Nc1ccc(C(=O)OCCCCCCCCCOC(=O)c2ccc3c(c2)C(=O)N(c2ccc(C(*)=O)cc2)C3=O)cc1,100.0,92.16286
*Oc1ccc(C(=O)c2ccc(-c3ccc(C(=O)c4ccc(Oc5ccc(*)cc5-c5ccc(S(=O)(=O)O)c(C)c5)cc4)cc3)cc2)cc1,182.0,201.70251
*c1ccc(OCOc2ccc(-c3oc(-c4ccc([N+](=O)[O-])cc4)nc3*)cc2)cc1,194.0,157.42789
*CC(*)C(=O)OCCC(C)OC,-55.99999999999997,-32.589737
*c1ccc(OCCCCCCOc2ccc(-c3ccc(OCC)cc3)cc2)c(N2C(=O)c3ccc(C(c4ccc5c(c4)C(=O)N(*)C5=O)(C(F)(F)F)C(F)(F)F)cc3C2=O)c1,150.3,154.84494
*Nc1ccc(S(=O)(=O)c2ccc(NC(=O)c3ccc4c(c3)C(=O)N(c3cccc(N5C(=O)c6ccc(C(*)=O)cc6C5=O)c3)C4=O)cc2)cc1,342.0,282.4046
*NC(=O)OCCN(CCOC(=O)NCC1(C)CC(*)CC(C)(C)C1)c1ccc(/N=N/c2ccc([N+](=O)[O-])cc2)cc1,137.0,131.40317
*Sc1ccc(Sc2ccc(Sc3ccc(Oc4ccc(*)cc4)cc3)cc2)cc1,84.0,106.33651
*CCCCCCCCCCCCCCCCC(=O)NCCCCCCNC(*)=O,47.0,11.360992
*C(=O)N1CCN(C(=O)c2cccc(*)c2)CC1,214.5,193.1995
*NCc1cccc(CNC(=O)c2ccccc2-c2ccccc2C(*)=O)c1,159.0,183.50449
*C(C)C(*)C(=O)OCCCC,90.0,46.951736
*Oc1cccc(Oc2cccc3c2C(=O)N(c2ccc(Oc4ccc(N5C(=O)c6cccc(*)c6C5=O)cc4)cc2)C3=O)c1,226.0,231.48883
*c1ccc(OCC(O)COC(=O)CCCCC(=O)OCC(O)COc2ccc(C(*)(C)C)cc2)cc1,34.0,40.0925
*C1C(*)C2CC1C(C(=O)OCCCc1ccccc1)C2C(=O)OCCCc1ccccc1,200.0,196.50728
*=Cc1cc(OC)c(/C=C(\c2ccc(OC)cc2)c2ccc(C(=*)c3ccc(OC)cc3)cc2)cc1OC,170.0,199.0939
*C(=O)c1ccccc1-c1ccccc1C(=O)c1ccc(Oc2ccc(C(c3ccc(Oc4ccc(*)cc4)cc3)(C(F)(F)F)C(F)(F)F)cc2)cc1,178.5,167.44867
*CC(*)(C)C(=O)OCCCCCCOc1ccc(C(=O)Oc2ccc(/N=N/c3ccc(Cl)cc3)c3ccccc23)cc1,50.0,48.87007
*c1ccc(Oc2ccc(NC(=O)c3ccc(N4C(=O)c5ccc(C(=O)Nc6ccc(Oc7ccc(C(*)(C)C)cc7)cc6)cc5C4=O)cc3)cc2)cc1,216.0,211.56003
*CC(*)c1ccccc1C(=O)OCCCCCC,45.0,41.849533
*CC(*)C(=O)NCCCCCCCC,-53.14999999999998,33.824295
*COC(=O)OC1COC2C(OC(=O)OCC(OC)C(*)OC)COC12,61.0,63.078056
*CN1C(=O)c2ccc(C(=O)c3ccc4c(c3)C(=O)N(CC(=O)Nc3ccc(Oc5ccc(NC(*)=O)cc5)cc3)C4=O)cc2C1=O,235.0,233.34988
*C1CCC(CC2CCC(N3C(=O)C4C5C=CC(C6C(=O)N(*)C(=O)C56)C4C3=O)CC2)CC1,239.0,272.32294
*C(=O)c1ccc(Oc2ccc(C3(c4ccc(Oc5ccc(*)cc5)cc4)c4ccccc4-c4ccccc43)cc2)s1,195.0,203.78482
*Nc1ccc(NC(=O)c2cccc(N3C(=O)c4ccc(C(c5ccc6c(c5)C(=O)N(c5cccc(C(=O)Nc7ccc(C(*)=O)cc7)c5)C6=O)(C(F)(F)F)C(F)(F)F)cc4C3=O)c2)cc1,328.0,272.0534
*c1ccc2c(c1)C(CCCCCCCC)(CCCCCCCC)c1cc(-c3ccc(-c4ccc(-c5ccc(*)s5)c5cc(-c6ccccc6)c(-c6ccccc6)nc45)s3)ccc1-2,142.0,158.43521
*CC(*)(C)C(=O)OCc1ccccc1Cl,54.10000000000002,70.74685
*CN1C(=O)c2ccc(C(=O)Nc3ccc(Cc4ccc(NC(*)=O)cc4)cc3)cc2C1=O,266.0,230.11432
*Nc1ccc(Cc2ccc(NC(=O)Nc3cc(NC(*)=O)cc(C(=O)Nc4ccc5c(c4)C(=O)c4ccccc4C5=O)c3)cc2)cc1,168.0,174.95847
*c1ccc(Oc2ccc(-c3cnc4cc5ncc(*)nc5cc4n3)cc2)cc1,353.0,384.661
*CC(=O)NCCCCCCNC(=O)CC(C)(C)c1ccc(C(*)(C)C)cc1,91.0,88.116425
*CCC/N=C1C=C/C(=N\CCC[Si](C)(C)O[Si](*)(C)C)c2c(O)ccc(O)c2/1,32.900000000000034,13.957245
*C(=O)C(F)(F)C(F)(F)C(F)(F)C(=O)N(CCCCCCN(*)CC(F)(F)C(F)(F)C(F)(F)C(F)(F)C(F)(F)C(F)(F)C(F)(F)F)CC(F)(F)C(F)(F)C(F)(F)C(F)(F)C(F)(F)C(F)(F)C(F)(F)F,187.5,108.64572
*OCCCCCCCCCCCCOC(=O)OCCCCCCOc1ccc(Oc2ccc(OCCCCCCOC(*)=O)cc2)cc1,-21.99999999999997,-23.549362
*CN1C(=O)c2ccc(C(c3ccc4c(c3)C(=O)N(Cc3nc5ccc(Cc6ccc7nc(*)oc(=O)c7c6)cc5c(=O)o3)C4=O)(C(F)(F)F)C(F)(F)F)cc2C1=O,218.0,224.17271
*CC(*)c1ccccc1COCC,74.0,98.7914
*c1ccc(N2C(=O)c3ccc(-c4ccc5c(c4)C(=O)N(c4ccc(Oc6c(C(C)(C)C)cc(*)cc6C(C)(C)C)cc4)C5=O)cc3C2=O)cc1,381.5,364.17773
*=CCCC(=*)CCC,-77.64999999999998,-71.25206
*C(=O)c1ccc2c(c1)C(=O)N(c1cc(N3C(=O)c4ccc(Cc5cccc(*)c5)cc4C3=O)cc(C(F)(F)F)c1)C2=O,253.0,289.2119
*Sc1ccc2c(c1)Sc1ccc(*)cc1S2,209.90000000000003,144.55421
*CC(*)(CC(=O)OCCOCCOCCOC)C(=O)OCCOCCOCCOC,-18.99999999999997,-48.479523
*CCCCC(=O)Oc1c(-c2ccccc2)cc(Cc2cc(-c3ccccc3)c(OC(*)=O)c(-c3ccccc3)c2)cc1-c1ccccc1,115.0,115.818016
*c1ccc(-n2c(=O)c3cc4c(=O)n(*)c(=O)c4cc3c2=O)cc1,417.0,322.726
*Nc1ccc(Cc2ccc(NC(=O)Oc3ccc(C(c4ccc(OC(*)=O)cc4)(C(F)(F)F)C(F)(F)F)cc3)cc2)cc1,81.0,133.01662
*c1ccc(-c2sc(-c3cc(CCCCCCCCCCCC)c(*)s3)cc2CCCCCCCCCCCC)cc1,59.60000000000002,11.583694
*Cc1cc(C)c(Oc2ccc(-n3c(=O)c4cc5c(=O)n(-c6ccc(Oc7c(C)cc(*)cc7C)cc6)c(=O)c5cc4c3=O)cc2)c(C)c1,299.5,313.35956
*N=P(*)(OCCOCCOCCOCCOCCOC)OCCOCCOCCOCCOCCOC,-78.99999999999997,-54.435257
*C=Cc1cccc(/C=C/[Si](C)(C)c2ccc([Si](*)(C)C)cc2)c1,38.10000000000002,48.003838
*c1ccc(Oc2ccc(C(=O)Oc3ccc(C4(c5ccc(OC(=O)c6ccc(Oc7ccc(C8(*)CCC(C(C)(C)C)CC8)cc7)cc6)cc5)CCCCCCCCCCC4)cc3)cc2)cc1,181.0,138.24269
*O[SiH](CCC(F)(F)F)O[Si](C)(C)c1ccc([Si](*)(C)C)cc1,-36.99999999999997,-43.603027
*c1ccc(Oc2ccc(C(c3ccc(Oc4ccc(S(*)(=O)=O)c(C(O)(C(F)(F)F)C(F)(F)F)c4)cc3)(C(F)(F)F)C(F)(F)F)cc2)cc1C(O)(C(F)(F)F)C(F)(F)F,148.0,184.56963
*C=CC1CC(*)C(C(=O)OC(C)(C)C)C1C(=O)OC(C)(C)C,83.40000000000003,69.27701
*Nc1ccc2[nH]c(-c3cccc(NC(=O)c4ccc(OCCOCCOCCOc5ccc(C(*)=O)cc5)cc4)c3)nc2c1,180.0,169.91856
*Oc1ccc(OCCCCCCCCCCCCOc2ccc(OC(=O)c3ccc4c(c3)C(=O)N(c3ccc(S(=O)(=O)c5ccc(N6C(=O)c7ccc(C(*)=O)cc7C6=O)cc5)cc3)C4=O)cc2)cc1,140.0,124.87708
*Oc1ccc(Sc2ccc(Oc3ccc4c(c3)C(=O)N(c3ccc(-c5ccc(N6C(=O)c7ccc(*)cc7C6=O)cc5)cc3)C4=O)cc2)cc1,257.0,238.50323
*CC(*)(C)C(=O)OCc1cccc(Cl)c1Cl,42.60000000000002,47.0009
*CC(*)C(=O)OCCCCCCCCn1c2ccccc2c2ccccc21,12.0,6.244934
*OC(=O)c1ccc(OCCCCCCOc2ccc(C(*)=O)cc2)cc1,47.0,42.062927
*CC=CCC[Si](*)(C)c1ccccc1,-14.899999999999975,-45.298416
*Cc1cc(C)c(Oc2ccc3c(c2)C(=O)N(c2ccc(Oc4ccc(N5C(=O)c6ccc(Oc7c(C)cc(*)cc7C)cc6C5=O)cc4)cc2)C3=O)c(C)c1,266.0,282.03754
*COC(=O)OCC(*)(C)C(=O)OCc1ccccc1,-2.0,13.1465
*C(=O)c1ccc2c(c1)C(=O)N(c1cccc(C(=O)c3cccc(N4C(=O)c5ccc(*)cc5C4=O)c3)c1)C2=O,230.925,262.5706
*c1ccc(Sc2ccc(Sc3ccc(Sc4ccc(P(*)(=O)c5ccccc5)cc4)cc3)cc2)cc1,175.0,196.90955
*OCCCCCCOc1ccc(C(=O)c2ccc(OCCCCCCOC(=O)OCCOC(*)=O)cc2)cc1,15.0,1.1483917
*COC(=O)OCC(OC(=O)C(CC(C)C)NC(=O)OCc1ccccc1)C(*)OC(=O)C(CC(C)C)NC(=O)OCc1ccccc1,50.900000000000034,27.85051
*C(=O)c1ccc(Oc2ccc(C(C)(C)c3ccc(Oc4ccc(C(=O)c5c(C)ccc6c(*)c(C)ccc56)cc4)cc3)cc2)cc1,222.0,246.5517
*Nc1ccc(Oc2ccc(Oc3ccc(NC(=O)c4cccc(N5C(=O)c6ccc(C(c7ccc8c(c7)C(=O)N(c7cccc(C(*)=O)c7)C8=O)(C(F)(F)F)C(F)(F)F)cc6C5=O)c4)cc3)cc2)cc1,283.0,270.04977
*CC(*)c1ccc(C([Si](C)(C)C)[Si](C)(C)C)cc1,156.0,110.0358
*Oc1ccc(Oc2ccc3c(c2)C(=O)N(c2ccc(Cc4ccc(N5C(=O)c6ccc(*)cc6C5=O)cc4)cc2)C3=O)cc1,259.0,250.24661
*Oc1ccc(OC(=O)c2ccc(-c3ccc(C(*)=O)cc3)cc2-c2ccccc2)cc1,140.0,197.05283
*O[Si](C)(C)c1c(F)c(F)c(F)c([Si](*)(C)C)c1F,-28.49999999999997,-5.401001
*NC(=O)OCCN(CCOC(=O)Nc1ccc(C)c(*)c1)c1ccc(/N=N/c2ccc(-c3nc4ccccc4o3)cc2)cc1,152.0,142.90178
*C=Cc1ccc(OCCCCCCCCOc2ccc(/C=C/c3cc(OCCCCCCCC)c(*)cc3OCCCCCCCC)cc2)cc1,130.0,45.709038
*CC(*)c1ccc(/C(C)=N/O)cc1,134.0,143.81064
*C(=O)Nc1ccc(Oc2ccc(NC(=O)c3cc(*)cc(NC(=O)c4ccc(OC(C)=O)cc4)c3)cc2)cc1,273.0,264.51312
*C(=O)c1ccc2c(c1)C(=O)N(c1ccc(-c3c(-c4ccc(-c5ccccc5)cc4)cc(-c4ccc(OCCCCCCOc5ccc(-c6cc(-c7ccc(-c8ccccc8)cc7)c(-c7ccc(N8C(=O)c9ccc(*)cc9C8=O)cc7)c(-c7ccc(-c8ccccc8)cc7)c6)cc5)cc4)cc3-c3ccc(-c4ccccc4)cc3)cc1)C2=O,111.5,215.10614
*NC(CCC(=O)OCCC)C(*)=O,-10.0,-20.847015
*c1ccc2c(c1)C(=O)N(c1ccc(Oc3ccc(S(=O)(=O)c4ccc(Oc5ccc(N6C(=O)c7ccc(S(*)(=O)=O)cc7C6=O)cc5)cc4)cc3)cc1)C2=O,274.0,281.78394
*Oc1ccc(C(c2ccc(OC(*)=O)cc2)C2CC3CC2C2C4CCC(C4)C32)cc1,253.0,264.26788
*CC(*)CNc1ccc([N+](=O)[O-])c(C(F)(F)F)c1,153.0,164.14775
*CC(*)(C)C(=O)NC(=O)OCCOc1c(Br)cc(S(=O)(=O)c2cc(Br)c(OCCO)c(Br)c2)cc1Br,110.0,93.491394
*CC(COC(=O)CCCCCN1C(=O)C2C3C=CC(C3)C2C1=O)O*,1.0,2.3059692
*c1ccc(Oc2ccc(C(c3ccc(Oc4ccc(-c5ccc(*)s5)cc4C(F)(F)F)cc3)(C(F)(F)F)C(F)(F)F)cc2)c(C(F)(F)F)c1,155.0,143.66745
*O[Si](C)(C)O[Si](C)(O[Si](*)(C)C)c1c(F)c(F)c(F)c(F)c1F,-82.99999999999997,-56.422256
*c1ccc(OCC(O)COc2cccc(C(=O)Nc3cccc(OCC(O)COc4ccc(C(*)(C)C)cc4)c3)c2)cc1,117.0,100.6629
*c1ccc2c(c1)C(=O)N(c1ccc(Oc3cccc(N4C(=O)c5ccc(-c6c(-c7ccccc7)c(-c7ccccc7)c(-c7ccc(Oc8ccc(-c9c(-c%10ccccc%10)c(-c%10ccccc%10)c(*)c(-c%10ccccc%10)c9-c9ccccc9)cc8)cc7)c(-c7ccccc7)c6-c6ccccc6)cc5C4=O)c3)cc1)C2=O,309.0,334.02228
*CC(*)(CF)C(=O)OCC,43.0,57.98343
*CC=CC[Si](*)(C=C)C=C,-64.99999999999997,-62.08969
*c1ccc(NC(=O)c2cc(C(=O)Nc3ccc(C(*)(C)C)cc3)cc(N3C(=O)C=CC3=O)c2)cc1,303.0,319.09857
*COC(=O)OCC1OC(OCC)OC1*,23.5,20.341637
*OC1=C(O[Si](C)(C)O[Si](C)(C)O[Si](C)(C)O[Si](C)(C)O[Si](*)(C)C)c2cccc3cccc1c23,-53.99999999999997,-51.4144
*c1ccc2c(c1)C(=O)N(Cc1nnc(-c3ccc(-c4nnc(CN5C(=O)c6ccc(C(*)(C(F)(F)F)C(F)(F)F)cc6C5=O)o4)c(Oc4ccccc4)c3)o1)C2=O,208.0,196.4839
*CC(*)(C)C(=O)OCCOCCOCC1COCCOCCOCCO1,10.0,-11.110291
*c1cc(OCCCCCCCC)cc(N2C(=O)c3ccc(C(c4ccc5c(c4)C(=O)N(*)C5=O)(C(F)(F)F)C(F)(F)F)cc3C2=O)c1,195.0,200.3422
*Cc1cc(C)c(N2C(=O)c3ccc(C(c4ccc5c(c4)C(=O)N(c4c(C)cc(*)cc4C)C5=O)(C(F)(F)F)C(F)(F)F)cc3C2=O)c(C)c1,307.5,319.38074
*OCCCOC(*)=O,-17.69999999999999,-9.151306
*C(=O)c1cccc(C(=O)c2ccc(Oc3ccc(N4C(=O)c5ccc(C(c6ccc7c(c6)C(=O)N(c6ccc(Oc8ccc(*)cc8)cc6)C7=O)(C(F)(F)F)C(F)(F)F)cc5C4=O)cc3)cc2)n1,226.90000000000003,222.291
*Nc1cccc(Oc2ccc(NC(=O)c3cc(C(*)=O)cc(C(F)(F)C(F)(F)C(F)(F)C(F)(F)F)c3)cc2)c1,230.0,264.27948
*OC1CCC(OC(=O)c2ccc(C(*)=O)cc2)CC1,94.3,202.60522
*Oc1ccc(C(c2ccc(OC(=O)c3ccc(OCCCCCCCCCCOc4ccc(C(*)=O)cc4)cc3)cc2)(C(F)(F)F)C(F)(F)F)cc1,89.0,68.61712
*c1ccc(OCC(O)CN(CC(O)COc2ccc(C(*)(C)C)cc2)c2ccc(C#N)cc2)cc1,100.0,121.34715
*CC(*)c1ccc(COCCOCCCCCCCC)cc1,-41.99999999999997,-28.486252
*C1C2CC(C(=O)OCCc3ccc(N(c4ccccc4)c4ccccc4)cc3)C(C2)C1*,307.0,320.8805
*CC(*)(C)c1nc(N(CCOCCOCCOC)CCOCCOCCOC)nc(N(CCOCCOCCOC)c2ccccc2)n1,-74.99999999999997,-22.797684
*C(=O)c1ccc2c(c1)C(=O)N(c1ccc(-c3c(-c4ccc(-c5ccccc5)cc4)cc(-c4ccc(OCCCCCCCCCCOc5ccc(-c6cc(-c7ccc(-c8ccccc8)cc7)c(-c7ccc(N8C(=O)c9ccc(*)cc9C8=O)cc7)c(-c7ccc(-c8ccccc8)cc7)c6)cc5)cc4)cc3-c3ccc(-c4ccccc4)cc3)cc1)C2=O,103.5,168.40456
*C=Cc1ccc(/C=C/c2ccc(/C=C/c3cc(OC)c(OCCCCCCCCOc4c(OC)cc(*)cc4OC)c(OC)c3)cc2)cc1,78.70000000000005,94.30745
*C(=O)Nc1ccc(C(c2ccc(NC(=O)c3cc(*)cc(NC(=O)CCCN4C(=O)c5ccccc5C4=O)c3)cc2)(C(F)(F)F)C(F)(F)F)cc1,240.0,213.53561
*OC1CC2CC(OC(=O)c3cccc(C(*)=O)c3)CC(C1)O2,113.0,205.86246
*C(=O)Nc1ccc(Oc2cccc(NC(=O)c3cc(*)cc(NC(=O)c4ccc(OC(C)=O)cc4)c3)c2)cc1,251.0,258.3922
*N=P(*)(C)CCCCCC,-68.99999999999997,-39.294495
*CC(*)C(=O)OCCC(F)(F)C(F)(F)C(F)(F)C(F)(F)C(F)(F)C(F)(F)F,-12.0,4.285721
*Oc1ccc(OC(=O)c2ccc3c(c2)C(=O)N(c2ccc(Oc4ccc(N5C(=O)c6ccc(C(*)=O)cc6C5=O)cc4)cc2)C3=O)c(-c2ccccc2)c1,212.0,237.58463
*c1ccc(OC(=O)c2ccccc2-c2ccccc2C(=O)Oc2ccc(C(*)(C)C)cc2)cc1,161.0,151.22336
*=Cc1ccc(OCCCCCCCCOc2ccc(/C=C3\CCCC(=*)C3=O)cc2)cc1,90.0,67.898224
*c1ccc(OC(=O)Oc2ccc(C3(*)CCCCC3)cc2C)c(C)c1,137.5,152.8344
*Nc1ccc(Cc2ccc(NC(=O)OCCOc3ccc(C4(c5ccc(OCCOC(*)=O)cc5)c5ccccc5-c5ccccc54)cc3)cc2)cc1,152.0,150.73709
*O[Si](*)(C)CCCCCCCCCCC(=O)Oc1ccc(-c2ccc(OC(=O)c3ccc(OCC(C)CC)cc3)cc2)cc1,29.200000000000045,34.05085
*c1cc(C)c(Oc2ccc(S(=O)(=O)c3ccc(Oc4c(C)cc(*)cc4C)cc3)cc2)c(C)c1,280.20000000000005,289.6723
*Cc1ccc(OC(=O)CCCCCCCCC(=O)Oc2ccc(CCC(=O)NC(*)C(=O)OCCOCCOCC)cc2)cc1,2.0,1.3887024
*OCc1ccc(COC(=O)c2cccc(C(*)=O)c2)cc1,143.0,100.91997
*c1cc(C)c(Oc2ccc(C(=O)c3ccccc3-c3ccccc3C(=O)c3ccc(Oc4c(C)cc(*)cc4C)cc3)cc2)c(C)c1,233.0,222.6507
*c1ccc(-c2ccc(-n3c(=O)c4c(C(F)(F)F)c5c(=O)n(*)c(=O)c5c(C(F)(F)F)c4c3=O)cc2C)c(C)c1,385.0,375.70758
*C(=O)Oc1ccc(C2(c3ccc(OC(=O)c4cc(*)cc(C(C)(C)C)c4)cc3)OC(=O)c3ccccc32)cc1,279.0,235.23126
*Oc1ccc(-c2ccc(OC(=O)c3ccc4c(c3)C(=O)N(CCCCCN3C(=O)c5ccc(C(*)=O)cc5C3=O)C4=O)cc2)cc1,147.0,141.19304
*c1ccc2c(c1)C(CCCCCCCC)(CCCCCCCC)c1cc(-c3ccc4c(c3)C(c3ccc(-c5nnc(-c6ccc(C(C)(C)C)cc6)o5)cc3)(c3ccc(-c5nnc(-c6ccc(C(C)(C)C)cc6)o5)cc3)c3cc(*)ccc3-4)ccc1-2,213.0,146.6643
*C(=O)c1cccc(C(=O)c2ccc(Oc3ccc(-c4cc(-c5ccc(Oc6ccc(*)cc6)cc5)n[nH]4)cc3)cc2)c1,205.0,192.55495
*COC(=O)c1ccc(-c2ccc(-c3ccc(C(=O)OCC(*)(CC)CC)cc3)cc2)cc1,-19.99999999999997,98.55901
*c1cc(CCOCCOC)c(*)[nH]1,-42.99999999999997,23.506859
*CC(*)C(=O)Oc1ccc([N+](=O)[O-])cc1,73.30000000000001,144.66801
*c1ccc2c(c1)C(CCCCCC)(CCCCCC)c1cc(-c3ccc4c(c3)c3cc(*)ccc3n4-c3ccc(C)cc3)ccc1-2,155.0,176.19826
*N=P(*)(OCCOc1ccc(-c2ccc(Br)cc2)cc1)OCCOc1ccc(-c2ccc(Br)cc2)cc1,89.70000000000005,66.50419
*CC(*)C(=O)OCC(C)CC,-31.99999999999997,-32.3069
*c1ccc(Oc2ccc(C3(c4ccc(Oc5ccc(-c6nnc(*)c7c(-c8ccc(F)cc8)c(-c8ccc(F)cc8)c(-c8ccc(F)cc8)c(-c8ccc(F)cc8)c67)cc5)cc4)c4ccccc4-c4ccccc43)cc2)cc1,321.0,317.81403
*c1cc(N2C(=O)c3ccc(C(=O)c4ccc5c(c4)C(=O)N(*)C5=O)cc3C2=O)ccc1CP(=O)(OCC)OCC,218.0,203.26259
*Cc1ccc(OC(=O)CCCCCCCCC(=O)Oc2ccc(CCC(=O)NC(*)C(=O)OC)cc2)cc1,47.0,37.862595
*c1ccc(OC(Oc2ccccc2)(Oc2ccccc2)Oc2ccc(C(*)(C)C)cc2)cc1,92.0,92.99671
*CC(*)(C)C(=O)OCCBr,52.0,81.36046
*CCN(*)C,-30.99999999999997,-42.474686
*Nc1ccc(Oc2ccc(NC(=O)c3cc4cc(Cc5ccc6oc(=O)c(C(*)=O)cc6c5)ccc4oc3=O)cc2)cc1,312.0,267.01636
*CC(C)(C)C1C(=O)N(c2ccccc2C)C(=O)C1*,207.0,234.691
*Cc1cc(CC)c(N2C(=O)c3ccc(C(=O)c4ccc5c(c4)C(=O)N(c4c(CC)cc(*)cc4CC)C5=O)cc3C2=O)c(CC)c1,272.5,284.86325
*OC(=O)c1ccc(OCCCCCOc2ccc(C(*)=O)cc2)cc1,53.0,51.1677
*c1ccc(C(=O)OCCCCOC(=O)c2ccc([Si](*)(C)C)cc2)cc1,42.0,56.075424
*=CCCCCCCCCCCC=*,-52.99999999999997,-66.75276
*Oc1ccc2c(c1)C(=O)N(c1ccc(Oc3ccc(-c4ccc(Oc5ccc(N6C(=O)c7ccc(*)cc7C6=O)cc5)cc4)cc3)cc1)C2=O,245.0,238.41537
*Oc1ccc(N2C(=O)c3ccc(*)cc3C2=O)cc1,266.0,311.96912
*NC(CCC(=O)OC)C(*)=O,0.0,7.055298
*c1ccc(Oc2ccc(C(=O)c3ccc4c(c3)C(=O)N(c3ccc(Cc5ccc(N6C(=O)c7ccc(C(=O)c8ccc(Oc9ccc(C%10(*)OC(=O)c%11ccccc%11%10)cc9)cc8)cc7C6=O)cc5)cc3)C4=O)cc2)cc1,268.0,226.94873
*Oc1ccc(Oc2ccc(P(=O)(c3ccccc3)c3ccc(Oc4ccc(Oc5ccc6c(c5)C(=O)N(c5ccc(N7C(=O)c8ccc(*)cc8C7=O)cc5)C6=O)cc4)cc3)cc2)cc1,220.0,229.39505
*CCCC1(C)CCN(C(=O)CCC(=O)N2CCC(*)(C)CC2)CC1,99.0,76.75396
*c1ccc(OC(=O)c2ccc(C(=O)Oc3ccc(C(*)(C)C)cc3C)cc2)c(C)c1,178.5,181.43846
*CC(*)(C)C(=O)OCCOCCOCC1(C)COCCOCCOCCOC1,10.0,-16.954376
*CCN(*)C(=O)CCCCCC,10.0,-1.3234558
*OCC1CCC(COC(*)=O)CC1,38.700000000000045,4.090912
*c1ccc(Oc2ccc(Oc3ccc(-c4nc5cc6sc(-c7ccc(Oc8ccc(Oc9ccc(P(*)(=O)c%10ccccc%10)cc9)cc8)cc7)nc6cc5s4)cc3)cc2)cc1,255.0,271.33844
*CC(*)C(=O)OCC,-22.149999999999977,-18.436935
*Oc1ccc2c(c1)C(=O)N(c1ccc(C(c3ccccc3)(c3ccc(N4C(=O)c5ccc(*)cc5C4=O)cc3)C(F)(F)F)cc1)C2=O,293.0,271.04538
*c1ccc(C(=O)N2CCN(C(=O)c3ccc(C(*)(C)CC)cc3)CC2)cc1,232.0,214.34973
*CC(*)C(=O)OCc1ccc(C#N)cc1,44.0,67.94397
*c1ccc2[nH]c(*)nc2c1,398.0,296.5182
*CC1C(=O)OC(=O)C1C(*)(C)C,141.0,169.74684
*NC(=O)OCCOC(=O)Nc1cc(*)ccc1C,52.0,22.966629
*Oc1ccc(S(=O)(=O)c2ccc(Oc3ccc4c(c3)C(=O)N(c3ccc(Oc5ccc(N6C(=O)c7ccc(*)cc7C6=O)cc5)cc3)C4=O)cc2)cc1,260.0,241.55316
*c1ccc(-c2ccc(-c3sc(-c4ccc([Si](C)(C)[Si](C)(C)[Si](C)(C)[Si](C)(C)[Si](C)(C)[Si](C)(C)[Si](C)(C)[Si](C)(C)c5ccc(-c6cc(CCCCCCCC)c(*)s6)s5)s4)cc3CCCCCCCC)s2)s1,13.0,19.537148
*CC(*)C(=O)OC12CC3CC(C)(CC(C)(C3)C1)C2,104.0,203.5971
*CC(*)(CC(=O)OC)C(=O)OC12CC3CC(CC(C3)C1)C2,197.0,124.694626
*CC(*)OC(=O)C1(F)C(F)(F)C(F)(F)C(F)(F)C(F)(F)C1(F)F,54.0,82.83617
*CC(*)c1ccc(C(=O)C(F)(F)F)cc1,95.0,117.631615
*OCCCCOC(=O)c1ccc(C(*)=O)cc1,44.125,37.673676
*c1cc(C(=O)NCCCCCCCCCC)cc(N2C(=O)c3ccc(-c4ccc5c(c4)C(=O)N(*)C5=O)cc3C2=O)c1,245.1,222.51776
*c1ccc2c(c1)C(=O)N(c1ccc(Cc3ccc(N4C(=O)c5ccc(*)cc5C4=O)cc3)cc1)C2=O,308.0,326.92917
*c1ccc2c(c1)C(=O)N(c1ccc(Oc3ccc(N4C(=O)c5ccc(C(*)(C(F)(F)F)C(F)(F)F)cc5C4=O)cc3)cc1)C2=O,295.5,290.37616
*c1ccc(-n2c(=O)c3cc4c(=O)n(-c5ccc(Oc6c(C(C)(C)C)cc(*)cc6C(C)(C)C)cc5)c(=O)c4cc3c2=O)cc1,398.5,393.0279
*CC(*)c1ccc(CCC)cc1,46.75,55.752
*C(=O)c1cc(I)cc(C(=O)c2ccc(Oc3ccc(S(=O)(=O)c4ccc(Oc5ccc(*)cc5)cc4)cc3)cc2)c1,203.0,222.83702
*CCCCCCCCC(=O)NCC1COC(CNC(*)=O)CO1,73.0,61.15532
*Oc1ccc(S(=O)(=O)c2ccc(Oc3cc(C)c(C4(c5cc(C(C)C)c(*)cc5C)OC(=O)c5ccccc54)cc3C(C)C)cc2)cc1,230.0,279.2154
*CC(*)(C)C(=O)Oc1ccc(/N=N/c2ccc(C#N)cc2)cc1,185.0,161.17824
*Nc1ccc(Cc2ccc(NC3CC(=O)N(c4ccc(Cc5ccc(N6C(=O)CC(*)C6=O)cc5)cc4)C3=O)cc2)cc1,239.0,235.88788
*OCCCCCCCOc1ccc(CCc2ccc(*)cc2C)cc1,6.5,1.031662
*c1cc(C(=O)NCCCCCCCCCCCC)cc(N2C(=O)c3ccc(-c4ccc5c(c4)C(=O)N(*)C5=O)cc3C2=O)c1,243.1,217.83292
*Nc1ccc(C(=O)c2ccc(NC(=O)c3ccc4c(c3)C(=O)N(c3cccc(P(=O)(c5ccccc5)c5cccc(N6C(=O)c7ccc(C(*)=O)cc7C6=O)c5)c3)C4=O)cc2)cc1,238.0,217.22028
*Oc1ccc(C(c2ccc(Oc3cccc4c3C(=O)N(CCCCCCCCN3C(=O)c5cccc(*)c5C3=O)C4=O)cc2)(C(F)(F)F)C(F)(F)F)cc1,135.0,112.084045
*c1ccc(-c2ccc(-n3c(=O)c4cc5c(=O)n(*)c(=O)c5cc4c3=O)cc2OC)c(OC)c1,328.0,383.58228
*CC(*)C(=O)OCCCCCCOc1ccc(/C=N/c2ccc(OCCCCC)cc2)c(O)c1,41.0,41.25599
*c1ccc(Oc2cc(Oc3ccc(C(*)(C)C)cc3)cc(C(=O)Oc3ccc(/N=N/c4ccc(C#N)cc4)cc3)c2)cc1,163.0,178.14398
*C1C(=O)N(CCOc2ccc(-c3ccc(C#N)cc3)cc2)C(=O)C1*,150.0,159.13187
*c1ccc2c(c1)C(=O)N(CCCCCN1C(=O)c3ccc(C(*)(C(F)(F)F)C(F)(F)F)cc3C1=O)C2=O,180.0,161.97404
*CC(*)(C)C(=O)OCCCCCC(=O)Oc1ccc(OC(=O)c2ccc(OCCCCC)cc2)cc1,50.0,39.832993
*CCCCCCCCC(=O)Oc1cccc(C=Cc2nnc(-c3ccc(OC(*)=O)cc3)s2)c1,55.0,36.070854
*Oc1ccc(-c2ccc(Oc3ccc4ccccc4c3-c3c(*)ccc4ccccc34)c3ccccc23)c2ccccc12,301.0,248.23883
*CCCCCCCC(*)C,-57.99999999999997,-47.870895
*CC(*)C=C,-6.074999999999989,-7.3912964
*c1ccc2c(c1)C(=O)N(c1cccc(OCCCCCCCCCCCCOc3cccc(N4C(=O)c5cccc(*)c5C4=O)c3)c1)C2=O,116.0,123.62607
*Oc1ccc(C(c2ccc(OP3(Oc4ccc(C(=O)OC)cc4)=NP(Oc4ccc(C(=O)OC)cc4)(Oc4ccc(C(=O)OC)cc4)=NP(*)(Oc4ccc(C(=O)OC)cc4)=N3)cc2)(C(F)(F)F)C(F)(F)F)cc1,78.0,43.90943
*OCCCCCCOc1ccc(-n2on2-c2ccc(OCCCCCCOC(=O)C(C(*)=O)c3ccccc3)cc2)cc1,23.0,26.012207
*C=CC(=O)OCCOCCOCCOCCOC(=O)/C=C/C(=O)NCCCCCCNC(*)=O,52.0,27.98529
*C(=O)OCCCCCCOc1ccc(-n2on2-c2ccc(OCCCCCCOC(=O)C(*)CCCCP(=O)(OCC)OCC)cc2)cc1,4.0,-0.5186157
*c1ccc(/C=N/c2ccc(Oc3cccc(Oc4ccc(/N=C/c5ccc(N(*)c6ccccc6)cc5)cc4)c3)cc2)cc1,174.0,144.09459
*c1cc(C)c(N2C(=O)c3ccc(-c4ccc5c(c4)C(=O)N(c4c(C)cc(*)cc4C)C5=O)cc3C2=O)c(C)c1,285.0,393.25507
*c1ccc(Oc2ccc3c(-c4ccccc4)nn(-c4ccc(C(=O)c5ccc(-n6nc(-c7ccccc7)c7cc(Oc8ccc(C(*)(C)C)cc8)ccc7c6=O)cc5)cc4)c(=O)c3c2)cc1,195.0,218.48097
*c1ccc(-c2ccc(-c3ccc(-c4ccc(-c5cc(-c6ccccc6)c6cc(Oc7ccc8nc(*)cc(-c9ccccc9)c8c7)ccc6n5)cc4)cc3)cc2)cc1,310.0,294.45978
*CC(*)c1ccc(Cl)cc1C,145.0,120.7635
*Cc1ccc(CC(=O)OC(*)=O)cc1,65.0,90.752396
*CC(*)C(=O)Oc1ccc(C(=O)O)cc1,125.0,120.41159
*C(=O)NNC(=O)c1ccc(*)cc1OCC,240.0,245.17374
*NCCCCCCNC(=O)c1ccc(-c2nc3ccccc3nc2-c2ccc(C(*)=O)cc2)cc1,201.0,212.38094
*c1ccc(Oc2ccc(-c3nnc(-c4ccc(Oc5ccc(C(*)(C(F)(F)F)C(F)(F)F)cc5)cc4)n3-c3ccccc3)cc2)cc1,203.0,206.32907
*Nc1ccc(Oc2ccc(C3(c4ccc(Oc5ccc(NC(=O)c6ccc(Oc7ccc(C(*)=O)cc7)cc6)cc5)cc4)C4CC5CC(C4)CC3C5)cc2)cc1,230.0,248.70425
*CC(*)(C)C(=O)NC(C)c1ccccc1,156.5,125.52202
*c1ccc(C(Cl)(Cl)C(*)Cl)cc1,160.0,173.02782
*CC(*)(C)C(=O)OCC,19.850000000000023,47.0365
*c1ccccc1Oc1ccc(-n2c(=O)c3cc4c(=O)n(*)c(=O)c4cc3c2=O)cc1,386.0,326.24658
*NC(=O)OCCN(CCOC(=O)Nc1ccc(C)c(*)c1)c1ccc(/N=N/c2ccc([N+](=O)[O-])cc2)cc1,144.0,136.74545
*CC(*)c1cc(C)c(C)cc1C,104.0,158.70137
*c1ccc(CCc2ccccc2N2C(=O)C(=O)N(c3ccc(CCc4ccc(N5C(=O)C(=O)N(*)C5=O)cc4)cc3)C2=O)cc1,220.0,206.76035
*Nc1cc(NC(=O)c2ccc3c(c2)C(=O)N(c2cccc(N4C(=O)c5ccc(C(*)=O)cc5C4=O)c2)C3=O)cc(-c2nc3ccccc3[nH]2)c1,361.0,341.15942
*Oc1cccc(N2C(=O)c3ccc(Oc4ccc5c(c4)C(=O)N(c4cccc(Oc6cc(*)ccc6C#N)c4)C5=O)cc3C2=O)c1,196.0,221.55888
*CC(COC(=O)c1ccc(N2C(=O)C3C4C=CC(C4)C3C2=O)cc1)O*,62.5,153.08766
*Nc1ccc(-c2ccc(NC(=O)c3ccc(Oc4ccc(C(c5ccc(Oc6ccc(C(*)=O)cc6)cc5)(C(F)(F)F)C(F)(F)F)cc4)cc3)cc2C(F)(F)F)c(C(F)(F)F)c1,240.0,249.4317
*c1cc(/N=N/c2ccc(C#N)cc2)cc(*)c1O,176.0,204.23761
*N=P(*)(OCCOCCOc1ccc(CCCCCCCC)cc1)OCCOCCOc1ccc(CCCCCCCC)cc1,-13.299999999999956,-25.043167
*Nc1ccc(Oc2ccc(C3(c4ccc(Oc5ccc(NC(=O)c6ccc7cc(C(*)=O)ccc7c6)cc5)cc4)C4CC5CC(C4)CC3C5)cc2)cc1,266.0,287.4218
*CCCCCC(=O)OCCOCCOCCOC(*)=O,-44.49999999999997,-61.5459
*C(=O)Nc1ccc(NC(=O)c2cc(*)cc(NC(=O)c3ccncc3)c2)cc1,327.0,342.02176
*#C[SiH2]C#Cc1cccc(C#*)c1,72.0,39.634514
*CC(*)c1cc(C)ccc1C,142.85000000000002,104.412346
*CCCCC(=O)NCC1COC(CNC(*)=O)CO1,93.0,88.50477
*C1C2CCC(C2)C1*,240.0,276.2074
*/C(C)=C(/*)SCC,160.0,151.79874
*Cc1ccc(OC(=O)COCC(=O)Oc2ccc(CCC(=O)NC(*)C(=O)OCCCCCCCC)cc2)cc1,40.0,36.195137
*Nc1ccc(C(c2ccc(NC(=O)c3ccc4c(c3)C(=O)N(c3ccc(Oc5cccc6c(Oc7ccc(N8C(=O)c9ccc(C(*)=O)cc9C8=O)cc7)cccc56)cc3)C4=O)cc2)(C(F)(F)F)C(F)(F)F)cc1,283.0,255.16139
*CCC(C)O[Si](C)(C)O[Si](C)(C)O[Si](C)(C)O[Si](C)(C)OC(*)C,-95.99999999999996,-94.34534
*/C(=C(/*)c1ccc[c]([Ge]([CH3])([CH3])[CH3])c1)c1ccccc1,200.0,209.3167
*C=Cc1ccc(Oc2ccc(C3(c4ccc(Oc5ccc(C(*)=O)cc5)cc4)c4ccccc4-c4ccccc43)cc2)cc1,195.0,210.08093
*CCCCCCCCCCN1C(=O)c2ccc(C(=O)c3ccc4c(c3)C(=O)N(CCCCCCCCCCC(=O)Nc3ccc(NC(*)=O)cc3)C4=O)cc2C1=O,125.0,122.77897
*c1cc(C)c(Oc2ccc(N3C(=O)CC(Nc4ccc(NC5CC(=O)N(c6ccc(Oc7c(C)cc(C(*)c8cccnc8)cc7C)cc6)C5=O)cc4)C3=O)cc2)c(C)c1,229.0,227.57034
*COCC(*)(CS(=O)(=O)CCC)CS(=O)(=O)CCC,71.0,67.62537
*CCN(*)C(=O)c1c(F)c(F)c(F)c(F)c1F,136.0,119.834335
*c1ccc(OC(=O)c2ccc3c(c2)C(=O)N(c2cc(N4C(=O)c5ccc(C(=O)Oc6ccc(C(*)(C)C)cc6)cc5C4=O)ccc2O)C3=O)cc1,225.0,234.42566
*C(=O)OCCOCCOC(=O)C(*)CCCCCCCCC,-58.99999999999997,-49.86383
*CC(*)c1ccc([Si](C)(O[Si](C)(C)C)O[Si](C)(C)C)cc1,54.0,16.360054
*Nc1cccc(NC(=O)c2ccc3c(c2)C(=O)N(c2ccc(Oc4ccc(C5(c6ccc(Oc7ccc(N8C(=O)c9ccc(C(*)=O)cc9C8=O)cc7)cc6)NC(=O)c6ccccc65)cc4)cc2)C3=O)c1,328.0,289.7322
*CCCCC(=O)OCC(CCCCCCOc1ccc(/N=N/c2ccc(Cl)cc2)cc1)COC(*)=O,9.0,10.97081
*CC(*)(C)C(=O)OC(COc1cc2ccccc2c2ccccc12)COc1cc2ccccc2c2ccccc12,112.0,110.7334
*Oc1ccc(Oc2ccc(OC(*)=O)cc2)cc1,118.0,145.09044
*c1ccc(Oc2ccc(Oc3ccc(Oc4ccc(-c5nc(*)nc(-c6ccccc6)n5)cc4)cc3)cc2)cc1,203.0,218.07922
*C(=O)c1ccc2c(c1)C(=O)N(c1cccc(C(O)c3cccc(N4C(=O)c5ccc(*)cc5C4=O)c3)c1)C2=O,292.0,256.45425
*c1cccc(-n2c(=O)c3cc4c(=O)n(*)c(=O)c4cc3c2=O)c1,430.0,270.3982
*CC(O)COc1ccc(Sc2ccc(OCC(O)CN(C)S(=O)(=O)c3cccc(S(=O)(=O)N(*)C)c3)cc2)cc1,90.0,69.7385
*c1cccc(P(=O)(c2cccc(-n3c(=O)c4c(-c5ccc(C(F)(F)F)cc5)c5c(=O)n(*)c(=O)c5c(-c5ccc(C(F)(F)F)cc5)c4c3=O)c2)c2cc(C(F)(F)F)cc(C(F)(F)F)c2)c1,310.0,351.1327
*c1ccc2c(c1)Sc1cc(-c3sc4cc(*)sc4c3CCCCC)ccc1N2CCCCCCCCCC,131.0,132.5963
*c1ccc(Cn2c(=O)c3cc4c(=O)n(Cc5ccc(C(*)(C)CCC)o5)c(=O)c4cc3c2=O)o1,134.0,100.209694
*CC(*)C(=O)OC1CC(C)CC(C)(C)C1,15.0,109.70026
*CCCCC(C)O[Si](C)(C)O[Si](C)(C)O[Si](C)(C)OC(*)C,-93.99999999999996,-98.977066
*C=C1CC/C(=C\c2ccc(OC(=O)c3ccc(/N=C/c4ccc(/C=N/c5ccc(C(=O)Oc6ccc(*)cc6OC)cc5)cc4)cc3)c(OC)c2)C1=O,140.0,181.59297
*CC(*)C(=O)OC1CC2CCC1(C)C2(C)C,100.0,153.56299
*NNC(=O)c1ccc(C2(c3ccc(C(=O)NNC(=O)c4ccc(C(*)=O)cc4)cc3)OC(=O)c3ccccc32)cc1,237.0,293.86218
*C(=Nc1ccccc1)c1ccc(-c2ccc(*)cc2)cc1,225.0,224.79164
*Nc1ccc(Oc2ccc3nc(-c4ccccc4)c(-c4ccc(N5C(=O)c6ccc7c8c(ccc(c68)C5=O)C(=O)N(c5ccc(-c6nc8cc(Oc9ccc(NC(=O)c%10cc(C(*)=O)cc(N%11C(=O)c%12ccccc%12C%11=O)c%10)cc9)ccc8nc6-c6ccccc6)cc5)C7=O)cc4)nc3c2)cc1,345.0,336.69135
*CC(*)c1ccc(C(=O)CC)cc1,102.0,73.797066
*c1ccc(OCC(O)COc2ccc(S(=O)(=O)c3ccc(OCC(O)COc4ccc(C(*)(C)C)cc4)cc3)cc2)cc1,140.0,120.43988
*c1ccc(Oc2ccc(C(=O)Nc3ccc(-c4ccc(NC(=O)c5ccc(Oc6ccc(C(*)(C)C)cc6)cc5)cc4C(F)(F)F)c(C(F)(F)F)c3)cc2)cc1,250.0,208.07773
*c1ccc([Si](C)(C)[Si](*)(C)C)s1,15.0,23.030235
*C(=O)c1ccc(N2C(=O)c3ccc(C(=O)c4ccc5c(c4)C(=O)N(c4ccc(Cc6ccc(*)cc6)cc4)C5=O)cc3C2=O)cc1,307.0,283.73212
*Oc1ccc(-c2cnc3cc(-c4ccc5nc(-c6ccc(Oc7ccc(*)cc7)cc6)cnc5c4)ccc3n2)cc1,195.0,228.58238
*c1ccc(C(=O)Nc2cccc(S(=O)(=O)c3cccc(NC(=O)c4ccc(*)cc4C)c3)c2)c(C)c1,260.0,244.5229
*CN1C(=O)c2ccc(C(c3ccc4c(c3)C(=O)N(CC(=O)Nc3ccc(Oc5ccc6nc(-c7ccccc7)c(-c7ccc(-c8nc9cc(Oc%10ccc(NC(*)=O)cc%10)ccc9nc8-c8ccccc8)cc7)nc6c5)cc3)C4=O)(C(F)(F)F)C(F)(F)F)cc2C1=O,280.0,247.14172
*c1ccc2c(c1)C(=O)N(c1cccc(OCCCCCCOc3cccc(N4C(=O)c5ccc(*)cc5C4=O)c3)c1)C2=O,153.0,154.77542
*CC(*)(C)C(=O)OC1CCCC(C)C1,89.0,98.20703
*Oc1ccc(N2C(=O)c3ccc(Oc4ccc(C5(c6ccc(Oc7ccc8c(c7)C(=O)N(c7ccc(Oc9ccc(*)cc9C(C)(C)C)cc7)C8=O)cc6)CCCCCCCCCCC5)cc4)cc3C2=O)cc1,262.0,203.17776
*c1ccc(P(=O)(c2ccccc2)c2ccc(-n3c(=O)c4cc5c(=O)n(*)c(=O)c5cc4c3=O)cc2)cc1,425.0,375.74512
*CCCCC(=O)OCCCOC(*)=O,-54.99999999999997,-54.16617
*c1cc(Br)c(-c2c(Br)cc(N3C(=O)c4ccc(-c5ccc6c(c5)C(=O)N(*)C6=O)cc4C3=O)cc2C(=O)OCCCCCCCCCCCCCCCCCC)c(C(=O)OCCCCCCCCCCCCCCCCCC)c1,83.5,83.17305
*CCOC(=O)Nc1ccc(C)c(NC(=O)OCCN(*)c2ccc(/N=N/c3ccc(/C=C/c4nc5ccc([N+](=O)[O-])cc5n4CC)cc3)cc2)c1,171.0,152.9474
*CC(*)(C)C(=O)OCCCCCCCCCCOc1ccc(/N=N/c2ccc(C3OCC4(CO3)CC3C=CC4C3)cc2)cc1,103.20000000000005,73.552795
*c1ccc(-c2ccc([Si](C)(C)c3ccc4c(c3)C(=O)N(c3cccc(Cc5cccc(N6C(=O)c7ccc([Si](*)(C)C)cc7C6=O)c5)c3)C4=O)cc2)cc1,285.0,230.44876
*C(=O)c1ccc2c(c1)C(=O)N(c1ccc(Oc3ccc(Oc4ccc(N5C(=O)c6ccc(*)cc6C5=O)cc4C(F)(F)F)cc3)cc1)C2=O,237.1,264.208
*c1cc(Br)c(-c2c(Br)cc(N3C(=O)c4ccc(-c5ccc6c(c5)C(=O)N(*)C6=O)cc4C3=O)cc2C(=O)OCCCCCCCC)c(C(=O)OCCCCCCCC)c1,135.5,126.85191
*CC(*)C(=O)OCCOc1ccc(C(=O)Oc2ccc(OC)cc2)cc1,70.0,49.348717
*CC(*)(C)C(=O)OCCCCCCCCOc1ccc(/N=N/c2ccc(C3OCC4(CO3)CC3C=CC4C3)cc2)cc1,106.20000000000005,94.32799
*c1ccc(OC(=O)CN(CC(=O)Oc2ccc(C(*)(C)C)cc2)c2ccc(/N=N/c3ccc([N+](=O)[O-])cc3)cc2)cc1,152.0,132.9156
*OCC(COC(*)=O)OCCOc1ccc(/C=C/c2ccc([N+](=O)[O-])cc2)cc1,53.0,55.304802
*Oc1ccc2ccc(Oc3ccc4c(c3)C(=O)N(c3ccc(Oc5ccc(Oc6ccc(N7C(=O)c8ccc(*)cc8C7=O)cc6)cc5)cc3)C4=O)cc2c1,228.0,217.4892
*c1ccc(OC(=O)c2ccc([Si](c3ccccc3)(c3ccccc3)c3ccc(C(=O)Oc4ccc(C(*)(C)C)cc4)cc3)cc2)cc1,295.0,172.54736
*Oc1c(Br)cc(C(c2cc(Br)c(OP(*)(=O)Oc3ccc(OC)cc3)c(Br)c2)(C(F)(F)F)C(F)(F)F)cc1Br,151.0,130.63116
*CC(O)COc1ccc(S(=O)(=O)c2ccc(OCC(O)CN(C)S(=O)(=O)c3cccc(S(=O)(=O)N(*)C)c3)cc2)cc1,100.0,90.71272
*CC(*)CCC1CCCCC1,40.0,23.682686
*CC(*)(C)C(=O)OCCC(F)(F)C(F)(F)C(F)(F)C(F)(F)C(F)(F)C(F)(F)C(F)(F)C(F)(F)F,47.0,47.603615
*c1ccc(N2C(=O)c3ccc(Oc4ccc(Oc5ccc6c(c5)C(=O)N(c5ccc(C(*)(C)C)cc5)C6=O)cc4)cc3C2=O)cc1,264.0,228.396
*Cc1ccc(OC(=O)COCC(=O)Oc2ccc(CCC(=O)NC(*)C(=O)OC(C)C)cc2)cc1,80.0,67.101814
*c1cc(C)c(Oc2ccc3c(c2)C(=O)N(c2ccc(-c4ccc(N5C(=O)c6ccc(Oc7c(C)cc(C(*)(C)C)cc7C)cc6C5=O)cc4C(F)(F)F)c(C(F)(F)F)c2)C3=O)c(C)c1,262.0,279.61115
*OCCOC(=O)c1ccc(Oc2ccc(C(*)=O)cc2)cc1,74.0,83.57604
*CC(C[N-][N+]#N)O*,-34.99999999999997,-48.146744
*Nc1ccc(Cc2ccc(NC(=O)c3cc(C(*)=O)cc(N4C(=O)C5C6C=CC(C6)C5C4=O)c3)cc2)cc1,303.0,294.8133
*Oc1ccc(C2(c3ccc(OC(=O)c4ccc(C(*)=O)cc4)cc3)CCc3ccccc32)cc1,312.0,267.37692
*c1ccc(Cc2ccc(-n3nccc3-c3ccc(-c4ccnn4*)cc3)cc2)cc1,202.0,215.37955
*c1ccc(N2C(=O)c3ccc(Oc4ccc5ccc(Oc6ccc7c(c6)C(=O)N(c6ccc(C(*)(C)C)cc6)C7=O)cc5c4)cc3C2=O)cc1,247.0,229.81616
*CC(*)P(=O)(N(C)C)N(C)C,25.0,60.682793
*c1ccc(OCCCCCCOc2ccc(N(c3ccccc3)c3ccc(-c4ccc(N(*)c5ccccc5)cc4)cc3)cc2)cc1,85.0,95.282074
*C=CC(*)(C)C,-9.0,10.334198
*c1ccc(Oc2cccc(S(*)(=O)=O)c2)cc1,175.0,203.43652
*c1nc2cc(C(c3ccc4oc(-c5cc(OCCCCCCCCCC)c(*)cc5OCCCCCCCCCC)nc4c3)(C(F)(F)F)C(F)(F)F)ccc2o1,94.0,95.08484
*O[Si](C)(C)c1ccc(-c2ccc([Si](*)(C)C)cc2)cc1,67.0,55.03955
*NC(=O)OCCN(CCOC(=O)NCC1(C)CC(*)CC(C)(C)C1)c1ccc(/N=N/c2ccc(C#N)cc2)cc1,136.0,138.00806
*Sc1cccc2c1C(=O)N(c1ccc(N3C(=O)c4ccc(*)cc4C3=O)cc1)C2=O,319.5,306.18835
*Oc1ccc2c(c1)Oc1cc(OC(=O)c3ccc(C(*)=O)cc3)ccc1C21c2ccccc2-c2ccccc21,290.0,271.7964
*c1ccc2c(c1)C(=O)N(c1ccc(Oc3ccc(N4C(=O)c5ccc(*)cc5C4=O)cc3Br)c(Br)c1)C2=O,275.0,291.53046
*OCC(F)(F)C(F)(F)C(F)(F)COC(=O)c1cccc(C(*)=O)c1,23.5,37.755707
*c1ccc2c(c1)C(=O)N(c1cccc(OCCCCCCCCCCOc3cccc(N4C(=O)c5cccc(*)c5C4=O)c3)c1)C2=O,127.0,129.42932
*Sc1ccc(N2C(=O)c3ccc(Oc4ccc5c(c4)C(=O)N(c4ccc(Sc6cc7c(cc6*)C(=O)N(CCc6ccccc6)C7=O)cc4)C5=O)cc3C2=O)cc1,218.0,218.1904
*CC(*)c1ccccc1C(=O)OCCCC,66.0,62.89888
*NNC(=O)c1ccc(C(=O)NNC(=O)c2ccc([Si](c3ccccc3)(c3ccccc3)c3ccc(C(*)=O)cc3)cc2)nc1,240.0,263.43298
*CCCCCCCCC(=O)NCC(=O)NCC(=O)OC1COC2C(OC(=O)CNC(=O)CNC(*)=O)COC12,47.0,83.223015
*c1cc(Br)c(-c2c(Br)cc(N3C(=O)c4ccc(-c5ccc6c(c5)C(=O)N(*)C6=O)cc4C3=O)cc2C(=O)OCCCCCC)c(C(=O)OCCCCCC)c1,154.0,141.57391
*O[Si](*)(C)CCCC(=O)O,-28.99999999999997,-25.617004
*c1ccc(OC(=S)Oc2ccc(C(*)C(CC)CC)cc2)cc1,148.0,124.20752
*Oc1c(-c2ccccc2)cc(*)cc1-c1ccccc1,220.0,267.2121
*C(=O)Nc1ccc(C2(c3ccc(NC(=O)c4cc(*)cc(C(C)(C)C)c4)cc3)c3ccccc3-c3ccccc32)cc1,284.0,274.82605
*N[Se]Nc1ccc(*)cc1,55.0,24.127861
*N=P(*)(Oc1ccccc1)Oc1ccccc1,-8.0,6.164398
*C(=O)NCCCCCCNC(=O)c1c(*)ncn1C,86.0,130.04996
*C(=O)Nc1ccc(NC(=O)c2cc(-c3ccc(C(=O)OC)c(*)c3)ccc2C(=O)OC)cc1,234.20000000000005,236.19443
*=Cc1ccc(Oc2ccc(S(=O)(=O)c3ccc(Oc4ccc(/C=C5\CCC(=*)C5=O)cc4)cc3)cc2)cc1,235.0,200.02945
*Sc1ccc(*)cc1,86.85000000000002,98.137024
*CC(*)(C)C(=O)OCCCCCCN1CCN(c2ccc(/N=N/c3ccc(C#N)cc3)cc2)CC1,77.0,70.0607
*CC(*)C(=O)c1ccc(C(C)(C)C)cc1,103.5,85.96593
*c1cccc(Oc2ccc(-n3c(=O)c4cc5c(=O)n(*)c(=O)c5cc4c3=O)cc2)c1,397.0,355.07483
*c1ccc2c(c1)C(=O)N(c1cccc(S(=O)(=O)c3cccc(N4C(=O)c5ccc(*)cc5C4=O)c3)c1)C2=O,260.0,291.9279
*CC(*)(C)c1ccccc1,168.0,172.43834
*CC(*)OC(=O)c1ccccc1C,42.5,76.84523
*c1ccc(N2C(=O)c3ccc(-c4ccc5c(c4)C(=O)N(c4ccc(-c6cc(-c7ccc(OCCCC#N)cc7)cc(*)n6)cc4)C5=O)cc3C2=O)cc1,360.0,333.368
*CC(O)CN(*)c1cc(C)c(/N=N/c2ccc(C#N)cc2)c(C)c1,150.0,172.80443
*Nc1ccc(Oc2ccc(C3(c4ccc(Oc5ccc(NC(=O)c6cccc(C(*)=O)c6)cc5)cc4)C4CC5CC(C4)CC3C5)cc2)cc1,273.0,261.5036
*CC(*)(C)C(=O)OCCCCCCCCCCOc1ccc(OC(=O)c2ccc(OCCCCCCCC)cc2)cc1,12.0,20.360588
*c1ccc(Oc2ccc(-c3nnc(-c4ccccn4)nc3-c3ccc(Oc4ccc(C(*)(C)C)cc4)cc3)cc2)cc1,220.0,201.97798
*O[Si](*)(C)CC[Si](OCCOC)(OCCOC)OCCOC,28.900000000000038,-68.03055
*NCCCOC(*)=O,26.0,13.362564
*CC(*)C(=O)OCCCC,-51.57499999999999,-43.86702
*C(=O)c1cc2c(cc1Cl)C(=O)N(c1cc(N3C(=O)c4cc(*)c(Cl)cc4C3=O)cc(C(F)(F)F)c1)C2=O,305.0,333.00543
*c1ccc(Oc2c(F)c(F)c(-c3c(F)c(F)c(-n4nc(*)c5ccccc5c4=O)c(F)c3F)c(F)c2F)cc1F,253.0,318.7901
*C(F)(F)C(*)(F)C(F)(F)F,158.5,154.76752
*C(=O)Nc1ccc(Oc2ccc(Oc3ccc(Oc4ccc(NC(=O)c5cc(*)cc(C(C)(C)C)c5)cc4)cc3)cc2)cc1,230.0,227.87143
*OCCCCCOC(=O)c1ccc2cc(C(*)=O)ccc2c1,58.5,84.45476
*c1ccc(-c2ccc(-c3sc(-c4ccc([Si](C)(C)c5ccc(-c6cc(CCCCCCCC)c(*)s6)s5)s4)cc3CCCCCCCC)s2)s1,31.0,16.835945
*C(*)C(=O)OC(C)C,70.0,64.2762
*CSCC(*)(C)C,-49.29999999999998,-41.282547
*CC(*)(C)C(=O)OCCCCCCCCCCOc1ccc(C#Cc2cc(C)c(/C=C/c3ccncc3)cc2C)cc1,65.40000000000003,59.18689
*Oc1c(C(C)C)cc(*)cc1C(C)C,152.40000000000003,176.83408
*CCCNC(=O)CCCCC(=O)NCCCP(*)(C)=O,33.0,70.55582
*N=Nc1ccc(Oc2ccc(/N=N/P(=O)(OC)OCC3CCC(COP(*)(=O)OC)CC3)cc2)cc1,50.0,27.83857
*Nc1ccc(S(=O)(=O)c2ccc(NC(=O)c3ccc4c(c3)C(=O)N(c3cc(-c5nc6ccccc6s5)cc(N5C(=O)c6ccc(C(*)=O)cc6C5=O)c3)C4=O)cc2)cc1,357.0,294.45023
*C(=O)c1ccc(Oc2ccc(Oc3ccc(*)cc3)cc2-c2ccccc2)cc1,157.0,157.87404
*c1ccc(Oc2ccc(N3C(=O)CC(=O)N(c4ccc(Oc5ccc(C(*)(C)C)cc5)cc4)C3=S)cc2)cc1,150.0,169.82593
*CCCCCCCNC(*)=O,37.0,42.707382
*c1cccc(P(=O)(c2ccccc2)c2cccc(-n3c(=O)c4cc5c(=O)n(*)c(=O)c5c(-c5ccccc5)c4c3=O)c2)c1,325.0,333.0586
*c1ccc(/N=C/Nc2ccc(S(*)(=O)=O)cc2)cc1,163.0,178.37059
*c1ccc(NC(=C(C#N)C#N)c2ccc(C(Nc3ccc(C(C)(C)c4cccc(C(*)(C)C)c4)cc3)=C(C#N)C#N)cc2)cc1,208.0,200.939
*Nc1ncc(*)s1,139.0,88.72951
*c1ccc(Oc2ccc(S(=O)(=O)c3ccc(-c4ccc(-c5ccc(S(*)(=O)=O)cc5)cc4)cc3)cc2)cc1,311.0,301.37366
*C(=O)c1cccc(-n2c(=O)c3cc4c(=O)n(-c5cccc(*)c5)c(=O)c4cc3c2=O)c1,321.0,317.2472
*O[Si](*)(C)CCCOc1ccc(/N=N/c2ccc(S(=O)(=O)O)cc2)cc1,9.200000000000044,69.131035
*CC(*)(C)c1ccc2ccccc2n1,193.0,164.14859
*c1ccc(OCC(O)COC(=O)/C=C/C(=O)Oc2ccc(C(*)(C)C)cc2)cc1,32.0,95.0343
*OCCCCC(=O)NNC(=O)c1ccc(C(=O)NNC(=O)CCCCOc2ccc(*)cc2C)cc1,150.0,120.64238
*c1ccc(Oc2ccc(C(=O)c3ccc(C(c4ccc(C(=O)c5ccc(Oc6ccc(C(*)(C)C)cc6)cc5)cc4)(C(F)(F)F)C(F)(F)F)cc3)cc2)cc1,181.0,162.10081
*c1ccc(Oc2ccc(N3C(=O)CC(C)(SCCOCCSC4(C)CC(=O)N(c5ccc(Oc6ccc(N7C(=O)C(C)C(SCCOCCSC8C(=O)N(*)C(=O)C8C)C7=O)cc6)cc5)C4=O)C3=O)cc2)cc1,145.0,122.29333
*c1ccc(N2C(=O)c3ccc(Oc4cccc5c(Oc6ccc7c(c6)C(=O)N(c6ccc(C(C)(C)c8ccc(C(*)(C)C)cc8)cc6)C7=O)cccc45)cc3C2=O)cc1,253.0,248.55014
*CC(*)(C)C(=O)OCCCCCCCCCCCOc1ccc2cc(C(=O)Oc3ccccc3)ccc2c1,10.0,21.450478
*CC(CC(C)C)S(*)(=O)=O,23.0,92.714294
*Nc1ccc(OCCCCCOc2ccc(NC(=O)c3cccc(C(*)=O)c3)cc2)cc1,155.0,149.52626
*C(=O)NCCCCCCCCCCCCNC(=O)C(OC)C(*)OC,84.0,89.650406
*Nc1ccc(S(=O)(=O)c2ccc(NC(=O)c3ccc4c(c3)C(=O)N(c3cccc(P(=O)(c5ccccc5)c5cccc(N6C(=O)c7ccc(C(*)=O)cc7C6=O)c5)c3)C4=O)cc2)cc1,241.0,238.10239
*Oc1ccc(-c2ccc(OC(=O)c3ccc(C(=O)c4ccc(C(*)=O)cc4)cc3)c(-c3ccccc3)c2)cc1-c1ccccc1,184.5,148.501
*C(=O)c1ccc(C(c2ccc(C(=O)c3ccc(Sc4ccc(*)cc4)cc3)cc2)(C(F)(F)F)C(F)(F)F)cc1,175.0,196.90028
*C(=O)c1ccc(Oc2ccc(Oc3ccc(C(=O)c4ccc(Oc5ccc(Oc6ccc(*)cc6C(C)C)cc5)c(C(C)C)c4)cc3)cc2)cc1,145.0,153.62909
*O[Si](C)(C)c1ccc2c(c1)C(=O)N(c1ccc(Cc3ccc(N4C(=O)c5ccc([Si](*)(C)C)cc5C4=O)cc3)cc1)C2=O,232.0,258.6638
*c1ccc(-c2cc(CCCCCCOC(=O)COc3ccccc3)c(*)s2)s1,79.0,55.09076
*Nc1ccc(Oc2ccc(NC(=C(C#N)C#N)c3ccc(-c4ccc(C(*)=C(C#N)C#N)cc4)cc3)cc2)cc1,220.0,261.20935
*Oc1ccc2c(c1)C(=O)N(c1ccc(Oc3cccc(-c4cc(-c5ccccc5)cc(-c5cccc(Oc6ccc(N7C(=O)c8ccc(*)cc8C7=O)cc6)c5)n4)c3)cc1)C2=O,224.0,237.93488
*C(=O)c1ccc(Oc2ccc(Oc3ccc(Oc4ccc(*)cc4)cc3)cc2)cc1,150.5,162.73068
*c1cc(C)c(Oc2ccc3c(c2)C(=O)N(c2cccc(N4C(=O)c5ccc(Oc6c(C)cc(*)cc6C)cc5C4=O)c2)C3=O)c(C)c1,295.0,308.32462
*c1ccc2c(c1)C(=O)N(c1ccc(-c3ccc(N4C(=O)c5ccc(C(*)(C(F)(F)F)C(F)(F)F)cc5C4=O)cc3-c3ccc(-c4ccccc4)cc3)c(-c3ccc(-c4ccccc4)cc3)c1)C2=O,285.0,321.35022
*COC(=O)N1CCN(C(=O)OCC(*)(C)C)CC1,70.0,-1.9614716
*CC(*)c1ccccc1COC,89.0,106.56826
*OC(=O)c1ccc(Cc2ccc(C(*)=O)cc2)cc1,122.0,136.08496
*O[Si](*)(C)C1CC2CC1CC2OC(=O)OC(C)(C)C,60.0,30.740784
*CC(*)OC(=O)C(C)(C)C(C)(C)CC,90.0,66.3359
*CC(*)c1ccc(C(C)(O)CCCCC)cc1,100.0,98.75464
*c1cc(OC)c(OC(=O)CCCCCCCCC(=O)Oc2c(OC)cc(*)cc2OC)c(OC)c1,94.0,86.44214
*CC(*)C(=O)OCCOC(F)(F)C(F)F,-21.99999999999997,-23.315048
*OCCOCCOC(=O)Oc1cccc(N(c2ccccc2)c2ccc(-c3ccc(N(c4ccccc4)c4cccc(OC(*)=O)c4)cc3)cc2)c1,113.0,79.03887
*Nc1ccc(C(c2ccc(NC(=O)c3ccc(-c4ccc(C(*)=O)cc4)cc3)cc2)(P2(=O)Oc3ccccc3-c3ccccc32)P2(=O)Oc3ccccc3-c3ccccc32)cc1,251.0,260.3596
*C(=O)Oc1ccc(Cc2ccc(OC(=O)c3cc(*)cc(OCCCCC)c3)cc2)cc1,110.0,99.32161
*c1c(C)cc(C)c(N2C(=O)c3ccc(Oc4ccc(Oc5ccc6c(c5)C(=O)N(*)C6=O)cc4)cc3C2=O)c1C,345.0,317.46268
*C(=O)OCCOC(=O)c1cc(*)cc(C(C)(C)C)c1,94.0,68.62559
*OC1C(CO)OC(*)C(O)C1O,332.0,236.13687
*CC(*)Cc1cccc(C)c1,40.0,46.70894
*NCCCCCCCNC(=O)c1ccc(C(*)=O)cc1,160.0,140.29063
*c1ccc(OCC(O)COc2ccc(C3CCCC(*)(CC)C3)cc2)cc1,140.0,121.654495
*c1cc(C(C)C)c(N2C(=O)c3ccc(C(c4ccc5c(c4)C(=O)N(c4c(C(C)C)cc(C(*)(c6ccccc6)C(F)(F)F)cc4C(C)C)C5=O)(C(F)(F)F)C(F)(F)F)cc3C2=O)c(C(C)C)c1,274.0,318.03293
*c1ccc(Oc2ccc3c4c2cccc4c(=O)n2c4ccc(Oc5ccc6nc7c8cccc9c(Oc%10ccc(C(*)(C)C)cc%10)ccc(c(=O)n7c6c5)c98)cc4nc32)cc1,334.0,363.45316
*Cc1ccc(NC(=O)CCCCC(=O)NC(*)(C)C)cc1,130.0,100.33114
*CC(O)CN(*)c1cc(C)c(/N=N/c2ccc([N+](=O)[O-])cc2)c(C)c1,152.0,169.53085
*C(C)C(*)C(=O)OCCC,116.0,82.198425
*CCCCCCCCCCCCCCC(=O)NCCCCCCCCCCCCNC(*)=O,46.0,40.458015
*Nc1ccc(Oc2cccc3c(NC(=O)c4ccc5c(c4)C(=O)N(c4ccc(Oc6cccc7c(N8C(=O)c9ccc(C(*)=O)cc9C8=O)cccc67)cc4)C5=O)cccc23)cc1,276.0,290.743
*Nc1cc(NC(=O)c2ccc(C(*)=O)cc2)cc(-c2nc3ccccc3oc2=O)c1,103.0,185.3053
*c1ccc(-c2sc(-c3cc(SCCCC)c(*)s3)cc2SCCCC)cc1,129.0,92.69122
*NCCCCCCCCNC(=O)c1ccc(C(*)=O)cc1Sc1ccccc1,110.0,114.77521
*N=P(*)(Oc1ccc2ccccc2c1)Oc1ccc2ccccc2c1,47.0,39.49533
*Nc1ccc(Oc2ccc(NC(=O)c3ccc(P(=O)(c4ccccc4)c4ccc(C(*)=O)cc4)cc3)cc2)cc1,254.0,286.72635
*c1ccc(OCCCCCCCCOc2ccc(C(*)(C)C)cc2)cc1,19.600000000000023,27.079063
*CCCCCCCCC(=O)NC(Cc1ccccc1)C(=O)OC1COC2C(OC(=O)C(Cc3ccccc3)NC(*)=O)COC12,74.0,74.55264
*C(=O)Nc1ccc(Cc2ccc(NC(=O)c3cc(*)cc(NC(=O)CCN4C(=O)c5ccccc5C4=O)c3)cc2)cc1,235.0,219.60031
*CCCCCC(=O)NCCCCCCCNC(*)=O,55.0,38.89853
*NC(=O)c1ccc(NC(=O)CCCCCCCCCCCCC(=O)Nc2ccc(C(=O)Nc3ccc(*)cc3C(=O)OCCCCCCCCCCCCCCCCCC)cc2)cc1,191.0,255.7417
*CC(CC)C(=O)NCCCCCCNC(=O)C(*)CC,94.0,71.330826
*c1ccc(OC2(F)C(F)(F)C(F)(F)C2(F)Oc2ccc(C(*)(C)C)cc2)cc1,98.0,102.2901
*c1ccc(Oc2ccc(P(=O)(c3ccccc3)c3ccc(Oc4ccc(P(*)(C)=O)cc4)cc3)cc2)cc1,238.0,262.6703
*CC(*)OC(=O)CC(C)(C)c1ccccc1,20.0,56.091476
*C(=O)c1ccc2c(c1)C(=O)N(c1ccc(Oc3ccc(N4C(=O)c5ccc(C(=O)c6cc(*)cc(C(C)(C)C)c6)cc5C4=O)cc3)cc1)C2=O,252.5,263.8645
*/C=C/*,-4.0,-55.487762
*OCCOC(=O)c1ccc2c(c1)C(=O)N(c1ccc(C(*)=O)cc1)C2=O,280.0,160.47412
*Oc1ccc(C2(c3ccc(OC(=O)c4cccc(C(*)=O)c4)cc3)CCC3CCCCC3C2)cc1,248.0,252.85184
*Nc1ccc(Oc2ccc(C3(c4ccc(Oc5ccc(NC(=O)c6ccc7c(c6)C(=O)N(c6ccc(N8C(=O)c9ccc(C(*)=O)cc9C8=O)cc6)C7=O)cc5)cc4)NC(=O)c4ccccc43)cc2)cc1,322.0,286.35492
*c1nc(C)nc(N(CCCCN(*)c2ccccc2)c2ccccc2)n1,85.0,47.017128
*Nc1ccc(Cc2ccc(NC(=O)Oc3ccc(/N=C/CCC/C=N/c4ccc(OC(*)=O)cc4)cc3)cc2)cc1,76.0,98.17532
*c1ccc2c(c1)C(=O)N(c1ccc(OCCCCCCCCCCOc3ccc(N4C(=O)c5ccc(C(*)(C(F)(F)F)C(F)(F)F)cc5C4=O)cc3)cc1)C2=O,143.0,139.06891
*CC(*)c1ccc(C(=O)OCCN(C)C)cc1,91.0,68.47586
*CC(=O)Nc1ccc(-c2ccc(NC(=O)Cc3cc(C)c(*)cc3C)cc2)cc1,171.0,228.01979
*OC(=O)c1cccc(C(=O)Oc2cc(*)cc(CCCCCCCC)c2)c1,50.5,53.421364
*c1ccc(OC(=O)CCCCCCCCC(=O)Oc2ccc(C(*)(C)C)cc2)cc1,14.25,42.163033
*OCCCCCCCCCCCOc1cccc(-c2nnc(-c3ccc(OCCCCCCCCCCCOC(=O)c4cccc(C(*)=O)c4)cc3)s2)c1,39.0,25.849022
*NC(=O)C(Cc1ccccc1)NC(=O)CCCCCCCCC(=O)NC(Cc1ccccc1)C(=O)NC(C(=O)NCC(=O)NCCCOCCOCCOCCCNC(=O)CNC(=O)C(*)C(C)C)C(C)C,58.0,68.55551
*OCCCCCCCCCCOC(=O)c1ccc(-c2ccc(-c3ccc(C(*)=O)cc3)cc2)cc1,50.0,51.59635
*Oc1ccc2c(c1)C(=O)N(CC1CC3CC1C1CCC(CN4C(=O)c5ccc(*)cc5C4=O)C31)C2=O,201.0,207.08601
*N=P(*)(Oc1cccc(C(F)(F)F)c1)Oc1cccc(C(F)(F)F)c1,-34.99999999999997,-27.153046
*CC(*)(C)C(=O)OCCN(C)c1ccc(/N=N/c2ccc(/N=N/c3ccc(C#N)cc3)cc2C)cc1,120.0,156.09346
*C(=O)c1ccc(N(*)CCCCCCC)cc1,45.900000000000034,46.730667
*CC(*)C(=O)Nc1ccc(Cl)cc1,76.0,154.23622
*C1C(=O)N(C2CCCCC2)C(=O)C1*,232.0,265.12122
*C(=O)c1ccc(C(=O)c2ccc(Oc3ccc(C4(c5ccc(Oc6ccc(*)cc6)cc5)c5ccccc5-c5ccccc54)cc3)cc2)cc1,243.0,230.42758
*c1ccc(CNC(=O)OCc2ccc(COC(=O)NCc3ccc(C(*)(C)C)o3)o2)o1,55.0,12.469467
*Nc1ccc(NC(=O)c2cccc(C(=O)c3ccc(C(*)=O)cc3)c2)cc1,257.5,228.80365
*C(=O)c1ccc(NC(=O)c2ccc(C(=O)Nc3ccc(C(=O)c4c(C)c(C)c(*)c(C)c4C)cc3)cc2)cc1,345.0,368.4582
*c1cc(C)c(OC(=O)c2ccc(N3C(=O)CC(Nc4cccc(NC5CC(=O)N(c6ccc(C(=O)Oc7c(C)cc(C(*)c8cccnc8)cc7C)cc6)C5=O)c4)C3=O)cc2)c(C)c1,194.0,190.44052
*c1ccc(-c2ccc([Si](CCCC)(CCCC)[Si](*)(CCCC)CCCC)s2)s1,-19.99999999999997,-36.93112
*C(=O)c1ccc(N2C(=O)c3ccc(C(=O)c4ccc5c(c4)C(=O)N(c4cccc(Cc6ccc(*)cc6)c4)C5=O)cc3C2=O)cc1,254.0,265.73743
*C(CC1C(=O)OC(=O)C1*)OC1CCCCC1,201.0,150.92593
*CCC1C(=O)N(C)C(=O)C1*,141.20000000000005,165.12808
*CC(*)C(=O)OCC(CC)CCCC,-57.07499999999999,-42.74257
*Nc1ccc(Cc2ccc(NC(=O)OCCCCOC(*)=O)cc2)cc1,109.0,75.10629
*Nc1ccc(Oc2ccc(C(c3ccc(Oc4ccc(NC(=O)c5cc(C(*)=O)cc([N+](=O)[O-])c5)cc4)cc3)(C(F)(F)F)C(F)(F)F)cc2)cc1,232.0,252.45453
*Nc1ccc2c(c1)-c1cc(NC(=O)c3ccc4c(c3)C(=O)N(c3cccc(P(=O)(c5ccccc5)c5cccc(N6C(=O)c7ccc(C(*)=O)cc7C6=O)c5)c3)C4=O)ccc1C2,248.0,240.95422
*c1ccc(Oc2ccc(C(=O)Nc3cccc(Oc4ccc(NC(=O)c5ccc(Oc6ccc(C(C)(C)c7cccc(C(*)(C)C)c7)cc6)cc5)cc4)c3)cc2)cc1,147.0,133.00221
*Oc1ccc(C(=O)c2ccc(C(=O)c3ccc(Oc4ccc(*)cc4-c4cccc(C)c4)cc3)cc2)cc1,159.0,149.02766
*C=Cc1cccc(/C=C/[Si](C)(CCC(F)(F)F)c2cccc([Si](*)(C)CCC(F)(F)F)c2)c1,9.5,10.253845
*C(=O)c1ccc2c(c1)C(=O)N(c1cccc(Cc3ccc(Cc4cccc(N5C(=O)c6ccc(*)cc6C5=O)c4)cc3)c1)C2=O,240.0,266.44513
*CCC(C)C(*)C,-25.99999999999997,-29.09436
*CC(*)(C)C(=O)OCCCCCCCOc1ccc2cc(C(=O)Oc3ccccc3)ccc2c1,40.0,43.342094
*C(=O)NC(=O)Oc1ccc(C(C)(C)c2ccc(OC(=O)NC(=O)c3cc(*)cc(C(C)(C)C)c3)cc2)cc1,123.5,157.61145
*c1ccc(Oc2ccc(C(=O)Oc3ccc(C45CC6CC(CC(C6)C4)C5)c(OC(=O)c4ccc(Oc5ccc(C6(*)CCC(C(C)(C)C)CC6)cc5)cc4)c3)cc2)cc1,180.0,204.16968
*c1ccc(OC(=S)Oc2ccc(C(*)C)cc2)cc1,107.0,136.32726
*=Cc1ccc(Oc2ccc(S(=O)(=O)c3ccc(Oc4ccc(C5(c6ccc(Oc7ccc(S(=O)(=O)c8ccc(Oc9ccc(/C=C%10\CCC(=*)C%10=O)cc9)cc8)cc7)cc6)CCCC5)cc4)cc3)cc2)cc1,240.0,211.04547
*=C(C#N)c1ccc(C(=O)OCCC2CCN(C(=*)c3ccc(OC)cc3)CC2)cc1,167.0,138.27815
*CC(*)(C)C(=O)OC1CCCC1,75.0,136.87051
*Nc1ccc(Oc2ccc(Nc3ccc4c(c3)c3cc(*)ccc3n4CC(CC)CCCC)cc2)cc1,220.0,202.72014
*c1ccc(OC(=O)CCCCCCCCC(=O)Oc2ccc(C(*)(CC)c3ccccc3)cc2)cc1,88.0,49.37121
*CC(*)c1ccc(C)c(C)c1,110.85000000000002,113.89974
*Oc1ccc(OC(=O)c2ccc(C(*)=O)cc2Sc2ccc3ccccc3c2)cc1,148.0,156.35175
*Oc1ccc(C=Cc2ccc(Oc3ccc(-c4nnc(-c5ccc(*)c6ccccc56)o4)c4ccccc34)c3ccccc23)cc1,241.0,222.39691
*OC(=O)c1ccc(OCCCCOc2ccc(C(*)=O)cc2)cc1,45.0,58.626366
*c1ccc(NC(=O)c2cccc(C(=O)Nc3ccc(C(*)(C)C)cc3)c2)cc1,279.0,254.52681
*CC(C)(C)C1C(=O)N(CCCC)C(=O)C1*,80.0,105.50466
*COC(=O)OC(*)COCCOC,-49.99999999999997,-18.764114
*Cc1ccc(C(=O)NCCCCCNC(*)=O)cc1,103.0,99.79985
*c1ccc2c(c1)C(=O)N(c1ccc(OCCCCCCOc3ccc(N4C(=O)c5ccc(C(*)(C(F)(F)F)C(F)(F)F)cc5C4=O)cc3)cc1)C2=O,167.0,166.33093
*CC(*)OC(=O)c1cccnc1,86.5,109.24049
*O[Si](O[Si](C)(C)c1ccc([Si](*)(C)C)cc1)(c1ccccc1)c1ccccc1,0.0,-1.077591
*Nc1ccc(-c2c(-c3ccc(-c4ccccc4)cc3)cc(-c3ccc(OCCCCCCCCCCOc4ccc(-c5cc(-c6ccc(-c7ccccc7)cc6)c(-c6ccc(NC(=O)c7ccc(C(*)=O)cc7)cc6)c(-c6ccc(-c7ccccc7)cc6)c5)cc4)cc3)cc2-c2ccc(-c3ccccc3)cc2)cc1,111.0,146.51091
*c1cc(C)c(OC(=O)CCCCC(=O)Oc2c(C)cc(*)cc2C)c(C)c1,108.0,122.69603
*NC(=O)CCCCCCCCC(=O)Nc1cc([N+](=O)[O-])c(*)cc1/C=C/c1ccc(N(C)C)cc1,159.0,152.57158
*CCCN1C(=O)c2ccc(-c3ccc4c(c3)C(=O)N(CCC[Si](C)(C)O[Si](*)(C)C)C4=O)cc2C1=O,75.0,76.83086
*c1ccc2c(c1)C(=O)N(c1ccc(-c3ccc(N4C(=O)c5ccc(*)cc5C4=O)cc3C(F)(F)F)c(C(F)(F)F)c1)C2=O,323.75,333.58957
*N=Cc1ccc(-c2ccc(-c3ccc(/C=N/c4cccc(*)c4)cc3)s2)cc1,150.0,136.53416
*c1ccc(Oc2ccc(S(=O)(=O)c3ccc(Oc4ccc(C(*)(C)C)cc4)c([N+](=O)[O-])c3)cc2[N+](=O)[O-])cc1,206.0,186.97688
