smiles,tg_celsius
*/C(=C(/*)c1cccc(OCC(COC)COCCOC)c1)c1ccc(/N=N/c2ccc(OCC(CC)CCCC)cc2)cc1,40.0
*/C(=C(\C)C=C=*)c1ccccc1Cl,105.0
*/C(=C(\Cl)c1ccc(*)cc1)c1ccc(-n2ccc(=O)[nH]2)cc1,210.0
*/C(=C/C(=*)c1ccccc1)c1ccccc1C(C)(C)C,150.0
*/C(=C/C(=O)Nc1cccc(*)c1)C(C)C,150.0
*/C(=C/C=C/C(=*)OCC(C)C)Oc1ccc(/N=N/c2ccc([N+](=O)[O-])cc2)cc1,130.0
*/C(=C/C=C/C=*)CCC#N,45.0
*/C(=C/CP=Cc1ccc(N(*)Cc2ccccc2)cc1)Oc1cc(C(C)C)ccc1Cl,95.0
*/C(=C/c1ccc(*)cc1)Oc1ccc(C#Cc2ccccc2)cc1,150.0
*/C(=N/C(*)C(=O)N(CC)C(C)C)c1ccc(/N=N/c2ccccc2)cc1,145.0
*/C(=N/C(C#N)=C/c1ccc(/N=N/c2ccc(C=*)cc2)cc1)c1ccccn1,210.0
*/C(=N/c1ccccc1/N=C/c1ccc(*)cc1)Oc1c(Cl)ccc(F)c1F,160.0
*/C(=N\C)c1ccc(*)n1CCCC,65.0
*/C(=[SH]/C(=*)C(=O)Nc1ccc(N)cc1)C(=O)OCC,130.0
*/C(C#Cc1ccccc1)=C/c1cccc(*)c1,150.0
*/C(C#N)=C(\C#N)C(=*)COCCOCCOCCOCCOCCOC,-40.0
*/C(C#N)=C(\C#N)[Si](*)(C)c1ccccc1,130.0
*/C(C#N)=C/c1cc(Br)c(*)c(Br)c1Cl,180.0
*/C(C#N)=C/c1cc(OC)c(*)cc1OCC,130.0
*/C(C#N)=C/c1cc(OCC)c(/C=C/c2ccc(*)c(C(C)C)c2)cc1CCCCCC,95.0
*/C(C#N)=C/c1ccc(C(=O)c2ccc([Si](C)(C)[Si](C)(C)C(=O)OC(=O)c3ccc4c(c3)C(=O)N(*)C4=O)cc2)cc1,240.0
*/C(C)=C(/*)CCCCCCCOC(=O)c1cc(OC(=O)Oc2ccc(C=O)cc2)ccc1O,15.0
*/C(C)=C(/*)CCCCCOC(=O)Nc1ccc(CNC(C)C)cc1,20.0
*/C(C)=C(/*)CCCOC(=O)c1ccc(OCC(F)(F)C(F)(F)C(F)(F)C(F)(F)F)cc1,30.0
*/C(C)=C(/*)CCCOCC[Si](C)(C)CCCC,-60.0
*/C(C)=C(/*)CCCOc1ccc(C(=O)Oc2ccc(-c3ccc(O)cc3)cc2)cc1,90.0
*/C(C)=C(/*)CCCOc1ccc(C(=O)Oc2ccc([N+](=O)[O-])cc2)cc1,40.0
*/C(C)=C(/*)CCNC(=O)OCCCCCCCCCCCCCCCCCCCN1OCCCCCCC1S,-40.0
*/C(C)=C(/*)CNCCN(CC)NCCNCC,-30.0
*/C(C)=C(/*)c1cc(O)c(OCC(F)(F)C(F)(F)C(F)(F)Cl)cc1Cl,90.0
*/C(C)=C(/*)c1ccc(Cc2ccccc2)cc1,100.0
*/C(C)=C(\C)C(=*)C#C,120.0
*/C(C)=C(\C)C(=O)OCCCCCCOS(=O)(=O)CC(F)(F)CN(*)CCc1ccccc1,-20.0
*/C(C)=C(\C)O[Si](*)(C)CCC(F)(F)C(F)(F)C(F)(F)C(F)(F)C(F)(F)C(F)(F)C(F)(F)C(F)(F)C(F)(F)F,-50.0
*/C(C)=C/c1cc(OCCN(CCCC)[Si](C)(C)C)c(C(=*)C[n+]2ccccc2)c2ccccc12,120.0
*/C(C)=C/c1ccc(N(*)CCCCCCCCCC)nc1,-10.0
*/C(C)=C/c1ccc([Si](*)(C)Oc2ccccc2)cc1,90.0
*/C(C)=N/c1ccc(/C=C/c2ccc(N(*)c3ccc(Br)cc3)cc2)cc1,180.0
*/C(C)=N/c1ccc(C(=O)c2ccc(N3C(=O)c4ccc(*)cc4C3=O)cc2)cc1,280.0
*/C(F)=C(\F)C(*)(C(=O)O)C(F)(F)F,150.0
*/C([2H])=C(/*)CCCC(F)(F)C(F)(F)C(F)(F)C(F)(F)C(F)(F)F,-30.0
*/C([2H])=C(/*)OCCCCCC,-55.0
*/C([2H])=C(/*)[Si](C)(CCC)CCCCCC,-80.0
*/C=C(/*)C#CCOc1ccc(OC(=O)c2ccccc2)cc1,65.0
*/C=C(/*)C#CN(C#N)CC#N,120.0
*/C=C(/*)C#C[Si](CC)(CCCC)CCCCCCCCCCC,-60.0
*/C=C(/*)C(=O)OCC(F)(F)C(F)(F)C(F)(F)C(F)(F)F,65.0
*/C=C(/*)C(CC)CCC[Si](C)(C)C,-70.0
*/C=C(/*)C(CO)CCl,45.0
*/C=C(/*)C(COC(C)=O)c1ccc(N(C)C)cc1Br,85.0
*/C=C(/*)C(Cl)(CBr)C(F)(F)C(F)(F)C(F)(F)C(F)(F)C(F)(F)C(F)(F)C(F)(F)C(F)(F)C(F)(F)F,65.0
*/C=C(/*)C(Cl)C([2H])=O,45.0
*/C=C(/*)CC=CCCCN,-50.0
*/C=C(/*)CCC(=O)Nc1ccccc1,45.0
*/C=C(/*)CCC(=O)OCCCCc1ccc(C)cc1,-30.0
*/C=C(/*)CCCCC(=O)Oc1cccc(C(=O)OCC)c1,-20.0
*/C=C(/*)CCCCCCCCCCCCCCCCCCCCCCC,-60.0
*/C=C(/*)CCCCCCCCCCCCCCCCCOCCOCCCCCC,-60.0
*/C=C(/*)CCCCCCCCCCCCOc1ccc(-c2ccc(C#N)cc2)cc1,10.0
*/C=C(/*)CCCCCCCCCCCCOc1ccc(-c2ccc(OCCCC)cc2)cc1,-20.0
*/C=C(/*)CCCCCCCOc1ccc(CCCCCCCCCCCC)cc1,-55.0
*/C=C(/*)CCCCCCOc1ccc(/C=N/CCCC)cc1,-20.0
*/C=C(/*)CCCCCOc1ccc(-c2ccc(OCC)c(C#N)c2)cc1,30.0
*/C=C(/*)CCCCCOc1ccc(C(=O)c2ccccc2)cc1,-20.0
*/C=C(/*)CCCCCS(=O)(=O)c1ccc([Si](C)(C)C)cc1,-10.0
*/C=C(/*)CCCCC[N+](C)(C)C,-20.0
*/C=C(/*)CCCOC(=O)COc1ccc(OC(=O)Oc2ccc(C(=O)Oc3ccc(C=CC=CC)cc3)cc2)cc1,45.0
*/C=C(/*)CCCOC(=O)c1cccc(C(=O)Oc2ccc(OCCCCCCC(C)C)o2)c1,-20.0
*/C=C(/*)CCCOc1ccc(-c2ccc(C(=O)OC(C)C(=O)OC3CC(C)CC3C(C)C)cc2)cc1,45.0
*/C=C(/*)CCCOc1ccc(-c2ccc(C(=O)Oc3ccc(OCC)cc3)cc2)cc1,60.0
*/C=C(/*)CCCOc1ccc(/N=N/c2ccc(S(=O)(=O)Oc3ccc(OCCCC)cc3)cc2)cc1,45.0
*/C=C(/*)CCCOc1ccc(C(=O)OC(C)CCCC)cc1,-30.0
*/C=C(/*)CCCOc1ccc(OC(=O)c2ccc(OCC(O)COc3ccc(C#N)cc3)cc2)cc1,45.0
*/C=C(/*)CCc1ccc(CCCCCCCCCCCCCCc2ccc(C#N)cc2)cc1,-30.0
*/C=C(/*)CCl,-18.0
*/C=C(/*)CNC(=O)C(C)=C(C#N)CNC(=O)c1ccc(/N=N/c2ccc(/C=C/c3ccccc3)cc2)c2ccccc12,145.0
*/C=C(/*)CNC(=O)C(CCC)CCCCC,-40.0
*/C=C(/*)CNC(=O)NC(C)CC,45.0
*/C=C(/*)CNC(=O)c1ccc(OCCCC)cc1,45.0
*/C=C(/*)CNC(=S)NCCCC,15.0
*/C=C(/*)CNS(C)(C)C,45.0
*/C=C(/*)COC(=O)CCc1ccc(/C=N/c2ccc(C#N)cc2)cc1,65.0
*/C=C(/*)CS(=O)(=O)CC,65.0
*/C=C(/*)CSCCCCCCCC(=O)Nc1ccc(C)cc1,-10.0
*/C=C(/*)Cc1ccc(C(O)CCCCCCC)cc1,-20.0
*/C=C(/*)Cc1ccc(F)c(Br)c1,55.0
*/C=C(/*)Cc1ccccc1,55.0
*/C=C(/*)N(C)c1ccccc1,120.0
*/C=C(/*)OC(Cl)(Cl)C(=O)OC,45.0
*/C=C(/*)OC1CCCCC1,80.0
*/C=C(/*)OCC(C)C,-40.0
*/C=C(/*)OCCCCOC(=O)c1cc(OCC)c(OC)c(F)c1F,-20.0
*/C=C(/*)OCc1ccc(CCOCCCCCCCCOc2ccc(/C=C/c3ccc(C#N)cc3)cc2)cc1,-10.0
*/C=C(/*)SSc1ccc([N+](=O)[O-])cc1,60.0
*/C=C(/*)Sc1ccc(C)nc1,65.0
*/C=C(/*)[Si](C)(CC)OCC(F)(F)C(F)(F)C(F)(F)C(F)(F)C(F)(F)C(F)(F)C(F)(F)C(F)(F)C(F)(F)C(F)(F)C(F)(F)C(F)(F)C(F)(F)C(F)(F)C(F)(F)F,-30.0
*/C=C(/*)[Si](C)(N)CCCCCCCCCC,-60.0
*/C=C(/*)[Si](CCC(=O)OCCCC)C(C)C,-60.0
*/C=C(/*)c1c([2H])ccc(F)c1F,90.0
*/C=C(/*)c1cc(C#N)cc(C(=O)NCCCCCCCC)c1,65.0
*/C=C(/*)c1cc(C(=O)OC(C)(C)C)ccc1O,130.0
*/C=C(/*)c1cc(C(=O)OCCCC)ccc1-c1ccc(/N=N/c2ccc([N+](=O)[O-])cc2)cc1,130.0
*/C=C(/*)c1cc(C(=O)OCCCCCCCCCC)ccc1-c1ccccc1,15.0
*/C=C(/*)c1cc(C(C)CCC)ccc1Br,65.0
*/C=C(/*)c1cc(C(F)(F)F)c(Br)cc1Cl,130.0
*/C=C(/*)c1cc(C)c([N+](=O)[O-])cc1C,130.0
*/C=C(/*)c1cc(F)ccc1Br,105.0
*/C=C(/*)c1cc(F)ccc1OCCCCCCCCCCCC,-30.0
*/C=C(/*)c1cc(O)c(S(=O)(=O)O)c(NC(=O)OC)c1,190.0
*/C=C(/*)c1cc(OCCCC)c(-c2ccc(CCCCCC)cc2)cc1OCCCCCCCCCCCC,-20.0
*/C=C(/*)c1cc(OCCCC)ccc1C(=O)Nc1ccc(/N=N/c2ccc(Cl)cc2)cc1,130.0
*/C=C(/*)c1cc(OCCOCCOCCCCCCCCC)ccc1C(CCCC)OCC,-40.0
*/C=C(/*)c1ccc(B)c(C)c1,110.0
*/C=C(/*)c1ccc(C(=O)OC(C)C)cc1,90.0
*/C=C(/*)c1ccc(C(=O)OCCCCCCC)cc1,-20.0
*/C=C(/*)c1ccc(C(O)(C(F)(F)F)C(F)(F)F)cc1,150.0
*/C=C(/*)c1ccc(C=N)cc1CCCC,65.0
*/C=C(/*)c1ccc(COCCCCCBr)cc1,45.0
*/C=C(/*)c1ccc(COCCCCCCC)cc1,-20.0
*/C=C(/*)c1ccc(COCCOCCOCCOCCOCCOCCOC)cc1,-30.0
*/C=C(/*)c1ccc(Cc2ccc(C#C[Si](C)(C)C)cc2)cc1,90.0
*/C=C(/*)c1ccc(Cc2ccc(I)cc2)cc1,110.0
*/C=C(/*)c1ccc(Cc2ccc([N+](=O)[O-])cc2)c(C)c1,130.0
*/C=C(/*)c1ccc(OCCC(CC)CCC)cc1,-20.0
*/C=C(/*)c1ccc([Si](C)(C)CC#N)cc1,90.0
*/C=C(/*)c1ccc([Si](C)(C)S)cc1,80.0
*/C=C(/*)c1cccc(COCCC(C)C)c1,20.0
*/C=C(/*)c1ccccc1C(=O)OCCCCC,35.0
*/C=C(/*)c1ccccc1I,120.0
*/C=C(/*)c1ccccc1OCCCCCCCCC,-20.0
*/C=C(/C(C)(C)C)[Si](*)(C)C,45.0
*/C=C(/C=C/C(*)=O)CC(C)C,45.0
*/C=C(/N=N/c1ccc(Cl)cc1)C(*)c1cccc(C(F)(F)F)c1,145.0
*/C=C(\C#CCc1ccc(-c2ccc(*)cc2)cc1)c1ccc(O)cc1,130.0
*/C=C(\C#N)C(*)C#Cc1ccccc1OCCCCCC,65.0
*/C=C(\C#N)C(*)C(=O)OCCCC,45.0
*/C=C(\C#N)C(=O)/C=C/CC(C)=C(C)CC(=O)O*,45.0
*/C=C(\C#N)C(=O)N(*)C,150.0
*/C=C(\C#N)C(=O)Nc1ccccc1-c1ccc(N(*)CC)cc1,180.0
*/C=C(\C#N)C(=O)OCCCCC[Si](*)(C)C(C)C,-30.0
*/C=C(\C#N)C(=O)OCCCCOC(=O)c1ccc(NC(=O)CCCCCC(=O)Nc2ccc(C(=O)NNC(*)=O)cc2)cc1,140.0
*/C=C(\C#N)C(CCCC)(CC(*)C#N)C(C)(CC#N)CSC,85.0
*/C=C(\C#N)CCCC#SC[Si](C)(C)CCCCCCOc1ccc(-c2ccc(-c3ccc(/C=C/c4ccc(*)cc4)cc3)cc2)cc1,65.0
*/C=C(\C#N)CNC(=O)c1ccc(C(=O)NCCCCCCNC(=O)c2ccc(C(=O)O*)cc2)cc1,85.0
*/C=C(\C#N)COc1ccc(/C=C/c2ccc(/C=N/c3ccc(*)cc3)cc2)cc1,145.0
*/C=C(\C#N)N(CCSCC(=O)NNC(=O)C(CCCCCCCC)C(C)CCC(=O)N*)OC(=O)NC,25.0
*/C=C(\C#N)NC(=O)CCCCCCCCCCOC(=O)O*,-20.0
*/C=C(\C#N)OC(=O)c1ccccc1C(=O)O*,130.0
*/C=C(\C#N)[Si](*)(CCCC)CCCCCC,-30.0
*/C=C(\C#N)[Si](C)(C)C(=O)N/C=C/C(=O)C(C)OCCCCCCOC(=O)CCCCC(=O)O*,-20.0
*/C=C(\C#N)c1ccc([Si](*)(C)[Si](CC)(CC)CC)cc1,90.0
*/C=C(\C#N)c1ccccc1O[Si](C)(C)CCC(=O)O*,45.0
*/C=C(\C#P)N(CCCCCCCC#N)c1ccc(/C=C/c2ccc(*)s2)s1,45.0
*/C=C(\C)C(=*)COCCCCCCOc1ccc(-c2ccc(C)cc2)cc1,30.0
*/C=C(\C)C(C#N)CC*,90.0
*/C=C(\C)C(C(*)=O)C(F)(F)F,120.0
*/C=C(\C)C1C=CC(OC(=O)c2ccc(CSC(=O)O*)cc2)C1,65.0
*/C=C(\C)O[Si](C)(C)c1ccc(*)cc1,30.0
*/C=C(\C)c1ccc(*)cc1C,130.0
*/C=C(\CCCCCC)C(*)(CC(=O)OCCCCCCCCC)C(=O)OCCCOCCN(C)CC,-55.0
*/C=C(\CCOC(=O)c1ccc([Si](C)(C)c2ccc(C(*)=O)cc2)cc1)c1cccc([Si](C)(C)O)c1,45.0
*/C=C/C(*)(C)C(=O)OCCCOc1ccc(C(=O)Oc2ccc(C(=O)Oc3ccc(OCCOCCOCCOCCOCCOCCOCCOCC)cc3)cc2)cc1,5.0
*/C=C/C(*)(C)CCOCCOCCO,-55.0
*/C=C/C(*)(CC(C)C)C(C)C,60.0
*/C=C/C(*)C(=O)OC(CC)OCC(C)C,-40.0
*/C=C/C(*)C(=O)OCCCCCCOc1ccc(C(=O)Oc2ccc(-c3ccc(OC)cc3)cc2)cc1,45.0
*/C=C/C(*)C([2H])(Cl)Cl,65.0
*/C=C/C(*)CCCSCC,-55.0
*/C=C/C(/C=C(/*)C)[Si](C)(C#N)C#CC#N,65.0
*/C=C/C(=*)CCCCCCCCOc1ccc(C(=O)Oc2ccc(OC)cc2)cc1,10.0
*/C=C/C(=C\C#N)C(=O)Nc1ccc(*)cc1,210.0
*/C=C/C(=O)NC(C)N(*)CC,90.0
*/C=C/C(=O)Nc1ccc(Cc2ccc(NC(=O)CCCCCCCCCCCCC(=O)Nc3ccc(C(=O)O*)cc3)cc2)cc1,80.0
*/C=C/C(=O)Nc1ccc(NC(=O)CCCCCCCCC(=O)Nc2ccc(*)cc2)cc1,130.0
*/C=C/C(C#N)=C(*)OC,130.0
*/C=C/C(C#N)=C(*)Oc1ccc(C#N)cc1,180.0
*/C=C/C(C#N)=C(C#N)c1nnc(*)n1CC,180.0
*/C=C/C(C#N)C(=*)COC(C)(C)C,65.0
*/C=C/C(C(*)=O)C(C)C(C)C,65.0
*/C=C/C(C(=O)O)C(*)(CCCCC)CCCCC,-20.0
*/C=C/C(C(=O)O)c1ccc(/C=C(\C)c2nnc(*)s2)cc1,145.0
*/C=C/C(C)(C)C(=*)CCCCCCCCCCCCCC,-40.0
*/C=C/C(C)(C)C(=S)N*,120.0
*/C=C/C(C)(C)C(C)(C)C#C[Si](*)(C)C,40.0
*/C=C/C(C)(C)C(c1ccccc1)c1ccc(-c2ccc(*)cc2)cc1,180.0
*/C=C/C(C)(C)CCS(=O)(=O)CCCNC(=O)c1ccc(*)c2ccccc12,95.0
*/C=C/C(C)(C)COC(=O)CCCOC(=O)NCCC(C)CN(*)CC,-15.0
*/C=C/C(C)(C)COC(=O)c1ccc(C(=O)S*)cc1,45.0
*/C=C/C(C)(C=*)CSSCC,-20.0
*/C=C/C(C)(CCCC)C(*)SC,-30.0
*/C=C/C(C)C(*)=C(C#N)CCCC,45.0
*/C=C/C(C)C(*)C#CC,45.0
*/C=C/C(C)C(*)C#N,85.0
*/C=C/C(C)C(*)C(=O)OCC(C)(C)CC,-10.0
*/C=C/C(C)C(*)C(=O)OCCC(F)(F)Cl,45.0
*/C=C/C(C)C(*)CCCN,-30.0
*/C=C/C(C)C(C)C(*)C#N,85.0
*/C=C/C(C)C(Cl)C1(C)C(*)C(OC(F)(F)F)CC1(C)C,95.0
*/C=C/C(C)CC(*)C,-40.0
*/C=C/C(C)CC(*)COCC(=O)OCCOc1ccc(C(=O)Oc2ccc(OCC)cc2)cc1,-20.0
*/C=C/C(C)CCC(C*)O[Si](C)(C)C,-60.0
*/C=C/C(C)CCCCSCCCCC(*)=O,-40.0
*/C=C/C(C)CCC[Si](*)(c1ccccc1)c1ccccc1,-20.0
*/C=C/C(C)Nc1cccc(*)c1,90.0
*/C=C/C(CBr)COC(=O)SN=C(C#N)C(=O)OCC(=O)NC(*)=O,65.0
*/C=C/C(CC)S(=O)(=O)C(=O)O*,95.0
*/C=C/C(CC=C)C(=O)C=C=*,45.0
*/C=C/C(CCC(=O)O)C(*)NCC,45.0
*/C=C/C(CCCCCCCCCC)C(=O)Nc1ccc(NC(=O)COP(=O)(CCN[Si](*)(C)C)NC)cc1,25.0
*/C=C/C(CCC[Si](C)(C)C)C(CC(C)C)C(*)(C)C,-45.0
*/C=C/C(CCl)(CCC)O*,45.0
*/C=C/C(CI)C(*)SC,55.0
*/C=C/C(CO*)(CS(=O)(=O)CCCC)C(C)C,45.0
*/C=C/C(CO*)C(F)(F)F,45.0
*/C=C/C(COC(=O)Nc1ccc(C)c(NC(=O)OCC)c1)C(*)=O,65.0
*/C=C/C(COC)COC(=O)NCCOCC=*,-30.0
*/C=C/C(C[Si](*)(C#N)C#N)[Si](C)(C)O,45.0
*/C=C/C(Cl)(O*)OCCCC,-20.0
*/C=C/C(F)(C(=O)CCCCC(*)=O)C(F)(F)C(F)(F)C(F)(F)C(F)(F)C(F)(F)C(F)(F)COC(F)(F)F,45.0
*/C=C/C(F)(F)C(F)(F)CC(F)(F)C(F)(F)CO*,55.0
*/C=C/C(I)C*,25.0
*/C=C/C(OC)C(=O)c1ccc(*)cc1,65.0
*/C=C/C(OCC)C(*)C(=C)OC,45.0
*/C=C/C([2H])=C(*)C(=O)OCC,-10.0
*/C=C/C(c1ccccc1)C(*)c1ccc(C#N)cc1,150.0
*/C=C/C/C=C(/*)CCCCCCCCCCCCOc1ccc(/N=N\c2ccc(C(=O)OCCCCCCCCCC)cc2)cc1,-20.0
*/C=C/C/C=C/C(=O)Nc1ccc(Cc2ccc(NC(=O)C(=O)N(*)CC)cc2)cc1,130.0
*/C=C/C1(C)COC(=O)C1NC(=O)C(Cc1ccc(CC)cc1)C(=O)O*,145.0
*/C=C/C1=CC=C(*)CO1,65.0
*/C=C/C1C=C(*)C1N,120.0
*/C=C/C1C=C(C)C(*)C1,100.0
*/C=C/C1CC(*)C(C(=O)OCCCCCCCCCCCCCCCCCC)C(CCCCCCCCC)C1C,-35.0
*/C=C/C1CC(*)C(COC(C)=O)C1,45.0
*/C=C/C1CC(*)C(N(C)[CH2][Ge]([CH3])[CH3])C1,45.0
*/C=C/C1CC(*)C(OC(C)=O)C1,90.0
*/C=C/C1CCC(*)OC1=O,45.0
*/C=C/C1CC[Si](C)(CCCC)OC1*,-40.0
*/C=C/C1COC(*)(CC(=O)OC(C)(C)C)C1,45.0
*/C=C/C=C(*)C(C#N)OC(=O)CSCC(=O)OC(C)=O,45.0
*/C=C/C=C(*)C(C)C,25.0
*/C=C/C=C(*)C=Cc1ccc(CCCCCCCCCC(=O)OCCOc2ccc(-c3ccc(C(=O)OCCCCCCCCCC)cc3)cc2)cc1,-20.0
*/C=C/C=C(/*)C=C,-30.0
*/C=C/C=C(/*)CCCC,-55.0
*/C=C/C=C(/*)CCOC(=O)C(C)O,-20.0
*/C=C/C=C(C=*)COCC(C)C,-20.0
*/C=C/C=C(O*)OCC(CC)C(Cl)C(O)C(F)(F)C(F)(F)C(F)(F)C(F)(F)C(F)(F)F,45.0
*/C=C/C=C/C(*)(C)OC,45.0
*/C=C/C=C/C(CCC[Si](*)(C)C#N)C(=O)OCC,-20.0
*/C=C/C=C/C(CO*)COCCOCCO,-40.0
*/C=C/C=C/C=C(/*)C(CC)CCCCC,-30.0
*/C=C/C=C/C=C(\*)c1ccc(C(=O)OCC)cc1,130.0
*/C=C/C=C/C=C/*,115.0
*/C=C/C=C/C=C/C(*)C(=O)OCCCCCC,-30.0
*/C=C/C=C/C=C/C(*)C=C,100.0
*/C=C/C=C/C=C/C(*)CCC(C)C,-40.0
*/C=C/C=C/C=C/C(C)CC(*)C,20.0
*/C=C/C=C/C=C/C=C(/*)c1ccccc1C,145.0
*/C=C/C=C/C=C/C=C/C(=O)C(O)C(*)=O,95.0
*/C=C/C=C/C=C/C=C/C(=O)NCCCCCCNCCCCCCNC(=O)N*,45.0
*/C=C/C=C/C=C/C=C/C(C)O*,90.0
*/C=C/C=C/C=C1COCC(*)C1,45.0
*/C=C/C=C/CC(COc1ccc(*)s1)c1ccncc1,45.0
*/C=C/C=C/COC(=O)CCCCCCCCCCCC(=S)NCCCCCCCNC(=O)C(=O)NCCCCCCCCCNC(=O)CCCC(*)=O,-30.0
*/C=C/C=C1CCC(C(=O)O*)OC1,45.0
*/C=C/C=C[Si](*)(C)CC,-30.0
*/C=C/CC(*)C(=O)OCCCCCCCCCCC,-60.0
*/C=C/CC(*)OC(=O)C(C)(C)C,-20.0
*/C=C/CC(=NC(*)C#N)c1ccc(COc2cc(Cl)ccc2Cl)cc1,65.0
*/C=C/CC(C#N)C(=O)OCCCCCCOc1ccc(C(C)(C)c2ccc(O*)cc2)cc1,-10.0
*/C=C/CC(C*)CNC(=O)OC,-20.0
*/C=C/CC(C=C(*)c1ccccc1)c1ccccc1,100.0
*/C=C/CC/C=C(/*)CCCCCCCCCCCCCCCCc1ccc([N+](=O)[O-])cc1,-30.0
*/C=C/CC=C(C#N)C#C[Si](*)(C#N)C[As]=O,85.0
*/C=C/CCC(COC(=O)c1ccc(C(=O)O)c(C(=O)NCCCCCCCCCCCCCCN2CCN(*)CC2)c1)Oc1ccc([N+](=O)[O-])cc1,5.0
*/C=C/CCC/C=C/C=C/C(=C/C(=*)CCCCCCCCCC)C(=O)OCCOCCOCC,-45.0
*/C=C/CCCCC(*)=CC,-60.0
*/C=C/CCCCC=C(C)C=C(C)CC(=O)N*,-20.0
*/C=C/CCCCCCCCCCCC(*)C,-55.0
*/C=C/CCCCCCCCCCCCCCCCCCCCCC[NH+]C=C(*)COc1ccc(C#Cc2ccccc2)cc1,-20.0
*/C=C/CCCCCCCCCCCCCCCCCCS*,-60.0
*/C=C/CCCC[Si](*)(C)c1ccc(O)cc1,-20.0
*/C=C/CCN(C)c1ccc(CCc2ccc(*)s2)o1,-20.0
*/C=C/CCOC(=C(C#N)C#C[Si](C)(C)CCC(=O)O*)c1ccc([N+](=O)[O-])cc1,45.0
*/C=C/CC[Si](*)(C)CC,-70.0
*/C=C/COC(=O)C(CCCC)C(=O)O*,-30.0
*/C=C/COC(=O)NC(=O)O*,40.0
*/C=C/COCC(*)C(=O)O,45.0
*/C=C/C[PH](CO*)C(C)C,-30.0
*/C=C/C[Si](*)(C)c1ccc(S(=O)(=O)[O][Na])cc1,85.0
*/C=C/C[Si](*)(CC(=O)OCCCCCC)C(=O)OC,-60.0
*/C=C/C[Si](*)(CC(F)(F)F)O[Si](C)(C)O[Si](C)(C)C,-80.0
*/C=C/C[Si](*)(CCC(F)(F)C(F)(F)C(F)(F)C(F)(C(F)(F)F)C(F)(F)F)OCC#N,-30.0
*/C=C/C[Si](C)(C)c1ccc(/C=C(\Cl)c2ccc(CCN(*)c3ccc(OCCCCCC)cc3)cc2)cc1,25.0
*/C=C/NC(=O)CCCCCCCCCC*,-30.0
*/C=C/P(=O)(O*)OCCCCC,-20.0
*/C=C/P(=O)(c1ccccc1)c1ccc([N+](=O)N(*)C)cc1,120.0
*/C=C/S(=O)(=O)CCC(F)(F)C(*)(Br)C(F)(F)F,95.0
*/C=C/S(=O)(=O)CCCCCCCCS*,-30.0
*/C=C/[CH2][Ca][CH2]CCCCCCNC(=O)CCCCC(=O)N*,-20.0
*/C=C/[SH](CC)CCc1ccc(*)cc1,30.0
*/C=C/[Si](*)(C)Cc1ccccc1,-20.0
*/C=C/[Si](*)(CCC(F)(F)F)NC(F)(F)F,-30.0
*/C=C/[Si](*)(O)OCCCCCCOc1ccc(N(c2ccccc2)c2ccc(I)cc2)cc1,15.0
*/C=C/[Si](C)(C)COC(=O)CCCCCCCCC(=O)O*,-60.0
*/C=C/[Si](C)(C)O[Si](C)(C)O[Si](C)(C)O[Si](C)(C)O[Si](C)(C)O[Si](C)(C)c1ccc(*)o1,-60.0
*/C=C/[Si](C)(C)[Si](C)(C)O*,-70.0
*/C=C/[Si](CCCCCCCCc1ccc(C=C(C#N)c2ccc(C#N)cc2)cc1)C(=*)F,45.0
*/C=C/[Si](Oc1ccc(CCCC)cc1)[Si](*)(C)O[Si](C)(C)C,-30.0
*/C=C/c1c(C)cc(C(*)(C(F)(F)F)C(F)(F)F)cc1C(F)(F)F,180.0
*/C=C/c1c(C)cc(Cc2ccc(O*)c(OC)c2)c(-c2ccccc2)c1C#N,145.0
*/C=C/c1cc(*)c(Br)cc1OC,130.0
*/C=C/c1cc(*)c(CCCCCCCCCC)c(C)c1OCC,-20.0
*/C=C/c1cc(*)c(OCC(C)CCCCCCC)cc1OCCCCCCCCCCCCCC,-30.0
*/C=C/c1cc(*)c(OCC(CC)(CC)COC(=O)c2ccccc2)cc1OCCCCCCCCCCCC,-20.0
*/C=C/c1cc(*)c(OCCCC)cc1OC,90.0
*/C=C/c1cc(*)c(OCCCC)cc1OCCCCCCCCCCC,-20.0
*/C=C/c1cc(*)c(OCCCCC(F)(F)F)c(OCCCCCCCCC)c1O,-20.0
*/C=C/c1cc(*)cc(-c2ccccc2)c1N,150.0
*/C=C/c1cc(*)cc(OCc2ccc(OCC)cc2)c1,90.0
*/C=C/c1cc(/C=C(\C#N)c2ccc(*)s2)ccc1O,180.0
*/C=C/c1cc(/C=C/C(=O)NCCCCCCCCCCCCCC)c(CCCCc2cccnc2*)cc1OC,10.0
*/C=C/c1cc(/C=N/N=C(\*)c2ccc([Si](C)(C)C)cc2)cc(C(=O)O)c1,210.0
*/C=C/c1cc(Br)c(N=*)cc1OC,130.0
*/C=C/c1cc(Br)c(O*)c([2H])c1Cl,110.0
*/C=C/c1cc(Br)ccc1N=*,130.0
*/C=C/c1cc(C=*)c(CCCCCCCC)c(OCCCC)c1,25.0
*/C=C/c1cc(C=*)cc(C(C)(C)c2ccc([Si](C)c3ccccc3)cc2S(=O)(=O)O)c1,175.0
*/C=C/c1cc(CCCC)c(*)cc1COCCCCO,-20.0
*/C=C/c1cc(CCCCCCC)c(-c2c(CCCCCC)cc(-c3ccc(C=*)cc3)cc2C(C)CCCCCC)s1,40.0
*/C=C/c1cc(CCCCCCCCCC(C)C)c(*)nc1C,-30.0
*/C=C/c1cc(CCCCCCCCCCC)c(/C=C/C(=*)c2ccccc2)cc1OCCCCCCC,-20.0
*/C=C/c1cc(CCCCCCCCCCCCCC)c(*)cc1OCOc1ccc(/N=N/c2ccc([N+](=O)[O-])cc2)cc1,45.0
*/C=C/c1cc(Cc2ccc(N=*)c(C)c2)cc(OC)c1O,130.0
*/C=C/c1cc(Cl)c(*)c(CC)c1CC,110.0
*/C=C/c1cc(Cl)c(*)cc1C[NH2+],120.0
*/C=C/c1cc(O)c(*)cc1OCCCCC,45.0
*/C=C/c1cc(O*)c(C(C)(C)C)c(OCCCCCCCCCC)c1,-20.0
*/C=C/c1cc(OC)c(*)cc1OCCCCCCOCCCN,-20.0
*/C=C/c1cc(OC)c(*)cc1OCCCCO,45.0
*/C=C/c1cc(OC)c(/C=C/c2cc(*)c(OCCOCCOCC)cc2OC)c(OCCCCCC)c1OC,45.0
*/C=C/c1cc(OC)c(/C=C/c2cc(OC)c(*)cc2OCCCCCCCCCC)cc1OC,45.0
*/C=C/c1cc(OC)c(/C=C/c2ccc(-c3ccc(*)s3)s2)o1,110.0
*/C=C/c1cc(OCC(CC)CC)c(*)cc1OCCCCCCC,-10.0
*/C=C/c1cc(OCC(CC)CCCC)c(*)cc1OCCCCCC,-20.0
*/C=C/c1cc(OCC(CCCCCC)CC[Si](C)(C)C)c(*)s1,-30.0
*/C=C/c1cc(OCC)c(*)cc1CC,85.0
*/C=C/c1cc(OCC)c(/C=C/c2ccc(OCc3ccccc3)c(*)c2)cc1C,105.0
*/C=C/c1cc(OCC)c(/C=N/c2cccc(OCCCC)c2)cc1*,85.0
*/C=C/c1cc(OCCC(C)C)c(*)cc1OCCCCCCCCCC,-20.0
*/C=C/c1cc(OCCCCC)c(/C=C/c2ccc(*)cc2)c(S(=O)(=O)[O][Na])c1,150.0
*/C=C/c1cc(OCCCCCC)c(*)cc1OCCCCCCCCC,-20.0
*/C=C/c1cc(OCCCCCC)c(/C=C/c2ccc(*)cc2)cc1CCCCCC,90.0
*/C=C/c1cc(OCCCCCCC)c(*)cc1CC,25.0
*/C=C/c1cc(OCCCCCCCC)c(*)cc1OC(C)C(=O)O,30.0
*/C=C/c1cc(OCCCCCCCC)c(/C=C(\C#N)[Si](*)(C)C)cc1CCC,15.0
*/C=C/c1cc(OCCCCCCCCC)c(/C=C/c2ccc(N=*)cc2Sc2ccccc2)cc1-c1ccc(F)cc1,110.0
*/C=C/c1cc(OCCCCCCCCCC)c(*)cc1C(=O)[O][Na],50.0
*/C=C/c1cc(OCCCCCCCCCC)c(/C=C/c2ccc(*)cc2)cc1CCCCCCCCCCCCCCCC,-20.0
*/C=C/c1cc(OCCCCCCCCCC)c(/C=C/c2ccc(*)s2)cc1CCCCCCCCCC,-20.0
*/C=C/c1cc(OCCCCCCCCCC)c(C=*)cc1OCc1ccccc1,40.0
*/C=C/c1cc(OCCCCCCCCCC)c(Cc2cc(*)c(C)cc2C)c(C)c1C,45.0
*/C=C/c1cc(OCCCCCCCCCC)c(O*)c(OCCCCCCCCC)c1OCCOCCOC,-20.0
*/C=C/c1cc(OCCCCCCCCCC)cc(*)c1Br,-20.0
*/C=C/c1cc(OCCCCCCCCCCCC)c(*)cc1-c1ccc(C)cc1CCCCCCCC,-20.0
*/C=C/c1cc(OCCCCCCCCCCCC)c(*)cc1C=O,20.0
*/C=C/c1cc(OCCCCCCCCCCCC)c(*)cc1OCCCCO,-20.0
*/C=C/c1cc(OCCCCCCCCCCCC)c(/C=C/c2ccc(*)cc2)cc1OCCCCCCCCCC,10.0
*/C=C/c1cc(OCCCCCCCCCCCC)c(/C=C/c2ccc(*)cc2)cc1SCCCCCCCC,-20.0
*/C=C/c1cc(OCCCCCCCCCCCCCC)ccc1-c1ccc(*)cc1,30.0
*/C=C/c1cc(OCCCCCCCCCCCCCCCC)c(*)cc1CCCCCCCCCCCC,-45.0
*/C=C/c1cc(OCCCCCCCCCCCCCCCC)c(*)cc1OCCCC#N,-20.0
*/C=C/c1cc(OCCCCOc2ccc(C(=O)OCCCCCCOC(*)=O)cc2)ccc1OCC,-10.0
*/C=C/c1cc(OCCOC(=O)c2cccc(C(=O)OC3CCC(*)C3)c2)ccc1O,65.0
*/C=C/c1cc(OCCOC)c(*)cc1CCCCC,25.0
*/C=C/c1cc(OCCOC)c(CCNC(=O)CCC(=O)N*)c(C#N)c1C,85.0
*/C=C/c1cc(OCCOCCCC)cc([Si](*)(C)C)c1,-20.0
*/C=C/c1cc(OCCOCCCCCCCC)c(*)s1,-20.0
*/C=C/c1cc(Oc2ccc(OC(*)=O)cc2)ccc1C,90.0
*/C=C/c1cc([N+](=O)[O-])cc(N2C(=O)c3ccc(*)cc3C2=S)c1CCCCCC,165.0
*/C=C/c1ccc(*)c(C(=O)OCCOc2ccc(/N=N/c3ccc([N+](=O)[O-])cc3)cc2)c1,110.0
*/C=C/c1ccc(*)c(CCC)c1CC,65.0
*/C=C/c1ccc(*)c(OCCCCCCCCC)c1CCCCOCCCCCCCCCCCC,-45.0
*/C=C/c1ccc(*)c(OCCCCCCCCCCCCCCCCCCCCCCCC)c1,-20.0
*/C=C/c1ccc(*)cc1/C=C/CCCC,45.0
*/C=C/c1ccc(*)cc1C(=O)O,150.0
*/C=C/c1ccc(*)cc1C=O,130.0
*/C=C/c1ccc(*)cc1CCC(F)(F)F,90.0
*/C=C/c1ccc(-c2cc(*)c(OC)cc2OCCCCCCCCCC)cc1OC,65.0
*/C=C/c1ccc(-c2ccc(-c3cc(OCCCCCCCCCC)c(*)cc3OCCCCCC)cc2)cc1,40.0
*/C=C/c1ccc(-c2ccc(-c3ccc(*)o3)cc2)cc1,145.0
*/C=C/c1ccc(-c2ccc(-c3ccc(-c4ccc(-c5nnc(*)o5)cc4)cc3)cc2)cc1,280.0
*/C=C/c1ccc(-c2ccc(-c3ccc(N=*)c(OC)c3)cc2C)cn1,210.0
*/C=C/c1ccc(-c2ccc(-c3ccc(S*)cc3)cc2)cc1,150.0
*/C=C/c1ccc(-c2ccc(/C=C/c3cc(OCCCCCCCC)c(*)cc3OCCCCCCCCCCCC)cc2CCCC)cc1,45.0
*/C=C/c1ccc(-c2ccc(/C=N/c3ccc(OCc4ccc([Si](*)(C)CCCC)cc4)s3)cc2)c(OC)c1,85.0
*/C=C/c1ccc(-c2ccc(C#C[Si](*)(C)C)cc2)cc1,120.0
*/C=C/c1ccc(-c2ccc(Cc3cc(CCCCCCCCCCCCCC)c(*)cc3OCC)cc2)cc1,15.0
*/C=C/c1ccc(-c2cccc(N(*)C#N)c2)cc1,180.0
*/C=C/c1ccc(/C(=N/c2ccccc2)c2ccc([N+](=O)[O-])cc2)c(*)c1,180.0
*/C=C/c1ccc(/C=C(/*)C)cc1,130.0
*/C=C/c1ccc(/C=C(\C#N)C(=O)OCCCCCCOC(=O)c2ccc(C(=O)Nc3ccc(O*)cc3)cc2)cc1,95.0
*/C=C/c1ccc(/C=C(\C#N)c2ccc(/N=C/c3ccc(O*)cc3)cc2)cc1,180.0
*/C=C/c1ccc(/C=C/C(=O)NCCCCCCCCCCNC(*)=O)cc1,45.0
*/C=C/c1ccc(/C=C/C(=O)c2ccc(-c3ccc(C(*)=O)cc3)cc2)cc1,180.0
*/C=C/c1ccc(/C=C/C(C#N)=C(\C#N)C(*)=O)cc1,180.0
*/C=C/c1ccc(/C=C/c2cc(O*)c(C(C)C)cc2OCCCCCCCCCCCC)cn1,-10.0
*/C=C/c1ccc(/C=C/c2cc(OC)c(*)cc2OC)cc1OC,150.0
*/C=C/c1ccc(/C=C/c2cc(OCCCCCCCCCC)c(*)cc2OCCOCCOCCOCCOCC)cc1C,10.0
*/C=C/c1ccc(/C=C/c2ccc(-c3ccc(/P=C/*)cc3)cc2)o1,180.0
*/C=C/c1ccc(/C=C/c2ccc(/C=C/c3ccc(/C=C/c4ccc(*)o4)cc3)cc2)cc1,180.0
*/C=C/c1ccc(/C=C/c2ccc(C(=O)OCCCCCCCCCCOc3ccc(-c4ccc(O*)cc4)cc3)cc2)cc1,55.0
*/C=C/c1ccc(/C=C/c2ccc(N(*)c3ccccc3)cc2)cc1,180.0
*/C=C/c1ccc(/C=C/c2ccc(N=*)cc2Br)c(OCCCCCC)c1,105.0
*/C=C/c1ccc(/C=C/c2ccc(SCCCCCCC(*)=O)cc2)cc1,65.0
*/C=C/c1ccc(/C=N/CC/C=C/c2ccc(CCCCCCCCCC(*)=O)cc2)cc1,-10.0
*/C=C/c1ccc(C(C)(C)[Si](C)(C)c2ccc([Si](C)(C)[Si](*)(C)C)cc2)cc1,45.0
*/C=C/c1ccc(C(C)(C)c2ccc([Si](*)(C)C)cc2)cc1,90.0
*/C=C/c1ccc(C(CCCC)c2ccc(/N=C/c3ccc(SCCCCCCCCCCCCCC)cc3)cc2)c(*)c1,15.0
*/C=C/c1ccc(C(CCCCCC)c2ccc(*)s2)cc1,45.0
*/C=C/c1ccc(CCc2ccc(-c3ccc(/C=C/N=C(*)c4ccc(OCCCCCCCC)cc4)cc3)cc2)cc1,85.0
*/C=C/c1ccc(COC[Si](C)(C)[Si](C)(C)C[Si](*)(C)C)cc1,-30.0
*/C=C/c1ccc(Cc2ccc(-c3ccc(/C=C/C(=O)c4ccc(*)cc4)cc3C(F)(F)F)cc2)cc1,165.0
*/C=C/c1ccc(N(c2ccc(C#N)cc2)c2ccc(C=*)cc2)cc1,180.0
*/C=C/c1ccc(N=C(c2ccccc2)c2ccc(*)cc2)cc1I,160.0
*/C=C/c1ccc(OC(=O)C2=CC=C(C(C)(C)c3ccc(C(=O)OCCCCCCOC(=O)Oc4ccc(*)s4)o3)CC2)cc1,45.0
*/C=C/c1ccc(OC(=O)c2ccc(C(=O)OCCN(*)c3ccc(C)cc3)cc2)cc1,95.0
*/C=C/c1ccc(OC=CC/C(=N\c2ccc([N+](=O)[O-])cc2)c2ccc(C(=O)Nc3ccc(*)cc3)cc2)cc1,195.0
*/C=C/c1ccc(OCCCCCCCCCC)cc1OC(=O)CCCCC(=O)OCCCCCCOC(=O)c1ccc(/C=C/C(=O)c2ccc(C(=O)O*)cc2)cc1,-15.0
*/C=C/c1ccc(OCCCCCCN(C)c2ccc(*)cc2)cc1,40.0
*/C=C/c1ccc(OCCOCCOCCCCOCCS(*)=O)cc1,-20.0
*/C=C/c1ccc(OCc2ccc(Cc3ccc(-c4ccc(-c5ccc(*)cc5)cc4)cc3)cc2)cc1,110.0
*/C=C/c1ccc(Oc2ccc(*)cc2)cc1,100.0
*/C=C/c1ccc(Oc2ccc(N3C(=O)c4ccc(Oc5ccc6c(c5)C(=O)N(*)C6=O)cc4C3=O)cc2C)cc1,280.0
*/C=C/c1ccc(Oc2ccc(S(=O)(=O)c3ccc(Oc4ccc(Oc5ccc(C(=O)Nc6ccc(*)cc6)cc5)cc4)cc3)cc2)cc1,180.0
*/C=C/c1ccc(P(=O)(c2ccccc2)c2ccc(OC(=O)OCCCCCCOC(*)=O)cc2)cc1,45.0
*/C=C/c1ccc(S(=O)(=O)c2ccc(S(*)=O)cc2)cc1,165.0
*/C=C/c1ccc([Si](*)(C)CCCCCCCCCCCC)cc1,-30.0
*/C=C/c1cccc(*)c1Br,110.0
*/C=C/c1cccc(/C=C(\C)c2ccc(*)cc2)c1,145.0
*/C=C/c1cccc(OC(=O)CCCCCCCCC(*)=O)c1,-20.0
*/C=C/c1cccc(Sc2ccc(N(*)c3ccccc3)cc2)c1,105.0
*/C=C/c1nc(CCCCCC)c(/C=C/C(=C(*)C)C(OCc2ccccc2)c2ccc(Cl)cc2)cc1SCC,95.0
*/C=C/c1sc(*)c(CCCCCC)c1OCC(F)(F)C(F)F,25.0
*/C=C/c1sc(*)c(OCC(CC)CCCC)c1OCC,30.0
*/C=C/c1sc(*)c(OCCCCCCCCCC)c1OCCCC,-30.0
*/C=C/c1sc(*)c([2H])c1C,90.0
*/C=C/c1sc(*)cc1OCCCCCCCCCCOc1ccc(/N=N/c2ccc(OCC(C)CC)cc2)cc1,10.0
*/C=C/c1sc(-c2c(Cl)cc(*)nc2-c2ccc(OCCCCCCCCCCCCCCCC)cc2)cc1C,-20.0
*/C=C/c1sc(-c2ccc(*)cc2)cc1OCCCCCCCCCCCCCCCCCCCC,-20.0
*/C=C1\CCCCCCC(*)CC1,-30.0
*/C=N/C(C)(CC)C(*)=O,120.0
*/C=N/C=C(*)C#N,130.0
*/C=N/C=C/CCCCCCCC*,-30.0
*/C=N/CC(=O)Nc1ccc(Sc2ccc(C(=O)NNC(=O)c3ccc(-c4ccc(C(*)=O)cc4)cc3)cc2)cc1,210.0
*/C=N/CC/C=C/C[Si](*)(C)C,-30.0
*/C=N/CCC(=O)OCCC(*)CO,-20.0
*/C=N/CCC/C=C/C1=CC=C(*)[Si](C)(C)C1,45.0
*/C=N/CCCC/N=C/c1ccc(-c2ccc(-c3ccc(*)o3)o2)o1,65.0
*/C=N/CCCCC/C=N/c1ccc(CS*)cc1,25.0
*/C=N/CCCCCCCCCCCCCCCCCCCCCCCCCCCCCCCCCCCCCCCCCCCCC=*,-40.0
*/C=N/CCCCCCCCCCCSS*,-40.0
*/C=N/P(=O)(N=C(c1ccccc1)c1ccccc1)c1ccc(*)cc1,150.0
*/C=N/c1c(Cl)cc(-c2ccc(N(*)c3ccc(Cl)cc3)cc2)cc1OC,195.0
*/C=N/c1cc(*)ccc1OCC(CC)CCCCC,25.0
*/C=N/c1cc(C=*)ccc1OCCCCCCCC,40.0
*/C=N/c1cc(CCCC)c(-c2cc(*)c(OCCOCC)cc2OC)cc1OC,95.0
*/C=N/c1cc(Nc2ccc(*)cc2)c(OC)c(C)c1Cl,180.0
*/C=N/c1ccc(-c2ccc(-c3ccc(*)n3C)c(-c3ccccn3)c2)cc1,210.0
*/C=N/c1ccc(-c2ccc(-c3ccc(*)nc3)cc2)cc1,180.0
*/C=N/c1ccc(-c2ccc(/C=C/c3ccc(/C=C/c4ccc(OC)cc4)cc3)cc2)cc1*,220.0
*/C=N/c1ccc(-c2ccc(NC(=O)c3ccc(NC(=O)Nc4ccc(C(=O)Oc5ccc(O*)cc5)cc4)cc3)cc2)cc1,260.0
*/C=N/c1ccc(/C=C/c2cc(OCCCCCCCCCC)c(*)s2)cc1S(C)(=O)=O,65.0
*/C=N/c1ccc(/C=C/c2ccc(/C=C/C(*)=O)cc2)cc1,210.0
*/C=N/c1ccc(/C=C/c2ccc(Cc3ccc(C(*)=O)c(C)c3)cc2C)cc1,130.0
*/C=N/c1ccc(/C=C/c2sc(*)cc2CCCCCCCC)cc1,65.0
*/C=N/c1ccc(/C=N/c2ccc(N=*)c(Sc3ccccc3)c2)cc1,180.0
*/C=N/c1ccc(/N=C/c2ccc(Nc3ccc(/C=C/c4ccc(*)cc4)cc3)cc2)cc1,200.0
*/C=N/c1ccc(C(=O)Oc2ccc([Si](*)(C)C)cc2)cc1C,90.0
*/C=N/c1ccc(CCCCCCCCCCCCc2ccc(*)cc2)cc1,10.0
*/C=N/c1ccc(N=*)c(OCC[Si](C)(C)CCCCCCCC)c1,45.0
*/C=N/c1ccc(NC(=O)/C=C/c2ccc(C)cc2-c2ccccc2C)c(*)c1,210.0
*/C=N/c1ccc(NC(=O)c2ccc(SC=CS*)cc2)cc1,130.0
*/C=N/c1ccc(Oc2ccc(-c3ccc(OC(=O)OC(C)C(*)=O)cc3)cc2)cc1,110.0
*/C=N/c1ccc([Si](*)(C)CCc2ccc(C#N)cc2)cc1,65.0
*/N=C(/*)C(C)C#N,120.0
*/N=C(/*)CCC(F)(F)F,45.0
*/N=C(/*)CCCC,50.0
*/N=C(/*)CCCOc1ccc(/N=N/c2ccc(C(=O)Oc3ccc(/N=N/c4ccc(/N=N/c5ccc(OCCCCCCCCCC)cc5)cc4)cc3)cc2)cc1,95.0
*/N=C(/*)CCCOc1ccc(OC(=O)c2ccc(OC(=O)CCCC(C)C)cc2)cc1,10.0
*/N=C(/*)CSCCC,30.0
*/N=C(/*)SC,90.0
*/N=C(/*)[Si](C)(C)CCCS(=O)(=O)Oc1c(F)c(F)c(F)c(F)c1F,65.0
*/N=C(/*)c1cc(O)c(C)cc1C,150.0
*/N=C(/*)c1ccc(C(=O)OC)cc1OCC,120.0
*/N=C(/*)c1ccc(OCCOc2ccc(CC(=O)Oc3ccccc3)cc2)cc1,65.0
*/N=C(/*)c1cccc(CCCCCCCCCC)c1,-20.0
*/N=C(/*)c1cccc(Oc2ccccc2)c1,130.0
*/N=C(\*)Oc1cc(C)ccc1O,180.0
*/N=C(\C#N)C(=O)NCCCCCCN=*,45.0
*/N=C(\C)C(=O)CCCCCCCCC(*)=O,20.0
*/N=C(\C)C(=O)Nc1ccc(Cc2ccc(NC(=O)Nc3ccc(N=*)cc3)cc2)cc1,180.0
*/N=C(\C)CS*,50.0
*/N=C(\CCCC)OC(=O)c1ccc(-c2ccc(C(=O)OCCCCCCOc3ccc(C(*)=O)cc3)cc2)cc1,45.0
*/N=C(\Oc1ccc(C(=O)Oc2ccc(I)cc2)cc1)c1ccc(*)cc1,130.0
*/N=C/C=C/C(C)=C(*)[O][Na],120.0
*/N=C/[Si](*)(Nc1ccc(C)cc1)c1ccccc1,130.0
*/N=C/c1cc(OC)c(OC(=O)/C=C/C(*)=O)cc1CC,90.0
*/N=C/c1cc(OCCN(C)C)c(/C=N/c2ccc(O*)cc2)cc1OCCCCCCCCCC,45.0
*/N=C/c1ccc(*)c(NC(=O)c2ccc(Br)cc2)c1,210.0
*/N=C/c1ccc(-c2ccc(N=*)cc2)cc1,180.0
*/N=C/c1ccc(OC(=O)CCCCCCCCC(=O)Oc2ccc(C(*)=O)cc2)cc1,40.0
*/N=C/c1ccc(OCCCCCCCC[Si](C)(C)c2ccc(C(*)=O)cc2)cc1,20.0
*/N=C/c1sc(-c2cc(CCCCCCCCCC)c(*)cc2CCCC)c(C)c1C,40.0
*/N=N/C=C(/*)c1ccccc1[N+](=O)[O-],130.0
*/N=N/c1cc(Br)c(*)cc1Cc1ccccc1,130.0
*/N=N/c1ccc(/C=C/[Si](C)(C)c2ccc(Nc3ccc(-c4nnc(*)o4)cc3)cc2)cc1,165.0
*/N=N/c1ccc(/C=N/c2ccc(-c3ccc(C(=O)NCCNC(*)=O)cc3)cc2)cc1,210.0
*/N=N/c1ccc(/C=N/c2ccc(Sc3ccc(*)o3)cc2)cc1,130.0
*/N=N/c1ccc(/N=N/c2ccc(C(*)=O)cc2C)cc1,180.0
*/N=N/c1ccc(C(=O)OC(=O)c2ccc(-c3ccc(C(*)=O)cc3)cc2)cc1,220.0
*/N=N/c1ccc(C(=O)c2cccc(C(=O)Nc3cccc(*)n3)c2)cc1,210.0
*/N=N/c1ccc(C(C)=C(C)c2ccc(Sc3ccc(*)s3)cc2)cc1,110.0
*/N=N/c1ccc(CCCNC(=O)CCCCCCC(=O)NCCCCCCNC(*)=O)cc1,45.0
*/N=N/c1ccc(Cc2ccc(-c3ccc(N(*)c4ccccc4)cc3)cc2)cc1,145.0
*/N=N/c1ccc(Cc2ccc(/N=N/c3ccc(O*)c(C(C)C)c3)cc2)cc1CCCC,85.0
*/N=N/c1ccc(Cc2ccc(NC(=O)NCCCCCCNC(*)=O)cc2)cc1,90.0
*/N=N/c1ccc(Cc2ccc(NC(=O)c3ccc(C(*)=O)cc3)cc2)cc1,190.0
*/N=N/c1ccc(Cc2ccc(NS*)cc2)cc1,130.0
*/N=N/c1ccc(NC(=O)/C=C/C(*)(C(=O)O)C(=O)N(Cc2ccccc2)c2ccccc2)cc1,180.0
*/N=N/c1ccc(NC(=O)c2ccc(NC(=O)NC(=O)NNC(=O)c3ccc(*)s3)cc2)cc1,220.0
*/N=N/c1ccc(Nc2ccc(S(=O)(=O)COc3ccc(/C=C/C(*)(C)C)cc3)cc2)cc1,145.0
*/N=N/c1ccc(S(*)(=O)=O)c(C)c1C,180.0
*/N=N/c1cccc(Cc2ccc(NC(=O)c3ccc(C(*)=O)cc3)cc2)c1,180.0
*/N=N/c1cccc(S(=O)(=O)c2ccc(Sc3ccc(*)o3)cc2)c1,145.0
*/N=[SH]/c1ccc(Cc2ccc(*)cc2)cc1OC,85.0
*/P=C/c1ccc(C(OC(C)C(=O)OCCCCCC)c2ccc(Sc3ccc(SS*)cc3)cc2)cc1,25.0
*/[SH]=N/c1ccc(/C=C/C(=S)N2CCN(*)CC2)cc1,130.0
*/[SH]=N/c1ccc(C(=O)c2ccc(C(=O)c3ccc(*)cc3)cc2)cc1,150.0
*=Cc1cccc(/N=C/c2cccc(N=*)c2)c1,190.0
*C#C/C(C)=C(/*)C#N,120.0
*C#C/N=C(/*)COC(C)(F)C(=O)OC,85.0
*C#CC#CC#C/C=C/CCCCCCCCCO*,-30.0
*C#CC#CC#CC#C[Si](*)(C)OCC,50.0
*C#CC#CC#CCCCCCCCOC(=O)c1ccc(C(=O)NCCO*)cc1,45.0
*C#CC#CC#C[Si](*)(CC)CCOCC,-20.0
*C#CC#CC(=O)NNC(=O)c1ccc(C(=O)Nc2ccc(C(=O)NNC(=O)CCC(=O)[SH]C3=CC(=C)C(=*)C[SiH]=C3)cc2)cc1,210.0
*C#CC#CCCC(=O)OCCCCCCOC(=O)O*,-20.0
*C#CC#CCCOC(=O)CCCCCCCCC(=O)O*,-30.0
*C#CC#CCOC(=O)CCCCCCSC(=O)CCCCCCC(=O)O*,-30.0
*C#CC#CCOC(=O)NCCNC(=O)O*,60.0
*C#CC#CCc1ccc(CCCOC(=O)c2cccc(C=*)c2)cc1,45.0
*C#CC#C[Si](*)(C)c1ccccc1,90.0
*C#CC#Cc1cc(*)ccc1N,210.0
*C#CC#Cc1cc(OCCCCCCCCCCCC)c(C=*)cc1OCCCCCCCCCCCCCCCC,-20.0
*C#CC#Cc1ccc(C(=O)C(=O)c2ccc(C(=O)O*)cc2)cc1,150.0
*C#CC(*)(Cl)OCC,90.0
*C#CC(*)=NC(C)C,65.0
*C#CC(*)C(=O)OCCCCCCCCCCOCCO,-40.0
*C#CC(*)CNS(=O)(=O)C(C)C,85.0
*C#CC(=*)CCN,90.0
*C#CC(=O)CCCCCCCC(*)=O,-20.0
*C#CC(=O)CCNC(=O)c1ccccc1-c1ccccc1-c1ccc(*)nc1,145.0
*C#CC(C#N)COC(=O)CCCCCCCCC(=O)O*,-20.0
*C#CC(C)C(=O)NCC(=*)COC(=O)OCCCCCCCCCCCCCC,-20.0
*C#CC(C)C(C)CSC(=O)/C=C/C(=O)N*,45.0
*C#CC(C)CCS(=O)(=O)CCC(=O)N*,45.0
*C#CC(C)CNC(=O)CCCCCCCCC(=O)NCCSCCC(=O)N*,-20.0
*C#CC(CC)CCCNS(*)(=O)=O,45.0
*C#CC(CCCCCC)C([CH2][Ge])c1ccc(*)cc1,45.0
*C#CC(CCCCCC)COC(=O)c1ccc(OCCCCCCCCCCCCOc2ccc(C(=O)O*)cc2)cc1,-20.0
*C#CC(CCCCCCCCCCCC)COC(=O)CCCCC(=O)O*,-40.0
*C#CC(CCCCCCCCCCCCCCCCCCCCCCOc1ccc(/C=C(\C)c2ccc(O*)cc2)cc1)c1ccc(S(=O)(=O)OCC)cc1,-20.0
*C#CC(CSS*)C(OC)C(C)(C)C,45.0
*C#CC(C[Se]*)C(C)C(C)C,45.0
*C#CC(Cl)CCC(=*)C,45.0
*C#CC(O*)C(C)S(=O)(=O)O,145.0
*C#CC(OCCCCCCCCC)c1ccc(-c2ccc(C#N)cc2)c(*)c1O,95.0
*C#CC/C=C(/*)c1ccc(CC)cc1OCCC,45.0
*C#CC1=CC=C(CCc2ccc(*)s2)C([2H])(C(F)(F)F)C1=O,95.0
*C#CC=C(C#N)C#CCC(=O)N*,145.0
*C#CC=C(C#N)C(=*)CC,180.0
*C#CC=C(CCCCCC)CCCSCCS*,-40.0
*C#CC=C1CCCC(*)COC1C,45.0
*C#CCC#CC(=O)NCCCC(=O)OCCOc1ccc(C=*)cc1,55.0
*C#CCCC(=O)N*,50.0
*C#CCCCCCCCC(=O)NCc1cccc(NC(=O)O*)c1,45.0
*C#CCCCCCCCCC(=O)NCCCCCCCCCCCCCCCCPCCCCCCNC(=O)CCO*,-40.0
*C#CCCCCCCCCCCCCCCCCCCCCCCCCCNC(=*)CCCCCCC(=O)OCCCCCCCCCC,-60.0
*C#CCCCCCCCCCCCCCCCCCCCCCCOC(=O)c1ccc(/C=C/CCCCC/C=C/c2ccc(C(=O)O*)cc2)cc1,-20.0
*C#CCCCCCCCCCCCCCOC(=O)C(CCCCCCCCCC)C(=O)[SH]CCCCCC(=O)O*,-55.0
*C#CCCCCCCCCNC(=O)c1ccc(C(=O)NCCCCCCCCCNC(=O)c2ccc(C(=O)N*)cc2)cc1,90.0
*C#CCCCCCCCOC(=O)CCCCC(=O)O*,-50.0
*C#CCCCCOc1ccc(/C=C/c2ccc(OCCCCCC)cc2)c(*)c1O,45.0
*C#CCOC(=O)CCCCS*,-30.0
*C#CCOC(=O)CCCSCCCCCC(=O)O*,-40.0
*C#CCOC(=O)NC=CCNC(=O)O*,45.0
*C#CCOC(=O)NCCCCCCNC(=O)OCCOC(=O)NCc1ccc(O*)cc1,45.0
*C#CCOC(=O)OCCCCCCOC(=O)OCCCCCCOC(=O)OC1CCC(OC(=O)OC)C1*,-10.0
*C#CCOC(=O)c1ccc(COC(*)=O)cc1,45.0
*C#CCOCCCCCCOC(=O)OCCCCCCCCCCOC(=O)NCCCCCCOCCOCCOCCOCCO*,-45.0
*C#CCOCCOCCOP(=O)(Nc1ccc(C)cc1)C(=O)Oc1ccc(OC(=O)c2ccc(O*)cc2)cc1,45.0
*C#CCOc1ccc(C(=O)OC(=O)c2ccc(-c3ccc(OC(=O)CCCC(*)=O)c(Br)c3)cc2C)cc1,85.0
*C#CCOc1ccc(C(C)(COC(=O)c2ccc(OCCOC(=O)O*)cc2)c2ccc(C(=O)OCC)cc2)cc1,65.0
*C#CCOc1cccc(C(=C=Cc2ccc(*)cc2)c2ccccc2[N+](=O)[O-])c1,145.0
*C#CCOc1cccc(O*)c1,45.0
*C#CN[Si](*)(OCCOCCOC)OCCOc1ccc(-c2ccc(/C=C/c3ccccc3)cc2)cc1,45.0
*C#COC1=CC=C(C(=O)OCCOc2ccc(/N=N/c3ccc(OC)cc3)cc2)N(c2ccccc2C(=O)OC(=O)c2ccc(*)cc2)C=C1,145.0
*C#CS(=O)(=O)c1cc(OCc2ccccc2)cc(*)c1O,180.0
*C#CS(=O)(=O)c1ccc(S(=O)(=O)c2ccc(N(*)CCCC)cc2)cc1,165.0
*C#C[Si](C)(C)CCC(O)COc1ccc(-c2ccc(O*)cc2)cc1,45.0
*C#C[Si](C)(C)CCCCCNC(=O)c1ccc(C(=O)N*)c(Oc2ccc([N+](=O)[O-])cc2)c1,120.0
*C#C[Si](C)(C)C[Si](*)(C)c1cccc(C)c1,45.0
*C#C[Si](C)(C)C[Si](*)CC,-25.0
*C#C[Si](C)(CC)CC[Si](*)(C)C,-30.0
*C#C[Si](CCCCCCCCCCCC)[Si](*)(C)C,-80.0
*C#Cc1c(O)cc(-c2cc(C#N)c(*)cc2OCCCCCCCCCC)cc1CCCCCCCCCCCCCCCCC,25.0
*C#Cc1cc(*)c(OCC[Si](C)(C)C)cc1C,90.0
*C#Cc1cc(*)ccc1OCCCCCCCCCCCCCC,-20.0
*C#Cc1cc(/C=C/c2ccc([Si](*)(C)[O][Na])cc2)cc(OCCCCCCCCCCCC)c1,15.0
*C#Cc1cc(C(=O)OC)c(C(=O)[O][Na])c(*)c1C,210.0
*C#Cc1cc(C(C)(C)CCCCC)c(*)cc1OCC,85.0
*C#Cc1cc(CCC(C)C)c(-c2cc(Br)c(*)c(OC)c2)cc1OC,145.0
*C#Cc1cc(COCC)c(*)cc1COCCCC,45.0
*C#Cc1cc(COCCCCCC)c(*)cc1OCCCCCCCCCCCC,-20.0
*C#Cc1cc(O*)c(-c2ccccc2)cc1OCCCC,85.0
*C#Cc1cc(OC)c(*)cc1CCCCS,85.0
*C#Cc1cc(OC)c(*)cc1OCCCCCCCCCCCCCCCC,-20.0
*C#Cc1cc(OC)c(/C=C/c2cccc(N=*)c2)cc1OC,210.0
*C#Cc1cc(OCC(CCCC)CCCCCC)c(*)cc1OCC,50.0
*C#Cc1cc(OCC(CCCCCCCCCCCC)CC(C)C)c(*)s1,-30.0
*C#Cc1cc(OCCCCCC)c(-c2ccc(CCCCCCCCCCCCCC)cc2)c(Cl)c1*,40.0
*C#Cc1cc(OCCCCCCCCCC)c(/C=C/c2ccc(C(*)=O)cc2)cc1OCSCCCCCCOc1ccc(/N=N/c2ccc(Cl)cc2C)cc1,45.0
*C#Cc1cc(OCCCCCCCCCCCC)c(C=*)cc1S(=O)(=O)O,120.0
*C#Cc1cc(OCCCCCCCCCCCCCC)c(CNC(=O)Cc2ccc(CCN*)cc2)cc1C(=O)O,45.0
*C#Cc1cc(OCCCCCCCCCCCCCCCC)c(C#Cc2ccc(*)c(CCCCCC)c2)[nH]1,45.0
*C#Cc1cc(OCCCCCCCCCCCCCCCCCC)c(*)cc1OCCCCC,-20.0
*C#Cc1cc(OCCCCCCCCCCCCCCOc2ccc(/C=C/c3ccc(OC)cc3)cc2)ccc1OC(=O)c1ccc(NC(=O)CCCCCCCCCCCCCCC(=O)Oc2ccc(C(=O)O*)cc2)cc1,45.0
*C#Cc1cc(OCCCCOCCOCCOC)c(C(=O)NCCCCCCCCCCCCCC)c(*)c1O,45.0
*C#Cc1cc(OCCN(*)c2ccc([N+](=O)[O-])cc2)ccc1Cc1ccccc1,120.0
*C#Cc1cc(OCCOC(C)=O)c(/C=C/c2ccc(N=*)cc2)cc1OCCCCCCCC,95.0
*C#Cc1ccc(*)c(C)c1CCC,130.0
*C#Cc1ccc(*)c(F)c1C,130.0
*C#Cc1ccc(*)c(OC)c1,130.0
*C#Cc1ccc(*)cc1CCCCCCCCCC[CH2][Na],50.0
*C#Cc1ccc(-c2cc(OCC=C)c(O*)cc2Cl)cc1,130.0
*C#Cc1ccc(-c2ccc(-c3ccc(-c4cccc(*)n4)cc3)cc2C(=O)OCCCCCCCCCCCCCCCC)cc1,45.0
*C#Cc1ccc(/C=C/C=C/C(=*)/C=C/c2ccc(/N=N/c3ccc(/N=N/c4ccc([N+](=O)[O-])cc4)c(OC)c3)cc2)cc1-c1ccccc1,210.0
*C#Cc1ccc(C#C[Si](CCCCCCCCCCOc2ccc(-c3ccccc3)cc2)c2ccc(/N=C/c3ccc(C(=O)c4ccc(C(=O)O*)cc4)cc3)cc2)cc1,95.0
*C#Cc1ccc(C(=O)O)c(C(=O)Oc2ccc(CCCCOC(=O)CCCCCCCC(=O)S*)cc2)c1,20.0
*C#Cc1ccc(C(=O)OCC(C)Oc2ccc(/N=C/c3ccc([N+](=O)[O-])cc3)cc2)cc1*,120.0
*C#Cc1ccc(CC)c(C(=O)O*)c1,130.0
*C#Cc1ccc(CCCOC(=O)c2ccc(C(=O)O*)cc2)c(OCCCCCCCCCCCCCC)c1,-15.0
*C#Cc1ccc(CCNC(=O)CCC(=O)NCCO*)cc1,45.0
*C#Cc1ccc(COC(=O)Nc2ccc(S(*)=O)cc2)cc1,140.0
*C#Cc1ccc(CSC(=O)CCCC(=O)S*)cc1,25.0
*C#Cc1ccc(OC(=O)CCCCCCCCCCCCCOc2ccc(/C=C/c3ccc(O*)cc3)cc2)cc1,45.0
*C#Cc1ccc(OCCCCCCCCCC(=O)c2ccc(*)cc2)cc1,40.0
*C#Cc1ccc(OCCN(C)c2ccc(C(C)(C)c3ccc(O*)cc3)cc2)cc1,85.0
*C#Cc1ccc([Si](C)(C)c2ccc(/C=C/[Si](*)(C)c3ccc(CC[N+](C)(C)C#N)cc3)cc2)cc1Cl,130.0
*C#Cc1cccc(CCOC(=O)C(CCCCCCC)C(=O)O*)c1,5.0
*C#Cc1ccccc1COC(=O)Cc1ccc(Cc2ccc(C(=O)O*)cc2)cc1,65.0
*C#Cc1cnc(OCC(C)C)c(C=*)c1,145.0
*C(*)(C)C(=O)OCCCCCCCCOc1ccc(C(=O)Oc2ccc(Cl)cc2)cc1,30.0
*C(*)(c1ccccc1)c1ccccc1C(C)CC,145.0
*C(*)C(=O)CC(C)(C)CN,45.0
*C(*)C(=O)NC(F)(F)C(F)(F)C(F)(F)C(F)(F)C(F)(F)F,100.0
*C(*)C(=O)Nc1ccccc1O,150.0
*C(*)C(=O)OCC#CC(=O)Oc1cccc(/N=N/c2ccc(OCCC)cc2)c1,90.0
*C(*)C(=O)OCC(F)(F)C(F)(F)C(F)(F)C(F)(F)C(F)(F)C(F)(F)C(F)(F)CC(F)(F)C(F)(F)C(F)(F)C(F)(F)C(F)(F)F,25.0
*C(*)C(=O)OCCCCCCCCCCCOc1ccc(-c2ccc([N+](=O)[O-])cc2)cc1,-10.0
*C(*)C(=O)OCCCCCCCCCCOc1ccc(-c2ccc(OC(=O)COc3ccc(/N=C/c4ccc(OC)cc4)cc3)cc2)cc1,15.0
*C(*)C(=O)OCCCO,-40.0
*C(*)C(=O)OCCN(CCCCCC)c1ccccc1,-20.0
*C(*)C(=O)OCCOc1ccc(OC(=O)c2ccc(OCC(O)COc3ccc(C(C)(C)c4ccc(OC)cc4)cc3)cc2)cc1,45.0
*C(*)C(=O)Oc1ccc(C(=O)OC(C)C(F)(F)F)cc1,65.0
*C(*)C(=O)Oc1ccc(Cl)c(Cl)c1C,110.0
*C(*)C(=O)SCCCCCCCCCCCCCC(=O)Nc1ccc(C)cc1,-20.0
*C(*)C(C)C[N+](C)(C)C,130.0
*C(*)C=C(C#N)C[N+](C)(C)C,120.0
*C(*)CCC(C)(C)CC,-40.0
*C(*)CCCCCCC,-55.0
*C(*)CCCCCCCCCC(=O)Nc1ccc(C=Cc2ccc(N(C)C)cc2)cc1,45.0
*C(*)c1cc(C(Cl)C(F)(F)F)ccc1C(F)(F)F,130.0
*C(=*)CSC(=O)N(CC)CC,45.0
*C(=C(C#N)C#N)c1ccc(C(=O)OCCCN2C(=O)c3ccc(-c4ccc5c(c4)C(=O)N(*)C5=O)cc3C2=O)c(C)c1,210.0
*C(=C)C(*)C(=O)OCCCC,-20.0
*C(=C=C=*)CCC[Si](C)(C)C,-50.0
*C(=C=C=*)SS(=O)(=O)CC,45.0
*C(=C=C=C=C=C(*)OCC)CC(C)C,50.0
*C(=C=C=Cc1ccccc1C(C)CC)c1ccccc1*,85.0
*C(=N)CCCCC(=O)NNC(=O)c1ccc(C(*)=O)cc1,130.0
*C(=N)N(*)c1ccc(C)cc1,190.0
*C(=NC(*)(C)C#N)c1ccc(OCCC)cc1,90.0
*C(=Nc1ccc(N(C)CCNC(=O)c2ccc(*)cc2)cc1)SC,85.0
*C(=O)/C(C(=O)SC)=C(/C)C(=O)OC(=O)C(Cc1ccccc1)C(*)=O,120.0
*C(=O)/C(C)=C/c1ccc(Oc2ccc(C(=O)SN3C(=O)c4ccc(*)cc4C3=O)cc2)cc1,180.0
*C(=O)/C=C(/*)c1ccc(C)cc1,150.0
*C(=O)/C=C/C(=O)Nc1ccc(*)cc1,180.0
*C(=O)/C=C/C(=O)OCCCCCCCCCC(=O)Oc1ccc(N2C(=O)c3ccc(*)cc3C2=O)cc1,45.0
*C(=O)/C=C/C(=O)c1ccc(C(=O)Nc2ccc(Cc3ccc(N=*)cc3)cc2)cc1,210.0
*C(=O)/C=C/CC(=O)Oc1ccc(C(C)(C)c2ccc(OC(=O)CCCCCCNC(=O)c3ccc(C(=O)Oc4ccc(*)cc4)cc3)cc2)cc1,45.0
*C(=O)/N=C/c1ccc(OC(=O)NCCCNC(*)=O)cc1,90.0
*C(=O)C(*)(C)c1ccc(C)cc1,120.0
*C(=O)C(*)C(=O)OCCCCCCCCCCCCCCCCCC,-55.0
*C(=O)C(*)C(=O)Oc1cccc(C(F)(F)F)c1,120.0
*C(=O)C(*)CC(F)(F)C(F)(F)C(F)(F)C(F)(F)C(F)(F)C(F)(F)C(F)(F)C(F)(F)C(F)(F)F,45.0
*C(=O)C(*)CCc1ccc(CCCCC#N)cc1,-10.0
*C(=O)C(*)COc1ccc(S(=O)(=O)c2ccc(C)cc2)cc1,90.0
*C(=O)C(*)OCC,15.0
*C(=O)C(*)[Si](C)=Cc1ccccc1,90.0
*C(=O)C(*)c1cc(Br)ccc1OC(CC)CCO,45.0
*C(=O)C(*)c1ccc(C(=O)OCCCCCCCCCC)cc1,-20.0
*C(=O)C(*)c1ccc(Cl)cc1[2H],120.0
*C(=O)C(=O)N(*)C=C,130.0
*C(=O)C(C)(C)C(=O)OC(C)COc1ccc(*)cc1,45.0
*C(=O)C(C)(CCCCC)Oc1ccc(/N=N/c2ccc(/C=N/c3ccc(*)cc3)cc2)cc1,95.0
*C(=O)C(C)(OC(=O)c1ccccc1)C(*)=O,130.0
*C(=O)C(C)(c1ccccc1)C(C)(C)c1ccc(*)s1,160.0
*C(=O)C(C)C(C(=O)NCCCc1ccc(-c2ccc(*)cc2)cc1)C(C)C,120.0
*C(=O)C(C)CC(Cl)(C=*)COC(=O)OCC(F)(C(F)(F)F)C(F)(Cl)C(F)(F)F,65.0
*C(=O)C(C)N(*)CC(C)(C)C,90.0
*C(=O)C(C)NC(=O)c1ccc(C(=O)N(*)C)cc1C,180.0
*C(=O)C(CC#CC)C(*)=O,130.0
*C(=O)C(CCCC)N(*)C,40.0
*C(=O)C(Cl)C(*)C(=O)OCCCC,45.0
*C(=O)C(F)(F)C(F)(Cl)C(*)(F)CN(C)C,65.0
*C(=O)C(O)C(*)c1cccnc1,90.0
*C(=O)C(OC(=O)/C=C(/*)OC(C)(C)C)c1ccc([Si](C)(C)C)cc1,90.0
*C(=O)C1CSC(*)C(=O)C1,120.0
*C(=O)CC(*)C(=O)c1ccc(OCCCC)cc1,40.0
*C(=O)CC(*)OC(=O)c1ccc(F)cc1F,40.0
*C(=O)CC(*)c1cc(C)cc(C(F)(F)F)c1,90.0
*C(=O)CC(*)c1ccccc1Cl,95.0
*C(=O)CC(C)(C)c1ccc(*)cc1,90.0
*C(=O)CC(C)N(*)CC(C)C,45.0
*C(=O)CC(CCCC)C(C)(CCC)C(=N)NC(*)=O,45.0
*C(=O)CC/C=C/C(=O)NCNC(*)=O,65.0
*C(=O)CCC(=O)OC(C)COc1ccc(CC(=O)NC(Cc2ccc(*)cc2)C(=O)OCCCCCCCC)cc1,5.0
*C(=O)CCC(F)(F)C(F)(F)CN(C(F)(F)F)C(F)(F)C(=O)NCC(F)(F)C(F)(F)C(*)(F)F,90.0
*C(=O)CCCC(=O)N(*)CC,40.0
*C(=O)CCCC(=O)Oc1ccc([Si](c2ccccc2)c2ccc(*)cc2)cc1,55.0
*C(=O)CCCC1CCN(*)CS1,40.0
*C(=O)CCCCC(*)=C(Cl)Cl,-20.0
*C(=O)CCCCC(*)CCC,-50.0
*C(=O)CCCCC(=O)Nc1ccc(Oc2cccc(Oc3ccc(*)cc3)c2)cc1,85.0
*C(=O)CCCCCCC(=O)N1CN(C(=O)NNC(=O)c2ccc(*)cc2)C1,120.0
*C(=O)CCCCCCC(=O)OC(COC(=O)c1ccccc1C(*)=O)C(=O)OCC,-20.0
*C(=O)CCCCCCC(=O)Oc1ccc(S(=O)(=O)c2ccc(N(*)C)cc2)cc1,45.0
*C(=O)CCCCCCCCCCC(=O)Oc1ccc(C(C)(C)c2ccc(OC(=O)CCCCCCC(=O)Oc3ccc(*)cc3)cc2)cc1,45.0
*C(=O)CCCCCCCCCCCCC(=O)NC1CCC(*)CC1,55.0
*C(=O)CCCCCCCCCCCCC(=O)NC1CCN(C(*)=O)CC1,55.0
*C(=O)CCCCCCCCCCCCCCCCC(=O)NCCCCCCCCCCCCCCCCNC(*)=O,45.0
*C(=O)CCCCCCCN1CCCN1*,-30.0
*C(=O)CCCCCCCc1ccc(-c2ccc(Cc3ccc(*)cc3)cc2)c(C)c1,45.0
*C(=O)CCCCCNC(=O)c1ccc(C(=O)NCCCCCCNC(*)=O)cc1,90.0
*C(=O)CCCCOC(=O)c1ccc(-c2ccc(Cc3ccc(*)nc3)cc2)cc1,55.0
*C(=O)CCCCc1c(*)c(F)cc(F)c1F,45.0
*C(=O)CCNC(=O)CCC(=O)NC(C)(C)C(=O)/C=C/C(=O)NC(=O)C(*)=O,130.0
*C(=O)CCS(=O)(=O)CCCCC(=O)NC(C)CCNC(*)=O,45.0
*C(=O)CN(CC)C[Si](*)Oc1ccccc1,-20.0
*C(=O)CNC(=O)C(*)c1ccc(F)cc1C,130.0
*C(=O)CNC(=O)c1ccc(Oc2ccc(C(=O)OC(=O)c3ccc(C(*)=O)cc3)cc2)cc1,150.0
*C(=O)COC(=O)OCC1(C)CC(=O)C1*,45.0
*C(=O)CON(*)c1c(C)cc(C)cc1Cl,130.0
*C(=O)COc1ccc(C(=O)NNC(=O)c2cccc(C(=O)Nc3ccc(*)cc3)c2)cc1,230.0
*C(=O)COc1ccc(C(C)(C)c2ccc(OC(=O)c3ccc4c(c3)C(=O)N(*)C4=O)cc2)cc1,180.0
*C(=O)CSCCCCCCNC(=O)OCCCc1cc(*)cc(CCCCCCCCCC)c1,-30.0
*C(=O)C[Se]CCC(=O)N(C)c1ccc(N(*)C)cc1,45.0
*C(=O)C[Se]CNC(*)=O,45.0
*C(=O)N(*)C(=O)N(CC)c1ccc(C(C)(C)C)cc1,150.0
*C(=O)N(*)Cc1ccc(C)cc1,140.0
*C(=O)N(C(=O)c1ccccc1)c1cc(NBr)c(-c2cc(C)c(N3C(=O)c4ccc(*)cc4C3=O)c(Cl)c2Cl)cc1C,305.0
*C(=O)N1C(=O)c2ccc(C(=O)[Si](*)(C)C)cc2C1=O,250.0
*C(=O)N1C=CC(CNC(=O)c2cccc(*)n2)C1=O,180.0
*C(=O)NC(=O)CCC(C)CCCC(C)[CH2][Ge]([*])([CH3])[CH3],-30.0
*C(=O)NC(=O)CNS(=O)(=O)c1ccc(CC(C)(C)c2ccc(*)cc2)cc1,180.0
*C(=O)NC(C)N(*)CC(O)COC(C)=O,50.0
*C(=O)NC(CC(F)(F)F)C(F)(F)C(*)(F)OC(F)(F)F,90.0
*C(=O)NC(Cc1ccccc1)NC(=O)c1cccc(C(=O)N(*)CC)c1,190.0
*C(=O)NCC(=O)N(*)C,60.0
*C(=O)NCC(C)(C)CNC(=O)c1ccc(C(*)=O)cc1,150.0
*C(=O)NCC(C)CCCOc1ccc(NC(*)=O)cc1,65.0
*C(=O)NCC1CCCC(C(*)=O)C1,120.0
*C(=O)NCC1CCCCNC(*)CC1,60.0
*C(=O)NCCC(=O)OCc1ccc(CS(=O)(=O)c2ccc3c(c2)C(=O)N(*)C3=O)cc1,145.0
*C(=O)NCCCCCCCCCCCNC(=O)c1cccc(*)n1,90.0
*C(=O)NCCCCCCCCCCNC(=O)c1ccc(C(=O)NCCNC(*)=CC=CC(C)CC)c(I)c1,90.0
*C(=O)NCCCCCCCCNC(=O)/C(C)=[SH]\c1ccc(N(*)CCCCCCCCCC)cc1,45.0
*C(=O)NCCCCCCCNCS(=O)(=O)CC(=O)Nc1csc(C)c1*,65.0
*C(=O)NCCCCCCCSCCNC(=O)C(*)c1cc(Br)c(Cl)cc1-c1ccccc1,65.0
*C(=O)NCCCCCCNC(=O)C(C=*)CCCOC(=O)c1ccc(OC(C)(C)C)cc1,45.0
*C(=O)NCCCCCCNC(=O)NC1CCN(*)CC1,90.0
*C(=O)NCCCCCCNC(=O)NCCC(=O)[NH][Ge]([*])([CH3])[CH3],45.0
*C(=O)NCCCCCCNC(=O)Nc1ccc(Cc2ccc(NCC(=O)Oc3ccc(-c4ccc(*)cc4)cc3)cc2)cc1,110.0
*C(=O)NCCCCCCNC(=O)SNc1ccccc1NNC(=O)c1ccc(*)cc1,110.0
*C(=O)NCCCCCCNC(=O)c1cc(CNC(=O)OCCCC)c(NC(=O)SCCCC)cc1*,65.0
*C(=O)NCCCCCCNC(=O)c1cc(OC)c(N=*)cc1I,120.0
*C(=O)NCCCCCCNC(=O)c1ccc(C(=O)NCCN(*)c2ccc(OC)cc2)cc1,110.0
*C(=O)NCCCCCCNC(=O)c1ccc(C(=O)NNC(=O)c2ccc(C(=O)Nc3ccc(*)cc3)cc2)cc1,210.0
*C(=O)NCCCCCCNC(=O)c1ccc(N(CC)c2ccc(N(*)C)cc2)cc1,110.0
*C(=O)NCCCCCCNC(=O)c1ccccc1C(*)=O,90.0
*C(=O)NCCCCCNC(=O)C1CCN1C(*)=O,90.0
*C(=O)NCCCCCNC(=O)CNC(=O)c1ccc(C(=O)NNC(=O)c2ccc(*)o2)o1,150.0
*C(=O)NCCCCc1ncc(*)nc1-c1ccccc1,130.0
*C(=O)NCCCNC(=O)c1cccc(C(=O)NNC(*)=O)c1,150.0
*C(=O)NCCNC(=O)CCCCCCCCCCC(=O)NCc1ccc(CNC(*)=O)cc1,80.0
*C(=O)NCC[Si](C)(C)C(=O)N(*)CCC,-30.0
*C(=O)NCSCC(=O)N(*)C,65.0
*C(=O)NCc1cc(C)c(C(*)=O)c(Br)c1F,210.0
*C(=O)NNC(=O)CC(=*)CCCCCCCCCCCCN,45.0
*C(=O)NNC(=O)c1cc(OC(=O)C(*)CCC)ccc1-c1ccccc1,130.0
*C(=O)NNC(=O)c1ccc(/N=N/c2ccc(N(c3ccccc3)c3ccc(/N=C/c4ccc(C(*)=O)cc4)cc3)cc2)cc1,220.0
*C(=O)NNC(=O)c1ccc(C(*)=O)cc1S(=O)(=O)c1ccc(Cl)cc1,250.0
*C(=O)NNC(=O)c1ccc(NC(=O)CCCCCCCCC(=O)Nc2ccc(C3CCC(*)C3)cc2)cc1,130.0
*C(=O)NNC(=O)c1ccc(S(=O)(=O)c2cccc(C(=O)Nc3ccc(*)cc3)c2)cc1,280.0
*C(=O)NNC(=O)c1ccc([Si](*)(CCC)NCC)cc1,90.0
*C(=O)NNC(=O)c1ccc([Si](*)(c2ccccc2)c2ccccc2)cc1,210.0
*C(=O)NNC(=O)c1ccc([Si](C)(C)c2cccc(C(=O)Nc3ccc(NC(=O)/C=C(\C#N)C(=O)Nc4ccc(C(=O)C(=O)c5ccc(C(=O)c6ccc(*)cc6)cc5)cc4)cc3)c2)cc1,245.0
*C(=O)NNC(=O)c1sc(*)c(C)c1C(CC)CCCCCC,90.0
*C(=O)NNC(C(*)=O)=C(C#N)C(=S)OC(=O)c1ccc(C(=O)O)cc1,210.0
*C(=O)NOc1ccc(/C(C)=C/c2ccc(*)cc2)cc1,145.0
*C(=O)NSC(=O)C(C)N(*)Cc1ccccc1,95.0
*C(=O)Nc1c(Cl)c(F)c(*)c(Br)c1Cl,250.0
*C(=O)Nc1cc(NC(=O)Nc2ccc(NC(=O)c3ccc(*)cc3)cc2)ccc1S(=O)(=O)c1ccccc1,280.0
*C(=O)Nc1cc(NC(=O)c2ccc(*)cc2)cc(C(=O)OCC=CC=C)c1,230.0
*C(=O)Nc1cc(OCCCCCCCCC)c(*)cc1OCC,65.0
*C(=O)Nc1cc(Oc2ccc(C(C)(C)c3ccc(O)cc3Oc3ccc(*)cc3)cc2)cc(C(F)(F)F)c1,195.0
*C(=O)Nc1ccc(*)c(NC(=O)c2ccc(Br)cc2)c1,280.0
*C(=O)Nc1ccc(-c2ccc(NC(=O)C(C)N(*)CCCC)cc2)cc1,150.0
*C(=O)Nc1ccc(-c2ccc(NC(=O)c3cc(*)c(C)cc3C)cc2)cc1C,280.0
*C(=O)Nc1ccc(-c2ccc(NC(=O)c3ccc(C(*)=O)cc3)cc2)c(C)c1,290.0
*C(=O)Nc1ccc(/C=C/c2ccc(/C=C/C(=O)Oc3cc(OCCCCCCCCCCCC)c(*)cc3OC)cc2)cc1,85.0
*C(=O)Nc1ccc(C(=O)NC(=O)c2ccc(-c3ccc(C(*)=O)cc3)cc2)cc1,290.0
*C(=O)Nc1ccc(C(=O)NCCCNCC(*)=S)cc1,90.0
*C(=O)Nc1ccc(C(=O)NNC(=O)c2ccc(C(=O)NNC(=O)c3ccc(N4C(=O)c5ccc(*)cc5C4=O)c(S(=O)(=O)O)c3)cc2)c(C)c1I,285.0
*C(=O)Nc1ccc(C(C)(C)c2ccc(OC(=O)C(*)COc3ccc(/N=N/c4ccc(OC)cc4)cc3)cc2)cc1,130.0
*C(=O)Nc1ccc(CCc2ccc(N(CC)CCNC(=O)c3ccc(C(*)=O)cc3)cc2)cc1,130.0
*C(=O)Nc1ccc(CNC(=O)NC(CC)CCNS(*)(=O)=O)cc1,130.0
*C(=O)Nc1ccc(C[Si](C)(C)c2ccc(N3C(=O)c4ccc(*)cc4C3=O)cc2)cc1,260.0
*C(=O)Nc1ccc(Cc2ccc(Cc3ccc(NC(=O)CCCCCCCCCCCCCCCCCSCC(=O)c4ccc(*)cc4)cc3)cc2)cc1,15.0
*C(=O)Nc1ccc(Cc2ccc(NC(=O)C(=O)Nc3ccc(C(=O)c4ccc(N5C(=O)c6ccc(*)cc6C5=O)cc4)cc3)cc2)cc1,290.0
*C(=O)Nc1ccc(Cc2ccc(NC(C)(C)c3ccc(N(C)C(=O)CCCCC(=O)Nc4ccc(*)cc4)cc3)cc2)cc1,140.0
*C(=O)Nc1ccc(Cl)c(NC(=O)c2ccc(N3C(=O)c4ccc(*)cc4C3=O)cc2)c1,310.0
*C(=O)Nc1ccc(NC(=O)CCCCCCCCCCCCC(=O)Nc2cccc(NC(=O)C(*)=O)c2)cc1,130.0
*C(=O)Nc1ccc(NC(=O)Nc2ccc(-c3ccc(NC(=O)Nc4ccc(*)cc4)cc3)cc2)cc1,280.0
*C(=O)Nc1ccc(NC(=O)Nc2ccc(/N=N/c3ccc(*)cc3)cc2)cc1,270.0
*C(=O)Nc1ccc(NC(=O)Oc2cccc(OC(=O)c3ccc(*)cc3)c2)cc1,180.0
*C(=O)Nc1ccc(NC(=O)c2ccc(C(=O)Nc3ccc(*)cc3)c(Cl)c2)cc1,290.0
*C(=O)Nc1ccc(NC(=O)c2ccc(N3C(=O)c4ccc(*)cc4C3=O)cc2OC(=O)CCCC(F)(F)F)cc1Cl,275.0
*C(=O)Nc1ccc(NC(=O)c2ccc(Oc3ccc(C(C)(C)c4ccc(Oc5ccc(N6C(=O)c7ccc(*)cc7C6=O)cc5)cc4)cc3)cc2)cc1,260.0
*C(=O)Nc1ccc(NC(=O)c2ccc3cc(SC)c(Oc4ccc(N5C(=O)c6ccc(*)cc6C5=O)cc4)ccc4c(=O)n4c(=O)c3c2)cc1,285.0
*C(=O)Nc1ccc(NC(=O)c2cccc(C(*)=O)c2)c(C)c1,280.0
*C(=O)Nc1ccc(NC(=O)c2cccc(C(=O)Nc3ccc(NC(=O)c4ccc(C(=O)Nc5ccc(*)cc5)cc4)cc3)c2)cc1,290.0
*C(=O)Nc1ccc(NC(=O)c2cccc(N3C(=O)c4ccc(*)cc4C3=O)c2)cc1,310.0
*C(=O)Nc1ccc(Nc2ccc(NC(=O)c3ccc(C(=O)Nc4ccc(*)cc4)cc3)cc2)cc1,280.0
*C(=O)Nc1ccc(Oc2ccc(*)c(C(O)C(F)(F)F)c2)cc1,220.0
*C(=O)Nc1ccc(Oc2ccc(C(=O)c3ccc(*)s3)cc2)cc1,175.0
*C(=O)Nc1ccc(Oc2ccc(Cc3ccc(N=*)cc3)cc2)cc1,180.0
*C(=O)Nc1ccc(Oc2ccc(N3C(=O)c4ccc(*)cc4C3=O)c(C(C)(C)C)c2)cc1,280.0
*C(=O)Nc1ccc(Oc2ccc(NC(=O)/C=N/c3ccc(N(*)C)s3)cc2)cc1,190.0
*C(=O)Nc1ccc(S(=O)(=O)c2ccc(-n3c(=O)c4cc5c(=O)n(*)c(=O)c5cc4c3=O)cc2)cc1,320.0
*C(=O)Nc1ccc(S(=O)(=O)c2ccc(N3C(=O)c4ccc(*)cc4C3=O)c(C(C)(C)C)c2)cc1C,285.0
*C(=O)Nc1ccc(S(=O)(=O)c2ccc(N3C(=O)c4ccc(*)cc4C3=O)cc2)c(C(=O)OCCC(F)(F)C(F)(F)C(F)(F)C(F)(F)F)c1,280.0
*C(=O)Nc1ccc(S(=O)(=O)c2ccc(N3C(=O)c4ccc(C(F)(F)C(F)(F)[Si](*)(F)F)cc4C3=O)cc2)cc1,265.0
*C(=O)Nc1ccc(S(=O)(=O)c2ccc(S(=O)(=O)c3ccc(-c4ccc(-c5ccc(*)cc5)cc4)c(C(F)(F)F)c3)cc2)cc1,260.0
*C(=O)Nc1ccc(Sc2ccc(NC(=O)CC/C=C/c3ccc(*)cc3)cc2)cc1,145.0
*C(=O)Nc1ccc(Sc2ccc(NC(=O)c3ccc(/N=N/c4ccc(C(=O)Nc5ccc(*)cc5)cc4)cc3)cc2)cc1,280.0
*C(=O)Nc1ccc2c(c1)C(=O)N(c1cc(C)cc(N3C(=O)c4ccc(*)cc4C3=O)c1)C2=O,320.0
*C(=O)Nc1cccc(C(=O)Nc2ccc(NC(=O)c3ccc(C(*)=O)cc3)c(OC)c2)c1,280.0
*C(=O)Nc1cccc(Oc2ccccc2NC(=O)c2ccc(S(*)(=O)=O)cc2)c1,260.0
*C(=O)Nc1ccccc1/C=C/c1ccc(Cc2ccc(Nc3ccc(N(*)c4ccc(Cc5ccccc5)cc4)cc3)cc2)cc1,190.0
*C(=O)OC(=O)CCN1CCN(*)CC1,45.0
*C(=O)OC(=O)c1ccc(C(=O)N(*)C)cc1,150.0
*C(=O)OC(C)C(=O)N1CCN(*)CC1,45.0
*C(=O)OC(COC(=O)c1ccccc1C(*)=O)c1ccc(/N=N/c2ccccc2)cc1,90.0
*C(=O)OC1CCC(*)C(C#N)C1,120.0
*C(=O)OC1CCCN(*)C1,90.0
*C(=O)OCC(*)CCC(F)(F)C(F)(F)C(F)(F)C(F)(F)OC(F)(F)C(F)(F)F,-10.0
*C(=O)OCC(=*)NC,45.0
*C(=O)OCC(C)N(*)Cc1ccccc1,45.0
*C(=O)OCC(CCl)(c1ccc([N+](=O)[O-])cc1)C(*)C,130.0
*C(=O)OCC1CCC(*)[IH]1,65.0
*C(=O)OCCCC(=O)N(*)CCc1ccccc1,40.0
*C(=O)OCCCCCCCCCCCCCCCCCCCOC(*)=O,-50.0
*C(=O)OCCCCCCCCCCCCCCCCCCN1CCCCN(*)CC1,-30.0
*C(=O)OCCCCCCCCCCCCOC(=O)c1ccccc1P(=O)(Oc1ccc(-c2ccc(*)cc2)cc1)Oc1ccc(C(B)(C(F)(F)F)C(F)(F)F)cc1,45.0
*C(=O)OCCCCCCCCCCCNC(=O)c1cccc(C(=O)NNC(=O)COC(=O)CCCCOC(=O)c2ccc(*)nc2)c1,55.0
*C(=O)OCCCCCCCCCCOC(=O)c1ccc(C(=O)NC(=O)c2cccc(C(=O)NN(*)F)c2)cc1,65.0
*C(=O)OCCCCCCCCOC(=O)NC1CCCN(C(*)=O)C1,45.0
*C(=O)OCCCCCCCCOC(=O)c1ccc(OCCCCCCOCc2ccc(*)cc2)cc1,-20.0
*C(=O)OCCCCCCCOc1ccc(NC(=O)c2ccc(N3C(=O)c4ccc(*)cc4C3=O)cc2)cc1,130.0
*C(=O)OCCCCCCOC(=O)Oc1ccc(*)cc1,15.0
*C(=O)OCCCCCCOC(=O)c1ccc(S(=O)(=O)c2cccc(C(=O)Nc3ccc(*)cc3)c2)cc1,95.0
*C(=O)OCCCCCNC(=O)c1cc(Br)c(N(*)C)c(F)c1Cl,95.0
*C(=O)OCCCCOC(=O)c1ccc(NC(=O)CCCC(=O)/C=C/c2ccc(*)o2)s1,45.0
*C(=O)OCCCN(CC(C)C)N(*)CCC,-30.0
*C(=O)OCCOCCOCCOC(=O)c1ccc(*)s1,-30.0
*C(=O)Oc1c(F)c(F)c(*)c(Cl)c1Br,130.0
*C(=O)Oc1cc(C(C)(C)C)cc(*)c1C,120.0
*C(=O)Oc1ccc(-c2ccc(C(=O)c3cccc(*)n3)cc2)cc1,150.0
*C(=O)Oc1ccc(-c2ccc(Oc3ccc(N4C(=O)c5ccc(*)cc5C4=O)cc3)cc2)cc1,260.0
*C(=O)Oc1ccc(C(*)=O)cc1,100.0
*C(=O)Oc1ccc(C(=O)NNC(=O)c2ccc(*)cc2)cc1,180.0
*C(=O)Oc1ccc(C(=O)Nc2ccc(-c3ccc(NC(=O)c4ccc(Nc5ccc(C(=O)Nc6ccc(*)cc6)cc5)cc4)cc3)cc2)c(C(=O)O)c1C(=O)O,300.0
*C(=O)Oc1ccc(C(C)(C)c2ccc(/N=C/c3ccc(C(C(=O)OC)c4ccc(*)cc4)cc3)cc2)cc1,145.0
*C(=O)Oc1ccc(N(C)NC(=O)c2ccc(C(=O)Nc3ccc(*)nc3)cc2)cc1,210.0
*C(=O)Oc1ccc(OC(=O)c2ccc(-c3ccc(C(*)=O)cc3)cc2)cc1OC,150.0
*C(=O)Oc1ccc(OC(=O)c2ccc(-c3nnc(*)s3)cc2)cc1,210.0
*C(=O)Oc1ccc(OC(=O)c2ccc(Oc3ccc(NC(=O)c4ccc(*)cc4)cc3)cc2)cc1,220.0
*C(=O)Oc1ccc(OCCCCCCCc2ccc(OC(=O)CCCN3C(=O)c4ccc(*)cc4C3=O)cc2)cc1,45.0
*C(=O)SCCC1C=CC(*)OC1,20.0
*C(=O)SN(CCCCOC(=O)OCC(F)(F)C(F)(F)C(F)(F)C(F)(F)F)C(=O)CNC(=O)c1ccc(*)o1,45.0
*C(=O)Sc1ccc(C2(c3ccc(N4CC(=O)N(*)C4=O)cc3)C=C2)cc1,210.0
*C(=O)[Se]C(=O)N(*)CC(=O)NC(C)=O,90.0
*C(=O)[Se]c1ccc(Oc2ccc(N3C(=O)c4ccc(*)cc4C3=O)cc2)cc1,235.0
*C(=O)c1c(OCCCCCCCC)c(C)cc(Oc2ccc(*)c(OCC)c2)c1Oc1ccc(C(=O)Oc2ccc([N+](=O)[O-])cc2)cc1,95.0
*C(=O)c1cc(*)c(-c2ccc(N(C)C)cc2)c(-c2ccccc2)c1-c1sc(C)cc1C,260.0
*C(=O)c1cc(*)c(OCCC)cc1O,90.0
*C(=O)c1cc(C(=O)/C=C/c2cccc(*)c2)cc([N+](=O)[O-])c1,180.0
*C(=O)c1cc(C(=O)N(*)C)c(C#N)cc1C,260.0
*C(=O)c1cc(C(=O)c2cc(*)ccc2Cl)cc(C(C)(C)C)c1,160.0
*C(=O)c1cc(NC(=O)c2cc(*)cc(C(=O)Oc3ccccc3)c2)ccc1OCCCCCC,120.0
*C(=O)c1cc(OC(=O)c2cccc(C(=O)O)c2)ccc1*,150.0
*C(=O)c1cc(OC(=O)c2ccccc2CN(*)CCCC)ccc1-c1ccccc1,90.0
*C(=O)c1cc(OCCCCCCCCC(=O)OCCCCCCCCCCCC)cc(*)c1O,-20.0
*C(=O)c1cc(OCCCCCCCCCCCCCC)c(C(*)=O)c(C)c1C,45.0
*C(=O)c1cc(Oc2ccc(Nc3ccc(-c4ccc([N+](=O)[O-])cc4)cc3)cc2)ccc1*,195.0
*C(=O)c1cc(SCCCCCCCCC)c(C(=O)Nc2ccc(C)c(*)c2)cc1OCCCCCCCCCC,45.0
*C(=O)c1ccc(*)c(O)c1F,130.0
*C(=O)c1ccc(-c2cc(OCCCCCCCC)c(-c3ccc(-c4ccccc4)c(*)c3)cc2OCCCCCCCCC)cc1,90.0
*C(=O)c1ccc(-c2ccc(N(c3ccccc3)c3ccc(S(*)(=O)=O)cc3)cc2)cc1,210.0
*C(=O)c1ccc(-c2nnc(*)s2)cc1,220.0
*C(=O)c1ccc(/C=C/C(=O)Nc2cc(CCC(=O)N(*)C)cc(C(=O)Nc3ccccc3)c2)cc1,210.0
*C(=O)c1ccc(/C=C/c2ccc(N(*)C)cc2)cc1,180.0
*C(=O)c1ccc(/N=N/c2ccc(/N=C(/*)OC(=O)CCCCCC)cc2)cc1,90.0
*C(=O)c1ccc(/N=N/c2ccc(C(=O)c3ccc(*)s3)o2)s1,130.0
*C(=O)c1ccc(C(=O)/C=C\c2ccc(*)cc2)cc1,130.0
*C(=O)c1ccc(C(=O)CCCCCCCCCNC(=O)c2ccc(*)nc2)cc1,55.0
*C(=O)c1ccc(C(=O)NCCCCCCNC(=O)N(C)c2ccc(*)cc2)cc1,120.0
*C(=O)c1ccc(C(=O)NCCCOc2ccc(NC(=O)/C=C/c3ccc(*)cc3)cc2)cc1,140.0
*C(=O)c1ccc(C(=O)NCCNCC(=O)Nc2ccc(N(*)C)cc2)cc1,130.0
*C(=O)c1ccc(C(=O)Nc2ccc(C(*)=O)cc2N)cc1,280.0
*C(=O)c1ccc(C(=O)Nc2ccc(NC(=O)c3cccc(C(=O)c4ccc(*)cc4)c3)cc2)cc1,280.0
*C(=O)c1ccc(C(=O)Nc2ccc(S(=O)(=O)c3ccc(N(C)C(=O)c4ccc(*)cc4)cc3)cc2)cc1,260.0
*C(=O)c1ccc(C(=O)Oc2ccc(OC(=O)Nc3ccc(-c4ccc(N=*)cc4)cc3)cc2)cc1,210.0
*C(=O)c1ccc(C(=O)c2cccc(N(*)CC)c2)cc1,150.0
*C(=O)c1ccc(C(=O)c2cccc(OCCc3ccccc3*)c2)cc1,65.0
*C(=O)c1ccc(C(C)C)c(*)c1,120.0
*C(=O)c1ccc(Cc2ccc(C(=O)N3C(=O)N(*)C(C)C3C)cc2)cc1,190.0
*C(=O)c1ccc(N(C)Cc2ccc(/N=N/Cc3ccc(CNC(=O)NNC(*)=S)cc3)cc2)cc1,130.0
*C(=O)c1ccc(N(CCCC)c2ccc(/C=C/C(=O)Nc3ccc(*)cc3C#N)c(C)c2)cc1,195.0
*C(=O)c1ccc(N2C(=O)c3ccc(*)cc3C2=O)cn1,310.0
*C(=O)c1ccc(NC(=O)C(C)NC(=O)c2ccc([Si](*)(C)C)cc2)cc1,150.0
*C(=O)c1ccc(NC(=O)NCCCCCCCCCCCCCCNC(=O)Nc2ccc(*)cc2)cc1,45.0
*C(=O)c1ccc(NC(=O)c2ccc(C(=O)Nc3ccc(NC(=O)c4ccc(N=*)cc4)cc3)cc2)cc1,280.0
*C(=O)c1ccc(NC(=O)c2ccc(N3C(=O)c4ccc(*)cc4C3=O)cc2)cc1,310.0
*C(=O)c1ccc(OC(=O)c2ccc([Si](*)(C)C)cc2)cc1,120.0
*C(=O)c1ccc(OC2=CC=C3C(=O)c4ccc5ccc(OC6=C(OC(=O)c7ccc8c(c7)C(=O)N(*)C8=O)C=C6)ccc6c(=O)c(ccc(n(c(=O)c5c4)C=C2)C3=O)C=N6)c(C(C)(C)C)c1,280.0
*C(=O)c1ccc(OCC(=O)NNC(=O)c2ccc(CC(=O)NNC(=O)c3ccc(*)cc3)cc2)cc1,140.0
*C(=O)c1ccc(OCC(O)COc2ccc(/C=N/c3ccc(C=*)cc3)cc2)cc1,95.0
*C(=O)c1ccc(OCCOCCOCCOCCOC(=O)c2ccc(C(*)=O)cc2)cc1,-20.0
*C(=O)c1ccc(Oc2ccc(-c3ccc(*)s3)s2)cc1,90.0
*C(=O)c1ccc(Oc2ccc(C(=O)c3ccc(C(=O)Nc4ccc(NC(=O)c5ccc(*)cc5)cc4)cc3)cc2)cc1,280.0
*C(=O)c1ccc(Oc2ccc(C(C)(C)c3ccc(Oc4ccc(/N=C(\C)c5ccc(*)cc5)cc4)cc3)cc2)cc1,145.0
*C(=O)c1ccc(Oc2cccc(C(=O)c3ccc(Oc4ccc(-c5nnc(*)o5)cc4)cc3)c2)o1,190.0
*C(=O)c1ccc(S(=O)(=O)CCCCCCCC(=O)Nc2ccc(S(=O)(=O)Oc3ccc(-c4cc(Oc5ccc(/N=N/c6ccc(OCc7ccc(OCC(C)CCCCC)cc7)cc6)cc5)ccc4OC(*)=S)cc3)cc2)cc1,65.0
*C(=O)c1ccc(SC(=O)c2ccc(-c3ccc(C(=O)Nc4ccc(*)cc4)cc3C(F)(F)F)cc2)cc1,245.0
*C(=O)c1ccc2c(c1)C(=O)N(c1ccc(C(=O)Nc3ccc(Oc4ccc(Oc5ccc(NC(=O)c6ccc(N7C(=O)c8ccc(*)cc8C7=O)cc6)cc5)cc4)cc3)cc1)C2=O,280.0
*C(=O)c1ccc2c(c1)C(=O)N(c1ccc(C(=O)c3ccc(N4C(=O)c5cccc(C(*)C(F)(F)F)c5C4=O)cc3)cc1)C2=O,300.0
*C(=O)c1ccc2c(c1)C(=O)N(c1ccc(C(=O)c3ccc(Oc4ccc(N5C(=O)c6ccc(*)cc6C5=O)cc4C)cc3)cc1)C2=O,290.0
*C(=O)c1ccc2c(c1)C(=O)N(c1ccc(C(=O)c3ccc([Si](*)(C)C)cc3)cc1)C2=O,260.0
*C(=O)c1ccc2c(c1)C(=O)N(c1ccc(NC(=O)c3ccc(S(=O)(=O)Nc4ccc(*)cc4)cc3)cc1)C2=O,290.0
*C(=O)c1ccc2c(c1)C(=O)N(c1ccc(Oc3ccc4cc(c3=O)N4C(=O)c3ccc(*)cc3)cc1)C2=O,290.0
*C(=O)c1ccc2c(c1)C(=O)N(c1ccc(S(=O)(=O)c3ccc(N4C(=O)c5ccc(C(*)=O)cc5C4=O)cc3)cc1)C2=O,320.0
*C(=O)c1ccc2c(c1)C(=O)N(c1cccc(C(=O)c3ccc(N4C(=O)c5ccc(*)cc5C4=O)cc3)c1C)C2=O,320.0
*C(=O)c1ccc2c(c1)C(=O)NC(c1ccc(C(=O)c3ccc(N4C(=O)c5ccc(C(*)(C(F)(F)F)C(F)(F)F)cc5C4=O)cc3Br)cc1)C2=O,310.0
*C(=O)c1ccc2c(c1)Nc1cc(*)ccc1N2CC=CC,280.0
*C(=O)c1cccc(-c2ccc([Si](C)(C)c3ccc4c(c3)C(=O)N(*)C4=O)c(C)c2)c1,265.0
*C(=O)c1cccc(C(=O)NNC(=O)c2ccc(N3C(=O)c4ccc(*)cc4C3=O)cc2)c1,290.0
*C(=O)c1cccc(C(C)(C)c2ccc(*)c(CCCCCCCCCCCCCC)c2)c1,45.0
*C(=O)c1cccc(CSC(=O)CCCOc2ccc(C(C)(CCCC)c3ccc(*)cc3)cc2)c1,15.0
*C(=O)c1cccc(Cl)c1C(=O)NC(=O)C(*)Cl,180.0
*C(=O)c1cccc(NC(=O)/C=C/C(=O)Nc2ccc(NC(=O)C(=O)NNC(=O)c3ccc4c(c3)C(=O)N(*)C4=O)cc2)c1,285.0
*C(=O)c1cccc(Oc2ccc(/C=N/c3ccc(N=*)cc3)cc2)c1,160.0
*C(=O)c1cccc(S(=O)(=O)c2cccnc2NC(=O)c2cccc(C(=O)Nc3cccc(*)n3)c2)c1,280.0
*C(=O)c1ccccc1OCc1cc(*)c(Cl)cc1C,105.0
*C(=O)c1ccccc1[Si](*)(c1ccccc1)c1ccccc1,150.0
*C(=S)/C=C/C=C(/*)c1ccc(OCC)cc1,85.0
*C(=S)C(*)c1cc(C)cc(C)c1C,120.0
*C(=S)C(*)c1ccc(O)cc1,120.0
*C(=S)C/C=C/C(*)C=C,-20.0
*C(=S)N(*)C(=O)C1(C)CC1C,130.0
*C(=S)N(*)CCOCC(OC)C(C)Cl,15.0
*C(=S)N1CCN(CCC(=O)N(*)CC)C1=O,90.0
*C(=S)Nc1ccc(NC(=O)c2ccc(*)cc2)cc1,210.0
*C(C#N)=C(*)CCc1ccccc1,90.0
*C(C#N)=C(*)c1ccc(Br)cc1,180.0
*C(C#N)C(*)C(=O)O,150.0
*C(C(=O)O)C(*)(C)C(=O)NCc1cccc(CO)c1,160.0
*C(C(=O)OC)[Si](*)(C)C,45.0
*C(C)C(*)(C)C(=O)OC(F)(CO)COC(=O)OCCCCCC1CCCCC1,25.0
*C(C)C(*)(C)C(=O)OCCC[N+](C)(C)CCCC,90.0
*C(C)C(*)C,-20.0
*C(C)C(*)C(=O)OC(CO)COCC,-25.0
*C(C)C(*)C(=O)OCCCCCCCCCCOc1ccc(/N=N/c2ccc(OC)cc2)cc1C,10.0
*C(C)C(*)C(=O)OCC[N+](C)(C)CCOC(F)(F)C(F)(F)C(F)(F)C(F)(F)F,65.0
*C(C)C(*)CCCCCS(=O)(=O)Cl,-20.0
*C(C)C(=*)CCCOc1ccccc1C(=O)O,45.0
*C(C)C(C)C(*)(C)C(=O)OC(CC)CCOc1ccccc1,-20.0
*C(C)C(C)C(*)C(=O)CC(F)(F)C(F)(F)C(F)(F)F,55.0
*C(C)C(C=*)C(C)C,30.0
*C(C)CC(C)CNC(=O)CCCCCOC(=O)NC(=O)C(=O)NC(CS(*)(=O)=O)C(=O)OCc1ccc(CC)cc1,45.0
*C(C)COC(*)C(F)(F)C(F)(F)C(F)(F)C(F)(F)C(F)F,-20.0
*C(C=C)C(*)(C)C(=O)OC(C)CC,45.0
*C(CC(=O)OC(CO)CCCCCCO)S(*)(=O)=O,-20.0
*C(CC)C(*)(C)C(=O)OC(C)C(C)C,45.0
*C(CC)CN(*)C(C)C,-20.0
*C(CCC)C(CCC)C(*)C(=O)[O][Na],120.0
*C(CCC)N(*)[Si](C)(C)C,-60.0
*C(CCCC(=O)OC)C(*)OC=C,-20.0
*C(CCCCCC)C(*)OCCC(C)C,-45.0
*C(Cl)=C(*)OC(C)C(Cl)C(=O)OCC[Si](C)(C)CCCC,20.0
*C(Cl)=C(*)c1ccc(F)cc1,110.0
*C(Cl)C#C[Si](*)(Cl)Cl,90.0
*C(Cl)C(*)(F)C(F)(F)C(F)(F)C(F)(F)C(F)(F)C(F)(F)C(F)(F)C(F)(F)C(F)(F)F,65.0
*C(Cl)C(*)C(C)C,50.0
*C(F)(F)C(*)(Cl)N(CC(F)(F)F)C(F)(F)F,90.0
*C(F)(F)C(*)(F)C([2H])([2H])[2H],60.0
*C(F)(F)C(*)(F)OC(=O)N(C)C,65.0
*C(F)(F)C1(*)CC(C)(CC)C1,90.0
*C(F)(F)[PH](*)([2H])OC(F)(F)F,-20.0
*C(OCCCC)c1ccc(C(*)OC(C)(C)C)cc1,65.0
*C([2H])(Cl)C(*)(C)C([2H])(F)C(F)(F)C(F)F,85.0
*C([2H])(Cl)c1ccc([Si](*)(C)C)cc1,90.0
*C([2H])=N[Si](*)(C)CCC,-40.0
*C([2H])C(*)(C([2H])=O)C(=O)OCC(F)(F)C(F)(F)C(F)(F)C(F)(F)C(F)(F)C(F)(F)C(F)(F)C(F)(F)F,55.0
*C([2H])C(*)(C)CC,-20.0
*C([2H])C(*)(Cl)c1ccc(O)c(O)c1,130.0
*C([2H])C(*)C([2H])(F)C(F)(F)C(F)(F)C(F)(F)F,45.0
*C(c1ccccc1)C(CC)CCC(=O)NCCCCC[N-]N=*,15.0
*C/C(=N\c1ccc(OC)cc1)C(=C)O*,140.0
*C/C(C)=C(/*)CSCCN(C)C(=O)OC,-10.0
*C/C=C(/*)C#CCCc1ccc(C#N)cc1,85.0
*C/C=C(/*)C(CCC)CCCC,-60.0
*C/C=C(/*)CC(C)(C)CCC,-40.0
*C/C=C(/*)CCCCOc1ccc(OCCCCCCCCCCCC)cc1,-40.0
*C/C=C(/*)CCCOC(=O)c1ccccc1C(=O)O,-20.0
*C/C=C(/*)CCCOc1ccc(-c2ccc(C(=O)Cc3ccccc3)cc2)cc1,15.0
*C/C=C(/*)CCCOc1ccc(C(=O)OC(C)CCC)cc1,-20.0
*C/C=C(/*)COC(C)COCC,-60.0
*C/C=C(/*)NC=C,50.0
*C/C=C(/*)c1cc(C(=O)OC)ccc1C(=O)O,130.0
*C/C=C(\C#*)COC(=O)Nc1ccc(Sc2ccc(C)cc2)cc1,85.0
*C/C=C(\C#N)C=*,100.0
*C/C=C(\C)C(=O)O*,65.0
*C/C=C(\C)C(C*)CC,-30.0
*C/C=C/C(*)C(=O)OCCCCCCCC,-50.0
*C/C=C/C(=C=*)C#N,120.0
*C/C=C/C(C#N)C(=O)NCCCC(=O)NCCCCCNC(=O)CO*,45.0
*C/C=C/C(C)(C)COC(=O)N1CCCCN1*,45.0
*C/C=C/C(C)C(C)(C)CCO*,-30.0
*C/C=C/C(C*)=C(Sc1ccccc1)C(C)(c1ccccc1)c1ccccc1Br,95.0
*C/C=C/C(CO)CN(*)c1ccc(C2=CC=Cc3ccccc3O2)cc1,95.0
*C/C=C/C(OC)C(*)=O,45.0
*C/C=C/C/C=C(/*)CCCCOc1ccc(-c2ccc(OCCCC)cc2)cc1,10.0
*C/C=C/C/C=C/C(=*)C,-40.0
*C/C=C/C1CC(*)S1,-20.0
*C/C=C/C=C(*)c1ccc([N+](=O)[O-])cc1,110.0
*C/C=C/C=C/C(*)S(=O)(=O)c1ccc(OC)cc1,85.0
*C/C=C/C=C/C=C/C=C/C=C/C=C/C=C(/*)C(C)NCC,95.0
*C/C=C/C=C/CC=CC=*,-30.0
*C/C=C/C=N/CCCCCCS[SH]*,-30.0
*C/C=C/CC/C=C(/*)C(C)=O,-20.0
*C/C=C/CC/C=C/C(C)(C)CNC(=O)CCCCCCCCC(=O)N*,-30.0
*C/C=C/CCC(CC)COC(=O)c1ccc(C(=O)O*)cc1,-20.0
*C/C=C/CCCC/C=C/CCC(=O)O*,-50.0
*C/C=C/CCCCC/C=C(/*)C(C)(C)CCC,-50.0
*C/C=C/CCCCCCNC(=O)CCCCCO*,-40.0
*C/C=C/COC(=O)NCc1ccc(C)c(NCC(=O)O*)c1,45.0
*C/C=C/COC(=O)Nc1ccc(NC(=O)O*)cc1,90.0
*C/C=C/C[PH](C)(C)CC(*)(C)C,-40.0
*C/C=C/C[Se]C(=O)NNC(=O)CCCCCCC(=O)N(*)C,25.0
*C/C=C/Cc1cccc(C#CC(*)=O)c1,45.0
*C/C=C/c1cc(COCCCCCC)c(*)cc1-c1ccccc1,45.0
*C/C=C/c1cc(OCCCCCCCCCCCCCC)cc(S(=O)(=O)c2ccc(OCCN(CCC)c3ccc(*)nc3)cc2)c1,-10.0
*C/C=C/c1ccc(-c2ccc(*)s2)o1,95.0
*C/C=C/c1ccc(/C=C/c2ccc([Si](C)(C)CCC(O*)OC(=O)c3ccc(OCCCCCCCCCC)cc3)cc2)cc1,-20.0
*C/C=C/c1ccc(/C=N/c2ccc(*)o2)c(C)c1CCCCCC,65.0
*C/C=C/c1ccc(/N=C/c2ccc(N=*)cc2Sc2ccc(-c3ccc(O)cc3)cc2)cc1,210.0
*C/C=N/C(CC(=O)O)C(*)S,65.0
*C/C=N/NC(=O)CCCCCCCCOC(=O)c1ccc(C(=O)N*)cc1,35.0
*C/N=C(\*)c1ccc(CO)cc1,90.0
*C/N=N/c1ccc(/C=C/c2ccc(N=*)cc2)cc1,180.0
*C1=CC(N=Cc2ccc(OCCCCC)c(*)c2)C1=O,130.0
*C1=CC=C(C(=O)OCCCCCCOC(=O)c2ccc3c(c2)C(=O)N(*)C3=O)Cc2ccccc21,130.0
*C1=CC=C2NC(=C1)c1nc3cc(*)[nH]c3cc1N2,350.0
*C1=CC=NC(*)C(c2ccccc2)c2ccccc21,230.0
*C1=COC(COC(=O)CCCCCC(=O)OCC(*)C=C(C)C)CC(C)(C)C1,-30.0
*C1=CO[Si](*)(C#N)C1=O,120.0
*C1=C[N+]=C(c2cc(CCCCCCCCCC)c(*)s2)C(COCCCCCCCCCC)=C1OCCCCCCCCCCCC,-30.0
*C1=Nc2ccccc2N=NC=C1c1ccc(-c2ccc(*)cc2)cc1,280.0
*C1C(=O)OC(=O)C2CC3CC4CC(C3)C(C(=O)N(C(C)[Si]c3ccccc3)N(c3ccccc3)C3C(=O)N(c5ccc(Cl)cc5)C(=O)C3*)C(C4)C12,275.0
*C1C=C(C#N)N(CC)C(C)CCN(*)C(C)C1,90.0
*C1C=C(OC(C)=O)C1*,90.0
*C1CCC(=O)C1=C(C#N)N(*)C(F)(F)F,145.0
*C1CCCC[PH]1*,90.0
*C1CCN(*)C1(C)CC,90.0
*C1COC1(*)C=C,50.0
*C1CP(=O)(NC(=O)c2ccc(C(=O)OCC)cc2)C1*,130.0
*C=C(*)/C=C/c1ccc(C(=O)O)cc1,150.0
*C=C(*)C(=O)OCCCCCOc1ccc(OC(=O)c2ccc(OCC(C)CC)cc2)cc1,15.0
*C=C(*)CCCCCC[N+](C)(C)C,-30.0
*C=C(*)C[N+](C)(C)C,130.0
*C=C(*)NS[Si](C)(C)OC,-20.0
*C=C(C#N)C#C[Si](C)(C)O[Si](C)(C)O[Si](C)(C)O[Si](C)(C)c1ccc(*)cc1,-20.0
*C=C(C#N)C(*)=O,120.0
*C=C(C#N)CC[SH](COC(C)=O)O*,45.0
*C=C(C#N)COC(=O)C(=O)OCCCCCCOc1c(C)cc(Cc2cc(NC(=O)OCC(C)(C)C)c(*)s2)cc1OCCCCCCCCCCCCCCCCCCCC,-30.0
*C=C(C#N)COC(=O)c1ccc(C(C)(C)c2ccc(C(=O)O*)c(C)c2)cc1C#N,165.0
*C=C(C#N)CSC(=O)NCCCCCCNC(=O)SNC(=O)c1cccc(/N=N/c2ccc(S(=O)(=O)c3ccc(*)s3)s2)c1,95.0
*C=C(C#N)S*,190.0
*C=C(CC(*)=O)C(=O)OCCCCCCCC,-60.0
*C=C(CCc1ccc(*)cc1)OC(C)=O,40.0
*C=C(CO)CC(O)C(=O)O*,85.0
*C=C(O*)C(C)C(C)C,45.0
*C=C=C(C#CNC(=O)c1ccc(C(=O)NNC(=O)C(O)COc2ccc(C(=O)Nc3cccc(*)c3)cc2)cc1)c1ccc(OC)cc1,165.0
*C=Cc1ccc(*)cc1-c1ccccc1,145.0
*CC#CC#CC#Cc1cc(OC(=O)COc2ccc(/C=C/c3ccc(OC#N)cc3)cc2)ccc1*,140.0
*CC#CC#CC/C=C(/*)Cc1c(Cl)cccc1Cl,65.0
*CC#CC#CCCCCCc1nnc(*)n1CCCCCCCC,-20.0
*CC#CC#CCOC(=O)CCCCCCCCCCCCCCC(=O)O*,-45.0
*CC#CC#CCOc1ccc(C(=O)CNc2ccc(O*)cc2)cc1,85.0
*CC#CC#C[Si](*)(c1ccccc1)c1ccc(Cl)cc1,65.0
*CC#CC(=O)NCCCCCCO*,20.0
*CC#CC(C)C(C)C(*)C,45.0
*CC#CCCCCCCCOC(=O)c1cccc(C(CCCCCCCCC(=O)OCCCCCC)c2ccc(C(=O)O*)cc2)c1,-25.0
*CC#CCCCCCCCOc1ccc(/C=C/c2ccc(-c3cc(OCCCCCCCCCC)c(*)cc3OCCCCCC)cc2)cc1,10.0
*CC#CCCCOCCOCCOCCOC(=O)CCCSCCCCCC(=O)O*,-50.0
*CC#CCCNC(=O)CCCCCCCCCCCCCCCCC(=O)NCCCCCCCNC(=O)CO*,-20.0
*CC#CCOC(=O)CCOCCCSCC(=O)O*,-30.0
*CC#CCOC(=O)Cc1ccc(CNC(=O)CCCCCCC(=O)O*)cc1,15.0
*CC#CCOC(=O)OCCCCCCOC(=O)O*,-30.0
*CC#CCOC(=O)SCCC1CCC(C)N(*)CC1,15.0
*CC#CCOC(=O)c1cc(NC(=O)OCCCCCCOc2ccc(O*)cc2)ccc1Oc1ccc(/N=N/c2ccccc2)cc1,65.0
*CC#CCOc1ccc(CCCNC(=O)CC(=O)Nc2ccc(*)nc2)cc1,65.0
*CC#CCOc1ccc(OC(=O)CCC/C=C/c2ccc(C(=O)O*)c(OC)c2)cc1,45.0
*CC#CCS(=O)(=O)CCCOC(=O)CCCCCCCCC(=O)O*,-20.0
*CC#CC[Si](*)(CC(C)C)c1ccc(C(=O)OCC)cc1,15.0
*CC#C[Si](C)(C)CCCCOC(=O)c1ccc(C(=O)N*)c(OC)c1,45.0
*CC#Cc1ccc(OCCCCCCCCCCOc2ccc(/C=N/c3ccc([N+](=O)[O-])cc3)cc2)cc1*,45.0
*CC#Cc1cccc(CCCCC(=O)O*)c1,25.0
*CC(*)(C#C)C(=O)OCCOCCOCCOCCOC,-50.0
*CC(*)(C#N)C(=O)OC(F)(F)C(F)(F)C(F)(F)C(F)(F)C(F)(F)C(F)(F)C(F)(F)F,65.0
*CC(*)(C#N)C(=O)OC1CCCCC1,140.0
*CC(*)(C#N)C(=O)OCCCCCCCCOc1ccc(-c2ccc(C(=O)OCCOCCOCCOC)cc2)cc1,5.0
*CC(*)(C#N)C(=O)OCCCN(CCCCC)c1ccc(/N=N/c2ccc(C#N)cc2)cc1,90.0
*CC(*)(C#N)C(=O)OCOc1c(Cl)ccnc1Cl,110.0
*CC(*)(C#N)C(=O)Oc1ccc(C)cc1I,150.0
*CC(*)(C#N)C(=O)Oc1ccccc1C,130.0
*CC(*)(C#N)C(C)C(F)(F)F,130.0
*CC(*)(C#N)CCNC(=O)NCCC(C)(C)C,65.0
*CC(*)(C(=O)OCC)C(=O)OCCCOc1cccc(C(F)(F)F)c1,45.0
*CC(*)(C(=O)OCCCC)C(=O)OCCC[N+](CC)(CC)CCCC,30.0
*CC(*)(C(=O)OCCCC)C(=O)Oc1ccccc1,55.0
*CC(*)(C(=O)OCc1ccccc1)C(=O)OC(C)C,60.0
*CC(*)(C)C(=O)C(C#N)=C(C(=O)O)C(=O)OCCCCCCC,50.0
*CC(*)(C)C(=O)CC(C)(CC)COCCCCCCCC,-40.0
*CC(*)(C)C(=O)N(CCCCC#N)CCCCCC,-20.0
*CC(*)(C)C(=O)N(CCl)c1ccncc1,150.0
*CC(*)(C)C(=O)N1CCC(C)(C)C1,160.0
*CC(*)(C)C(=O)NC(C)(CC(=O)OCC)C(=O)OCC(F)(F)C(F)(F)OC(F)=C(COCC(F)(F)C(F)(F)C(F)(F)C(F)(F)C(F)(F)C(F)(F)C(F)(F)F)OC,85.0
*CC(*)(C)C(=O)NC(C)(CC)CC,120.0
*CC(*)(C)C(=O)NC(C)(CC=C)CCCC,80.0
*CC(*)(C)C(=O)NC(C)C(=O)OCCOCCOCCOCCOC,-30.0
*CC(*)(C)C(=O)NC(C)CC(CC)(CC)CC,120.0
*CC(*)(C)C(=O)NC(C)OC(=O)c1ccc(OC)cc1,140.0
*CC(*)(C)C(=O)NC(CC)(CCC)CCCC,80.0
*CC(*)(C)C(=O)NC(CC)(CCCC)C(=O)O,120.0
*CC(*)(C)C(=O)NC(CC)CCCN(C)c1ccc(C)cc1,85.0
*CC(*)(C)C(=O)NC(CCCC)C(=O)OCC/C=C/CCCCCC,-20.0
*CC(*)(C)C(=O)NCC(=O)OC(CO)CCCCCCO,45.0
*CC(*)(C)C(=O)NCC(C#N)=[SH]N(C)Cl,130.0
*CC(*)(C)C(=O)NCCC(C)(C)CCCC(=O)OCCC,40.0
*CC(*)(C)C(=O)NCCCCCC(=O)OCCCCCCCCCCCCCC,-30.0
*CC(*)(C)C(=O)NCCCCCCC(=O)OCCCC,40.0
*CC(*)(C)C(=O)NCCCCCCCCCN(Cl)c1ccc([Si](C)(C)OC)cc1,25.0
*CC(*)(C)C(=O)NCCCCCCCCOCCN(C)c1ccc(/N=N/c2ccc([N+](=O)[O-])cc2C)cc1,45.0
*CC(*)(C)C(=O)NCCCCCCOc1ccc(OC(=O)c2ccc(OC)cc2)cc1,45.0
*CC(*)(C)C(=O)NCCCCOCCOCCCC,-30.0
*CC(*)(C)C(=O)NCCSSCCCCOCCCC,-20.0
*CC(*)(C)C(=O)NCN(CCC)c1ccc(Br)cc1,120.0
*CC(*)(C)C(=O)NCc1ccc(CC)cc1,110.0
*CC(*)(C)C(=O)NNC(=O)c1ccc(Cl)cc1C(C)C,160.0
*CC(*)(C)C(=O)Nc1cc(OCCCC)ccc1C,120.0
*CC(*)(C)C(=O)Nc1ccc(OCCCC)cc1,130.0
*CC(*)(C)C(=O)O/C=C/C=C/C=C(Cl)C#N,120.0
*CC(*)(C)C(=O)OC#CCc1ccc(C)c(OCCC)c1,85.0
*CC(*)(C)C(=O)OC(=O)c1ccc(Cl)cc1,130.0
*CC(*)(C)C(=O)OC(=O)c1ccc([Si](C)(C)C)cc1,120.0
*CC(*)(C)C(=O)OC(C)(C)CC(O)COc1ccc(-c2ccc([N+](=O)[O-])cc2)cc1,110.0
*CC(*)(C)C(=O)OC(C)(CC)OC,55.0
*CC(*)(C)C(=O)OC(C)C(C)CCCCOC(C)CC,-30.0
*CC(*)(C)C(=O)OC(C)C(O)C(O)CO,70.0
*CC(*)(C)C(=O)OC(C)CCC(=O)OCCCCCCCC,-40.0
*CC(*)(C)C(=O)OC(C)CCC(F)(F)C(F)(F)F,45.0
*CC(*)(C)C(=O)OC(C)CCCCCCCBr,-25.0
*CC(*)(C)C(=O)OC(C)CCCCOCCOCCOC,-50.0
*CC(*)(C)C(=O)OC(C)CCOC(F)(OCC(F)(F)C(F)(F)C(F)(F)C(F)(F)C(F)F)OC(C)=O,30.0
*CC(*)(C)C(=O)OC(C)CCc1ccc(/N=N/c2ccc(/N=N/c3ccc(F)cc3)cc2)cc1,90.0
*CC(*)(C)C(=O)OC(C)CCl,45.0
*CC(*)(C)C(=O)OC(C)CNC(=O)OCC,30.0
*CC(*)(C)C(=O)OC(C)COc1ccc(-c2cc(C)c(OC)cc2OCC(CC)CCCC)cc1,45.0
*CC(*)(C)C(=O)OC(C)COc1ccc(-c2ccc(OCCCCCCCCCCCC)cc2)cc1,10.0
*CC(*)(C)C(=O)OC(C)OC(Cl)Cl,60.0
*CC(*)(C)C(=O)OC(C)c1ccc(Oc2ccc(C#N)cc2)cc1,120.0
*CC(*)(C)C(=O)OC(CC(N)C#N)c1ccc(/N=N/c2ccc([N+](=O)[O-])cc2)cc1,130.0
*CC(*)(C)C(=O)OC(CC)CCCN(C)C,-30.0
*CC(*)(C)C(=O)OC(CCCC)C(CCCCCC)CCCCCC,-55.0
*CC(*)(C)C(=O)OC(CCCC)CCSC,-30.0
*CC(*)(C)C(=O)OC(CCCCCC)CC(C)(C)C,-20.0
*CC(*)(C)C(=O)OC(CO)OCCSCCCC,-20.0
*CC(*)(C)C(=O)OC(COc1ccc(/N=N/c2ccc([N+](=O)[O-])cc2)cc1)c1ccccc1,110.0
*CC(*)(C)C(=O)OC(COc1ccc(Oc2ccc([N+](=O)[O-])cc2)cc1)c1cc(O)cc(Cl)c1,115.0
*CC(*)(C)C(=O)OC(F)(F)C(F)(F)C(F)(F)C(F)(F)C(F)(F)C(F)(F)C(F)(F)C(F)(F)C(F)(F)C(F)(F)C(F)(F)C(F)(F)C(F)(F)F,60.0
*CC(*)(C)C(=O)OC(O)C(F)(F)C(F)(F)C(F)(F)C(F)(F)C(F)(F)C(F)(F)C(F)(F)F,70.0
*CC(*)(C)C(=O)OC(OC(F)F)C(=O)Oc1ccc([Si](C)(C)C)cc1,95.0
*CC(*)(C)C(=O)OC1(C)NC(C)(C)C(O)C1O,130.0
*CC(*)(C)C(=O)OC1CCCC1(C)CC,90.0
*CC(*)(C)C(=O)OC1CCCCCCCCO1,-20.0
*CC(*)(C)C(=O)OC1CCCN1C(=O)NC(=O)NCc1ccc(C)s1,145.0
*CC(*)(C)C(=O)OC1CCOC(CO)C1,60.0
*CC(*)(C)C(=O)OCC#CC(COc1ccc(/C=N/c2ccc(Br)cc2)cc1)c1ccc(/N=C/c2ccc([N+](=O)[N+](C)(C#N)Cc3ccc([N+](=O)O)cc3)cc2)c(C(=O)OCCCCCCCC)c1,95.0
*CC(*)(C)C(=O)OCC(=O)OCCCCCCCCCCCCCCOc1ccc(OC(F)(F)c2ccccc2)cc1,-10.0
*CC(*)(C)C(=O)OCC(=O)OCCOCCOc1ccc(/N=N/c2ccc([N+](=O)[O-])cc2C)cc1,45.0
*CC(*)(C)C(=O)OCC(C)(C)COC(C)=O,40.0
*CC(*)(C)C(=O)OCC(C)(CC)COC(C)C(C)Cl,45.0
*CC(*)(C)C(=O)OCC(C)CCC(C)(C)CO,-10.0
*CC(*)(C)C(=O)OCC(C)CCCCOc1ccc(/C=N/c2ccc(OCCCCCCCC)cc2)cc1,-5.0
*CC(*)(C)C(=O)OCC(C)CCCOC(C)C,-20.0
*CC(*)(C)C(=O)OCC(C)NC(=O)c1ccc(F)cc1,95.0
*CC(*)(C)C(=O)OCC(C)NC(OC)c1cccnc1,95.0
*CC(*)(C)C(=O)OCC(C)OC(=O)Cl,60.0
*CC(*)(C)C(=O)OCC(C)Oc1ccc(C(=O)c2ccc(Cl)cc2)cc1,60.0
*CC(*)(C)C(=O)OCC(C)Oc1ccc(OCc2ccc(-c3ccc([N+](=O)[O-])cc3)cc2)cc1,85.0
*CC(*)(C)C(=O)OCC(CC)(CC)CCCCCCOc1ccc(/N=N/c2ccc(C#N)cc2)cc1,40.0
*CC(*)(C)C(=O)OCC(CC)(CC)CCOC(F)(F)F,40.0
*CC(*)(C)C(=O)OCC(CCC)C(C)CC,-35.0
*CC(*)(C)C(=O)OCC(CO)COCc1ccccc1,45.0
*CC(*)(C)C(=O)OCC(COCCOC(=O)OCC)C(CC)CCCC,-35.0
*CC(*)(C)C(=O)OCC(Cc1ccccc1)C(=O)Oc1ccc(C(F)(F)C(F)(F)F)cc1,90.0
*CC(*)(C)C(=O)OCC(F)(F)C(F)(F)C(F)(F)C(F)(F)C(F)(F)NOC(F)(F)C(F)(F)F,55.0
*CC(*)(C)C(=O)OCC(F)(F)COc1ccc(C(=O)Oc2ccc(OC)cc2)cc1,85.0
*CC(*)(C)C(=O)OCC(O)C(C)O,65.0
*CC(*)(C)C(=O)OCC([2H])(Cl)c1ccccc1,65.0
*CC(*)(C)C(=O)OCC/C=C/C(=O)OC(F)(F)C(F)(F)C(F)(F)C(F)(F)C(F)(F)C(F)(F)C(F)(F)C(F)(F)C(F)(F)C(F)(F)C(F)(F)F,45.0
*CC(*)(C)C(=O)OCC1(C)CCCOC(C)(C)C1,80.0
*CC(*)(C)C(=O)OCC1COCC(O)OC1,80.0
*CC(*)(C)C(=O)OCC=CCCCCOc1ccc(OC(=O)c2cc(Cl)ccc2C)cc1,15.0
*CC(*)(C)C(=O)OCCC(=O)NC(C)C,55.0
*CC(*)(C)C(=O)OCCC(C)CCCC(C)C,-50.0
*CC(*)(C)C(=O)OCCC(CC)OCCOC,-40.0
*CC(*)(C)C(=O)OCCC(CCl)CN(C)C,20.0
*CC(*)(C)C(=O)OCCC(CO)CO,40.0
*CC(*)(C)C(=O)OCCC(Cl)C(=O)OCC1CCC1,45.0
*CC(*)(C)C(=O)OCCC(F)(F)C(F)(F)C(F)(F)C(F)(F)C(F)(F)C(F)(F)OC(F)(F)F,40.0
*CC(*)(C)C(=O)OCCC(O)CO,15.0
*CC(*)(C)C(=O)OCCC1CCCCC[N+]1,150.0
*CC(*)(C)C(=O)OCCC=C1C=CC(C(=O)N(C)C)C1,85.0
*CC(*)(C)C(=O)OCCCC(C)CCCC,-40.0
*CC(*)(C)C(=O)OCCCCC(=O)N(C[Si](C)(C)C)c1ccccc1,15.0
*CC(*)(C)C(=O)OCCCCC(=O)Oc1ccc(S(=O)(=O)c2ccc(OC)cc2)cc1,45.0
*CC(*)(C)C(=O)OCCCCC(C)C(=O)OC,-20.0
*CC(*)(C)C(=O)OCCCCC(O)C(F)(F)C(F)(F)C(F)(F)F,45.0
*CC(*)(C)C(=O)OCCCCCC#Cc1ccccc1,20.0
*CC(*)(C)C(=O)OCCCCCC(=O)Oc1ccc(C(=O)Oc2ccc(OC(=O)c3ccc(OCCOCCOCCOCCOCCOCCOCCOCCOCCOCCOCC)cc3)cc2)cc1,-20.0
*CC(*)(C)C(=O)OCCCCCC(=O)Oc1ccc(CN(C)CC)cc1,15.0
*CC(*)(C)C(=O)OCCCCCC(=O)Oc1ccc(OC(=O)c2ccc(/N=N/c3ccc(OC)cc3)cc2)cc1,45.0
*CC(*)(C)C(=O)OCCCCCCCC(=O)Nc1ccc(/N=N/c2ccc(C#N)cc2)cc1,65.0
*CC(*)(C)C(=O)OCCCCCCCC(=O)Nc1ccc(/N=N\c2ccc(Cl)cc2)cc1,45.0
*CC(*)(C)C(=O)OCCCCCCCC(F)(F)C(F)(F)C(F)(F)C(F)(F)C(F)(F)C(F)(F)C(F)(F)C(F)(F)C(F)(F)C(F)(F)C(F)(F)C(F)(F)C(F)(F)F,5.0
*CC(*)(C)C(=O)OCCCCCCCCC#CCOC(=O)Oc1ccc(-c2ccc(Cl)cc2)cc1,45.0
*CC(*)(C)C(=O)OCCCCCCCCC(=O)O,-30.0
*CC(*)(C)C(=O)OCCCCCCCCC(=O)OC(F)(F)C(F)(F)C(F)(F)C(F)(F)C(F)(F)C(F)(F)C(F)(F)C(F)(F)C(F)(F)F,-30.0
*CC(*)(C)C(=O)OCCCCCCCCC(=O)OCCOc1ccc(/N=N/c2ccc(C#N)cc2)cc1,40.0
*CC(*)(C)C(=O)OCCCCCCCCCCCCCCBr,-40.0
*CC(*)(C)C(=O)OCCCCCCCCCCCCCCC(=O)N(C)CCC,-40.0
*CC(*)(C)C(=O)OCCCCCCCCCCCCCCCCOC(=O)c1ccc(OC(=O)c2ccc(OCC(C)CC)cc2)cc1,-20.0
*CC(*)(C)C(=O)OCCCCCCCCCCCCCCCCOc1ccc(C(=O)Oc2ccc(C(=O)Oc3ccc(OC(=O)c4ccc(/N=N/c5ccc(OCCCC)cc5)cc4)cc3)cc2)cc1,40.0
*CC(*)(C)C(=O)OCCCCCCCCCCCCCCCOc1ccc(-c2ccc(-c3ccc(C#C)cc3)cc2)cc1,40.0
*CC(*)(C)C(=O)OCCCCCCCCCCCCCCCOc1ccc(-c2ccc(OC(=O)CCCCCCCCCCCC)cc2)cc1,-30.0
*CC(*)(C)C(=O)OCCCCCCCCCCCCCCCOc1ccc(OC(=O)c2cccc(OCCCCCCCC)c2)cc1,-20.0
*CC(*)(C)C(=O)OCCCCCCCCCCCCCCOC(=O)c1ccc(-c2ccc(OCC=C)cc2)cc1,-20.0
*CC(*)(C)C(=O)OCCCCCCCCCCCCCCOc1ccc(-n2on2-c2cccc(Cl)c2)cc1,-20.0
*CC(*)(C)C(=O)OCCCCCCCCCCCCCCOc1ccc(/N=N/c2ccc(-c3ccc(OCC)cc3)cc2)cc1,40.0
*CC(*)(C)C(=O)OCCCCCCCCCCCCCCOc1ccc(/N=N/c2ccc(OCCCCC)cc2)cc1,-20.0
*CC(*)(C)C(=O)OCCCCCCCCCCCCCCOc1ccc(C(=O)Oc2ccc(-c3ccc(OC(=O)c4ccc(C(=O)OC(C)=O)cc4)cc3)cc2)cc1,10.0
*CC(*)(C)C(=O)OCCCCCCCCCCCCCCOc1ccc(OC(=O)Cc2ccc(Br)cc2)cc1,-20.0
*CC(*)(C)C(=O)OCCCCCCCCCCCCCC[N+](C)(C)C,-20.0
*CC(*)(C)C(=O)OCCCCCCCCCCCCCOc1ccc(-c2ccc(C(=O)c3ccc(/C=C/c4ccc(OCCCCCCC)cc4)cc3)cc2)cc1,-10.0
*CC(*)(C)C(=O)OCCCCCCCCCCCCCOc1ccc(-c2ccc(OC(=O)c3ccc(OC(C)=O)cc3)cc2)cc1,-20.0
*CC(*)(C)C(=O)OCCCCCCCCCCCCCOc1ccc(-c2ccc([Si](C)(C)C)cc2)cc1,-20.0
*CC(*)(C)C(=O)OCCCCCCCCCCCCCOc1ccc(OC(=O)c2ccc(OCCOCCOCCCCCC)cc2)cc1,-20.0
*CC(*)(C)C(=O)OCCCCCCCCCCCCN(C(=O)NC1CCCC1)C(=O)c1cccc(C(=O)OC)c1,15.0
*CC(*)(C)C(=O)OCCCCCCCCCCCCOC(=O)c1ccc(OC(=O)OCCC)cc1,-20.0
*CC(*)(C)C(=O)OCCCCCCCCCCCCOC(=O)c1ccc(OCCN(C)c2ccc([N+](=O)[O-])cc2)cc1,-20.0
*CC(*)(C)C(=O)OCCCCCCCCCCCCOc1ccc(-c2ccc(Cl)cc2)cc1,-10.0
*CC(*)(C)C(=O)OCCCCCCCCCCCCOc1ccc(/N=N/c2ccc(Cc3ccc(C#N)cc3)nc2)cc1,10.0
*CC(*)(C)C(=O)OCCCCCCCCCCCCOc1ccc(C(=O)/C=C/c2ccc(OC)cc2)cc1,-20.0
*CC(*)(C)C(=O)OCCCCCCCCCCCCOc1ccc(C(=O)Oc2ccc(C(=O)O)cc2)cc1,-20.0
*CC(*)(C)C(=O)OCCCCCCCCCCCCOc1ccc(C(=O)Oc2ccc(OCCCCCC)cc2)cc1,-10.0
*CC(*)(C)C(=O)OCCCCCCCCCCCCOc1ccc(OC(=O)c2ccc(OCCCCCCCCCC)cc2)cc1,-20.0
*CC(*)(C)C(=O)OCCCCCCCCCCCOc1ccc(-c2ccc(C(=O)Oc3ccc(C(=O)O)cc3)cc2)cc1,-5.0
*CC(*)(C)C(=O)OCCCCCCCCCCCOc1cccc(OC(=O)c2ccc(OCCOCCOC)cc2)c1,-25.0
*CC(*)(C)C(=O)OCCCCCCCCCCN(C)c1ccc(/N=N/c2ccc(/N=N/c3ccc([N+](=O)[O-])cc3)cc2)cc1,45.0
*CC(*)(C)C(=O)OCCCCCCCCCCOC(=O)Oc1ccc(OC(=O)C(O)COc2ccc(/N=N/c3ccc(C#N)cc3)cc2)cc1,35.0
*CC(*)(C)C(=O)OCCCCCCCCCCOC1=CC=C(/C=C2/CCC(C=C)CCC(C(C)C)C2)CC1,-20.0
*CC(*)(C)C(=O)OCCCCCCCCCCOc1ccc(-c2ccc(C(=O)Oc3ccc(OCC)cc3)cc2)cc1,10.0
*CC(*)(C)C(=O)OCCCCCCCCCCOc1ccc(-c2ccc(Cl)nc2)cc1,10.0
*CC(*)(C)C(=O)OCCCCCCCCCCOc1ccc(-c2ccc(OC(=O)c3ccc(OCCCCCC)cc3)cc2)cc1,-10.0
*CC(*)(C)C(=O)OCCCCCCCCCCOc1ccc(/C=C/c2ccc([N+](=O)[O-])cc2)cc1,10.0
*CC(*)(C)C(=O)OCCCCCCCCCCOc1ccc(/N=N/c2ccc(C(=O)OCCCCCCCCCC)cc2)cc1,10.0
*CC(*)(C)C(=O)OCCCCCCCCCCOc1ccc(C(=O)OC(C)Cc2ccc(OCCCCCCCCCC)cc2)cc1,-20.0
*CC(*)(C)C(=O)OCCCCCCCCCCOc1ccc(C(=O)Oc2ccc(/N=N/c3ccc(C)cc3)cc2)cc1,15.0
*CC(*)(C)C(=O)OCCCCCCCCCCOc1ccc(C(=O)Oc2ccc(COCCCCCCCC)cc2)cc1,-20.0
*CC(*)(C)C(=O)OCCCCCCCCCCOc1cccc(OC(=O)c2ccc(OCCCCCCCCC)cc2)c1,-20.0
*CC(*)(C)C(=O)OCCCCCCCCCOc1ccc(C(=O)Oc2ccc(C(=O)Oc3cccc(F)c3)cc2)c(F)c1,15.0
*CC(*)(C)C(=O)OCCCCCCCCCOc1ccc(C(=O)c2ccc(OCCCC)cc2)cc1,-10.0
*CC(*)(C)C(=O)OCCCCCCCCCOc1ccc(OC(=O)c2ccc(OCCCCCCC)cc2)cc1,-20.0
*CC(*)(C)C(=O)OCCCCCCCCCOc1ccc(OCC(C)CCC)cc1,-20.0
*CC(*)(C)C(=O)OCCCCCCCCC[N+](C)=O,-30.0
*CC(*)(C)C(=O)OCCCCCCCCOC(=O)OC,-20.0
*CC(*)(C)C(=O)OCCCCCCCCOC(=O)c1c(C)cc(C(C)(C)C)cc1O,-10.0
*CC(*)(C)C(=O)OCCCCCCCCOc1ccc(-c2ccc([N+](=O)[O-])cc2C)cn1,15.0
*CC(*)(C)C(=O)OCCCCCCCCOc1ccc(OCc2ccc(Br)cc2)cc1,-10.0
*CC(*)(C)C(=O)OCCCCCCCC[N+](C)(C)C#CC,-15.0
*CC(*)(C)C(=O)OCCCCCCCC[Si](C)(C)CCCOc1ccc(-c2ccc([N+](=O)[O-])cc2)cc1,-10.0
*CC(*)(C)C(=O)OCCCCCCCOC(=O)c1ccc(OC(=O)c2ccc(-c3ccccc3)cc2)cc1,45.0
*CC(*)(C)C(=O)OCCCCCCCOc1c(O)ccc(Br)c1[2H],-15.0
*CC(*)(C)C(=O)OCCCCCCCOc1ccc(C(=O)Nc2ccc(-c3ccc(OC(C)=O)cc3)cc2)cc1,65.0
*CC(*)(C)C(=O)OCCCCCCCOc1ccc(C(=O)Oc2ccc(OC(=O)c3ccc(OCCN(C)c4ccc(OC)cc4)cc3)cc2)cc1,45.0
*CC(*)(C)C(=O)OCCCCCCCOc1ccc(OC(=O)c2ccccc2Oc2ccc(Cl)cc2)cc1,15.0
*CC(*)(C)C(=O)OCCCCCCCS(=O)(=O)CCCC,-20.0
*CC(*)(C)C(=O)OCCCCCCN1CCC(F)C1C(=O)O,55.0
*CC(*)(C)C(=O)OCCCCCCN1CCN(C)C1,-30.0
*CC(*)(C)C(=O)OCCCCCCNC(=O)C(=O)NNC(=O)CCCO,45.0
*CC(*)(C)C(=O)OCCCCCCNCS(=O)(=O)[O][Na],45.0
*CC(*)(C)C(=O)OCCCCCCOC(=O)C(C)(C)C,-30.0
*CC(*)(C)C(=O)OCCCCCCOC(=O)c1cc(OC(=O)Oc2ccc(OC)cc2)ccc1C,45.0
*CC(*)(C)C(=O)OCCCCCCOC(=O)c1cc(OC(=O)c2ccc(OC)cc2)ccc1OCCCCCCCCCCOc1ccc(-c2ccc(OC)cc2)cc1,10.0
*CC(*)(C)C(=O)OCCCCCCOC(=O)c1ccc(C(=O)OCCBr)cc1,-10.0
*CC(*)(C)C(=O)OCCCCCCOC(=O)c1ccc(OC(=O)OCCC)cc1,20.0
*CC(*)(C)C(=O)OCCCCCCOCCOc1ccc(/N=N/c2ccc(OC)cc2)cc1,40.0
*CC(*)(C)C(=O)OCCCCCCOCCOc1ccc(C(=O)Nc2ccccc2)cc1,30.0
*CC(*)(C)C(=O)OCCCCCCOc1ccc(-c2ccc(C(=O)OCCCC)cc2)cc1,10.0
*CC(*)(C)C(=O)OCCCCCCOc1ccc(-c2ccc(OC(=O)c3ccc(OCCO)cc3)cc2)cc1,45.0
*CC(*)(C)C(=O)OCCCCCCOc1ccc(/C=C/c2ccc(OCC(=O)OC(C)CCC(=O)OCCBr)cc2)cc1,20.0
*CC(*)(C)C(=O)OCCCCCCOc1ccc(/C=C/c2ccc(OCc3ccc(OCC)cc3)cc2)cc1Br,40.0
*CC(*)(C)C(=O)OCCCCCCOc1ccc(/N=N/c2ccc(/N=N/c3ccc(OCCCCCC)cc3)cc2)cc1,50.0
*CC(*)(C)C(=O)OCCCCCCOc1ccc(/N=N/c2ccc(S(=O)(=O)Oc3ccc(C(C)(C)C)cc3)cc2)cc1,45.0
*CC(*)(C)C(=O)OCCCCCCOc1ccc(C(=O)NCCCCCCCCCCCC)cc1,-20.0
*CC(*)(C)C(=O)OCCCCCCOc1ccc(C(=O)OC(C)OC(C)(C)C)cc1,20.0
*CC(*)(C)C(=O)OCCCCCCOc1ccc(C(=O)OCCCCc2ccc(CCc3ccc(F)cc3)cc2)cc1,-10.0
*CC(*)(C)C(=O)OCCCCCCOc1ccc(C(=O)Oc2ccc(/C=C/C(=O)Nc3ccc(OC)cc3)cc2)cc1,65.0
*CC(*)(C)C(=O)OCCCCCCOc1ccc(C(=O)Oc2ccc(/N=N/c3ccc(C#N)cc3)cc2)cc1,60.0
*CC(*)(C)C(=O)OCCCCCCOc1ccc(C(=O)Oc2ccc(C(=O)Cc3ccc(OC(=O)CCCC(=O)[O][Na])cc3)cc2)cc1,45.0
*CC(*)(C)C(=O)OCCCCCCOc1ccc(C(=O)Oc2ccc(C(=O)O)cc2)c(O)c1,45.0
*CC(*)(C)C(=O)OCCCCCCOc1ccc(C(=O)Oc2ccc(C(=O)Oc3ccc(OC(=O)c4ccccc4)cc3)cc2)cc1,90.0
*CC(*)(C)C(=O)OCCCCCCOc1ccc(C(=O)Oc2ccc(OCC(C)C)cc2)cc1,15.0
*CC(*)(C)C(=O)OCCCCCCOc1ccc(C(=O)Oc2ccc(OCC)cc2)cc1,10.0
*CC(*)(C)C(=O)OCCCCCCOc1ccc(C(=O)Oc2cccc(C(=O)OC)c2)cc1,20.0
*CC(*)(C)C(=O)OCCCCCCOc1ccc(C(O)COc2ccc(/N=N/c3ccc(OCCCC)cc3)cc2)cc1,40.0
*CC(*)(C)C(=O)OCCCCCCOc1ccc(N(C)CC)cc1,-10.0
*CC(*)(C)C(=O)OCCCCCCOc1ccc(OC(=O)c2cc([N+](=O)[O-])c(OCCCC)cc2OCCCCCCCCCCCC)cc1,-20.0
*CC(*)(C)C(=O)OCCCCCCOc1ccc(OC(=O)c2ccc(NC(=O)OC(C)(C)C)cc2)cc1,45.0
*CC(*)(C)C(=O)OCCCCCCOc1ccc(OC(=O)c2ccc(OCCOCCOCCOCCOCCOCCOCCOCCOCCOCC)cc2)cc1,-30.0
*CC(*)(C)C(=O)OCCCCCCOc1ccc(OC(=O)c2ccc(OCCOc3ccc(-c4ccc(OCCCC)cc4)cc3)cc2)cc1,20.0
*CC(*)(C)C(=O)OCCCCCCOc1ccc(OCCCC)nc1,-20.0
*CC(*)(C)C(=O)OCCCCCCOc1ccc(OCCCc2ccc(OCc3ccccc3)cc2)cc1,-10.0
*CC(*)(C)C(=O)OCCCCCCOc1cccc(C(=O)Oc2ccc(OC(=O)c3ccc(OCCCC)cc3)cc2)c1,15.0
*CC(*)(C)C(=O)OCCCCCCc1ccc([Si](C)(C)O)cc1,-30.0
*CC(*)(C)C(=O)OCCCCCO[Si](C)(C)OCCCCCC,-60.0
*CC(*)(C)C(=O)OCCCCCOc1ccc(-c2ccc(OC(=O)c3ccc(OC(=O)c4ccc(OCC)cc4)cc3)cc2)nc1,45.0
*CC(*)(C)C(=O)OCCCCCOc1ccc(-c2ccc(OCCCC(CC)SCCCC)cc2)cc1,-10.0
*CC(*)(C)C(=O)OCCCCN(CCCC)C(=O)Cl,45.0
*CC(*)(C)C(=O)OCCCCOC(=O)N1CCCCC1N,45.0
*CC(*)(C)C(=O)OCCCCOC(=O)OC(F)(F)C(F)(F)C(F)(F)C(F)(F)Cl,40.0
*CC(*)(C)C(=O)OCCCCOC(=O)c1c(F)c(F)c(F)c(F)c1F,45.0
*CC(*)(C)C(=O)OCCCCOC(=O)c1ccc(C(=O)Nc2ccc(OCC(C)C)cc2)nc1,65.0
*CC(*)(C)C(=O)OCCCCOc1ccc(/C=C/C(=O)OC)cc1,40.0
*CC(*)(C)C(=O)OCCCCOc1ccc(/C=C/c2ccc(OC)cc2)cc1,60.0
*CC(*)(C)C(=O)OCCCCOc1ccc(/C=N/c2ccc([N+](=O)[O-])cc2)cc1,65.0
*CC(*)(C)C(=O)OCCCCOc1ccc(C(=O)OCCC(F)(F)C(F)(F)F)cc1,15.0
*CC(*)(C)C(=O)OCCCCOc1ccc(N(C)C(=O)OC)cc1,45.0
*CC(*)(C)C(=O)OCCCCOc1ccc(S(=O)(=O)c2ccc(OCC)cc2)cc1,45.0
*CC(*)(C)C(=O)OCCCCS(=O)(=O)Oc1ccc([N+](=O)[O-])cc1,45.0
*CC(*)(C)C(=O)OCCCC[CH2][Fe][C](=O)N(CC)CCC(C)C,-20.0
*CC(*)(C)C(=O)OCCCC[N+](C)(C)CCC(C)C,40.0
*CC(*)(C)C(=O)OCCCCc1ccc(-c2ccc(C(=O)Oc3ccc(CCCC)cc3)cc2)cc1,45.0
*CC(*)(C)C(=O)OCCCCc1ccccc1CCCC[N+](C)(C)C,45.0
*CC(*)(C)C(=O)OCCCCc1ccccc1COc1ccccc1,45.0
*CC(*)(C)C(=O)OCCCOC,-20.0
*CC(*)(C)C(=O)OCCCOC(=O)CCCCCCCCCCCCCCC(C)C,-50.0
*CC(*)(C)C(=O)OCCCOC(=O)c1ccc(OC(=O)c2ccc(OCCCCCCCCCC)cc2)cc1,15.0
*CC(*)(C)C(=O)OCCCOC(=O)c1cccc(OC(=O)c2ccc(OCCOCCOCCOCCOCCOCCOCCOC)cc2)c1,-25.0
*CC(*)(C)C(=O)OCCCOCC(C)(C)C#N,45.0
*CC(*)(C)C(=O)OCCCOCCOCCOCCOCCOc1ccc(OC(=O)c2ccc(OCCOc3ccc(Cc4ccc(OCCCCCCCCCC)cc4)cc3)cc2)cc1,-20.0
*CC(*)(C)C(=O)OCCCOc1ccc(/C=C/c2ccc(-c3ccc(OCC)cc3)cc2)cc1,110.0
*CC(*)(C)C(=O)OCCCOc1ccc(C(=O)OCCCCCCCCCCCCCCCC)cc1,-30.0
*CC(*)(C)C(=O)OCCCOc1ccc(C(=O)Oc2ccc(-c3ccc(OCC(C)CCCCCCCC)cc3)cc2)cc1,40.0
*CC(*)(C)C(=O)OCCCOc1ccc(NCC(=O)Nc2ccc(OCc3ccc(OCCC)cc3)cc2)cc1,65.0
*CC(*)(C)C(=O)OCCCOc1ccc(OC(=O)c2ccc(C#N)cc2)cc1,55.0
*CC(*)(C)C(=O)OCCCOc1ccccc1C(=O)OCCCOc1ccc(/C=C/c2ccc(OC)c(C)c2)cc1,45.0
*CC(*)(C)C(=O)OCCC[N+](C)(C)CC(C)CCCCOC(C)(O)O,-20.0
*CC(*)(C)C(=O)OCCCc1cccc(COCOC(C)C)c1,-20.0
*CC(*)(C)C(=O)OCCN(C#N)CC(C)(C)C,65.0
*CC(*)(C)C(=O)OCCN(C)CCCCCn1c2ccccc2c2ccccc21,55.0
*CC(*)(C)C(=O)OCCN(CC(F)(F)F)[Si](C)(CC)C(F)(F)C(F)(F)C(F)(F)C(F)(F)C(F)(F)C(F)(F)F,-10.0
*CC(*)(C)C(=O)OCCN(CC)C(=O)C(CC)CC,30.0
*CC(*)(C)C(=O)OCCN(CCOc1cccc(F)c1)C(C)C,25.0
*CC(*)(C)C(=O)OCCN(COC(=O)c1ccc(/N=N/c2ccc(C(C)C)cc2)cc1)c1ccccc1,80.0
*CC(*)(C)C(=O)OCCN1CCN(C)[Si](C)(C)C1,15.0
*CC(*)(C)C(=O)OCCNC(=O)N(CCCC)CC(NC(=O)OC(C)C)C(=O)OC,15.0
*CC(*)(C)C(=O)OCCOC(=O)/C=C/C,-10.0
*CC(*)(C)C(=O)OCCOC(=O)C(=N)C#N,65.0
*CC(*)(C)C(=O)OCCOC(=O)Oc1ccc(C(=O)Oc2ccc(OCC)cc2)cc1,45.0
*CC(*)(C)C(=O)OCCOC(=O)SCCCSCC,-20.0
*CC(*)(C)C(=O)OCCOC(=O)c1cc(O)ccc1OCCCOCCOCCCCO,-20.0
*CC(*)(C)C(=O)OCCOC(=O)c1cc(OC(C)=O)cc(OC(C)Cl)c1F,55.0
*CC(*)(C)C(=O)OCCOC(=O)c1cc(OCCCCCC)cc(C(=O)c2ccc(CSCCCC)cc2)c1,15.0
*CC(*)(C)C(=O)OCCOC(=O)c1ccc(-c2ccccc2)nc1,65.0
*CC(*)(C)C(=O)OCCOC(=O)c1ccc(OC(=O)c2ccc(OCCC(C)CC)cc2)cc1,40.0
*CC(*)(C)C(=O)OCCOC(=O)c1ccc(OCCCCCCOc2ccc(/N=N/c3ccc(OCCCC)cc3)cc2)cc1,45.0
*CC(*)(C)C(=O)OCCOC(C)(C)C#CC#N,65.0
*CC(*)(C)C(=O)OCCOC(C)COC(=O)C(CC)CC,-20.0
*CC(*)(C)C(=O)OCCOC(C)COC(C)(C)O,20.0
*CC(*)(C)C(=O)OCCOC(CO)CO,10.0
*CC(*)(C)C(=O)OCCOC(F)(Cl)C(F)(F)F,55.0
*CC(*)(C)C(=O)OCCOCC(=O)Oc1ccc(C(C)CCC)cc1,10.0
*CC(*)(C)C(=O)OCCOCC(COc1ccc(/N=N/c2ccc(OC)cc2)cc1)c1ccc(/N=N/c2ccc(OC)cc2)cc1,85.0
*CC(*)(C)C(=O)OCCOCC(F)(Cl)C(F)(F)F,45.0
*CC(*)(C)C(=O)OCCOCCCCCCCCCC(=O)OCCCCCCOc1ccc(/N=N/c2ccc(OCCCCCCCCCC)cc2)cc1,-20.0
*CC(*)(C)C(=O)OCCOCCN(CC)c1ccc(/N=N/c2ccc([N+](=O)[O-])cc2)cc1,65.0
*CC(*)(C)C(=O)OCCOCCOC(=O)N(C)c1ccc([N+](=O)[O-])cc1Oc1ccccc1,45.0
*CC(*)(C)C(=O)OCCOCCOC(=O)NC(=O)c1ccc([N+](=O)[O-])cc1,15.0
*CC(*)(C)C(=O)OCCOCCOC(=O)c1ccc(F)cc1,-10.0
*CC(*)(C)C(=O)OCCOCCOC(=O)c1ccc(OCC(F)F)cc1,-15.0
*CC(*)(C)C(=O)OCCOCCOC(=O)c1ccc([N+](=O)[O-])c(S(=O)(=O)O)c1C,45.0
*CC(*)(C)C(=O)OCCOCCOCC(F)(F)C(F)(F)C(F)(F)C(F)(F)F,-30.0
*CC(*)(C)C(=O)OCCOCCOCC1(CC(C)(O)CO)C(O)C1O,45.0
*CC(*)(C)C(=O)OCCOCCOCCCCCC,-50.0
*CC(*)(C)C(=O)OCCOCCOCCOC(=O)c1c(C)cc(Cl)cc1Cl,-20.0
*CC(*)(C)C(=O)OCCOCCOCCOCCOCCOCCC,-60.0
*CC(*)(C)C(=O)OCCOCCOCCOCCOCCOCCOC(C)(O)S(=O)(=O)CO,-40.0
*CC(*)(C)C(=O)OCCOCCOCCOCCOCCOCCOCCSC,-50.0
*CC(*)(C)C(=O)OCCOCCOCCOCCOCCOCCOc1ccc(-c2ccc(/N=N/c3ccc(OCCCCCCCC)cc3)cc2)cc1,10.0
*CC(*)(C)C(=O)OCCOCCOCCOCCOCCOCCOc1ccccc1,-40.0
*CC(*)(C)C(=O)OCCOCCOCCOCCOCCOc1ccc(/N=N/c2ccc(/C=C/c3ccc(OCCOCCOCCOCCOCCSC)cc3)cc2)cc1,-20.0
*CC(*)(C)C(=O)OCCOCCOCCOCCOc1ccc(C(=O)Oc2ccc(C(=O)Oc3ccccc3)cc2)cc1,40.0
*CC(*)(C)C(=O)OCCOCCOCCOc1ccc(-c2ccc(-c3ccc(OCCCCCCCC)cc3)cc2)cc1,10.0
*CC(*)(C)C(=O)OCCOCCOCCOc1ccc(-c2ccc(SCCCCCCCCCC)cc2)cc1,-15.0
*CC(*)(C)C(=O)OCCOCCOCCOc1ccc(C(=O)Oc2ccc(OC(=O)CCCCCC(C)CC)cc2)cc1,25.0
*CC(*)(C)C(=O)OCCOCCOS(=O)(=O)c1ccc([N+](=O)[O-])cc1,10.0
*CC(*)(C)C(=O)OCCOCCOc1ccc(-c2ccc(C#Cc3ccc([N+](=O)[O-])cc3OC)cc2)cc1,90.0
*CC(*)(C)C(=O)OCCOCCOc1ccc(C(=O)Oc2ccc(OCCOCC)cc2)cc1,40.0
*CC(*)(C)C(=O)OCCOCc1ccc(/N=N/c2ccc(/N=N/c3ccc(OC)cc3)cc2)cc1,95.0
*CC(*)(C)C(=O)OCCOc1c(C)cc(C)nc1C,65.0
*CC(*)(C)C(=O)OCCOc1ccc(-c2ccccc2)cc1C,90.0
*CC(*)(C)C(=O)OCCOc1ccc(/C=N/c2ccc(C#N)cc2)cc1,110.0
*CC(*)(C)C(=O)OCCOc1ccc(/N=N/c2cc(OCCCCCCCCCC)ccc2-c2ccccc2)cc1,45.0
*CC(*)(C)C(=O)OCCOc1ccc(/N=N/c2ccc(N=C(C)CC)cc2)cc1,90.0
*CC(*)(C)C(=O)OCCOc1ccc(C(=O)OCc2ccc([N+](=O)[O-])cc2)cc1,75.0
*CC(*)(C)C(=O)OCCOc1ccc(C(=O)Oc2ccc(C(=O)CCCCCCCCCCC)cc2)cc1,40.0
*CC(*)(C)C(=O)OCCOc1ccc(C(=O)Oc2ccc(C(=O)Oc3ccc(/N=N/c4ccc(-c5ccc(OCCCCCC)cc5)cc4)cc3)cc2)cc1,100.0
*CC(*)(C)C(=O)OCCOc1ccc(C(=O)Oc2ccc(OC(=O)c3ccc(C)cc3)cc2)cc1,90.0
*CC(*)(C)C(=O)OCCOc1ccc(C(=O)Oc2ccc(OC(=O)c3ccc(OCC(C)OC(C)CC)cc3)cc2)cc1,65.0
*CC(*)(C)C(=O)OCCOc1ccc(C(=O)c2ccccc2)cc1-c1cccc(O)c1,85.0
*CC(*)(C)C(=O)OCCOc1ccc(CC(F)(F)F)cc1,55.0
*CC(*)(C)C(=O)OCCOc1ccc(OC(=O)c2ccc(C(O)C(F)(F)F)cc2)cc1,90.0
*CC(*)(C)C(=O)OCCOc1ccc(OC(=O)c2ccc(OC(=O)c3ccc([N+](=O)[O-])cc3)cc2)cc1,90.0
*CC(*)(C)C(=O)OCCOc1ccccc1C(=O)O,60.0
*CC(*)(C)C(=O)OCCS(=O)(=O)C(C)(C)C,65.0
*CC(*)(C)C(=O)OCCSCCC(=O)Oc1ccc(/N=N/c2ccc(Cl)cc2)cc1,45.0
*CC(*)(C)C(=O)OCCSCCCCCCOc1ccc(C(=O)Oc2ccc(OC(=O)c3ccc(OCCOCC)cc3)cc2)cc1,25.0
*CC(*)(C)C(=O)OCC[N+](C)(C)CCCOc1ccccc1-c1ccc(Br)cc1,90.0
*CC(*)(C)C(=O)OCC[N+](C)(C)COC(COc1ccc(C)cc1)Oc1ccc(F)cc1,130.0
*CC(*)(C)C(=O)OCC[N+](C)(C)O[Si](C)(C)CC,45.0
*CC(*)(C)C(=O)OCC[N+](C)(CC)COC(F)(F)C(F)(F)C(F)(F)C(F)(F)F,85.0
*CC(*)(C)C(=O)OCC[N+](C)(OC)c1ccccc1,120.0
*CC(*)(C)C(=O)OCC[Si](C)(C)CCCCCCCOc1ccc(/N=N/c2ccc(O)cc2)cc1,35.0
*CC(*)(C)C(=O)OCCc1cc(O)c(C(F)(F)F)c(Br)c1,95.0
*CC(*)(C)C(=O)OCCc1cc(OC(C)O)c(OCCO)cc1OC,45.0
*CC(*)(C)C(=O)OCCc1ccc(OC(=O)c2ccc(-c3ccc(NC(=O)CCCCC(=O)[O][Na])cc3)cc2)cc1,95.0
*CC(*)(C)C(=O)OCOCCOC,-10.0
*CC(*)(C)C(=O)OC[CH2][Sn]([CH3])([CH3])[CH2]Cc1ccccc1,-20.0
*CC(*)(C)C(=O)OC[N+](O)COCCl,85.0
*CC(*)(C)C(=O)OC[PH](C)(C)c1ccccc1,80.0
*CC(*)(C)C(=O)OC[Si](CCCCCC)c1cccc(/C=C/c2ccc(/N=N/c3ccc(OC)cc3)cc2)c1,90.0
*CC(*)(C)C(=O)OCc1c(OCCCCCCCCO)ccc(C)c1C,-20.0
*CC(*)(C)C(=O)OCc1cc(Br)c(C)c(C)n1,85.0
*CC(*)(C)C(=O)OCc1cc(C)c(C)c(O)c1,120.0
*CC(*)(C)C(=O)OCc1ccc(/N=N/c2ccc([N+](=O)[O-])cc2)cc1,120.0
*CC(*)(C)C(=O)OCc1ccc(C(C)CCCC)cc1,40.0
*CC(*)(C)C(=O)OCc1ccc(C)cc1O,85.0
*CC(*)(C)C(=O)OCc1ccc(CCOCCBr)cc1,45.0
*CC(*)(C)C(=O)OCc1ccc([Si](C)C)cc1,60.0
*CC(*)(C)C(=O)OCc1ccc2c(Br)c(Cl)c(OC(=O)Cc3ccccc3)ccc1-2,130.0
*CC(*)(C)C(=O)OCc1cccc(C(=O)Oc2ccccc2)c1,65.0
*CC(*)(C)C(=O)OCc1cccc(COC(F)(F)C(F)(F)C(F)(F)C(F)(F)C(F)(F)C(F)(F)C(F)(F)C(F)(F)C(F)(F)C(F)(F)C(F)(F)F)c1,45.0
*CC(*)(C)C(=O)OCc1ccccc1C(C)C,70.0
*CC(*)(C)C(=O)OOC(C)(C)CCOCCCOCCOCCOCCO,-40.0
*CC(*)(C)C(=O)O[CH2][Sn]([CH3])([CH3])[CH2]CCCOc1ccc(-c2ccc(C[N+](C)(C)C)cc2)cc1,45.0
*CC(*)(C)C(=O)O[CH2][Sn]([CH3])([CH3])[CH3],40.0
*CC(*)(C)C(=O)Oc1cc(/N=N/c2ccc(/C=C/c3ccc(C#N)cc3)cc2)ccc1OC(=O)c1ccc(OC)cc1,130.0
*CC(*)(C)C(=O)Oc1cc(C(=O)O)c(C(=O)Oc2ccccc2)cc1C,165.0
*CC(*)(C)C(=O)Oc1cc(C(=O)OCCOCCOC)ccc1-c1ccc(OC)cc1,45.0
*CC(*)(C)C(=O)Oc1cc(C)c(O)c(OCCCOC)c1O,90.0
*CC(*)(C)C(=O)Oc1ccc(-c2ccc(C(=O)Oc3ccc(OC)cc3)cc2)cc1,150.0
*CC(*)(C)C(=O)Oc1ccc(-c2ccc(CCCCCCCC)cc2)cc1,80.0
*CC(*)(C)C(=O)Oc1ccc(-c2ccc(OCCCCCC)cc2)cc1,90.0
*CC(*)(C)C(=O)Oc1ccc(/N=N/c2ccc(O)cc2)cc1,130.0
*CC(*)(C)C(=O)Oc1ccc(Br)c(C(=O)OCCCOC(=O)c2ccccc2C(=O)OCCCCCCCCCCCCCC)c1,-20.0
*CC(*)(C)C(=O)Oc1ccc(C(=O)OCC(OCC)C(CC)CC)cc1,45.0
*CC(*)(C)C(=O)Oc1ccc(C(=O)Oc2ccc(-c3ccc(OCCCCCC)cc3)cc2)cc1,90.0
*CC(*)(C)C(=O)Oc1ccc(C(=O)Oc2ccc(-c3ccc(S(=O)(=O)OCc4ccccc4)cc3)cc2)cc1,130.0
*CC(*)(C)C(=O)Oc1ccc(C(=O)Oc2ccc(CCC)cc2)cc1,90.0
*CC(*)(C)C(=O)Oc1ccc(C(=O)Oc2ccc(OCc3ccccc3)cc2)cc1,100.0
*CC(*)(C)C(=O)Oc1ccc(C(=O)Oc2ccccc2Cl)c(F)c1F,110.0
*CC(*)(C)C(=O)Oc1ccc(C(=O)c2ccc(/N=N/c3ccc(C)cc3)c(Br)c2)cc1F,130.0
*CC(*)(C)C(=O)Oc1ccc(C(=O)c2ccc(Br)cc2)c(C(=O)OCC)c1,85.0
*CC(*)(C)C(=O)Oc1ccc(CCCCN(C)CC)cc1,40.0
*CC(*)(C)C(=O)Oc1ccc(Cl)cc1F,100.0
*CC(*)(C)C(=O)Oc1ccc(NC(=O)OC)cc1,130.0
*CC(*)(C)C(=O)Oc1ccc(OC(=O)c2ccc([N+](=O)[O-])nc2)cc1,130.0
*CC(*)(C)C(=O)Oc1ccc(OC(=O)c2cccc(OCCCCC)c2)cc1,45.0
*CC(*)(C)C(=O)Oc1ccc([Si](C)(C)c2ccc(S(=O)(=O)[O][Na])cc2)cc1,180.0
*CC(*)(C)C(=O)Oc1cccc(C(=O)OCCCCCCCCCC)c1,-20.0
*CC(*)(C)C(=O)Oc1ccccc1-c1ccccc1,130.0
*CC(*)(C)C(=O)Oc1ccccc1C(O)CO,100.0
*CC(*)(C)C(=O)S(=O)(=O)OC(C)(CO)C(F)(F)F,95.0
*CC(*)(C)C(=O)S(F)(F)C(F)(F)C(F)(F)C(F)(F)C(F)(F)C(F)(F)C(F)(F)C(F)(F)F,65.0
*CC(*)(C)C(=O)SC(F)(F)C(F)(F)C(F)(F)C(F)(F)C(F)(F)F,55.0
*CC(*)(C)C(=O)SCCCCCC#CC#Cc1ccc(/N=N/c2ccc([N+](=O)[O-])cc2)cc1,90.0
*CC(*)(C)C(=O)SCCCCCCCC,-30.0
*CC(*)(C)C(=O)SCc1ccc(/N=N/c2ccc(F)cc2)cc1,90.0
*CC(*)(C)C(=O)SSc1ccc(C(=O)OCC)cc1,45.0
*CC(*)(C)C(=S)OCC(F)(F)C(F)(F)C(F)(F)F,65.0
*CC(*)(C)C1C=CCC1=O,120.0
*CC(*)(C)C=CC(=O)OC,105.0
*CC(*)(C)CC(=O)NNCCCCCC,-20.0
*CC(*)(C)CC(=O)OCCCCCCOc1ccc([N+](=O)[O-])cc1,-20.0
*CC(*)(C)CC(=O)OCCO,-10.0
*CC(*)(C)CC(=O)OCCOCCOCCOCCOCCOCCOCC(F)(F)F,-55.0
*CC(*)(C)CC(=O)Oc1ccc(OC(=O)c2ccc(OCCCCCCCC)cc2)cc1,5.0
*CC(*)(C)CC(O)CC,45.0
*CC(*)(C)CCC[Si](C)(C)OCC,-60.0
*CC(*)(C)CCOc1ccc(C(=O)Oc2ccc(OCCCCCC)cc2)cc1,10.0
*CC(*)(C)C[SH]=C(C#N)C#CCCCCOc1ccc(/C=N/c2ccc(C(C)C)cc2O)cc1,45.0
*CC(*)(C)C[Si]([2H])(C)NC(C)C,-40.0
*CC(*)(C)Cc1cccc(C)c1,90.0
*CC(*)(C)Cc1ccccc1O,100.0
*CC(*)(C)OC(=O)c1ccc(OCc2ccc(OCCCCCCCCCC)c(OCCCCCCCCCC)c2)cc1,-20.0
*CC(*)(C)Oc1ccc(C(=O)c2ccc(Br)cc2)cc1,90.0
*CC(*)(C)P(=O)(OC)OCC,30.0
*CC(*)(C)S(=O)(=O)N(CC)c1ccccc1,130.0
*CC(*)(C)S(=O)(=O)c1ccccc1,150.0
*CC(*)(C)c1cc(Cl)cc(COCCN(CC)CC)c1,65.0
*CC(*)(C)c1cc(I)ccc1Br,130.0
*CC(*)(C)c1ccc(/N=N/c2ccc(C(=O)OC)cc2)cc1,130.0
*CC(*)(C)c1ccc(C#CSC(C)(C)C)cc1,120.0
*CC(*)(C)c1ccc(C(=O)Nc2ccc(C#N)cc2Sc2ccccc2-c2ccccc2)cc1,210.0
*CC(*)(C)c1ccc(C(=O)Oc2ccc(/N=N/c3ccc(OC)c([N+](=O)[O-])c3)cc2)cc1,130.0
*CC(*)(C)c1ccc(CO[Si](C)(C)[Si](C)(C)C)cc1,65.0
*CC(*)(C)c1cccc(C(C)(C)C)c1,130.0
*CC(*)(C)c1ccco1,95.0
*CC(*)(CBr)SCC,20.0
*CC(*)(CC(=O)C([2H])([2H])F)C(F)=C(F)C([2H])(F)C(F)(F)F,65.0
*CC(*)(CC(=O)NC(=O)[O][Na])C(=O)OCCCc1ccccn1,120.0
*CC(*)(CC(=O)Nc1ccc(OCCCC)cc1)OCCOCCOC,-20.0
*CC(*)(CC(=O)Nc1ccccc1)C(=O)OCc1ccc(N(C)C)cc1,120.0
*CC(*)(CC(=O)OC#N)C(=O)OCCCC,20.0
*CC(*)(CC(=O)OC(C)=O)C(=O)OCCCCCCOc1ccc(/N=N/c2ccc([N+](=O)[O-])cc2)cc1,45.0
*CC(*)(CC(=O)OC(C)C)C(C)CC(=O)OC(C)(O)C(=O)OCCC,-20.0
*CC(*)(CC(=O)OC(C)CC)C(=O)OCC,-20.0
*CC(*)(CC(=O)OC(C)COC(C)(C)C)C(C)(C)C,-20.0
*CC(*)(CC(=O)OC)C(OC)C(O)C(O)C(F)(F)C(F)(F)C(F)(F)C(F)(Cl)C(F)(F)F,85.0
*CC(*)(CC(=O)OC)c1ccco1,90.0
*CC(*)(CC(=O)OCC(=O)OCC)C(=O)OC,30.0
*CC(*)(CC(=O)OCC(C)C)C(=O)OCCCCC,-40.0
*CC(*)(CC(=O)OCC(C)CCCC)C(=O)OCC1CCCC1,-20.0
*CC(*)(CC(=O)OCC(CC)CCC)C(=O)OCCCCCCCC,-60.0
*CC(*)(CC(=O)OCC(F)(F)C(F)(F)C(F)(F)C(F)(F)C(F)(F)C(F)(F)C[NH+])C(F)(F)F,65.0
*CC(*)(CC(=O)OCC)C(=O)OCC(F)(F)C(F)(F)C(F)(F)C(F)(F)C(F)(F)C(F)(F)F,45.0
*CC(*)(CC(=O)OCC)C(=O)OCCOCC=C,-40.0
*CC(*)(CC(=O)OCC)C(=O)OCCOCCO,-40.0
*CC(*)(CC(=O)OCC)C(=O)Oc1ccc(Br)cc1,65.0
*CC(*)(CC(=O)OCCC(OC)C(F)(F)F)C(F)(F)F,45.0
*CC(*)(CC(=O)OCCC)C(=O)C(F)(F)C(F)(F)C(F)(F)C(F)(F)C(F)(F)C(F)(F)F,45.0
*CC(*)(CC(=O)OCCCC)C(=O)NCC(CC)CC,45.0
*CC(*)(CC(=O)OCCCCC)C(=O)OC(C)CC,-40.0
*CC(*)(CC(=O)OCCCCC)C(=O)OCCCCCCCCOc1ccc(-c2ccc(-c3ccc(Cl)cc3)cc2)cc1,15.0
*CC(*)(CC(=O)OCCCCC)[SH](=O)=C(C#N)COc1ccc(NCCCCC)cc1,-20.0
*CC(*)(CC(=O)OCCCCCC)C(=O)OCCC(C)CCC(=O)[O][Na],-20.0
*CC(*)(CC(=O)OCCCCCCCC)C(=O)OC,-40.0
*CC(*)(CC(=O)OCCCCCCCC)C(=O)OCC(CC)CC,-55.0
*CC(*)(CC(=O)OCCCCCCCC)C(=O)OCC1CCCCCC1,-40.0
*CC(*)(CC(=O)OCCCCCCCCCC)C(=O)OCCCCCCO,-55.0
*CC(*)(CC(=O)OCCCCCCCCCCCC)C(=O)OCCCCCCOc1ccc(C(=O)Oc2ccc(OCC)cc2)cc1,-20.0
*CC(*)(CC(=O)OCCCCCCCCCCCCCC)C(=O)OCCc1ccc(C)cc1OC,-30.0
*CC(*)(CC(=O)OCCCCCCCCCCCCCCCCC)C(=O)OCCOCCCCCCCC,-55.0
*CC(*)(CC(=O)OCCCCCCCCCCCCCCCCCCCCCCCC)C(=O)OCc1ccc(C(=O)OCc2ccccc2)cc1,-20.0
*CC(*)(CC(=O)OCCNC(=O)C(F)(F)F)C(F)(F)F,65.0
*CC(*)(CC(=O)OCCNC(=O)OCC(O)Oc1ccc(Cl)cc1)C(=O)OCCCCCCCC,-30.0
*CC(*)(CC(=O)OCCOc1ccccc1)c1ccc(OCCCC)cc1,20.0
*CC(*)(CC(=O)OCCc1ccccc1)C(=O)OCC,15.0
*CC(*)(CC(=O)OCCl)C(C)C,65.0
*CC(*)(CC(=O)OC[CH2][Pb][CH3])C(=O)OCCCCCCC,-40.0
*CC(*)(CC(=O)OCc1ccc(C(C)(C)C#C)cc1)c1ccc(/N=N/c2ccc([N+](=O)[O-])cc2)cc1,130.0
*CC(*)(CC(=O)OCc1ccccc1)C(=O)OCCC(C)C,30.0
*CC(*)(CC(=O)OCc1ccccc1)C(=O)Oc1ccc(Br)cc1,65.0
*CC(*)(CC(=O)Oc1c(F)c(F)c(Cl)c(F)c1F)C([2H])(Cl)Cl,90.0
*CC(*)(CC(=O)Oc1ccc(-c2ccc(F)cc2)cc1)OC(C)=O,130.0
*CC(*)(CC(=O)Oc1ccc(/N=N/c2ccc(OC)cc2)cc1)Oc1ccc(C)cc1,110.0
*CC(*)(CC(=O)Oc1ccc(C(=O)Oc2ccc(OCC(C)C)cc2)cc1)OC(=O)c1ccc(/N=N/c2ccc([N+](=O)[O-])cc2)cc1,115.0
*CC(*)(CC(=O)Oc1ccc(C(F)(F)F)cc1)N(C(F)(F)F)C(F)(F)F,120.0
*CC(*)(CC(=O)Oc1ccc(C)cc1)C(=O)OCCCC,45.0
*CC(*)(CC(=O)Oc1ccc(C)cc1)C(C)c1ccc(OC)cc1OC,85.0
*CC(*)(CC(=O)Oc1ccc(C)cc1)Oc1ccc(F)cc1,85.0
*CC(*)(CC(=O)Oc1ccc(Cl)cc1)Oc1ccc(C(=O)Oc2ccc(C#N)cc2)cc1,130.0
*CC(*)(CC(=O)Oc1ccc(OC)cc1)c1ccc(Br)cc1,95.0
*CC(*)(CC(=O)Oc1ccc(OCCCCCC)cc1)C(C)(C)C,40.0
*CC(*)(CC(=O)Oc1ccc(S(=O)(=O)c2ccc(OC)cc2)cc1)SCC[N+](C)(C)C,120.0
*CC(*)(CC(=O)Oc1ccc([N+](=O)[O-])cc1)c1ccc(Oc2ccc(OC(=O)CCCCC(F)(F)C(F)(F)C(F)(F)C(F)(F)C(F)(F)C(F)(F)F)cc2)cc1,45.0
*CC(*)(CC(=O)Oc1cccc(Br)c1)C(=O)N(Cc1ccccc1)c1cccc(Cl)c1,150.0
*CC(*)(CC(=O)c1ccc(OC)cc1)N(c1ccc(C)cc1)c1cccc(F)c1,130.0
*CC(*)(CC(C)=O)C(=O)OCCOc1ccc(OC(=O)c2ccc(OCCCCC)cc2)cc1,40.0
*CC(*)(CC(C)=O)c1ccc(/N=N/c2ccc(Sc3ccccn3)cc2)cc1,120.0
*CC(*)(CC(F)(F)F)C(F)(F)F,90.0
*CC(*)(CC)C(=O)OCCCCCCCC(=O)N(F)CCS(=O)(=O)CCC(=O)OC,-20.0
*CC(*)(CC)CC(F)(F)C(F)(F)C(F)(F)C(F)(F)C(F)(F)C(F)(F)C(F)(F)C(F)(F)C(F)F,-20.0
*CC(*)(CCC(=O)NCCCCCCCCCCCCCC)C(=O)OCCCCCC,-40.0
*CC(*)(CCC(=O)OCCCCCC)C(=O)OCCCCCCOC(C)C,-55.0
*CC(*)(CCC(=O)OCc1ccccc1)OC(C)=O,30.0
*CC(*)(CCC(=O)Oc1ccc(-c2ccccc2)cc1)c1ccc(/N=N/c2ccc(OC)cc2)cc1,130.0
*CC(*)(CCC)C(=O)OCCCCCCOc1ccc(C(=O)Oc2ccc(OCCOCCOCCCCCCOCC(C)O)cc2)cc1,-20.0
*CC(*)(CCC=C)CS(=O)(=O)C(F)(F)F,45.0
*CC(*)(CCCC(=O)OCCCCCCCCCCCC)C(=O)OC1(CC)CC(C)(C)C1OC(C)(C)C,-30.0
*CC(*)(CCCC)C(=O)OCCCCCOc1c(C)cc(C(=O)Oc2ccc(OC)cc2)cc1OC,15.0
*CC(*)(CCCC)CC(=O)Nc1ccccc1,80.0
*CC(*)(CCCC)COC(=O)c1cc(OCCCO)ccc1-c1ccc(OCC)cc1,15.0
*CC(*)(CCCCC)C(=O)OCC,-20.0
*CC(*)(CCCCC)C(=O)OCCCCCCCCCCCC,-60.0
*CC(*)(CCCCCC)C(=O)OCC(F)(F)C(F)(F)C(F)F,-15.0
*CC(*)(CCCCCC)C(=O)Oc1ccc(S(=O)(=O)C(F)(F)C(F)(F)C(F)(F)C(F)(F)C(F)(F)C(F)(F)F)cc1,45.0
*CC(*)(CCCCCCC)OCc1ccccc1,-40.0
*CC(*)(CCCCCCCC)S(=O)(=O)O,45.0
*CC(*)(CCCCCCCCCCC)C(=O)OCCOc1ccc(-c2ccc(C(=O)OC(=O)c3ccc(C(=O)Oc4ccc([N+](=O)[O-])cc4)cc3)cc2)c(C(F)(F)F)c1,45.0
*CC(*)(CCN(C)C)OC(C)=O,20.0
*CC(*)(CCO)CC(=O)Oc1ccc([N+](=O)[O-])nc1,65.0
*CC(*)(CCO)COC(=O)OCCOCCOCCOCC,-40.0
*CC(*)(CC[Si](C)(C)C)NC(=O)OCCCCCCCCCOc1ccc(-c2ccc([N+](=O)[O-])cc2)cc1,15.0
*CC(*)(CCl)C(=O)OCCOCCOC(F)(F)C(F)(F)C(F)(F)C(F)(F)C(F)(F)F,-10.0
*CC(*)(CCl)COC(=O)C(C)(C)COCC(C)(C)C,45.0
*CC(*)(CCl)OC(=O)CCCCC(C)C,-30.0
*CC(*)(CF)c1ccccn1,100.0
*CC(*)(CNC(=O)[O][Na])C(C)(C)C,130.0
*CC(*)(COC(=O)CCCC(CC)CCCCCCC)C(=O)OCCCCC,-55.0
*CC(*)(COC(=O)SCc1ccccc1)c1ccc(C)cc1,45.0
*CC(*)(COC(=O)c1ccccc1)C(C)C,60.0
*CC(*)(COc1ccc(OCC(F)(F)F)cc1)OCC,45.0
*CC(*)(CS(=O)(=O)OC(C)(C)C)N(CC)c1ccccc1,95.0
*CC(*)(CS(=O)(=O)c1ccc(Cl)cc1)C(=O)OCc1ccc([N+](=O)[O-])cc1,130.0
*CC(*)(C[N+](C)(C)C)C(=O)OC(C)=O,130.0
*CC(*)(Cc1ccccc1)C(O)COc1c(O)cc(Cl)cc1Cl,110.0
*CC(*)(Cl)C(=O)N(F)C(F)(F)C(F)(F)C(F)(F)C(F)(F)C(F)(F)C(F)(F)C(F)(F)F,100.0
*CC(*)(Cl)C(=O)OC(F)(Cl)C(F)(F)C(F)(F)C(F)(F)C(F)(F)C(F)(F)C(F)(F)C(F)(F)C(F)(F)C(F)(F)C(F)(F)C(F)(F)C(F)F,55.0
*CC(*)(Cl)C(=O)OC(F)(F)C(F)(F)C(F)(F)C(F)(F)C(F)(F)C(F)(F)C(F)(F)F,55.0
*CC(*)(Cl)C(=O)OCCC(=O)OCC(F)(F)C(F)(F)C(F)(F)C(F)(F)F,40.0
*CC(*)(Cl)C(=O)OCCCCCCOc1ccc(/C=N/c2ccc(C#N)cc2)cc1,65.0
*CC(*)(Cl)C(=O)OCCCCCCOc1ccc(/N=N/c2ccc(C#N)cc2)cc1,50.0
*CC(*)(Cl)C(=O)OCCCCSC,25.0
*CC(*)(Cl)C(=O)OCC[N+](C)(C)CCCCCCCCCC,50.0
*CC(*)(Cl)C(=O)OCC[N+](C)(C)CCc1ccc(/N=N/c2ccc(N(C)C)cc2)cc1,130.0
*CC(*)(Cl)C(=O)OCc1cc(B)c(Cl)c(C)c1,110.0
*CC(*)(Cl)C(=O)OCc1ccc(C(=O)OC(C)CC)cc1,60.0
*CC(*)(Cl)C(=O)OCc1cccc(CO)c1,90.0
*CC(*)(F)C(=O)C([2H])(Cl)C(=O)OC,60.0
*CC(*)(F)C(=O)OC(O)=C(Cl)Cl,90.0
*CC(*)(F)C(=O)OCC(CBr)c1ccccc1,60.0
*CC(*)(F)C(=O)OCC(F)(F)C(F)(F)C(F)(F)C(F)(F)CC(F)(F)C(F)(F)C(F)(F)F,45.0
*CC(*)(F)C(=O)OCCCCCCCC(F)(F)C(F)(F)C(F)(F)Cl,40.0
*CC(*)(F)C(=O)OCCCCCCCCCCCCCCCCCCC,-55.0
*CC(*)(F)C(=O)OCCCCCCCCCCCCCCCCCc1ccc(C#[Si]c2ccccc2)cc1,-30.0
*CC(*)(F)C(=O)OCCCCCCCCCCCCCCCC[Si](C)(C)c1cc(Cl)c(Cl)c(F)c1Cl,-55.0
*CC(*)(F)C(=O)OCCCCCCCCCCCCOC(=O)c1ccc(OC(=O)c2ccc(/N=N/c3ccc(Br)cc3)cc2)cc1,45.0
*CC(*)(F)C(=O)OCCOCCOCCOCCOCCOCCOC,-55.0
*CC(*)(F)C(=O)OCCOc1ccc(/N=N/c2ccccc2)cc1,90.0
*CC(*)(F)C(=O)Oc1ccccc1,90.0
*CC(*)(F)CP(=O)(O)OCCOCCO,-20.0
*CC(*)(F)OC(=O)C(F)(F)C(F)(F)C(F)(F)C(F)(F)C(F)(F)F,45.0
*CC(*)(F)O[Si](C)(C)C,-60.0
*CC(*)(NC(=O)c1ccc(C)cc1)Oc1ccc([N+](=O)[O-])cc1,150.0
*CC(*)(O)C(=O)OCCN(C(F)(F)F)C(C)(CCl)C(F)(F)C(F)(F)F,85.0
*CC(*)(O)C(F)(F)OC(F)(F)C(F)(F)C(F)(F)C(F)(F)C(F)(F)C(F)(F)C(F)(F)C(F)(F)OC(F)(F)C(F)(F)C(F)(F)C(F)(F)C(F)F,-30.0
*CC(*)(O)C(O)C(O)O,120.0
*CC(*)(OC(=O)C(F)(F)C(F)(F)F)C(=O)OC(C)C,50.0
*CC(*)(OC(=O)c1ccccc1)Oc1ccccc1C(C)C,65.0
*CC(*)(OC(C)=O)C(=O)OCCCBr,45.0
*CC(*)(OC(C)=O)[Si](C)(C)C,45.0
*CC(*)(OC(C)=O)c1c(Br)cc(F)c(F)c1Cl,110.0
*CC(*)(OC(C)=O)c1cc(OC(=O)CCCCC(C)C)cc(C(=O)O)c1C,65.0
*CC(*)(OC(C)=O)c1ccc(Cl)cc1Cl,110.0
*CC(*)(OCC(=O)Oc1ccccc1)C(O)COc1ccc(OC(=O)c2ccc(OCCCCCCC)c(N)c2)cc1OC,45.0
*CC(*)(OCC(F)(F)C(F)(F)F)C(C)Cl,75.0
*CC(*)(OCCCCCC)OCCOc1ccccc1,-30.0
*CC(*)(Oc1ccc(Br)cc1)c1ccccc1,110.0
*CC(*)(Oc1ccc(C)cc1)Oc1ccc(CC)cc1,65.0
*CC(*)(Oc1ccc(C)cc1)c1ccc(C)c(Cl)c1,115.0
*CC(*)([2H])C(=O)OC(O)Cl,60.0
*CC(*)([2H])C(=O)OCCCCCCCOc1ccc(C(=O)Oc2ccc(/N=N/c3ccc(OC)cc3)cc2)cc1,40.0
*CC(*)([2H])C(=O)OCCCCCCOC(F)(F)C(F)(F)C(F)(F)C(F)(F)C(F)(F)C(F)(F)F,-55.0
*CC(*)([2H])C(=O)OCCSC,-20.0
*CC(*)([2H])C(=O)Oc1ccc(C(F)(F)F)cc1,65.0
*CC(*)([2H])C(F)(F)C(F)(F)C(F)(F)C(F)(F)F,45.0
*CC(*)/C=C/C(C)Cc1ccccc1,-20.0
*CC(*)/C=C/CCCCCC,-55.0
*CC(*)/C=C/c1cc(OCC)ccc1OCCCC,15.0
*CC(*)/N=N/c1ccccc1C,90.0
*CC(*)=C(C)CCC(=O)OCCCCCCO,-50.0
*CC(*)=C([2H])C(=O)Oc1ccc(CCCCCCC(F)(F)F)cc1,-15.0
*CC(*)=C([2H])C(Oc1ccccc1)Oc1c(Cl)ccc(Cl)c1Cl,85.0
*CC(*)=C([2H])Cl,-20.0
*CC(*)=CCN(CCC)c1ccc(/N=N/c2ccc(C(=O)Oc3ccc(OC=C(F)C(F)(F)C(F)(F)C(F)(F)F)cc3)cc2)cc1,85.0
*CC(*)C#CCc1ccccc1,45.0
*CC(*)C(=C=NC)C(=O)NCCCCCCN,-20.0
*CC(*)C(=CCl)N(NC(C)=O)C(=O)OC,130.0
*CC(*)C(=O)/C=C/[Si](C)(C)CCCC(=O)OC,-20.0
*CC(*)C(=O)C(CCl)CCCCCCCCCC,-40.0
*CC(*)C(=O)C(Cl)c1cccc(C(C)(C)C)c1,100.0
*CC(*)C(=O)C([2H])(CC(C)=O)C(=O)OC(C)(Cl)Cl,65.0
*CC(*)C(=O)C1CCCC1=O,80.0
*CC(*)C(=O)CCCC(F)(F)C(F)(F)C(F)(F)C(F)(F)F,-20.0
*CC(*)C(=O)CCCCCCCCCCC(=O)Nc1ccc(C(=O)OCCCCCCOc2ccc(OC(=O)OC(C)COC(C)COC(C)(C)C)cc2)cc1,-20.0
*CC(*)C(=O)N(C#N)C(C)=O,130.0
*CC(*)C(=O)N(C(=O)OCCC)C(=O)OCCCCCC,45.0
*CC(*)C(=O)N(C)c1ccc(-c2ccccc2)nc1,160.0
*CC(*)C(=O)N(C)c1ccc(/N=N/c2ccc(-c3ccccc3)cc2)cc1,150.0
*CC(*)C(=O)N(CBr)c1ccc(N(C)C)cc1,130.0
*CC(*)C(=O)N(CC(C)(C)C)C(C)C,120.0
*CC(*)C(=O)N(CC)C(=O)OCCCC,45.0
*CC(*)C(=O)N(CC)CC(C)CC,-10.0
*CC(*)C(=O)N(CC)c1ccc(-c2ccccc2)cc1,150.0
*CC(*)C(=O)N(CC)c1ccc(/N=N/c2ccc(C=C(C)C)cc2)cc1,130.0
*CC(*)C(=O)N(CC)c1ccc(/N=N/c2ccc(S(=O)(=O)c3ccc(OCc4ccccc4)cc3)cc2)cc1,140.0
*CC(*)C(=O)N(CC)c1ccc(C(=O)OCc2ccccc2)cc1,130.0
*CC(*)C(=O)N(CCC)C(=O)Nc1ccc(/N=N/c2ccc(C(=O)[O][Na])cc2)cc1,190.0
*CC(*)C(=O)N(CCC)CCSCC,-30.0
*CC(*)C(=O)N(CCC)c1ccc(/N=N/c2ccc(F)cc2)cc1,120.0
*CC(*)C(=O)N(CCCC)CC(C)SC,-20.0
*CC(*)C(=O)N(CCCCCC)N(CC)CC(C)C,-35.0
*CC(*)C(=O)N(CCl)c1ccc([N+](=O)[O-])cc1,150.0
*CC(*)C(=O)N(Cl)C(C)(C)C,130.0
*CC(*)C(=O)N(Cl)c1cccc(Br)c1,130.0
*CC(*)C(=O)N(F)C(Cl)C(F)(F)F,90.0
*CC(*)C(=O)N(OCCOCCOC)c1cccc(OC)c1,45.0
*CC(*)C(=O)N(Oc1ccc(Br)cc1)c1ccc(F)cc1,130.0
*CC(*)C(=O)N(Oc1ccc(O)cc1)Oc1ccc(C(F)(F)F)cc1,150.0
*CC(*)C(=O)NC(=O)N(C)C=S,130.0
*CC(*)C(=O)NC(=O)OCCOCCSC,45.0
*CC(*)C(=O)NC(C)=CC(C)CC,90.0
*CC(*)C(=O)NC(C)C(=O)OCCOC(C)O,65.0
*CC(*)C(=O)NC(C)C[N+](=O)Cl,120.0
*CC(*)C(=O)NC(C)c1ccccc1C,150.0
*CC(*)C(=O)NC(CC)C(CC)COC(C)C,45.0
*CC(*)C(=O)NC(CC)NC(C)=N/C=C/C(=O)OCC(=O)OCC,65.0
*CC(*)C(=O)NC(CCCCCCCCC)N(CCCC)C(=O)OCCCC,-20.0
*CC(*)C(=O)NC(Cl)(Cc1ccccc1)S(=O)(=O)O,150.0
*CC(*)C(=O)NC(F)(F)C(F)(F)C(F)(F)C(F)(F)C(F)(F)C(F)(F)C(F)(F)C(F)(F)C(F)(F)C(F)(F)C(F)(F)C(F)(F)C(F)(F)F,85.0
*CC(*)C(=O)NC1CCCC1(C)C,150.0
*CC(*)C(=O)NCC(F)(F)CC[Si](C)(C)C(F)(F)Cl,65.0
*CC(*)C(=O)NCCC(F)(F)C(F)(F)C(F)(F)C(F)(F)C(F)(F)C(F)(F)C(F)(F)C(F)(F)C(F)(F)C(F)(F)C(F)(F)C(F)F,45.0
*CC(*)C(=O)NCCC(F)(F)C(F)(F)C(F)(F)F,65.0
*CC(*)C(=O)NCCCCC(=O)OCCCCCCCCCCCCCC,-40.0
*CC(*)C(=O)NCCCCCC(C)CCCCCC,-30.0
*CC(*)C(=O)NCCCCCCCCCNC(=O)Oc1ccccc1,40.0
*CC(*)C(=O)NCCCCCCCCNC(=O)c1ccc(N(C)C(=O)[O][Na])cc1,90.0
*CC(*)C(=O)NCCCCCCOc1ccccc1CCC,-10.0
*CC(*)C(=O)NCCCCC[N+](C)(C)CCCCC,45.0
*CC(*)C(=O)NCCCF,90.0
*CC(*)C(=O)NCCOCC(Br)=C(C#N)C(=O)OC,85.0
*CC(*)C(=O)NCCOc1ccc(/C=N/c2ccc(Br)cc2)c(C)c1,130.0
*CC(*)C(=O)NCC[N+](NC(=O)Oc1ccccc1)OC(C)=O,130.0
*CC(*)C(=O)NCNC(=O)OCc1ccc(OCCCC)cc1,65.0
*CC(*)C(=O)NC[Si](C)(C)CCBr,55.0
*CC(*)C(=O)NCc1ccc(C)cc1C,130.0
*CC(*)C(=O)NNC(=O)N(CC)NCC,90.0
*CC(*)C(=O)NNC(=O)OCc1ccccc1,140.0
*CC(*)C(=O)NNC(=O)c1ccc([Si](C)(C)c2ccc(F)cc2)cc1,130.0
*CC(*)C(=O)Nc1cc(NCC(C)C)c(C(=O)[O][Na])c(C(=O)O)c1,180.0
*CC(*)C(=O)Nc1cc(OCC(C)CC)ccc1/C=C/c1ccc(CCl)cc1,130.0
*CC(*)C(=O)Nc1ccc(C(=O)Nc2cc(N)nc(Cl)c2)cc1C,210.0
*CC(*)C(=O)Nc1ccc(C(=O)Oc2ccc(-c3ccc(OCCCC)cc3)cc2)cc1,140.0
*CC(*)C(=O)Nc1ccc(Cl)c(C)c1,170.0
*CC(*)C(=O)Nc1ccc(N(CC)C(=O)CC(F)(F)C(F)(F)C(F)(F)C(F)(F)C(F)(F)C(F)(F)C(F)(F)COC(F)(F)C(F)(F)C(F)(F)C(F)(F)C(F)(F)C(F)(F)C(F)(F)F)cc1,65.0
*CC(*)C(=O)Nc1ccc(NC(=O)OCCCCC)cc1,130.0
*CC(*)C(=O)Nc1ccc(OCCBr)cc1,130.0
*CC(*)C(=O)Nc1cccc(C(=O)Oc2ccc(OCCC)cc2)c1,120.0
*CC(*)C(=O)Nc1cccc(OCC(C)C)c1,120.0
*CC(*)C(=O)Nc1ccccc1CC(O)CO,130.0
*CC(*)C(=O)OC(=O)CCN(C)c1ccc(C(C)(C)c2ccc(OCCCCCC)cc2)cc1,35.0
*CC(*)C(=O)OC(=O)c1ccc(C#N)cc1,150.0
*CC(*)C(=O)OC(=O)c1ccccc1OC,60.0
*CC(*)C(=O)OC(C(C)C)C(CC(C)(C)C)C(F)(F)F,85.0
*CC(*)C(=O)OC(C)(C)c1cc(C)c(OC(C)=O)c(C)c1C,120.0
*CC(*)C(=O)OC(C)(CC(F)(F)F)C([2H])([2H])Cl,65.0
*CC(*)C(=O)OC(C)Br,45.0
*CC(*)C(=O)OC(C)C([2H])CN(CC)COC,-30.0
*CC(*)C(=O)OC(C)CCCOC(F)(F)C(F)(F)C(F)(F)C(F)(F)C(F)(F)C(F)F,-30.0
*CC(*)C(=O)OC(C)CCOCCCC,-50.0
*CC(*)C(=O)OC(C)COC(=O)c1ccc(OCCCCCC)cc1,-20.0
*CC(*)C(=O)OC(C)OC(C)C,-20.0
*CC(*)C(=O)OC(C)OC(C)C(C)C,-20.0
*CC(*)C(=O)OC(C)OC(C)COC(C)(C)C,-20.0
*CC(*)C(=O)OC(C)OCCc1ccc(F)cc1Cl,45.0
*CC(*)C(=O)OC(CC(C)C)c1ccc(C(=O)OCCCCC)cc1,20.0
*CC(*)C(=O)OC(CCC)CCC,-40.0
*CC(*)C(=O)OC(CCCO)O[Si](C)(C)C,-20.0
*CC(*)C(=O)OC(CC[N+](C)(C)C)OC,60.0
*CC(*)C(=O)OC(CCl)CCCCCC(F)(F)C(F)(F)C(F)(F)C(F)(F)C(F)(F)C(F)(F)F,-20.0
*CC(*)C(=O)OC(CO)OC(C)(C)C,45.0
*CC(*)C(=O)OC(COC(C)=O)C(F)(F)F,45.0
*CC(*)C(=O)OC(COC(C)OC(C)C)C(O)C(O)C(C)(C)C,-15.0
*CC(*)C(=O)OC(Cl)(C(F)(F)F)C(F)(F)C(F)(F)C(F)(F)C(F)(F)C(F)(F)C(F)(F)F,65.0
*CC(*)C(=O)OC(Cl)CO,65.0
*CC(*)C(=O)OC(F)(COCCOC)OCCOCCOCCOCCOCCOCCOCCOCCOC,-55.0
*CC(*)C(=O)OC([2H])(C(F)(F)F)C(F)(F)C(F)(F)C(F)(F)C(F)(F)C(F)(F)C(F)(F)C(F)(F)C(F)(F)C(F)(F)C(F)(F)C(F)(F)C(F)(F)C(F)(F)C(F)(F)Cl,65.0
*CC(*)C(=O)OC([2H])(Cl)Cl,60.0
*CC(*)C(=O)OC([2H])(F)C(F)(F)C(F)(F)C(F)(F)C(F)(F)C(F)(F)C(F)(F)C(F)(F)F,25.0
*CC(*)C(=O)OC1C=c2ccccc2=C1,120.0
*CC(*)C(=O)OC1CC1N,85.0
*CC(*)C(=O)OC1CCC(C)O1,20.0
*CC(*)C(=O)OCC#Cc1ccc(CNCCCCCCCC)cc1,45.0
*CC(*)C(=O)OCC(=O)OC(C)CC,-10.0
*CC(*)C(=O)OCC(C)(CC)C(C)C,40.0
*CC(*)C(=O)OCC(C)(COC(C)=O)C(=O)OC,45.0
*CC(*)C(=O)OCC(C)CCC(O)C(C)C,-20.0
*CC(*)C(=O)OCC(CC)COC(=O)C(F)(F)C(F)(F)C(F)(F)C(F)(F)C(F)(F)C(F)(F)C(F)(F)C(F)(F)C(F)(F)F,5.0
*CC(*)C(=O)OCC(F)(F)C(F)(F)C(F)(F)C(F)(F)C(F)(F)Br,45.0
*CC(*)C(=O)OCC(F)(F)C(F)(F)C(F)(F)C(F)(F)C(F)(F)OC(F)(F)C(F)(F)F,15.0
*CC(*)C(=O)OCC(F)(F)C(F)(F)C(F)(OC(F)(F)F)OC(F)(F)C(F)(F)C(F)(F)C(F)(F)C(F)(F)C(F)(F)F,-10.0
*CC(*)C(=O)OCC(O)COc1ccc(C(=O)Oc2ccc(-c3ccc(F)cc3)cc2)cc1,95.0
*CC(*)C(=O)OCC(O)COc1ccc(C(=O)Oc2ccc(OC(C)CCC)cc2)cc1,45.0
*CC(*)C(=O)OCC(O)C[Si](C)(C)C#Cc1ccc(S(=O)(=O)O)cc1,85.0
*CC(*)C(=O)OCC([2H])(Cl)C(F)(F)F,55.0
*CC(*)C(=O)OCC1(C)CCCCCCO1,-20.0
*CC(*)C(=O)OCC1(CBr)CCC1O,70.0
*CC(*)C(=O)OCC1(CC)CCCCC(OC(C)=O)C1(C)C,55.0
*CC(*)C(=O)OCC1(OC)CO1,45.0
*CC(*)C(=O)OCCC(=O)Oc1ccc2ccccc2c1,45.0
*CC(*)C(=O)OCCC(C)(C)OCCOC,-40.0
*CC(*)C(=O)OCCC(C)(O)COCc1ccc([N+](=O)[O-])cc1,45.0
*CC(*)C(=O)OCCC(C)Oc1ccccc1,-20.0
*CC(*)C(=O)OCCC(CO)COC(C)COCCOC,-30.0
*CC(*)C(=O)OCCC1CCO1,-20.0
*CC(*)C(=O)OCCCC1CCOC1,-15.0
*CC(*)C(=O)OCCCCC(=O)Oc1ccc(C(C)(C)c2ccc(OCCC)cc2)cc1,15.0
*CC(*)C(=O)OCCCCCCC(=O)N(CCl)CCCCCCCC,-30.0
*CC(*)C(=O)OCCCCCCC(=O)OCCCCCCCCCCCCCCOc1ccc(-c2ccc(OCC)cc2)cc1,-25.0
*CC(*)C(=O)OCCCCCCC(=O)Oc1ccc(OC(=O)c2ccc(OCCCCCC)cc2)cc1,-15.0
*CC(*)C(=O)OCCCCCCCCCCCCC(=O)OCCCCCCOc1ccc([N+](=O)[O-])cc1,-20.0
*CC(*)C(=O)OCCCCCCCCCCCCCCCCCCCCOc1ccc(-c2ccc(OCCCCCCCCC)cc2)cc1,-30.0
*CC(*)C(=O)OCCCCCCCCCCCCCCCCCCOc1ccc(C(=O)Oc2ccc(C(=O)Oc3ccc(C(C)(C)C)cc3)cc2)cc1,-10.0
*CC(*)C(=O)OCCCCCCCCCCCCCCCCOc1ccc(C(=O)Oc2ccc(OC)cc2)cc1,-20.0
*CC(*)C(=O)OCCCCCCCCCCCCCCCCOc1ccccc1-c1ccc(C)cc1,-30.0
*CC(*)C(=O)OCCCCCCCCCCCCCCCOC(=O)/C=C/c1ccc(/N=N/c2ccc([N+](=O)[O-])cc2)cc1,-20.0
*CC(*)C(=O)OCCCCCCCCCCCCCCC[N+](F)(F)C(F)(F)C(F)(F)C(F)(F)C(F)(F)C(F)(F)F,-30.0
*CC(*)C(=O)OCCCCCCCCCCCCCCOc1ccc(-c2ccc(-c3ccc(-c4ccc(-c5ccccc5)cc4)cc3)cc2)cc1,30.0
*CC(*)C(=O)OCCCCCCCCCCCCCCOc1ccc(/N=N/c2ccc(OCC(=O)OC)cc2)cc1,-20.0
*CC(*)C(=O)OCCCCCCCCCCCCCn1c2ccccc2c2ccccc21,-20.0
*CC(*)C(=O)OCCCCCCCCCCCCOC(=O)C(C)O,-40.0
*CC(*)C(=O)OCCCCCCCCCCCCOP(=O)(O)Oc1ccccc1,-30.0
*CC(*)C(=O)OCCCCCCCCCCCCOc1ccc(C(=O)Oc2ccc(OCCOCCOCCOCCOCCOCCOCCOCCOCCOCCOC)cc2)cc1,-30.0
*CC(*)C(=O)OCCCCCCCCCCCCOc1ccc(S(=O)(=O)c2ccc(OCCCC)cc2)cc1,-20.0
*CC(*)C(=O)OCCCCCCCCCCCOC(=O)Nc1ccc(C)cc1,-20.0
*CC(*)C(=O)OCCCCCCCCCCCOc1ccc(/N=N/c2ccc(COCCOCCOCCOCCOCCOC)cc2)cc1,-25.0
*CC(*)C(=O)OCCCCCCCCCCCOc1ccc(OC(=O)c2ccc(OCCCCCC)cc2)cc1,-30.0
*CC(*)C(=O)OCCCCCCCCCCOc1ccc(/N=N/c2ccc(OC([2H])(F)Cl)cc2)cc1,10.0
*CC(*)C(=O)OCCCCCCCCCCOc1ccc(OC(=O)c2ccc(OC(=O)c3ccc(OCCC)cc3)cc2)cc1,5.0
*CC(*)C(=O)OCCCCCCCCCOc1ccc(-c2ccc(OCCC(C)C)cc2)cc1,-20.0
*CC(*)C(=O)OCCCCCCCCCOc1ccc(N(C)C)cc1,-30.0
*CC(*)C(=O)OCCCCCCCCCOc1ccc(OC(=O)c2ccc(OCCOCCOC)cc2)cc1,-20.0
*CC(*)C(=O)OCCCCCCCCN(CCCC)COC(F)(F)F,-40.0
*CC(*)C(=O)OCCCCCCCCOc1ccc(-c2ccc(C(=O)OCCCC)cc2)cc1,-20.0
*CC(*)C(=O)OCCCCCCCCOc1ccc(-c2ccc(CC)cc2Br)cc1,-20.0
*CC(*)C(=O)OCCCCCCCCOc1ccc(-c2ccc(OCCCCCCCC)cc2)cc1,-20.0
*CC(*)C(=O)OCCCCCCCCOc1ccc(-c2ccc([Si](C)(C)C)cc2)cc1,-10.0
*CC(*)C(=O)OCCCCCCCCOc1ccc(/C=C/c2ccc(OCCCC)cc2)cc1,10.0
*CC(*)C(=O)OCCCCCCCCOc1ccc(CCNNC(=O)c2ccc(C(=O)OC(C)=O)cc2)cc1,-10.0
*CC(*)C(=O)OCCCCCCCCOc1ccc([N+](=O)[O-])cc1,-30.0
*CC(*)C(=O)OCCCCCCCC[N+](Oc1ccccc1)(C(F)(F)F)C(F)(F)F,-20.0
*CC(*)C(=O)OCCCCCCCOc1ccc(-c2ccc(C#N)cc2)cc1,30.0
*CC(*)C(=O)OCCCCCCCOc1ccc(CCCCCCOc2ccc(OCC)cc2)cc1,-20.0
*CC(*)C(=O)OCCCCCCCOc1ccc(NC(=O)c2ccc(OCc3ccc(OCc4ccccc4)cc3)cc2)cc1,15.0
*CC(*)C(=O)OCCCCCCCOc1ccc(S(=O)(=O)c2ccc(OCCCCCCCCC)cc2)cc1,-20.0
*CC(*)C(=O)OCCCCCCN(C)c1c(C)cc(C)cc1O,-15.0
*CC(*)C(=O)OCCCCCCOC(=O)OCCOC(C)(C)COC,-40.0
*CC(*)C(=O)OCCCCCCOC(=O)c1ccc(OC(=O)c2ccc(C(=O)OCCC)cc2)cc1,-10.0
*CC(*)C(=O)OCCCCCCOc1c(C)cc(Br)cc1Cl,-10.0
*CC(*)C(=O)OCCCCCCOc1ccc(/N=C/c2ccc(OC)cc2)cc1,10.0
*CC(*)C(=O)OCCCCCCOc1ccc(C(=O)C(F)(F)F)cc1,10.0
*CC(*)C(=O)OCCCCCCOc1ccc(C(=O)Nc2ccc(S(=O)(=O)c3ccc(OC)cc3)cc2)cc1,45.0
*CC(*)C(=O)OCCCCCCOc1ccc(C(=O)Oc2ccc(OC(=O)c3ccc(OC)cc3)cc2)cc1,45.0
*CC(*)C(=O)OCCCCCCOc1ccc(CCCCCCCCCCOc2ccccc2-c2ccccc2)cc1,-10.0
*CC(*)C(=O)OCCCCCCOc1ccc(OC(=O)c2ccc(OC(=O)CCCCCCCCCC(C)(C)C#N)cc2)cc1,-20.0
*CC(*)C(=O)OCCCCCCOc1ccc(OC(=O)c2ccc(OCc3ccc(OCC(CC)CCCCCCCC)cc3)cc2)cc1,-20.0
*CC(*)C(=O)OCCCCCCOc1cccc(N(CC)CC)c1,-20.0
*CC(*)C(=O)OCCCCCC[N+](C)(C)CCCOC(=O)OCCC,-30.0
*CC(*)C(=O)OCCCCCOc1ccc(-c2ccc(C(=O)OCc3ccc(OC)cc3)cc2)cc1,45.0
*CC(*)C(=O)OCCCCCOc1ccc(-c2ccc(S(=O)(=O)O)cc2)cc1,45.0
*CC(*)C(=O)OCCCCCOc1ccc(C(=O)OCCCCCCCC)cc1,-30.0
*CC(*)C(=O)OCCCCCOc1ccc(C(=O)Oc2cc(C(=O)O)cc(C(=O)O)c2C)c(C)c1,45.0
*CC(*)C(=O)OCCCCCOc1ccc(C(=O)Oc2ccc(-c3ccc(C#N)cc3)cc2)cc1,65.0
*CC(*)C(=O)OCCCCCOc1ccc(C2CCCC(CCCCCC)CC2)cc1,-20.0
*CC(*)C(=O)OCCCCOC(=O)C(CCl)C(C)(C)C,-20.0
*CC(*)C(=O)OCCCCOC(=O)C(F)(F)Cl,-20.0
*CC(*)C(=O)OCCCCOC(=O)Oc1ccc(OC(=O)COc2ccc(-c3ccc(C#C)cc3)cc2)cc1,45.0
*CC(*)C(=O)OCCCCOCC,-40.0
*CC(*)C(=O)OCCCCOc1ccc(-c2ccc(OCCC)cc2)cc1,30.0
*CC(*)C(=O)OCCCCOc1ccc(/C=N/c2ccc(C#N)cc2)cc1,60.0
*CC(*)C(=O)OCCCCOc1ccc(/N=N/c2ccc(OCCC)c(Br)c2)cc1,45.0
*CC(*)C(=O)OCCCCOc1ccc(C(=O)Oc2ccc(C(=O)Oc3ccc(/N=N/c4ccc(OC)cc4)cc3)cc2)cc1,90.0
*CC(*)C(=O)OCCCCOc1ccc(OC(=O)CCCCCC)cc1,-15.0
*CC(*)C(=O)OCCCCOc1ccc(OC(=O)c2ccc([N+](=O)[O-])cc2)nc1,45.0
*CC(*)C(=O)OCCCCOc1ccc(OCCOc2ccc(Cl)cc2)cc1,15.0
*CC(*)C(=O)OCCCCSCCCCCC,-50.0
*CC(*)C(=O)OCCCC[N+](=O)[O-],-30.0
*CC(*)C(=O)OCCCC[SH](=O)(N=O)OCCO,-20.0
*CC(*)C(=O)OCCCC[Si](C)(C)CC,-60.0
*CC(*)C(=O)OCCCNC(=O)c1ccc(C(=O)OC)cc1,55.0
*CC(*)C(=O)OCCCOC(F)(F)Cl,-20.0
*CC(*)C(=O)OCCCOc1ccc(C(=O)OCc2ccc([N+](=O)[O-])cc2)cc1,45.0
*CC(*)C(=O)OCCCOc1ccc(S(=O)(=O)c2ccc(C#N)cc2)cc1,55.0
*CC(*)C(=O)OCCCS(=O)(=O)C(O)(Cl)Cl,45.0
*CC(*)C(=O)OCCN(C)C(C)CO,-20.0
*CC(*)C(=O)OCCN(C)CCCOC(=O)Nc1ccc(Sc2ccccc2)cc1,15.0
*CC(*)C(=O)OCCN(C)N(CC)C(=O)Oc1ccc(/N=N/c2ccc(F)cc2)cc1,85.0
*CC(*)C(=O)OCCN(C)c1ccc(N(C)C)c(C)c1,45.0
*CC(*)C(=O)OCCN(C)c1ccc(OC[PH](C)(C)C)cc1,45.0
*CC(*)C(=O)OCCN(CC(C)C)OC,-30.0
*CC(*)C(=O)OCCN(CC(C)C)OC(F)(F)C(F)(F)C(F)(F)C(F)(F)C(F)(F)C(F)(F)F,25.0
*CC(*)C(=O)OCCN(CC)CCSC,-30.0
*CC(*)C(=O)OCCN(CC)S(=O)(=O)C(F)(F)C(F)(F)C(F)(F)C(F)(F)C(F)(F)C(F)(F)C(F)(F)C(F)(F)C(F)(F)C(F)(F)C(F)(F)C(F)(F)F,10.0
*CC(*)C(=O)OCCN(CC)c1ccc(/N=N/c2ccc(/N=N/c3ccc(OC)cc3)cc2)cc1,130.0
*CC(*)C(=O)OCCN(CC)c1ccc(/N=N/c2ccc(C=O)cc2)cc1,90.0
*CC(*)C(=O)OCCN(CCC)CN(C)C,-20.0
*CC(*)C(=O)OCCN1CCCCCC1,-10.0
*CC(*)C(=O)OCCNc1ccc(Br)cc1,45.0
*CC(*)C(=O)OCCOC(=O)NCC(F)(F)F,45.0
*CC(*)C(=O)OCCOC(C)CCCCC,-50.0
*CC(*)C(=O)OCCOCC(=O)OC1CCCC(C(=O)OCC)O1,-20.0
*CC(*)C(=O)OCCOCC(O)COCCOCC,-40.0
*CC(*)C(=O)OCCOCCOC(=O)c1ccc(C)cc1,-20.0
*CC(*)C(=O)OCCOCCOC(=O)c1ccc(OCC)cc1,-20.0
*CC(*)C(=O)OCCOCCOCCOC(=O)c1ccc(OC(=O)COc2ccc(/C=C/C(=O)Oc3ccc([N+](=O)[O-])cc3)cc2)cc1,25.0
*CC(*)C(=O)OCCOCCOCCOCCN(CC)c1ccc(/N=N/c2ccc([N+](=O)[O-])cc2)cc1,30.0
*CC(*)C(=O)OCCOCCOCCOCCOC(C)OC,-55.0
*CC(*)C(=O)OCCOCCOCCOCCOCCOCCOCCOCCOCCC#N,-55.0
*CC(*)C(=O)OCCOCCOCCOCCOCCOc1ccc(C(=O)Oc2ccc(/N=N/c3ccccc3)cc2)cc1,10.0
*CC(*)C(=O)OCCOCCOCCOc1ccc(C(=O)OCc2ccc(OCCCC)cc2)cc1,-20.0
*CC(*)C(=O)OCCOCCOc1ccc(OC(=O)c2ccc(OCC(C)CCCCCC)cc2)cc1,-20.0
*CC(*)C(=O)OCCOCCOc1ccc(S(=O)(=O)c2ccc(OC(C)CC)cc2)cc1,15.0
*CC(*)C(=O)OCCOc1ccc(/C=C/c2ccc(Cl)cc2)cc1,90.0
*CC(*)C(=O)OCCOc1ccc(/N=N/c2ccc(C=O)cc2)cc1,90.0
*CC(*)C(=O)OCCOc1ccc(/N=N/c2ccc(OC(=O)Cl)cc2)cc1,90.0
*CC(*)C(=O)OCCOc1ccc(C(=O)Oc2ccc(C(=O)Oc3ccc(OCCC)cc3)cc2)cc1,90.0
*CC(*)C(=O)OCCOc1ccc(C(=O)c2ccc(OC)cc2)cc1,45.0
*CC(*)C(=O)OCCOc1ccc(C(=O)c2ccccc2O)cc1,40.0
*CC(*)C(=O)OCCOc1ccc(OC(=O)c2ccc(C(=O)Oc3ccc(/N=N/c4ccc(OCCOC)cc4)cc3)cc2)cc1C,80.0
*CC(*)C(=O)OCCOc1ccc(OC(=O)c2ccc(OCC#C)cc2)cc1,45.0
*CC(*)C(=O)OCCSCOC(=O)OCCCCC,-40.0
*CC(*)C(=O)OCC[N+](C)(C)C(C)C,80.0
*CC(*)C(=O)OCC[N+](C)(C)CCc1ccc(-c2ccc(C#N)cc2)cc1,130.0
*CC(*)C(=O)OCC[N+](C)(C)COC(=O)N(CC)CC,60.0
*CC(*)C(=O)OCC[N+](C)(F)C(F)(F)C(F)(F)C(F)(F)C(F)(F)C([2H])(F)F,70.0
*CC(*)C(=O)OCC[N+](N)(CC)CCC,60.0
*CC(*)C(=O)OCC[PH](C)(C)CCCCC,-20.0
*CC(*)C(=O)OCC[Si](C)(C)CCCN(C)C,-60.0
*CC(*)C(=O)OCCc1ncc(F)cc1F,55.0
*CC(*)C(=O)OCN(CC)c1ccc(/N=N/c2ccc([N+](=O)[O-])cc2)cc1,110.0
*CC(*)C(=O)OCOCCOCCOCCOc1ccc(/N=N/c2ccc([N+](=O)[O-])cc2)cc1,15.0
*CC(*)C(=O)OC[Si](C)(C)CCCCCC,-70.0
*CC(*)C(=O)OC[Si](C)(C)CCCOC(=O)OC,-30.0
*CC(*)C(=O)OCc1c(C)cc(Cl)c(F)c1F,85.0
*CC(*)C(=O)OCc1c(Cl)cc(C)cc1OC,65.0
*CC(*)C(=O)OCc1ccc(-c2ccc(C#N)cc2)cc1,130.0
*CC(*)C(=O)OCc1ccc(COC(C)=O)cc1,40.0
*CC(*)C(=O)OCc1ccc(F)c(Cl)c1,55.0
*CC(*)C(=O)OCc1ccc(OC(=O)CCCCC)cc1,10.0
*CC(*)C(=O)OCc1ccc(OC)c(C=C(/C=C/N=C/c2ccccc2)N(C)CCCC)c1,65.0
*CC(*)C(=O)OCc1ccc(OCCCCC)cc1,-10.0
*CC(*)C(=O)OCc1ccccc1CC(C)C,45.0
*CC(*)C(=O)OCc1cnc(Br)c(C)c1,65.0
*CC(*)C(=O)Oc1c([2H])c(Cl)c(F)c(F)c1F,75.0
*CC(*)C(=O)Oc1cc(Cl)ccc1C,85.0
*CC(*)C(=O)Oc1cc(Cl)ccc1C(=O)OCCN(CC)CCOCCOC,20.0
*CC(*)C(=O)Oc1cc(F)c(F)c(Br)c1Cl,95.0
*CC(*)C(=O)Oc1ccc(C(=O)Nc2ccc(-c3ccc(C)cc3)cc2)cc1,165.0
*CC(*)C(=O)Oc1ccc(C(=O)OCCOCCOCC(=O)c2ccc(OCC)cc2)cc1,5.0
*CC(*)C(=O)Oc1ccc(C(=O)Oc2ccc(OCCOC)cc2)cc1,40.0
*CC(*)C(=O)Oc1ccc(C(=O)Oc2ccccc2C(F)(F)F)c([N+](=O)[O-])c1,130.0
*CC(*)C(=O)Oc1ccc(C(=O)c2ccc(OCCC)cc2)cc1,45.0
*CC(*)C(=O)Oc1ccc(CCl)cc1,90.0
*CC(*)C(=O)Oc1ccc(COCCN(C)C)c(Cl)c1,45.0
*CC(*)C(=O)Oc1ccc(COCCOCCOC)cc1,-20.0
*CC(*)C(=O)Oc1ccc(F)c(Cl)c1,90.0
*CC(*)C(=O)Oc1ccc(NC(=O)c2ccc(C(=O)Oc3ccc(OCCC)cc3)cc2)cc1,145.0
*CC(*)C(=O)Oc1ccc(OCCN(C)C)cc1,45.0
*CC(*)C(=O)Oc1cccc(OC(=O)CCCCOc2ccc(-c3ccc(OC)cc3)cc2)c1,45.0
*CC(*)C(=O)SOc1cocc1C(=O)O,85.0
*CC(*)C(=O)S[Si](C)(CBr)CCCC,-40.0
*CC(*)C(=O)[N+](C)(C)CCC(F)(C(F)F)C(F)(F)F,130.0
*CC(*)C(=O)[N+](Cl)C(O)(Cl)Cl,120.0
*CC(*)C(=O)[N+]C(=O)OCCCCCCOc1ccc(C(=O)Oc2ccc(-c3ccc(C(=O)OCCOCCOCCOCCOCCOCCOCCOCCOCCOCC)cc3)cc2)cc1,-20.0
*CC(*)C(=O)[SH](C)(=O)C1CN(CCOCCOCCOC)CO1,-20.0
*CC(*)C(=O)[SH](C)(C)CO,45.0
*CC(*)C(=O)c1ccc(C(=O)OC(C)CO)cc1,45.0
*CC(*)C(=O)c1ccc(C(=O)Oc2ccc(C(=O)OC)cc2)cc1,90.0
*CC(*)C(=O)c1ccc(N(C)O)c(C)c1,90.0
*CC(*)C(=O)c1ccc(OC(=O)CCCCCCCCC(=O)Oc2ccc(-c3ccccc3)cc2)cc1,45.0
*CC(*)C(=O)c1ccc(OC)cc1,65.0
*CC(*)C(=O)c1ccc(S(=O)(=O)O)c(C(F)(F)F)c1,150.0
*CC(*)C(=O)c1cccc(O[Si](C)(C)C)c1,55.0
*CC(*)C(=O)c1nc(OCCCF)c(F)s1,45.0
*CC(*)C(=S)OCCCCCC(=O)OCc1ccccc1,-30.0
*CC(*)C(C)C(=O)OCCCCCCCOc1cccc(C(=O)OCCCCCCCCCCC)c1,-35.0
*CC(*)C(C)CC(Cl)Cl,-10.0
*CC(*)C(C)CCC(=O)c1ccccc1,-20.0
*CC(*)C(CC)C(C)CC,-30.0
*CC(*)C(Cl)C(=O)N(CC)[P+]Cl,95.0
*CC(*)C(Cl)C(C)C#Cc1ccc(O)c(C)c1,120.0
*CC(*)C(F)C(F)(F)C(F)(F)C(F)(F)C(F)(F)C(F)(F)C(F)(F)C(F)(F)C(F)(F)F,45.0
*CC(*)C(O)COC(C)C(=O)OC,-20.0
*CC(*)C1=CC=CC(=O)C1,110.0
*CC(*)C1CCN(CCOC(=O)c2ccc(S(=O)(=O)CC)cc2)C1C(=O)OCCCCCCCCCCCC,-30.0
*CC(*)C1COC(=O)C1,55.0
*CC(*)CC(=O)NCCC(=O)O,45.0
*CC(*)CC(=O)OC(C)CC,-30.0
*CC(*)CC(CC)(CCC)C(=O)OCCCC,-40.0
*CC(*)CC(O)(N(C)C)[SH](C)(=O)CCCS(=O)(=O)O,85.0
*CC(*)CCC(=O)N(CC)C(=O)O[CH2][Na],45.0
*CC(*)CCC(=O)OC(C)(C)CC,-40.0
*CC(*)CCC(C)C(=O)OCC,-40.0
*CC(*)CCC(C)C(C)CCSC,-50.0
*CC(*)CCC(CC([2H])(F)F)C(F)(F)F,-40.0
*CC(*)CCCC(=O)NCC(CC)CCCCCC,-45.0
*CC(*)CCCCC(F)(F)C(F)(F)F,-50.0
*CC(*)CCCCC1CCCCCC1,-55.0
*CC(*)CCCCCCCCCCOC(=O)CCCCCCCCCCCCCCCCOc1ccc(/N=N/c2ccc(OCCCCCC)cc2)cc1,-20.0
*CC(*)CCCCCOc1ccc(C)cc1,-40.0
*CC(*)CCCCN(C)CCC,-50.0
*CC(*)CCCl,-30.0
*CC(*)CCS(=O)(=O)c1ccc(F)cc1,45.0
*CC(*)CCc1ccc(C)c(C#N)c1,55.0
*CC(*)CCc1nnc(B)nc1C,40.0
*CC(*)CN(CC)[SH](=O)(c1ccccc1)c1ccccc1,90.0
*CC(*)CNC(=O)C(C)(C)CC,45.0
*CC(*)CNC(=O)OC(CC)CCC,-15.0
*CC(*)CNC(=O)OCc1ccccc1C,45.0
*CC(*)CNC(=O)c1ccc(C(=O)Oc2ccc(F)cc2)cc1,95.0
*CC(*)CNC(=O)c1ccccc1C(=O)OCCCCCCCCCC,-20.0
*CC(*)CNc1ccc(CSC(=O)NC(C)C(=O)OCCCCCCCCC)cc1,-20.0
*CC(*)COC(=O)c1ccc(/N=N\c2ccc(C#N)cc2)cc1,95.0
*CC(*)COC(C)(C)COC(=O)NC(C)OCC,-20.0
*CC(*)COCc1ccn(F)c1F,45.0
*CC(*)COc1ccc(C(=O)Oc2ccc(/C=C/c3ccccc3)cc2)cc1,90.0
*CC(*)COc1ccc(C(=O)Oc2ccc(OC(=O)c3ccc(OC)cc3)cc2)cc1,90.0
*CC(*)COc1ccc(OC(=O)c2ccc(OCCOCCOCCOCCOCCOC)cc2)cc1,-20.0
*CC(*)CP(=O)(O)OC[N+](O)(O)O,45.0
*CC(*)CSC(C)(C)C,-20.0
*CC(*)CSCC(=O)Nc1ccc(C(=O)OC)cc1,45.0
*CC(*)CSCCCCCCCCCC,-60.0
*CC(*)Cc1cc(C#C)ccc1Cl,90.0
*CC(*)Cc1ccc(OC)c(CO)c1,45.0
*CC(*)N(C)C(=O)OCCOCC(F)(F)C(F)(F)C(F)(F)C(F)(F)C(F)(F)C(F)(F)C(F)(F)F,-10.0
*CC(*)N(C)CCCCCOc1ccc(C(=O)Oc2ccc(/C=C/c3ccc([N+](=O)[O-])cc3)cc2)cc1,65.0
*CC(*)N(C)c1cc(Br)c(F)c(F)c1F,110.0
*CC(*)NC(=O)C(C)(C)CC(=O)O,90.0
*CC(*)NC(=O)OCCCCCCCCCCCCCCCN,-35.0
*CC(*)NC(=O)c1cc(C(=O)OC)ccc1O,130.0
*CC(*)NCCC(=O)NCCOCCOCCOCCOC,-40.0
*CC(*)NC[PH](C)(CC)CCCC,-40.0
*CC(*)Nc1ccccc1COC(C)O,65.0
*CC(*)OC(=O)C(C)(C)CCC(C)C,-30.0
*CC(*)OC(=O)C(C)=N,45.0
*CC(*)OC(=O)C(C)C,-20.0
*CC(*)OC(=O)C(CC)CCCCCC,-55.0
*CC(*)OC(=O)C(CC)CN(C)C,-30.0
*CC(*)OC(=O)C(Cl)C([2H])Cl,40.0
*CC(*)OC(=O)C(F)(F)C(=O)OCC(F)F,30.0
*CC(*)OC(=O)C(F)(F)C(F)(F)C(F)(F)CC(F)(F)F,-20.0
*CC(*)OC(=O)C(F)(F)C(F)(F)C(F)(F)COC(F)(F)C(F)(F)C(F)(F)C(F)(F)C(F)(F)F,-20.0
*CC(*)OC(=O)C(O)C(F)(F)C(F)(F)C(F)(F)C(F)F,45.0
*CC(*)OC(=O)CC(C)CCC(=O)OCC(F)(C(F)(F)F)C(CO)(C(F)(F)F)C(F)(F)F,45.0
*CC(*)OC(=O)CC(F)(F)C(F)(F)C(F)(F)C(F)(F)C(F)(F)C(F)(F)C(F)(F)C(F)(F)OC(F)(F)C(F)(F)F,-30.0
*CC(*)OC(=O)CC1(C)CCCC(C)C1,-30.0
*CC(*)OC(=O)CCCC(=O)Oc1ccc(/N=N/c2ccc([N+](=O)[O-])cc2)cc1,45.0
*CC(*)OC(=O)CCCC(C)(C)C,-40.0
*CC(*)OC(=O)CCCCCCCCCCCCOc1ccc(-c2ccc(C=O)cc2)cc1,-10.0
*CC(*)OC(=O)CCCCCCCCC[O][Na],-40.0
*CC(*)OC(=O)CCCCC[As]1CCCCC1,-30.0
*CC(*)OC(=O)CCCCOc1ccc(-c2ccc(OCCCCCCCC)cc2)cc1,-20.0
*CC(*)OC(=O)CCCCOc1ccc(/N=N/c2ccccc2)cc1,45.0
*CC(*)OC(=O)CN(C)c1ccc(N(C)C)cc1,45.0
*CC(*)OC(=O)N(C)c1ccccc1,65.0
*CC(*)OC(=O)OC(C)(C)C[N+](C)(C)CS,45.0
*CC(*)OC(=O)OCC(C)(C)CCC,-20.0
*CC(*)OC(=O)OCC[N+](C)(Cl)COc1ccc(OC(=O)c2ccc(OCCOc3ccc(/N=N/c4ccc([N+](=O)[O-])cc4)cc3)cc2)cc1,95.0
*CC(*)OC(=O)Oc1ccc(C(C)(C)C)cc1,90.0
*CC(*)OC(=O)Oc1ccc(F)cc1F,90.0
*CC(*)OC(=O)c1c(Cl)cc(Cl)c([2H])c1[2H],65.0
*CC(*)OC(=O)c1cc(OC)c(OC)c(OC)c1,45.0
*CC(*)OC(=O)c1cc(SCCC)ccc1C(OC)C(C)(C)C,45.0
*CC(*)OC(=O)c1ccc(/C=N/c2ccc(C#N)cc2)cc1,110.0
*CC(*)OC(=O)c1ccc(/N=N/c2ccc(C(C)C)cc2)cc1,65.0
*CC(*)OC(=O)c1ccc(C(=O)OCCOc2ccc(/N=N/c3ccc(C#Cc4ccccc4)cc3)cc2)c(Br)c1,95.0
*CC(*)OC(=O)c1ccc(C(=O)Oc2ccc(C(C)(C)c3ccccc3)cc2)cc1,90.0
*CC(*)OC(=O)c1ccc(C(F)(F)F)cc1F,65.0
*CC(*)OC(=O)c1ccc(OC(=O)c2ccc(OCC#N)cc2)cc1,65.0
*CC(*)OC(=O)c1ccc(OC(=O)c2ccc(OCC(C)(C)C)cc2)cc1,45.0
*CC(*)OC(=O)c1ccc(OC)c(Cl)c1,60.0
*CC(*)OC(=O)c1ccccc1OC(C#N)C#CO,65.0
*CC(*)OC(=O)c1cncc(O)c1,90.0
*CC(*)OC(C)(C)C(=O)OCCOCCOC,-40.0
*CC(*)OC(C)(C)CCOCC(COC(=O)Cl)C(=O)OC(C)C,-20.0
*CC(*)OC(C)CC(C)C,-50.0
*CC(*)OC(COC(C)(C)C)C(F)(F)F,-30.0
*CC(*)OC([2H])(O)SC(C)(C)C,-20.0
*CC(*)OC=C(CCCC)NC(C)=O,45.0
*CC(*)OCC(=O)OC(CC)CC(C)C,-50.0
*CC(*)OCC(=O)OCCCOc1ccc(-c2ccc(OS(=O)(=O)[O][Na])cc2)cc1,45.0
*CC(*)OCC(CC(C)C)C(F)Cl,-20.0
*CC(*)OCC(CC)CC(=O)OCCCCC,-55.0
*CC(*)OCC(CCCC)CCCC,-60.0
*CC(*)OCC(F)(F)C([2H])(F)C([2H])(F)C(F)(F)C(F)(F)C(F)(F)F,-25.0
*CC(*)OCC1CCCCCCCCC1,-40.0
*CC(*)OCCC(CO)c1ccccc1,-20.0
*CC(*)OCCCCCC(=O)OCCCCCCCCC(=O)OCCC,-50.0
*CC(*)OCCCCCCCCCCCCCC[Si](C)(C)C,-60.0
*CC(*)OCCCCCCOC(=O)Oc1cccc(C#N)c1,45.0
*CC(*)OCCCCCCOc1ccc(-c2ccc(S(=O)(=O)[O][Na])c(C(C)C)c2)cc1,45.0
*CC(*)OCCCCCOc1ccc(OC(=O)c2ccc(C(=O)SC)cc2)cc1,-10.0
*CC(*)OCCCCOCCOc1cccc(C(=O)OC(F)(Br)CCC(F)(F)F)c1,-20.0
*CC(*)OCCCC[N+](CCC)CCCC,-30.0
*CC(*)OCCCOCCOCCOCCOCCOC,-60.0
*CC(*)OCCCOc1ccc(-c2ccccc2)cc1,40.0
*CC(*)OCCCOc1ccc(/C=C/CCCNC(=O)N(C)Cc2ccc([N+](=O)[O-])cc2)cc1,15.0
*CC(*)OCCC[Si](C)(C)OCC(C)Oc1ccccc1,-40.0
*CC(*)OCCN(C)C(=O)C(F)(C(F)(F)F)C(F)(F)C(F)(F)C(F)(F)C(F)(F)OC(F)(F)F,25.0
*CC(*)OCCN(CC)c1ccc(/N=N/c2ccc(C#N)cc2)cc1,95.0
*CC(*)OCCN(CCCC)COCC,-40.0
*CC(*)OCCOC(=O)N(CCCC)c1c(C)cc(S(=O)(=O)c2ccc(F)cc2)cc1OC,45.0
*CC(*)OCCOC(=O)c1ccc(CCC(O)CN(C)c2ccccc2)cc1,15.0
*CC(*)OCCOCCCCOc1ccc(C(=O)Nc2ccc(/C=C/c3ccc(OCCCCCC)cc3)cc2)cc1,45.0
*CC(*)OCCOCCOCCCCCCCOc1ccc(OC(=O)c2ccc(OC(C)CCCC)cc2)cc1,-20.0
*CC(*)OCCOCCOCCOCC,-60.0
*CC(*)OCCOCCOc1ccc(/N=N/c2ccc(C=O)cc2)cc1,45.0
*CC(*)OCCOc1ccc(C(=O)Oc2ccc(OCCOCCOCCOCCOCCOCC)cc2)cc1,-30.0
*CC(*)OCCOc1ccc(COCc2cc(Br)ccc2Cl)cc1,15.0
*CC(*)OCCOc1ccc(OC(=O)c2ccc(OCCC(C)CC)cc2)cc1,-10.0
*CC(*)OCCOc1ccccc1-c1cc(F)ccc1Br,45.0
*CC(*)OCCS(=O)(=O)c1ccc(/N=N/c2ccc(C#N)cc2)cc1,110.0
*CC(*)OCCc1ccc(Cl)cc1Cl,45.0
*CC(*)OC[Si](C)(C)CC,-60.0
*CC(*)OCc1ccc(C)nc1,30.0
*CC(*)Oc1ccc(-c2ccccc2)cc1,100.0
*CC(*)Oc1ccc(C(=O)OC)c(OC)c1,90.0
*CC(*)Oc1ccc(C)nc1,45.0
*CC(*)Oc1ccccc1OCC,45.0
*CC(*)P(=O)(CCCCCC)CS(=O)(=O)O,45.0
*CC(*)P(=O)(OCCOCCOC)OCCOCCOC,-55.0
*CC(*)S(=O)(=O)N(C)C,110.0
*CC(*)S(=O)(=O)Nc1ccc(S(=O)(=O)[O][Na])c(Br)c1,220.0
*CC(*)S(=O)(=O)Oc1ccc(COCCCC)cc1,45.0
*CC(*)S(=O)(=O)Oc1ccc(S(=O)(=O)c2ccccc2)cc1,150.0
*CC(*)S(=O)S(=O)(=O)OCc1ccccc1,85.0
*CC(*)SC[Si](C)(C)C,-40.0
*CC(*)[N+](O)c1ccccc1,130.0
*CC(*)[N+]C1CC2CC(C2)NC(=O)CCCS1,120.0
*CC(*)[PH](C)(C)CCCOc1ccc(C(C)(C)C)cc1,25.0
*CC(*)[PH](C)(O)C(C)C(C)C,-20.0
*CC(*)[PH](F)(F)C(F)(F)C(F)(F)C(F)(F)C(F)(F)C(F)(F)C(F)(F)C(F)(F)OC(F)(F)C(F)(F)C(F)(F)C(F)(F)C(F)(F)C(F)(F)C(F)(F)C(F)(F)C(O)(F)C(F)(F)C(F)F,45.0
*CC(*)[SH](C)(C)C(=O)Oc1ccccc1C(=O)Oc1ccccc1,90.0
*CC(*)[SH](C)(C)CCCCCCCCCC,-40.0
*CC(*)[SH]([2H])([2H])([2H])Cl,70.0
*CC(*)[SH]C(=O)NC(=O)Oc1ccc(/N=N/c2ccc(C)cc2)cc1,130.0
*CC(*)[SiH2]C(=O)OCc1ccc(C(=O)N(C)C)cc1,45.0
*CC(*)[Si](C)(C)OC(C)(C)C,-40.0
*CC(*)[Si](C)(C)c1ccncc1O,90.0
*CC(*)c1cc(-c2ccc(S(=O)(=O)O)c(OCCCC)c2)ccc1Oc1cc(F)ccc1Br,130.0
*CC(*)c1cc(Br)c(Br)cc1OCC(CC)CN(C)S(=O)(=O)O,65.0
*CC(*)c1cc(Br)cc(Cl)c1F,120.0
*CC(*)c1cc(C#C)ccc1OCCCCCC,10.0
*CC(*)c1cc(C#Cc2ccc(OCCOCC)cc2)cc(CCC)c1,45.0
*CC(*)c1cc(C(=O)NC(C)CN)ccc1-c1ccccc1,150.0
*CC(*)c1cc(C(=O)Nc2ccc([Si](C)(C)C)cc2)ccc1C(=O)O,210.0
*CC(*)c1cc(C(=O)O)cc(C(=O)OCC(C)(C)C)c1,145.0
*CC(*)c1cc(C(=O)O)cc([SH](C)(C)C)c1,150.0
*CC(*)c1cc(C(=O)OC)ccc1COc1ccccc1N,90.0
*CC(*)c1cc(C(=O)OCC)ccc1C(=O)O,130.0
*CC(*)c1cc(C(=O)OCCC(C)CCC(C)C)ccc1OC(=O)c1ccc(O[Si](C)(C)C)cc1,15.0
*CC(*)c1cc(C(=O)OCCC)c(C)cc1C,65.0
*CC(*)c1cc(C(=O)OCCCCCC)ccc1C(=O)OCC,20.0
*CC(*)c1cc(C(=O)OCCCCCCCC)cc(I)c1C,-10.0
*CC(*)c1cc(C(=O)OCCCCCCCCCCCC)cc([N+](=O)[O-])c1,-20.0
*CC(*)c1cc(C(=O)OCCCCCCCCCCCC)ccc1CCCCCCCCC,-40.0
*CC(*)c1cc(C(=O)Oc2ccc(CNCCCCC)cc2)ccc1OCCCc1ccc(OC)cc1,25.0
*CC(*)c1cc(C(=O)Oc2ccc(OCCOCC)cc2)ccc1OC(=O)CCCCCCO,40.0
*CC(*)c1cc(C(C)(C)C)cc([Si](C)(C)C)c1,110.0
*CC(*)c1cc(C(C)C(C)CCCC)ccc1C,-20.0
*CC(*)c1cc(C(F)(F)F)c(F)c(Cl)c1-c1ccc(F)c(Cl)c1F,140.0
*CC(*)c1cc(C(F)(F)F)ccc1COC(F)(F)F,85.0
*CC(*)c1cc(C)c(CO)c(C)c1C,130.0
*CC(*)c1cc(C)c(CO)s1,45.0
*CC(*)c1cc(C)c(COC)cc1OC,65.0
*CC(*)c1cc(C)c(O)c(I)c1,145.0
*CC(*)c1cc(C)c(OC)c(OCC(CC)CC)c1,45.0
*CC(*)c1cc(C)c([N+](=O)[O-])c(C)c1C,180.0
*CC(*)c1cc(C)cc(C(=O)OCCCCCCCCCCCCCCCCCCCC)c1,-30.0
*CC(*)c1cc(CC#N)c(CS(=O)(=O)O)cc1C,145.0
*CC(*)c1cc(CC(C)C)c(C)cc1OCCCC,20.0
*CC(*)c1cc(CC)cc(C(C)(C)C)c1,90.0
*CC(*)c1cc(CO)ccc1C,85.0
*CC(*)c1cc(COc2ccccc2)c(O)cc1O,120.0
*CC(*)c1cc(Cl)c(C)c(Br)c1Cl,140.0
*CC(*)c1cc(Cl)c(CC)cc1OC,90.0
*CC(*)c1cc(Cl)c([O][Na])c(C=O)c1,130.0
*CC(*)c1cc(Cl)cc(OC(C)CCCOCCCCCC)n1,-20.0
*CC(*)c1cc(Cl)ccc1C(C)C,95.0
*CC(*)c1cc(Cl)ccc1[Si](/C=C/c1ccccc1)c1ccccc1,105.0
*CC(*)c1cc(F)c(-c2cc(Br)c(C)c(C(C)C)c2)cc1C,145.0
*CC(*)c1cc(F)c(F)c(Br)c1Br,100.0
*CC(*)c1cc(O)c(C(C)(C)C)cc1OCC,110.0
*CC(*)c1cc(O)c(OC)cc1O,130.0
*CC(*)c1cc(OC(C)=O)cc(N(C)C)c1,90.0
*CC(*)c1cc(OC(C)CC)c(C)c(OC)c1Cl,90.0
*CC(*)c1cc(OC)c(-c2ccccc2)s1,105.0
*CC(*)c1cc(OC)c(/N=N/c2ccc(C(=O)c3ccccc3)cc2)cc1C(C)(C)C,145.0
*CC(*)c1cc(OC)c(C=O)c([N+](=O)[O-])c1,130.0
*CC(*)c1cc(OC)ccc1OCC(CC)c1c(F)c(F)c(F)c(F)c1F,65.0
*CC(*)c1cc(OCC(CC)CO)c([2H])c([2H])c1Cl,-10.0
*CC(*)c1cc(OCC)c(OCCCCCC)cc1C,-10.0
*CC(*)c1cc(OCCCC)ccc1OCCCS(=O)(=O)[O][Na],45.0
*CC(*)c1cc(OCCCCC)ccc1S(=O)(=O)O,90.0
*CC(*)c1cc(OCc2ccc(C#N)cc2)ccc1OC,95.0
*CC(*)c1ccc(-c2ccc(-c3ccc(OC(CC)C[O][Na])cc3)cc2)cc1,130.0
*CC(*)c1ccc(-c2ccc(OC)cc2)cc1C(C)CCCCCC,45.0
*CC(*)c1ccc(/N=C/c2ccc(C#Cc3cccc(C)c3)cc2)cc1,120.0
*CC(*)c1ccc(C#Cc2ccccc2)cc1,145.0
*CC(*)c1ccc(C(=O)CNCC(C)(C)C)cc1,90.0
*CC(*)c1ccc(C(=O)NC(F)(F)C(F)(F)C(F)(F)C(F)(F)C(F)(F)C(F)(F)C(F)(F)C(F)(F)F)cc1,110.0
*CC(*)c1ccc(C(=O)NCCCCN)cc1,90.0
*CC(*)c1ccc(C(=O)NCCc2ccccc2)cc1,130.0
*CC(*)c1ccc(C(=O)O)c(C(=O)OCCCCCCCCCCCCCC)c1,-20.0
*CC(*)c1ccc(C(=O)OC(C)=O)c(C#N)c1,130.0
*CC(*)c1ccc(C(=O)OC(C)C[Si](C)(C)C)cc1,30.0
*CC(*)c1ccc(C(=O)OCC(CCCCC)COCC)cc1,-20.0
*CC(*)c1ccc(C(=O)OCCCCCCCCCCCCOc2ccc([Se]C(C)CC)cc2)cc1,-20.0
*CC(*)c1ccc(C(=O)OCCCCCCOC(=O)c2ccc(OC(=O)[O][Na])cc2)cc1,45.0
*CC(*)c1ccc(C(=O)OCCN(CC)c2ccc([N+](=O)[O-])cc2-c2ccccc2)cc1F,95.0
*CC(*)c1ccc(C(=O)Oc2ccc(OCC(CC)CCCCCC)cc2)cc1,-10.0
*CC(*)c1ccc(C(C(=O)O)C(Cl)(C(=O)OCC)C(=O)OCC)cc1,95.0
*CC(*)c1ccc(C(C(=O)OC)C(C)C)c(C)c1,95.0
*CC(*)c1ccc(C(C)(C)C)cc1CC,110.0
*CC(*)c1ccc(C(C)(C)C)cc1OC,100.0
*CC(*)c1ccc(C(C)OC(C)COCC)cc1,45.0
*CC(*)c1ccc(C(C=O)C(F)(F)C(F)(F)C(F)(F)C(F)(F)F)c(C)c1,95.0
*CC(*)c1ccc(C(CC)CC)cc1,30.0
*CC(*)c1ccc(C(CCCCCC)CCCCS(=O)(=O)Oc2ccc(I)cc2)cc1,-20.0
*CC(*)c1ccc(C(CCCCCCC)(C(=O)OCC(C)C)C(=O)OC(C)(C)O)cc1,40.0
*CC(*)c1ccc(C(O)CN(CC)c2cc(S#N)c(Cl)cc2OCC)cc1,90.0
*CC(*)c1ccc(C(OC)OC)cc1,100.0
*CC(*)c1ccc(C(Sc2ccc(C#N)cc2)C(C)C)cc1,95.0
*CC(*)c1ccc(C=COC(C)C)cc1,90.0
*CC(*)c1ccc(C=NN[Si](C)(C)c2ccc(C#N)cc2)cc1,130.0
*CC(*)c1ccc(C=O)c(OC(=O)OCCOc2ccc([N+](=O)[O-])cc2)c1,95.0
*CC(*)c1ccc(CC(=O)OCc2ccccc2)cc1,45.0
*CC(*)c1ccc(CC(C)C)cc1,30.0
*CC(*)c1ccc(CCC(F)(F)C(F)(F)C(F)(F)C(F)(F)C(F)(F)C(F)(F)C(F)(F)C(F)(F)C(F)(F)F)cc1,15.0
*CC(*)c1ccc(CCCCCC(F)(F)C(F)(F)C(F)(F)C(F)(F)C(F)(F)C(F)F)cc1,-20.0
*CC(*)c1ccc(CCCCCCCCCC#N)cc1,-20.0
*CC(*)c1ccc(CCCCCCCCCCCCC)c(C(=O)OC)c1,-20.0
*CC(*)c1ccc(CCCCCCCCCCCCCCCCCC)cc1SCCCCCC,-40.0
*CC(*)c1ccc(CCCCCCOc2ccc(-c3ccccc3)cc2)cc1,30.0
*CC(*)c1ccc(CC[Si](C)(C)C)s1,-20.0
*CC(*)c1ccc(CO)c(OCC(C)F)c1,65.0
*CC(*)c1ccc(COC(=O)CCCCC(=O)OCCCCCC)cc1,-20.0
*CC(*)c1ccc(COC(=O)c2ccc(OCCCCCC)cc2)cc1,15.0
*CC(*)c1ccc(COC(C)CCCCCCCC)nc1,-30.0
*CC(*)c1ccc(COC(C)COCCOCCOCCOC)c(OC)c1,-20.0
*CC(*)c1ccc(COC(CO)COCCOCCN(CC)c2ccc(F)cc2)cc1,-20.0
*CC(*)c1ccc(COCC(C)(C)C#N)cc1,85.0
*CC(*)c1ccc(COCCCCCCCCCCCCCCCCCCC)cc1,-30.0
*CC(*)c1ccc(COCCCCCCCCOCCOCCOCCOCCOCCOCCOCCOCCOCCOCCOCCOC)cc1,-40.0
*CC(*)c1ccc(COCCCOCCOCCOC(F)(F)F)cc1,-30.0
*CC(*)c1ccc(COCCOCCOCCOC)s1,-30.0
*CC(*)c1ccc(Cc2ccc(OC)cc2)c2ccccc12,130.0
*CC(*)c1ccc(Cl)c(CNC(=O)CCCCC(C)(C)C)n1,45.0
*CC(*)c1ccc(Cl)c(OC)c1[2H],105.0
*CC(*)c1ccc(N(C)CCCCC)nc1,5.0
*CC(*)c1ccc(NCCCCCCCCC(=O)Nc2ccc(C)cc2)cc1,15.0
*CC(*)c1ccc(O)c(-c2ccc(S(=O)(=O)c3ccccc3)cc2C(F)(F)F)c1,195.0
*CC(*)c1ccc(OC(=O)c2ccc(C(=O)O)cc2)cc1,130.0
*CC(*)c1ccc(OC(=O)c2ccc(S(=O)(=O)OC(C)C)cc2)cc1,90.0
*CC(*)c1ccc(OC(=O)c2ccccc2)cc1,100.0
*CC(*)c1ccc(OC)cc1-c1ccccc1,145.0
*CC(*)c1ccc(OC)cc1C(C)CC,45.0
*CC(*)c1ccc(OCC(C)CCC)cc1,-10.0
*CC(*)c1ccc(OCC(F)(F)C(F)(F)C(F)(F)C(F)(F)C(F)(F)C(F)(F)Cl)s1,45.0
*CC(*)c1ccc(OCCC(=O)OCCCCCCCCCCCCCCCC)cc1,-30.0
*CC(*)c1ccc(OCCC(C)CC)cc1,10.0
*CC(*)c1ccc(OCCCC)cc1OCCCCCCCCCCCC,-30.0
*CC(*)c1ccc(OCCCCCCCCOc2ccc(C(=O)OC(C)OC(C)CO)cc2)cc1,-10.0
*CC(*)c1ccc(P(=O)(F)Cl)cc1,100.0
*CC(*)c1ccc([N+](=O)[O-])c(C)c1C,140.0
*CC(*)c1ccc([Si](C)(C)C)c(C(C)C)c1,95.0
*CC(*)c1ccc([Si](C)(C)OCC(C)C)cc1,20.0
*CC(*)c1ccc([Si](C)(C)[N+])cc1,100.0
*CC(*)c1ccc([Si](C)(C)[Si](C)(C)O[Si](C)(C)C(=O)O[Si](C)(C)C)cc1,-20.0
*CC(*)c1ccc([Si](C)(C)c2ccc([N+](=O)[O-])cc2)c(C(=O)OCC(F)(F)C(F)(F)C(F)(F)F)c1,115.0
*CC(*)c1ccc([Si](F)(F)C(F)(F)C(F)(F)F)cc1,90.0
*CC(*)c1cccc(C(=O)OCCOCCOCCOCCOCCOC)c1,-30.0
*CC(*)c1cccc(C(=O)Oc2ccc(Br)cc2S(=O)(=O)O)c1,110.0
*CC(*)c1cccc(COCCOC(=O)CCCCCCCCCCCCCC)c1,-35.0
*CC(*)c1cccc([Si](C)(C)CCCCCC)c1,-20.0
*CC(*)c1ccccc1-c1ccc(Cl)cc1Cl,120.0
*CC(*)c1ccccc1/N=N/c1ccccc1C,115.0
*CC(*)c1ccccc1C(=O)Nc1ccc(N)cc1,180.0
*CC(*)c1ccccc1C(=O)c1ccccc1,130.0
*CC(*)c1ccccc1C(OC)C(=O)NCC,95.0
*CC(*)c1ccccc1CC(C#N)C#N,130.0
*CC(*)c1ccccc1COC(C)(C)C,55.0
*CC(*)c1ccccc1COCCOCCOCCOCCOC,-30.0
*CC(*)c1ccccc1S(=O)(=O)Oc1ccc(Cl)cc1,95.0
*CC(*)c1cccnc1C(=O)OCCCCC,-5.0
*CC(*)c1cnc(C(C)(C)C)c(Cl)c1,110.0
*CC(*)c1cnccc1C(CCC(=O)OCC)C(=O)O,55.0
*CC(*)c1cnccc1CCCCCCCCCCCC,-40.0
*CC(*)n1c(C)cc(C)c1CC,100.0
*CC(*)n1cc(C)c(C)n1,130.0
*CC(/C=C/c1ccc(/N=N/c2ccc(C(=O)O*)cc2)cc1)OCC(C)Oc1ccc([N+](=O)[O-])cc1,95.0
*CC(=*)NCCCCCCOCCCCCCOc1ccc(-c2ccc(OCCCCCCCCCCCCCC)cc2)cc1,-20.0
*CC(=C)[Si](C)(C)c1ccc(*)n1C(=O)c1ccccc1,130.0
*CC(=C=C=*)CNC(=O)CC(F)(F)C(F)(F)C(F)(F)C(F)(F)C(F)(F)C(F)(F)C(F)(F)C(F)(F)C(F)(F)C(F)(F)C(F)(F)C(F)(F)C(F)(F)C(F)(F)F,45.0
*CC(=O)/C=N/c1ccc(C=*)cc1,120.0
*CC(=O)C(*)=CC(=O)OCC(C)C,30.0
*CC(=O)C(*)C#C,90.0
*CC(=O)C(*)CCC=CC=O,-10.0
*CC(=O)C(*)CNC(=O)/C=C/C,65.0
*CC(=O)C(*)OC(=O)c1ccccc1OC,45.0
*CC(=O)C(F)(F)CC[N]1C=CC=C(C#N)[CH](*)[Sn]1,85.0
*CC(=O)C(O)COc1ccc(C(C)(C)c2ccc(O*)cc2)cc1,85.0
*CC(=O)C(O)COc1ccc(C(C)(C)c2ccc(OCCOc3ccc(S(=O)(=O)c4ccc(O*)cc4)cc3)cc2)cc1,95.0
*CC(=O)C(O)COc1ccc(CC(C)(C)c2ccc(OC(=O)NC(c3ccc(O*)cc3)C(C)C)cc2)cc1,85.0
*CC(=O)C(O)COc1ccc(OC(=O)c2ccc(O*)cc2)cc1,70.0
*CC(=O)C(O)[Si](*)(C)C,-30.0
*CC(=O)C(c1ccc(C#N)cc1)c1ccc(N(Cc2ccc(C*)cc2)c2ccccc2)cc1,165.0
*CC(=O)C1CCC(OC(=O)NCCN(*)CCCC)C1,45.0
*CC(=O)CCCCCCCCC(=O)OCC(C)OC(=O)CCCCCOC(=O)c1ccc(O*)c(OC)c1,-20.0
*CC(=O)CCCCCOC(=O)C(OC)C(OC)C(=O)O*,30.0
*CC(=O)CCCCCS(=O)(=O)CCCCC[Si](*)(C)NC,-30.0
*CC(=O)CCOCC(Oc1ccccc1)C(=O)OC(=O)Cc1ccc(CO)c(-c2ccc(*)cc2)c1,65.0
*CC(=O)CCc1ccc(CCO*)cc1,-20.0
*CC(=O)CNC(=O)C(C)=C(C)C(=O)O*,120.0
*CC(=O)CNC(=O)CCCCCCCCC(=O)N/C=C/CCC[Si](*)(C)c1ccc(/N=N/c2ccc(C#N)cc2)cc1,45.0
*CC(=O)CSC(=O)C1CCCN1*,45.0
*CC(=O)N(*)c1ccc(CO)c(OCCCC)c1,130.0
*CC(=O)N/C=C/C(=O)O*,120.0
*CC(=O)N/C=C/c1ccc(C(=O)OCCOC(=O)c2ccc(C(*)=O)cc2)cc1,85.0
*CC(=O)N/C=N/c1ccc(NC(=O)CCc2ccc(*)o2)o1,120.0
*CC(=O)NC(=O)CC(CI)COC(=O)CCCCCC(=O)O*,25.0
*CC(=O)NC(=O)O*,90.0
*CC(=O)NC(C)N(*)C,90.0
*CC(=O)NC(C)NC(=O)C(=O)NCCCCCCNC(=O)CCCCCCCCC(=O)NC(C)C(=O)NCCCCS*,45.0
*CC(=O)NCC(=O)NCc1ccc(COC(=O)c2cccc(C(=O)O*)c2)cc1,90.0
*CC(=O)NCC/C=C/CCCCC(=O)O*,-20.0
*CC(=O)NCC/C=C/c1ccc(*)cc1,90.0
*CC(=O)NCC1CCC(*)C(COCc2ccccc2)C1,90.0
*CC(=O)NCC1CCC(*)CC1,90.0
*CC(=O)NCC1CNC(=O)C1*,130.0
*CC(=O)NCC=CCC=CCCCCCCCP(C)(=O)CCC[Si](*)(C)C,-50.0
*CC(=O)NCCC(=O)NCCC(=O)Nc1ccc(S(=O)(=O)c2ccc(C(=O)Nc3ccc(N4C(=O)c5ccc(*)cc5C4=O)c(C)c3)cc2)c(C)c1,265.0
*CC(=O)NCCC(C)CNC(=O)C(=O)NCCCCCNC(=O)OCCCCCCOc1ccc(N(*)c2ccc(OCCCCCC)cc2)cc1,15.0
*CC(=O)NCCCCCCCCCCCCNC(=O)/C=C/C=*,45.0
*CC(=O)NCCCCCCCCCCCNC(=O)CSCCCCCCCCc1ccc(O*)cc1,-20.0
*CC(=O)NCCCCCCCCNC(=O)CCCc1ccc(C(=O)N*)cc1,65.0
*CC(=O)NCCCCCCCNc1ccc(C(=O)NNC(=O)c2ccc(*)cc2)cc1,110.0
*CC(=O)NCCCCCCNC(=O)C(O)C(Cl)(C#N)COC(=O)c1ccc(C(=O)O*)cc1,65.0
*CC(=O)NCCCCCCNC(=O)CCCCCCOC(=O)C(=O)Nc1ccc(/C=N/c2ccc([N+](=O)[O-])cc2)cc1*,85.0
*CC(=O)NCCCCCCNC(=O)CCCCCOC(=O)c1ccc(*)o1,35.0
*CC(=O)NCCCCCCNC(=O)CCCCOC(=O)O*,15.0
*CC(=O)NCCCCCCNC(=O)CCCCS(=O)(=O)CCC(=O)O*,45.0
*CC(=O)NCCCCCCNC(=O)CCCOC(=O)C1CC(*)=CC(C)(C)C1,45.0
*CC(=O)NCCCCCCNC(=O)c1ccc(C(=O)NCCNC(=O)c2ccc(C(=O)O*)cc2)cc1,90.0
*CC(=O)NCCCCCCN[Se]C(=O)c1ccc(C(=O)N(*)CCC)cc1,65.0
*CC(=O)NCCCCCCSSC(=O)O*,-20.0
*CC(=O)NCCCNC(=O)C(C)C*,50.0
*CC(=O)NCCCOCCOCCOCCOCOCC[N+](*)(C)c1ccc([N+](=O)[O-])cc1,-20.0
*CC(=O)NCCOCC(=O)Nc1ccc(CNC(=O)CSCCC(*)=O)cc1,45.0
*CC(=O)NCCSCCCCCCNC(=O)OCCCCCCOCCOCCOCCOC(=O)O*,-30.0
*CC(=O)NCNC(=O)C(F)(F)C(F)(F)C(F)(F)CC(F)(F)C(F)(F)C(F)(F)C(F)(F)C(F)(F)C(=O)NS*,90.0
*CC(=O)NCNC(=O)CCCOS(=O)(=O)CCC(=O)O*,45.0
*CC(=O)NCSCCCSCCSC(=O)N*,-20.0
*CC(=O)NCc1ccc(COC(=O)CCCCCCCOC(=O)c2ccc(O*)cc2)cc1,35.0
*CC(=O)NCc1ccc(NC(=O)CCCCCCCCC(=O)Nc2ccc(*)cc2)cc1,130.0
*CC(=O)NN(C)C(=O)CCCCC(=O)N(*)CCCC,45.0
*CC(=O)NNC(=O)CCC(=O)NCCCCCNC(=O)O*,65.0
*CC(=O)NNC(=O)CCCCC(=O)NCc1ccc(O*)cc1,90.0
*CC(=O)NNC(=O)CCCCCCCCNC(=O)c1ccc(OC(=O)c2cccc(C(=O)O*)c2)cc1,85.0
*CC(=O)NNC(=O)CCCN(*)C,65.0
*CC(=O)NNC(=O)CNC(=O)c1ccc(*)s1,120.0
*CC(=O)NNC(=O)OCCCCCOC(=O)c1ccccc1NC(=O)CCCCO*,45.0
*CC(=O)NNC(=O)c1ccc(Oc2ccc(-c3ccc(OC(=O)CCCCCCCCOC(=O)c4ccc(*)cc4)cc3)cc2)cc1,65.0
*CC(=O)NNC(=O)c1cccc(C(=O)N*)c1,210.0
*CC(=O)NNC(=O)c1cccc([Si](*)(C)C)c1,120.0
*CC(=O)NNC(=O)c1ccccc1-c1ccccc1C(=*)OC,180.0
*CC(=O)NNC(=O)c1cnc(O*)c(O)c1,180.0
*CC(=O)NSCCCNC(=O)C(=O)N*,65.0
*CC(=O)Nc1ccc(/N=N/c2ccccc2C(=O)NC(C)C(*)=O)cc1,165.0
*CC(=O)Nc1ccc(C(=O)Oc2ccc(O*)cc2)nc1,140.0
*CC(=O)Nc1ccc(C[Si](C)(C)c2ccc(C(*)=O)cc2)cc1,150.0
*CC(=O)Nc1ccc(NC(=O)CCC/C=C/c2ccc(N=*)cc2)cc1,180.0
*CC(=O)Nc1ccc(NC(=O)CCCCCCCCOc2ccc(C(=O)C(*)C)cc2)cc1,85.0
*CC(=O)Nc1ccc(OC(=O)c2ccc(*)cc2)c(C)c1,130.0
*CC(=O)Nc1ccc(Oc2ccc(/N=C/c3ccc(O*)cc3)c(C(O)CO)c2)cc1,140.0
*CC(=O)Nc1ccc(Oc2ccc(C(=O)OC(=O)c3ccc4c(c3)C(=O)N(*)C4=O)cc2C(=O)O)cc1[N+](=O)[O-],260.0
*CC(=O)Nc1ccc(Oc2ccc(N(*)c3ccc(OC)cc3)cc2)cc1,190.0
*CC(=O)Nc1ccc(Oc2ccc(NC(=O)CCCCC(=O)Nc3ccc(*)cn3)cc2)cc1,130.0
*CC(=O)Nc1ccc(Oc2ccc(NC(=O)COCCOCCOCSC(*)=O)cc2)cc1,45.0
*CC(=O)Nc1ccc(Oc2ccc(OC(=O)Oc3ccc(OC(=O)CSC(=O)c4ccc(O*)cc4)cc3)cc2)cc1,115.0
*CC(=O)Nc1ccc(Oc2cccc(C(=O)Nc3cccc(*)n3)c2)cc1,190.0
*CC(=O)Nc1ccc(Oc2cccc(OC(=O)c3cccc(O*)c3)c2)cc1,130.0
*CC(=O)OC(=O)C(Oc1ncccc1C(*)=O)c1ccc(/C=C/c2ccc([N+](=O)[O-])cc2)cc1,145.0
*CC(=O)OC(=O)C1CCN(*)C1,120.0
*CC(=O)OC(=O)CC(*)=O,30.0
*CC(=O)OC(=O)CCCCC(O)COc1ccc(C(C)(C)c2ccc(O*)cc2)cc1,45.0
*CC(=O)OC(=O)CCCCCCCCC(=O)NOC(=O)c1ccc(NC(=O)c2ccc3c(c2)C(=O)N(*)C3=O)cc1,145.0
*CC(=O)OC(=O)CCCOC(=O)c1ccccc1O*,45.0
*CC(=O)OC(=O)COC(=O)c1ccc(O*)cc1,45.0
*CC(=O)OC(=O)NCCNC(=O)OCCc1ccc(CNC(=O)O*)cc1,55.0
*CC(=O)OC(=O)c1ccc(C(=O)OCCCC)cc1*,40.0
*CC(=O)OC(=O)c1ccc(S(=O)(=O)c2ccc(-c3ccncc3O*)cc2)cc1,145.0
*CC(=O)OC(=O)c1ccc(Sc2ccc(C(=O)O*)cc2)cc1,65.0
*CC(=O)OC(=O)c1cccc(C(=O)OCCCCCCOc2ccc(-n3c(=O)c4cc5c(=O)n(*)c(=O)c5cc4c3=O)cc2F)c1,145.0
*CC(=O)OCCCCCCCCCCOC(=O)c1ccc(CO*)cc1,-20.0
*CC(=O)OCCCCCCCCOC(=O)c1cccc(C(=O)OCCOc2ccc(N3C(=O)c4ccc(*)cc4C3=O)cc2)c1,55.0
*CC(=O)OCCCCCCOC(=O)OCCCCCCCOCC(=O)NCCCO*,-35.0
*CC(=O)OCCCCCCOC(=O)c1ccc(C(=O)NCCCCCNC(=O)c2ccc(O*)cc2)cc1,45.0
*CC(=O)OCCCCCCOC(=O)c1ccc(C(=O)Oc2ccc(-n3c(=O)oc4cc(*)ccc4c3=O)cc2)cc1,105.0
*CC(=O)OCCCCOC(=O)c1cccc(C(=O)Nc2ccc(C(=O)c3cccc(*)n3)cc2)c1,110.0
*CC(=O)OCCN(CC(C)CCOC(=O)c1ccc(*)cc1)OC,25.0
*CC(=O)OCCN(CC)N(*)C,-20.0
*CC(=O)OCCOC(=O)/C=C/c1ccc(/N=C/c2ccc([N+](=O)[O-])cc2)cc1OC(=O)CCCCCCCCC(=O)O*,45.0
*CC(=O)OCCOC(=O)CCc1ccc(CCCC(=O)O*)cc1,-20.0
*CC(=O)OCCOC(=O)NCCCCNC(=O)OCc1cnc(*)[nH]1,45.0
*CC(=O)OCCOC(=O)c1ccc(/N=N/c2ccccc2NC(=O)CCCCCOC(=O)c2ccc(C(=O)O*)cc2)cc1,65.0
*CC(=O)OCCOCCOCCOC(=O)CCS*,-55.0
*CC(=O)OCCOCCOCCOCCOC(=O)c1ccc(C(=O)O*)cc1,-30.0
*CC(=O)OCOC(=O)C(=O)N1CCN(*)C1,45.0
*CC(=O)Sc1ccc(/C=C/c2ccc(N(C)CCCCCCOc3ccc(-c4nnc(*)o4)cc3)cc2)cc1,65.0
*CC(=O)[N+](*)(C)CC,120.0
*CC(=O)c1ccc(C(=O)N(NC(=O)c2ccc(O*)cc2)c2ccc([N+](=O)[O-])cc2)cc1,190.0
*CC(=O)c1ccc(NC(=O)c2ccc(C(=O)O*)cc2)cc1,150.0
*CC(=O)c1ccc(S(=O)(=O)c2ccc(NC(=O)NCCCCCCNS(=O)(=O)O*)cc2)cc1,95.0
*CC(=S)NCCC(=O)N*,65.0
*CC(C#C)(CCOC(=O)c1ccc(O*)cc1)OCC(=O)OCCCCCCOc1ccc(-c2ccc(/N=N/c3ccccc3)cc2)cc1,45.0
*CC(C#C)C(CC)CC(C)(C)CNC(=O)c1cccc(C(=O)N*)c1,90.0
*CC(C#CC#N)C(=O)N*,180.0
*CC(C#CC(*)([2H])Cl)OC(C)(C)CC(F)(F)F,45.0
*CC(C#CC)(CC)CCS[Se]*,25.0
*CC(C#Cc1ccccc1)O*,90.0
*CC(C#N)(C*)CC(=O)OCCCC,40.0
*CC(C#N)(CCOC(=O)OC)C(*)C(=O)OC,90.0
*CC(C#N)(COC(=O)NC(=O)CCCCC(=O)O*)OC,65.0
*CC(C#N)C(=O)NCCCCCCCCC(=O)N*,55.0
*CC(C#N)C(=O)Nc1ccc(*)cc1,180.0
*CC(C#N)C(=O)OCC1CC1C1COC(*)OC1,85.0
*CC(C#N)CNC(=O)CCCCCCCCCCC(=O)NCC(=O)O*,45.0
*CC(C(=O)OC(OC(C)(C)CC(=O)O*)C(C)(C)C)C(C)C,45.0
*CC(C(=O)OCC)C(*)C(=O)OCc1ccc(C)cc1,55.0
*CC(C(=O)OCCCCCCCCCCCO*)C(=O)OC(C)=O,-35.0
*CC(C(=O)OCCCCCCOC(=O)c1ccccc1*)=C(CO)COC(=O)c1ccccc1,25.0
*CC(C(C)C)C(CC)C(*)(C)C(=O)OCc1ccccc1,65.0
*CC(C)(C#C)CC(=O)N*,120.0
*CC(C)(C#N)C(=O)C1CCC(OC(=O)Nc2ccc(/N=N/c3ccc(C(=O)O*)cc3)cc2)C1C(=O)O,180.0
*CC(C)(C#N)CSC(=O)O*,90.0
*CC(C)(C(C)C)[Si](*)(C)C,-30.0
*CC(C)(C)/N=C(\C)C(=O)Nc1ccc(NSC(=O)CCCCC(=O)Nc2ccc(-c3ccc(C(=O)O*)cc3)cc2)cc1,145.0
*CC(C)(C)C#CC(=O)NCC=CCC(=O)N*,45.0
*CC(C)(C)C(=*)CCC(=O)OCCCC,-30.0
*CC(C)(C)C(=*)CSCCCCCCOC(=O)c1ccc(OC(=O)NCCCCCCCCCC)cc1,-10.0
*CC(C)(C)C(=O)NCCCSCCNC(=O)C(COC(=O)c1cccc(C(=O)O*)c1)c1ccc(/N=N/c2ccc([N+](=O)[O-])cc2)cc1,95.0
*CC(C)(C)C(=O)NCc1ccc([Si](C)(c2ccccc2)c2ccc(N(CC)C(=O)NCCCCCCCCCCNC(=O)c3ccc(*)cc3)cc2)cc1,45.0
*CC(C)(C)C(C)(C)C(*)C(=O)OCc1ccc(C)c(C)c1,90.0
*CC(C)(C)C(C)C(*)C(=O)OC(F)(F)C(F)(F)C(F)(F)C(F)(F)C(F)(F)C(F)(F)C(F)F,55.0
*CC(C)(C)C(C)CCCC(=O)N*,45.0
*CC(C)(C)C(O)CN(C)C(=O)CCCC(=O)N(*)C,45.0
*CC(C)(C)C([2H])C(=O)NC(Cc1ccc(Cl)cc1)C(*)C(=O)OCCCC,65.0
*CC(C)(C)CC(C(=*)CCC)C(=O)NC(=O)CCCCCCCC,-10.0
*CC(C)(C)CC(C)(O)COC(=O)c1ccc(NC(=O)CCCCC(=O)S*)cc1,45.0
*CC(C)(C)CCCCC(=O)NCCCCCCNC(=O)CCCCC(=O)N*,40.0
*CC(C)(C)CCCCOC(=O)CCC(C)(C)COC(=O)O*,-30.0
*CC(C)(C)CCCOC(=O)SNC(=O)CCCC(=O)NCCCCCNC(=O)C(CC(=O)O*)CC(C)C,-20.0
*CC(C)(C)CNC(=O)/C(=C/CC(=O)N*)CN=C(C)C,45.0
*CC(C)(C)CNC(=O)C(CC)C(C)S*,40.0
*CC(C)(C)CNC(=O)CCCCCCC(=O)NCCSCCNC(=O)C(=O)N*,15.0
*CC(C)(C)CNC(=O)CCCCCCCCCOCCO*,-30.0
*CC(C)(C)CNC(=O)CCc1ccc(C[SH](=O)N(*)CC)cc1,45.0
*CC(C)(C)CNC(=O)NCCCCCCN*,40.0
*CC(C)(C)CNC(=O)NCCCCCCNC(=O)NCCCCCCCCCCC(*)=O,45.0
*CC(C)(C)CNC(=O)c1ccc(C(=O)NCCCNC(=O)c2ccc(C(=O)N*)cc2)cc1,120.0
*CC(C)(C)COC(=O)C(=O)OCCCCCOc1ccc(C(=O)c2ccc(O*)c(O)c2)cc1C,45.0
*CC(C)(C)COC(=O)C(CC(C)(C)C=C(*)C(F)(F)F)C(F)(F)C(F)(F)F,85.0
*CC(C)(C)COC(=O)C(CC(C)C)C(C)CCC(=O)O*,-20.0
*CC(C)(C)COC(=O)C(CCCCCCOc1ccc(/N=N/c2ccc(C#N)cc2)cc1)C(=O)O*,45.0
*CC(C)(C)COC(=O)CC(=N)C(=O)NCC(C)(C)c1cccc(O*)c1,85.0
*CC(C)(C)COC(=O)CC(=O)NCCOC(=O)c1cccc(/N=N/c2cccc(C(=O)O*)c2)c1,65.0
*CC(C)(C)COC(=O)COCCOCCOCCOCCO*,-40.0
*CC(C)(C)COC(=O)NC1CCCCN1C(=O)OC(=O)C(COC(=O)N(*)C)OCCCCCC,25.0
*CC(C)(C)COC(=O)Nc1ccc(Cc2ccc(Cl)cc2)cc1C(*)=O,120.0
*CC(C)(C)COC(=O)OCCOC(=O)OCc1ccc(COC(=O)CCCCCCC(=O)O*)cc1,-20.0
*CC(C)(C)COC(=O)Oc1ccc(C(C)(C)c2ccc(OCCCC)cc2)c(NC(=O)O*)c1,65.0
*CC(C)(C)COC(=O)c1ccc(C(=O)NCC(O)COc2ccc(/N=N/c3ccc(O*)cc3)cc2)cc1,95.0
*CC(C)(C)COC(=O)c1ccc(C(C)(C)c2ccc(C(C)(C)c3ccc(C(=O)NCCCCO*)cc3)cc2)cc1,95.0
*CC(C)(C)COC(=O)c1ccc(NC(=O)COc2ccc(C(=O)O*)cc2)cc1,95.0
*CC(C)(C)COC(=O)c1cccc(C(=O)NCCSCCCCCCCCCCCC)c1*,-20.0
*CC(C)(C)COC(=O)c1cccc(COc2ccc(C(=O)O*)cc2)c1,65.0
*CC(C)(C)CS(=O)(=O)CC(*)=C,85.0
*CC(C)(C)C[NH][Fe][C](=O)C1CCN(*)CC1,85.0
*CC(C)(C)N(C)C(C)O*,90.0
*CC(C)(C)NC(=O)C1CCC(C(=O)N/C=C/NC(=O)O*)CC1,130.0
*CC(C)(C*)CCOCCOCCOCCOCCOC,-60.0
*CC(C)(CC(C)=O)C(*)C(=O)OC,90.0
*CC(C)(CC)C(=O)NCCCCC(=O)NNC(=O)c1ccc(C(=O)NC2CCN(*)C2)cc1,130.0
*CC(C)(CC)C(=O)NCCCCCCNC(=O)CCCCC(=O)NNC(=S)C(=O)N*,45.0
*CC(C)(CC)CCCNC(=O)O*,-20.0
*CC(C)(CC)CN(C)C(=O)CCC(F)(F)C(F)(F)C(F)(F)COC(=O)CCCCC(=O)O*,-20.0
*CC(C)(CC)COC(=O)C1CCCC(C(=O)O*)CC1,45.0
*CC(C)(CC)COC(=O)CCCCCC(=O)OCC/C=C(/*)C,-40.0
*CC(C)(CC)COC(=O)CCCCCCC(=O)O*,-40.0
*CC(C)(CC)COC(=O)CCCCCCOC(=O)CCCCCCCCC(=O)O*,-40.0
*CC(C)(CC)COC(=O)Nc1ccc(NC(=O)OCCO*)cc1,65.0
*CC(C)(CC)COC(=O)c1ccc(O*)cc1C(C)C,45.0
*CC(C)(CC)COc1ccc(C(C)(C)c2ccc(S(*)(=O)=O)cc2)cc1,145.0
*CC(C)(CCC)COC(=O)N(*)CC,-10.0
*CC(C)(CCC)COC(=O)Nc1ccc(Cc2ccc(CNC(=O)CCC)cc2)cc1*,65.0
*CC(C)(CCC)CSC(=O)NCCCCCCCCCCNC(=S)N*,-20.0
*CC(C)(CCOC(=O)NSC(=O)O*)c1ccc(/N=N/c2ccc(OCCCCCC)cc2)cc1,45.0
*CC(C)(CCOc1ccc(C(=O)Nc2ccc(CN(C)C(=O)CCCCCCCCC(=O)O*)cc2)cc1)COc1ccc(N(C)C)cc1,45.0
*CC(C)(CCS*)Cn1c2ccccc2c2ccccc21,90.0
*CC(C)(CCl)C(F)(F)C(F)(F)C(F)(F)C(=O)N*,90.0
*CC(C)(CCl)CNC(=O)CCCCCCCCC(=O)N*,45.0
*CC(C)(CCl)COC(=O)CCCCS(=O)(=O)CCCCCCC(=O)N*,-20.0
*CC(C)(CCl)COC(=O)NCC(C)(C)C(=O)OCCOc1ccc(C(=O)/C=N/c2ccc(C(=O)O*)cc2)cc1,65.0
*CC(C)(CCl)COC(=O)NCc1ccc(CSC(=O)O*)cc1,45.0
*CC(C)(CCl)COC(=O)Nc1ccc(C)c(NC(=O)O*)c1,90.0
*CC(C)(CCl)COC(=O)c1ccc(-c2ccc(C(=O)S*)cc2)cc1,45.0
*CC(C)(CO*)CC(C)CO,-10.0
*CC(C)(CO*)CN(C)C,40.0
*CC(C)(CO*)COc1ccc(/N=N/c2ccc(-c3ccc(O)cc3)cc2)cc1,110.0
*CC(C)(CO*)OCCC[N+](C)(C)C,-20.0
*CC(C)(COC(=O)C(*)=O)Oc1ccc(-c2cccc(OC)c2)cc1,85.0
*CC(C)(COC(=O)Nc1cccc(*)c1)c1cc(C)ccc1O,95.0
*CC(C)(COC(=O)O*)OC,40.0
*CC(C)(COC(=O)[Si](C)(C)C)NNC(=O)CCCCC(*)=O,15.0
*CC(C)(COC(=O)c1ccc(C(*)=O)cc1)OC(F)(F)F,65.0
*CC(C)(COC(=O)c1ccc(C(*)=O)cc1)c1ccc(OCCCCCCCC)cc1,15.0
*CC(C)(COC(=O)c1ccc(C(=O)O*)cc1)C(=O)OC,60.0
*CC(C)(COc1ccc(C)cc1)C(*)C(=O)OCCOCc1ccccc1,45.0
*CC(C)(CSC)C(CCCCC)O*,-30.0
*CC(C)(CSC)C(O*)C(=O)[N+](F)(Cl)Cl,90.0
*CC(C)(NC(=O)C(=O)N*)C(=O)OCCCC,80.0
*CC(C)=C(OC)[Si](*)(C)CCC(=O)O,-20.0
*CC(C)C(*)C(=O)OCc1ccccc1,65.0
*CC(C)C(=O)NCCCCCNC(=O)C(=O)N*,60.0
*CC(C)C(C#N)(C*)CCCCO,45.0
*CC(C)C(C)C(*)(C)Cc1ccccc1,80.0
*CC(C)C(C)C(=O)NCC(=O)N*,90.0
*CC(C)C(C)CCN(*)C,-30.0
*CC(C)C(C)CCNC(=O)CCc1ccc(C)cc1C(=O)N*,65.0
*CC(C)C(C=C=C(*)C#N)c1ccccc1,130.0
*CC(C)C(COC(=O)N*)c1cc(OCC)ccc1-c1ccc(OC)cc1,65.0
*CC(C)C(O*)OC(C)(C)C,-20.0
*CC(C)CC(=O)NNC(=O)c1ccc(C(=O)NNC(=O)CCCCCCOC(=O)c2ccc(*)s2)cc1,85.0
*CC(C)CC(C)CC(C#CC)C*,-20.0
*CC(C)CC(C)COC(=O)O*,-20.0
*CC(C)CC(C)NC(=O)CCCCC(=O)S*,-30.0
*CC(C)CCC(O*)C(C)[N+](C)(C)C,-20.0
*CC(C)CCCOC(=O)CCCCC(=O)OCCCCOC(=O)c1cc(O*)cc(C(F)(F)F)c1,-25.0
*CC(C)CCCSC(=O)Nc1ccc(CCNC(=O)CCc2ccc(C(=O)S*)cc2)cc1,25.0
*CC(C)CCC[Si](*)(C)c1ccc(C)cc1C,-55.0
*CC(C)CCOC(=O)Nc1ccc(CCCCCCCCCC(C=C)CCC)cc1C(=O)O*,-20.0
*CC(C)CC[N+](C)(C)CS*,45.0
*CC(C)CC[PH](C)(C)CCCOC(=O)Nc1ccc(Cc2ccc(NCc3ccc(NC(*)=O)cc3)cc2)cc1,45.0
*CC(C)CNC(=O)C(CCCCCC)C(=S)N*,-15.0
*CC(C)CNC(=O)CCCNC(=O)O*,40.0
*CC(C)CNC(=O)CCCS(=O)(=O)CCC(=O)N*,45.0
*CC(C)CNC(=O)OCCCCCCOC(=O)O*,-30.0
*CC(C)CNC(=O)c1ccc(C(=*)OC)cc1,90.0
*CC(C)COC(=O)CCC(C)CC(=O)O*,-50.0
*CC(C)COC(=O)c1ccccc1C(=O)O*,45.0
*CC(C)OC(=O)C(C)NC(=O)O*,40.0
*CC(C)OC(=O)CCCCCCC(=O)O*,-45.0
*CC(C)OC(=O)NCCCCC(C)NC(=O)NCCCCCCNC(=O)O*,-20.0
*CC(C)OC(=O)O*,-10.0
*CC(C)SC(=O)C(CC(C)C)=NNC(=O)C(C)(C)NC(=O)CCCC(=O)N*,45.0
*CC(C)c1ccc(*)cc1CC#CC([2H])(F)F,85.0
*CC(C)c1ccc(C#N)cc1*,130.0
*CC(C*)(CCl)COC(=O)C(C)=O,45.0
*CC(C*)(CO)OC,40.0
*CC(C*)=C(Cl)OC(C)O,65.0
*CC(C*)CCCCCCCCCCC,-55.0
*CC(C*)COCCCCCCOCCOC,-50.0
*CC(C*)Cn1ccc(C)c1,45.0
*CC(C=C(*)C#C[Si](C)(C)CCCCC)CCC,-20.0
*CC(C=C)(C*)CC(C)C,-20.0
*CC(C=C)(CO*)COCCO,-20.0
*CC(C=CC=CCCCCCO[Si](*)(C)C)(CCl)c1ccccc1,-20.0
*CC(CC#N)CCS(=O)(=O)CCCCCCCCC(=O)O*,-25.0
*CC(CC(*)(C#N)C#N)c1ccc(OC)cc1,150.0
*CC(CC(*)(C(F)(F)F)C(F)(F)C(F)(F)F)C(F)(F)F,110.0
*CC(CC(*)(C(F)(F)F)C(F)(F)F)C(=O)OCCS,65.0
*CC(CC(*)(C)C)C(=O)OCCCC,-20.0
*CC(CC(*)(C)CC)C(F)Cl,45.0
*CC(CC(*)(O)O)c1ccc(/N=N/c2ccc(C(=O)OC(F)(F)F)cc2)cc1,120.0
*CC(CC(*)(OC(C)C)C(C)C)OC(=O)CCCC,-20.0
*CC(CC(=O)OCCOCc1ccccc1)C(*)=O,-10.0
*CC(CC(=O)[O][Na])C(C)NC(=O)c1ccc(C(=O)N*)cc1,180.0
*CC(CC(C#N)(C*)CC)OC(=O)C(F)(F)F,90.0
*CC(CC(C#N)C(=O)OC)C(=O)O*,130.0
*CC(CC(C)(C#N)C(=O)O*)c1ccc(OCC(C)CCCC)cc1,45.0
*CC(CC(C)(C)C)C(C)C[Si](*)(C)CCC,-60.0
*CC(CC(C)(C)C)S*,-20.0
*CC(CC(C)(C)C)c1ccc(OCCOC(=O)c2cccc(C(=O)O*)c2)cc1,45.0
*CC(CC(C)(C)CCC(=O)N*)c1ccccc1,55.0
*CC(CC(C)C(*)=O)C(C)(C)C,65.0
*CC(CC(C)C)C(C)(c1ccccc1)C(C=C)S*,45.0
*CC(CC(C)C)C(C=C)[Si](*)(C)C,-60.0
*CC(CC(C)CCC(=O)OCCCCCCCCCCC)C(=O)O*,-45.0
*CC(CC(CO*)[N+](C)=O)C(F)(F)F,90.0
*CC(CC)(CBr)C(C)CNC(=O)CC(C)C(=O)N*,45.0
*CC(CC)(CC(*)=O)C(=O)OCCC,40.0
*CC(CC)(CC)C(C)C(=O)O*,45.0
*CC(CC)(CC)COC(=O)OCCCCCCCCCCOc1[nH]c(-c2ccc(/C=N/c3ccc([N+](=O)[O-])cc3)cc2)cc1C(=O)O*,45.0
*CC(CC)(CC)COC(=O)c1ccc(C(=O)OCc2ccc(O*)cc2)cc1C(=O)Oc1ccc(-c2ccccc2)cc1,120.0
*CC(CC)(CC)COC(=O)c1cccc(S(=O)(=O)c2cccc(C(=O)O*)c2)c1,90.0
*CC(CC)(CC)[Si](*)(CC)CC,-20.0
*CC(CC)(CCCCCC)C(C(=*)C)C(=O)OCCOC,-30.0
*CC(CC)(CCCCCCCC)C(=O)N*,-20.0
*CC(CC)(CCCCNC(=O)C(C)C)C(=O)O*,-20.0
*CC(CC)(CCCCNC(=O)C(C)CCCCCCCCCCC(=O)N*)COc1ccc(/N=N/c2ccccc2)cc1,45.0
*CC(CC)(CCOC(=O)N*)c1ccc(/N=N/c2ccc(CNCCCC)cc2)cc1,45.0
*CC(CC)(CCSC)S(*)(=O)=O,45.0
*CC(CC)(CC[N+](C)(C)C)CO*,45.0
*CC(CC)(CCl)S*,15.0
*CC(CC)(CO*)CC(C)CCCOCC(F)(F)C(F)(F)C(F)(F)C(F)(F)C(F)(F)F,-40.0
*CC(CC)(CO*)CO[Si](C)(C)C,-40.0
*CC(CC)(COC(=O)NCCCCCC)C(=O)N*,45.0
*CC(CC)(COCCOC)O*,-40.0
*CC(CC)C(C)(C)COC(=O)NCCNC(=O)NCS(=O)(=S)c1ccc(C(C)(C)c2ccc(C(=O)O*)cc2)cc1,65.0
*CC(CC)C(C)N(*)C(=O)Nc1ccc(N)cc1,90.0
*CC(CC)C(CC)C(CO)COC(=O)CCCCC(=O)S*,-35.0
*CC(CC)CC(C)CC[Si](*)(C)C,-70.0
*CC(CC)CC1C[IH]C(*)C1,-20.0
*CC(CC)CN(C)CCOC(=O)CCCCC(=O)O*,-40.0
*CC(CC)CNC(=O)NC(=O)N*,90.0
*CC(CC)CP(=O)(C=COC)COC(=O)c1ccc(C(=O)O*)cc1,15.0
*CC(CC)CS(=O)(=O)CC(C)(C)C(C)(C)C(*)=O,45.0
*CC(CC)N(*)C(=O)C(F)(F)C(F)(F)C(F)(F)C(F)(F)C(F)(F)F,65.0
*CC(CC)S(=O)(=O)c1ccc(Cc2ccc(C(=O)N*)cc2)cc1,130.0
*CC(CC)S*,-40.0
*CC(CC)c1ccc(S(*)(=O)=O)cc1,130.0
*CC(CC=CCCCCC)COC(=O)c1ccc(C(=O)O*)cc1,-20.0
*CC(CCC(=O)O)C(=O)NCCCOC(=O)c1ccc(NC(=O)CCCCC(=O)NSCCC(=O)O*)cc1,65.0
*CC(CCC(=O)OCC)C(*)CCCCCCC,-55.0
*CC(CCC(F)(F)C(F)(F)C(F)(F)C(F)(F)F)C(F)(F)C(F)(F)C(F)(F)C(*)([2H])F,45.0
*CC(CCC)(COC(=O)c1ccccc1*)Oc1ccc(/N=N/c2ccc(C#N)cc2)cc1,90.0
*CC(CCC)(COCCCCCC)SC(=*)CCCCN,-45.0
*CC(CCC)CSC(*)c1ccncc1,-10.0
*CC(CCCC#Cc1ccccc1)CCCCCCCCOc1ccc(-c2ccc(OCc3ccc(*)cc3)cc2)cc1,5.0
*CC(CCCC)(CCCCCCCCCCCC)COC(=O)CCCC(=O)N*,-40.0
*CC(CCCC)C(C)(C)CSS*,-40.0
*CC(CCCC)COC(*)=O,-40.0
*CC(CCCC)COC(=O)CCCCCC(=O)OCCOC(=O)c1ccc(C(=O)O*)cc1,-20.0
*CC(CCCC)COC(=O)NCc1ccc(CNC(*)=O)cc1,40.0
*CC(CCCC)C[N+](C)(C)CCC(=O)N*,-10.0
*CC(CCCCC(=O)O*)COC(=O)C(=O)OC,-30.0
*CC(CCCCC)C(CC)CCO*,-55.0
*CC(CCCCC)CC(C)COC(=O)CCCCC(=O)O*,-50.0
*CC(CCCCCC)C(*)(C(=O)O)C(O)COc1ccc(-c2ccc(-c3ccc(OC(=O)c4ccccc4Oc4ccccc4)cc3)cc2)cc1,95.0
*CC(CCCCCC)C1CSN(CCCCCCCCCCCCCC[SiH](C)CCC(=O)N*)C1=O,-45.0
*CC(CCCCCC)CC(O*)c1ccccc1,-20.0
*CC(CCCCCC)CSC(=O)Nc1ccc(NC(=O)NCCCCCCNC(=O)c2ccc(C(=O)O*)cc2)cc1,45.0
*CC(CCCCCC)N(*)C(=O)CCC,-35.0
*CC(CCCCCCC)(CCCCCCCCCC)COC(=O)c1ccc(C(=O)O*)cc1,-20.0
*CC(CCCCCCC)C(CCCCCCCC)CCC(=O)S*,-55.0
*CC(CCCCCCCC)C(=O)C(*)C,-30.0
*CC(CCCCCCCC)COC(=O)NCC(C)CCC(=O)O*,-35.0
*CC(CCCCCCCC)N(*)CCC(F)(F)F,-40.0
*CC(CCCCCCCCC)C(CCC(=O)Nc1cccc(C)c1)CC(*)=O,-20.0
*CC(CCCCCCCCC)CNC(=O)CCCCCC(=O)N*,-40.0
*CC(CCCCCCCCCC)C(=*)CCCCCCCC,-60.0
*CC(CCCCCCCCCC)COC(=O)c1ccc(C(C)(C)c2ccc(C(=O)O*)cc2)cc1,25.0
*CC(CCCCCCCCCCC)(CCSC=N)CO*,-35.0
*CC(CCCCCCCCCCC)C(=O)Nc1ccc(C)c(NC(=O)N*)c1,65.0
*CC(CCCCCCCCCCC)CCCCCCC(C)C#Cc1ccc(CNC(=O)CCCCCCCOC(=O)c2cc(Cl)c(O*)cc2C)c(C)c1,-30.0
*CC(CCCCCCCCCCCCC)COC(=O)c1ccc(C(C)(CC)c2ccc(-c3ccc(C(=O)O*)cc3)cc2)cc1,15.0
*CC(CCCCCCCCCCCCCCC)CSC(=O)NCCCSCCNC(*)=O,-30.0
*CC(CCCCCCCCCCCCCCCC)C(=*)CCCCCCCCCCC(=O)BCC,-55.0
*CC(CCCCCCCCCCCCCCCCCC)CCCCCCC(=O)O*,-55.0
*CC(CCCCCCCCCCCCCCCCOc1ccccc1)NC(=O)CCC(C)CC(=O)N*,-30.0
*CC(CCCCCCCCCCCCCCOc1ccc(-c2ccc(OC)cc2)cc1)COC(=O)c1ccc(C(=O)O*)cc1,-20.0
*CC(CCCCCCCCCCCCOc1cccc(/N=N/c2ccccc2)c1)C(=O)O*,-20.0
*CC(CCCCCCCCCCCC[N+](C)(C)C)O*,-30.0
*CC(CCCCCCCCCCCOc1ccc(C(=O)O)cc1)C(=O)O*,-15.0
*CC(CCCCCCCCCCOc1ccc(-c2ccc(O*)cc2)cc1)Oc1ccccc1,-20.0
*CC(CCCCCCCCN)C(=O)CO*,-25.0
*CC(CCCCCCCCOc1ccc(-c2ccc(OCCCCOCCCCCS*)cc2)cc1)c1ccccc1,-20.0
*CC(CCCCCCCCOc1ccc(/N=C/c2ccc(/N=C/c3ccc(*)cc3)cc2)cc1)c1ccc(OC)cc1,45.0
*CC(CCCCCCCCOc1ccc(C(=O)OCC)cc1)C(=O)OCc1ccc(COC(=O)CCCCCCCCC(=O)O*)cc1,-20.0
*CC(CCCCCCCOC(=O)NCCCCCCNC(=O)O*)CC(C)(C)C,-40.0
*CC(CCCCCCCOc1ccc([N+](=O)[O-])cc1)c1ccc(N(*)c2ccc(C)cc2)cc1,45.0
*CC(CCCCCCN(*)C)C(O)C(F)(F)F,-30.0
*CC(CCCCCCOC(=O)OCc1ccc(/N=C/c2ccc(C(*)=O)cc2)cc1)c1ccc(/N=N/c2ccc([N+](=O)[O-])cc2)cc1,65.0
*CC(CCCCCCOc1ccc(-c2ccc(O*)cc2)cc1)CCSC,-5.0
*CC(CCCCCCOc1ccc(/N=N/c2ccc(C#N)cc2)cc1)COC(=O)CCCCCCCCCCC(=O)O*,-20.0
*CC(CCCCCCOc1ccc(/N=N/c2ccc([N+](=O)[O-])cc2)cc1)NC(=O)CCCCCCC(=O)Nc1ccc(Cc2ccc(NC(=O)O*)cc2)cc1,45.0
*CC(CCCCCCOc1ccc(C#N)cc1)C(C)(C)CCCO*,-10.0
*CC(CCCCCCOc1ccc(N(C)C#N)cc1)C(CCCC)c1ccc(*)cc1Br,-10.0
*CC(CCCCCOc1ccc(-c2ccc(OCC)cc2)cc1)O*,-10.0
*CC(CCCCCOc1ccc(/N=N/c2ccc([N+](=O)[O-])cc2C)c(C(*)=O)c1)CC(C)C,45.0
*CC(CCCCOC(=O)CCCCCCC(=O)O*)c1ccc(CCCCCCCC)cc1,-40.0
*CC(CCCCOC(=O)O*)c1ccccc1,-10.0
*CC(CCCCOc1ccc(/C=N/c2ccc(CSCc3ccc([N+](=O)[O-])cc3)cc2)cc1)C(=O)O*,65.0
*CC(CCCCOc1ccc(/N=N/Nc2ccccc2C)cc1)NOCOC(=O)c1ccccc1-c1ccccc1C(=O)O*,85.0
*CC(CCCCOc1ccc(C#C)cc1)CC(*)c1cccc(O)c1,45.0
*CC(CCCCSC(=O)O*)c1ccccc1,-20.0
*CC(CCNC(=O)C(=O)N*)c1ccc(/N=N/c2ccc(C#N)cc2)cc1,130.0
*CC(CCNC(=O)c1ccc(C(=O)O*)cc1)(COCCCC)C(C(=O)O)C(=O)O,85.0
*CC(CCOC(=O)C(CS)C(=O)O*)C[SiH](C)C,-20.0
*CC(CCOC(=O)Nc1ccc(-c2ccc(C(=O)O*)cc2)cc1)COc1ccc(/N=N/c2ccc(C#N)cc2)cc1,120.0
*CC(CCOC(=O)O*)(COC)C(C)C,-10.0
*CC(CCOC(=O)c1ccccc1)C(C)C(=O)O*,45.0
*CC(CCOC)(COC(=O)N(*)C(C)C)OCCOCC,-30.0
*CC(CCSC(=O)Nc1ccc(C)c(NCC(=O)O*)c1)c1ccc(C(=O)OCCC)cc1,45.0
*CC(CCSC(=O)O*)C(=O)OC(C)CC,-20.0
*CC(CCl)(C(=O)OCCC(F)(F)F)C(=O)OCCC(F)(F)C(F)(F)C(F)(F)C(F)(F)C(F)(F)C(=O)N*,65.0
*CC(CCl)(CCC)C(*)=O,45.0
*CC(CCl)(CCCCCCCC)COC(=O)NCCCSCCCCSCCNC(=O)O*,-30.0
*CC(CCl)(CCOCCOCCOC)[Si](C)(C)CC(C)(C)C(=O)O*,-40.0
*CC(CCl)(CO*)COCC(O)C(=O)OCC,25.0
*CC(CCl)(COC(=O)c1ccc(Cc2ccc(C(C)(C)c3ccc([N+](=O)[O-])cc3)cc2)cc1)C(=O)O*,130.0
*CC(CCl)(CS#N)C(=O)OC(C)(C)COC(=O)c1ccc(*)nc1,65.0
*CC(CCl)(O*)OC(C)(C)c1ccccc1,90.0
*CC(CCl)(O*)OCCOc1ccc(C(C)C)cc1Br,45.0
*CC(CCl)C(*)=O,65.0
*CC(CCl)C(C)CC(N)(CCl)C(=O)O*,120.0
*CC(CCl)C(C)NC(=O)CCCCCCCCC(=O)O*,40.0
*CC(CF)(CBr)COC(=O)C(C)=C(C(=O)O*)c1cccc(C)c1,130.0
*CC(CF)CC(C)C=C(C(*)=O)C(=O)O,95.0
*CC(CI)(OC)C(=O)O*,80.0
*CC(CN(*)C(=O)OC(C)=O)C(=O)OCCCCC,-10.0
*CC(CN)(CO*)COCCC(C)C,-20.0
*CC(CNC(=O)CCCCCCCCO*)COc1ccc(N(C)c2ccc(C)cc2)cc1,15.0
*CC(CO)(C(=O)O)C(*)COC(=O)C(C)(C)C,90.0
*CC(CO)(CCl)CSC(=O)NCCCNC(=O)O*,45.0
*CC(CO)(CO*)OCCCCCCCCCCCCCCC,-40.0
*CC(CO)(NC(=O)O*)SC(C)(C)C,60.0
*CC(CO)(O*)OCc1ccc(Cl)cc1,55.0
*CC(CO)CS(=O)(=O)c1ccc(C#Cc2ccc(C(*)Cl)cc2)cc1C,130.0
*CC(CO*)(C(=O)O)C(=O)OCCOCCCCOCC[Si](C)(C)C,-40.0
*CC(CO*)(CC(C)C)c1ccccc1,65.0
*CC(CO*)(COC(=O)OC)C(=O)OC,45.0
*CC(CO*)(COC)C(O)C(C)(O)O,65.0
*CC(CO*)(COCC#N)CC(C)C,-25.0
*CC(CO*)(COCCN(C)CCCOc1ccc(/N=N/c2ccc(OC)cc2)cc1)c1ccccc1C(C)C,15.0
*CC(CO*)(COc1ccccc1)OCCCCCCCCCC,-40.0
*CC(CO*)(CSC(=O)O)C(=O)OCCCC,10.0
*CC(CO*)(CSCC)CSCCC,-40.0
*CC(CO*)(CSSC(=O)c1ccccc1O)C(=O)OCC,45.0
*CC(CO*)(OC(=O)CCCC)C(=O)OC,-20.0
*CC(CO*)C(C(=O)OC)C(=O)OCCCCCC,-10.0
*CC(CO*)C(OC)C(C)=O,45.0
*CC(CO*)COC(F)(F)F,-30.0
*CC(CO*)COCBr,-15.0
*CC(CO*)COCCOCCOCCOCC,-60.0
*CC(CO*)COc1ccc(/N=N/c2ccc([N+](=O)[O-])cc2)cc1,85.0
*CC(CO*)OCCCCCCCCCCCCCC#N,-50.0
*CC(CO*)OCCOCCOCCOCC,-60.0
*CC(CO*)[N+](OOCCC(F)(F)C(F)(F)F)O[Si](C)(C)C,-20.0
*CC(COC(*)=O)C(C)C(C)O,45.0
*CC(COC(=O)C(C)(C)N)C(=O)O*,45.0
*CC(COC(=O)CCCCCC(=O)O*)C(=O)OCC,-40.0
*CC(COC(=O)N*)OC,40.0
*CC(COC(=O)NCC)N(*)C(=O)OCCCCC,25.0
*CC(COC(=O)NCCCC)C(*)C,-20.0
*CC(COC(=O)NCCCCC(=O)O*)C(=O)OCC(C)(C)C,-20.0
*CC(COC(=O)NCCCCCCCC)C(*)S(=O)(=O)Oc1ccc(Cl)cc1,15.0
*CC(COC(=O)NCCCCCCCCCNC(=O)O*)c1cccnc1,-20.0
*CC(COC(=O)NCCCCCCNC(=O)O*)Oc1ccc(/C=C/c2ccccc2)cc1,45.0
*CC(COC(=O)NCCSCCSC(=O)O*)OCC([2H])(C([2H])(F)F)C(F)(F)C(F)(F)C(F)(F)F,-20.0
*CC(COC(=O)Nc1ccc(-c2ccccc2)cc1)C(=O)S*,65.0
*CC(COC(=O)Nc1ccc(CCc2ccc(N)cc2)cc1)C(*)=O,85.0
*CC(COC(=O)O*)OC(C)SC,-20.0
*CC(COC(=O)O*)c1ccncc1,45.0
*CC(COC(=O)OC(C)=O)C(=*)NC(=O)OCCCCCCCC,-20.0
*CC(COC(=O)OCC)C(C)(O*)Oc1ccccc1,45.0
*CC(COC(=O)c1ccc(C(=O)O*)cc1)CSC,40.0
*CC(COC(=O)c1ccc(C(=O)OCC(F)(F)COC(=O)c2ccc(C(=O)O*)cc2)cc1)c1ccc([N+](=O)[O-])cc1,65.0
*CC(COC(=O)c1ccc(OC)cc1)Oc1ccc(C(C)(C)c2ccc(C(=O)O*)cc2)cc1,65.0
*CC(COC(=O)c1cccc(C(*)=O)c1)OCc1ccccc1,40.0
*CC(COC(=O)c1cccc(O*)c1)COc1ccc(C(=O)OC)cc1,45.0
*CC(COC(=O)c1ccccc1)COC(=O)c1ccc2cc(C(=O)O*)ccc2c1,65.0
*CC(COC(=O)c1ccccc1C(=O)O*)OC(=O)CC,15.0
*CC(COC(=O)c1ccccc1C(=O)OCCOC(=O)OCCOC(=O)O*)c1ccc(/N=N/c2ccc([N+](=O)[O-])cc2)cc1,45.0
*CC(COC(C)=O)C(*)OC,25.0
*CC(COC(C)=O)[Si](C)(C)C(*)=O,-20.0
*CC(COC(C)=O)c1ccc(C(CCCCC)c2ccc(C(=O)O*)cc2)cc1,45.0
*CC(COC(C)Cl)OP(=O)(C[Si](*)(C)C)C(C)C,-30.0
*CC(COC(C)Oc1ccc(C=NC(=O)[O][Na])cc1)C(=O)OC(=O)N1CCN(*)CC1,85.0
*CC(COC)C(=O)OC1COC(*)O1,55.0
*CC(COC)OCCCCOC(=O)c1ccc(OCCCNC(*)=O)cc1,-20.0
*CC(COCC(*)(C(=O)OC(C)(C)C(=O)OC)C(Cl)OC(C)=O)C(OC(C)(C)C)C(=O)OC,85.0
*CC(COCC(=O)O*)C(C)C(C)C,-30.0
*CC(COCC(F)(F)C(F)(F)C(F)(F)C(F)(F)C(F)(F)F)C(*)(C)C,45.0
*CC(COCCCCCC(=O)O*)OCC(F)(F)C(F)(F)C(F)(F)C(F)(F)C(F)(F)C(F)(F)C(F)(F)C(F)(F)C(F)(F)C(F)(F)C(F)(F)C(F)(F)C(F)(F)C(F)(F)F,-30.0
*CC(COCCCCCC)COC(=O)CC1CCC(C(=O)N*)CO1,-25.0
*CC(COCCCCOC(=O)NCCCCCS*)CC(=O)OCCCCCCCCCC,-45.0
*CC(COCCOC#N)C(=O)N*,45.0
*CC(COCCOC(=O)O*)c1ccc(C)cc1,45.0
*CC(COCCOC(=O)SCCC)C(=O)O*,-35.0
*CC(COCCOC)OC(C)COC(=O)Nc1ccc(C)cc1C(=O)O*,15.0
*CC(COCc1ccccc1)C(*)O[Si](C)(C)c1ccc(F)cc1,25.0
*CC(CO[Si](C)(C)C)C(Cc1ccccc1)C(=O)O*,25.0
*CC(CO[Si](C)(C)C)OC(=O)c1ccc(NC(=O)O*)cc1,45.0
*CC(COc1cc(Cl)cc(N(C)c2ccc(O*)cc2)c1)C(C)(C)C,65.0
*CC(COc1ccc(-c2ccc(Sc3ccc(C#Cc4ccc(*)cc4)cc3)cc2)cc1)c1ccc(/N=N/c2ccc([N+](=O)[O-])cc2)cc1,145.0
*CC(COc1ccc(-c2ccccc2)cc1)OCCCCCCCCCCOc1ccc(-c2ccc(O*)cc2)cc1,-20.0
*CC(COc1ccc(/N=C/c2ccccc2)cc1)C(*)c1ccc(O)cc1,130.0
*CC(COc1ccc(/N=N/c2ccc(*)cc2)cc1)OCCCCCCCC,10.0
*CC(COc1ccc(C(=O)OCC(C)NC(*)=O)cc1)c1ccccc1,65.0
*CC(COc1ccc(C(=O)OCCOCCOCCOCCOCCOCCOCCOCCOCC#N)cc1)C(=O)O*,-30.0
*CC(COc1ccc(C(C)(C)O)cc1)Oc1ccc(-c2ccc(*)cc2)cc1,150.0
*CC(COc1ccc(C(C)(C)c2ccc(O*)cc2)cc1)c1cccnc1,95.0
*CC(COc1ccc(C(C)C)cc1)C(*)=O,45.0
*CC(COc1ccc(Cl)cc1)(O*)N1CCCCC1,70.0
*CC(COc1ccc(OC(=O)CCC(=O)OCc2ccc(OCCCCOc3ccc([N+](=O)[O-])cc3)cc2)c(C(=O)O*)c1)NC(=O)CC(C)CO,45.0
*CC(COc1ccc(S(=O)(=O)c2ccc(/N=N/c3ccc([N+](=O)[O-])cc3)cc2)cc1)C(*)C,145.0
*CC(COc1ccccc1)C(C(*)=O)C(=O)O,100.0
*CC(COc1ccccc1)[SH]C(=O)O*,20.0
*CC(COc1ccccc1C(C)CC)C(=O)OC1CC1OC(*)O,45.0
*CC(COc1ccccc1C)N(C(=O)CCCS*)c1ccccc1,45.0
*CC(COc1ccccc1OCc1ccccc1)C(CC)CO*,15.0
*CC(CS(=O)(=O)CCCN)C(=O)O*,85.0
*CC(CSCCCCCC)C(=O)OC(C)(C)COC(CO)C(=O)OCC(F)(F)CC(F)(F)C(F)(F)C(F)(F)C(F)(F)C(F)(F)C*,-25.0
*CC(CSCCCCCCCC)CC(C)CC(=O)N*,-40.0
*CC(CSCCS(=O)(=O)CCCCC(=O)N*)c1ccc(/N=N/c2ccc(C#N)cc2)cc1,95.0
*CC(Cc1ccccc1)C(*)C(=O)N(NC(=O)OC)C(C)C,95.0
*CC(Cc1ccccc1)C(C(=O)O)c1ccc(/N=N/c2ccc(C(=O)O*)cc2)cc1,160.0
*CC(Cc1ccccc1)C(C)CC(C)(C)C(C)C(=O)C(O)C(=O)NNC(=O)C(=O)N*,120.0
*CC(Cc1ccccc1)C1C(=O)N(CCCCCCCC)C(=O)C1*,90.0
*CC(Cc1ccccc1)Nc1ccccc1C(C)CCC(=*)OCC,45.0
*CC(Cl)(C=*)CCC(F)(F)C(F)(F)C(F)(F)C(F)(F)C(F)(F)C(F)(F)C(F)(F)C(F)(F)F,45.0
*CC(Cl)(CO*)C(=O)OC[SiH](C)C(C)C,45.0
*CC(Cl)(OC)C(*)(C)C,90.0
*CC(Cl)C(*)(C)C(=O)OCc1ccc(C(C)(C)C)cc1,90.0
*CC(Cl)C(*)(F)C(=O)OCC(F)(F)C(F)(F)C(F)(F)C(F)(F)Cl,65.0
*CC(Cl)C(*)([2H])Cl,80.0
*CC(Cl)C(*)OC(=O)CCCCCCCCCCC,-25.0
*CC(Cl)C([2H])(F)C(=O)N(*)C,110.0
*CC(Cl)CC(*)(O)C(F)(F)F,90.0
*CC(Cl)OC(=O)CCc1ccc(C(=O)O*)c(C)c1C,45.0
*CC(F)(C(=*)C(F)(F)F)C(F)(F)F,120.0
*CC(F)(Cl)C1C(=O)N(C#N)C(=O)C1*,190.0
*CC(F)(F)C(*)(C)C(=O)OCCCC(F)(F)C(F)(F)C(F)(F)C(F)(F)F,45.0
*CC(F)(F)C(*)(Cl)C(=O)OC(F)(F)C(F)(F)C(F)(F)C(F)(F)C(F)(F)C(F)(F)F,65.0
*CC(F)(F)C(*)(F)OC(F)(F)COC(F)(F)C(F)(F)C(F)(F)F,-20.0
*CC(F)(F)C(*)(F)OC(F)(F)Cl,55.0
*CC(F)(F)C(=O)N(*)CCSSC,45.0
*CC(F)(F)C(F)(F)C(*)(F)OCC(F)(F)C(F)(F)F,65.0
*CC(F)(F)C(F)(F)C(=O)N(*)OC(C)OC(C)(C)C,65.0
*CC(F)(F)C(F)(F)C(F)(F)C(=O)O*,55.0
*CC(F)(F)C(F)(F)C(F)(F)C(F)(F)C(F)(F)C(F)(F)C(=O)O*,65.0
*CC(F)(F)C(F)(F)C(F)(F)C(F)(F)C(F)(F)C(F)(F)C(F)(F)C(F)(F)C(F)(F)C(*)(O)OC(F)(F)F,65.0
*CC(F)(F)C(F)(F)C(F)(F)C(F)(F)C(F)(F)C(F)(F)C(F)(F)C(F)(F)COC(=O)CCCCCCCCCC(=O)O*,-20.0
*CC(F)(F)C(F)(F)C(F)(F)C(F)(F)C(F)(F)C(F)(F)C(F)(F)CC(F)(F)C(F)(F)C(F)(F)C(F)(F)COC(=O)/C=C/C(=O)O*,40.0
*CC(F)(F)C(F)(F)C(F)(F)C(F)(F)C(F)(F)C(F)(F)C(F)(F)CCC(F)(F)C(F)(F)C(F)(F)C(F)(F)C(F)(F)COC(=O)O*,40.0
*CC(F)(F)C(F)(F)C(F)(F)C(F)(F)C(F)(F)C(F)(F)C(F)(F)COC(=O)CCC(C)(C)NC(=O)N*,55.0
*CC(F)(F)C(F)(F)C(F)(F)C(F)(F)C(F)(F)COC(=O)NSCCNC(=O)O*,45.0
*CC(F)(F)C(F)(F)C(F)(F)C(F)(F)C(F)(F)COC(=O)c1ccc(C(=O)NCCOCCCCCOCCOCCN(*)CC)cc1,15.0
*CC(F)(F)C(F)(F)C(F)(F)C(F)(F)C([2H])=C(*)C(=O)OC(C)(C)C,60.0
*CC(F)(F)C(F)(F)C(F)(F)C(F)(F)CC(F)(F)COc1ccc(C(=O)c2ccc(C(=O)c3ccc(O*)cc3)cc2)cc1,90.0
*CC(F)(F)C(F)(F)C(F)(F)C(F)(F)CCC(O)C(F)(F)C(=O)OC(=O)C(F)(F)C(F)(F)C(F)(F)C(F)(F)C(F)(F)C(*)(F)F,55.0
*CC(F)(F)C(F)(F)C(F)(F)C(F)(F)CCCC(F)(F)CCCCC(=O)NCC([2H])=C(C)COC(=O)CCCCC(=O)O*,-30.0
*CC(F)(F)C(F)(F)C(F)(F)C(F)(F)[Si](*)(C)CC(C)C,-60.0
*CC(F)(F)C(F)(F)C(F)(F)CN(*)CC,45.0
*CC(F)(F)C(F)(F)C(F)(F)CN(CCN[Si](C)(C)C)C(=O)C1=CC(=O)N(*)CC1,45.0
*CC(F)(F)C(F)(F)C(F)(F)COC(=O)CC/C=C/CC(=O)O*,-20.0
*CC(F)(F)C(F)(F)C(F)(F)COC(=O)CCCCCCC(=O)OCCC(F)(F)C(F)(F)C(*)(F)F,-30.0
*CC(F)(F)C(F)(F)C(F)(F)COC(=O)CCCCN(C)C(=O)N*,15.0
*CC(F)(F)C(F)(F)C(F)(F)COC(=O)N(*)Cc1ccccc1,45.0
*CC(F)(F)C(F)(F)C(F)(F)COC(=O)NCCSCCCCNC(=O)O*,10.0
*CC(F)(F)C(F)(F)C(F)(F)COC(=O)c1cccc(*)c1,45.0
*CC(F)(F)C(F)(F)C(F)(F)CS(*)(=O)=O,90.0
*CC(F)(F)C(F)(F)C(OC(=O)O*)c1ccc(C)cc1,95.0
*CC(F)(F)C(F)(F)CCC(F)(F)C(F)(F)COC(=O)CCCCC(=O)N(*)C,-20.0
*CC(F)(F)C(F)(F)CNC(=O)CCCC(=O)N(*)CC(F)(F)C(F)(F)F,65.0
*CC(F)(F)C(F)(F)COC(=O)C(C)NC(=O)C(CCC)CC(=O)O*,45.0
*CC(F)(F)C(F)(F)COC(=O)CC(C)CNC(=O)/C=C(/*)CCCO,25.0
*CC(F)(F)C(F)(F)COC(=O)CCCCC(=O)OCCCNC(=O)CCCC(=O)N(*)CC,25.0
*CC(F)(F)C(F)(F)COC(=O)CCCCCCCCC(=O)OC(C)COC(=O)NC[Si](C)(C)CCCCOCCCCOCCOC(=O)N*,-40.0
*CC(F)(F)C(F)(F)COC(=O)N(CCC)C(=O)OC(C)C(CO*)OC,45.0
*CC(F)(F)C(F)(F)COC(=O)NCCSCCCNC(=O)O*,15.0
*CC(F)(F)C(F)(OCCOC(=O)O*)c1ccc(OC)cc1,45.0
*CC(F)(F)CC(*)(F)C(F)(F)C(F)(CC(F)F)C(F)(F)F,70.0
*CC(F)(F)CC(F)(F)C(F)(F)C(F)(F)C(=O)N(*)C,65.0
*CC(F)(F)COC(=O)NCCc1ccccc1CNCC(=O)O*,55.0
*CC(F)(F)CO[Si](*)(C)CCC[N+](C)(C)CCC,-30.0
*CC(F)S(*)(F)Cl,45.0
*CC(I)(C(=O)O*)C(F)(F)C(F)(F)C(F)(F)C(F)(F)C(F)(F)C(F)F,65.0
*CC(N)C(=O)NC(=O)CCCCC(=O)N1CCN(*)CC1,65.0
*CC(N)C(S)C(=O)N([SiH]C)C(=O)O*,90.0
*CC(N*)c1ccccc1N,90.0
*CC(NC(=O)C(C)(C)C(=O)O*)c1ccc(F)cc1,130.0
*CC(NC(=O)CCCCC(*)=O)c1ccc(/N=N/c2ccc(C#N)cc2)cc1,110.0
*CC(NC(=O)CCCOC(=O)Nc1ccc(NC(=O)O*)cc1)c1ccc(/N=N/c2ccc(C(C)C)cc2)cc1,95.0
*CC(NC(=O)N*)OCCCCCC,-20.0
*CC(NC(=O)c1ccc(C(C)(C)c2ccc(C)c(C(*)=O)c2)cc1)OCCOC,120.0
*CC(NC(=O)c1ccccc1)C(=O)NCCCCCNC(=O)CCCCCCC(=O)N*,55.0
*CC(NC(C)=O)C(SC)N(*)CCCCCC,-20.0
*CC(N[Si](*)(CCl)C(=O)O)C(C)(C)CC,85.0
*CC(Nc1ccc(*)cc1)OCCCCCCCC,-20.0
*CC(Nc1ccccc1)C(C(=O)OCCC)C(*)C(C)CCOc1ccccc1,45.0
*CC(O)(CO*)c1ccccc1,65.0
*CC(O)C(*)C(=O)OCCCc1ccccc1,40.0
*CC(O)C(*)OC(=O)CCCCCCCCC(=O)OCCOCCOCCOCCOCCOC,-40.0
*CC(O)C(=O)OCCCCCCOC(=O)C1CCC(=O)N1*,-20.0
*CC(O)C(C)(C)COC(=O)c1ccc(C(C)(C)C)c(*)c1C,85.0
*CC(O)C(F)(F)C(F)(F)C(F)(F)C(F)(F)CCC(F)(F)C(F)(F)COC(=O)CCCC(=O)N*,-20.0
*CC(O)C(N)C(=O)NCCN(*)C,65.0
*CC(O)C(O)=C(*)Cl,90.0
*CC(O)C(O)C(O)CS(=O)(=O)C*,90.0
*CC(O)C(O)CN(*)C(C)C,45.0
*CC(O)C(O)CN(C)CC(O)COc1c(C)cc(C(C)(C)c2cc(F)c(O*)c(Br)c2)cc1Cl,95.0
*CC(O)C(O)COC(=O)CCCCCNC(=O)c1ccc(C(=O)O*)cc1,45.0
*CC(O)C(OC)OC(Cl)C(=O)OC1CCCC1*,55.0
*CC(O)CC(*)c1cccnc1,65.0
*CC(O)CC(C)(C#N)C(=O)OCCCCCCOCCCCCCOC(=O)c1ccc(/N=N/c2ccc(C(=O)O*)cc2)cc1,15.0
*CC(O)CC(C)(C)COC(=O)OC(=O)/C=C/C(=O)NNC(=O)c1ccccc1O*,65.0
*CC(O)CC(C)(OC(C)=O)c1ccc(C(=O)O*)cc1,65.0
*CC(O)CC(C)NCCS(=O)(=O)CCC[Si](*)(C)C,-25.0
*CC(O)CC(C)P(=O)(O*)O[Si](C)(C)CC,-35.0
*CC(O)CC(NC(=O)O*)C(CC)CC,45.0
*CC(O)CC(O)CN(C)C(=O)c1ccc(C(=O)NNC(=O)CCCCC(=O)NCC(C)(C)C(*)=O)cc1,85.0
*CC(O)CC(O)CN(CCOC(=O)CCCCC(=O)N(C)CCC)C(=O)C(CO)C(*)=O,-20.0
*CC(O)CC(O)COc1ccc(-c2ccc(OCCN(CC)c3ccc(O*)cc3)cc2)cc1,45.0
*CC(O)CC([2H])(Cl)C(=O)N*,85.0
*CC(O)CCCCOC(=O)c1ccc(C(=O)O*)cc1,30.0
*CC(O)CCCN(C#N)C(=O)NCCCCCCNC(=O)N(*)CC,15.0
*CC(O)CCN(CC)C(=O)NCc1ccccc1C(*)=O,45.0
*CC(O)CN(*)C(C)c1ccc(Br)cc1,65.0
*CC(O)CN(*)C(F)(Cl)Cl,65.0
*CC(O)CN(*)OC,45.0
*CC(O)CN(*)OCC(F)(F)C(F)(F)C(F)(F)C(F)(F)F,45.0
*CC(O)CN(*)c1cc(Br)ccc1OCCO,45.0
*CC(O)CN(*)c1ccc(C)c(Cl)c1,90.0
*CC(O)CN(*)c1ccc(C[N+]S(=O)(=O)[O][Na])cc1,120.0
*CC(O)CN(C(=O)O*)c1ccc(C)cc1,90.0
*CC(O)CN(C)C(=O)CCCCCN1CCN(*)C1,-20.0
*CC(O)CN(C)O[Si](C)(C)N[Si](C)(C)O*,-40.0
*CC(O)CN(C)O[Si](C)(C)c1ccc(C#Cc2ccc(*)s2)o1,15.0
*CC(O)CN(C)S(=O)(=O)SC(=S)NC(=O)C1CC(*)C1,85.0
*CC(O)CN(C)c1ccc(C(C)(C)c2ccc(O*)c(S(=O)(=O)O)c2)cc1C(C)(C)C,130.0
*CC(O)CN(C)c1ccc(CSS(=O)(=O)CCCCC(=O)Nc2ccc(NC(=O)C(=O)NNC(=O)c3ccc(C(=O)N(*)c4ccccc4)cc3)cc2)cc1,145.0
*CC(O)CN(C)c1ccc(OCc2ccccc2)cc1OC(=O)C(CCCC)O*,45.0
*CC(O)CN(C)c1ccc([Si](C)(C)C(F)(F)C(F)(F)COC(=O)c2cccc(C(=O)O*)c2)cc1,45.0
*CC(O)CN(CC(=O)OCC(C)OS(=O)(=O)C(F)(F)C([2H])(F)F)OC(=O)c1cccc(C(=O)NNC(=O)c2ccc(O*)cc2)c1,95.0
*CC(O)CN(CC)c1ccccc1C(=O)O*,65.0
*CC(O)CN(CCC)OC(=O)C(C)(C)CC(C)(C)CC(=O)O*,-20.0
*CC(O)CN(CCCC)c1ccc(-c2ccc([N+](=O)[O-])cc2)cc1*,65.0
*CC(O)CN(CCOC(=O)Nc1ccc(Cl)cc1)C(=O)O*,55.0
*CC(O)CN(CCOc1ccc(/N=N/c2ccc(Cl)cc2)cc1)C(C)=NC([PH])=C(c1ccccc1)c1ccc([Si](C#C)c2ccc(/N=N/c3ccc(S(=O)(=O)c4ccc(*)cc4)cc3)cc2)cc1,145.0
*CC(O)CN(CCOc1ccc(/N=N/c2ccc(S*)cc2)cc1)c1ccccc1,65.0
*CC(O)CN(c1ccc(OC)cc1)c1ccc(N(c2ccccc2)c2ccc(/N=C/C(=*)Nc3ccccc3)cc2)cc1,165.0
*CC(O)CNC(=O)CCCC(=O)NC(CCOC(=O)O*)COCC[N+](C)(C)C,45.0
*CC(O)CNC(=O)CCCOCCCCCCCCCCCCC(=O)O*,-35.0
*CC(O)CNc1ccc(NC(=O)c2ccc(C(=O)O*)cc2)cc1,120.0
*CC(O)COC(=O)C(C)/C=C(/*)C,-20.0
*CC(O)COC(=O)C(C)CCCCCCC(=O)O*,-40.0
*CC(O)COC(=O)C(Cc1ccccc1)OC(=O)CCCOC(=O)c1ccc(OC(=O)c2ccc(C(=O)O*)cc2)cc1,45.0
*CC(O)COC(=O)C1CCN(C(=O)OC2CCC(O*)CC2)CC1,65.0
*CC(O)COC(=O)CC(CC(C)C)C(=O)O*,-20.0
*CC(O)COC(=O)CCC(C)CC(=O)NC(CCCC)C(=O)NC(C)S(*)=O,45.0
*CC(O)COC(=O)CCCCCC(=O)OCCCCOC(=O)c1ccc(OCCOC(=O)O*)cc1,-10.0
*CC(O)COC(=O)CCCCCCCCC(=O)OCC(O)COc1ccc(S(=O)(=O)c2ccc(O*)cc2)cc1,10.0
*CC(O)COC(=O)CCCCCCCCCCCCCCC(=O)OC(=O)c1ccc(C(=O)O*)cc1,-20.0
*CC(O)COC(=O)CCCCS(=O)(=O)CCC(=O)O*,-15.0
*CC(O)COC(=O)Cc1ccc(CC[Si](C)(C)O[Si](C)(C)OC(C)(C)O*)cc1,-40.0
*CC(O)COC(=O)NCC(OC)OC(=O)OCc1cc(OC(C)=O)cc(*)n1,45.0
*CC(O)COC(=O)NCCCCCCCNC(=O)O*,-20.0
*CC(O)COC(=O)Nc1ccc(CC[Si](C)(C)c2ccc(C(=O)O*)cc2)cc1,45.0
*CC(O)COC(=O)Nc1ccc(NC(=O)OCCCCCOC(=O)c2ccc(O*)cc2)cc1,55.0
*CC(O)COC(=O)OCC1COCC(*)OC1,15.0
*CC(O)COC(F)(F)COC(=O)CCCCCC(F)(F)C(F)(F)C(F)(F)CN(C)C(=O)O*,-10.0
*CC(O)COP(=O)(O*)OCCS(=O)(=O)Oc1ccc(-c2ccc([N+](=O)[O-])cc2)cc1,45.0
*CC(O)CO[Si](C)(C)OC(C)COC(*)COC(C)C,-60.0
*CC(O)COc1c(Cl)cc(Cl)cc1OC(=O)O*,90.0
*CC(O)COc1cc(C(=O)NC(=O)c2ccc(*)cc2)c(OC(=O)c2ccc(SCCCCC)cc2)c(C(C)C)c1,85.0
*CC(O)COc1ccc(/C=N/c2ccc(O*)c(NCCC)c2)cc1C(C)=O,65.0
*CC(O)COc1ccc(/C=N/c2ccc([N+](=O)[O-])cc2)cc1C(=O)O*,145.0
*CC(O)COc1ccc(C(=O)CNc2ccc(O*)cc2)cc1,65.0
*CC(O)COc1ccc(C(=O)NCCCOC(=O)c2ccc(O*)cc2)cc1,65.0
*CC(O)COc1ccc(C(=O)OCCCCCNC(=O)c2ccccc2-c2ccc(/C=C/c3ccc(C(*)=O)cc3)cc2)cc1,85.0
*CC(O)COc1ccc(C(=O)Oc2ccc(-c3ccc(O*)cc3)cc2)cc1,110.0
*CC(O)COc1ccc(C(=O)Oc2ccc(C(=O)OCC(=O)Oc3ccc(O*)c(OC)c3)cc2)cc1,65.0
*CC(O)COc1ccc(C(=O)Oc2ccc(OC(=O)COc3ccc(C(*)=O)cc3)cc2)cc1,65.0
*CC(O)COc1ccc(C(=O)c2ccc(-c3ccc(O*)cc3)cc2)cc1,95.0
*CC(O)COc1ccc(C(C)(C)c2cc(C)c(O*)c(C)c2)cc1OC,75.0
*CC(O)COc1ccc(C(C)(C)c2ccc(C(=O)OCCOc3ccc(-c4ccc(*)c(O)c4)cc3)cc2)cc1,65.0
*CC(O)COc1ccc(C(C)(C)c2ccc(O*)cc2CCCCCCCCCCCC)cc1,30.0
*CC(O)COc1ccc(C(C)(C)c2ccc(OC(=O)CCC(CSC)O*)cc2)cc1,45.0
*CC(O)COc1ccc(C(C)(C)c2ccc(OC(=O)CCCC(=O)O*)cc2)cc1,45.0
*CC(O)COc1ccc(C(C)(C)c2ccc(OC(=O)CCCCCCCCCCC(=*)OCC)cc2)cc1,15.0
*CC(O)COc1ccc(C(C)(C)c2ccc(OC(=O)COCC(*)=O)cc2)cc1,45.0
*CC(O)COc1ccc(C(C)(C)c2ccc(OC(=O)COCCOCCOCCOCCO)cc2)cc1OC(=O)CCCCCCCCCCCC(*)=O,-20.0
*CC(O)COc1ccc(C(C)(C)c2ccc(OC(=O)OCCOCCOCCOCCOCC(O)COc3ccc(-c4ccc(O*)cc4)cc3)cc2)cc1,15.0
*CC(O)COc1ccc(C(C)(C)c2ccc(OC(F)(F)C(F)(F)C(F)(F)C(F)(F)C(F)(F)C(F)(F)C(F)(F)C(O)CN(*)C(F)(F)F)cc2)cc1,65.0
*CC(O)COc1ccc(C(C)(C)c2ccc(OC)c(OC(=O)CCCCCCC(*)=O)c2OC)cc1,45.0
*CC(O)COc1ccc(C(C)(C)c2ccc(OC)cc2)c(OC(=O)CCCCC(*)=O)c1,45.0
*CC(O)COc1ccc(C(C)(C)c2ccc(OCC(O)COc3ccc(C#Cc4ccc(O*)c(OC)c4)cc3OCCCCCCCC)cc2)cc1,45.0
*CC(O)COc1ccc(C(C)(C)c2ccc(OCC(O)COc3ccc(C(C)(C)c4ccc(O*)cc4)cc3)cc2)cc1,90.0
*CC(O)COc1ccc(C(C)(C)c2ccc(OCC(O)COc3ccc(O*)cc3)c(OC)c2)c(O)c1,85.0
*CC(O)COc1ccc(C(C)(C)c2ccc(OCCCCOc3ccc(N=*)cc3)cc2)cc1,65.0
*CC(O)COc1ccc(C(C)(C)c2ccccc2)cc1OC(=O)CCCCSCCCCCCC(=O)Oc1ccc(-c2ccc(O*)cc2)cc1,15.0
*CC(O)COc1ccc(C(C)(Cc2ccccc2)c2ccc(OC(=O)c3ccc(C(=O)O*)cc3)cc2)cc1,90.0
*CC(O)COc1ccc(C2(c3ccc(O*)cc3)CC2)cc1,90.0
*CC(O)COc1ccc(CC(NC(=O)O*)c2ccc(OCCC)cc2)cc1,55.0
*CC(O)COc1ccc(CCCCCCOc2ccc(C(=O)Oc3ccc(/N=N/c4ccc(O*)cc4)cc3)cc2)cc1,65.0
*CC(O)COc1ccc(CCCNC(=O)CCCCC(=O)Nc2ccc(O*)cc2)cc1,40.0
*CC(O)COc1ccc(CCOC(=O)CCCCCCCCCC(=O)OC(C)C(*)=O)cc1,-30.0
*CC(O)COc1ccc(NC(=O)c2ccc3c(c2)C(=O)N(*)C3=O)c(C(C)(C)C)c1,195.0
*CC(O)COc1ccc(OC(=O)/C=C/CC(*)=O)cc1,20.0
*CC(O)COc1ccc(OC(=O)Cc2ccc(O*)cc2)cc1,45.0
*CC(O)COc1ccc(OC(=O)c2ccc(C(*)=O)cc2)cc1OC,55.0
*CC(O)COc1ccc(OC(=O)c2ccc(C(=O)OCC(CNC(=O)CCCCC(=O)OC)c3ccc(O*)cc3)cc2)cc1,45.0
*CC(O)COc1ccc(OCC(O)CN(c2ccc(OC)cc2)C(C(*)=O)C(=O)O)cc1,65.0
*CC(O)COc1ccc(OCCOCCOCc2ccc(O*)cc2C)cc1,15.0
*CC(O)COc1ccc(OCc2ccc(OCC(O)COC(*)=O)cc2)cc1,20.0
*CC(O)C[N+](C)(C)C(=O)OC1CC(OC[N+](C(=O)O*)c2ccccc2)=C(C)O[SiH2]1,95.0
*CC(O)C[Si](C)(C)O[Si](C)(C)c1ccc(C[Si](*)(O)c2ccccc2)cc1,-20.0
*CC(O*)C(C)(C)C(C)C(=O)OCC,45.0
*CC(O*)C(CO)COCCO,-30.0
*CC(O*)C(O)C(O)C(F)(F)C(F)(F)C([2H])(Cl)C(F)(F)C(F)(F)N(C)C(F)(F)F,65.0
*CC(O*)C1CCC1,-20.0
*CC(O*)OC(C)C(=O)OC,15.0
*CC(O*)OC(F)(Cl)C(F)(F)F,30.0
*CC(OC(=O)CCCCC(=O)Nc1ccc(C(C)(C)c2ccc(OC(=O)CCCCCCO*)cc2)cc1)c1ccccc1C(C)C,15.0
*CC(OC(=O)CCCCC(=O)OC)C(*)C(=O)O,45.0
*CC(OC(=O)CCCCC(=O)OC)C(*)COc1ccc(/C=C/c2cccc([N+](=O)[O-])c2)cc1,45.0
*CC(OC(=O)NCC(=O)OCC(C)O)C(*)C(=O)OCC,15.0
*CC(OC(=O)NCCCC)C(=O)OCCCCCCOc1ccc(-c2ccc(O*)cc2)cc1,15.0
*CC(OC(=O)Nc1ccc(C#Cc2ccc(O*)cc2)cc1)c1ccc(/N=N/c2ccc(Br)cc2)cc1,120.0
*CC(OC(=O)c1ccc(C(=O)O*)cc1)C(C)(C)C,60.0
*CC(OC(=O)c1ccc(SCCc2ccc(CNC(=O)O*)cc2)cc1)C(=O)OCC,45.0
*CC(OC(C)(C)C)C(=O)OCCCCCOC(=O)C1CCC(*)OC1,-20.0
*CC(OC(C)=O)C(*)c1ccc([2H])s1,45.0
*CC(OC(C)=O)C(C(=O)Oc1ccc(OCCCSc2ccc(/N=N/c3ccc(N=C(*)C)cc3)cc2)cc1)c1ccc(O)cc1,95.0
*CC(OC(C)=O)C(C)(C)CNC(=O)c1ccc(C(=O)N*)c(CC(C)[SH](=O)[O-])c1,130.0
*CC(OC(C)=O)C(CO)COC(=O)NCCCCCNC(=O)O*,10.0
*CC(OC(C)=O)C(Cc1ccc(CCC)cc1)C(=O)O*,45.0
*CC(OC(C)=O)C(F)(F)C(F)(F)C(F)(F)C(F)(F)C(F)(F)COC(=O)NCC(C)C(*)=O,45.0
*CC(OC(C)=O)C(O)C(O)C(O)C(O)COc1c(O)c(*)c(F)c(F)c1F,95.0
*CC(OC(C)C)C(C)C(=O)OCCCCCCCCC(=O)N*,-20.0
*CC(OC(C)C)C(COC(=O)Nc1ccc(C)c(C(*)=O)c1)Cc1ccccc1,85.0
*CC(OC(C)C)c1ccc([Si](*)(C)C)s1,40.0
*CC(OC(F)(F)C(F)(F)[SH](F)(F)C(F)(F)C(F)(F)F)C(F)(F)C(F)(F)C(F)(F)C(F)(F)COC(=O)CCCC(=O)N(*)CCCC,25.0
*CC(OC)C(*)C(=O)OCCCCCCC(F)(C(F)(F)C(F)(F)F)C(F)(F)C(F)(F)C(F)(F)C(F)(F)C(F)(F)F,30.0
*CC(OC)C(CCCCCCCC)OC(=O)c1ccc(C(=O)NC(C)C(=O)OCC(O)CO*)cc1,15.0
*CC(OC)C(OC)C(COC(=O)N*)c1ccc(/C=C/C(C)CCCC)c(OCCCCCC)c1,-20.0
*CC(OC)OC(=O)c1cccc(C(=O)O*)c1,45.0
*CC(OC)[Si](C)(C)C(C)(C)C(C)(O)C(*)(F)F,45.0
*CC(OC)c1ccc(N(c2ccc(OC)cc2)c2ccc(Sc3ccc(*)cc3)cc2)cc1,105.0
*CC(OC)c1ccc(S(*)(=O)=O)cc1,130.0
*CC(OCC#N)c1ccc(/C=C/c2ccc(/C=C/c3ccc(/C=N/c4ccc(O*)cc4)cc3)cc2)cc1,145.0
*CC(OCC(F)(F)F)C(=O)OCCCC(=O)O*,-20.0
*CC(OCC)=C(C(=*)C([2H])(F)F)C(=O)NC(F)(F)Br,120.0
*CC(OCC)C(C)(C)COC(=O)c1ccc(/N=N/c2ccc(C(=O)O*)cc2)cc1,65.0
*CC(OCC)C(C)(NC(=O)OCCCCCCOc1ccc(C=*)cc1)c1ccc(/C=N/c2ccc([N+](=O)[O-])cc2)cc1,65.0
*CC(OCC)C(CC)C(=O)O*,45.0
*CC(OCC)C(CO*)CC(C)CC,-40.0
*CC(OCC)C1C(=O)N(c2ccc(OC)cc2)C(=O)C1*,180.0
*CC(OCC)C1CCC(N(CC)NC(=O)CCCCC(=O)N(*)CC)C(O)C1=O,45.0
*CC(OCC)N(CCCCNC(=O)c1ccc(*)cc1)Cc1ccccc1,45.0
*CC(OCC)S(=O)(=S)O*,25.0
*CC(OCC)c1ccc(O*)cc1,45.0
*CC(OCCC)C(C)(C)C(O*)OC,-15.0
*CC(OCCC)OCCOCCOC(=O)CCCCC(=O)O*,-45.0
*CC(OCCCC)C(C=C)COC(=O)CCC(=O)O*,-35.0
*CC(OCCCCCCCC)C(=O)OCCCCCCOc1ccc(/N=C/c2ccc(O*)cc2)cc1,-10.0
*CC(OCCO)C(=O)O*,-20.0
*CC(OCCOC(=O)CCCCCCCCC)OC(=O)O*,-40.0
*CC(OO)C(*)S(F)(F)F,45.0
*CC(Oc1ccc(C(C)(C)C)cc1)C(OC)C(*)C(=O)Oc1ccccc1,85.0
*CC(Oc1ccc(C(C)(C)c2ccccc2)cc1)=[SH]NNC(=O)c1ccc(*)cc1,145.0
*CC(Oc1ccc(Cc2ccc(C=*)cc2)cc1)c1ccccc1,65.0
*CC(Oc1ccc(F)cc1)C(c1ccccc1)c1ccc(/N=N/c2ccc(O*)cc2)cc1,130.0
*CC(PC(=O)Nc1ccc(C)cc1)C(=O)NCc1ccccc1CN(*)C,90.0
*CC(S*)C(F)(F)C(F)(F)C(F)(F)C(F)(F)C(F)(F)C(F)(F)C(F)(F)C(F)(F)C(F)(F)F,45.0
*CC(SC)C(CO*)COCCOC(=O)OCC=C,-30.0
*CC([2H])(C(=O)N*)c1ccc(O)cc1,180.0
*CC([2H])(CCl)COC(=O)O*,45.0
*CC([2H])(F)C(*)(F)C(F)(F)C(F)(F)C(F)(F)OC(F)(F)C(F)(F)C(F)C(F)(F)C(F)(F)C(F)(F)C(F)(F)C(F)(F)F,65.0
*CC([2H])(S*)C(=O)OC(C)(C)CCCOc1ccc(-c2ccc(OC)cc2)cc1,45.0
*CC([2H])C(*)(CI)C(=O)O,110.0
*CC([CH2][Fe][CH2]CNC(=O)C(C)(C)C(*)=O)C(=O)O,85.0
*CC([CH2][Ge]([*])([C]#N)[N](C)CCCC)OC,-30.0
*CC([CH2][Zn])(CCC)C(=O)O*,40.0
*CC([N+]c1ccc(C)cc1)C(*)c1ccc(OC)cc1,140.0
*CC(c1ccc(Cl)cc1)S(=O)(=O)c1ccccc1-c1ccccc1C(=O)OCC(F)(C(=O)N(*)CCCCCCCCCCCCCCCCCCCCCCCCCCCCCCCCCC)C(F)(F)F,45.0
*CC(c1ccccc1)C(*)C(F)(F)C(F)(F)C(F)(F)F,65.0
*CC(c1ccccc1)C1C(=O)N(CCN(C)CCCC)C(=O)C1*,90.0
*CC(c1ccccc1)C1C(=O)N(c2ccc(C#N)cc2)C(=O)C1*,210.0
*CC(c1ccccc1)N(C)C1CC(C)(C)CN1*,130.0
*CC(c1ccccc1)c1ccc(-c2ccc(N(*)c3ccc([N+](=O)[O-])cc3)cc2)cc1,190.0
*CC/C(=C/C(=O)OCC)NC(=O)CCCCC(*)=O,15.0
*CC/C(C#N)=C(/*)COc1ccc(OC(=O)c2ccc(OCCCCCCC)cc2)cc1,15.0
*CC/C(C)=C(/*)CCc1ccc(Br)c(Oc2ccc([N+](=O)[O-])cc2C)c1,45.0
*CC/C=C(/*)C(C)CC,-50.0
*CC/C=C(/*)C(C)[Si](C)(C)C#C,-30.0
*CC/C=C(/*)CC#Cc1ccc(C(C)C)cc1,45.0
*CC/C=C(/*)CCCCCCCCCCNS(=O)(=O)CCCCOc1ccc(/N=C/c2ccc(OCCCCCC)cc2)cc1,-20.0
*CC/C=C(/*)CCCCCCCOC(=O)c1ccc(OC(=O)CCCCC)cc1,-30.0
*CC/C=C(/*)CCCCCOC(CO)COCCOCCOCCOc1ccc(-c2ccc(OCCCCCCCCCC)cc2)cc1,-30.0
*CC/C=C(/*)CCCCOc1ccc(C(=O)Oc2cccc(C)c2)cc1CO,15.0
*CC/C=C(/*)CCCOC(=O)c1ccccc1CC,-30.0
*CC/C=C(/*)CCc1ccccc1C,-20.0
*CC/C=C(/*)COCC(C)=O,-30.0
*CC/C=C(/*)NCCSSCCC,-40.0
*CC/C=C(/*)c1ccc(C#C)c(C(C)=O)c1,95.0
*CC/C=C(\C)C(=O)CCCCCCCCCCCCCCCO*,-55.0
*CC/C=C(\C)C(C)C[Si](C)(C)CS*,-70.0
*CC/C=C/C(COc1ccc(C#Cc2ccc(I)cc2)cc1)C(=*)COCc1ccccc1,45.0
*CC/C=C/C=C/C(=C\CC*)c1ccc(/C=C/c2ccc(C#N)cc2)cc1,95.0
*CC/C=C/C=C/C(C)COC(=O)c1ccc(C(=O)NCCCC)cc1*,25.0
*CC/C=C/CCCCCC*,-70.0
*CC/C=C/CCCCCCCCCS*,-55.0
*CC/C=C/CCCSCCCCC*,-60.0
*CC/C=C/CCO*,-60.0
*CC/C=C/COC(=O)C(CCCCCCCCOC(=O)c1ccc(-c2ccc(C(=O)O*)cc2)cc1)OCC(C)(C)C,-20.0
*CC/C=N/c1ccc(/C=C/c2ccc(*)cc2)cc1,90.0
*CC/N=C(\C#N)C(=*)CCCCCC(C)C,-20.0
*CC1(C)CC(O)C(*)C1(c1ccccc1)c1ccccc1,210.0
*CC1(C)CC(O)CN(*)C(C)C1,90.0
*CC1(C)CCN(*)C(C)C(C)(C)C(C)O1,90.0
*CC1(C)CCN(CC(C)(C)Cl)C(*)C1,90.0
*CC1(C)CN(*)C(=O)N1,190.0
*CC1(C)CNC(=O)C(C)N(*)C(=O)C1,180.0
*CC1(C)COC(=O)C(C)NC1OC(=O)CCCC(=O)NC(=O)C1C=CC=C(O*)CCCO1,65.0
*CC1(CCOC(=O)CCCCCCCCCCC(=O)O*)OC1=O,-30.0
*CC1(CO)C=CC(*)C1,90.0
*CC1(CO*)COCC(C)(CCCC)C1,45.0
*CC1C(=O)N(C)C(=O)C1*,210.0
*CC1C=C(CCOC(=O)CCCC(=O)O*)CC1C,-30.0
*CC1C=C(OC(C)=O)C(=O)C1*,120.0
*CC1C=CC(*)CC1,25.0
*CC1CC(*)[SH](Oc2ccccc2)c2ccccc21,180.0
*CC1CC(=O)N(CCCCCCCCNCCNC(=O)c2ccc(C(=O)O*)cc2)C1=O,65.0
*CC1CC(Cl)C(*)C1=O,120.0
*CC1CCC(*)CC1(C)C,45.0
*CC1CCC(*)COC1,-20.0
*CC1CCC(C(=O)O*)C(=O)C1,90.0
*CC1CCC(C)N(*)C1,50.0
*CC1CCC(C)NC(*)C1,60.0
*CC1CCC(CC(C)CCC(=O)O*)C1,-30.0
*CC1CCC(CCCCCCCCN(C)C(=O)NCC)C(=O)C1*,-20.0
*CC1CCC(CNC(=O)NCCCCCCCCCCCCCCCCCCCCNC(=O)N*)C(C)C1,15.0
*CC1CCC(CNC(=O)c2ccc(C(=O)N*)cc2)CC1,130.0
*CC1CCC(CNC(=O)c2ccc(C(=O)O*)cc2)C1=O,130.0
*CC1CCC(CO)COCC(*)C1,-20.0
*CC1CCC(COC(*)=O)CC1,40.0
*CC1CCC(COC(=O)CC(=O)O*)CC1,-20.0
*CC1CCC(COC(=O)NCCCCCOCCNC(*)=O)CC1,-20.0
*CC1CCC(COC(=O)O*)OC1,40.0
*CC1CCC(OC(=O)CCCCCCC(*)=O)CC1,-30.0
*CC1CCC(OC(=O)NCCSC#N)C1*,15.0
*CC1CCC(Oc2ccc(-c3ccc([Si](*)(C)O[Si](C)(C)C)nc3)c(OC)c2)C1=O,45.0
*CC1CCCC(C(=O)O*)CC1,50.0
*CC1CCCC(C)(C)CN(*)S1,65.0
*CC1CCCC(CNC(=O)CCCCC(=O)N*)CC1,45.0
*CC1CCCC(COC(=O)N2CCN(*)CC2)CC1,45.0
*CC1CCCC(COC(=O)NCCNC(=O)O*)CC1,40.0
*CC1CCCC(COCCCCCOC(=O)CCCC(=O)O*)CC1,-40.0
*CC1CCCC1C(*)(C)C,90.0
*CC1CCCCC(*)C(C(=O)OCCCCCCCC)C1,-20.0
*CC1CCCCN1C(=O)CCCCSCCCCC1CC=C(*)CC1,-30.0
*CC1CCCN(CCCCOC(=O)NCCCCCCNC(*)=O)C(=O)C1=C,45.0
*CC1CCCN(CCN2CCN(*)CC2)C1,15.0
*CC1CCN(*)C(C(=O)OCCOC)C1,45.0
*CC1COC(*)C1,-20.0
*CC1COCCC(CO)COC1*,-20.0
*CC=C(C)C[Si](*)(C)CCC,-80.0
*CC=C(C*)COCC(C)=O,-20.0
*CC=C(CC)CS(=O)(=O)CCCS*,-20.0
*CC=C(CCCC)CN(*)C(C)C,-20.0
*CC=CC(*)CCC(=O)NCCCCCC,-45.0
*CC=CCOCCOCCOCCOCCOC(=O)CCC(=O)O*,-50.0
*CC=CNC(=O)CCCCSS*,-20.0
*CC=C[Si](*)(CCCCC)CCCCCCCC,-110.0
*CCC#CC#CCOC(=O)CCCCCCCCCCC(=O)O*,-40.0
*CCC#CC#CCOc1ccc(C(=O)OCCCCCCCCCOC(=O)c2ccc(O*)cc2)cc1,15.0
*CCC#CC=C(O*)c1ccccc1C(=O)Oc1ccccc1,65.0
*CCC#CCOC(=O)c1ccc(NC(=O)SCCCCCCCCC(=O)N*)cc1,25.0
*CCC#CCOc1ccc(OC(=O)c2ccc(C(=O)Oc3ccc(*)cc3)cc2)cc1,90.0
*CCC#CS(=O)(=O)CCCS(*)(=O)=O,45.0
*CCC(*)(C)C(=O)NCCCCNC(=O)OC,45.0
*CCC(*)(C)C(=O)OCCCCCCCCCCCCCCCCCOc1ccc(C(=O)Nc2ccc(OCCOCCOCCOCCOCCOCCOCCOCCOCCOC)cc2)cc1,-30.0
*CCC(*)C(=O)Nc1ccc(O)c(C(F)(F)Cl)c1,140.0
*CCC(*)C(=O)OC(C)CCCC(F)(F)C(F)(F)C(F)(F)C(F)(F)C(F)(F)C(F)(F)C(F)(F)C(F)(F)C(F)(F)C(F)(F)C(F)(F)C(F)F,-30.0
*CCC(*)C(=O)OCCCCCC(=O)Oc1ccc(OCCCCCOc2ccc(OCC(O)CC(C)COC(=O)c3ccccc3)cc2)cc1,-20.0
*CCC(*)C=CC(C)C,-40.0
*CCC(*)CSCCCS(=O)(=O)O,-20.0
*CCC(*)NCCCC,-40.0
*CCC(*)OC(=O)C(Cl)(Cl)C([2H])(F)F,15.0
*CCC(*)OC(=O)CCCS(=O)(=O)CC(C)C,-30.0
*CCC(*)OC(F)(F)C(F)(F)C(F)(F)C(F)(F)COC(F)(F)CC(F)(F)F,-30.0
*CCC(*)OCC(=O)OCCCCCCCCCCOc1ccc(C(=O)Oc2ccc(Br)cc2)cc1,-15.0
*CCC(*)OCC(COCCC)NC(C)=O,-30.0
*CCC(*)c1ccccc1CCCNCCC,-20.0
*CCC(=*)NCc1ccc(C)cc1,65.0
*CCC(=C)c1cccc(C(=O)C(=O)O*)c1,85.0
*CCC(=C=C=*)C(OC)C(=O)OCC(F)(Cl)C(F)(F)C(F)(F)F,55.0
*CCC(=C[SH]C/C=C/C=C/C=C/C=C/O*)c1ccc(/C=C/C(=O)N(C)CCC(=O)OCC)cc1,15.0
*CCC(=O)C(O)COc1ccc(OC(=O)CCC(=O)Oc2ccc(O*)cc2)cc1,45.0
*CCC(=O)N/C=C/C(=O)/C=C(\C)[Si](C)(C)C(CCCCCCC)C(=O)NC(C)C(=O)N*,25.0
*CCC(=O)N1C=CN(*)CC1,90.0
*CCC(=O)NC(C)CCOC(=O)CCCCC(=O)O*,-30.0
*CCC(=O)NC1CCCN(*)C1,65.0
*CCC(=O)NCC(C)(C)CCNC(=O)O*,55.0
*CCC(=O)NCC(C)C(=O)O*,45.0
*CCC(=O)NCCCCCCNC(=O)CCCOC(=O)c1ccc(C(=O)NCCNC(=O)c2ccc(*)cc2)cc1,65.0
*CCC(=O)NCCCCCCNC(=O)c1ccc(C(=O)NCCNC(*)=O)cc1,90.0
*CCC(=O)NCCCCCCNC(=S)CCCC(=O)NCCCCCS*,-20.0
*CCC(=O)NCCCCCCSSCCSCc1ccc(CCNC(=O)C*)cc1,-10.0
*CCC(=O)NCCCCCCc1ccc(NC(=O)CCCCC(=O)Nc2ccc(*)s2)cc1,65.0
*CCC(=O)NCCCCCNC(=O)CCC(=O)NCC(C)CCNC(=O)C(=O)N*,45.0
*CCC(=O)NCCCCCNC(=O)CCCCCOC(=O)c1ccc(/C=C/c2ccc(C(C)(C)c3ccc(S(=O)(=O)c4ccc(O*)cc4)cc3)cc2)cc1,90.0
*CCC(=O)NCCCCCNC(=O)c1cc(OC(=O)CC(*)O)cc(-c2ccccc2)c1,65.0
*CCC(=O)NCCCCCNNC(=O)CCCCCCCCC(=O)N*,45.0
*CCC(=O)NCCCCSCCNC(=O)c1ccc(C(=O)NCCS*)cc1,45.0
*CCC(=O)NCCCNC(=O)c1ccccc1C(=O)NCCOc1ccc(-c2nnc(*)s2)cc1,95.0
*CCC(=O)NCCCc1ccc(CNC(=O)CCCCCCCCCCCCNC(=O)CCCCCO*)cc1,15.0
*CCC(=O)NCCOC(=O)c1ccc(C(=O)O*)c(C)c1,45.0
*CCC(=O)NCCOCCN(C)C(=O)CCCCO*,-35.0
*CCC(=O)NCc1ccc(CNC(=O)CCCO*)cc1,45.0
*CCC(=O)NCc1ccc(NC(=O)CCCCCCCCO*)cc1,15.0
*CCC(=O)NNC(=O)CCC(=O)NCCCCCCNC(=O)S*,45.0
*CCC(=O)NNC(=O)CCCCCNC(=O)C(=O)N*,90.0
*CCC(=O)NNC(=O)CCCCOC(=O)c1ccc(/C=N/c2ccc(N(c3ccccc3)N(*)C)cc2)cc1,110.0
*CCC(=O)NNC(=O)CCOC(=O)OCC(=O)COC(=O)CCCCCO*,-20.0
*CCC(=O)NNC(=O)c1cc(*)cc(C(C)(C)c2ccccc2)c1,140.0
*CCC(=O)NNC(=O)c1ccc(C(=O)OCCCCCCCCCOC(=O)c2ccc(C(*)=O)cc2)cc1,45.0
*CCC(=O)NNC(=O)c1ccc(N=*)cc1,130.0
*CCC(=O)NNC(=O)c1ccc(NC(=O)SCCSCC(=O)N*)cc1,95.0
*CCC(=O)NNC(=O)c1cccc(N(*)C)c1,120.0
*CCC(=O)NNc1ccc(NC(=O)CCCC(=O)Nc2ccc(C(=O)O*)cc2)cc1,150.0
*CCC(=O)Nc1ccc(-c2ccc(C(=O)OCCOC(=O)c3ccc(O*)cc3)cc2)cc1,110.0
*CCC(=O)Nc1ccc(-c2ccc(OCC(C)=O)cc2)cc1*,100.0
*CCC(=O)Nc1ccc(/N=N/c2ccc(Cc3ccc(N*)cc3)cc2)c(C)c1,160.0
*CCC(=O)Nc1ccc(C(C)(C)c2ccc(Oc3ccc(C(C)(C)c4ccc(O*)cc4)cc3)cc2)cc1,120.0
*CCC(=O)Nc1ccc(CCCCc2ccc(N(*)CCCC)cc2)cc1,45.0
*CCC(=O)Nc1ccc(NC(=O)Nc2ccc(NC(=O)NNC(=O)c3ccc(*)o3)cc2)cc1,220.0
*CCC(=O)OC(C)C(=O)N*,45.0
*CCC(=O)OCC(C)COC(=O)C(C=C(O*)c1ccccc1)Cc1ccccc1,45.0
*CCC(=O)OCCCCOC(=O)c1ccc(/C=C/c2ccc(/C=C/c3ccc(C(=O)O*)c(C(F)(F)F)c3)cc2C(=O)Oc2ccc(OCCCCCCOC(C)CCC)cc2)cc1,55.0
*CCC(=O)OCCOC(=O)c1ccc(C(=O)OCCCCCCCCOc2ccc(-c3cnc(*)o3)cc2)cc1,15.0
*CCC(=O)OCCOCCOCCOCCOC(=O)COCC(=O)N*,-40.0
*CCC(=O)Oc1ccc(-c2ccc(OC(=O)CCCCCCCCOc3ccc(O*)cc3)cc2)cc1,45.0
*CCC(=O)Oc1ccc(C(=O)NNC(=O)c2cccc(C(=O)OCCOC(=O)c3ccc(O*)c(/C=C/c4ccccc4)c3)c2)cc1,130.0
*CCC(=O)Oc1ccc(NC(=O)c2ccc(O*)cc2)cc1,130.0
*CCC(=O)SC(=*)CCCCC(=O)OCCCO,-40.0
*CCC(=O)SCc1ccc(CCNC(=O)CCCCCCOC(=O)CCCCCCCCC(=O)O*)cc1,-25.0
*CCC(=[N+])NCC(=S)N*,85.0
*CCC(C(=O)O)c1ccc(C#Cc2ccc(O*)cc2)cc1,130.0
*CCC(C)(C)CC(C)C(*)COCC(=O)OCCCCCCCC,-45.0
*CCC(C)(C)CC(C)NNC(=O)CCCCC(=O)NC(C)C(=O)N*,45.0
*CCC(C)(C)CNC(=O)CCCCC(*)=O,45.0
*CCC(C)(C)CNC(=O)c1ccc(C(=O)N*)c(S(=O)(=O)O)c1,120.0
*CCC(C)(C)CNC(=O)c1ccc(C(=O)N*)c(S(=O)(=O)[O][Na])c1,120.0
*CCC(C)(C)COC(=O)NCC(C)(C)C(=O)O*,55.0
*CCC(C)(C)COC(=O)N[PH](C)(C)CSCCN(C)C(=O)O*,25.0
*CCC(C)(C)COC(=O)c1ccc(C(=O)NNC(=O)c2ccc(C(=O)O*)cc2)cc1,120.0
*CCC(C)(C)Cc1ccccc1C(=O)O*,65.0
*CCC(C)(C)[Si](C)(C)OC(=O)CCCCC(=O)O*,-60.0
*CCC(C)(CCC)CO*,-40.0
*CCC(C)(CCl)C(=O)O*,45.0
*CCC(C)C(*)CC(=O)Nc1ccc(C)cc1,90.0
*CCC(C)C(C)(C)CCCCC[Si](*)(C)c1ccc(-c2ccc(OC)cc2)cc1,-10.0
*CCC(C)C(C)COC(=O)NC(=O)CCCCCCC(=O)O*,-30.0
*CCC(C)CC(C)CC(=O)N*,40.0
*CCC(C)CC(C)COC(=O)c1ccc(CSC(=O)O*)cc1,15.0
*CCC(C)CC(C)c1ccc(Cc2ccc(N(CC)CCCN(*)c3ccc(S(=O)(=O)O)cc3)s2)cc1,25.0
*CCC(C)CCC(C)CNC(=O)C#CCNC(=O)N*,45.0
*CCC(C)CCCCCCCCNS(=O)(=O)CCCCCC(=O)N*,-30.0
*CCC(C)CCCNC(=O)C(CCCCCCCCOc1ccc(-c2ccc([N+](=O)[O-])cc2)cc1)C(=CC=*)OC(C[N+](C)O)C(=O)NCc1ccccc1,15.0
*CCC(C)CCOC(=O)c1ccccc1-c1ccccc1C(=O)O*,45.0
*CCC(C)CNC(=O)CCC(=O)NCCCCNC(=O)C(*)C(=O)OC,45.0
*CCC(C)CNC(=O)CCC(C)NC(=O)CC(C)C(=O)N*,45.0
*CCC(C)CNC(=O)CCCCC(=O)NCCCCCCNC(=O)C(=O)N*,45.0
*CCC(C)COC(=O)/C=C/C(=O)CCCCCCCCCCCC(=O)O*,-45.0
*CCC(C)COC(=O)CCCCCCCCC(=O)NCCCCCCCCCCNC(=O)CCO*,-20.0
*CCC(C)COC(=O)NCCC(O)CCCOC(=O)NCCCCCCNC(=O)O*,-20.0
*CCC(C)COC(=O)Nc1ccc(CC(=O)O*)cc1,45.0
*CCC(C)CSS*,-60.0
*CCC(C)N(*)C(=O)c1ccc(S(=O)(=O)OC)cc1,90.0
*CCC(C)NC(=O)CC(C)C(=O)N*,45.0
*CCC(C)NC(=O)CCCCCCCCC(=O)NCCCCCNC(=O)CCCC(=O)N*,45.0
*CCC(C)O[Si](C)(C)CCC[Si](C)(C)O[Si](C)(C)OC(=O)c1cccc(C(=O)O*)c1,-30.0
*CCC(C)S(*)(=O)=O,100.0
*CCC(C=C)C(CBr)CNC(=O)CCCCC(=O)N*,15.0
*CCC(CC)(CCCCCCCCOC(=O)CCCCCCC(=O)OC)CO*,-50.0
*CCC(CC)(COc1cccc(C(=O)c2ccccc2-c2ccccc2-c2ccccc2-c2ccccc2Oc2ccc(O*)cc2)c1)OC,120.0
*CCC(CC)C(=CS*)CCCCCCCCCC,-60.0
*CCC(CC)CC(*)(C)CN,-30.0
*CCC(CC)CC[N+](C)(C)CC(=O)S*,-15.0
*CCC(CCC)CCCCOC(=O)NNC(=O)CCCC(=O)O*,-30.0
*CCC(CCCC)COC(=O)/C=C/C(=O)O*,-30.0
*CCC(CCCCCC)(CCCCCCCCCCCCCC)CCSCC(=O)O*,-55.0
*CCC(CCCCCCC)C(O*)C(=O)OCCCCCCCC,-60.0
*CCC(CCl)(COC(*)=O)c1ccccc1,65.0
*CCC(CS(=O)(=O)CCC(*)(C(=O)OC)C(C)C)C(=C)C[N+](C)(C)C,85.0
*CCC(Cl)C(*)([2H])Cl,250.0
*CCC(F)(F)C(*)(F)C(F)(F)C(F)(F)C(F)(F)C(F)(F)F,65.0
*CCC(F)(F)C(F)(F)C(F)(F)C(*)(F)C(F)(F)C(F)(F)F,65.0
*CCC(F)(F)C(F)(F)C(F)(F)C(=O)NC(=O)C(F)(F)C(F)(F)CCCC(F)(F)[IH]C(F)(F)C(F)(F)C(F)(CC(F)(F)C(F)(F)F)C(=O)NC(=O)N(*)C,90.0
*CCC(F)(F)C(F)(F)C(F)(F)COC(=O)NCCCCCCNC(=O)OCC(*)C,-5.0
*CCC(F)(F)C(F)(F)C(F)(F)COC(=O)O*,20.0
*CCC(F)(F)C(F)(F)C/C(C)=C(\C#N)C(=O)C(=O)N(*)C,120.0
*CCC(F)(F)C(F)(F)COC(=O)CSC(=O)O*,15.0
*CCC(O)CN(C)c1nc([N+](=O)[O-])c(*)cc1F,65.0
*CCC(O)CNC(=*)CS(=O)(=O)CC[Si](C)(C)C,15.0
*CCC(O)COc1ccc(C(C)(C)c2ccc(OC(=O)CCCCCCCCC(*)=O)cc2)cc1,5.0
*CCC(O)COc1ccc(C=C(C(=O)c2ccc(O*)cc2)C(F)(F)F)cc1,65.0
*CCC(O)COc1ccc(Cc2ccc(O*)cc2)cc1,45.0
*CCC(O)COc1ccc(N(C#CC)C(=O)NCCCC[N+](C)(C)CCCCOC(=O)c2ccc(*)cc2)cc1,45.0
*CCC(OC[Si](C)(C)C)C(=O)NCCCCCCOc1ccc(C(=O)Oc2ccc(O*)cc2)cc1,10.0
*CCC([2H])(F)C(F)(F)COC(=O)c1ccccc1C(=O)N*,45.0
*CCC/C=C(/*)c1ccc(Cc2ccccc2)s1,25.0
*CCC/C=C(C#N)/C=C(\C)C(*)C(=O)OC,85.0
*CCC/C=C/C=C/C=C/c1sc(*)c(OC)c1C,45.0
*CCC/C=C/COC(=O)C(CCCCCCCCCCCCCO*)c1ccc(C#N)cc1,-20.0
*CCC1(CCCCCCCCCCOCCOCCOC)C(=O)C1*,-40.0
*CCC1(OC)C(=O)N(*)C1=O,180.0
*CCC1=CC=C(CCNC(=O)[Si](C)(C)C[Si](*)(C)NCC2CCC2C)NC(=O)C1(C)C,25.0
*CCC1=CCNC(=O)CCOCC(COC(=O)O*)CC1,15.0
*CCC1C(=O)NC(=O)C(*)=C(O)C1SC,180.0
*CCC1CC(*)N(CCCCCCCCCC)C1,-40.0
*CCC1CCC(CCl)C(*)C(=O)C1,85.0
*CCC1CCC(CNC(=O)CCCCCCCC(=O)N*)C1,45.0
*CCC1CCC(COC(*)COCCOCCOCCOCCOCO)OC1,-55.0
*CCC1CCC(NC(=O)CCCCC(=O)N*)C1,55.0
*CCC1CCC(OC(=O)CCCC(=O)OCCOC(=O)c2cccc(C(=O)O*)c2)C1,-10.0
*CCC1CCC(OC(=O)NCCCNC(=O)O*)CC1,25.0
*CCC1CCCC(OC(=O)CCCCCCCCCCCC(=O)N*)CC1,-20.0
*CCC1CCCC1NC(=O)CCCCC(=O)NCCOCC(*)=O,15.0
*CCC=C(C*)CCSC,-60.0
*CCC=C(CCCCC)CCCCO*,-60.0
*CCC=C(CCCCCCCCCCCCCC)CS*,-65.0
*CCC=CCCC(=O)NCCCCCCCCCOCCCCCNC(=O)CS*,-40.0
*CCC=CNC(=O)Sc1ccc(CCC(=O)N*)c(C(C)(C)C)c1,45.0
*CCCC(*)(C)C(=O)OCCCCCCOc1ccc(CCCCCC)cc1,-40.0
*CCCC(*)C(=O)OCCOCCOCCOCCOCCOO,-55.0
*CCCC(*)CCCCCCc1ccc(C#N)cc1,-20.0
*CCCC(*)CCCCCOc1ccc(C(=O)OCCCC)cc1,-40.0
*CCCC(*)c1ccccc1/C=C/c1ccc(OCC)cc1,45.0
*CCCC(*)c1ccccc1C(=O)OCC,-10.0
*CCCC(=*)Nn1cccc1N,90.0
*CCCC(=O)N(C)CCCNC(=O)CCCCCCCCCO*,-40.0
*CCCC(=O)N/C([2H])=C(/*)CC(=O)O,45.0
*CCCC(=O)N/C=N/CCCCNC(=O)C(=O)N*,45.0
*CCCC(=O)N/C=N/c1ccccc1C(=O)O*,90.0
*CCCC(=O)NC(CC)N(*)C=O,45.0
*CCCC(=O)NC1COC(*)CO1,50.0
*CCCC(=O)NCCCCC(C)CC(C)CCC(=O)O*,-40.0
*CCCC(=O)NCCCCCCCCCNC(=O)CCCOC(=O)CC(=O)O*,-20.0
*CCCC(=O)NCCCCCCNC(=O)CCCOCCCCC(=O)O*,-30.0
*CCCC(=O)NCCCCCCNC(=O)CCCOCCCCCCCCCCCCCCCO*,-40.0
*CCCC(=O)NCCCCCCNC(=O)CCCSCCC=*,-30.0
*CCCC(=O)NCCCCCCNC(=O)c1cccnc1C(=O)O*,55.0
*CCCC(=O)NCCCCCNC(=O)CCCOC(=O)c1ccc(C(=O)N*)cc1,45.0
*CCCC(=O)NCCCCCNC(=O)CCCOCCCCO*,-30.0
*CCCC(=O)NCCCSCCSCCNC(=O)CCCCCCO*,-35.0
*CCCC(=O)NCCOC(=O)COCCO*,-35.0
*CCCC(=O)NCc1ccc(CCc2ccc(N=*)cc2)cc1,65.0
*CCCC(=O)NCc1ccc(CNC(=O)CCCCCNC(=O)c2ccc(*)nc2C)cc1,65.0
*CCCC(=O)NCc1ccc(CNC(=O)CO*)c(OCCC)c1,45.0
*CCCC(=O)NCc1ccc(COC(=O)CCCOCCCSCCOCC(=O)O*)cc1,-20.0
*CCCC(=O)NCc1ccc(O*)c(O)c1,65.0
*CCCC(=O)NNC(=O)CCCC(=O)NCCCCCOCCCCOCCOCCO*,-30.0
*CCCC(=O)NNC(=O)CCCC(=O)NCCCOCCNC(=O)CO*,20.0
*CCCC(=O)NNC(=O)CCCSCCC(=O)N*,15.0
*CCCC(=O)NNC(=O)CCNC(=O)c1ccc(-c2ccc(N(*)CC)cc2)cc1,130.0
*CCCC(=O)NNC(=O)CCOC(=O)c1ccc(C(=O)O*)cc1,55.0
*CCCC(=O)NNC(=O)c1cc(NC(=O)SS*)ccc1C,85.0
*CCCC(=O)Nc1cc(N(C)C)c(NC(=O)/C=C/C(=O)Nc2ccccc2OC)c(*)c1C,150.0
*CCCC(=O)Nc1cc(OC)c(/C=C/c2cccc(NC(=O)c3ccc(-c4nnc(*)s4)cc3)c2)cc1C,195.0
*CCCC(=O)Nc1ccc(/N=N/c2ccc(OCCCCCCOc3ccc(/C=N/c4ccc(*)o4)cc3)cc2)cc1,85.0
*CCCC(=O)Nc1ccc(Cc2ccc(NC(=O)S*)cc2)cc1,65.0
*CCCC(=O)Nc1ccc(NC(=O)/C=C/C(=O)Nc2ccc(-c3nnc(*)o3)cc2)o1,220.0
*CCCC(=O)Nc1ccc(Oc2ccc(NC(=O)CCCCCCC(=O)Nc3ccc(O*)cc3)cc2)cc1,120.0
*CCCC(=O)Nc1ccc(Oc2ccc(NC(=O)OCCN3C(=O)c4ccc(*)cc4C3=O)cc2)cc1C,150.0
*CCCC(=O)OC(=O)c1ccc(Cc2ccc(*)cc2C)c(C)c1,55.0
*CCCC(=O)OCCCCCCCCCCCCOC(=O)c1ccc(NC(=O)CCCC(=O)Nc2cccc(C(=O)O*)c2)cc1,45.0
*CCCC(=O)OCCCCCCN(*)CCCCCC,-55.0
*CCCC(=O)OCCCCCCNC(=O)CCCCCCOC(=O)c1cccc(C(C)(C)CC(=O)NO*)c1,-10.0
*CCCC(=O)OCCCCCCOc1ccc(C2=CC=C3CCC2=CC=C(O*)C(OC)=CC3=O)cc1,15.0
*CCCC(=O)OCCCCCCOc1ccc(OC(=O)c2cccc(C(=O)Oc3ccc(O*)cc3)c2)cc1,20.0
*CCCC(=O)OCCNC(=O)c1ccc(C(C)(C)c2ccc(C(=O)O*)cc2)cc1,45.0
*CCCC(=O)OCCOC(=O)CCCCOC(=O)CCC(=O)NCCCNC(=O)C(=O)N*,15.0
*CCCC(=O)OCCOC(=O)c1ccccc1C(=O)O*,30.0
*CCCC(=O)Oc1ccc(-c2ccc(OC(=O)[Si](C)(C)C(=O)O*)cc2)cc1,45.0
*CCCC(=O)Oc1ccc(O*)cc1O,45.0
*CCCC(=O)Oc1ccc(OC(=O)NCc2cccc(NC(=O)O*)c2)cc1,65.0
*CCCC(=O)Oc1ccc(OC(=O)Oc2ccc(C(=O)Oc3ccc(O*)cc3)cc2)cc1,90.0
*CCCC(=O)Oc1ccc(OC(=O)c2ccc(O*)cc2)cc1,90.0
*CCCC(=O)Oc1ccc(OC(=O)c2cccc(C(=O)Oc3ccc(O*)cc3)c2)cc1,90.0
*CCCC(=O)Oc1ccc(OC(=O)c2cccc(O*)c2)cc1,55.0
*CCCC(=O)Oc1cccc(OC(=O)CCCCCCCC(=O)O*)c1,-30.0
*CCCC(C)(C#N)COC(=O)c1ccc(O*)cc1,45.0
*CCCC(C)(C)CC(*)C,-40.0
*CCCC(C)(C)CC(C*)c1ccccc1,-20.0
*CCCC(C)(C)CCC(C)C#C[Si](*)(CC)CC,-60.0
*CCCC(C)(C)CCCC(C)CCC(=*)OC,-55.0
*CCCC(C)(C)CCS(=O)(=O)CCCCC(=O)O*,-30.0
*CCCC(C)(C)COC(=O)CCCCCCC(=O)O*,-50.0
*CCCC(C)(C)COC(=O)CCCCN(C)C(=O)CCCCC(=O)N(*)C,-20.0
*CCCC(C)(C)COc1ccc(-c2ccc(O*)cc2)cc1,30.0
*CCCC(C)=C(*)c1cccc(/N=N\c2ccccc2)c1,90.0
*CCCC(C)CC(C)CC(=O)N*,-30.0
*CCCC(C)CC(C)CCC(C)CCC(=O)N*,-30.0
*CCCC(C)CC(O)CN(*)c1ccc([Si](C)(C)C)cc1,15.0
*CCCC(C)CCC(COC(*)=S)OC,-50.0
*CCCC(C)CCCNC(=O)c1ccc(C(=O)N*)cc1,55.0
*CCCC(C)CCNC(=O)CCCCCCC(=O)N*,-10.0
*CCCC(C)CNC(=O)C(CCCCCCCCCCCCCCCCCCCCCCCCC)N(CSC(=O)O*)SC,-45.0
*CCCC(C)CNC(=O)CCC(C)COC(=O)NCCCCCCCCNC(=O)O*,-20.0
*CCCC(C)CNC(=O)CCCC(=O)NCCCCCCCCNC(=O)C(=O)NC(C)C(=O)N*,45.0
*CCCC(C)OC(=O)CCCOC(=O)CCCCC(=O)O*,-50.0
*CCCC(C)S(=O)(=O)CCc1ccc(COC(=O)CCCCCCCC(*)=O)cc1,-20.0
*CCCC(C)[SH](*)(c1ccccc1)c1ccccc1,90.0
*CCCC(C)[Si](*)(C)O[Si](C)(C)CCCCC,-110.0
*CCCC(CNC(=O)NCCC(C)(C)C)C(=O)N*,40.0
*CCCC(CO)(CO*)SCSCCC[N+](C)(C)C,-20.0
*CCCC(Cl)(CS(=O)(=O)CCl)C(*)(F)Cl,65.0
*CCCC(F)(F)C([2H])(Cl)CC(F)(F)C(F)(F)C(F)(F)CCCC(=O)N(*)C,-20.0
*CCCC(I)CCCNC(=O)C(CCCCC)C(=*)CCCCCNC(=O)Oc1ccc(/N=N/c2ccc([N+](=O)[O-])cc2)cc1,45.0
*CCCC(OC(C)=O)c1ccccc1O*,45.0
*CCCC(SCC)N(*)C,-25.0
*CCCC/C=C/[Si](C)(C)c1ccc([Si](*)(C)C)cc1,-50.0
*CCCC/C=N/CCCCCCNC(=O)CCCCCCCCCCCCC(=O)N*,-20.0
*CCCC1C(=O)N(C(=O)OC)C1*,130.0
*CCCC1CN(C2=CC=C(CN(C)c3ccc(C4(*)OC(=O)c5ccccc54)cc3C)C2=O)C1=O,210.0
*CCCCC#CCCCCOC(=O)c1ccc(C(=O)NC(=O)Nc2ccc(C(C)(C)c3ccc(C(=O)O*)cc3)cc2)cc1,85.0
*CCCCC#CCOC(=O)Nc1ccc(CCSC(=O)O*)cc1,20.0
*CCCCC(=O)NC1=CC=C(NC(=O)CCCCCCCCCCCCCCCCCCN2CCCC2CC2CC(C)CC(=O)NC(C)N(*)CC2C)CC1,45.0
*CCCCC(=O)NCCCCCCCNC(=O)CCCNC(=O)C(Cc1ccccc1)C(=O)OCc1ccc(-c2ccc(*)nc2)cc1,55.0
*CCCCC(=O)NCCCCCCNC(=O)C(Cc1ccccc1)C(=O)OCC(O)O*,15.0
*CCCCC(=O)NCCCCCCNC(=O)C(O)CN(*)CC,40.0
*CCCCC(=O)NCCCCCCNC(=O)CC(O)COc1ccc(C(=O)COc2ccc(C(=O)O*)cc2)cc1,45.0
*CCCCC(=O)NCCCCCCNC(=O)CO*,40.0
*CCCCC(=O)NCCCCCCNC(=O)COc1ccc(C(=O)OC(=O)c2ccc(O*)cc2)cc1,45.0
*CCCCC(=O)NCCCCCNC(=O)CNC(=O)CCO*,15.0
*CCCCC(=O)NCCCCP(=O)(CCC(=O)O*)c1ccccc1,15.0
*CCCCC(=O)NCCCNC(=O)CC(C)N*,15.0
*CCCCC(=O)NCCCOCCOCCOCCOCCCCO*,-55.0
*CCCCC(=O)NCCC[Si](C)(C)O*,-60.0
*CCCCC(=O)NCc1ccc(CCOC(=O)N*)cc1,15.0
*CCCCC(=O)NCc1ccc(NC(=O)CCCCCOc2ccc(-c3ccc(O*)cc3)cc2)cc1,55.0
*CCCCC(=O)NNC(=O)c1ccc(C(C)(C)c2ccc(O*)cc2)cc1,90.0
*CCCCC(=O)NNC(=O)c1cccc(C(=O)NCCCCCCCCNC(=O)/C=C/C(=O)N*)c1,55.0
*CCCCC(=O)Nc1ccc(/N=N/c2ccc(/N=N/c3ccc(OCCCCCCOc4cnc(*)s4)cc3)cc2)cc1,95.0
*CCCCC(=O)Nc1ccc(CC2=CC=C(CC(C)C)NC(=O)NNC(=O)C(CCCCCCCCCCOC(=O)c3ccc(*)s3)C=C2)cc1,15.0
*CCCCC(=O)Nc1ccc(Cc2ccc(NC(=O)CCCCCN3C(=O)c4ccc(C(=O)c5ccc6c(c5)C(=O)N(*)C6=O)cc4C3=O)c(C)c2)cc1C,220.0
*CCCCC(=O)Nc1ccc(NC(=O)CCCCC(=O)Nc2ccc(C(=O)Nc3ccc(NC(=O)c4ccc(O*)cc4)c(C)c3)cc2)cc1,145.0
*CCCCC(=O)Nc1ccc(NC(=O)CCCCCc2ccc(*)s2)o1,25.0
*CCCCC(=O)Nc1ccc(NC(=O)c2cccc([PH](=O)[O-])c2)cc1C(=O)O*,210.0
*CCCCC(=O)Nc1ccc(Oc2ccc(NC(=O)CNc3ccc(*)cc3)cc2)cc1,95.0
*CCCCC(=O)OCCCCCCNC(=O)C(=O)N*,-20.0
*CCCCC(=O)OCCCCCCOC(=O)Nc1ccc(S(*)(=O)=O)cc1,15.0
*CCCCC(=O)OCCCCCOC(=O)c1ccc(NC(=O)C(O)N(*)CC)cc1,45.0
*CCCCC(=O)OCCCCCOC(=O)c1cccc(C(=O)O*)c1,-20.0
*CCCCC(=O)OCCCCOC(=O)COc1ccc(C(=O)OC(=O)c2ccc(O*)cc2)cc1,45.0
*CCCCC(=O)OCCCCOC(=O)c1ccc(C(=O)OCCCOC(=O)c2ccc(C#Cc3ccc(O*)cc3)cc2)cc1,45.0
*CCCCC(=O)OCCOC(=O)COC(=O)Cc1ccc(C(=O)O*)cc1,-20.0
*CCCCC(=O)OCCOc1ccc(OC(=O)c2ccc(C(=O)Oc3ccc(*)o3)cc2)cc1,45.0
*CCCCC(=O)OCc1ccc(OCc2ccc(O*)cc2)cc1,10.0
*CCCCC(=O)Oc1ccc(C(=O)CS*)cc1,20.0
*CCCCC(=O)Oc1ccc(OC(=O)c2ccc(O*)cc2)cc1,55.0
*CCCCC(=O)Oc1ccc(OC(=O)c2cccc(*)c2)cc1,55.0
*CCCCC(=O)Oc1ccc(Oc2ccc(OC(=O)CCCOCCOCCOCCOCC(=O)Oc3ccc(C(C)(C)c4ccc(O*)cc4)cc3)cc2)cc1,15.0
*CCCCC(C)COC(=O)CCCCCCCC(=O)O*,-55.0
*CCCCC(CC)CC(C)(C)COC(=O)CCCC(=O)N*,-40.0
*CCCCC(F)(F)C(F)(F)COC(=O)Cc1cc(C(=O)S*)ccc1Br,15.0
*CCCCC(O)COP(=O)(O*)OCc1ccccc1,-20.0
*CCCCC/C=C(/*)c1ccc(COCCCCCC)cc1,-25.0
*CCCCC/C=C/CCOC(=O)CCCCCCCCCC(=O)O*,-55.0
*CCCCC/N=C(/*)CC[Si](C)(CC)CCCC,-60.0
*CCCCC1(*)CC(C)(CBr)C1C,45.0
*CCCCCBC(=O)NCC(C)(C)CCCCCc1ccc(*)o1,-20.0
*CCCCCC#CC#CC#CC#CCSCCCCS*,-30.0
*CCCCCC#CCCCNC(=O)CCCSSCCCCS*,-40.0
*CCCCCC#CCOC(=O)C/C(=C/C(=O)O*)c1ccc(-c2ccc([N+](=O)[O-])cc2)cc1,45.0
*CCCCCC#CCOC(=O)c1cccc(C(=O)NCCCCCCNC(=O)NCCN(*)CCCC)c1,15.0
*CCCCCC(*)C(=O)NC1CCCC(C)CC1C,90.0
*CCCCCC(*)CCNC(C)=O,-30.0
*CCCCCC(*)CN=C(F)C(F)(F)C(F)(F)C(F)(F)F,-30.0
*CCCCCC(*)CNC(=O)NC(C)CCC,-20.0
*CCCCCC(*)OC(=O)c1cc([2H])c([2H])c(F)c1,-30.0
*CCCCCC(*)[PH](=O)c1ccc(F)cc1Cl,20.0
*CCCCCC(=*)Oc1ccc(C(=O)Oc2ccccc2)cc1,30.0
*CCCCCC(=O)/C=C/C(=O)N(CC(=O)O*)c1ccc(/N=N/c2ccc(C#N)cc2)cc1,95.0
*CCCCCC(=O)NCC(=O)NOCCCCCO*,15.0
*CCCCCC(=O)NCC(Cl)CN(*)C,25.0
*CCCCCC(=O)NCCCCCCC(CC)NC(=O)O*,-20.0
*CCCCCC(=O)NCCCCCCCCCCCCNC(=O)C*,45.0
*CCCCCC(=O)NCCCCCCCCNC(=O)CCC(=O)NCC*,40.0
*CCCCCC(=O)NCCCCCCCNC(=O)CCS(=O)(=O)CCCOC(=O)N*,15.0
*CCCCCC(=O)NCCCCCCCNC(=O)CCSc1ccc(*)cc1,15.0
*CCCCCC(=O)NCCCCCCNC(=O)C1CSCOCC1*,40.0
*CCCCCC(=O)NCCCCCCNC(=O)CC(CC(C)C)C(=O)S*,-20.0
*CCCCCC(=O)NCCCCCCNC(=O)CCCCC(=O)NCCCCCNC(=O)c1cccc(C(=O)O*)c1,55.0
*CCCCCC(=O)NCCCCCCNC(=O)CCCCCCCC(=O)NCCOC(=O)C(Cc1ccccc1O*)c1ccccc1,15.0
*CCCCCC(=O)NCCCCCCNC(=O)CCCCCCOCCCCCOC(=O)NCCCCCCNC(=O)O*,-20.0
*CCCCCC(=O)NCCCCCCNC(=O)CCc1ccc(CCN(*)C(=O)OC)cc1,45.0
*CCCCCC(=O)NCCCCCCNC(=O)c1ccccc1C(=O)N*,60.0
*CCCCCC(=O)NCCCCCCOCCCCNC(=O)C*,-30.0
*CCCCCC(=O)NCCCCCNC(=O)C(C)O*,40.0
*CCCCCC(=O)NCCCCCOCCCCCCNC(=O)CCCO*,-30.0
*CCCCCC(=O)NCCCCNC(=O)c1ccc(*)nc1,60.0
*CCCCCC(=O)NCCCCOCCNC(=O)C(=O)N*,40.0
*CCCCCC(=O)NCCCCSCCCCCCO*,-40.0
*CCCCCC(=O)NCCCNC(*)=O,40.0
*CCCCCC(=O)NCCCOC(=O)COC(=O)CCCC(=O)O*,-30.0
*CCCCCC(=O)NCCCSCCNC(=O)CCCCCC(*)=O,-30.0
*CCCCCC(=O)NCCOC(=O)C/C(=C/CCCCCCCC/C=C/C(=O)O*)c1ccc(/C=C/C(=O)O)cc1,15.0
*CCCCCC(=O)NCCOCCOCCOCCOCCO*,-55.0
*CCCCCC(=O)NCCSCCCCCCCC(=O)S*,-40.0
*CCCCCC(=O)NCCc1ccc(CNC(=O)CCCC(=O)S*)cc1,15.0
*CCCCCC(=O)NCCc1ccc(CNC(=O)CCCCCS*)cc1,-10.0
*CCCCCC(=O)NCCc1ccccc1*,30.0
*CCCCCC(=O)NCc1ccc(C)c(NC(=O)O*)c1,60.0
*CCCCCC(=O)NCc1ccc(CC(=O)O*)cc1,40.0
*CCCCCC(=O)NCc1ccc(CC[Si](C)(C)O*)cc1,-20.0
*CCCCCC(=O)NCc1ccc(CN(C)C)c(N=*)c1,45.0
*CCCCCC(=O)NCc1ccc(CNC(=O)CCCCCCCC(=O)N*)cc1,45.0
*CCCCCC(=O)NCc1ccc(CNC(=O)CS*)cc1,25.0
*CCCCCC(=O)NCc1ccc(CO*)cc1,45.0
*CCCCCC(=O)NCc1ccc(NC(=O)O*)c(C)c1C,70.0
*CCCCCC(=O)NNC(=O)CCOCCCCCCOc1ccc(OC(=O)c2ccc(C(=O)O*)cc2)cc1,15.0
*CCCCCC(=O)NNC(=O)c1ccc(C(=O)/N=C/c2ccc(OCCCCCCOc3ccc(O*)cc3)cc2)cc1,65.0
*CCCCCC(=O)NSCCCSCCNC(=O)S*,15.0
*CCCCCC(=O)Nc1ccc(C(=O)CNc2ccc(*)cc2)cc1,85.0
*CCCCCC(=O)Nc1ccc(C(=O)NCCN(*)c2ccc(C)cc2)cc1,90.0
*CCCCCC(=O)Nc1ccc(C(=O)O*)c(Oc2ccc(/N=N/c3ccc(OCCCC)cc3)cc2)c1,65.0
*CCCCCC(=O)Nc1ccc(CCNC(=O)c2ccc(*)o2)c(C)c1,55.0
*CCCCCC(=O)Nc1ccc(NC(=O)CCCCCCCCC(=O)Nc2ccc(C(=O)Nc3ccc(*)cc3)cc2)cc1,130.0
*CCCCCC(=O)Nc1ccc(NC(=O)N/C=N/c2ccc(C=*)cc2)cc1,130.0
*CCCCCC(=O)Nc1ccc(NC(=O)c2ccc(*)cc2)cc1,140.0
*CCCCCC(=O)Nc1cccc(NC(=O)CCCCC[N+](*)(C)C)c1,65.0
*CCCCCC(=O)OC(=O)CCCNC(=O)NCCCCCCNC(=O)CCCCCCC(=O)O*,-20.0
*CCCCCC(=O)OC(=O)CCCOC(=O)O*,-40.0
*CCCCCC(=O)OC1=CC=C2C=C(OC(=O)c3ccc4c(c3)C(=O)N(*)C4=O)C=C2C1=O,145.0
*CCCCCC(=O)OCC(C)(CC)CCOC(=O)CCCCC(=O)O*,-50.0
*CCCCCC(=O)OCC(F)(F)C(F)(F)C(F)(F)COC(=O)CCCCCOC(=O)O*,-20.0
*CCCCCC(=O)OCCCCCCOC(=O)c1cccc(NC(=O)NNC(=O)c2cccc(O*)c2)c1,65.0
*CCCCCC(=O)OCCCCOC(=O)CCCCCCCCCCCCC(=O)c1ccc(N(*)CCCCCC)cc1,-20.0
*CCCCCC(=O)OCCOC(=O)CCCOC(=O)c1ccc(-c2ccc(O*)cc2)cc1,45.0
*CCCCCC(=O)OCCOC(=O)COCC(=O)O*,-45.0
*CCCCCC(=O)OCCOC(=O)c1cccc(C(=O)OCCOC(=O)OCCOCCOC(=O)c2ccc(O*)cc2)c1,15.0
*CCCCCC(=O)Oc1ccc(C(C)(C)c2ccc(OCCCOc3ccc(-c4ccc(O*)cc4)cc3)cc2)cc1,45.0
*CCCCCC(=O)Oc1ccc(C2(c3ccc(OC(=O)c4ccc5c(c4)C(=O)N(*)C5=O)cc3)CCC2)cc1,145.0
*CCCCCC(=O)Oc1ccc(NC(=O)c2ccc(C(=O)O*)cc2)cc1,90.0
*CCCCCC(=O)Oc1ccc(OC(=O)COc2ccc(OCCCCCOc3ccc(OC(=O)c4ccc(O*)cc4)cc3)cc2)cc1,45.0
*CCCCCC(=O)Oc1ccc(OC(=O)c2ccc(N(c3ccccc3)c3ccc(O*)cc3)cc2)cc1,95.0
*CCCCCC(=O)SNC(=O)CCCCCOC(=O)c1cccc(C(=O)O*)c1,15.0
*CCCCCC(=S)N(*)CC(=O)Oc1ccc(OC(=O)c2ccc(OCCC)cc2)cc1,15.0
*CCCCCC(C)(CCC)COC(=O)O*,-30.0
*CCCCCC(C)CC(OC)c1ccc(C(C)(C)c2ccc(C(C)(C)c3ccc(O*)cc3)cc2)cc1,45.0
*CCCCCC(C)CCC(=O)NCCCCCCCCNC(=O)CCCCCO*,-40.0
*CCCCCC(C)CCCCCCCCC(=O)N(CO*)COC,-30.0
*CCCCCC(C)CCCNC(=O)CCCCCCC(=O)N*,15.0
*CCCCCC(C)CNC(=O)CCCCCCCCCCCC(=O)N*,40.0
*CCCCCC(C)COC(=O)c1ccc(NC(=O)CCCCN2CCN(*)CC2)o1,-10.0
*CCCCCC(C)OC(=O)c1ccc(C(=O)CCCC(=O)Nc2ccc(C(=O)OCCOC(=O)c3ccc(C(=O)O*)cc3)cc2)cc1,45.0
*CCCCCC(CC)COC(=O)NCCSCCCCCNC(=O)O*,-30.0
*CCCCCC(F)(F)C(F)(F)COC(=O)/C=C/CC(*)C,-30.0
*CCCCCC(O)CN(*)C(=O)CCB(C)C,-25.0
*CCCCCC(O)CSSSS*,-40.0
*CCCCCC(c1ccccc1)C(*)c1ccc(O)cc1,45.0
*CCCCCC/C=C(/*)CCCOc1ccc(C(=O)Oc2ccc(F)cc2)cc1,-10.0
*CCCCCC1CC(COC(=O)Nc2ccc(CSS*)cc2)C1Br,15.0
*CCCCCC1CCN(C(=O)CCCCC(=O)C(*)CC(O)COC(=O)c2ccc(OCCCCCCCCCCCC)cc2)C1,-25.0
*CCCCCCC#CCCCCCCCCCCCCCCCCOC(=O)CCCCCCCCCC(=O)O*,-50.0
*CCCCCCC#CSSCCS*,-60.0
*CCCCCCC(*)(Cl)C(=O)OCCCOC,-30.0
*CCCCCCC(*)CNC(=O)c1ccc(F)cc1,45.0
*CCCCCCC(*)COCCCC,-55.0
*CCCCCCC(=O)CCc1ccc(COC(=O)CCCCOc2ccc(/C=C/c3ccc(*)cc3)cc2)cc1,25.0
*CCCCCCC(=O)N/C=C/C=C/CCOC(=O)CCCCCCCCC(=O)O*,-30.0
*CCCCCCC(=O)NC(C)CCCCNC(=O)CCCCS*,-30.0
*CCCCCCC(=O)NCCCCCCCC(=O)N*,45.0
*CCCCCCC(=O)NCCCCCCCCNC(=O)c1ccc(*)o1,35.0
*CCCCCCC(=O)NCCCCCCNC(=O)CCCCCC*,40.0
*CCCCCCC(=O)NCCCCOCCNC(=O)CCCCCCS*,-30.0
*CCCCCCC(=O)NCCCNC(=O)CCOC(=O)c1cccc(C(=O)O*)c1,45.0
*CCCCCCC(=O)NCCCc1ccc(*)nc1,45.0
*CCCCCCC(=O)NCCOCCCCCCNC(=O)c1ccc(C(=O)O*)cc1,35.0
*CCCCCCC(=O)NCCOCCOCCS(=O)(=O)C*,-20.0
*CCCCCCC(=O)NCCSCCNC(=O)CO*,-20.0
*CCCCCCC(=O)NCc1ccc(CCNC(=O)CCCCCCCS*)cc1,15.0
*CCCCCCC(=O)NNC(=O)c1ccc(C(=O)NS(=O)(=O)CCNn2c(=O)c3cc4c(=O)n(*)c(=S)c4cc3c2=O)c(Br)c1,165.0
*CCCCCCC(=O)NSC(=O)COc1ccc(C(C)(C)c2ccc(O*)cc2)cc1,45.0
*CCCCCCC(=O)Nc1ccc(Cc2ccc(NCCCCNC(=O)CCCN3C(=O)c4ccc(*)cc4C3=O)cc2)cc1,85.0
*CCCCCCC(=O)Nc1ccc(S(=O)(=O)c2ccc(N3C(=O)c4ccc(*)cc4C3=O)cc2)cc1,180.0
*CCCCCCC(=O)Nc1ccc(S(=O)(=O)c2ccc(NC(=O)CN3C(=O)c4ccc(C(=O)c5ccc6c(c5)C(=O)N(*)C6=O)cc4C3=O)cc2)cc1,245.0
*CCCCCCC(=O)Nc1ccccc1N*,65.0
*CCCCCCC(=O)OCCCCCOC(=O)CCCCCCCCCCC(=O)OCCCCCCOc1ccc(-c2ccc(O*)cc2)cc1,-20.0
*CCCCCCC(=O)Oc1c(OC)cc(*)cc1OCC,15.0
*CCCCCCC(=O)Oc1ccc(C(=O)OCCCCCCOc2ccc(-c3ccc(O*)cc3)cc2)cc1,25.0
*CCCCCCC(=O)Oc1ccc(OC(=O)c2ccc([SiH](C)OC(=O)c3ccc(*)cc3)cc2)cc1,45.0
*CCCCCCC(=O)Oc1ccc(OC(=O)c2cccc(S(*)(=O)=O)c2)cc1,45.0
*CCCCCCC(=O)SCc1ccc(C#N)cc1*,10.0
*CCCCCCC(C)C(=O)O*,-55.0
*CCCCCCC(C)CCCCCCOC(=O)CC(=O)N*,-40.0
*CCCCCCC(C)CCCCOC(=O)CCCCCCCCCCCCCCC(=O)O*,-55.0
*CCCCCCC(C)CNC(=O)CCCc1ccc(CC(=O)N*)cc1,45.0
*CCCCCCC(C)CNC(=O)c1cc(C)c(Cc2ccc(C(=O)N*)cc2C)c(S(=O)(=O)O)c1,90.0
*CCCCCCC(C)COC(=O)c1ccc(C(=O)N*)c(Oc2ccc([N+](=O)[O-])c(OCCCCCCCC)c2)c1,35.0
*CCCCCCC(C=*)CCCO,-45.0
*CCCCCCC(O)COC(=O)CCCCC(=O)O*,-45.0
*CCCCCCC1CCCC(*)C1,-55.0
*CCCCCCCC(=*)CCCCCCCCCCS(=O)(=O)CCC(=O)OCCCC,-40.0
*CCCCCCCC(=O)CNc1ccc(CNC(=O)CCCN2CCN(*)C2=O)cc1,45.0
*CCCCCCCC(=O)N/C=C/C(=O)O*,45.0
*CCCCCCCC(=O)N/C=C/N=C(\C)C(=O)O*,45.0
*CCCCCCCC(=O)NC(C)C(=O)O*,40.0
*CCCCCCCC(=O)NC1CCN(C(=S)SSCCCCCC*)C1C,-20.0
*CCCCCCCC(=O)NCCCCCC/N=C(/*)CCCCCCCC,-20.0
*CCCCCCCC(=O)NCCCCCCNC(=O)C(*)C,40.0
*CCCCCCCC(=O)NCCCCCCNC(=O)CCCCCNC(=O)C(=O)N*,55.0
*CCCCCCCC(=O)NCCCCCCNC(=O)CCc1ccc(*)o1,-20.0
*CCCCCCCC(=O)NCCCCCCNC(=O)CNCC(=O)N*,45.0
*CCCCCCCC(=O)NCCCCCCNC(=O)COCCCCCCO*,-30.0
*CCCCCCCC(=O)NCCCOC(=O)CCCCSCCC(=O)O*,-30.0
*CCCCCCCC(=O)NCc1ccc(N(*)C)nc1,30.0
*CCCCCCCC(=O)NNC(=O)CCCCCCCCC(=O)O*,15.0
*CCCCCCCC(=O)Nc1cc(OCC)c(O*)cc1OC(=O)c1ccc(/N=C/c2ccc(OC)cc2)cc1,75.0
*CCCCCCCC(=O)Nc1ccc(NC(=O)CCCCCN(*)c2ccc(OC)cc2)cc1,85.0
*CCCCCCCC(=O)OCCOC(=O)c1ccc(Cc2ccc(C(=O)O*)cc2)cc1,15.0
*CCCCCCCC(=O)Oc1ccc(-c2ccc(OC(=O)CCCCCCCC(=O)O)c(O*)c2)cc1,15.0
*CCCCCCCC(=O)Oc1ccc(OC(=O)Oc2ccc(O*)cc2)cc1,45.0
*CCCCCCCC(=O)Oc1ccc(OC(=O)c2ccc(OCCCCCCOc3ccc(C(=O)Oc4ccc(O*)cc4)cc3)cc2)cc1,45.0
*CCCCCCCC(=O)Oc1ccc(Oc2ccc(O*)cc2C)c(OC)c1,45.0
*CCCCCCCC(=O)c1ccc(*)c(O)c1,-10.0
*CCCCCCCC(=S)NCCOCCOCCO*,-45.0
*CCCCCCCC(C(*)=O)c1ccc(C(=O)OCCN(C)c2ccc(C#N)cc2)cc1,45.0
*CCCCCCCC(C)CC(C)CNC(=O)CCCC(=O)N*,40.0
*CCCCCCCC(C)CCNC(=O)Nc1ccc(C(=O)O*)c(CCC)c1,45.0
*CCCCCCCC(CO)CN(*)CCCCCCCC,-45.0
*CCCCCCCC=C(*)C,-50.0
*CCCCCCCC=C(C)NC(=O)/C=N/C(=O)N*,45.0
*CCCCCCCC=C1CCN(*)C(C)O1,-30.0
*CCCCCCCCC#CC#CCOC(=O)c1ccccc1C(=O)O*,-20.0
*CCCCCCCCC#CC#C[Si](*)(C)CC,-60.0
*CCCCCCCCC(*)CCCCCCCCCCCCCCCC,-60.0
*CCCCCCCCC(*)CNCCCCCCCC,-55.0
*CCCCCCCCC(=O)NCCCCCCCCCCCNC(=O)CCCOCCOCCOCCO*,-30.0
*CCCCCCCCC(=O)NCCCCCCNC(=O)C(=O)NCCCCCCOCCN(*)C,15.0
*CCCCCCCCC(=O)NCCCCCCNC(=O)C(O)CCC(=O)N*,45.0
*CCCCCCCCC(=O)NCCCCCOCCCCNC(=O)CCCCOC(=O)COC(=O)CCCC(=O)O*,-30.0
*CCCCCCCCC(=O)NCCCCCc1ccc(OCCOC(=O)C*)cc1,15.0
*CCCCCCCCC(=O)NCCCNC(=O)CCOC(=O)CSCCSCCC(=O)S*,-35.0
*CCCCCCCCC(=O)Nc1ccc(*)cc1,40.0
*CCCCCCCCC(=O)Nc1ccc(/N=C/c2ccc(C(=O)O*)cc2)cc1,90.0
*CCCCCCCCC(=O)Nc1ccc(Oc2ccc(/C=C/c3ccc(OCC)cc3)cc2)cc1*,95.0
*CCCCCCCCC(=O)Nc1cccc(NC(=O)CCCCCCCCC(=O)Nc2cccc(C(=O)N*)c2)c1,90.0
*CCCCCCCCC(=O)OC(=O)C1CCCOC(*)OC1,-25.0
*CCCCCCCCC(=O)Oc1ccc(/N=C/C=C/c2ccc(OCCCCCCCCCCCCOc3ccc(/C=C/c4ccc(O*)cc4)cc3)cc2)cc1,15.0
*CCCCCCCCC(C)(C)CNC(=O)Nc1ccc(C[Si](C)(C)O*)cc1,-20.0
*CCCCCCCCC(C)C(=O)NCCc1ccc(COc2ccc(C(=O)O*)cc2)cc1,45.0
*CCCCCCCCC/C=C(/*)CC,-60.0
*CCCCCCCCC=C(*)CCCCCCCCCC,-60.0
*CCCCCCCCCC(*)(CC)NC(=O)CCCCCCC,-40.0
*CCCCCCCCCC(*)CCCCCCCCCOc1ccc(-c2ccc(OCC(C)CC)cc2)cc1,-20.0
*CCCCCCCCCC(*)OC(=O)c1ccc(OCCSC)cc1,-20.0
*CCCCCCCCCC(=O)N/C=C/C(*)=O,50.0
*CCCCCCCCCC(=O)NCCC(=O)O*,15.0
*CCCCCCCCCC(=O)NCCCCCCCCCCOC(=O)S*,-20.0
*CCCCCCCCCC(=O)NCCCCCCNC(=O)COS(=O)(=O)CCC(C)CC(=O)O*,30.0
*CCCCCCCCCC(=O)NCCCCCCOCCCCNC(=O)COc1ccc(/C=C/c2ccc(O*)cc2)cc1,45.0
*CCCCCCCCCC(=O)NCCCCNC(=O)CCCCCCCCC(=O)NCCCCCNC(=O)CCCCOC(=O)CCCC(=O)N*,40.0
*CCCCCCCCCC(=O)NCCOC(=O)CCCCC(=O)O*,-20.0
*CCCCCCCCCC(=O)NCCc1ccc(CNC(=O)CCCCCCS*)cc1,-20.0
*CCCCCCCCCC(=O)NCc1ccc(CNC(=O)CCCCCCCCCC(=O)N*)cc1,45.0
*CCCCCCCCCC(=O)Nc1ccc(Cc2ccc(NC(=O)CCCCCO*)cc2)cc1,45.0
*CCCCCCCCCC(=O)Nc1ccc(NC(=O)/C=C/C=C/P(=O)(c2ccccc2)c2ccc(C(*)=O)cc2)cc1,130.0
*CCCCCCCCCC(=O)Nc1ccc(NC(=O)CCCCNCC(=O)Nc2ccc(O*)cc2)cc1,90.0
*CCCCCCCCCC(=O)OCCCCCCOC(=O)c1ccccc1*,-40.0
*CCCCCCCCCC(=O)OCCOC(=O)c1ccc(/N=N/Nc2ccc(C(=O)O*)cc2)cc1,45.0
*CCCCCCCCCC(=O)Oc1ccc(C#Cc2ccccc2-c2ccc(O*)cc2)cc1,65.0
*CCCCCCCCCC(=S)NOC(=O)c1cccc(C(=O)O*)c1,25.0
*CCCCCCCCCC(C)CCC(=O)O*,-55.0
*CCCCCCCCCC/C=C(/*)CCCCCCCC,-70.0
*CCCCCCCCCC1CCC(*)C(COC(=O)CCCSC(=O)NCCCCCCCCC)C1,-40.0
*CCCCCCCCCCC(*)CCCCC,-60.0
*CCCCCCCCCCC(=O)NCC#CCOCCCCCCNC(=O)C(=O)N*,15.0
*CCCCCCCCCCC(=O)NCC(=O)OCCCCCCOC(=O)c1ccc(C(=O)O*)cc1,15.0
*CCCCCCCCCCC(=O)NCCCCCCCCCCCNC(=O)CCCCOC(=O)CCCCC(=O)O*,30.0
*CCCCCCCCCCC(=O)NCCCCCCCNC(=O)CS*,-20.0
*CCCCCCCCCCC(=O)NCCCCCCNC(=O)C(CCCCCCC(=O)N*)c1ccc(/N=N/c2ccc([N+](=O)[O-])cc2)cc1,55.0
*CCCCCCCCCCC(=O)NCCCCCCNC(=O)CCCCC(=O)O*,45.0
*CCCCCCCCCCC(=O)NCCCCCCNC(=O)CCCCCO*,-20.0
*CCCCCCCCCCC(=O)NCCCCCCNS(=O)(=O)CCCCC(=O)N*,40.0
*CCCCCCCCCCC(=O)NCCCCCCOCCCCCCCCCCCCS*,-40.0
*CCCCCCCCCCC(=O)NCc1ccc(*)nc1,40.0
*CCCCCCCCCCC(=O)NCc1ccc(CNC(=O)COCC(O*)OCC)cc1,15.0
*CCCCCCCCCCC(=O)OCCCCCOC(=O)CCCCCCCCC(=O)OCCCOC(=O)CCCCC(=O)O*,-55.0
*CCCCCCCCCCC(=O)Oc1ccc(C(C)(C)c2ccc(O*)c(C)c2)cc1,45.0
*CCCCCCCCCCC(=S)OC(=O)c1ccc(C(*)=O)cc1,-15.0
*CCCCCCCCCCC(C)CCCCCCC(=O)N*,45.0
*CCCCCCCCCCC(CC)CCC(*)C,-60.0
*CCCCCCCCCCCC#CCS*,-60.0
*CCCCCCCCCCCC(*)C(=O)Oc1ccc([N+](=O)[O-])cc1,-20.0
*CCCCCCCCCCCC(*)C=C,-55.0
*CCCCCCCCCCCC(=O)NCCCCCCCNC(=O)C*,45.0
*CCCCCCCCCCCC(=O)NCCCCCCNC(=O)CCCCCCCO*,-20.0
*CCCCCCCCCCCC(=O)NCCCCCCNC(=O)CCCOCCCCS*,-30.0
*CCCCCCCCCCCC(=O)NCCCCCNC(=O)CCCCCO*,-20.0
*CCCCCCCCCCCC(=O)NCCc1ccc(NC(=O)CCCCCCCCCCCCCC(=O)S*)cc1,15.0
*CCCCCCCCCCCC(=O)OCCOC(=O)COc1ccc(O*)c(O)c1,15.0
*CCCCCCCCCCCC(C)(C)N*,-30.0
*CCCCCCCCCCCC(C)C(*)C,-55.0
*CCCCCCCCCCCCC(=O)NCC=CCCNC(=O)CCCOCCO*,-30.0
*CCCCCCCCCCCCC(=O)NCCCCCCCCCSC=CC=C=CCOCCN(*)C,-40.0
*CCCCCCCCCCCCC(=O)NCCCCCCCCNC(=O)CCCCCO*,-20.0
*CCCCCCCCCCCCC(=O)NCCCCCCNCC(=O)O*,40.0
*CCCCCCCCCCCCC(=O)Nc1ccc(-c2ccc(C(=O)O*)cc2)cc1,90.0
*CCCCCCCCCCCCC(=O)OCCCCCCNC(=O)c1ccc(*)s1,-20.0
*CCCCCCCCCCCCC(=O)OCCCCOC(=O)CCCCCCCCn1c(=O)c2cc3c(=O)n(*)c(=O)c3cc2c1=O,45.0
*CCCCCCCCCCCCC(=O)Oc1ccc(CCOC(=O)COCC(O)O*)cc1,-20.0
*CCCCCCCCCCCCC1CCN(*)C(=O)C1,-40.0
*CCCCCCCCCCCCCC(*)CCCC,-60.0
*CCCCCCCCCCCCCC(=O)NCCCC(=O)O*,-20.0
*CCCCCCCCCCCCCC(=O)NCCCCCCCCCCCCNC(=O)c1cccc(*)n1,45.0
*CCCCCCCCCCCCCC(=O)NCCCCCCCCCCNC(=O)CCCCCOC(=O)CCCCCCCCC(=O)O*,-20.0
*CCCCCCCCCCCCCC(=O)Nc1ccc(-c2ccc(C(=O)N*)cc2)cc1,130.0
*CCCCCCCCCCCCCC(=O)Nc1ccc(Cc2ccc(NC(=O)O*)cc2)cc1,65.0
*CCCCCCCCCCCCCC(=O)OCCCCCCOC(=O)CCCCCCC(=O)O*,-55.0
*CCCCCCCCCCCCCC(=O)OCCOC(=O)c1ccc(C(=O)NCCCCCO*)cc1,10.0
*CCCCCCCCCCCCCC(=O)OCc1ccc(Cc2ccc([Si](*)(C)CCN)cc2)cc1,-25.0
*CCCCCCCCCCCCCC(=O)Oc1ccc(C(=O)NCCCNC(=O)c2ccc(C(=O)NCC)cc2)cc1*,45.0
*CCCCCCCCCCCCCC(=O)Oc1ccc(CCc2ccc(OC(=O)CCCCCCCCC(=O)Oc3ccc(O*)cc3)cc2)cc1,-10.0
*CCCCCCCCCCCCCC(C)CCCCCO*,-60.0
*CCCCCCCCCCCCCC/C=C/CCCCCCCS*,-60.0
*CCCCCCCCCCCCCCC#CC#CC#CCOc1ccc(OC(=O)CCCCCCCCC(=O)Oc2ccc(O*)cc2)cc1,-20.0
*CCCCCCCCCCCCCCC(=O)NNC(=O)CCCCCCCCCCC(=O)NCCCCCCNC(=O)CCCOC(=O)CNC(=O)CCCCCO*,-20.0
*CCCCCCCCCCCCCCC(=O)OCCOC(=O)c1ccc(C(=O)S*)c(O)c1,-20.0
*CCCCCCCCCCCCCCC(=O)S*,-60.0
*CCCCCCCCCCCCCCC(C)CCSC(=O)CCCSCCCCC(=O)O*,-55.0
*CCCCCCCCCCCCCCCC#CC#C[Si](C)(C)CC(C)(C)CC[Si](*)(C)C,-70.0
*CCCCCCCCCCCCCCCC(=O)NCc1ccc(NC(=O)CCCCCCCCCCNC(=O)c2ccc(*)o2)o1,15.0
*CCCCCCCCCCCCCCCC(=O)Nc1ccc(*)cc1,25.0
*CCCCCCCCCCCCCCCC(=O)Oc1ccc(C(=O)OC(=O)c2ccc(OCCOCCOCCOCCOCCOc3ccc(C(*)=O)cc3)cc2)cc1,5.0
*CCCCCCCCCCCCCCCC(=O)Oc1ccc(C(C)(CCOc2ccc(C(=O)O*)cc2)c2ccc(/N=N/c3ccc([N+](=O)[O-])cc3)cc2)cc1,15.0
*CCCCCCCCCCCCCCCC(=O)SOc1c(F)c([2H])c(Cl)c(O*)c1OC,-20.0
*CCCCCCCCCCCCCCCCC(*)CCCCCC,-60.0
*CCCCCCCCCCCCCCCCC(=O)NCCCCCCCCCCNC(=O)CCCCCO*,-20.0
*CCCCCCCCCCCCCCCCC(=O)NCCc1ccc(CC(=O)N*)cc1,45.0
*CCCCCCCCCCCCCCCCC(=O)NNC(=O)CCCCCCCCC(=O)NCCCNC(=O)C(=O)N*,45.0
*CCCCCCCCCCCCCCCCC(=O)OCCOCCOCC(=O)O*,-50.0
*CCCCCCCCCCCCCCCCCC(*)C(C)CC,-60.0
*CCCCCCCCCCCCCCCCCC(=O)NCCCCCCCCNC(=O)O*,15.0
*CCCCCCCCCCCCCCCCCC(=O)NCc1ccccc1C(=O)O*,15.0
*CCCCCCCCCCCCCCCCCC(C)COC(=O)CCCCC(=O)O*,-55.0
*CCCCCCCCCCCCCCCCCCC(=O)NCCCCCCNC(=O)CCCCSCCCCC(=O)N*,-10.0
*CCCCCCCCCCCCCCCCCCC(=O)Nc1ccc(Sc2ccc(NC(=O)O*)cc2)cc1,45.0
*CCCCCCCCCCCCCCCCCCCC(=O)NCCCCCCCNC(=O)CCCOC(=O)CCCCO*,-30.0
*CCCCCCCCCCCCCCCCCCCC(COc1ccc(CCCCCCC)cc1)CN(*)CCCCC,-45.0
*CCCCCCCCCCCCCCCCCCCCC(*)S[SH](C)(C)C,-50.0
*CCCCCCCCCCCCCCCCCCCCC(=O)OCCCCCCCCCOC(=O)CCCc1ccc(C#N)cc1*,-30.0
*CCCCCCCCCCCCCCCCCCCCCC(=O)NNC(=O)CCCCCCC(=O)N*,40.0
*CCCCCCCCCCCCCCCCCCCCCCC(=O)NCCC(C)CCCNC(=O)c1cccc(C(=O)N*)c1,45.0
*CCCCCCCCCCCCCCCCCCCCCCC(=O)OCCOC(=O)CCCCCCCCCCCC(=O)O*,-50.0
*CCCCCCCCCCCCCCCCCCCCCCCC(=O)NCCCCCNC(=O)CCCCC(=O)N*,45.0
*CCCCCCCCCCCCCCCCCCCCCCCC(=O)NOCCCCCCCCCOC(=O)NC(=O)C(=O)N*,15.0
*CCCCCCCCCCCCCCCCCCCCCCCCCC(=O)Oc1cc(C(*)=O)cc(C(=O)OCCOc2ccc(/N=C/c3ccccc3)cc2)c1,5.0
*CCCCCCCCCCCCCCCCCCCCCCCCCC(C)(C)NS(=O)(=O)CCCCC(=O)N*,-20.0
*CCCCCCCCCCCCCCCCCCCCCCCCCCCCCCCCCCCCC/C=C/C(CO*)CSCC,-55.0
*CCCCCCCCCCCCCCCCCCCCCCCCCCCCCCCCCCCNC(=O)C(=O)N*,30.0
*CCCCCCCCCCCCCCCCCCCCCCCCCCCCCCOC(=O)C(CCCCCCC)C(=O)O*,-55.0
*CCCCCCCCCCCCCCCCCCCCCCCCCCCCCCOC(=O)c1ccc(C(=O)NCCC(*)=O)cc1,-20.0
*CCCCCCCCCCCCCCCCCCCCCCCCCCOC(=O)CCCCSC(=O)O*,-55.0
*CCCCCCCCCCCCCCCCCCCCCCCCCCOc1ccc(/C=N/c2ccc(O*)cc2OC)cc1,45.0
*CCCCCCCCCCCCCCCCCCCCCCCCNC(=O)CCCCC(=O)NCCCCCCNC(=O)C(=O)N*,45.0
*CCCCCCCCCCCCCCCCCCCCCCCCNC(=O)CCCCCCCCCCCCCCCCCCCCCCCCCCCCC(=O)N*,45.0
*CCCCCCCCCCCCCCCCCCCCCCCCOC(=O)c1cc(OCCCCCCCCCCOc2ccc(-c3ccc(-c4ccc(C(=O)O*)cc4)cc3)cc2)ccc1OC,-20.0
*CCCCCCCCCCCCCCCCCCCCCCCCOc1ccc(/C=C/c2ccc(OC(=O)c3ccc(O*)cc3)cc2)cc1,40.0
*CCCCCCCCCCCCCCCCCCCCCCCCSC(=O)c1ccc(C(=O)N*)c(OC)c1,15.0
*CCCCCCCCCCCCCCCCCCCCCCCOc1ccc(CC(=O)Nc2ccc(O*)cc2)cc1,10.0
*CCCCCCCCCCCCCCCCCCCCCCNC(=O)CCCCCNC(=O)CCCCSc1cc(C(=O)N*)ccc1C,-10.0
*CCCCCCCCCCCCCCCCCCCCCCOC(=O)c1ccc(-c2ccc(C(=O)CNc3ccc(C(C)(C)c4ccc(NC(=O)C(=O)NC(*)=O)cc4)cc3)cc2)cc1,45.0
*CCCCCCCCCCCCCCCCCCCCCCOC(=O)c1ccc(C(=O)NCCCCCO*)cc1,5.0
*CCCCCCCCCCCCCCCCCCCCCCOC(=O)c1ccc(C(=O)NCCCCNC(=O)c2ccc(C(*)=O)cc2Br)cc1,15.0
*CCCCCCCCCCCCCCCCCCCCCCOc1ccc(C(=O)OCCCCCCOc2ccc(O*)c(C)c2)cc1,-20.0
*CCCCCCCCCCCCCCCCCCCCCNC(=O)NCCCCCC(=O)N*,45.0
*CCCCCCCCCCCCCCCCCCCCCOC(=O)NC(=O)COCC(=O)O*,-35.0
*CCCCCCCCCCCCCCCCCCCCCOc1ccc(/C=C/c2ccc(*)cc2)cc1,10.0
*CCCCCCCCCCCCCCCCCCCCNC(=O)CCNC(=O)CCCCCCCCCCC(=O)NCCCCCCCCC(=O)N*,15.0
*CCCCCCCCCCCCCCCCCCCCNC(=O)c1ccc(-c2cc[c]([Ca][CH2]C(=O)NC3=CCC3*)cc2)cc1,45.0
*CCCCCCCCCCCCCCCCCCCCOC(=O)C(CCCCCCCCCCCCCCCCCCCS(=O)(=O)CCc1ccc(C(=O)CN*)cc1)c1ccccc1,-20.0
*CCCCCCCCCCCCCCCCCCCCOC(=O)C(O)CSC(=O)N*,-30.0
*CCCCCCCCCCCCCCCCCCCCOC(=O)c1cccc(NC(=O)CCCC(=O)Nc2cccc(C(=O)NC(=O)c3ccc(O*)cc3)c2)c1,45.0
*CCCCCCCCCCCCCCCCCCCCSC(=O)c1ccc(C(=O)N(*)Cc2ccc(F)cc2)cc1,-25.0
*CCCCCCCCCCCCCCCCCCCCSSCCSCCCCO*,-55.0
*CCCCCCCCCCCCCCCCCCCNC(=O)CCCCCC(=O)NCCCCCCNC(=O)C*,45.0
*CCCCCCCCCCCCCCCCCCCNC(=O)CCCCCCCCCC(C)CC(=O)N*,-20.0
*CCCCCCCCCCCCCCCCCCCOc1ccc(-c2ccc(OC(=O)OCC(NC(=O)O*)OC)cc2)cc1,15.0
*CCCCCCCCCCCCCCCCCCCOc1ccc(/C=C(/c2ccc(C#N)cc2)c2ccc(O*)cc2)cc1,15.0
*CCCCCCCCCCCCCCCCCCN1C(=O)c2ccc(C(=O)Oc3ccc4c(c3)C(=O)N(*)C4=O)cc21,90.0
*CCCCCCCCCCCCCCCCCCNC(=O)C/C=C/C=C/CC(=O)N*,15.0
*CCCCCCCCCCCCCCCCCCNC(=O)CCCCCCCCCCCCCCCCCCCCCCCCCCCCCCCCC(=O)N*,40.0
*CCCCCCCCCCCCCCCCCCNC(=O)CSCCCCCCCC(=O)N*,-20.0
*CCCCCCCCCCCCCCCCCCNC(=O)NCCCCCCCCCCNC(=O)NCCCCCCOCCO*,-20.0
*CCCCCCCCCCCCCCCCCCNC(=O)c1cccc(C(=O)N*)c1,45.0
*CCCCCCCCCCCCCCCCCCNCC(=O)N*,45.0
*CCCCCCCCCCCCCCCCCCNS(=O)(=O)CCCCC(=O)NNC(=O)CCCCCCCCC(=O)N*,15.0
*CCCCCCCCCCCCCCCCCCOC(=O)/C(C)=C/C(=O)N*,-30.0
*CCCCCCCCCCCCCCCCCCOC(=O)/C=C/COC(=O)OCCCCCCOc1ccc(-c2ccc(OC(=O)OC(C)COC(*)=O)cc2)cc1,-10.0
*CCCCCCCCCCCCCCCCCCOC(=O)COc1ccc(C(=O)OCCN(c2ccccc2)c2ccc(O*)cc2)cc1,10.0
*CCCCCCCCCCCCCCCCCCOC(=O)NCCCCCOCCCCCNC(=O)O*,-30.0
*CCCCCCCCCCCCCCCCCCOC(=O)OCCCCCCOC(=O)OCCCCCOc1ccc(/C=N/c2ccc(OCCCCOc3ccc(/N=N/c4ccc(O*)cc4)cc3)cc2)cc1,15.0
*CCCCCCCCCCCCCCCCCCOC(=O)OCCCCc1ccc(COC(=O)c2ccc(C(=O)O*)cc2)cc1,-20.0
*CCCCCCCCCCCCCCCCCCOC(=O)c1ccc(C(=O)NCCCCCSCCNC(=O)c2ccc(C(=O)O*)cc2)cc1,10.0
*CCCCCCCCCCCCCCCCCCOCCCCCCCCOC(=O)C(C(=O)C(F)(F)C([2H])(F)C(F)(F)[SH](F)(F)(F)F)C(CCCC=C)CCCCCCCCC(=O)O*,-55.0
*CCCCCCCCCCCCCCCCCCOCCCCOC(=O)CCCCCCCCCCCCCCCCCC(=O)O*,-55.0
*CCCCCCCCCCCCCCCCCNC(=O)CCCCCCCC(=O)NCCCCCCCCCCCCNC(=O)CCCCCCC(=O)O*,15.0
*CCCCCCCCCCCCCCCCCNC(=O)c1cc(C(=O)O*)cc(C(=O)c2ccc(OC)cc2)c1,45.0
*CCCCCCCCCCCCCCCCCOC(=O)CCC(CCCCCCCCCCCCCCCC)C(=O)O*,-55.0
*CCCCCCCCCCCCCCCCCOC(=O)CCCCCCCCCC(=O)NCCCCCCCCNC(=O)CCCCCOC(=O)C=CC(=O)O*,-20.0
*CCCCCCCCCCCCCCCCCOC(=O)CSCCCCCCCCCCCCCC(=O)O*,-55.0
*CCCCCCCCCCCCCCCCCOC(=O)OCCCCCCCCNC(=O)O*,-30.0
*CCCCCCCCCCCCCCCCCOC(=O)c1ccc(C(=O)NCCCCCCCCCCNC(=O)c2ccc(C(=O)O*)cc2)cc1,30.0
*CCCCCCCCCCCCCCCCCOC(=O)c1cccc(NC(=O)OCCC(O)COc2ccc([N+](=O)[O-])cc2)c1COc1ccc(-n2on2-c2ccc(O*)cc2)cc1,15.0
*CCCCCCCCCCCCCCCCCOc1ccc(C(=O)Nc2cccc(O*)c2)cc1,15.0
*CCCCCCCCCCCCCCCCC[N+](C)(C)CCCCCC(=O)N*,-30.0
*CCCCCCCCCCCCCCCCN(CC(F)(F)C(F)(F)C(F)(F)C(F)(F)C(F)(F)C(F)(F)C(F)(F)C(F)(F)C(F)(F)C(F)(F)C(F)(F)F)C(=O)C(=O)N(*)C,45.0
*CCCCCCCCCCCCCCCCNC(=O)C(CCCCCCCCCCCCCCCC)C(=O)N*,-20.0
*CCCCCCCCCCCCCCCCNC(=O)C(COc1ccc(C(C)(C)C)cc1-c1ccccc1)C(=O)N*,45.0
*CCCCCCCCCCCCCCCCNC(=O)CCCCC(=O)NCCCCCCNCCNC(=O)C(=O)N*,45.0
*CCCCCCCCCCCCCCCCNC(=O)CCCCCCCC(=O)NCCCCCCCCCCCCCCCCNC(=O)C*,50.0
*CCCCCCCCCCCCCCCCNC(=O)c1cc(C(=O)NCCCCCCNC(=O)CCOC(=O)c2ccc(C(=O)N*)cc2)cc(-c2ccccc2)c1,55.0
*CCCCCCCCCCCCCCCCNC(=O)c1ccc(C(=O)N*)c(CCCCCC)c1,15.0
*CCCCCCCCCCCCCCCCNC(=O)c1ccc(C(=O)NC(C)C(=O)O*)cc1,45.0
*CCCCCCCCCCCCCCCCNC(=O)c1ccc(CN(*)C(=O)c2ccc(C(=O)OCCCCCCCCCCCCCCCC)cc2)cc1,15.0
*CCCCCCCCCCCCCCCCNC(=O)c1ccc(NC(=O)NCCC(C)N2CCCN(*)CC2)c(C)c1C,45.0
*CCCCCCCCCCCCCCCCNC(=O)c1cccc(C(=O)NCCCCCCNC(=O)c2ccc(*)cc2)c1,55.0
*CCCCCCCCCCCCCCCCOC(=O)/C(C#N)=C(/*)CCC,-30.0
*CCCCCCCCCCCCCCCCOC(=O)C(CCCCCCOCCOCCCCCCOc1ccc(/N=N/c2ccc(OCCCC)cc2)cc1)OCC(=O)OCCCCCCOc1ccc(C(C)(C)c2ccc(O*)c(C)c2)cc1OC,-20.0
*CCCCCCCCCCCCCCCCOC(=O)CCCCCCC(=O)NCCCCCCCNC(=O)C(=O)NCCCCCCO*,-20.0
*CCCCCCCCCCCCCCCCOC(=O)CCCCCCC(=O)OCCOC(=O)CCCCC(=O)O*,-55.0
*CCCCCCCCCCCCCCCCOC(=O)CCCCCCCCCCCCC(=O)OCCCCCCOC(=O)C=CC=C(CC)C(=O)O*,-45.0
*CCCCCCCCCCCCCCCCOC(=O)CCCCCCCCNC(=O)O*,-30.0
*CCCCCCCCCCCCCCCCOC(=O)CCc1ccc(NC(=O)CCCOC(=O)c2ccc(Cc3ccc(-c4ccc(O*)cc4)cc3)cc2)cc1,15.0
*CCCCCCCCCCCCCCCCOC(=O)N/C=C(/C)C(=CC=CO*)CS(=O)[O-],-20.0
*CCCCCCCCCCCCCCCCOC(=O)NCC(CC)COCC(=O)O*,-35.0
*CCCCCCCCCCCCCCCCOC(=O)OCCCCCCCOC(=O)OC(=O)c1ccccc1C(=O)O*,-20.0
*CCCCCCCCCCCCCCCCOC(=O)c1cc(C(=O)O*)cc(C(F)(F)C(F)(F)C(F)(F)C(F)(F)C(F)(F)C(F)(F)C(F)(F)C(F)(F)C(F)(F)C(F)(F)C(F)(F)F)c1,5.0
*CCCCCCCCCCCCCCCCOC(=O)c1ccc(N(CC)C(=O)S*)cc1,-20.0
*CCCCCCCCCCCCCCCCOC(=O)c1ccc(NC(=O)CCCCC(=O)Nc2ccc(C(=O)NS*)cc2)cc1,45.0
*CCCCCCCCCCCCCCCCOC(=O)c1cccc(C(=O)NCCOC(=O)c2ccc(/N=N/c3ccc(O*)cc3)cc2)c1,45.0
*CCCCCCCCCCCCCCCCOc1ccc(-c2cc(C)c(O*)cc2Br)c(OC(C)=O)c1,15.0
*CCCCCCCCCCCCCCCCOc1ccc(/C=C/c2ccc(-c3ccc(OC(=O)CCCCCCCCCCCCCCOC(*)=O)cc3)cc2)cc1,55.0
*CCCCCCCCCCCCCCCCOc1ccc(/C=C/c2ccc(OCCCCc3ccc(O*)c(OC)c3)cc2)cc1,5.0
*CCCCCCCCCCCCCCCCOc1ccc(/C=C/c2cccc(O*)c2)cn1,10.0
*CCCCCCCCCCCCCCCCOc1ccc(/C=C2\CCC/C(=C\c3ccc(O*)c(OC)c3)C2=O)cc1OC,10.0
*CCCCCCCCCCCCCCCCOc1ccccc1NC(=O)CC(CC(C)(C)N)C(=O)NC(=O)CCCCC(=O)NCCCCCCCNC(=O)C(=O)N*,15.0
*CCCCCCCCCCCCCCCCS(=O)(=O)CCCC(*)=O,-30.0
*CCCCCCCCCCCCCCCCSCCCCCCNC(=O)CC(=O)N*,-30.0
*CCCCCCCCCCCCCCCNC(=O)CCCCC(=O)NCCCCCCCCNC(=O)CCCCCCCCCCC(=O)N*,45.0
*CCCCCCCCCCCCCCCNC(=O)CCCOC(=O)c1cc(C(=O)O*)ccc1C,-15.0
*CCCCCCCCCCCCCCCNC(=O)c1ccc(NC(=O)C(=O)N*)cc1,45.0
*CCCCCCCCCCCCCCCNC(=O)c1ccccc1C(=O)N*,35.0
*CCCCCCCCCCCCCCCOC(=O)Cc1ccc(Cc2ccc(C(=O)O*)cc2)cc1,-20.0
*CCCCCCCCCCCCCCCOC(=O)NCCCCCCC(=O)NCCCCCCO*,-30.0
*CCCCCCCCCCCCCCCOC(=O)c1ccc(OCC(O)COc2ccc(C(=O)OCCO*)cc2)cc1,5.0
*CCCCCCCCCCCCCCCOCCCCCCCCOCCO*,-60.0
*CCCCCCCCCCCCCCC[PH](*)(C)C,-60.0
*CCCCCCCCCCCCCCN(*)C(=O)CCCCCCCCCCCCCO,-40.0
*CCCCCCCCCCCCCCNC(=O)C(=O)N*,45.0
*CCCCCCCCCCCCCCNC(=O)CC(O)COc1ccc(/C=N/c2ccc(-c3ccc(/N=N/c4ccc(O*)cc4)cn3)cc2)cc1,65.0
*CCCCCCCCCCCCCCNC(=O)CCCCCCCCCCCC(=O)NCCCCCCCCCCCC(=O)NCC(=O)S*,15.0
*CCCCCCCCCCCCCCNC(=O)CCSCCCCCCCCCC*,-40.0
*CCCCCCCCCCCCCCNC(=O)c1cc(C(=O)N*)c(C)c(Br)c1C,90.0
*CCCCCCCCCCCCCCNC(=O)c1ccc(C(=O)N*)c(NC(=O)CCCCCCCCCCCCCC)c1,45.0
*CCCCCCCCCCCCCCNC(=O)c1ccc(C(=O)NCCCNC(=O)c2ccc(C(=O)N*)cc2C)cc1,90.0
*CCCCCCCCCCCCCCNC(=O)c1ccc(C(=S)N*)c(Oc2ccccc2)c1,45.0
*CCCCCCCCCCCCCCOC(=O)C(*)C,-55.0
*CCCCCCCCCCCCCCOC(=O)C(CCCCCC(=O)O*)c1ccc(-c2ccc(OCCCCCCCC)cc2)cc1,-25.0
*CCCCCCCCCCCCCCOC(=O)C/C(=C/C(=O)O*)OC(C)CC,-40.0
*CCCCCCCCCCCCCCOC(=O)C1CCC(C(=O)O*)C1C,-30.0
*CCCCCCCCCCCCCCOC(=O)C1CCC(CSC(=O)S*)CC1,-30.0
*CCCCCCCCCCCCCCOC(=O)CCCCCCC(=O)OCCCCCCOC(=O)c1ccc(C(=O)O*)cc1,-40.0
*CCCCCCCCCCCCCCOC(=O)CCCCCCCCCCC(=O)OCCCCOC(=O)c1ccc(-c2ccc(C(=O)O*)cc2C)cc1,-10.0
*CCCCCCCCCCCCCCOC(=O)CCCCCCCCCCCC(=O)N*,-40.0
*CCCCCCCCCCCCCCOC(=O)CCCCCCCCCCCCCCNC(=O)CCCCCC(=O)NCCCO*,-30.0
*CCCCCCCCCCCCCCOC(=O)CCCCCCSCCCCC(=O)O*,-55.0
*CCCCCCCCCCCCCCOC(=O)CCCS(=O)(=O)CCCc1ccccc1OC(=O)c1ccccc1C(=O)O*,-15.0
*CCCCCCCCCCCCCCOC(=O)CSCCSCC(=O)O*,-40.0
*CCCCCCCCCCCCCCOC(=O)NCCCCCCCNCC(=O)O*,-30.0
*CCCCCCCCCCCCCCOC(=O)NCCCCCCNCC(=O)O*,-20.0
*CCCCCCCCCCCCCCOC(=O)NCCCCCNC(=O)O*,-20.0
*CCCCCCCCCCCCCCOC(=O)Nc1cc(O)c(C)c(C)c1*,20.0
*CCCCCCCCCCCCCCOC(=O)OCCCCCCCCCCCCCCOC(=O)OCCCOC(=O)O*,-40.0
*CCCCCCCCCCCCCCOC(=O)c1cc(NC(=O)OCCOC(=O)O*)cc(C(C)(CC)CCCC)c1,-10.0
*CCCCCCCCCCCCCCOC(=O)c1ccc(C(=O)NNC(=O)c2cccc(C(=O)NCCCNC(=O)c3cccc(O*)c3)c2)cc1,45.0
*CCCCCCCCCCCCCCOC(=O)c1ccc(C(=O)Nc2ccc(C(=O)O*)cc2OCCCCCCCCCCCCCCCCOCCCCO)cc1,-10.0
*CCCCCCCCCCCCCCOC(=O)c1ccc(CC(=O)NCCCCCCCNC(=O)c2ccc(C(=O)O*)cc2)cc1,15.0
*CCCCCCCCCCCCCCOC(=O)c1ccc(NC(=O)CCC(C)CCC(=O)NC(=O)c2ccc(*)cc2)cc1,40.0
*CCCCCCCCCCCCCCOC(=O)c1ccc(NC(=O)CCCCCCCCCCC(=O)Nc2ccc(O*)cc2)cc1,45.0
*CCCCCCCCCCCCCCOC(=O)c1ccc(NCC(=O)NCCOC(=O)O*)cc1,-10.0
*CCCCCCCCCCCCCCOCCCCCCCCNC(=O)c1ccc(C(=O)N*)cc1,15.0
*CCCCCCCCCCCCCCOCCCCCCOC(=O)CC(CC(C)N)C(=O)O*,-40.0
*CCCCCCCCCCCCCCOCCCCCCOC(=O)CCCCCCCCC(=O)O*,-55.0
*CCCCCCCCCCCCCCOCOC(=O)NC1CCCN(CCCCCCCCCCCCNC(=O)O*)OC1,-20.0
*CCCCCCCCCCCCCCOc1ccc(C(=O)NCCCCc2ccc(CNC(=O)Cc3ccc(O*)cc3)cc2)cc1,15.0
*CCCCCCCCCCCCCCOc1ccc(C(=O)Nc2ccc(-c3ccc(NC(=O)c4ccc(O*)cc4)c(C)c3)c(C)c2)cc1C,90.0
*CCCCCCCCCCCCCCOc1ccc(C(=O)OC(=O)c2ccc(O*)c(C)c2)cc1Cl,15.0
*CCCCCCCCCCCCCCOc1ccc(C(=O)OC[Si](C)(C)c2ccc(O*)cc2)cc1,-10.0
*CCCCCCCCCCCCCCOc1ccc(CCc2ccc(O*)c(OC)c2)cc1OC,-20.0
*CCCCCCCCCCCCCCOc1ccc(S(=O)(=C(Cc2ccccc2)c2ccc(-c3ccc(O*)cc3)cc2)c2ccccc2)cc1,15.0
*CCCCCCCCCCCCCCSC(=O)CCCC(=O)N*,-40.0
*CCCCCCCCCCCCCCSC(=O)Nc1ccc(Cc2ccc(NCCC(=O)N*)cc2)cc1,10.0
*CCCCCCCCCCCCCCSSSC*,-60.0
*CCCCCCCCCCCCCC[N+](*)(C)CCC,-20.0
*CCCCCCCCCCCCCC[N+](*)(c1ccccc1)c1ccccc1,-20.0
*CCCCCCCCCCCCCC[Si](*)(C)c1ccccc1,-70.0
*CCCCCCCCCCCCCN(C)C(=O)CC(C)(C)C(=O)N*,-20.0
*CCCCCCCCCCCCCNC(=O)CCCCCCCCC(=O)NCCCCCCNC(=O)C(=O)N*,45.0
*CCCCCCCCCCCCCNC(=O)NCC1CCC(NC(=O)NCCCCCCNC(=O)O*)CC1,20.0
*CCCCCCCCCCCCCNC(=O)c1ccc(C(=O)NCCC(=O)Nc2ccc(C(=O)N*)cc2)cc1,90.0
*CCCCCCCCCCCCCNC(=O)c1cccc(C(=O)NCCCCCCNC(=O)CCCCC)c1-c1ccc(-c2ccc(C(=O)O*)cc2)cc1,45.0
*CCCCCCCCCCCCCNC(=O)c1cccc(C(=O)Nc2ccc(C(=O)NNC(=O)c3cccc(O*)c3)cc2)c1,120.0
*CCCCCCCCCCCCCOC(=O)CCCCC(=O)NCCCCCCCCCCCCCN1CCN(*)CC1,-20.0
*CCCCCCCCCCCCCOC(=O)CCCCCCCCC(=O)OCCCCCCOc1ccc(-c2ccc(C=*)cc2)cc1,-20.0
*CCCCCCCCCCCCCOC(=O)OCCCCOc1ccc(/C=C/C(=O)Oc2ccc(O*)cc2)cc1,15.0
*CCCCCCCCCCCCCOC(=O)c1ccc(/N=N/c2ccc(-c3ccc(C)cc3)cc2)cc1*,45.0
*CCCCCCCCCCCCCOC(=O)c1ccc(C(=O)O*)cc1-c1ccc(OC)cc1,15.0
*CCCCCCCCCCCCCOC(=O)c1ccc(NC(=O)CCC(=O)NCCC(=O)NCCCS*)cc1,15.0
*CCCCCCCCCCCCCOc1ccc(C(=O)C(=O)Nc2ccc(O*)c(OCCC(C)C)c2)cc1,15.0
*CCCCCCCCCCCCCSCCCCO*,-55.0
*CCCCCCCCCCCCC[N+](C)(C)c1ccc([Si](*)(C)CCC)cc1,-20.0
*CCCCCCCCCCCCC[N+](CCCC)CS*,-30.0
*CCCCCCCCCCCCC[N-]CCCCCCCCNC(=O)CCCCCCCCCCCCC(=O)N*,-30.0
*CCCCCCCCCCCCCc1ccc(-c2ccc(-c3ccc(*)s3)o2)s1,-20.0
*CCCCCCCCCCCCN(*)Cc1cccc(C#N)c1,15.0
*CCCCCCCCCCCCN(CC)C(=O)C(C=C)CC(=O)N*,-20.0
*CCCCCCCCCCCCNC(=O)C(C)OC(=O)CCCCCCC(=O)N*,-20.0
*CCCCCCCCCCCCNC(=O)C(Cc1ccccc1CC(=O)N*)c1ccc(-c2ccccc2)cc1,90.0
*CCCCCCCCCCCCNC(=O)CCCC(=O)NCCCCCCCCO*,15.0
*CCCCCCCCCCCCNC(=O)CCCCCCCCCCCCC(=O)NCCCCCCCCCCCCNC(=O)c1cccc(C(=O)N*)c1,60.0
*CCCCCCCCCCCCNC(=O)CCCNC(=O)SNC(=O)C(=O)O*,45.0
*CCCCCCCCCCCCNC(=O)CCc1ccc(C(=C=CCCCCCCNC(*)=O)c2ccc(/N=N/c3ccc([N+](=O)[O-])cc3)cc2)cc1,45.0
*CCCCCCCCCCCCNC(=O)CNC(=O)c1ccc(N*)cc1,90.0
*CCCCCCCCCCCCNC(=O)OCCOC(=O)Nc1ccc(Cc2ccc(N*)cc2)cc1,65.0
*CCCCCCCCCCCCNC(=O)c1cc(C(=O)N*)cc(C(=O)OCCCCCCCCCCCCCCCCCCCCC(=O)O)c1,15.0
*CCCCCCCCCCCCNC(=O)c1ccc(C(=O)NC(C)=C(*)C#N)cc1,90.0
*CCCCCCCCCCCCNC(=O)c1ccc(C(=O)NCCCNC(=O)O*)cc1,60.0
*CCCCCCCCCCCCNC(=O)c1ccc(COC(=O)c2ccc(C(=O)/C=C/C(=O)N*)cc2)cc1,45.0
*CCCCCCCCCCCCNCC(=O)NCCOCCNC(=O)NCCC(C)CCNC(=O)C(*)=S,15.0
*CCCCCCCCCCCCOC(=O)C(C)(C)CCC(=O)O*,-40.0
*CCCCCCCCCCCCOC(=O)C(CC)SC(=O)S*,-40.0
*CCCCCCCCCCCCOC(=O)C(CCCCCCCCOc1ccc(/N=N/c2ccc(O*)cc2)cc1)c1ccc(OC)cc1,-10.0
*CCCCCCCCCCCCOC(=O)CC(CCCCCCNC(=O)O*)c1ccc(C)cc1,-25.0
*CCCCCCCCCCCCOC(=O)CCCCCCCCC(=O)OCC[Si](C)(C)COC(=O)O*,-40.0
*CCCCCCCCCCCCOC(=O)CCCCCCCCCCC(=O)OCCOC(=O)CCCCCCCCC(=O)O*,-55.0
*CCCCCCCCCCCCOC(=O)CCCCCCCCOC(=O)CCCCC(=O)Oc1ccc(*)cc1,-20.0
*CCCCCCCCCCCCOC(=O)CSC(=O)NCCSCCS(=O)(=O)CCCCC(=O)O*,-20.0
*CCCCCCCCCCCCOC(=O)NC(=O)CCCCC(=O)NCCCCCCCNC(=O)C(CC=C)CCC(=O)O*,-30.0
*CCCCCCCCCCCCOC(=O)NC(=O)c1ccc(/C=C/c2ccc(C(=O)S*)cc2)cc1,45.0
*CCCCCCCCCCCCOC(=O)NCCCCCNC(=O)OCCCCCOC(=O)O*,-20.0
*CCCCCCCCCCCCOC(=O)NCCCSCCCCCCCCNC(=O)NCC(=O)O*,-20.0
*CCCCCCCCCCCCOC(=O)NCCSCCCCCNC(=O)OCCCCCOC(=O)O*,-30.0
*CCCCCCCCCCCCOC(=O)Nc1ccc(Cc2ccc(NC(=O)CCCCCCC(=O)Nc3ccc(*)cc3)cc2)cc1,45.0
*CCCCCCCCCCCCOC(=O)Nc1ccc(Cc2ccc(NC(=O)Nc3ccccc3C(=O)O*)cc2)cc1,65.0
*CCCCCCCCCCCCOC(=O)Nc1ccc(Oc2ccc(NC(=O)O*)cc2)cc1,45.0
*CCCCCCCCCCCCOC(=O)O*,-30.0
*CCCCCCCCCCCCOC(=O)OCCCCCCOC(=O)OCCCC[Si](Oc1ccc(OCCCCC)cc1)S*,-40.0
*CCCCCCCCCCCCOC(=O)c1cc(OCCCCCCCCCC(C)CC)ccc1OCC(=O)O*,-20.0
*CCCCCCCCCCCCOC(=O)c1cc(OCCCCCCCCCC)c(/C=C/c2ccc(C(=O)O*)cc2)cc1C(=O)OCCCCCCCC,-20.0
*CCCCCCCCCCCCOC(=O)c1ccc(C(=O)NCCCCCCCCCNC(=O)c2ccc(C(=O)O*)cc2)cc1,35.0
*CCCCCCCCCCCCOC(=O)c1ccc(C(=O)NCCCCCCCCNC(=O)c2ccc(C(=O)O*)cc2)cc1,35.0
*CCCCCCCCCCCCOC(=O)c1ccc(C(=O)NCCCCCCNC(=O)c2ccc(C=*)cc2)cc1,45.0
*CCCCCCCCCCCCOC(=O)c1ccc(NC(=O)CCC(=O)NC(=O)c2ccc(/N=N/c3ccc(O*)c(CCCC)c3)cc2)cc1,65.0
*CCCCCCCCCCCCOC(=O)c1ccc(NC(=O)CCCCCCCCCCCCCCC(=O)Nc2cccc(C(=O)OC(=O)c3cccc(S(*)(=O)=O)c3)c2)cc1,45.0
*CCCCCCCCCCCCOC(=O)c1ccc(OCCCCCCCCCCCCOc2ccc(C(=O)c3ccc(O*)c(OCCCCCCCC)c3)cc2)c(OC)c1,-20.0
*CCCCCCCCCCCCOC(=O)c1cccc(C(=O)NCCCCCCNC(=O)NCC(C)COC(=O)c2ccc(O*)c(C)c2)c1,45.0
*CCCCCCCCCCCCOCC(=O)N*,-40.0
*CCCCCCCCCCCCOCCCCCOC(=O)NC1CCCCNC(=O)C(*)C1,15.0
*CCCCCCCCCCCCOc1ccc(-c2cc(C(=O)OC(C)CC)cc([N+](=O)O)c2)c(*)c1,15.0
*CCCCCCCCCCCCOc1ccc(-c2ccc(O*)cc2Oc2ccc(OCCCc3ccc(OC)c(OC)c3)cc2CCCCCC)cc1,5.0
*CCCCCCCCCCCCOc1ccc(/C(=C/c2ccc(O*)cc2)c2ccccc2)cc1,40.0
*CCCCCCCCCCCCOc1ccc(/C=C/c2ccc(OC(=O)CCCCCCCCCCCCC(=O)OCCCS(=O)(=O)COc3ccc(*)cc3)cc2)cc1,-20.0
*CCCCCCCCCCCCOc1ccc(/C=C2\CCC/C(=C/c3ccc(O*)cc3)C2=O)cc1,15.0
*CCCCCCCCCCCCOc1ccc(C(=O)NCCNC(=O)CCCc2ccc(C(=O)O*)cc2)cc1,45.0
*CCCCCCCCCCCCOc1ccc(C(=O)NNC(=O)c2ccc(*)cc2C(=O)O)cc1,90.0
*CCCCCCCCCCCCOc1ccc(C(=O)Nc2ccc(OCCOCCOC(=O)c3ccc(O*)c(C(C)(C)C)c3)cc2)cc1,45.0
*CCCCCCCCCCCCOc1ccc(C(=O)OCCCCCCCCCOc2ccc(O*)cc2)cc1,-20.0
*CCCCCCCCCCCCOc1ccc(C(=O)Oc2ccc(-c3ccc(O*)cc3C)cc2)cc1,45.0
*CCCCCCCCCCCCOc1ccc(C(=O)c2ccc(C(=O)Nc3ccc(O*)cc3OCC)cc2)cc1,65.0
*CCCCCCCCCCCCOc1ccc(C(=O)c2ccc(Oc3ccc(/C=C/c4ccc(O*)cc4)cc3)cc2)cc1,15.0
*CCCCCCCCCCCCOc1ccc(CC(=O)NCCCCCCCCNC(=O)c2ccc(O*)cc2)cc1,15.0
*CCCCCCCCCCCCOc1ccc(NC(=O)c2ccc(C(=O)c3cccc(C(=O)Nc4ccc(O*)cc4)c3)cc2)cc1,90.0
*CCCCCCCCCCCCOc1cccc(NC(=O)/C=C/C(=O)Nc2ccc(O*)cc2O)c1,65.0
*CCCCCCCCCCCCOc1nc(*)cc(Cl)c1F,-20.0
*CCCCCCCCCCCCS(=O)(=O)C(=O)N*,-20.0
*CCCCCCCCCCCCS(=O)(=O)CCCCC(=O)N*,-20.0
*CCCCCCCCCCCCS(=O)(=O)CCCS(=O)(=O)CCC(=O)N*,45.0
*CCCCCCCCCCCCSC(=O)C(Cc1ccccc1)C(=O)NC(Cc1ccccc1)NNC(=O)CCc1ccc(C(=O)NNC(=*)C)cc1,45.0
*CCCCCCCCCCCCSC(=O)NCCCCCCCCCCCNC(=O)O*,-30.0
*CCCCCCCCCCCCSC*,-50.0
*CCCCCCCCCCCCSCCCSC(=O)CCCCCCCCC(=O)O*,-50.0
*CCCCCCCCCCCCSCCc1ccc(*)c(C(C)C)c1,-20.0
*CCCCCCCCCCCCSNC(=O)c1ccc(C(=O)N*)cc1,40.0
*CCCCCCCCCCCC[PH](C)(C)COC(=O)CCCCCCCCCCCCCCC(=O)O*,-50.0
*CCCCCCCCCCCC[Si](*)(C)CCC,-120.0
*CCCCCCCCCCCC[Si](*)(c1ccccc1)c1ccc(C)cc1,-50.0
*CCCCCCCCCCCC[Si](C)(C)CCC(*)COC(C)C,-60.0
*CCCCCCCCCCCCc1ccc(-c2cc(CCNC(=O)CCCCC(=O)N*)ccc2C)cc1OCCc1ccccc1,15.0
*CCCCCCCCCCCCn1[pH]c(=O)c2cc3c(cc2c1=O)C(=O)N(*)C3=O,120.0
*CCCCCCCCCCCNC(=O)CC(C)S*,-30.0
*CCCCCCCCCCCNC(=O)CCCCCCCC(=O)NCCCO*,15.0
*CCCCCCCCCCCNC(=O)CCCCCCCCCCC(=O)NCCCNC(=O)C1CCC(*)CC1,45.0
*CCCCCCCCCCCNC(=O)CCCCCCCCCCCCCCCC(=O)NCCCCCCCNC(=O)C(=O)N*,45.0
*CCCCCCCCCCCNC(=O)CCCCCCCCCCCCCCCCCCCCCCCCCCCCCCCCCCC(=O)N*,45.0
*CCCCCCCCCCCNC(=O)CCCCCCCSC(=S)C(=O)N*,-20.0
*CCCCCCCCCCCNC(=O)CCCCS*,-40.0
*CCCCCCCCCCCNC(=O)CSC(=O)N(*)C,-20.0
*CCCCCCCCCCCNC(=O)NCCSCCCCCCSCC(=O)N*,-30.0
*CCCCCCCCCCCNC(=O)O*,-20.0
*CCCCCCCCCCCNC(=O)c1ccc(C(=O)NCCCCNC(=O)c2ccc(C(=O)N*)cc2)cc1,90.0
*CCCCCCCCCCCOC(=O)C/C=C(/*)CCCCCCCC,-60.0
*CCCCCCCCCCCOC(=O)CCCCCCCC(=O)NCCc1ccc(COC(=O)CCCCC(=O)O*)cc1,-20.0
*CCCCCCCCCCCOC(=O)CCCCCCCCCCCCCCCC(=O)N*,-30.0
*CCCCCCCCCCCOC(=O)SN(*)CCCCCCCCCC,-45.0
*CCCCCCCCCCCOC(=O)c1ccc(-c2ccc(-c3ccc(C(=O)O*)cc3)cc2)cc1,55.0
*CCCCCCCCCCCOC(=O)c1ccc(C(=O)Nc2ccc(O*)cc2)cc1,55.0
*CCCCCCCCCCCOC(=O)c1ccc(NC(=O)CCCCCC(=O)Nc2ccc(C(=O)O*)cc2)cc1,45.0
*CCCCCCCCCCCOc1ccc(/C=C/c2ccc(O*)c(Cl)c2)cc1,40.0
*CCCCCCCCCCCOc1ccc(C(=O)Nc2ccc(S(=O)(=O)c3ccc(O*)cc3)cc2)cc1,45.0
*CCCCCCCCCCCOc1ccc(NC(=O)CCCCC(=O)Oc2ccc(C(=O)O*)cc2)cc1,45.0
*CCCCCCCCCCCP(C)(=O)CCC(=O)N*,-30.0
*CCCCCCCCCCCSCCCS*,-60.0
*CCCCCCCCCCCSSSCCSS*,-60.0
*CCCCCCCCCCC[N+](C)(C)CCCCCS*,-30.0
*CCCCCCCCCCC[PH](*)(c1ccccc1)c1ccc(/N=N/c2ccc([N+](=O)[O-])cc2)cc1C(=O)O,55.0
*CCCCCCCCCCN(*)C(=O)CCCCCC,-40.0
*CCCCCCCCCCN(C(=O)CCCCCC(=O)NCCCCCCOC(=O)C(*)=O)c1ccc([N+](=O)[O-])cc1,15.0
*CCCCCCCCCCN(CC)c1ccc([Si](*)(C)CCCC)cc1,-30.0
*CCCCCCCCCCNC(=O)C(C)C(=O)N*,45.0
*CCCCCCCCCCNC(=O)C(C=CC=C)CC(CCCCCC)C(=O)N*,-20.0
*CCCCCCCCCCNC(=O)C(CCCCCCCCCCCN)C(=O)N*,40.0
*CCCCCCCCCCNC(=O)CCC(=O)NC1CCN(CC(*)=O)C1O,45.0
*CCCCCCCCCCNC(=O)CCCC(=O)NCCCCCNC(=O)C(=O)N*,45.0
*CCCCCCCCCCNC(=O)CCCCCC(=O)NCCCCCNC(=O)/C=C/C(=O)N*,45.0
*CCCCCCCCCCNC(=O)CCCCCCC(=O)NCCCCCCNC(=O)CCCCOC(=O)N*,40.0
*CCCCCCCCCCNC(=O)CCCCCCCCCC(=O)NCCCCCCNC(=O)CCCCCCCCCCCCC(=O)N*,45.0
*CCCCCCCCCCNC(=O)CCCCCCCCCCCCC(=O)NCCCCCS*,15.0
*CCCCCCCCCCNC(=O)CCCCCCCCCCCCCC[SH](*)(=O)O,-40.0
*CCCCCCCCCCNC(=O)CCCCCCCSCCCCCCC(=O)N*,-30.0
*CCCCCCCCCCNC(=O)CCCCCCSCCCCCCC(=O)S*,-40.0
*CCCCCCCCCCNC(=O)CCCCCc1ccc(CSNC(=O)CCCCS(*)(=O)=O)cc1,15.0
*CCCCCCCCCCNC(=O)CCSCCCCCCCCCC(=O)NCCCCSCCCNC(*)=O,-20.0
*CCCCCCCCCCNC(=O)Cc1ccc(C(=O)O*)cc1,45.0
*CCCCCCCCCCNC(=O)OCCCCCCCOC(=O)OCCCCCCCCOC(=O)CCCOC(=O)c1ccc(C(=O)O*)cc1,-20.0
*CCCCCCCCCCNC(=O)SCCCCCCCCC(=O)N*,-20.0
*CCCCCCCCCCNC(=O)c1ccc(-n2on2-c2ccc([Si](C)(C)c3ccc(*)s3)o2)cc1,45.0
*CCCCCCCCCCNC(=O)c1ccc(C(=O)Nc2ccc(CSC(=O)c3ccccc3C(=O)O*)cc2)cc1,90.0
*CCCCCCCCCCNC(=O)c1ccc(CC(=O)N*)c(S(=O)(=O)c2ccc(S(=O)(=O)c3ccccc3)cc2)c1,90.0
*CCCCCCCCCCNC(=O)c1ccc(NC(=O)CCCC(=O)Nc2ccc(C(=O)NNC(=O)c3ccc(C(=O)N(*)C(F)(F)C(F)(F)C(F)(F)C(F)(F)C(F)(F)C(F)(F)F)cc3)cc2)cc1,120.0
*CCCCCCCCCCNC(=O)c1cccc(C(=O)NCCCCCCNC(=O)c2ccc(C(=O)O*)cc2)c1,55.0
*CCCCCCCCCCOC(=O)/C(=C\c1ccc(C#N)cc1)C(=O)NCCCOC(=O)c1ccc(C(=O)O*)cc1,15.0
*CCCCCCCCCCOC(=O)C(CCCCCCCC*)C(=O)OCCCCCCC,-55.0
*CCCCCCCCCCOC(=O)C(CCCCCCCCCCc1ccccc1)C(=O)O*,-45.0
*CCCCCCCCCCOC(=O)C(CCCCCCCCOc1ccc(-c2ccc([N+](=O)[O-])cc2)cc1)O*,-15.0
*CCCCCCCCCCOC(=O)C(CCCCCCCCOc1ccc(C(C)(C)C)cc1)C(C)COC(=O)OCCN(*)CC,-25.0
*CCCCCCCCCCOC(=O)C1CCCC(CCSCCC(=O)O*)C1,-35.0
*CCCCCCCCCCOC(=O)CCCCCCC(=O)Oc1ccc(-c2ccc(O*)c(C)c2)cc1C,5.0
*CCCCCCCCCCOC(=O)CCCCCCCCC(=O)OCCCCOC(=O)C1CCC(OC(=O)O*)CC1,-30.0
*CCCCCCCCCCOC(=O)CCCCCCCCCCCCCCC(=O)CCCCC(=O)O*,-50.0
*CCCCCCCCCCOC(=O)CCCCCCCCCCCCCCCCC(=O)OCC(COC(=O)C(C)=O)CC(=O)O*,-40.0
*CCCCCCCCCCOC(=O)CCNC(=O)c1ccc(C(=O)O*)cc1,15.0
*CCCCCCCCCCOC(=O)CCc1cc(C)c(CCC(=O)O*)cc1CCCCCCCCCCCC,-30.0
*CCCCCCCCCCOC(=O)CCc1ccc(CC(=O)N*)c(OCCCCCCCC)c1,-30.0
*CCCCCCCCCCOC(=O)COCC(=O)OCCCCCCOc1ccc(C(=O)OC(=O)c2ccc(O*)cc2)cc1,-20.0
*CCCCCCCCCCOC(=O)NC(=O)c1ccc(NC(=O)CCCCOC(=O)N(C)CC)cc1C(=O)O*,45.0
*CCCCCCCCCCOC(=O)NC1CCCC(CNC(=O)O*)CC1,-10.0
*CCCCCCCCCCOC(=O)NCC(C)(C)C(=O)O*,-20.0
*CCCCCCCCCCOC(=O)NCC(F)(F)C(F)(F)CC(F)(F)C(F)(F)C(F)(F)C(*)=O,15.0
*CCCCCCCCCCOC(=O)NCCSCC(=O)O*,-30.0
*CCCCCCCCCCOC(=O)Nc1ccc(Cc2ccc(NC(=O)OCCN(CC)c3ccc(C(=O)O*)cc3)cc2)cc1,45.0
*CCCCCCCCCCOC(=O)OCC(CC)S(=O)(=O)CCCCCCS(=O)(=O)CCCO*,-20.0
*CCCCCCCCCCOC(=O)OCCCCCCCCOC(=O)OCCCCCCOc1ccc(/C=N/c2ccc(/C=N/c3ccc(O*)cc3)cc2)cc1,15.0
*CCCCCCCCCCOC(=O)OCCCCCCOC(=O)OCC(COc1ccc(C(=O)O)c2ccccc12)C(=O)O*,25.0
*CCCCCCCCCCOC(=O)OCCCCCCOC(=O)Oc1ccc(C(=O)OC(=O)c2ccc(O*)cc2)cc1,30.0
*CCCCCCCCCCOC(=O)SNS(=O)(=O)CCS(=O)(=O)CC(=O)O*,15.0
*CCCCCCCCCCOC(=O)c1cc(-c2ccc(C(=O)N*)cc2)ccc1C(=O)OC,65.0
*CCCCCCCCCCOC(=O)c1ccc(C(=O)NC(=O)CCCCC(=O)NCCc2ccc(*)cc2)cc1,45.0
*CCCCCCCCCCOC(=O)c1ccc(C(=O)NCCCCCCCCNC(=O)c2ccc(-c3ccc(-c4ccc(O*)cc4)s3)cc2)cc1,45.0
*CCCCCCCCCCOC(=O)c1ccc(C(=O)NCCCOC(=O)c2ccc(C(=O)O*)cc2)cc1,45.0
*CCCCCCCCCCOC(=O)c1ccc(C(=O)NCCCSCCO*)cc1,-10.0
*CCCCCCCCCCOC(=O)c1ccc(C(=O)SC(=O)S*)cc1,-20.0
*CCCCCCCCCCOC(=O)c1ccc(CC(=O)OCCOc2ccc(O*)cc2)cc1,-10.0
*CCCCCCCCCCOC(=O)c1ccc(NC(=O)O*)c(C)c1,15.0
*CCCCCCCCCCOC(=O)c1ccc(NC(=O)c2ccc(C(C)(C)c3ccc(C(=O)O*)cc3)cc2)cc1,65.0
*CCCCCCCCCCOC(=O)c1cccc(C(=O)NCCCCCCNNC(=O)c2ccc(C(=O)O*)cc2)c1,45.0
*CCCCCCCCCCOCCCCCOC(=O)c1ccc(C(=O)O*)cc1C(=O)OCCCCCCCCCCCC,-35.0
*CCCCCCCCCCOCCCCOC(=O)CCC(=O)O*,-55.0
*CCCCCCCCCCOCCCCOCCCCOCCCCCO*,-55.0
*CCCCCCCCCCOc1ccc(-c2ccc(Oc3ccc(S(=O)(=O)c4ccc(O*)cc4)cc3)c(C)c2)cc1,45.0
*CCCCCCCCCCOc1ccc(/C=C/C(=O)Nc2ccc(S(*)(=O)=O)cc2)cc1,45.0
*CCCCCCCCCCOc1ccc(/C=C/c2ccc(OCc3ccc(/C=C/c4ccc(O*)c(OC)c4)cc3C)cc2)cc1,45.0
*CCCCCCCCCCOc1ccc(/C=N/c2ccc(O*)cc2)cc1,25.0
*CCCCCCCCCCOc1ccc(/N=C/c2ccc(OCCCCCOP(=O)(O*)OCCCC)cc2)cc1,-10.0
*CCCCCCCCCCOc1ccc(C#Cc2cc(OCCCCCCCCC)c(C(=O)O)c(*)c2OCCCCCCCCCC)cc1OC,-10.0
*CCCCCCCCCCOc1ccc(C(=O)N(Cc2ccccc2)c2ccc(N(*)CC)cc2)cc1,45.0
*CCCCCCCCCCOc1ccc(C(=O)NC(=O)/C=C/c2ccc(CCCCCCCCCCCCCCC(=O)O*)cc2)cc1,-20.0
*CCCCCCCCCCOc1ccc(C(=O)NCCSCCCCCCNC(=O)c2ccc(O*)cc2)cc1,15.0
*CCCCCCCCCCOc1ccc(C(=O)NNC(=O)c2ccc(-c3ccc(C(=O)O*)cc3)cc2)cc1,65.0
*CCCCCCCCCCOc1ccc(C(=O)OC(=O)c2ccc(OCC(C(=O)O*)c3ccc(OCC)cc3)cc2)cc1,10.0
*CCCCCCCCCCOc1ccc(C(=O)OC)cc1OC(=O)c1ccccc1C(=O)O*,15.0
*CCCCCCCCCCOc1ccc(C(=O)c2ccc(OCCCCC(=O)Oc3cc(C)c(O*)cc3OC)cc2)cc1OC,-10.0
*CCCCCCCCCCOc1ccc(CCCCCCCCCCCCCCCCCCCCCCCCCCCCC(=O)Oc2ccc(/N=N/c3ccc(O*)cc3)cc2)cc1,-20.0
*CCCCCCCCCCOc1ccc(CCN(C)C(=O)CCCCCCCCOC(=O)c2ccc(O*)cc2)cc1,-20.0
*CCCCCCCCCCOc1ccc(OCCCCCCOc2ccc(/C=N/c3ccc([N+](=O)[O-])cc3)cc2)cc1C(=O)O*,45.0
*CCCCCCCCCCOc1ccc([N+](=O)[O-])cc1OC(=O)c1ccc(NC(=O)CCCOC(=O)c2cccc(O*)c2)cc1,45.0
*CCCCCCCCCCS(=O)(=O)CCc1ccc(SCCCCCCCO)c(*)c1O,-15.0
*CCCCCCCCCCSC(=O)CCCC(=O)N*,-40.0
*CCCCCCCCCCSC(=O)c1ccc(C(=O)NCCc2ccc(C*)cc2)cc1,25.0
*CCCCCCCCCCSCCOC(=O)NCc1ccc(CNC(=O)N*)cc1,15.0
*CCCCCCCCCCSCSCCCCNC(=O)CCCCCCCCCCC(=O)N(*)C,-30.0
*CCCCCCCCCCSSC(=O)NCC(CCSCCCCCCCCCCCCCC)C(=O)O*,-50.0
*CCCCCCCCCCSSC(=O)NCCCCCCNCCC(=O)O*,-30.0
*CCCCCCCCCCSSCOC(=O)SS*,-40.0
*CCCCCCCCCC[N+](C)(C)CCCCCCCCC(=O)NCCCCCOCCO*,-30.0
*CCCCCCCCCC[N+](C)(C)CCCCSC(=O)NCCCCCCNC(=O)O*,-20.0
*CCCCCCCCCC[Si](*)(C)CCCC,-120.0
*CCCCCCCCCC[Si](*)(C)c1ccc(OC)cc1,-50.0
*CCCCCCCCCCc1cc(C=*)ccc1C,-30.0
*CCCCCCCCCCc1cc(CCCCCCCCCCCC)c(*)cc1O,-40.0
*CCCCCCCCCN(*)C(=O)c1cc(OCCCCCCCC)ccc1[N+](=O)[O-],-20.0
*CCCCCCCCCN(*)C(=O)c1ccccc1,10.0
*CCCCCCCCCN(C#CC)CCCCCCCCCCCCCCCCCCC(=O)N(*)CC,-30.0
*CCCCCCCCCNC(=O)C(CCCC)COC(=O)NCCCCCCCCCSCCNC(=O)O*,-25.0
*CCCCCCCCCNC(=O)C(Cc1ccccc1)C(=*)CCCCCCOC(=O)CCCCC(=O)OC,-30.0
*CCCCCCCCCNC(=O)C(Cc1ccccc1)C(=O)O*,45.0
*CCCCCCCCCNC(=O)C(Nc1ccc(C)cc1)C(=O)NCCCCCCCCCNC(=O)C(=O)N*,65.0
*CCCCCCCCCNC(=O)CC/C=C/CC(=O)N*,30.0
*CCCCCCCCCNC(=O)CCC(CC)CCCCC(=O)N*,15.0
*CCCCCCCCCNC(=O)CCCCCCC(=O)NNC(=O)CCSCCCS*,-30.0
*CCCCCCCCCNC(=O)CCCCCCCC(=O)NC(CCCCCC)C(=O)N*,45.0
*CCCCCCCCCNC(=O)CCCCCCCC(=O)NCCCCNC(=O)C(=O)N*,45.0
*CCCCCCCCCNC(=O)CCCCCCCCCCC(=O)NNC(=O)CCCC(=O)N*,45.0
*CCCCCCCCCNC(=O)CCCCCCCCCCCC(=O)NCCC(=O)N*,45.0
*CCCCCCCCCNC(=O)CCCCCCCCCCCCCCCCCCCC(=O)NCCCCCCNC(=O)CCCCCNC(=O)C(=O)N*,15.0
*CCCCCCCCCNC(=O)CCCCCCCCCCCCCCCCCSCCCCCCCCCCCCCCCCC(=O)N*,-25.0
*CCCCCCCCCNC(=O)OCC(Cl)(C*)CCCCCC#N,-20.0
*CCCCCCCCCNC(=O)SC(=O)N*,15.0
*CCCCCCCCCNC(=O)c1cc(C(=O)NCCNC(=O)c2ccc(O*)cc2)ccc1C,120.0
*CCCCCCCCCNC(=O)c1cccc(NC(=O)CCCCCCCCC(=O)O*)c1,45.0
*CCCCCCCCCNC(=S)CC/C=C/CCC(*)=O,-30.0
*CCCCCCCCCNC(=S)c1ccc(*)nn1,25.0
*CCCCCCCCCOC(=O)C(CCCC)CC(=O)O*,-55.0
*CCCCCCCCCOC(=O)CCCCC(=O)OCCCCCCOC(=O)c1cccc(C(=O)O*)c1,-30.0
*CCCCCCCCCOC(=O)CCCCCCC(=O)OC(=O)c1ccc2cc(N(C)CC)c(OC(C)=O)ccc3n(c(=O)c2c1)C3*,45.0
*CCCCCCCCCOC(=O)CCCCCCC(=O)OCCC[N+](*)(C)C,-20.0
*CCCCCCCCCOC(=O)CCCCCCCCCCC(*)=O,-50.0
*CCCCCCCCCOC(=O)CCCCCCCCCCCCCC(=O)OCC(C)(C)C(=O)N*,-25.0
*CCCCCCCCCOC(=O)CCCCCNC(=O)CCCCCCCCCCCCCCC(=O)NCCCCCC(=O)O*,-30.0
*CCCCCCCCCOC(=O)CCCOC(=O)CCCCSCCSCCCS*,-45.0
*CCCCCCCCCOC(=O)CCOC(=O)CCCCCCCCCCS(*)=O,-40.0
*CCCCCCCCCOC(=O)CSCCCCNC(=O)CCCCCCCCS*,-40.0
*CCCCCCCCCOC(=O)OCCCCCCCCCCC(=O)OCCCCCCOC(=O)c1ccc(C(=O)O*)cc1,-30.0
*CCCCCCCCCOC(=O)OCCOC(=O)OCCCCCOc1ccc(C(=O)Oc2ccc(O*)cc2)cc1,15.0
*CCCCCCCCCOC(=O)OCSSCCCCCCOCCOC(=O)O*,-35.0
*CCCCCCCCCOC(=O)SNC(=O)CCCCO*,-30.0
*CCCCCCCCCOC(=O)c1ccc(-c2ccc(C(=O)OCCN(CCOCCOCCOCCOC)c3ccc(/C=C/c4ccc(O*)cc4)cc3)cc2)cc1,15.0
*CCCCCCCCCOC(=O)c1ccc(C(=O)NCCCCCCCCCCNC(=O)c2ccc(C(=O)CCCCCCS*)cc2)cc1,15.0
*CCCCCCCCCOC(=O)c1ccc(NC(=O)CCCCCCCCC(=O)NCCCCCCCCCCNC(=O)c2ccc(C(=O)O*)cc2)cc1,45.0
*CCCCCCCCCOC(=O)c1ccc(NC(=O)O*)cc1,40.0
*CCCCCCCCCOC(=O)c1ccc(OC(=O)CCCCCCCC(=O)O*)cc1,-30.0
*CCCCCCCCCOC(=O)c1cccc(C(=O)NCCCCCCNC(=O)c2ccc(S(=O)(=O)c3ccc(O*)cc3)cc2)c1,45.0
*CCCCCCCCCOC(=O)c1cccc(NC(=O)O*)c1,20.0
*CCCCCCCCCOC(=O)c1cccc(NC(=O)c2cccc(C(=O)NCCCCCCCCC(=O)O*)c2)c1,55.0
*CCCCCCCCCOC(=S)C(O*)OC(C)=O,-30.0
*CCCCCCCCCOCCCCOCCCCOC(=O)c1ccc(C(=O)O*)cc1,-30.0
*CCCCCCCCCOc1ccc(/C=N/c2ccc(/C=C/c3ccc(O*)cn3)cc2)cc1,65.0
*CCCCCCCCCOc1ccc(/C=N/c2ccc(C(=O)c3ccc(O*)c(OC)c3)cc2)cc1,45.0
*CCCCCCCCCOc1ccc(C(=O)/C=C/C(=S)c2ccc(O*)c(C)c2)cc1C,5.0
*CCCCCCCCCOc1ccc(C(=O)OCCCCCCNC(=O)c2ccc(O*)cc2)cc1,-10.0
*CCCCCCCCCOc1ccc(C(=O)Oc2ccc(-c3ccc(O*)c(C)c3)cc2OC)cc1Br,45.0
*CCCCCCCCCOc1ccc(C(=O)Oc2ccc(OC(=O)c3ccc(O*)cc3)cc2)cc1,65.0
*CCCCCCCCCP(=O)(/C=C/c1ccc(C(C)(C)c2ccc(C)cc2)cc1)Cc1ccc(Cc2ccc(C(C)CCC(=O)O*)cc2)cc1,15.0
*CCCCCCCCCP(CCCCC)CS*,-60.0
*CCCCCCCCCS(=O)(=O)SS*,-30.0
*CCCCCCCCCS(=O)(=O)c1c(C)cc(-c2cc(OCCOC)c(C(=O)NCCCCCCCCCCCCNC(=O)c3ccc(*)cc3)cc2C)cc1C,45.0
*CCCCCCCCCSC(=O)C(CCCCCCCC)C(=O)N*,-40.0
*CCCCCCCCCSC(=O)NNC(=O)NCc1ccc(NC(=O)O*)c(C)c1,45.0
*CCCCCCCCCSCCCCSCCO*,-50.0
*CCCCCCCCCSSCCCCCCCCSS*,-60.0
*CCCCCCCCCSSSSSCCCSSCS*,-60.0
*CCCCCCCCC[N+](*)(C)CC#N,25.0
*CCCCCCCCC[N+](*)(C)CCC,-30.0
*CCCCCCCCC[N+](C)(C)c1ccc([N+](=O)[O-])cc1C(=O)O*,45.0
*CCCCCCCCC[N+](C)(CC*)CCCCC,-40.0
*CCCCCCCCCc1ccc(N*)cc1,-20.0
*CCCCCCCCN(C)c1ccc(*)cc1,-20.0
*CCCCCCCCN(CC)C(=O)CCCCCCCCCCCCCCC(=O)N(*)CCC,-40.0
*CCCCCCCCN1C(=O)c2ccc(C(=O)Nc3ccc(C=*)cc3)cc2C1=O,150.0
*CCCCCCCCNC(=O)C(CC)C(=O)N*,45.0
*CCCCCCCCNC(=O)C(CCCCCCCCCCSSC(=O)NCCCCCCCCSCCNC(=O)S*)c1ccccc1,-20.0
*CCCCCCCCNC(=O)C(CCCNC(=O)OC)C(*)=O,45.0
*CCCCCCCCNC(=O)C(CCNC(=O)O*)c1ccccc1,40.0
*CCCCCCCCNC(=O)CCCCC(=O)NC(Cc1ccccc1)C(=O)NCCCNC(=O)C(=O)Nc1cnc(*)s1,65.0
*CCCCCCCCNC(=O)CCCCC(=O)NCCCCCCCCCCNC(=O)CCCCCNC(=O)CCCCC(=O)N*,45.0
*CCCCCCCCNC(=O)CCCCCC(=O)NCCCCCO*,40.0
*CCCCCCCCNC(=O)CCCCCCC(=O)NCCCCCCNC(=O)CCCO*,30.0
*CCCCCCCCNC(=O)CCCCCCCCCCCCCCC(=O)NC(=O)CCCCC(=O)N*,45.0
*CCCCCCCCNC(=O)CCCCCSCCCCCCCC(=O)N*,-20.0
*CCCCCCCCNC(=O)CCCSCCCCCCCCCCCCC(=O)N*,-30.0
*CCCCCCCCNC(=O)CCNC(=O)CCCCCCCCC(=O)NCCC(=O)N*,40.0
*CCCCCCCCNC(=O)CCOCC(=O)N*,-20.0
*CCCCCCCCNC(=O)CCSCCCCC(=O)NCCCCCNC(=O)C(=O)N*,45.0
*CCCCCCCCNC(=O)CCc1ccc(CCCC(=O)N*)cc1,45.0
*CCCCCCCCNC(=O)CSCCCCC(=O)N*,-30.0
*CCCCCCCCNC(=O)NCCCCCCNC(=O)NCCCCCCNC(=O)N*,50.0
*CCCCCCCCNC(=O)NCCCCCNC(=O)NCCC(=O)N*,45.0
*CCCCCCCCNC(=O)c1cc(NC(=O)CC(C)NC(=O)c2ccc(C(=O)N*)cc2)ccc1N,130.0
*CCCCCCCCNC(=S)C(Cc1ccccc1)C(=O)N*,45.0
*CCCCCCCCNC(=S)Nc1cccc(Cc2ccc(N*)c(C)c2)c1,65.0
*CCCCCCCCOC(=O)C(=O)NCCNC(=O)c1ccc(N2C(=O)c3ccc(*)cc3C2=O)cc1OC,130.0
*CCCCCCCCOC(=O)C(C(=O)OCC(*)=C)c1ccccc1,-20.0
*CCCCCCCCOC(=O)C(CCCCCCCCCCCCCOc1ccc(C(=O)Oc2ccc(OCC)cc2)cc1)COC(=O)c1ccc(C(=O)O*)cc1,-20.0
*CCCCCCCCOC(=O)C(CCCCCCCCOc1ccc(-c2ccc(-c3ccccc3)cc2)cc1)CO*,-20.0
*CCCCCCCCOC(=O)C(Cc1ccccc1)N(C)CC(C)(C)CC(O)C(=O)O*,-15.0
*CCCCCCCCOC(=O)C1CCC(C(=O)O*)OC1,-30.0
*CCCCCCCCOC(=O)C1CCC1*,-40.0
*CCCCCCCCOC(=O)CC/C=C/CC(C)CSC(=O)O*,-40.0
*CCCCCCCCOC(=O)CC1=CC=CSC(c2ccc(*)s2)=C1,-20.0
*CCCCCCCCOC(=O)CCC(=O)OC(=O)c1ccc(COC(=O)CCCCCCC(=O)O*)cc1,-20.0
*CCCCCCCCOC(=O)CCC(C=CCCCC)S(=O)(=O)CCCC(=O)O*,-35.0
*CCCCCCCCOC(=O)CCC(CC(=O)O)c1ccc(-c2ccc(O*)cc2)cc1,5.0
*CCCCCCCCOC(=O)CCCCCCC(=O)OCCCCCCOC(=O)c1ccc(C(=O)NNC(=O)c2ccc(C(=O)O*)cc2)cc1,15.0
*CCCCCCCCOC(=O)CCCCCCCCCCC(=O)OCCCCCCOC(=O)NCCCCCCNC(=O)O*,-40.0
*CCCCCCCCOC(=O)CCCCCCCCCCS(=O)(=O)CCCOC(=O)CCCCCCCCC(=O)O*,-40.0
*CCCCCCCCOC(=O)CCCCCCCCCNC(=O)CCCOC(=O)SCCCCCCCCS*,-40.0
*CCCCCCCCOC(=O)CCCOCCSCCC(=O)O*,-50.0
*CCCCCCCCOC(=O)CCCS(=O)(=O)CCCCCSCCS(=O)(=O)CCCCS(=O)(=O)CC(F)(F)COC(=O)CCCCCCC(=O)O*,-25.0
*CCCCCCCCOC(=O)CCCSCC(=O)O*,-45.0
*CCCCCCCCOC(=O)CCS(=O)(=O)CCCSc1ccc(Cc2ccc(N(C)C(=O)CO*)cc2)cc1,15.0
*CCCCCCCCOC(=O)CCc1ccc(C(=O)N*)cc1,15.0
*CCCCCCCCOC(=O)CCc1ccc(CNC(=O)CCCCC(=O)N*)cc1,-10.0
*CCCCCCCCOC(=O)CNC(=S)NCc1ccc(CNC(=O)O*)cc1,25.0
*CCCCCCCCOC(=O)CSc1cc(S*)cc(N(c2ccccc2)c2ccccc2)c1,45.0
*CCCCCCCCOC(=O)NC(=O)CCCCCCCCCCC(=O)NCCCCCCOC(=O)CCCOC(=O)CCCCCCCCC(=O)O*,-40.0
*CCCCCCCCOC(=O)NC(OC)OC(=O)CCCO*,-30.0
*CCCCCCCCOC(=O)NC1=NC(C(=O)O*)CC(C)(CCCCC)CC1,-20.0
*CCCCCCCCOC(=O)NC1CCC(CC(*)=O)C1,40.0
*CCCCCCCCOC(=O)NCC(C)SC(=O)O*,-20.0
*CCCCCCCCOC(=O)NCCCCCCCCNC(=O)OCCOCCOCCOC(=O)O*,-30.0
*CCCCCCCCOC(=O)Nc1ccc(NC(=O)CCCC(=O)Nc2ccc(Cc3ccc(C(=O)O*)cc3)cc2)cc1,90.0
*CCCCCCCCOC(=O)OCC(C)(C)O[Si](C)(C)OCCCCOCCCOC(C)COC(=O)OC(COc1ccc(C(C)(C)c2ccc(O*)cc2)cc1)c1ccc(/C=C/c2ccc([N+](=O)[O-])cc2)cc1,15.0
*CCCCCCCCOC(=O)OCCCCCCCCN(C)C(=O)c1ccc(C(=O)N*)c(C)c1,15.0
*CCCCCCCCOC(=O)OCCCCOC(=O)OCCCCOC(=O)OCCCCCCOC(=O)c1cccc(C(=O)O*)c1,-20.0
*CCCCCCCCOC(=O)OCCSCCCCCOC(=O)O*,-35.0
*CCCCCCCCOC(=O)SCCCSCC(=O)O*,-40.0
*CCCCCCCCOC(=O)SCSCCCCC(=O)O*,-40.0
*CCCCCCCCOC(=O)SSS*,-40.0
*CCCCCCCCOC(=O)c1ccc(/N=N/c2ccc(C(C)(CC)c3ccc(C(=O)O*)cc3)cc2)cc1,45.0
*CCCCCCCCOC(=O)c1ccc(C(=O)N*)c(OCCOCC)c1,15.0
*CCCCCCCCOC(=O)c1ccc(C(=O)NCCc2ccc(O*)c(O)c2)cc1,45.0
*CCCCCCCCOC(=O)c1ccc(C(=O)OC(=O)c2ccc(C(=O)OC(=O)c3cc[c]4c(c3)C(=O)[N](*)[Sn]4)cc2)cc1,90.0
*CCCCCCCCOC(=O)c1ccc(C(C#N)(C(=O)O)C(=O)O*)cc1,45.0
*CCCCCCCCOC(=O)c1ccc(C(C)(C)c2ccc(C(=O)O*)c(C(=O)OCCCCCC)c2)cc1C,15.0
*CCCCCCCCOC(=O)c1ccc(CCOC(=O)COCC(=O)O*)cc1,-20.0
*CCCCCCCCOC(=O)c1ccc(CCc2ccc(C(=O)S*)cc2)cc1,-10.0
*CCCCCCCCOC(=O)c1ccc(NC(=O)CCCCCCCCCCCCCCCCC(=O)Nc2ccc(C(=O)O*)cc2)cc1,45.0
*CCCCCCCCOC(=O)c1ccc(OCCCCCCOc2ccc(OC(=O)CCCCCCC(*)=O)cc2)cc1,-20.0
*CCCCCCCCOC(=O)c1ccc(OCCOCCOCCOc2ccc(CCCOC(=O)O*)cc2)cc1,-20.0
*CCCCCCCCOC(=O)c1ccc(Oc2ccc(C(=O)Oc3ccc(-c4ccc(O*)cc4)cc3)cc2)cc1,80.0
*CCCCCCCCOC(=O)c1ccc(S(=O)(=O)C(=O)O*)cc1,45.0
*CCCCCCCCOC(=O)c1ccc(S(=O)(=O)S*)c(Cl)c1Cl,45.0
*CCCCCCCCOC(=O)c1ccc([Si](*)(C)COc2ccc(C=O)cc2CCCCCCCCCC)cc1,-25.0
*CCCCCCCCOC(=O)c1cccc(C(=O)NCCO*)c1,25.0
*CCCCCCCCOC(=O)c1cccc(OCCCCCCCOc2ccc(C(=O)Oc3ccc(O*)cc3)cc2)c1,15.0
*CCCCCCCCOC(=O)c1ccccc1-c1ccccc1C(=O)O*,40.0
*CCCCCCCCOC(=O)c1ccccc1C(=O)OCCOCCOC(=O)c1cccc[n+]1C(=O)O*,-20.0
*CCCCCCCCOCCCCCCCCCCCCCCOC(=O)NCCCCCCCCCCCCCNC(=O)O*,-30.0
*CCCCCCCCOCCCCCCCCCOCCCCOCCCCCCO*,-70.0
*CCCCCCCCOCCCCCCOCCCCCCOCCCCO*,-60.0
*CCCCCCCCOc1ccc(-c2cc(OC)c(O*)c(OCCCCC)c2)cc1OC,5.0
*CCCCCCCCOc1ccc(/C=C/c2ccc(OCCOCCOCCOCC(O*)OCC)cc2)cc1,-20.0
*CCCCCCCCOc1ccc(/C=C/c2ccccc2C(=O)O*)cc1,15.0
*CCCCCCCCOc1ccc(/C=C2/CCCCC/C(=C/c3ccc(O*)cc3)CCC2)cc1C,15.0
*CCCCCCCCOc1ccc(C(=O)CCCCCCCCCCCCC(=O)c2ccc(O*)cc2)cc1,-10.0
*CCCCCCCCOc1ccc(C(=O)CCc2ccc(OC=*)nc2)cc1,-10.0
*CCCCCCCCOc1ccc(C(=O)OC(=O)c2ccc(O*)cc2)cc1,45.0
*CCCCCCCCOc1ccc(C(C)(C)c2ccc(OC(=O)CCCCCCCC(=O)OCCOCCOC(=O)c3ccc(O*)cc3)cc2)cc1,-20.0
*CCCCCCCCOc1ccc(CBc2cc(*)c(F)c(F)c2C(F)(F)F)cc1C,45.0
*CCCCCCCCOc1ccc(Cc2ccc(O*)cc2OCCCCCCCCCCOCCCCOc2ccc(/C=N/c3ccc(OCCCCCCCC)c(C#N)c3)cc2)cc1OC,-20.0
*CCCCCCCCOc1ccc(NC(=O)CCCCCCCCCCCCCCCCCCC(=O)Nc2ccc(O*)cc2)cc1,15.0
*CCCCCCCCOc1ccc(NC(=O)c2ccc(C(=O)NNC(=O)c3ccc(C(=O)Oc4ccc(*)cc4)cc3)cc2)cc1,130.0
*CCCCCCCCOc1ccc(OC(=O)c2cc(OC)c(C(=O)O*)c(OCCCCCCCCCCCCCCCC)c2)cc1OC,-20.0
*CCCCCCCCOc1ccc(OCCCCOCCOCCOc2ccc(/N=C/c3ccc(O*)cc3)cc2)cc1,15.0
*CCCCCCCCP(C#N)CC[Si](*)(C)c1ccc(-c2ccccc2)cc1,-15.0
*CCCCCCCCP(C)(=O)SCCCSCCCSCC(=O)N*,-30.0
*CCCCCCCCP(CCCCCC)C(=O)CCCCCCCCCC(=O)N*,-40.0
*CCCCCCCCP(CCCCCCCCCCCCOC(=O)N*)C(=O)OCCCCCCCCCCCCCCCC,-45.0
*CCCCCCCCS(=O)(=O)CCCCCCCCC(=O)NCc1ccc(CN(C)C(=O)CCCCCOC(=O)c2ccc(*)s2)cc1,15.0
*CCCCCCCCS(=O)(=O)CCCCCCCCCS(=O)(=O)CCCCCCCNC(=O)c1ccc(C(=O)N*)c(C)c1,45.0
*CCCCCCCCSC(=O)NCCCCSNC(=O)CC/C=C/C(=O)O*,-20.0
*CCCCCCCCSCCCCCCNC(=O)C(=O)N*,-30.0
*CCCCCCCCSCCCCCCNC(=O)c1cc(CCCC)cc(C(*)=O)c1,-10.0
*CCCCCCCCSCC[Si](C)(C)CCCO*,-80.0
*CCCCCCCCSSC(=O)NCCCCCCNC(C)C(=O)O*,-30.0
*CCCCCCCCSSCCOC(=O)Nc1ccc(Cc2ccc(NC(=O)SCCN(*)c3ccc(C#N)cc3)cc2)cc1,15.0
*CCCCCCCCSSCCOCCCCSS*,-60.0
*CCCCCCCC[N+](C)(C)CCCOC(=O)c1ccc(-c2cccc(C(=O)O*)c2)cc1,45.0
*CCCCCCCC[N+](C)(C)CCC[Si](*)(C)CCCCCC,-60.0
*CCCCCCCC[N+](C)(C)c1ccc(*)n1CCC(=O)O,45.0
*CCCCCCCC[PH](C)(C)CN(C)C(=O)CCCCC(=O)NCCCCCCNC(=O)c1nnc(*)n1O,45.0
*CCCCCCCC[Si](*)(C)CCCNc1ccccn1,-60.0
*CCCCCCCC[Si](C)(C)CCCOC(=O)c1ccc(C(=O)NCCc2ccc(/N=N/c3ccc(CCS(=O)(=O)O*)cc3)cc2)cc1,15.0
*CCCCCCCC[Si](C)(C)c1ccc(C(C)(C)[Si](C)(C)c2ccc(-c3ccc(*)o3)c(C)c2)s1,15.0
*CCCCCCCCc1ccc(*)c(OCC(CC)CCCC)c1,-40.0
*CCCCCCCCc1ccc(/C=N/C(=C/CCCC=CC(*)=O)c2ccc(/N=N/c3ccc(OCC)cc3)cc2)cc1,45.0
*CCCCCCCCc1ccc(CC(=O)Nc2ccc(NC(=O)c3ccc(*)cc3)cc2)cc1,130.0
*CCCCCCCCc1cccc(-n2c(=O)c3cc4c(=O)n(*)c(=O)c4cc3c2=O)c1,120.0
*CCCCCCCCn1ccc(-c2ccc(CSSCCCCCCCCCCCCCCCCCCCCC)cc2)c1*,-30.0
*CCCCCCCN(*)CCCCCCCCC,-55.0
*CCCCCCCN(C)C(=O)CCCCCCCCCCCCCCC(=O)N(*)CC,-40.0
*CCCCCCCNC(=O)C(CCCCCCCCCCCCCCCCCCCCCCC)C(=O)NCCCCCCCCS*,-30.0
*CCCCCCCNC(=O)CCC(=S)NCCCCC(*)=O,15.0
*CCCCCCCNC(=O)CCCCCC(=O)NCCCC(=O)O*,45.0
*CCCCCCCNC(=O)CCCCCCCCC(=O)NCCCCCCCC(=O)N*,45.0
*CCCCCCCNC(=O)CCCCCCCCC(=O)NCCNC(=O)C(=O)N*,50.0
*CCCCCCCNC(=O)CCCCCCCCCC(=O)NNC(=O)CCCCC(=O)NC*,45.0
*CCCCCCCNC(=O)CCCCCCCCCCCC(=O)NC(C)=C(C)C(=O)N*,45.0
*CCCCCCCNC(=O)CCCCCCCCCCCCCCC(=O)NCCCSCCCCCSCCCNC(=O)O*,-20.0
*CCCCCCCNC(=O)CCCCNC(=O)CCCCCCCCCCCCC(=O)NCCCCCCNC(=O)C(=O)N*,45.0
*CCCCCCCNC(=O)CCS(=O)(=O)CCCCC(=O)N*,30.0
*CCCCCCCNC(=O)NCc1ccc(CNC(=O)O*)cc1,45.0
*CCCCCCCNC(=O)c1ccc(C(=O)NCC(*)=C(C#N)N(C)CC)cc1,65.0
*CCCCCCCNC(=O)c1ccc(NC(=O)CCCCCC(=O)Nc2ccc(C(=O)NCCCCCCCCCCNC(=O)c3ccc(C(=O)N*)cc3)cc2)cc1,65.0
*CCCCCCCOC(=O)C(CCCC)OCC(C)(C)CC(=O)O*,-45.0
*CCCCCCCOC(=O)C(CCCCCCCCC)C(CCCCCC)C(=O)O*,-50.0
*CCCCCCCOC(=O)C(CCCCCCCSSSSCN(*)CC)C(=O)OC,-40.0
*CCCCCCCOC(=O)C(O)C(OCC)C(=O)OCC(*)C(=O)OCC,-30.0
*CCCCCCCOC(=O)CCCCC(=O)OCCOCCOCO*,-55.0
*CCCCCCCOC(=O)CCCCCCCCCCCCC(=O)OCC(=O)O*,-45.0
*CCCCCCCOC(=O)CNC(=O)c1ccc(C(=O)N*)c(OCCC)c1,45.0
*CCCCCCCOC(=O)Cc1ccc(CC(=O)N*)cc1,15.0
*CCCCCCCOC(=O)NCCCCCC(=O)O*,-40.0
*CCCCCCCOC(=O)NCCCCCCCCCCCCNC(=O)O*,-30.0
*CCCCCCCOC(=O)NSC(=O)OCCCCCCOC(=O)c1ccc(N=*)cc1,15.0
*CCCCCCCOC(=O)Oc1cc(Cl)c(O*)cc1C,35.0
*CCCCCCCOC(=O)c1ccc(C(=O)NCCOC(=O)c2ccc(C(=O)OCCOc3ccc(O*)cc3)cc2)cc1,45.0
*CCCCCCCOC(=O)c1ccc(CCC(=O)N*)cc1,-10.0
*CCCCCCCOC(=O)c1ccc(NC(=O)CCc2ccc(C(=O)O*)cc2)cc1,45.0
*CCCCCCCOC(=O)c1cccc(NC(=O)CCCCCCC(=O)Nc2ccc(C(=O)O*)cc2)c1,45.0
*CCCCCCCOC(=O)c1ccccc1C(=O)Oc1ccc(OC(=O)c2ccc(C(=O)O*)c(C)c2)cc1C,45.0
*CCCCCCCOc1ccc(/C=C/c2ccc(OC(=O)COCC(*)=O)cc2)cc1,40.0
*CCCCCCCOc1ccc(/C=N/CC/C=C/c2ccc(OCCCCCOC(=O)c3ccc(O*)cc3)cc2)cc1,10.0
*CCCCCCCOc1ccc(C(=NNCCCCCCCC)c2ccc(/C=C/c3ccc(*)cc3)cc2)cc1,45.0
*CCCCCCCOc1ccc(C(=O)Nc2ccc(O)c(NC(=O)c3ccc(O*)c(OC)c3)c2)cc1,95.0
*CCCCCCCOc1ccc(C(=O)OC(=O)c2ccc(OCCOc3ccc(S(=O)(=O)c4ccc(OC(=O)c5ccc(O*)cc5)cc4)cc3)cc2)cc1,90.0
*CCCCCCCOc1ccc(C(=O)OCCCCCCCCCCOC(=O)c2cccc(C(=O)O*)c2)cc1,-20.0
*CCCCCCCOc1ccc(C(C)c2ccc(O*)c(C)c2)cc1C,15.0
*CCCCCCCOc1ccc(CCCCCCCCC(=O)Oc2ccc(O*)cc2)cc1,-20.0
*CCCCCCCOc1ccc(NC(=O)c2ccc(C(=O)Oc3ccc(C(C)(C)c4ccc(O*)cc4)cc3)cc2)cc1,65.0
*CCCCCCCOc1ccc(NC(=O)c2cccc(C(=O)Nc3ccc(-n4c(=O)c5cc6c(=O)n(*)c(=O)c6cc54)cc3C(=O)O)c2)cc1,250.0
*CCCCCCCOc1ccc(OCCCCCCCCCOc2ccc(-c3ccc(O*)cc3)cc2)cc1,15.0
*CCCCCCCOc1ccc(Oc2ccc(-n3c(=O)c4cc5c(=O)n(*)c(=O)c5cc4c3=O)cc2)cc1,145.0
*CCCCCCCOc1ccc(Oc2ccc(OC(=O)c3ccc(OC(=O)c4ccc(O*)cc4)cc3)cc2)cc1,90.0
*CCCCCCCS(=O)(=O)CCCCCCC(=O)NC(C)CSC(=O)N*,15.0
*CCCCCCCSC(=O)NCCCCCNC(=O)NCCCCC(=O)N*,15.0
*CCCCCCCSC(=O)Nc1ccc(/C=N/c2ccc(O*)cc2)cc1,45.0
*CCCCCCCSC(=O)OCCCC[Si](*)(C)CCC,-70.0
*CCCCCCCSC(=O)c1ccc(C(=O)NCCCCCCNC(=O)c2ccc(*)o2)cc1,25.0
*CCCCCCCSCCC(*)=O,-45.0
*CCCCCCCSCCSCC(=O)N*,-30.0
*CCCCCCCSCSCCSCCNC(=O)c1ccccc1/C=C/c1ccc(C(=O)N*)cc1,45.0
*CCCCCCCSSCSCCCCC*,-60.0
*CCCCCCCSSSCCCCCC*,-60.0
*CCCCCCCSSSSSSSSC(=O)C(=O)N*,-30.0
*CCCCCCC[N+](C)(C)CCCCCCC(=O)O*,-30.0
*CCCCCCC[N+](C)(C)CCCCCOC(=O)c1ccc(O*)cc1,15.0
*CCCCCCC[N+](C)(C)COC(=O)c1ccc(O*)cc1,30.0
*CCCCCCC[PH](*)(C)C#C,-40.0
*CCCCCCC[PH](C=C)(CCCCCCCC)N*,-50.0
*CCCCCCC[Si](*)(NCCCCCCCCOc1ccc(C)cc1)OC,-60.0
*CCCCCCC[Si](*)(c1ccccc1)c1ccc(C(C)(C)C)cc1,-20.0
*CCCCCCCc1ccc(-c2nnc(*)s2)o1,20.0
*CCCCCCCc1ccc(C[Si](*)(C)CCC(C)C)cc1,-60.0
*CCCCCCN(*)C(=O)CCCCCCC=CC=C,-40.0
*CCCCCCN(*)C(=O)CCCCCCCC,-40.0
*CCCCCCN(*)C(=O)c1cc(F)c(F)c(Cl)c1F,45.0
*CCCCCCN(*)c1ccc(C(C)(C)C)cc1,-20.0
*CCCCCCN(*)c1cccc(C)c1,-20.0
*CCCCCCN(C)C(=O)CCCCCCCCC(=O)N(C)Cc1ccc(C)c(N*)c1,45.0
*CCCCCCN(C)C(=O)NCCCCCCCCCCNC(=O)c1cc(N)c(C(=O)N*)cc1C,65.0
*CCCCCCN(C)C(=O)c1cccc(C(=O)NCNC(=O)S*)c1,45.0
*CCCCCCN(C)CC(=O)NCCCCCCNC(=O)N*,-10.0
*CCCCCCN(C)O[Si](C)(C)c1ccc(C(=O)N(*)C)cc1,15.0
*CCCCCCN(CC)C(=O)c1ccc(C(*)=O)cc1,40.0
*CCCCCCN(CCBCCOC(=O)NCCC(=O)O*)CS(=O)(=O)CCC(C)C,-20.0
*CCCCCCN(CCCCCC[Si](*)(C)C)c1ccc(/N=N/c2ccc(C#N)cc2)cc1,-20.0
*CCCCCCN(CCOC(=O)CCC(O)C(=O)N*)c1ccccc1,-20.0
*CCCCCCN(CCOC(=O)NCCCCCCCNC(=O)O*)c1ccc(OCCCCCCC)cc1,-20.0
*CCCCCCN1C(=O)c2ccc(C(C)(C)c3ccc(C4(*)OC(=O)c5ccccc54)cc3C)cc21,190.0
*CCCCCCN1C=CC(=C=C=*)C(C)(C#N)CC1,85.0
*CCCCCCN1OCCOc2ccc(C(=O)O*)cc2C1=O,65.0
*CCCCCCNC(=O)/C=C/C=C/C=C/C(=O)NCCCCCC*,45.0
*CCCCCCNC(=O)C(*)C(=O)OC,-20.0
*CCCCCCNC(=O)C(/N=C/c1ccc(NCCCNC(=O)S*)cc1)c1ccc(/N=N/c2ccc(/N=N/c3ccc(OC)cc3)cc2)cc1,95.0
*CCCCCCNC(=O)C(=O)N(*)CCCC,40.0
*CCCCCCNC(=O)C(C)(C(=O)N*)C(=O)Nc1ccc(/N=N/c2ccccc2)s1,130.0
*CCCCCCNC(=O)C(CCCCCC)C(=O)O*,-30.0
*CCCCCCNC(=O)C(CCCCCCCCCCCCCC)SC(=O)N*,-40.0
*CCCCCCNC(=O)C(CCCCCCCCCCCCCCCCCC(=O)N*)c1ccc(F)cc1,-20.0
*CCCCCCNC(=O)C(CCCCCCCCCCCCCCCCOc1ccc(/N=N/c2ccc([N+](=O)[O-])cc2)cc1)C(=O)O*,15.0
*CCCCCCNC(=O)C(CCCCCCCCCCOc1ccc(-c2ccc(CCc3ccc(OC)cc3)cc2)cc1)C(=O)O*,-20.0
*CCCCCCNC(=O)C/C=C/CCC(*)C(=O)OCCCCC,-40.0
*CCCCCCNC(=O)C1=Cc2ccc(C(=O)O*)cc2C(=O)BC=C1,65.0
*CCCCCCNC(=O)CC(C)NC(=O)N*,45.0
*CCCCCCNC(=O)CC/C=C/CC(C)(C)C(=O)N*,-20.0
*CCCCCCNC(=O)CC=C(*)C,-30.0
*CCCCCCNC(=O)CC=CC/C=C/c1ccc(N(*)C)cc1,25.0
*CCCCCCNC(=O)CCCC(=O)NCCCCCCNC(=O)COC(=O)N*,45.0
*CCCCCCNC(=O)CCCCCC(=O)NCCCCCCNC(=O)C(=O)NCCCCC(=O)N*,45.0
*CCCCCCNC(=O)CCCCCC(=O)NCCCCCNC*,40.0
*CCCCCCNC(=O)CCCCCCC(=O)NCCC(CNC(=O)C(=O)N*)c1ccccc1,55.0
*CCCCCCNC(=O)CCCCCCCC(=O)NOCC/C=C/CC(C)CCOC(=O)c1ccccc1C(=O)O*,-20.0
*CCCCCCNC(=O)CCCCCCCCC(=O)NC(Cc1ccccc1)C(=O)O*,45.0
*CCCCCCNC(=O)CCCCCCCCC(=O)NCCCCCN(CC(=O)O*)c1ccc(OCCOCCOCC)cc1,-20.0
*CCCCCCNC(=O)CCCCCCCCCCC(=O)S*,-40.0
*CCCCCCNC(=O)CCCCCCCCCCCCC(=O)NCCCCCCCCCN(C)C(=O)O*,15.0
*CCCCCCNC(=O)CCCCCCCCCCCCCCC(=O)NCCCCCCCNC(=O)C(=O)N*,50.0
*CCCCCCNC(=O)CCCCCCCCCCCCCCC(=O)NCCCCCCNC(=O)COCCOCCO*,-20.0
*CCCCCCNC(=O)CCCCCCCCCCCCN(*)C,-40.0
*CCCCCCNC(=O)CCCCCCCCC[PH](C)(C)CCCCCCC(=O)N*,-40.0
*CCCCCCNC(=O)CCCCCCCSCCCCCCCC(=O)N*,-20.0
*CCCCCCNC(=O)CCCCCCNC(=O)N*,50.0
*CCCCCCNC(=O)CCCCCSCCC(=O)N*,-30.0
*CCCCCCNC(=O)CCCCCSCCCC(=O)N*,-30.0
*CCCCCCNC(=O)CCCOCCCCCCCCCN(*)CCOCCC,-40.0
*CCCCCCNC(=O)CCc1ccc(CNC(=O)O*)cc1,15.0
*CCCCCCNC(=O)CCc1ccccc1CCC(=O)N*,30.0
*CCCCCCNC(=O)NCc1ccc(NC(=O)S*)cc1,55.0
*CCCCCCNC(=O)Nc1ccc(C(=O)N*)c(C(=O)Oc2ccc(OCCCC)cc2)c1,85.0
*CCCCCCNC(=O)OCC(O)C(O*)c1ccccc1,20.0
*CCCCCCNC(=O)SCCCNC(=O)N*,-20.0
*CCCCCCNC(=O)c1cc(C(=O)S*)ccc1COC,45.0
*CCCCCCNC(=O)c1cc(OCCCCCC)c(*)cc1CCCC,-20.0
*CCCCCCNC(=O)c1ccc(Bc2ccc(C(=O)O*)cc2)cc1,65.0
*CCCCCCNC(=O)c1ccc(C(=O)NC(=O)/C=C/c2cc(OCC(C)CC)c(*)s2)cc1Br,65.0
*CCCCCCNC(=O)c1ccc(C(=O)NCCCNC(=O)c2ccc(C(=O)NCCSCCCCCCNC(=O)c3ccc4c(c3)C(=O)N(*)C4=O)cc2)cc1,90.0
*CCCCCCNC(=O)c1ccc(C(=O)NNC(=O)CCCCCCCCCCCC(=O)Nc2ccc(C(=O)O*)cc2)cc1,90.0
*CCCCCCNC(=O)c1ccc(C(C)(C)c2ccccc2C(=O)N*)c(C)c1,90.0
*CCCCCCNC(COCC(F)(F)C(F)(F)F)=C(CNCCCC)NC(=O)CCCCC(=O)NCCc1ccccc1C(=O)O*,15.0
*CCCCCCOC(*)COCCSCCCC,-55.0
*CCCCCCOC(=O)/C=C/C(=O)OCCOC(=O)CCCCC(=O)O*,-40.0
*CCCCCCOC(=O)C(=O)NCCCCCNC(=O)C(=O)N*,45.0
*CCCCCCOC(=O)C(=O)OCCCCCCOC(=O)c1ccc(-c2ccc(C(=O)O*)cc2)cc1,10.0
*CCCCCCOC(=O)C(=O)OCC[SH](C)(C)COC(=O)NNC(=O)c1ccc(N(*)CC)cc1,45.0
*CCCCCCOC(=O)C(C)(C)CC(O*)C(=O)Oc1ccc(C=C(C#N)C=C)cc1,45.0
*CCCCCCOC(=O)C(C)CCCCCCC(=O)O*,-55.0
*CCCCCCOC(=O)C(CCCCCCCCCO)OCCOC(=O)OCCC(C)O*,-40.0
*CCCCCCOC(=O)C(CCCCCCCCCOc1ccc(/N=N/c2ccc(O*)cc2Br)cc1)c1ccccc1,15.0
*CCCCCCOC(=O)C(CCCCCCOc1ccc(/C=C/c2ccc(OC)cc2)cc1)C(=O)NCS*,15.0
*CCCCCCOC(=O)C(COC(=O)CCCC)S(=O)(=O)CCCS(=O)(=O)c1ccccc1C(=O)O*,15.0
*CCCCCCOC(=O)C(O)OC(=O)c1ccc(C(=O)O*)cc1,40.0
*CCCCCCOC(=O)CC(=O)OCCCCCCOC(=O)c1cccnc1-c1ccccc1C(=O)O*,15.0
*CCCCCCOC(=O)CC(C)(CC)C(=O)O*,-40.0
*CCCCCCOC(=O)CC(C)CCCCCCCCC(=O)O*,-55.0
*CCCCCCOC(=O)CC(F)(F)C(F)(F)C(F)(F)COC(=O)NCCC(=O)NCC(=O)OCCCCCCOc1ccc(-c2ccc(OCCCCCCCCOc3ccc(O*)cc3)cc2)cc1,10.0
*CCCCCCOC(=O)CC/C=C/CCCCCCCCCCS*,-55.0
*CCCCCCOC(=O)CCC(=O)NCCCCCC(=O)O*,-20.0
*CCCCCCOC(=O)CCC(=O)OCCOC(=O)CCCCC(=O)O*,-50.0
*CCCCCCOC(=O)CCCCCC(=O)OCCCCOc1ccc(/N=C/c2ccc(OCCCCCCOC(=O)CCCC(=O)O*)cc2)cc1,-10.0
*CCCCCCOC(=O)CCCCCCC(=O)OCOC(=O)CCCCC(=O)O*,-50.0
*CCCCCCOC(=O)CCCCCCCC(=O)OCCCCCCOc1ccc(OC(=O)c2ccc(/C=C/C(=O)Nc3ccc(O*)cc3C)cc2)cc1,45.0
*CCCCCCOC(=O)CCCCCCCCCC(=O)OCCOC(=O)C(C)=C(CCCC)C(=O)O*,-30.0
*CCCCCCOC(=O)CCCCCCCCCCCCCCCCCCCCC(=O)OCCCCCCOc1ccc(N(*)c2ccc(OC)cc2)cc1,-20.0
*CCCCCCOC(=O)CCCCCCCCCCCCCCCSCCCCCCC(=O)O*,-55.0
*CCCCCCOC(=O)CCCCCCOCC1COC(=O)C1*,-40.0
*CCCCCCOC(=O)CCCCCOCCCCCCCCCCC(=O)O*,-60.0
*CCCCCCOC(=O)CCCCCSSCCC(=O)O*,-50.0
*CCCCCCOC(=O)CCCC[N+](CCCCC)C(=O)NCCCCSCCCCCCNC(=O)O*,-30.0
*CCCCCCOC(=O)CCCNC(=O)CCCCC(=O)S*,-45.0
*CCCCCCOC(=O)CCSCCCCCCCCC(=O)O*,-55.0
*CCCCCCOC(=O)CCc1ccc(CSC(=O)S*)cc1,-25.0
*CCCCCCOC(=O)CNC(=O)CCCCS*,-30.0
*CCCCCCOC(=O)CSC(=O)Oc1ccc(O*)cc1,-10.0
*CCCCCCOC(=O)CSCCNC(=O)CCCCCO*,-40.0
*CCCCCCOC(=O)Cc1ccc(CCCNC(=O)CCSP(=O)(O*)OCC)cc1,-15.0
*CCCCCCOC(=O)Cc1ccc(CN(CC)C(=O)CCCCCCCCCCC(=O)c2ccc(C(=O)O*)cc2)cc1,-10.0
*CCCCCCOC(=O)N(C)CCCC(=O)OCC(O)COc1ccc(C(C)(C)c2ccc(O*)cc2)cc1,15.0
*CCCCCCOC(=O)NC(CCCCCCCCCCN=C(C(=O)O*)C(C)C)OCCC,-30.0
*CCCCCCOC(=O)NC1CCC(SC(=O)O*)C1,20.0
*CCCCCCOC(=O)NCCCCCCCCSCCCCCCSCC(=O)O*,-35.0
*CCCCCCOC(=O)NCCCCCCNC(=O)OCCCCCCOC(=O)OCCCCO*,-30.0
*CCCCCCOC(=O)NCCCCCCNC(=O)OCCO*,-30.0
*CCCCCCOC(=O)NCCCCNC(=O)OCc1ccc(-c2ccc(*)o2)cc1,15.0
*CCCCCCOC(=O)NCCCCSCCSCCCCCCNC(=O)O*,-30.0
*CCCCCCOC(=O)NCCCSCCCCCCCCCCCCCCNC(=O)O*,-30.0
*CCCCCCOC(=O)NCCCc1ccc(CNCCCOC(=O)O*)cc1,15.0
*CCCCCCOC(=O)NNC(=O)CCCCCCCCC(=O)NC(C)C(=O)O*,20.0
*CCCCCCOC(=O)NNC(=O)CCCOC(=O)O*,-20.0
*CCCCCCOC(=O)NNC(=O)c1ccc(C(=O)NC(=S)O*)cc1,65.0
*CCCCCCOC(=O)NSCCS(=O)(=O)c1ccc(*)o1,45.0
*CCCCCCOC(=O)Nc1cc(NC(=O)O*)cc(C(C)(C)C)c1,80.0
*CCCCCCOC(=O)Nc1cc(OCCC)c(O*)c(OCC)c1S,45.0
*CCCCCCOC(=O)Nc1ccc(CCCc2ccc(NCCCCCCNC(=O)O*)cc2)cc1,45.0
*CCCCCCOC(=O)Nc1ccc(NC(=O)/C=C/c2ccc(OCCCCCCCCOc3ccc(/N=C/c4ccc(O*)cc4)cc3)cc2)cc1,65.0
*CCCCCCOC(=O)Nc1ccc(NC(=O)NC(=O)NCCCNC(=O)O*)cc1,65.0
*CCCCCCOC(=O)Nc1ccc(NC(=O)O*)c(/C=C/c2ccc(OCCCCC)cc2)n1,65.0
*CCCCCCOC(=O)Nc1ccc(NC(=O)OCCCCCCOC(=O)c2cccc(C(=O)OC3COCC(*)C3)c2)cc1,45.0
*CCCCCCOC(=O)OC1CCC(OC(=O)O*)C(OC)C1,-15.0
*CCCCCCOC(=O)OCC(O)CN(*)c1cc(C)ccc1OC(C)=O,15.0
*CCCCCCOC(=O)OCCCCCCCCCCOc1ccc(/C=N/c2ccc(/C=N/c3ccc([N+](=O)[O-])cc3)cc2)cc1C=*,45.0
*CCCCCCOC(=O)OCCCCCCOC(=O)OCC[Si](C)(C)COC(=O)Oc1ccc(-c2ccc(O*)cc2)cc1,15.0
*CCCCCCOC(=O)OCCCCCOc1ccc(NC(=O)/C=C/C(*)=O)cc1,25.0
*CCCCCCOC(=O)OCCSCOC(=O)OCCCCOc1ccc(/N=C/c2ccc(OC)cc2)c(OC)c1*,25.0
*CCCCCCOC(=O)SCCCCCCCCCCCC(*)=O,-50.0
*CCCCCCOC(=O)SSCCCSCCNS(=O)(=O)CCCCC(=O)O*,-25.0
*CCCCCCOC(=O)SSCCSSCCNC(=O)N*,-20.0
*CCCCCCOC(=O)SSc1ccc(C(=O)N*)c(-c2ccccc2)c1,45.0
*CCCCCCOC(=O)c1cc(C(=O)NCCCCCCCCCCN*)ccc1C,15.0
*CCCCCCOC(=O)c1cc(OC)c(C(=O)O*)c(C)c1C,45.0
*CCCCCCOC(=O)c1ccc(/C=C/C(=O)O*)cc1,40.0
*CCCCCCOC(=O)c1ccc(C(=O)NCCCCCCCCCC(=O)O*)cc1,15.0
*CCCCCCOC(=O)c1ccc(C(=O)NCCCCCCOC(=O)c2ccc(C=*)cc2)cc1,45.0
*CCCCCCOC(=O)c1ccc(C(=O)NCCCNC(=O)CCCCCCCc2ccc(CO*)cc2)cc1,15.0
*CCCCCCOC(=O)c1ccc(C(=O)OCCOc2ccc(/C=C/C(=O)Nc3ccc([Si](*)(C)C)cc3)cc2)cc1,45.0
*CCCCCCOC(=O)c1ccc(N(*)CCCCC)cc1,-10.0
*CCCCCCOC(=O)c1ccc(NC(=O)CCCCC(=O)c2ccc(O*)cc2)cc1,45.0
*CCCCCCOC(=O)c1ccc(NC(=O)CCCCCCC(=O)Nc2cccc(O*)c2)cc1,65.0
*CCCCCCOC(=O)c1ccc(NC(=O)CCCOc2ccc(C(=O)OCCOc3ccc(C(=O)Oc4ccc(-c5ccc(O*)cc5)cc4)cc3)cc2)cc1,65.0
*CCCCCCOC(=O)c1ccc(O*)c(C(=O)OCCCCCCCCCCCC)c1,-30.0
*CCCCCCOC(=O)c1cccc(C(=O)SCCCCCS(*)(=O)=O)c1,-20.0
*CCCCCCOC(=O)c1cccc(S(=O)(=O)/C=C/C(=O)O*)c1,15.0
*CCCCCCOC(=O)c1ccccc1C(=O)NCCCCCCOCCCCCCNC(=O)C(*)=O,20.0
*CCCCCCOC(=O)c1ccccc1N(*)CCCC,-20.0
*CCCCCCOC(=O)c1cnc(*)c(OCC)c1,-10.0
*CCCCCCOCCCCCCCCCCO*,-60.0
*CCCCCCOCCCCCCCCOC(=O)C(=CCCCCCCCCCCCCCCCCC[C](=O)[Ca])C(=O)O*,-40.0
*CCCCCCOCCCCCCCCOC(=O)C(CCCC)C(=O)CCCCCOC(=O)CCCCCCCCNC(=O)CCCCCCCCCCC(=O)NCC(C)(C)CCOC(=O)N*,-30.0
*CCCCCCOCCCCCCCC[SH](*)=O,-40.0
*CCCCCCOCCCCCCCOC(=O)c1cccc(NC(=O)O*)c1,-20.0
*CCCCCCOCCCCCCOCCCCCCCCOCCCCOC(=O)NC(=O)C(=O)N*,-20.0
*CCCCCCOCCCCCOC(=O)CCCC(=O)O*,-55.0
*CCCCCCOCCCCOCCCCCCOC(=O)c1ccc(N(CCCC)C(=O)O*)cc1,-20.0
*CCCCCCOCCCCOCCOCCOCCOCCOCCOCCOCCOCCCCO*,-55.0
*CCCCCCOCCOCCCOCCOCCOCCOC(=O)N1CC(NC(=O)O*)C1,-20.0
*CCCCCCOCCOCCOc1ccc(-c2cc(OCCCCCCCCCCCC)c(/C=C/c3ccc(O*)c(OC)c3)cc2OC)cc1OC,15.0
*CCCCCCOP(=O)(/N=N/c1ccc(C(F)(F)F)cc1)C(=O)O*,40.0
*CCCCCCOP(=O)(CCC(=O)O)/N=N/c1ccc(C(C)(C)c2ccc(NC(=O)CCCCC(=O)OCCc3ccc(O*)cc3)cc2)cc1,45.0
*CCCCCCOP(=O)(O*)OCC(F)(F)C(F)(F)C(F)(F)C(F)(F)C(F)(F)C(F)(F)C(F)F,-20.0
*CCCCCCOc1ccc(-c2ccc(-c3ccc(/C=C/C(=O)c4ccc(*)nc4)c(C)c3)cc2)cc1C,85.0
*CCCCCCOc1ccc(-c2ccc(COC(=O)CCCCCC(=O)OCCCCCCOP(=O)(O*)OC)cc2)cc1,-20.0
*CCCCCCOc1ccc(-c2ccc(O*)c(OCCCOCCOCC)c2)cc1OC,5.0
*CCCCCCOc1ccc(-c2ccc(O*)cc2Sc2ccc(C)cc2)cc1OC,45.0
*CCCCCCOc1ccc(-c2ccc(OCC(=O)OCCOCCOCCOCCOCCOCCOCCOCCOC(=O)CCCCCCCCC(=O)O*)cc2)cc1,-30.0
*CCCCCCOc1ccc(/C=C(\C)c2ccc(O*)cc2OC)cc1,15.0
*CCCCCCOc1ccc(/C=C/C(=O)Nc2ccc(Cc3ccc(N(*)c4ccccc4)cc3)cc2)cc1,95.0
*CCCCCCOc1ccc(/C=C/C=C/c2ccc(O*)c(C)c2)cc1OC,45.0
*CCCCCCOc1ccc(/C=C/c2ccc(-c3ccc(-c4ccc(O*)cc4)cc3)cc2)c(S(=O)(=O)[O][Na])c1,120.0
*CCCCCCOc1ccc(/C=C/c2ccc(/C=N/c3ccc(O*)cc3OC)cc2)cc1,65.0
*CCCCCCOc1ccc(/C=C/c2ccc(O*)cc2-c2ccccc2)cc1,65.0
*CCCCCCOc1ccc(/C=C/c2ccc(OCC(CCCCCCCC)COC(*)=O)cc2)cc1,-20.0
*CCCCCCOc1ccc(/C=C/c2ccc(OCCCCCC)cc2)c(O*)c1O,10.0
*CCCCCCOc1ccc(/C=C/c2ccc(OCCCCCCOCC(OCCOC)c3ccc(/C=C/C(=O)Nc4ccc(O*)cc4)cc3)cc2)cc1,45.0
*CCCCCCOc1ccc(/C=C/c2ccc(OCCN(*)c3ccccc3)cc2)cc1,45.0
*CCCCCCOc1ccc(/N=C/c2ccc(OCc3ccc([N+](=O)[O-])cc3)cc2)cc1C(=O)O*,85.0
*CCCCCCOc1ccc(C(=O)/C=C/c2ccc(OCCc3ccc(O*)cc3)cc2)cc1,45.0
*CCCCCCOc1ccc(C(=O)NCCCCCNC(=O)c2ccc(*)cc2)cc1,45.0
*CCCCCCOc1ccc(C(=O)NCCCCn2c(=O)c3cc4c(=O)n(*)c(=O)c4cc3c2=O)cc1,130.0
*CCCCCCOc1ccc(C(=O)NNC(=O)c2ccc(*)nc2)cc1,95.0
*CCCCCCOc1ccc(C(=O)Nc2ccc(Cc3cccnc3)c(OC)c2)cc1*,55.0
*CCCCCCOc1ccc(C(=O)O*)c(C(=O)OCCCCCCCCCCCCCC)c1,-30.0
*CCCCCCOc1ccc(C(=O)OCCOCCOCCOCCOCCOCCOCCOC(=O)c2ccc(C(=O)Oc3ccc(O*)cc3)cc2)cc1,-20.0
*CCCCCCOc1ccc(C(=O)OCCOCCOc2ccc(C(=O)N(*)C#N)cc2)cc1,35.0
*CCCCCCOc1ccc(C(=O)OCCOc2ccc(*)cc2)cc1,10.0
*CCCCCCOc1ccc(C(=O)OCCOc2ccc(NC(=O)c3ccc(C(=O)OC(=O)c4ccc(O*)cc4)cc3)cc2)cc1,95.0
*CCCCCCOc1ccc(C(CC)(CC)c2ccc(O*)c(CN)c2)cc1OC,45.0
*CCCCCCOc1ccc(CCCC/C=C(\c2ccccc2)c2ccc(O*)cc2)cc1,10.0
*CCCCCCOc1ccc(CCCCCCCc2ccc(O*)c(OCc3ccccc3)c2)c(OCCCCCCCC)c1,-10.0
*CCCCCCOc1ccc(CCNC(=O)/C=C/c2ccc(O*)cc2C)cc1,15.0
*CCCCCCOc1ccc(COC(=O)CCCCCCCCCCCCc2ccc(O*)cc2)cc1,-20.0
*CCCCCCOc1ccc(NC(=O)CCCCC(=O)Nc2ccc(C(=O)Oc3ccc(/N=C/C(=O)c4ccc(O*)cc4)cc3)cc2)cc1,95.0
*CCCCCCOc1ccc(OC(=O)CCCCCCCCCCC(=O)Oc2ccc(-c3ccc(O*)cc3)c(OC)c2)cc1OCCOCCOCCOCCOC,-20.0
*CCCCCCOc1ccc(OC(=O)CCc2ccc(C(C)(C)c3ccc(C(=O)O*)cc3)cc2)cc1,15.0
*CCCCCCOc1ccc(OC(=O)c2ccc(-c3ccc(OC(C)=O)cc3)cc2)cc1C(=O)O*,65.0
*CCCCCCOc1ccc(OC(=O)c2ccc(C(=O)O*)cc2)cc1C(=O)OCc1ccccc1,45.0
*CCCCCCOc1ccc(OCCCCCCCCCOc2ccc(-n3c(=O)c4cc5c(=O)n(*)c(=O)c5cc4c3=O)c(C)c2)cc1,85.0
*CCCCCCOc1ccc(OCCCCOc2ccc(/C=C\c3cc(OCOCCOCCOCCOCCOCCOCCO[Si](*)(C)C)ccc3C)cc2)cc1,-25.0
*CCCCCCOc1ccc([Si](C)(C)c2ccc(O*)cc2)cc1,-20.0
*CCCCCCOc1cccc(Oc2ccc(Oc3ccc(O*)cc3)cc2)c1,15.0
*CCCCCCP(C)(=O)CCCC(=O)N*,-30.0
*CCCCCCP(CC)C(=O)C(CCCCCCCCCCOc1ccc(N=*)cc1)c1ccc([Si](C)(C)C)cc1,-15.0
*CCCCCCP(CCCCCCCN)C(=O)O*,-40.0
*CCCCCCP(c1ccc(/N=C/c2ccc(*)cc2)cc1)c1ccc(OC)cc1,65.0
*CCCCCCS(=O)(=O)CCCCCOc1ccc(-c2ccc(O*)cc2)cc1,15.0
*CCCCCCS(=O)(=O)CCSSC(=O)NSCCSCCNC(=O)O*,15.0
*CCCCCCS(=O)(=O)c1ccc(C(C)(C)c2ccc(Cc3ccc(NC(=O)CCCC(=O)Nc4ccc(C(=O)O*)cc4)cc3)cc2)cc1,95.0
*CCCCCCS(=O)(=O)c1ccc(NC(=O)OCCCCCCCCCCOC(=O)C(C)(C)C(=O)OCC*)cc1,-20.0
*CCCCCCSC(=O)C(CCCCCCCCCCC)C(=O)SCCO*,-40.0
*CCCCCCSC(=O)CCCCOC(=O)CCNC(=O)c1ccc([Si](*)(/C=C/c2ccc(OCCCCCC)cc2)c2ccc(OCCCCCCC)cc2)cc1,-20.0
*CCCCCCSC(=O)CCCS*,-50.0
*CCCCCCSCC(=*)CCCOCC(=O)OCCOc1ccc(/N=N/c2ccc(-c3ccccc3)cc2)cc1,45.0
*CCCCCCSCCCCC(=O)Nc1ccc(*)cc1,5.0
*CCCCCCSCCCCSCCSCCCCC(=O)O*,-50.0
*CCCCCCSNC(=O)c1cc(C(C)(C)C)ccc1C(=O)O*,45.0
*CCCCCCSS(=O)(=O)CCCCCN(*)CC,-30.0
*CCCCCCSSC(=O)NC(=O)CCCCO*,-30.0
*CCCCCCSSCOC(=O)Nc1ccc(C)c(NC(=O)OCCCCCCCCOc2ccc(C(=O)Oc3ccc(C(=O)Oc4ccc(C(*)=O)cc4)cc3)cc2)c1,45.0
*CCCCCC[N+](C)(C)CCC[Si](*)(C)C,-60.0
*CCCCCC[N+](CC)(CCC)CCCCNC(CSCCOCCOCCOCC)CC(=O)N*,-30.0
*CCCCCC[N+](CC)CCCCCCCCOc1ccc(-c2ccc(-c3ccc(O*)cc3)cc2)cc1,45.0
*CCCCCC[PH](CCCCC)CNC(=O)NCCCCCCNC(=O)O*,-20.0
*CCCCCC[SH](*)(=O)C=C,-30.0
*CCCCCC[SH](C)(C)CCCNC(=O)C(CCCCCCCCCCCCS(=O)(=O)CCc1ccc(O*)cc1)C(C)C,-25.0
*CCCCCC[SiH](C)CCC(=O)N*,-55.0
*CCCCCC[n+]1ccc(C(C)(C)c2ccc(-c3ccc([Si](*)(C)CC)s3)s2)o1,45.0
*CCCCCCc1ccc(CN(C)C(=O)CCCCCOc2ccc(C(=O)S*)cc2)cc1,-10.0
*CCCCCCc1ccc(CNC(=O)CCCCCCCC(=O)N*)cc1,-10.0
*CCCCCCc1ccc([Si](*)(C)C)c(CCCCCC)c1,-40.0
*CCCCCN(*)C(=O)c1cc(C)ccc1C,50.0
*CCCCCN(C)C(=O)COC(=O)CCCCCCCCC(=O)O*,-35.0
*CCCCCN(C)C(=O)c1cc(OCCCCCCCCCCOC(=O)c2ccccc2-c2ccc(C(=O)O*)cc2)ccc1C,15.0
*CCCCCN(CCNC(=O)CCCCC(=O)N*)CCSC,-30.0
*CCCCCN1CCN(*)C(C)C1O,25.0
*CCCCCN1CCN(CCCCCC)C(=O)C1*,-30.0
*CCCCCNC(=O)C(C)NC(=O)C(=O)N*,90.0
*CCCCCNC(=O)C(Cc1cc(C*)c(C)cc1C)NC(=O)CCCC,65.0
*CCCCCNC(=O)C(Cc1ccccc1)C(=O)NC1CCN(*)CC1C,90.0
*CCCCCNC(=O)CC(C)NC(=O)CCCOC(=O)NCCCCCCNC(=O)O*,-20.0
*CCCCCNC(=O)CCCC(=O)NCCCCC(=O)N*,45.0
*CCCCCNC(=O)CCCCCCCCC(=O)NCCCCCCCCCCNC(=O)C(*)CC,45.0
*CCCCCNC(=O)CCCCCCCCCCC(=O)NCCCCCSCCCCSCCNC(=O)CCCCCO*,-30.0
*CCCCCNC(=O)CCCCCCCCCCCCC(=O)NC*,40.0
*CCCCCNC(=O)CCCCCCCCSCCC(=O)N*,-30.0
*CCCCCNC(=O)CCCS(=O)(=O)CCCCC(=O)N*,45.0
*CCCCCNC(=O)CCSCC(=O)N*,-30.0
*CCCCCNC(=O)COC(=O)NCCCCCCNC(=O)O*,-20.0
*CCCCCNC(=O)CSCCSCCCCCCCCC(=O)N*,-30.0
*CCCCCNC(=O)Cc1cc(C)c(C(=O)N*)cc1C(=O)OC,75.0
*CCCCCNC(=O)NC(=O)NCCCCCCNC(=O)N*,50.0
*CCCCCNC(=O)NNC(=O)CSCCCCC(=O)NCCCCNC(*)=O,45.0
*CCCCCNC(=O)Sc1ccc(C(C)(c2ccccc2)c2ccc(C(=S)N*)cc2)cc1,65.0
*CCCCCNC(=O)[Si](*)(C)CCC,-60.0
*CCCCCNC(=O)c1ccc(C(=O)NC(=O)Nc2ccc(C(=O)S*)cc2)cc1,110.0
*CCCCCNC(=O)c1ccc(C(=O)NNC(=O)CCCCCN2C=CN(*)CC2)cc1,85.0
*CCCCCNC(=O)c1cccc(C(=O)NNC(=O)C(*)C)c1,90.0
*CCCCCNC(=O)c1ccccc1OC(=O)CCCS(=O)(=O)CCCOC(=O)NCCCCCCNC(=O)N*,15.0
*CCCCCOC(=O)C(CCCCC(=O)N*)C(C)C,-40.0
*CCCCCOC(=O)C(CCCCCCCCCCCCCOc1ccc(/N=N/c2ccc(C#N)cc2)cc1)C(=O)O*,10.0
*CCCCCOC(=O)C(CCCCCCOc1ccc(/N=N/c2ccc([N+](=O)[O-])cc2)cc1)CCOC(=O)N(*)CCCCCCCCCC,-20.0
*CCCCCOC(=O)C(CCCCS(=O)(=O)O*)OCCCC,-40.0
*CCCCCOC(=O)C(Cc1ccccc1)C(=O)NCCCCCCOCCCS*,-20.0
*CCCCCOC(=O)CCCCC(=O)Oc1ccc(/C=C/C(=O)/C=C/c2ccc(OCCCCCCCCOc3ccc(-c4nnc(*)s4)cc3)cc2)cc1,15.0
*CCCCCOC(=O)CCCCCCC(=O)OCCCCCCOC(=O)c1ccc(/N=N/c2ccc(C(=O)N(*)C)cc2)cc1,45.0
*CCCCCOC(=O)CCCCCCCC(=O)OCCCCCCOC(=O)c1ccc(Sc2ccc(C(=O)O*)cc2)cc1,-20.0
*CCCCCOC(=O)CCCCCCCC(=O)OCCCOC(=O)c1ccc(C(=O)O*)cc1,-20.0
*CCCCCOC(=O)CCCCCS(=O)(=O)CCCCC(=O)O*,-20.0
*CCCCCOC(=O)CCSSCS*,-40.0
*CCCCCOC(=O)CNC(=O)CCCCCCCC(=O)NCCCCCCCCCCOC(=O)NCCOCCOCCOCCOCCOCCSS*,-40.0
*CCCCCOC(=O)CNc1ccc(S(=O)(=O)c2ccc(O*)cc2)cc1,45.0
*CCCCCOC(=O)CSC(=O)NCCC(=O)S*,-30.0
*CCCCCOC(=O)Cc1ccc(CC(=O)O*)c(CNC(=S)OC)c1,-10.0
*CCCCCOC(=O)NC(=O)c1ccc(C(=O)O*)cc1,45.0
*CCCCCOC(=O)NCC(CCCCCC)C(CCCCCC)C(=O)O*,-30.0
*CCCCCOC(=O)NCCCCCCCCNC(=O)OC(C)COC(=O)NCCCCCCNC(=O)O*,-20.0
*CCCCCOC(=O)NCCCCCCNC(=O)OCCOP(=O)(/C=N/c1ccc(/N=N/c2ccc(C(=O)Oc3ccc(C(*)=O)cc3)cc2)cc1)c1cccc(Oc2ccccc2)c1,85.0
*CCCCCOC(=O)NCCCNC(=O)O*,-20.0
*CCCCCOC(=O)NCCCSCCSCCNC(=O)O*,-30.0
*CCCCCOC(=O)NCc1ccc(CNC(=O)S*)cc1,15.0
*CCCCCOC(=O)NNC(=O)CCCCC(=O)NCCCNC(=O)c1ccc(O*)cc1,45.0
*CCCCCOC(=O)NNC(=O)OCCCCCCOC(=O)O*,-10.0
*CCCCCOC(=O)NSCCSCCCCCCSCCNSCCS*,-40.0
*CCCCCOC(=O)NSc1ccc(CCCc2ccc(NC(=*)CC)cc2)cc1,45.0
*CCCCCOC(=O)Nc1ccc(CCNc2ccc(N[N+]CC(=O)O)cc2)cc1*,85.0
*CCCCCOC(=O)Nc1ccc(Cc2ccc(NC(=O)OCC(C)CC(=O)O*)cc2)cc1,40.0
*CCCCCOC(=O)Nc1ccc(Oc2ccc(C(=O)O*)cc2)cc1,45.0
*CCCCCOC(=O)OC(=O)CCc1ccc(O*)cc1,-20.0
*CCCCCOC(=O)OCC(C)(C)NC(=O)O*,15.0
*CCCCCOC(=O)OCCCCCCCCOC(=O)OCCCCCOC(=O)c1ccc(C(=O)O*)cc1,-20.0
*CCCCCOC(=O)OCCCCCCOC(=O)OCCCCCCOC(=O)O*,-40.0
*CCCCCOC(=O)OCCCCCCOc1ccc(C(=O)Oc2ccc(OC(=O)c3ccccc3O*)cc2)cc1,45.0
*CCCCCOC(=O)Oc1ccc(OC(=O)CCCCCCC(=O)OC(C)COC(=O)c2ccc(O*)cc2)cc1,5.0
*CCCCCOC(=O)SSCCCCCCCCCCCCSCSCCSCCc1ccc(CNC(=O)O*)cc1,-30.0
*CCCCCOC(=O)c1cc(OCCOCCOCCOCCOCCOCCOCC)cc(C(=O)O*)c1,-30.0
*CCCCCOC(=O)c1ccc(C(=O)NCCNCCC(=*)CC)cc1,45.0
*CCCCCOC(=O)c1ccc(NC(=O)c2ccc(NC(=O)c3ccc4c(c3)C(=O)N(*)C4=O)cc2)cc1,180.0
*CCCCCOC(=O)c1ccc(OCCCCCCCCCCOc2ccc(-c3ccc(C(=O)O*)cc3)cc2)cc1,15.0
*CCCCCOC(=O)c1ccc(OCCCCCCCCCOCCCCO*)cc1SC,-35.0
*CCCCCOC(=O)c1ccc(Oc2ccc(C(=O)O*)cc2OCCCCOCC)cc1,10.0
*CCCCCOCCCCCCOC(=O)CCC(=O)O*,-55.0
*CCCCCOCCCCCCOCCCCO*,-60.0
*CCCCCOCCCCOC(=O)c1cc(C(=O)O*)ccc1C,-20.0
*CCCCCOCCCCOCCC(=O)NCCCCCCNC(=O)CCCCC(=O)N*,-20.0
*CCCCCOc1cc(CCCCCCOC(=O)CCCCC(=O)O*)cc(-c2ccc(C#N)cc2)c1,-20.0
*CCCCCOc1cc(OCCOCCOCCOC)ccc1O*,-40.0
*CCCCCOc1ccc(-c2ccc(O*)c(C#N)c2)cc1C,65.0
*CCCCCOc1ccc(/C=C/Cc2ccc(OCCCc3ccccc3)cc2)cc1OCCCCCCOc1ccc(N=*)cc1,15.0
*CCCCCOc1ccc(/C=C/c2ccc([N+](=O)[O-])cc2)c(S(=O)(=O)c2ccccc2Oc2ccc(NC(=O)c3ccccc3O*)cc2)c1,105.0
*CCCCCOc1ccc(C(=O)NCCCCCCCNC(=O)c2ccc(C(=O)SS*)cc2)cc1,45.0
*CCCCCOc1ccc(C(=O)Nc2ccc(Cc3ccc(C(=O)OCC(O)c4ccc(O*)cc4C)cc3)cc2)cc1,65.0
*CCCCCOc1ccc(C(=O)Nc2ccc(Oc3ccc(O*)c(C)c3)cc2Br)cc1C,65.0
*CCCCCOc1ccc(C(=O)Nc2ccc(Oc3ccc(O*)cc3)cc2)cc1,65.0
*CCCCCOc1ccc(C(=O)OCCOC(=O)c2ccc(OCCOc3ccc(C(C)(C)c4ccc(O*)cc4)cc3)cc2)cc1,45.0
*CCCCCOc1ccc(C(=O)Oc2ccc(OCCOc3ccc(O*)cc3)cc2)cc1,45.0
*CCCCCOc1ccc(C(CC)(CC)c2ccc(C(=O)Nc3ccc(S(*)(=O)=O)cc3)cc2)cc1,90.0
*CCCCCOc1ccc(CCCCCOc2ccc(OC(=O)c3cc(C(=O)O)c(C(=O)O*)cc3Cl)cc2)cc1[N+](=O)[O-],65.0
*CCCCCOc1ccc(CCOC(=O)c2cccc(C(=O)O*)c2)cc1Oc1ccccc1,15.0
*CCCCCOc1ccc(OCCCCOc2ccc(OC(=O)COc3ccc(C(=O)Oc4ccc(O*)cc4)cc3)cc2)c(O)c1,45.0
*CCCCCOc1ccc(Oc2ccc(C(=O)NCCNCC(=O)c3ccc(O*)cc3)cc2)c(O)c1,65.0
*CCCCCOc1ccc(S(=O)(=O)c2ccc(O*)c(OC)c2)cc1,45.0
*CCCCCOc1nc(CCCCCCCC)cc(*)c1OCCOCCOCCOCCOC,-40.0
*CCCCCS(=O)(=O)CCCC(=O)N*,45.0
*CCCCCS(=O)(=O)CCCC(=O)NCCCCCC(=O)O*,-20.0
*CCCCCS(=O)(=O)CCCNC(=O)CCCCCOC(=O)CCCCCCCCC(=O)O*,-30.0
*CCCCCS(=O)(=O)CCCS(=O)(=O)CCCSCSC(=O)N*,25.0
*CCCCCSC(=O)/C(C(=O)[NH][Sn][C](=O)CCCCC(=O)N*)=C(\C)c1ccccc1,45.0
*CCCCCSC(=O)CCCCCCCCCCCCCCCCCCCCCCCCC(=O)N*,-40.0
*CCCCCSC(=O)NCC(C)C(=O)N*,-20.0
*CCCCCSC(=O)NCCCCCNC(=O)O*,-30.0
*CCCCCSCCCCCCCCCCOC(=O)Cc1ccc(CCCC(=O)S*)cc1,-35.0
*CCCCCSSCCCCCNC(=O)CCCCCCCCC(=O)N*,-20.0
*CCCCCSSCCNC(=O)CCCCCCCCCCCCCCCC(=O)N*,-30.0
*CCCCCSSCCOC(=O)NCCCCCCNC(=O)O*,-20.0
*CCCCC[CH2][Fe]([CH3])([CH3])[CH2][Si](C)(C)CCCNC(=O)C(*)=O,-25.0
*CCCCC[CH2][Sn]([*])([CH3])[O][Si](C)(OC)OCCOCCOCCOC,-60.0
*CCCCC[N+](C)(C)CCCS(=O)(=O)CCCCC(=O)O*,-20.0
*CCCCC[N+](C)(C)CNC(=O)CCCCC(=O)N*,45.0
*CCCCC[N+](C)(C)CNC(=O)CCCCCNC(=O)C(=O)NCCCCCCNC(=O)C(=O)N*,45.0
*CCCCC[N+](C)(C)CNC(=O)O*,45.0
*CCCCC[N+](C)(C)CNC(=O)c1ccccc1C(*)=O,90.0
*CCCCC[N+](C)(C)C[Si](C)(C)C[Si](*)(C)C,-60.0
*CCCCC[N+](C)(NCC=C)c1ccc(-c2ccc([N+](=O)[O-])cc2)cc1C(=O)O*,85.0
*CCCCC[N+](CC)(CC)CCCCOC(=O)NC(C)C(=O)O*,25.0
*CCCCC[N+](CCCC)CCCC(=O)N*,45.0
*CCCCC[PH](*)(N=C)c1ccccc1,-20.0
*CCCCC[PH](C)(C)CCCN(*)C,-55.0
*CCCCC[Si](*)(C)CCCCCCc1ccccc1,-90.0
*CCCCC[Si](*)(C)c1c(F)c([2H])c(F)c(F)c1F,-50.0
*CCCCCc1ccc(C=*)cn1,-20.0
*CCCCCc1ccc(SC(=O)CCCCCCCCC(=O)S*)cc1,-30.0
*CCCCN(C)C(=O)CCC(=O)N*,25.0
*CCCCN(CCCCC)CC(C)C(=O)NCCCCC(=O)N*,-20.0
*CCCCN(CCSSCC)C(=O)C1CCCCOC(*)C1,-20.0
*CCCCNC(=O)C(*)Cc1ccccc1,45.0
*CCCCNC(=O)C(C(=O)Nc1ccc(Cc2ccc(NC(=O)OC(C)(C)C(O)C(C)O*)cc2)cc1)c1ccccc1,95.0
*CCCCNC(=O)C(CC)C(=*)CSC,-20.0
*CCCCNC(=O)C(CCC)S(=O)(=O)C(=*)O,45.0
*CCCCNC(=O)C(CCCCCCCCCCCCCc1ccccc1)C(=O)NCCCCCNC(=O)c1ccc(C(*)=O)cc1,35.0
*CCCCNC(=O)C(O)C(=O)O*,45.0
*CCCCNC(=O)C(OC)C(=O)NCCCCCCCCSC=*,-20.0
*CCCCNC(=O)CC(CSCCCCCCCCC)C(=O)N*,-30.0
*CCCCNC(=O)CCCCC(=O)NCCCCCCNC(=O)CCCCCCCCCCCCC(=O)O*,40.0
*CCCCNC(=O)CCCCC(=O)NCCCOCCO*,-30.0
*CCCCNC(=O)CCCCC(=O)NCCCS*,-20.0
*CCCCNC(=O)CCCCC(=O)NNC(=O)CCCCCC(=O)O*,45.0
*CCCCNC(=O)CCCCCCCCC(=O)NC(=O)C(=O)NCCCCCCN*,45.0
*CCCCNC(=O)CCCCCCCCC(=O)NCCCCCCNC(=O)C(C*)CCCCCCCC,-30.0
*CCCCNC(=O)CCCCCCCCC(=O)NCCCNC(=O)C(C)C(=O)N*,45.0
*CCCCNC(=O)CCCCCCCCCCC(=O)NCCCNC(=O)CCCCC(=O)N*,40.0
*CCCCNC(=O)CCCCCCCCCCCCC(=O)NCCCNC(=O)CCCOC(=O)N*,-20.0
*CCCCNC(=O)CCCCNC(=O)NCCCCCCNC(=O)SCCCC*,-20.0
*CCCCNC(=O)CCCCOC(=O)CCCCCCCC(=O)O*,-40.0
*CCCCNC(=O)CCS(=O)(=O)CC(C)(C)C(=O)N*,65.0
*CCCCNC(=O)CCc1cccc(CSC(=O)O*)c1,-10.0
*CCCCNC(=O)CSS*,-20.0
*CCCCNC(=O)Cc1cc(C(=O)O*)ccc1C(=O)Nc1ccccc1,90.0
*CCCCNC(=O)Cc1ccc(CNC(=O)N*)cc1,45.0
*CCCCNC(=O)Cc1ccc(CSC(=O)N*)c(C#N)c1,45.0
*CCCCNC(=O)NCc1ccc(C#Cc2ccc(C(*)=O)cc2)cc1,95.0
*CCCCNC(=O)NCc1ccc(CCCNC(=O)O*)cc1,40.0
*CCCCNC(=O)Nc1ccc(CCc2ccc(NSCCS*)cc2)cc1,65.0
*CCCCNC(=O)OCCCCCCOC(=O)Nc1ccc(Cc2ccc(NC(=*)C)cc2)c(OC)c1,55.0
*CCCCNC(=O)c1ccc(C(=O)N*)c(C(=O)OC)c1,90.0
*CCCCNC(=S)CC(CSC)C(=O)N*,15.0
*CCCCNS(=O)(=O)CCCCC(=O)N(*)CC,-20.0
*CCCCOC(=O)/C=C/C(=O)NOCCCCCCOCCCOCCOCCOCCOCCOCc1ccc(O*)cc1,-35.0
*CCCCOC(=O)/N=C/c1ccc(N(C)C)c(OCCCCCCCCCCCCCCCCOC(=O)CCCCCCCCC(=O)O*)c1,-20.0
*CCCCOC(=O)C(*)CC,-40.0
*CCCCOC(=O)C(C)S*,-30.0
*CCCCOC(=O)C(CCCC)C(=O)OCCCCOc1ccc(C(=O)COc2ccc(O*)cc2)cc1,20.0
*CCCCOC(=O)C(CCCCCCCCCCCCOc1ccc(-c2ccccc2)cc1)CCOC(=O)NCCCCCCOCCCNC(=O)O*,-30.0
*CCCCOC(=O)C(CCCCCCOc1ccc(C(=O)O*)cc1)c1ccc(/N=N/c2ccc(C#N)cc2)cc1,45.0
*CCCCOC(=O)C(COc1ccc(-c2ccc(OC)cc2)cc1)OC(=O)c1ccccc1O*,25.0
*CCCCOC(=O)C(OC)C(C)(C)COC(=O)N(C)c1ccc(O*)cc1,25.0
*CCCCOC(=O)C(OC)c1ccc(OCC(O)COc2ccc(C(=O)O*)cc2)cc1,45.0
*CCCCOC(=O)C/C(=C/C(=O)Nc1ccc(-c2ccc(NC(=O)O*)cc2)cc1)c1ccc(-c2ccc([N+](=O)[O-])cc2)cc1,120.0
*CCCCOC(=O)C/C(=N/C=C/C=C[N+](CCCC)CC(=O)N*)c1ccc(/N=N/c2ccccc2)cc1,95.0
*CCCCOC(=O)C/C(C#N)=C(/*)C,30.0
*CCCCOC(=O)CC(*)=O,-40.0
*CCCCOC(=O)CC(=O)OCCCCCOC(=O)c1ccc(C(*)=O)cc1,-30.0
*CCCCOC(=O)CCC(=O)OCCCCCCOC(=O)c1ccc(C(=O)O*)cc1,-30.0
*CCCCOC(=O)CCC(=O)OCCCCOC(=O)c1ccc(C(=O)CCc2ccc(O*)cc2)cc1,15.0
*CCCCOC(=O)CCCCC(=O)OCCCCCCOC(=O)COCCOCCOCCOCO*,-55.0
*CCCCOC(=O)CCCCC(=O)OCCCCCCOc1ccc(O/C(C)=C/c2ccc(O*)cc2)cc1,5.0
*CCCCOC(=O)CCCCCC(=O)OCCCCCCC(=O)O*,-55.0
*CCCCOC(=O)CCCCCCCCCCCCC(=O)OCCOc1ccc(O*)cc1,-20.0
*CCCCOC(=O)CCCCCCCCCCCCCCC(=O)SCC(C)CC(=O)O*,-55.0
*CCCCOC(=O)CCCCCCCCCCCCCCCCCCCC(=O)O*,-50.0
*CCCCOC(=O)CCCCCCCCCCCCCCNC(=O)c1ccc(C(=O)N*)cc1,15.0
*CCCCOC(=O)CCCCCCCOCCC(=O)O*,-55.0
*CCCCOC(=O)CCCSSCCC(=O)O*,-40.0
*CCCCOC(=O)CCC[SH](=S)=CCC(=O)N*,-20.0
*CCCCOC(=O)CCCc1ccc(NC(=O)O*)cc1,10.0
*CCCCOC(=O)CNC(=O)c1ccc(C(=O)N*)c(Oc2ccc(C#N)cc2)c1,95.0
*CCCCOC(=O)CSCCCCC(=O)OCCCOC(=O)O*,-35.0
*CCCCOC(=O)Cc1ccc(C)c(O*)c1,15.0
*CCCCOC(=O)NC(=O)CCCCCCC(=O)NCCCCCOCCOCCOCCO*,-35.0
*CCCCOC(=O)NC(CCCCCCCCOc1ccc(-c2ccc(OC)cc2)cc1)C(=O)O*,5.0
*CCCCOC(=O)NC(COC(C)=O)C1C(=O)OC(=O)C1*,45.0
*CCCCOC(=O)NC1=C(C=CNc2ccc(O*)cc2)C=C1C,90.0
*CCCCOC(=O)NCC(C)CCSSCCCC(=O)O*,-30.0
*CCCCOC(=O)NCC(C)NC(=O)CCCCC(=O)O*,-20.0
*CCCCOC(=O)NCCCCCCNC(=O)OCCCCCCCOc1ccc(-c2ccc(OCCCCCOC(=O)c3ccc(S(*)(=O)=O)cc3)cc2)cc1,15.0
*CCCCOC(=O)NCCCCCCNC(=O)OCCCCCOc1ccc(O*)cc1,10.0
*CCCCOC(=O)NCCCCCCNC(=O)OCCCOC(=O)OCCCOC(=O)OCCCCCCCCCOc1ccc(C(=O)Nc2ccc(O*)cc2)cc1,10.0
*CCCCOC(=O)NCCCCCCNC(=O)OCCO*,-30.0
*CCCCOC(=O)NCCCCCNC(=O)OCCCCCCOc1ccc(OC(=O)c2ccc(C(=O)OC(=O)c3ccc(O*)cc3)cc2)cc1,40.0
*CCCCOC(=O)NCCCCSCCCCCCCCCNC(=O)O*,-30.0
*CCCCOC(=O)NCCCSCC(=O)N*,-20.0
*CCCCOC(=O)NCCCSCCCCCSCCNC(=O)C(=O)NCCCCCCNC(=O)O*,-20.0
*CCCCOC(=O)NCCSCCSCCSCCNC(=O)O*,-30.0
*CCCCOC(=O)NNC(=O)CCCCC(=O)NCCCCCCCCC(=O)O*,15.0
*CCCCOC(=O)NNC(=O)CCCCC(=O)NCCCCCCCNC(=O)CCCCCCCCC(=O)N*,40.0
*CCCCOC(=O)NNC(=O)c1ccc(C(C)(C)c2ccc(C(=O)O*)cc2)cc1,65.0
*CCCCOC(=O)Nc1ccc(Cc2ccc(NC(=O)O*)c(C(C)(C)C)c2)cc1,90.0
*CCCCOC(=O)Nc1ccc(Cc2ccc(S(=O)(=O)O*)c(N)c2)cc1,85.0
*CCCCOC(=O)Nc1ccc(NC(=O)OCCOC(=O)c2ccc(S(*)(=O)=O)cc2)cc1,65.0
*CCCCOC(=O)Nc1ccc(Sc2ccc(NC(=O)O*)cc2)cc1,65.0
*CCCCOC(=O)Nc1cccc(OCCOCCOCCOCCOCCOCCOc2cccc(NC(=O)O*)c2)c1,-30.0
*CCCCOC(=O)OC1CC(*)NC(C(=O)OCC)C1,40.0
*CCCCOC(=O)OCCCCCCCCCCCCOc1ccc(OC(=O)c2ccc(C(=O)OC(=O)c3ccc(C(=O)Oc4ccc(C(*)=O)cc4)cc3)cc2)cc1,45.0
*CCCCOC(=O)OCCCCCCCCCCOC(=O)OCCCCOC(=O)Nc1ccc(C(C)(C)/C=C/c2ccc(C(=O)O*)cc2)cc1,15.0
*CCCCOC(=O)OCCCCCCCCCNC(=O)OCCCCOCCOC(=O)Nc1ccc(/N=N/c2ccc(CCCCCC(=O)O*)cc2)cc1,15.0
*CCCCOC(=O)OCCCCCCCCCOC(=O)OCCCCOC(=O)OCCCCCCOc1ccc(C(C)(C)c2ccc(O*)cc2)cc1,15.0
*CCCCOC(=O)OCCCCCCOC(=O)OCCCCCCOC(=O)OCCCCCCOc1ccc(C(C)(C)c2ccc(OC(=O)COc3ccc(C(=O)O)c(O*)c3)cc2)cc1,45.0
*CCCCOC(=O)OCCCCCCOC(=O)OCCCCOC(=O)c1ccnc(/N=C/c2ccc(OCC[Si](C)(C)O*)cc2)c1,-10.0
*CCCCOC(=O)OCCOc1ccc(/C=C/c2ccc(/N=C/c3ccccc3)cc2)cc1*,65.0
*CCCCOC(=O)Oc1ccc(CC(C(=O)CCCCCCC(=O)c2ccc(C(=O)Nc3ccc(O*)cc3)cc2)c2ccccc2)cc1,45.0
*CCCCOC(=O)SCCSCCSCCNC(=O)O*,-30.0
*CCCCOC(=O)SSCCCCS(=O)(=O)CCC(=O)O*,-15.0
*CCCCOC(=O)c1ccc(-c2ccc(C(=O)NCCCCCCCCCCCCNC(=O)c3ccc(C(=O)O*)cc3)cc2)cc1,55.0
*CCCCOC(=O)c1ccc(C(=O)NCCCCCCNC(=O)c2ccc(*)s2)cc1,45.0
*CCCCOC(=O)c1ccc(C(=O)NCCOC(=O)c2ccc(C(=O)O*)cc2)cc1,55.0
*CCCCOC(=O)c1ccc(C(=O)OCCCc2ccc(O*)cc2)cc1,40.0
*CCCCOC(=O)c1ccc(C(=O)Oc2ccc(C(=O)O*)cc2)cc1,90.0
*CCCCOC(=O)c1ccc(COC(=O)CCc2ccc(CC(=O)O*)cc2)cc1,-20.0
*CCCCOC(=O)c1ccc(NC(=O)CCCCC(=O)NCc2cccc(C(=O)O*)c2)cc1,65.0
*CCCCOC(=O)c1ccc(NC(=O)CCCCCCCC(=O)Nc2ccc(*)nn2)cc1,90.0
*CCCCOC(=O)c1ccc(NC(=O)CCCCCCCCC(=O)Oc2ccc(O*)cc2)cc1,45.0
*CCCCOC(=O)c1ccc(NC(=O)c2ccc(C(=O)NNC(=O)c3ccc(O*)cc3)cc2)cc1,130.0
*CCCCOC(=O)c1ccc(OCCOc2ccc(C(=O)Oc3ccc(O*)cc3)cc2)cc1,90.0
*CCCCOC(=O)c1ccc(S(=O)(=O)CCS(=O)(=O)c2ccc(C#N)cc2)cc1-c1ccc(OCCOCCCCOCCOc2ccc(/N=C/c3ccc(OCCCCCCCC)cc3)cc2)c(O*)c1O,45.0
*CCCCOC(=O)c1ccccc1C(*)=O,45.0
*CCCCOCC(*)OC(=O)CCCCCCC(=O)OCCCCC,-55.0
*CCCCOCCCCCCCCCOC(=O)C(CCCCCCCNC(=O)O*)c1ccc(/N=N/c2ccc(Br)cc2)cc1,15.0
*CCCCOCCCCCCCCOC(=O)NCCCCCCNC(=O)O*,-40.0
*CCCCOCCCCCCCOC=CC(COc1ccc(-c2ccc(OCCCCCCCCCC)cc2)cc1)C(=O)O*,-15.0
*CCCCOCCCCCOC(=O)CCCCCCCCCCCCCCCCCCCCCCCCCCC(=O)O*,-55.0
*CCCCOCCCCCOC(=O)c1ccc(C(=O)NCCCCSCCSCCCNC(=O)O*)cc1,10.0
*CCCCOCCCCOC(=O)CCCCCCCCCCCCCCCCC(=O)O*,-55.0
*CCCCOCCCCOC(=O)c1ccc(-c2ccc(-c3ccc(O*)cc3)cc2)cc1,45.0
*CCCCOCCCCOCCCCCCCCOC(=O)CCc1ccc(CCCCCCCCO*)cc1,-40.0
*CCCCOCCCCOCCCCOC(=O)c1ccc(C(=O)NCCCCOC(=O)c2ccc(C(=O)O*)cc2)cc1,15.0
*CCCCOCCCCOCCOC(=O)CCCS*,-55.0
*CCCCOCCCCOCCSCCO*,-55.0
*CCCCOCCCS(=O)(=O)CCCCC(=O)O*,-30.0
*CCCCOCCN(*)C(=O)CCCCC(=O)OCCCCC,-40.0
*CCCCOCCOCCOCCOCCOC(=O)CCCCCC(=O)O*,-55.0
*CCCCOCOC(=O)c1ccc(C(=O)c2ccc(C(=O)O*)cc2)cc1,45.0
*CCCCOP(=O)(/N=C/c1ccc(/N=N/c2ccc(CCCCCC)cc2)cc1)C(=O)NC(=O)CCCCCCCC(=O)/C=C/C=C(/*)C,15.0
*CCCCOP(=O)(O*)OCC(C)=O,-35.0
*CCCCOS(=O)(=O)c1ccc(-c2ccc(NC(=O)CCCCCCCCC(=O)Oc3ccc(C(=O)Oc4ccc(O*)cc4)cc3)cc2)cc1,65.0
*CCCCOc1cc(OCC(O)CO)c(*)cc1OC,25.0
*CCCCOc1ccc(*)c(OC(=O)c2ccccc2)c1,45.0
*CCCCOc1ccc(/C(C)=C/c2ccc(/N=C(\c3ccccc3)c3ccc(O*)cc3)cc2)cc1,95.0
*CCCCOc1ccc(/C=C/C(=O)/C=C/c2ccc(OC(=O)COc3ccc(C(C)(C)c4ccc(O*)cc4)cc3)cc2)cc1,55.0
*CCCCOc1ccc(/C=C/C(=O)Oc2ccc(O*)cc2)cc1,45.0
*CCCCOc1ccc(/C=C/c2ccc(-c3ccc(-c4ccc(O*)cc4)cc3)cc2)cc1,90.0
*CCCCOc1ccc(/C=C/c2ccc(/C=C/c3ccc(*)c([SH](=O)=O)c3)cc2)cc1,130.0
*CCCCOc1ccc(/C=C/c2ccc(OCCCCO*)cc2)cc1,65.0
*CCCCOc1ccc(/C=N/CCCCCCCC/C=C/c2cc(OCCCCCCCCCC)c(C)c(O*)c2Br)cc1OC,-20.0
*CCCCOc1ccc(C(=O)/C=C/c2ccc(O*)cc2)cc1,45.0
*CCCCOc1ccc(C(=O)CCCCNC(=O)c2ccc(C(=O)O*)cc2C)cc1,45.0
*CCCCOc1ccc(C(=O)Nc2ccc(Cc3ccc(NC(=O)c4ccc(C(=O)Nc5ccc(O*)cc5)cc4)cc3)cc2)cc1,160.0
*CCCCOc1ccc(C(=O)Nc2ccc(OCCCCCC)cc2)cc1C(=O)OCCCCCCOC(=O)NC(=O)COc1ccc(C(=O)O*)cc1,35.0
*CCCCOc1ccc(C(=O)OCCN(c2ccccc2)c2ccc(O*)cc2)cc1,45.0
*CCCCOc1ccc(C(=O)OCCSCCCCCOc2ccc(C(=O)Oc3ccc(O*)cc3)cc2)cc1,10.0
*CCCCOc1ccc(C(=O)Oc2ccc(O*)cc2Oc2ccccc2)cc1,65.0
*CCCCOc1ccc(C(=O)c2ccc(OCc3ccc(O*)cc3)cc2)cc1,50.0
*CCCCOc1ccc(C(CC)c2cc(OC)c(O*)c(OC)c2)cc1OCCCCCCCCCC,-20.0
*CCCCOc1ccc(CCCCNC(=O)c2ccc(C(=O)S*)cc2)cc1,25.0
*CCCCOc1ccc(CCCCc2ccc(-c3cc(C)c(-c4cc(CCCCCC)c(*)cc4C)c(OC)c3)cc2Br)cc1,45.0
*CCCCOc1ccc(CCNC(=O)c2ccc(/C=N/P(=O)(O)OC3(O)COC(=O)c4ccc(O*)cc4C3=O)cc2)cc1,85.0
*CCCCOc1ccc(CCOC(=O)CCCCCOC(=O)c2ccccc2)cc1OC(=O)CCCCCCCCC(=O)O*,-20.0
*CCCCOc1ccc(COC(=O)c2ccc(OCCOc3ccc(C(=O)O*)cc3)cc2)cc1,45.0
*CCCCOc1ccc(OC(=O)Cc2cccc(C(=O)O*)c2)cc1,35.0
*CCCCOc1ccc(Oc2ccc(-c3ccc(O*)cc3-c3ccccc3)cc2)cc1,75.0
*CCCCOc1ccc(Oc2ccc(OC(=O)CCNCC(*)=O)cc2)cc1,45.0
*CCCCOc1ccc(S(=O)(=O)CCc2ccc(OCCCCCCCCOC(*)=O)cc2)cc1,-20.0
*CCCCOc1ccccc1C(=O)OC(=O)c1ccc(O*)cc1,45.0
*CCCCP(C)(=O)CCCCCCC(=O)NCc1ccc(C(=O)N*)cc1,15.0
*CCCCP(C*)CCCCCCCCCCCCCCCN,-60.0
*CCCCP(CC(=O)N/C=C/c1ccc(/N=N/c2ccc(C(=O)S*)cc2)cc1)c1ccc(/N=N/c2ccc(C#N)cc2)cc1,130.0
*CCCCP(CC(=O)O*)c1ccccc1,-20.0
*CCCCP(CCCC)NC(=O)CCCCCC(*)=O,-40.0
*CCCCP(CCCCNC(=O)c1ccc(C(=O)O*)c(OC)c1)C(F)(F)C(=O)OC(C)(C)C,45.0
*CCCCS(=O)(=O)CC(C)(C)CNC(=O)O*,45.0
*CCCCS(=O)(=O)CCCCCS(=O)(=O)CCCCC(=O)O*,-20.0
*CCCCS(=O)(=O)CCCSSCCCS*,-20.0
*CCCCS(=O)(=O)CS(=O)(=O)CCCCCO*,25.0
*CCCCS(=O)(=O)NC(=O)c1ccccc1C(=O)NCCCCCNC(=O)Nc1ccc(CCNC(=O)N*)cc1,95.0
*CCCCSC(=O)NCCCCCCNC(=O)CCCCCCCCCCCCC(=O)O*,-35.0
*CCCCSC(=O)Nc1ccc(C(C)(C)c2ccc(C(=O)O*)cc2)cc1,45.0
*CCCCSC(=O)c1ccc(C(=O)NCCCCNC(=O)c2ccc(C(=O)O*)cc2)cc1,45.0
*CCCCSCCCCCCC(=O)N*,-40.0
*CCCCSCCCCCCOC(=O)CCCCC(=O)N*,-40.0
*CCCCSCCCCCOC(=O)COCC(*)=O,-50.0
*CCCCSCCCCS(=O)(=O)CCCCC(=O)N*,-20.0
*CCCCSCCCCSS*,-60.0
*CCCCSCCCC[SH](C)(C)COC(=O)CCCCCCCCCCCCC(CC(=O)S*)c1ccccc1,-40.0
*CCCCSCCNC(=S)N*,-20.0
*CCCCSCOCCOCCOc1ccc(C(=O)OCCOC(=O)c2ccc(O*)cc2)cc1,-10.0
*CCCCSSC(=O)NCCCCCCCNC(=O)O*,-20.0
*CCCCSSCCCCCCSSCCNC(=O)/C=C/C(=O)N*,-20.0
*CCCCSSCCCCS(=O)(=O)CCCS(=O)(=O)CCCCNC(*)=O,15.0
*CCCC[N+](C)(C)CCCCCCOC(=O)C/C=C/CC(=O)O*,-30.0
*CCCC[PH](*)(C)CC,-60.0
*CCCC[SH](c1ccccc1)C(*)C(=O)OCCc1ccc(OC)cc1C,45.0
*CCCC[Si](*)(C)CCCCOc1ccc(-c2ccc(C(=O)OCC)cc2)cc1,-20.0
*CCCC[Si](*)(C)CCCOc1ccc(COC(C)=O)cc1,-40.0
*CCCC[Si](*)(C)CC[N+](C)(CC)c1ccccc1,-30.0
*CCCC[Si](*)(CCCC)CCCCC,-80.0
*CCCC[Si](C)(C)CCCCCCOC(=O)c1cccc(C(=O)O*)c1,-40.0
*CCCC[Si](C)(C)O[Si](C)(C)O[Si](*)(C)C[Si](C)(C)C,-110.0
*CCCC[n+]1cc(C(C)(C)C)c(C(*)=O)cc1OCCCn1c2ccccc2c2ccccc21,145.0
*CCCCc1cc(/C=C/c2ccc(-c3ccc(*)[nH]3)o2)cc(C(C)(C)C)c1,95.0
*CCCCc1ccc(-c2ccc(*)cc2)cc1,40.0
*CCCCc1ccc(-c2ccc(N=*)c(SC)c2)cc1CCCCCC,85.0
*CCCCc1ccc(/C=C/c2ccc(N(*)c3ccc(C#N)nc3)cc2)cc1,110.0
*CCCCc1ccc(CCNC(=O)CCCC(=O)N*)cc1,35.0
*CCCCc1ccc(CNC(=O)CCCCCCC(=O)N*)cc1,45.0
*CCCCn1cccc1C(=O)c1cccc(C(=O)N(*)C)c1,130.0
*CCCN(*)C(=O)CCCCC(F)(F)C(F)(F)C(F)(F)C(F)(F)C(F)(F)C(F)(F)F,-25.0
*CCCN(*)C(=O)c1cccc(I)c1,60.0
*CCCN(*)CC(C)CO,-30.0
*CCCN(*)c1cccc(Br)c1,30.0
*CCCN(C)C(=O)C(=O)N(*)CCCCC,45.0
*CCCN(C)[Si](*)(Oc1ccc(C)cc1)c1ccccc1,-20.0
*CCCN(CC(*)=O)c1ccc(OC)cc1,45.0
*CCCN(CC(C)C)C(=O)CCc1ccc(Cc2ccc(N=*)cc2)cc1,45.0
*CCCN(CC)C(=O)C(C)NC(=O)CC(C)SC(=O)N*,45.0
*CCCN(CC)S(=O)(=O)c1cc(N=*)cc(C(C)(C)C)c1,85.0
*CCCN(CCCC)C(=O)CCCCC(=O)NCCCCCCCCCCNC(*)=O,25.0
*CCCN(CCCC)CO*,-40.0
*CCCN(CCOC(=O)CCCCC(=O)O*)c1ccc(F)cc1,-30.0
*CCCN(CCOC(=O)Cc1ccc(C#N)cc1)C(=O)S*,15.0
*CCCN(CCOC(=O)Nc1ccc(C)c(C=*)c1)c1ccc(Cl)c(C)c1,45.0
*CCCN(CCOC(=O)Nc1ccccc1)C(=O)Oc1ccc(OC(=O)CCCCc2ccc(/N=N/c3ccc(C=*)cc3)cc2)cc1,55.0
*CCCN(COC(=O)NCCCCCCNC(=O)O*)Cc1ccccc1,-20.0
*CCCN1C(=O)c2ccc(C(=O)c3ccc4c(c3)C(=O)N(*)C4=O)cc2C1=O,285.0
*CCCNC(*)=O,40.0
*CCCNC(=O)C(/C=C/c1ccc(C(=O)O*)cc1)C(F)(F)F,80.0
*CCCNC(=O)C(C)NC(=O)C(=O)N*,90.0
*CCCNC(=O)C(C)NC(=O)NCC#CC#CCOC(=O)NCCCCCNC(=O)S*,45.0
*CCCNC(=O)CC/C=C/C(CC(C)(C)CCl)C(=O)N*,25.0
*CCCNC(=O)CCC(=O)NCC(*)=O,45.0
*CCCNC(=O)CCC(=O)NCCCO*,45.0
*CCCNC(=O)CCC(=S)N*,20.0
*CCCNC(=O)CCC(C)NC(=O)CCCCCCNS(*)=O,45.0
*CCCNC(=O)CCCCC(=O)NCC(=O)N*,50.0
*CCCNC(=O)CCCCC(=O)NCCCCCCNC(=O)CCCCCOC(=O)c1ccc(NC(=O)C(=O)Cl)c(NC(=O)O*)c1,65.0
*CCCNC(=O)CCCCCC(=O)NCCCCCCOCCCCCCNC(=O)C(=O)N*,30.0
*CCCNC(=O)CCCCCC(=O)NCCCNC(=O)C(=O)N*,60.0
*CCCNC(=O)CCCCCC(=S)N*,-20.0
*CCCNC(=O)CCCCCCC(=O)NCCC/C=C/C(=C=*)C#N,45.0
*CCCNC(=O)CCCCCCCCC(=O)NC(=O)CCCCC(=O)NCCCCCC(=O)O*,45.0
*CCCNC(=O)CCCCCCCCCCCCC(=O)NCCCCCCCNC(=O)C(=O)Nc1nc(*)nc(N(CC)c2ccccc2)n1,65.0
*CCCNC(=O)CCCCCCCCCCCCCCCCC(=O)NCCCCOCCO*,-30.0
*CCCNC(=O)CCC[N+](C)(C)CNC(=O)O*,45.0
*CCCNC(=O)CCCc1ccc(C(C)(C)c2ccc(C(=O)O*)cc2)cc1,45.0
*CCCNC(=O)CCOC(=O)c1ccc(C(=O)NC(C)CCNC(=O)c2ccc(C(=O)O*)cc2)cc1,65.0
*CCCNC(=O)CCS(=O)(=O)C(C)SNC(=O)C(*)=O,45.0
*CCCNC(=O)Cc1ccc(CN(C)C(=O)N*)c(OCCO)c1,45.0
*CCCNC(=O)Cc1ccc(Cc2ccc(NC(=O)N*)cc2)cc1,90.0
*CCCNC(=O)NCCC(=O)NCCCCCCNC(=O)C1CCC(*)C1,45.0
*CCCNC(=O)NCCCCCCCCCNC(=O)NCCCCCCNC(=O)N*,50.0
*CCCNC(=O)NCCSCCCCCNC(*)=O,-20.0
*CCCNC(=O)OC(C)(C)CC(C)(C)C(=O)N*,55.0
*CCCNC(=O)OCc1ccc(COC(=O)CCCCSC(=O)O*)cc1,20.0
*CCCNC(=O)SCCc1ccc(CCc2ccc(C(=O)N*)cc2)cc1,25.0
*CCCNC(=O)c1c(C)ccc(C)c1*,90.0
*CCCNC(=O)c1ccc(C(=*)CCCC)cc1,45.0
*CCCNC(=O)c1ccc(C(=O)N*)c(OCCCCCCCC)c1,45.0
*CCCNC(=O)c1ccc(C(=O)N*)c(OCCCCCCCCCCCC)c1,25.0
*CCCNC(=O)c1ccc(C(=O)NCCCS*)cc1,60.0
*CCCNC(=O)c1ccc(C(C)(C)c2ccc(C(=O)N*)c(OC)c2)cc1OC,130.0
*CCCNC(=O)c1ccc2c(c1)C(=O)N(c1ccc(C)c(N3C(=O)c4ccc(C(*)(C(F)(F)F)C(F)(F)F)cc4C3=O)c1)C2=O,285.0
*CCCOC(=O)C(C)NC(=O)CCCCCCC(=O)O*,-30.0
*CCCOC(=O)C(CCCCCCCCCC)S(=O)(=O)CCS(=O)(=O)CCCCC(=O)O*,-25.0
*CCCOC(=O)C(CCCCCCCCCOC(=O)NCCCCCCCCCCNc1ccc(/N=N/c2ccccc2)cc1)C(=O)O*,15.0
*CCCOC(=O)C(CCCCCCOc1ccc(-c2ccc(CC)cc2)cc1)C(=O)O*,-20.0
*CCCOC(=O)C(CCCCCOC(=O)O*)CSCC,-40.0
*CCCOC(=O)C(CC[N+](CO)CCC)C(C)SS(=O)(=O)CCCCC(=O)O*,-20.0
*CCCOC(=O)C(Cc1cccc([N+](=O)[O-])c1)C(=O)O*,45.0
*CCCOC(=O)C(Cc1ccccc1)C(CCNC(=O)O*)C(=O)OC,45.0
*CCCOC(=O)C(OCCCCCCCCCOCC)C(=O)O*,-40.0
*CCCOC(=O)C1CCC(c2ccc(OC(=O)COc3ccc(C(C)(C)c4ccc(O*)cc4)cc3)cc2)CC1,45.0
*CCCOC(=O)CC/C=C/CCCCCCCC(=O)O*,-55.0
*CCCOC(=O)CC=C(C#N)CO*,45.0
*CCCOC(=O)CCC(C)N(CCCCC)C(=O)O*,-30.0
*CCCOC(=O)CCCC(=O)OCCCCCOc1ccc(C(=O)Oc2cc(C)cc(OC(=O)CCCOC(=O)c3ccc(O*)cc3)c2)cc1C,15.0
*CCCOC(=O)CCCCCC(=O)OO*,-55.0
*CCCOC(=O)CCCCCOC(=O)c1ccc(C(=O)O*)cc1,-20.0
*CCCOC(=O)CCCCSSCCC(=O)O*,-45.0
*CCCOC(=O)CCc1ccc(C(=O)O*)cc1,-20.0
*CCCOC(=O)CNC(=O)CCc1ccc(Cc2ccc(C(=O)O*)cc2)cc1,45.0
*CCCOC(=O)COCC(O)C(O*)C(F)(F)F,-20.0
*CCCOC(=O)CSCCCCC(=O)OCCOC(=O)c1cccc(C(=O)O*)c1,-20.0
*CCCOC(=O)N(*)c1ccc(N(C)C)cc1,65.0
*CCCOC(=O)NC(=O)CCCOC(=O)CCCCC(=O)O*,-40.0
*CCCOC(=O)NC(=O)NCCSSCCNNCCNC(=O)O*,15.0
*CCCOC(=O)NC(=O)OCCCCCCCCCCCCCCOc1ccc(OC(=O)CCCCCOc2ccc(C(=O)Oc3ccc(O*)cc3)cc2)cc1,-10.0
*CCCOC(=O)NC1CCCCC1NC(=O)O*,60.0
*CCCOC(=O)NCC(=O)OCCCCCCCCOC(=O)OCCCCOC(=O)C(O)C(CO)O*,-20.0
*CCCOC(=O)NCCCCCCNC(=O)OCCCCN1CCN(*)CC1,-20.0
*CCCOC(=O)NCCCCCCNC(=O)OCCCCOc1ccc(/C=C/c2ccc(O*)cc2)cc1,40.0
*CCCOC(=O)NCCCCCCNC(=O)OCCCCOc1ccc(C(=O)O*)cc1,15.0
*CCCOC(=O)NCCCCCCNCCCCCCNC(=O)O*,-20.0
*CCCOC(=O)NCCCSSSCCCCSCSCCCSCCS*,-30.0
*CCCOC(=O)NCCNCCSCCCCCCNC(=O)O*,-30.0
*CCCOC(=O)NCCS*,-30.0
*CCCOC(=O)NCc1ccc(CNc2cccc(NC(=O)O*)c2)cc1,65.0
*CCCOC(=O)NNC(=O)c1ccc(/N=N/c2ccccc2)cc1[Si](C)(C)C[Si](C)(C)CCSCC(=O)O*,45.0
*CCCOC(=O)Nc1cc(C)cc(NC(=O)CCCCC(=O)N(*)C)c1,65.0
*CCCOC(=O)Nc1ccc(Cc2ccc(NC(=O)NC(=O)O*)cc2)cc1,90.0
*CCCOC(=O)OC(=O)O*,-20.0
*CCCOC(=O)OCC(C)(C)COC(=O)O*,-20.0
*CCCOC(=O)OCCCCCCCCOC(=O)OC(C)O*,-40.0
*CCCOC(=O)OCCCCCCOC(=O)OC(C)CCOC(=O)C(CC(C)O)C(=O)O*,-20.0
*CCCOC(=O)OCCCCCCOC(=O)OCCCCCCOC(=O)c1cccc(C(=O)OC(=O)c2ccc(C(=O)O*)cc2)c1,5.0
*CCCOC(=O)OCCC[PH](C)(C)O[Si](C)(C)OC(=O)c1ccc(C(=O)O*)cc1,-20.0
*CCCOC(=O)Oc1ccc(-c2ccc(O*)cc2)cc1,90.0
*CCCOC(=O)SCC(=O)OCCOC(=O)O*,-30.0
*CCCOC(=O)SCSCC(=O)O*,-30.0
*CCCOC(=O)SNc1ccccc1NC(=O)N*,65.0
*CCCOC(=O)[SH]C(=O)OCCCCCOc1ccc(N(*)c2ccc(OC)cc2)cc1,10.0
*CCCOC(=O)c1c(N)ccc(C)c1O*,45.0
*CCCOC(=O)c1ccc(C(*)=O)cc1Cl,45.0
*CCCOC(=O)c1ccc(C(=O)NNC(=O)CCCCCCCCC(=O)Nc2cccc(C(=O)O*)c2)cc1,85.0
*CCCOC(=O)c1ccc(C(=O)Nc2ccc(C(=O)OC(=O)c3ccc(C(=O)OC(C)O*)cc3)cc2)cc1,130.0
*CCCOC(=O)c1ccc(NC(=O)/C=C/C(=O)OCCCCCCCCN(*)c2ccc([N+](=O)[O-])cc2)cc1,45.0
*CCCOC(=O)c1ccc(NC(=O)CCCCCCCCCCCCCCC(=O)Nc2ccc(C(=O)Sc3ccc(C(=O)Nc4cccc(C(=O)O*)c4)c(OC)c3)cc2)cc1,65.0
*CCCOC(=O)c1ccc(NC(=O)CCN(C)c2ccc(C(=O)N*)cc2)cc1,85.0
*CCCOC(=O)c1cccc(C(=O)OCCCCC(=O)O*)c1,-30.0
*CCCOC(=O)c1cccc(C(=O)OCc2ccc(O*)cc2)c1,45.0
*CCCOCCCCCCOC(=O)C(CCCCCCCCCC)C(=O)O*,-55.0
*CCCOCCCCCCOC(=O)Cc1ccc(CCc2ccc(C(=O)N*)cc2)cc1,5.0
*CCCOCCCCC[N+](C)(C)O*,-20.0
*CCCOCCCCOCCCCCCCOC(=O)c1ccc(C(=O)NCCCCCCCCCCSCCCCCOCCNC(*)=O)cc1,-20.0
*CCCOCCCCOCCCCCOC(=O)CCCCCCCCCCCCC(=O)O*,-55.0
*CCCOCCCCOCCCCOCCCCCCOCCCCO*,-60.0
*CCCOCCCCOCCOCCOC(=O)NC(CCCCCCCCC)C(=O)O*,-40.0
*CCCOCCCCOP(=O)(O*)c1ccc(O)c(OC)c1,-15.0
*CCCOCCN(CCOCCOCCOC)O*,-55.0
*CCCOCCOC(=O)c1ccc(C(C)(C)c2ccc([Si](c3ccccc3)c3ccc(C(=O)N*)cc3)cc2)cc1,75.0
*CCCOCCOCCCCOC(=O)CCCCCCCCCCCCC(=O)O*,-55.0
*CCCOCCOCCOC(=O)c1ccc(NC(=O)OCCCc2ccc(/N=N/P(=O)=O)cc2)cc1-c1ccccc1-c1ccccc1Cc1ccc(*)cc1,65.0
*CCCOCCOCCOCCOC(=O)c1ccc(C(=O)O*)cc1,-30.0
*CCCOP(=O)(/C=C/c1ccc(*)cc1)C(=O)OCCCCOCCOC(=O)c1ccc(/C=C/c2ccccc2)cc1,25.0
*CCCOP(=O)(CC(F)(F)C(F)(F)C(F)(F)C(F)(F)C(F)(F)F)C(=O)CC(=O)N(*)C,25.0
*CCCOP(=O)(O*)SC,-30.0
*CCCOc1ccc(/C=C/c2ccc(C(=O)Nc3ccc(O*)cc3)cc2)cc1,130.0
*CCCOc1ccc(/C=C2\CCCCC/C(=C\c3ccc(O*)cc3)C2)cc1OC,65.0
*CCCOc1ccc(C(=O)CNc2ccc(O*)cc2)cc1,65.0
*CCCOc1ccc(C(=O)NCCCNC(=O)c2cccc(C(=O)O*)c2)cc1,65.0
*CCCOc1ccc(C(=O)Nc2ccc(/C=N/NC(=O)c3ccc(O*)cc3)cc2)cc1,160.0
*CCCOc1ccc(C(=O)OCCCCCCCCCCCOP(=O)(OC)c2ccc(O*)cc2)cc1,-20.0
*CCCOc1ccc(C(=O)OCCCCCCOc2ccc(O*)cc2)cc1,-10.0
*CCCOc1ccc(C(=O)OCCOCCOC(=O)c2ccc(O*)cc2C)cc1,15.0
*CCCOc1ccc(CCC(=O)[SH]c2ccc(O*)c(OC)c2)cc1,15.0
*CCCOc1ccc(Cc2ccc(O*)cc2Sc2ccccc2)cc1,45.0
*CCCOc1ccc(NC(=O)CCCCCCCC(=O)Nc2ccc(C)cc2C(=O)O*)cc1,90.0
*CCCOc1ccc(OC(=O)CCCCCCCS(=O)(=O)Oc2ccc(S(*)(=O)=O)cc2)cc1,25.0
*CCCOc1ccc(S(=O)(=O)c2ccc(O*)c(OC)c2)cc1OC,95.0
*CCCOc1ccc(S(=O)(=O)c2ccc(Oc3ccc(O*)cc3CCCC)cc2)cc1,65.0
*CCCOc1cccc(C(=O)Oc2cccc(C3(*)OC(=O)c4ccccc43)c2)c1,130.0
*CCCOc1cccc(N(*)c2ccccc2)c1,45.0
*CCCP(*)(=O)CCCCCS(=O)(=O)[O][Na],25.0
*CCCP(=O)(/C=C/c1ccc(-c2ccc(*)o2)cc1)c1ccc(/C=C(/C(F)(F)F)[Si](F)(F)F)cc1,95.0
*CCCP(=O)(NC(=O)O*)OCCOCCOCCOC,-40.0
*CCCP(=O)(O*)OCCOCCOC,-50.0
*CCCP(=O)(OC)C(C)N(*)C(=O)OCC,25.0
*CCCP(C)(=O)CCC[N+](C)(C)CCCCCCNC(=O)NCCCCCCCCCNC(=O)O*,-20.0
*CCCP(C)(=O)CCc1ccccc1C(*)=O,15.0
*CCCP(CC)C(=O)N*,-20.0
*CCCP(CCCCC)CCCCCCOc1ccc(C(C)(C)c2ccc(O*)c(OC)c2)cc1OC,15.0
*CCCP(CCCCCCCCCCCCC)COC(=O)CCCCCCC(=O)O*,-45.0
*CCCP(CCCCN)C(=O)CCCCCCCCCCCCCC(=O)N*,-40.0
*CCCP(CCOCCOC)C(=O)N*,-30.0
*CCCP(COC(=O)c1cccc(C(*)=O)c1)c1ccccc1,45.0
*CCCS(=O)(=O)CC(C)S(=O)(=O)CCC(=O)O*,45.0
*CCCS(=O)(=O)CCC(=O)NSC(=O)C(=O)N*,85.0
*CCCS(=O)(=O)CCCC(=O)NNC(=O)CCCOC(=O)CCCCC(=O)O*,45.0
*CCCS(=O)(=O)CCCCC(=O)NCCCCCCNC(=O)c1ccc(*)cc1,65.0
*CCCS(=O)(=O)CCCCC(=O)Nc1ccc(-c2ccc(NC(=O)N*)cc2)cc1,120.0
*CCCS(=O)(=O)CCCCC(=O)Nc1ccc(Cc2ccc(NC(=O)SC(=O)N*)c([N+](=O)[O-])c2)cc1,105.0
*CCCS(=O)(=O)CCCCC(=S)N*,45.0
*CCCS(=O)(=O)CCCCCC(=O)O*,-20.0
*CCCS(=O)(=O)CCCCCCSSCCSCSCCS*,-30.0
*CCCS(=O)(=O)CCCCCS(*)(=O)=O,15.0
*CCCS(=O)(=O)CCCS(=O)(=O)CCC(=O)N*,90.0
*CCCS(=O)(=O)CCCS(=O)(=O)CCCC(=O)O*,25.0
*CCCS(=O)(=O)CCCSSSS*,-20.0
*CCCS(=O)(=O)CCSC(=O)Nc1ccc(Cc2ccc(NC(=O)S*)cc2)cc1,85.0
*CCCS(=O)(=O)CCSSCC(*)=O,15.0
*CCCS(=O)(=O)NCCOCCOCCOCC(C)CCCO*,-40.0
*CCCSC(=O)CCCSCC(=O)N*,-30.0
*CCCSC(=O)Nc1ccc(Cc2ccc(NC(=O)O*)cc2)c(S(=O)(=O)O)c1,95.0
*CCCSC(=O)c1ccc(N(C)C(=O)NCCNC(=O)c2ccc(C(=O)O*)cc2)cc1,65.0
*CCCSCCCCCCOC(=O)CCS(=O)(=O)CCC(=O)O*,-20.0
*CCCSCCCCCCS*,-60.0
*CCCSC[As]C(=O)Nc1ccc(C)c(NC(=O)O*)c1,90.0
*CCCSSC(=O)Nc1ccc(NC(=O)O*)cc1,65.0
*CCCSSCCC(=O)N*,-30.0
*CCCSSCCCCCCCCSCCCCNC(=O)CCC(=O)N*,-30.0
*CCCSSSCCCS*,-70.0
*CCC[CH2][Sn]([CH3])([CH3])[CH2]CCOC(=O)c1cccc(NC(=O)O*)c1,15.0
*CCC[N+](*)(C)C(=O)OCCC,90.0
*CCC[N+](C)(C)CCC(N)C#C[Si](C)(C)C[Si](*)(C)C,-20.0
*CCC[N+](C)(C)CCCNC(=O)NCC(=O)N*,65.0
*CCC[N+](C)(C)CCCOC(=O)CSC(=O)C(CCCCCCOC(=O)N*)c1ccccc1,-10.0
*CCC[N+](CC)(CC)CCCCCN*,45.0
*CCC[PH](C)(C)CC(=O)N(*)CCCCCC,-35.0
*CCC[PH](C)(C)CCCCCCN*,-60.0
*CCC[PH](CC)(CCC(=O)O*)c1ccccc1,-30.0
*CCC[Se]C(=O)N(*)CC,-20.0
*CCC[SiH](C)CCC(C)CCC(=O)O*,-60.0
*CCC[Si](*)(C)CCCOc1ccc(/C=N/c2ccc(/N=N/c3ccc(OC)cc3)cc2)cc1,45.0
*CCC[Si](*)(CCCC)CCCCCCCC,-120.0
*CCC[Si](C)(C)CCC#CC(=O)N*,-20.0
*CCC[Si](C)(C)CCCCCCCCC[Si](*)(C)c1ccc(C)cc1,-60.0
*CCC[Si](C)(C)CCCCCCOC(=O)CCCCCCCCCCCC(=O)O*,-70.0
*CCC[Si](C)(C)CCCOC(=O)c1cccc(C(=O)O*)c1,-20.0
*CCC[Si](C)(C)COC(=O)NCCCCCCCNC(*)=O,-40.0
*CCC[Si](C)(C)O[Si](C)(C)C#C[Si](C=C)(COCCOC)C[Si](*)(C)C,-70.0
*CCC[Si](C)(C)c1ccc(C/C=C/c2ccc(N(*)CCCCCC)nc2)cc1,-20.0
*CCCc1cc(I)c(C)c(*)c1O,65.0
*CCCc1ccc(-c2ccc(SCCCCCCCCCCCCCCCC)cc2)c(*)c1,-30.0
*CCCc1ccc(/N=C/c2ccc(/C=C/c3ccc(*)s3)s2)cc1,95.0
*CCCc1ccc(C(=O)NCCNC(=O)c2ccc(C(=O)S*)cc2)cc1,90.0
*CCCc1ccc(C(=O)SSCC(=O)OC(=O)c2cccc(C(=O)O*)c2)cc1,45.0
*CCCc1ccc(C(C=CCNC(=O)CCc2ccc(COC(=O)CCCCC(=O)O*)cc2)c2ccc(S(=O)(=O)SSSSN(C)C)cc2)c(OCCCCCCCC)c1,-10.0
*CCCc1ccc(CN(C)C(=O)CCCCCCCCCCCC(=O)N(*)CCCC)cc1,-25.0
*CCCc1ccc(COC(=O)Nc2ccc(C(=O)N*)cc2)cc1,85.0
*CCCc1ccc(SC(=O)/C=C/c2ccc(C=*)cc2)cc1,65.0
*CCCc1cccc(CN(C)C(=O)C(C)C(O)C(=O)O*)c1,45.0
*CCCc1cccc(CNC(=O)CCCCCCCCC(=O)S*)c1,-20.0
*CCCc1ccccc1C(=O)N(*)CC,45.0
*CCN(*)C(=O)C(C(=O)O)C(=O)CC(F)(F)C(F)(F)C[N+](F)(F)Cl,120.0
*CCN(*)C(=O)C(Cl)=C(Cl)C([2H])(C(F)(F)F)C(F)(F)F,120.0
*CCN(*)C(=O)C(F)(F)C(F)(F)C(F)(F)C(F)(F)C(F)(F)C(F)(F)C(F)(F)Br,45.0
*CCN(*)C(=O)C(F)(F)C(F)(F)C(F)(F)C(F)(F)C(F)(F)C(F)(F)C(F)(F)C(F)(F)C(F)(F)C(F)(F)C(F)(F)C(F)(F)C(F)(F)C(F)(F)C(F)(F)C(F)F,40.0
*CCN(*)C(=O)C(F)(F)C(F)(F)C(F)(F)C(F)(F)C(F)(F)C(F)(F)C(F)(F)C(F)(F)C(F)F,45.0
*CCN(*)C(=O)C([2H])([2H])[2H],20.0
*CCN(*)C(=O)C1C=CCCC1,65.0
*CCN(*)C(=O)C1CCCC1C,65.0
*CCN(*)C(=O)CCCCCCC(=O)Nc1ccc(C#N)cc1,65.0
*CCN(*)C(=O)CCN(C)C,-20.0
*CCN(*)C(=O)c1cc(Br)c(Br)c(Cl)c1Cl,130.0
*CCN(*)C(=O)c1cc(Cl)ccc1C(F)(F)C(F)(F)C(F)(F)C(F)(F)C(F)(F)C(F)(F)C(F)(F)C(F)(F)C(F)(F)F,90.0
*CCN(*)C(=O)c1cc(F)cc(N(C)C)c1,90.0
*CCN(*)C(=O)c1cc([N+](=O)[O-])c(O)c(C)c1O,130.0
*CCN(*)C(=O)c1ccc(COC(C)C)cc1,60.0
*CCN(*)C(=O)c1ccc(OC)nc1,90.0
*CCN(*)C(=O)c1ccc(OCc2ccc([N+](=O)[O-])cc2N)cc1,90.0
*CCN(*)C(=O)c1ccc([Si](C)(C)CC)cc1,45.0
*CCN(*)C(=O)c1cccc(C(F)(F)C(F)(F)C(F)(F)Br)c1,90.0
*CCN(*)C(=O)c1ccccc1[PH](=O)[O-],120.0
*CCN(*)CCC1CCCO1,-35.0
*CCN(*)c1cc(C)cc(Br)c1Br,130.0
*CCN(*)c1ccc(C(=O)[O][Na])cc1,150.0
*CCN(*)c1ccccc1/C=C/c1ccccn1,95.0
*CCN(*)c1ccncc1NCC,90.0
*CCN(/C=N/c1ccc(/N=N/c2ccc(C)cc2)cc1)CCOC(=O)Nc1ccc(NC(=O)O*)c(C)c1,95.0
*CCN(/N=C(\C)c1ccccc1*)PC(=O)c1ccc(C(=O)Nc2cccc(C)c2)cc1,145.0
*CCN(C(=O)C(F)(F)C(=O)N(*)CC(F)(F)C(F)(F)F)C(C)(C)C,90.0
*CCN(C(=O)OCCCCCCCCCC)C(=O)c1ccc(C(=O)O)c(C=*)c1,45.0
*CCN(C)C(=O)C1CC1COC(=O)N1CCN(*)CC1,45.0
*CCN(C)C(=O)CCCCCCCCCCC(=O)N(*)CCC,-40.0
*CCN(C)C(=O)CCCCCCCCc1ccc(CSC(=O)CCCCCCC(=O)N*)cc1,-25.0
*CCN(C)C(=S)NCCOCCCNC(=O)c1ccc(C(=O)O*)cc1,10.0
*CCN(C*)CS(=O)(=O)C(=O)OCC,45.0
*CCN(C=C)CN(*)C(=O)CC(C)C,45.0
*CCN(CC(=O)Nc1ccc(C)c(NC(=O)O*)c1)c1ccc(/N=N/c2cccc(C#N)c2)cc1,140.0
*CCN(CC(=O)Nc1ccc(NC(=O)OCc2ccc(*)cc2)cc1)OCCc1ccccc1,85.0
*CCN(CC(=O)c1ccc(C(=O)c2ccc(O*)cc2)cc1)c1ccc([N+](=O)[O-])cc1,105.0
*CCN(CC(C)C)C(=O)C(=O)N(*)C,90.0
*CCN(CC(F)(F)C(F)(F)C(F)(F)C(F)(F)C(F)(F)C(F)(F)F)C(=O)C(*)([2H])Cl,55.0
*CCN(CC)C(=O)CCC(=O)NC(=O)CNC(=O)C(Cl)C(=O)NNC(=O)c1ccccc1C(=O)NCCCCCCCCCCCCCCCCNC(=O)C(=O)N*,45.0
*CCN(CC)C(=O)CCCC(=O)NCCCCCCNC(=O)C(=O)N*,45.0
*CCN(CCC(F)(F)C(F)(F)C(F)(F)C(F)(F)C(*)(F)F)OCC[N+](C)(C)C,45.0
*CCN(CCCC(F)(F)C(F)(F)C(F)(F)C(F)(F)C(F)(F)C(F)(F)C(F)(F)C(F)(F)C(F)(F)F)C(=O)C(NCC(=O)O*)C(C)CCC(C)C,45.0
*CCN(CCCC)C(=*)CC=C,-30.0
*CCN(CCCC)CS(*)(=O)=O,45.0
*CCN(CCCCCCC)NS(=O)(=S)C(=O)NNC(=O)CCCCC(=O)N*,45.0
*CCN(CCCCCCCCCCCCOC(=O)c1ccc(C(=O)O*)cc1)c1ccc(C(=O)Oc2ccc(/C=C/c3ccc([N+](=O)[O-])cc3)cc2)cc1,45.0
*CCN(CCCCCCCCN(C)C)C(=O)C(C)N*,-30.0
*CCN(CCCCCCOC(=O)NCCCCCCSCCNC(=O)O*)SC,-30.0
*CCN(CCCCCCOc1ccc(Cc2ccc(-c3ccc(C#N)cc3)cc2)cc1)C[N+](C)(C)CCCCCCCCCCCCCC(=O)N*,-20.0
*CCN(CCCCCC[PH](C)(C)C)C(=O)N*,-25.0
*CCN(CCCCCOOc1ccc(/N=N/c2ccc(C#N)cc2)cc1)COC(=O)Nc1cccc(Cc2ccc(NC(=O)O*)cc2)c1,65.0
*CCN(CCCCCOc1ccc(-c2ccc(*)cc2)cc1)C(C(=O)OO)C(=O)OCCCCCCCCCCCC,-20.0
*CCN(CCCCCSCCNC(=O)C(=O)NCCCCCCCNC(=O)O*)c1ccc(/N=N/c2ccc([N+](=O)[O-])cc2)cc1,45.0
*CCN(CCCCNC(=O)c1ccc(C(=O)NCCCNC(=O)c2ccc(C(=O)N*)cc2)cc1)c1ccc(N(C)C(C)C)cc1,85.0
*CCN(CCCCOc1ccc(/C=C/c2ccc(OC)cc2)cc1)C(=O)O*,45.0
*CCN(CCCCOc1ccc(/N=N/c2ccc(OC)cc2)cc1)CS(=O)(=O)c1ccc(C#N)cc1*,85.0
*CCN(CCCCS(=O)(=O)c1ccccc1)S*,15.0
*CCN(CCCCl)C(=O)CCCCC(=O)N(*)C,-20.0
*CCN(CCCOC(=O)Nc1ccc(C)c(NC(=O)O*)c1)c1ccc(/N=N/c2ccc(C#N)cc2)cc1,95.0
*CCN(CCCOC(=O)c1ccc(C(=O)O*)cc1)c1ccc(/N=N/c2ccc(C#N)cc2)cc1,95.0
*CCN(CCCOCC)CS*,-40.0
*CCN(CCNC(=O)CCCCCCCCCCCC(=O)N(*)[CH2][Na])c1ccccc1,-20.0
*CCN(CCNC(=O)c1ccc(*)cc1)C(=O)[O][Na],120.0
*CCN(CCNC(=O)c1ccc(C(=N)N(C)C)cc1)CC(=O)NCCCCCCNC(=O)CCCCCCCCCCCCCCS*,-30.0
*CCN(CCNC(=O)c1ccc(C(=O)O*)cc1)c1ccc(/N=N/c2ccc(OCCCCCCCCCC)cc2)cc1,45.0
*CCN(CCO*)CC(C)(C)C[N+](C)(C)C,45.0
*CCN(CCOC(=O)/C=C/CCC(*)=O)COc1ccc(-c2ccc(C#N)cc2)cc1,45.0
*CCN(CCOC(=O)C(F)(F)C(*)(F)F)C(F)(Cl)C(=O)OCC,45.0
*CCN(CCOC(=O)CCCCCC(=O)Nc1ccc(Cl)cc1)C(=O)NCc1ccc(CNC(C)C(=O)S*)cc1,25.0
*CCN(CCOC(=O)CCCCCCCCC(=O)O*)c1ccc(/N=N/c2ccc(OC)cc2)cc1,35.0
*CCN(CCOC(=O)CCCCCNC(=O)C(C)S(=O)(=O)CCCC(=O)NNC(=O)C(CC(C)C)O*)C(C)C,15.0
*CCN(CCOC(=O)CSCCC(=O)Oc1ccc(OC(=O)COc2ccc(-c3ccc(O*)cc3)cc2)cc1)OC(=O)c1ccc(OC(=O)c2ccc(CCCC)cc2)cc1,45.0
*CCN(CCOC(=O)N(C)CSC(=O)O*)c1ccc(/C=C/c2ccc(C(C)=O)cc2)cc1,65.0
*CCN(CCOC(=O)N(C)c1ccc(C)cc1)C(=O)OCCc1ccc(S*)cc1,15.0
*CCN(CCOC(=O)NC(=O)O*)OCC,25.0
*CCN(CCOC(=O)NC(=O)S*)c1ccc(CCCCCCCCC)cc1,-20.0
*CCN(CCOC(=O)NCC(C)(C)CCC(C)S*)c1ccc(/N=N/c2ccc([N+](=O)[O-])cc2)cc1,65.0
*CCN(CCOC(=O)NCC(C)CC)NC(=O)CCCCC(=O)NCCCCNC(=O)CCCO*,-20.0
*CCN(CCOC(=O)NCCCCCCCCCCNC(=O)O*)c1ccc(/N=N/c2ccccc2)cc1,45.0
*CCN(CCOC(=O)NCCCCCCCCSCSSCCNC(=O)O*)c1cc(C)cc(C)c1,-20.0
*CCN(CCOC(=O)NCCCCCCNC(=O)O*)c1ccc(/N=N/c2ccc(CCCCCCCC)cc2)cc1,20.0
*CCN(CCOC(=O)NCCCCCCNC(=O)O*)c1ccc(/N=N/c2ccc(S(=O)(=O)Oc3c(C)cc(C)cc3C)c(C)c2)cc1C,45.0
*CCN(CCOC(=O)NCCCCCCNC(=O)O*)c1ccc(C=C(C)CCC)cc1,-20.0
*CCN(CCOC(=O)NCCCCCNC(=O)O*)c1ccc(C)cc1C,15.0
*CCN(CCOC(=O)NCCCCCNC(=O)O*)c1ccc(OCC)cc1,-20.0
*CCN(CCOC(=O)NCCSCCNC(=O)O*)SC(=O)NCCCC,-10.0
*CCN(CCOC(=O)NCCSCCNC(=O)O*)c1ccc(-c2cc(C(=O)OCCCCCC)ccc2C(=O)O)cc1,15.0
*CCN(CCOC(=O)NCCSCCNC(=O)O*)c1ccc(/N=N/c2ccc(CCCCCC)cc2)cc1,15.0
*CCN(CCOC(=O)NCc1ccc(C)c(NC(=O)O*)c1)c1ccc(-c2ccc(S(F)(F)F)cc2)cc1,65.0
*CCN(CCOC(=O)NCc1ccc(CNC(=O)O*)cc1)CC(C)CCCCCC,-20.0
*CCN(CCOC(=O)Nc1ccc(C)c(C(*)=O)c1)c1ccc([N+](=O)[O-])cc1,105.0
*CCN(CCOC(=O)Nc1ccc(C)c(N=*)c1)P(=O)(O)c1ccc(Br)cc1,85.0
*CCN(CCOC(=O)Nc1ccc(CCOCCCCCC)cc1)C(=O)O*,-20.0
*CCN(CCOC(=O)Nc1ccc(CNC(=O)O*)cc1)c1ccc(-c2ccc(C#N)cc2)cc1,85.0
*CCN(CCOC(=O)Nc1ccc(Cc2ccc(NC(=O)N*)cc2)cc1)c1ccc(/N=N/c2ccc(Cl)cc2)cc1,90.0
*CCN(CCOC(=O)Nc1ccc(Cc2ccc(NC(=O)O*)cc2)cc1)COC(=O)OCCCCCCCOC(=O)Oc1ccccc1,45.0
*CCN(CCOC(=O)Nc1ccc(NC(=O)O*)cc1)c1ccc(/N=N/c2ccc(NCC)cc2)cc1,95.0
*CCN(CCOC(=O)Nc1ccc(S*)cc1)c1ccc(N(Cc2ccccc2)c2ccc(C#N)cc2)cc1,95.0
*CCN(CCOC(=O)Nc1ccc([N+](=O)[O-])cc1)C(=O)OCC(=O)NCCNC(=O)O*,45.0
*CCN(CCOC(=O)OC(C)=O)C(=O)OCCCCCCOc1ccc(-c2ccc(O*)cc2)cc1,15.0
*CCN(CCOC(=O)OCCCCCCCCCCOc1ccc(-c2ccc(OCCCCCCCC)cc2)cc1)C(=O)O*,-15.0
*CCN(CCOC(=O)SCCCCC(=O)O*)c1ccc(-c2ccc(Br)cc2)cc1,10.0
*CCN(CCOC(=O)SCCCCC(=O)O*)c1ccc(-c2ccc(C#N)cc2)cc1,45.0
*CCN(CCOC(=O)c1cc(C(=O)O)ccc1C(=O)O*)c1ccccc1,65.0
*CCN(CCOC(=O)c1ccc(*)cc1)c1ccc(C)cc1,45.0
*CCN(CCOC(=O)c1ccc(-c2ccc(C(=O)O*)cc2)cc1)c1ccc(C)cc1,65.0
*CCN(CCOC(=O)c1ccc(C(=O)NC(=O)c2ccc(*)cc2)cc1)c1ccccc1,95.0
*CCN(CCOC(=O)c1ccc(C(=O)Nc2ccc(*)cc2)cc1)CCOC(=O)c1cnc(Cl)c(O)c1,110.0
*CCN(CCOC(=O)c1ccc(C(=O)O)cc1)C(=O)Oc1ccc(-c2ccc([N+](=O)[O-])cc2)cc1OC(=O)COC(=O)c1ccc(C(=O)O*)cc1,120.0
*CCN(CCOC(=O)c1ccc(C(=O)O*)c(OCCC(C)C)c1)c1ccc(/N=N/c2ccc(-c3ccc([N+](=O)[O-])cc3)cc2)cc1,95.0
*CCN(CCOC(=O)c1ccc(C(=O)O*)c(OCCCC)c1)c1ccc(/N=N/c2ccc(OC)cc2)cc1,45.0
*CCN(CCOC(=O)c1ccc(C(=O)O*)c(OCCCCC)c1)c1ccc(/N=N/c2ccc(-c3nc4ccc([N+](=O)[O-])cc4o3)cc2)cc1,105.0
*CCN(CCOC(=O)c1ccc(C(=O)O*)cc1)C(=O)NCCCCCCCCCCCCCCCCCCCC,-20.0
*CCN(CCOC(=O)c1ccc(C(=O)O*)cc1)OC(=O)c1ccccc1,45.0
*CCN(CCOC(=O)c1ccc(C(=O)O*)cc1)OC(C)CCCCCC,15.0
*CCN(CCOC(=O)c1ccc(C(=O)O*)cc1)c1ccc(/N=N/c2ccc(/N=N/c3ccc(C#N)cc3)cc2)cc1,130.0
*CCN(CCOC(=O)c1ccc(C(=O)OCCCCCCOc2ccc(O*)cc2)cc1)c1ccc(/C=C\CC)cc1,15.0
*CCN(CCOC(=O)c1ccc(C(=O)c2ccc(C(=O)O*)cc2)cc1)c1ccc(/N=N/c2ccc(S(=O)(=O)[O][Na])cc2)cc1,105.0
*CCN(CCOC(=O)c1ccc(N(C)CCCN)cc1)c1ccc(*)nc1,25.0
*CCN(CCOC(=O)c1ccc(S(=O)(=O)c2ccc(N=*)cc2)cc1)c1ccccc1,105.0
*CCN(CCOC(=O)c1cccc(C(*)=N)c1)c1ccccc1,45.0
*CCN(CCOC(=O)c1cccc(C(=O)O*)c1)c1ccc(/N=N/c2ccc(/N=N/c3ccc(OCCCC)cc3)cc2)cc1,95.0
*CCN(CCOCCCCOC(=O)NCCc1ccc(CNC(=O)O*)cc1)c1ccc(/N=N/c2ccc(OC)cc2)nc1,45.0
*CCN(CCOc1ccc(-c2ccc(-c3ccc(-c4ccccc4)cc3)cc2)cc1)C(OC)C(*)C(=O)OC,130.0
*CCN(CCOc1ccc(-c2ccc(OC(=O)CO*)cc2)cc1)c1ccccc1,45.0
*CCN(CCOc1ccc(/C=C/c2ccc(NC(=O)CCCCC(=O)Nc3ccc(C(=O)O*)cc3)cc2)cc1)c1ccccc1,130.0
*CCN(CCOc1ccc(C#N)cc1)N(*)CC(C)C,45.0
*CCN(CCS(=O)(=O)CCC(=O)N*)c1ccc(/N=N/c2ccc(OCCCCCCCC)cc2)cc1,45.0
*CCN(CCS(=O)(=O)c1ccc(*)cc1)C(=O)Oc1ccc(C(C)(C)C)cc1,85.0
*CCN(CCSC(=O)Nc1ccc(NC(=O)OCC)cn1)C(=O)O*,45.0
*CCN(Cc1ccccc1)N(*)C,45.0
*CCN(c1ccccc1)C(*)(F)C(=O)OCCOC(C)(C)O,45.0
*CCN=C(CNC(=O)NSC(=O)c1ccc(C(=O)O*)cc1)c1ccc(/N=N/c2ccc([N+](=O)[O-])cc2)cc1,130.0
*CCNC(=O)/C=C/C(=O)NCCCc1cc(-c2ccc(*)cc2)cc(C(C)(C)C)c1,85.0
*CCNC(=O)/C=C/CCCCCCSCCC(=O)N*,-30.0
*CCNC(=O)C(*)NCC,45.0
*CCNC(=O)C(C)C(CSCCC#N)N*,45.0
*CCNC(=O)C(C)NC(=O)NCCNC(=O)N*,90.0
*CCNC(=O)C(C=C)CNC(=O)NCC(CS(=O)(=O)CCC(F)(F)C(F)(F)C(F)(F)C(F)(F)C(F)(F)C(F)(F)C(F)(F)C(F)(F)C(F)(F)C(F)(F)C(F)(F)C(F)(F)C(F)(F)F)C(=O)N*,85.0
*CCNC(=O)C(CC(C)C)C(CCCCC(=O)O*)CC(C)C,-20.0
*CCNC(=O)C(CCCC/C=C/C=C/CC(=O)N*)C(=O)OC,15.0
*CCNC(=O)C(CCCCCCCCCCC)C(=O)NCCCS*,-20.0
*CCNC(=O)C(CCOC(=O)N*)CC(C)NC(=O)C(C)CC,20.0
*CCNC(=O)C/C(=C\CCCCCC(=O)N*)c1ccc(/N=N/c2ccc(OCCCCCCCC)cc2)cc1,15.0
*CCNC(=O)CC(=O)NSC(=O)C(=O)N*,90.0
*CCNC(=O)CC(C)NC(=O)NCCCCCCCCCCNC(=O)NCCC/C=N/c1ccc(/C=C/c2ccc(N=*)cc2)cc1,65.0
*CCNC(=O)CC(CCCCCCCCC)C(=O)NCC(=O)N*,45.0
*CCNC(=O)CC/C=C/CCCCCC(*)=O,-30.0
*CCNC(=O)CCC(=O)NCCCCCCNC(=O)[Si](*)(C)C,-20.0
*CCNC(=O)CCC(=O)NCCCN(C)CCN(*)C,-30.0
*CCNC(=O)CCC(C)(C)CC(=O)N*,40.0
*CCNC(=O)CCCC(=O)NCCCCCCNC(=O)C(=O)N*,50.0
*CCNC(=O)CCCC(=O)NNC(=O)CCCCCCCCC(=O)N*,45.0
*CCNC(=O)CCCC=C(CCC)C(=O)N*,-30.0
*CCNC(=O)CCCCC(=O)NC(CCC)C(=O)N*,45.0
*CCNC(=O)CCCCC(=O)NCCCCCCCCNC(=O)CCCCCCOC(=O)CCC(=O)S*,-30.0
*CCNC(=O)CCCCC(=O)NCCCNC(=O)CCCCCO*,-20.0
*CCNC(=O)CCCCCC(=O)NCCCCCCNC(=O)CCCOC(=O)CCCCC(=O)NCCCCCCCCCNC(=O)C(=O)N*,45.0
*CCNC(=O)CCCCCCC(=O)NCCNC(=O)CCCO*,40.0
*CCNC(=O)CCCCCCCC(=O)N*,40.0
*CCNC(=O)CCCCCCCCC(=O)NCCCCCCCN*,40.0
*CCNC(=O)CCCCCCCCC(=O)NCCCCCCNC(=O)c1ccc(-c2ccc(C(=O)N*)cc2)cc1,90.0
*CCNC(=O)CCCCCCCCCCCCCCC(=O)NC(*)=O,50.0
*CCNC(=O)CCCCCCCCCCCCCCC(=O)S*,-40.0
*CCNC(=O)CCCCCCCCCCCCCCCCC(=O)NCCC(=O)N*,45.0
*CCNC(=O)CCCCCCCCCCCCCCCCCCCCCCCCCCCCCCCCCCCCC(=O)NCCCNC(=O)N*,-20.0
*CCNC(=O)CCCCCNC(=O)CCCCC(=O)NCCCCCCNC(=O)C(=O)N*,50.0
*CCNC(=O)CCCCCS(=O)(=O)CC(C)(C)C(=O)N*,45.0
*CCNC(=O)CCCNC(=O)c1cccc(C(*)=O)c1,90.0
*CCNC(=O)CCOC(=O)SSS*,-20.0
*CCNC(=O)CCSCC(C)NC(=O)S*,-10.0
*CCNC(=O)CNC(=O)CCCCCOC(=O)/C=C/C(=O)N*,15.0
*CCNC(=O)COC(=O)C(CCCCCCCCCCCCCCCSC(=O)O*)c1ccccc1,-20.0
*CCNC(=O)COCC(=O)S*,-20.0
*CCNC(=O)C[N+](C)(C)C(*)=C(C)C,120.0
*CCNC(=O)NCCCCCCCCNC(=O)N*,40.0
*CCNC(=O)NCCCCCCCNC(=O)NCCCCCCCCCCCCSCCCCSCNC(=O)N*,-20.0
*CCNC(=O)NCCCCCCNC(=O)SCCOCCOCCN(C)O*,-25.0
*CCNC(=O)NCCNC(=O)Oc1ccc(Oc2ccc(/C=N/c3ccc(O*)cc3)cc2)cc1,95.0
*CCNC(=O)Nc1ccc(NC(=O)NNC(=O)/C=C/c2ccc(C(=O)O*)cc2)cc1,180.0
*CCNC(=O)OCCCCCC(=O)NCCCCCCSS*,-20.0
*CCNC(=O)OCCCCCCOC(=O)NNC(=O)CCCC(=O)NCCCCCNC(=O)c1ccc(C(=O)O*)cc1,45.0
*CCNC(=O)OCCCCCCOC(=O)OCCOC(=O)c1ccc(C(=O)S*)cc1,15.0
*CCNC(=O)[Si](C)(CSCCCCCCCC)C(=O)N*,-40.0
*CCNC(=O)c1cc(C(=O)N*)c(C)c(C)c1C,140.0
*CCNC(=O)c1ccc(C(=O)NCCCCCNS(*)(=O)=O)cc1,90.0
*CCNC(=O)c1ccc(C(=O)NCCCNC(=O)CCCCCS*)cc1,45.0
*CCNC(=O)c1ccc(C(=O)NCCCOCCOCCOCCOCCOCCC(O)COC(=O)c2ccc(-c3ccc(S(*)(=O)=O)cc3)cc2)cc1,15.0
*CCNC(=O)c1ccc(C(=O)NNC(=O)c2ccc(C(=O)NNC(=O)CCCCCCC(=O)O*)cc2)cc1,95.0
*CCNC(=O)c1ccc(C[Si](*)(C)C)cc1,45.0
*CCNC(=O)c1cccc(C(=O)NC(*)CCCCCCCC)c1,45.0
*CCNC(=O)c1cccc(NC(=O)CCCCCCCCCCCCC[PH](=O)[O-])c1OC(=O)c1ccc(Cc2ccc(C(=O)O*)cc2)cc1,45.0
*CCNCC(*)c1ccc(COCCc2ccc(C(C)(C)c3ccc([N+](=O)[O-])cc3)cc2)cc1,45.0
*CCNNC(=O)c1ccc(C(=O)NCCCNC(=O)CCCCCCCC(=O)NCCCCCCCCCC[Si](*)(CC)CCCC)cc1,-20.0
*CCNS(=O)(=O)CCCOC(=O)NCC(C)(C)NC(=O)S*,25.0
*CCNS(=O)(=O)c1cccc(C(=O)NNC(=O)CCCCCO*)c1,65.0
*CCNS(=O)(=O)c1cccc(C)c1*,90.0
*CCNc1ccc(Nc2ccccc2C(=O)Nc2ccc(Cc3ccc(N*)cc3)cc2)cc1,190.0
*CCNc1ccc(S(=O)(=O)CCCCCO*)cc1,15.0
*CCOC(=O)/C=C/C(=O)Oc1ccc(C(=O)OCCOC(=O)c2ccc(O*)cc2)cc1,45.0
*CCOC(=O)/C=C/c1ccc(C#Cc2ccc(/N=N/c3ccc(C(=O)O*)cc3)cc2)cc1,110.0
*CCOC(=O)C(C#N)=C(NC(=O)c1ccc(O*)cc1)C(C)C,90.0
*CCOC(=O)C(C)S(=O)(=O)CCCC(=O)O*,15.0
*CCOC(=O)C(C=*)CCCCCOc1ccc(-c2ccc(OCCCC)cc2)cc1,-10.0
*CCOC(=O)C(C=C)CC(=O)O*,20.0
*CCOC(=O)C(C=C)COC(=O)NCCCCCCNC(=O)O*,-20.0
*CCOC(=O)C(CC)N(C)CC(=O)O*,25.0
*CCOC(=O)C(CCCCCC(C)CCCCCC)C(=O)O*,-40.0
*CCOC(=O)C(CCCCCCCOc1ccc(/N=N/c2ccc(C(*)=O)cc2)cc1)OP(=O)(O)O,45.0
*CCOC(=O)C(O)CCNC(=O)CC(=O)NC([2H])(C=C(*)C)C(=O)OCC,45.0
*CCOC(=O)C/C=C(/CCCC(=O)O*)c1ccccc1C,-20.0
*CCOC(=O)C1CCC(CCCC(=O)O*)CC1,-30.0
*CCOC(=O)CC(C)SC(=O)O*,-30.0
*CCOC(=O)CCC(=O)NNC(=O)CCCOCC(=O)OCCCCCCCCOc1ccc(/C=C/C(=O)Oc2ccc(O*)cc2)cc1,15.0
*CCOC(=O)CCCCC(=O)Oc1ccc(OC(=O)c2ccc(/C=C/c3ccc(O*)cc3)cc2)cc1,95.0
*CCOC(=O)CCCCCCCC(=O)OCCOC(=O)c1ccc(*)o1,-30.0
*CCOC(=O)CCCCCCCC(=O)OCc1ccc(C(=O)OCCCCOc2ccc(/C=C3/C=CN(*)C(=O)C(=O)N3)cc2)cc1,45.0
*CCOC(=O)CCCCCCCCCCC(C)(C)C(=O)O*,-40.0
*CCOC(=O)CCCCCCCCN(C(=O)OC)c1ccc(NC(=O)CCCCCCCC(*)=O)cc1,15.0
*CCOC(=O)CCCCCCCCOC(=O)COc1ccc(C(C(=O)O)c2ccc(O*)cc2)s1,15.0
*CCOC(=O)CCCCS(=O)(=O)CCC(C)(C)CSC(=O)O*,-10.0
*CCOC(=O)CCNC(=O)C(Cc1ccccc1)S*,15.0
*CCOC(=O)CCNC(=O)CCCCCCCCCCCCC(=O)NCCCCCCCNC(=O)CCCCCO*,-30.0
*CCOC(=O)CCc1ccc(CCCCS*)cc1,-20.0
*CCOC(=O)CNC(=O)OCCCSCCC(=O)O*,-20.0
*CCOC(=O)CS(=O)(=O)CCC(C)=C(C)C(=O)O*,45.0
*CCOC(=O)CSSCCCCCSC(=O)O*,-40.0
*CCOC(=O)NC(=O)NC(F)(Cl)C(*)=O,90.0
*CCOC(=O)NC(=O)c1ccc(C(=O)NNc2ccc(*)nc2)cc1,130.0
*CCOC(=O)NCC(C)(C)CC(C)(C)CC(=O)O*,-20.0
*CCOC(=O)NCCCC/C=C/c1ccc(-c2ccc(C(=O)O*)cc2)cc1,40.0
*CCOC(=O)NCCCCCCCCCCCNC(=O)OCCCCCCCCOC(=O)Nc1ccc(OCC(O)COc2ccc(N(*)COc3ccc(I)cc3)cc2)cc1,15.0
*CCOC(=O)NCCCCCCCCCCNC(=O)OCCCCCCOC(=O)NCc1ccc(CCNC(=O)S*)cc1,-15.0
*CCOC(=O)NCCNC(=O)OCCOC(=O)NNC(=O)C(CC(*)=O)CC(F)(F)C(F)(F)C(F)(F)C(F)(F)F,55.0
*CCOC(=O)NCCNC(=O)Oc1ccc(-c2ccc(S(=O)(=O)c3ccc(O*)cc3)cc2)cc1,110.0
*CCOC(=O)NCCOCCOCCOCCOCC(*)=O,-40.0
*CCOC(=O)NCc1ccc(CCOC(=O)N*)cc1,45.0
*CCOC(=O)NCc1ccc(CN(C)C[Si](C)(C)CCC(=O)O*)cc1,-20.0
*CCOC(=O)Nc1cc(NC(=O)O*)ccc1C(=O)Oc1ccc(OCCC)cc1,90.0
*CCOC(=O)Nc1ccc(C(=O)NCCNC(=O)c2ccccc2O*)cc1,90.0
*CCOC(=O)Nc1ccc(C(=O)OC(=O)c2ccc(O*)cc2)c([N+](=O)[O-])c1,95.0
*CCOC(=O)Nc1ccc(Cc2ccc(NC(=O)S*)cc2)cc1,65.0
*CCOC(=O)Nc1ccc(NCCCNC(=O)O*)cc1,60.0
*CCOC(=O)Nc1ccc(Oc2ccc(C(C)(C)c3ccc(OCC(*)=O)cc3)cc2)cc1,65.0
*CCOC(=O)Nc1ccc(Oc2ccc(S(=O)(=O)Oc3ccc(C(C)(C)COC(=O)c4ccc(O*)cc4)cc3)cc2)cc1,85.0
*CCOC(=O)OC(=O)CC(C)NC(=O)CCCCSCC(=O)O*,-15.0
*CCOC(=O)OCCCC(C)CC(=O)O*,-40.0
*CCOC(=O)OCCCCCCCCCC(=O)OC1COC(*)CO1,-30.0
*CCOC(=O)OCCCCCCCCCCOCOCOC(=O)O*,-40.0
*CCOC(=O)OCCCCCCOC(=O)OCCCCCCOc1ccc(C(=O)Oc2ccc(S(=O)(=O)c3ccc(O*)cc3)cc2)cc1,45.0
*CCOC(=O)OCCCCCCOC(=O)OCC[PH](C)(C)COC(=O)NC(CCCC)C(=O)O*,-20.0
*CCOC(=O)OCCCCCCOC(=O)c1ccc(O*)cc1,-10.0
*CCOC(=O)OCCCCCCOCCOCCOCCCCOC(=O)OCCCCCCCOc1ccc(NC(=O)c2ccc(C=*)cc2)cc1,-10.0
*CCOC(=O)OCCCCCCOc1ccc(OC(=O)c2ccc(SCCCCCCCCCCCC)cc2)cc1*,-20.0
*CCOC(=O)OCCCSCCCCSCCSS*,-40.0
*CCOC(=O)OCCOC(=O)OC(=O)c1cccc(C(=O)O*)c1,45.0
*CCOC(=O)OCCOCCOCCOC(=O)OCCCc1ccc(*)nc1,-30.0
*CCOC(=O)OCc1ccc(CCOC(=O)c2cccc(C(=O)O*)c2)cc1,25.0
*CCOC(=O)Oc1ccc(OC(=O)CCCCC(=O)Oc2ccc(O*)cc2)cc1,30.0
*CCOC(=O)S([2H])(=O)=NCCCCCOC(=O)O*,-20.0
*CCOC(=O)SSSCSCCSSSC(=O)O*,-30.0
*CCOC(=O)c1cc(C(=O)OCCCCCCOc2ccc(O*)cc2)ccc1C,35.0
*CCOC(=O)c1cc(COC(=O)c2ccc3c(c2)C(=O)N(*)C3=O)cc(OCC)c1,85.0
*CCOC(=O)c1ccc(/C=C/c2ccc(/C=C(\C)c3ccc(OC(=O)CCCCCCCCCCCCC(=O)OCCCCCCOc4ccc(*)o4)s3)cc2)c(OCCCC)c1,15.0
*CCOC(=O)c1ccc(C(=O)NCCCCCCCCCCCOC(=O)c2ccc(C(=O)O*)cc2)cc1,45.0
*CCOC(=O)c1ccc(C(=O)NCCCNC(=O)c2ccc(NC(=O)CCCCCCCCC(=O)S*)cc2)cc1,55.0
*CCOC(=O)c1ccc(C(=O)NCCNCC(=O)CCCCCCCCCCCCC(=O)O*)cc1,15.0
*CCOC(=O)c1ccc(C(=O)OCCCCOC(=O)Oc2ccc(/C=C/c3ccc(/C=C/C=C/N=C/c4ccc(O*)cc4)cc3)cc2)cc1,95.0
*CCOC(=O)c1ccc(C(C)(C)CCCNC(=O)CCCCCCCCC(=O)Nc2ccc(C(=O)O*)cc2)cc1,35.0
*CCOC(=O)c1ccc(C(C)(CCCCC(=O)O*)C(=O)COc2ccc(-c3ccc(C#N)cc3)cc2)cc1,45.0
*CCOC(=O)c1ccc(NC(=O)CCCCC(=O)Nc2ccc(C(=O)OC(=O)c3ccc(O*)cc3)cc2)cc1,130.0
*CCOC(=O)c1ccc(NC(=O)CCCCOC(=O)c2ccc(C(=O)SCC(=O)O*)cc2)cc1,45.0
*CCOC(=O)c1ccc(NC(=O)NCCCCCCCCNC(=O)S*)cc1,25.0
*CCOC(=O)c1ccc(NC(=O)O*)c(OCCCCCCCCCCCCCCCCC)c1,-20.0
*CCOC(=O)c1ccc(OCCOc2ccc(-c3ccc(OC(=O)CCCCC(=O)O*)cc3)cc2)cc1,45.0
*CCOC(=O)c1cccc(CC(=O)OCCCOc2ccc(-n3c(=O)c4cc5c(=O)n(*)c(=O)c5cc4c3=O)cc2)c1,145.0
*CCOC(C)COC(=O)CCCCCC(=O)O*,-50.0
*CCOCC(=O)NNC(=O)CCCCCOC(=O)NCCCCCCNC(=O)O*,-20.0
*CCOCC(=O)OCC1CCC(O*)C(C)C1,-20.0
*CCOCC(=O)OCCCCCCCCCCOC(=O)C1COC(=O)C1*,-40.0
*CCOCCC(*)(C)C,-40.0
*CCOCCCCCCCCCCCCCCCOC(=O)c1ccc(NC(=O)OCC(O)COc2ccc(C(C)(CC)c3ccc(O*)cc3)cc2)cc1,15.0
*CCOCCCCCCCOc1ccc(OCCCOc2ccc(C(C)(C)c3ccc(O*)cc3)cc2)cc1,10.0
*CCOCCCCCCOC(=O)c1ccc(C(=O)CCCCCCC(=O)Nc2ccc(Cc3ccc(*)s3)nc2)cc1,15.0
*CCOCCCCCCOc1ccc(CC(=O)Nc2ccc(Cc3ccc(NC(=O)c4ccc(O*)cc4)cc3)cc2)cc1,65.0
*CCOCCCCCOC(=O)C(CCCCCCCCOc1ccc(S(=O)(=O)c2ccc(O*)cc2)cc1)C(C)(C)C,-10.0
*CCOCCCCNC(=O)C/C(=C\c1ccccc1)C(*)C(=O)O,45.0
*CCOCCCCOC(=O)C/C=C(/*)CC,-50.0
*CCOCCCCOC(=O)CCCCCCCCCCC(=O)O*,-55.0
*CCOCCCCOC(=O)CCCCCSCCCCCCSCCCS*,-55.0
*CCOCCCCOCCCCC(=O)OCCCCCCCCCCCCOC(=O)O*,-40.0
*CCOCCCCOCCCCCCCCOC(=O)C(CCCCCCOc1ccc(-c2ccc(O*)cc2)cc1)OCCOc1ccccc1,-25.0
*CCOCCCCOCCOC(=O)CCc1ccc(Cc2ccc(CNC(=O)S*)cc2)cc1,-20.0
*CCOCCCCOCCOCCCCNC(=O)CCCCCCCCCCCCCNC(=O)C(=O)N*,-20.0
*CCOCCCCOc1ccc(C(=O)OC(=O)c2ccc(O*)c(OC)c2)cc1OCCCCCCCCCCCC,-20.0
*CCOCCCCS(=O)(=O)CCCCCCCCCOC(=O)c1ccc(NC(=O)O*)cc1,10.0
*CCOCCCCS(=O)(=O)CCS*,-20.0
*CCOCCN(CCOC(=O)Nc1ccccc1*)CCN(C)C,-20.0
*CCOCCOC#CCOc1ccc(OC(=O)c2ccc(C(=O)Oc3ccc(O*)cc3)cc2)cc1,80.0
*CCOCCOC(=O)C(CC)CCC(=O)O*,-50.0
*CCOCCOC(=O)C(CCCCCCC(=O)O*)OC(C)C,-55.0
*CCOCCOC(=O)C(CCCCCCCCOc1ccc(OC(=O)c2ccc(C(=O)O*)cc2)cc1)c1ccc(/N=N/c2ccc(OCCCCCC)cc2)cc1,5.0
*CCOCCOC(=O)C(CCCCCCOc1ccc(OC(=O)c2ccc(O*)cc2)cc1)COc1ccc(O)cc1,10.0
*CCOCCOC(=O)C(COc1ccc(C(C)(C)C)cc1)CC(CC)NC(=O)O*,-10.0
*CCOCCOC(=O)CC(C)(CCCC)C(=O)CCCCCO*,-45.0
*CCOCCOC(=O)CCCCCCC(=O)OCCCCCCOc1ccc(/C=C/c2ccc(OCC(O)COc3ccc(OC(=O)COc4ccc(C(=O)O*)c(C(=O)O)c4)cc3)cc2)cc1,45.0
*CCOCCOC(=O)CCCCCCCCC(=O)OCCOC(=O)c1ccc(C(=O)O*)cc1,-20.0
*CCOCCOC(=O)CCCCCCCCC(=O)OCCOc1ccc(/C=N/c2ccc(/C=C/NC(=O)c3ccc(C(=O)O*)cc3)cc2)cc1,45.0
*CCOCCOC(=O)CCCNC(=O)/C=C/C(=O)N*,15.0
*CCOCCOC(=O)CCCOC(=O)/C=C/C(=O)OC#COc1ccc(C(=O)OCCOCCOC(=O)c2ccc(O*)cc2)cc1,45.0
*CCOCCOC(=O)CCCSCCCCCCC(=O)O*,-50.0
*CCOCCOC(=O)COc1ccccc1C(=O)OC(=O)CCCCCOc1ccccc1-c1ccc(O*)cc1,45.0
*CCOCCOC(=O)CSCc1ccc(CCS(=O)(=O)O*)cc1,15.0
*CCOCCOC(=O)NC(C)(C)CC(=O)N*,-20.0
*CCOCCOC(=O)NCCCCCCCCCCCCNC(=O)O*,-40.0
*CCOCCOC(=O)NCCSCCNCSSCC(=O)O*,-20.0
*CCOCCOC(=O)NCCSCCSSCCSS*,-30.0
*CCOCCOC(=O)NCC[PH](C)(C)c1ccc(/C=C/c2ccc(C(=O)O*)cc2)cc1,45.0
*CCOCCOC(=O)NCc1ccc(CCC(=O)O*)cc1,-20.0
*CCOCCOC(=O)Nc1ccc(CCCOc2ccc(C(=O)S*)cc2)cc1,10.0
*CCOCCOC(=O)Nc1ccc(NC(=O)OCCOC(=O)c2ccc(NC(=O)CS*)cc2)cc1,55.0
*CCOCCOC(=O)Nc1cccc(SCCCCCCC(=O)O*)c1,-20.0
*CCOCCOC(=O)SSCCSSSCSCCSSCOC(C)(C)CC(=O)O*,-30.0
*CCOCCOC(=O)c1cc(C(=O)OCC(*)=O)cc([N+](=O)[O-])c1,45.0
*CCOCCOC(=O)c1ccc(-c2cc(C(=O)O*)ccc2C)cc1,55.0
*CCOCCOC(=O)c1ccc(-c2ccc(C(=O)N*)cc2)cc1,90.0
*CCOCCOC(=O)c1ccc(-c2ccc(OCc3ccc(C(=O)O*)cc3)cc2)cc1,45.0
*CCOCCOC(=O)c1ccc(/N=N/c2ccc(/C=C/c3ccc([N+](=O)[O-])cc3)cc2)cc1-c1ccccc1-c1ccccc1C(=O)O*,130.0
*CCOCCOC(=O)c1ccc(C(=O)NCCCCCCCCNC(=O)O*)cc1,45.0
*CCOCCOC(=O)c1ccc(NC(=O)CCC(=O)NC(=O)c2ccc(O*)cc2)cc1,90.0
*CCOCCOC(=O)c1ccc(NC(=O)CCCCCCCCCCCn2c(=O)c3cc4c(=O)n(*)c(=O)c4cc3c2=O)cc1,95.0
*CCOCCOC(=O)c1ccc(NC(=O)NCCCCCNC(=O)NCC(=O)O*)cc1,45.0
*CCOCCOC(=O)c1ccc(Nc2cccc(C(=O)O*)c2)cc1,45.0
*CCOCCOC(=O)c1ccccc1-c1ccc(SCCCCCCCCCCCCCCCCCCCC)cc1*,-20.0
*CCOCCOCC(O)CSSC(=O)N*,-30.0
*CCOCCOCCCCNC(=O)c1ccc(C(=O)NCCCCCCCNC(=O)c2ccc(C(=O)O*)cc2)cc1,45.0
*CCOCCOCCCCOC(=O)c1ccc(/N=N/c2ccc(COC(=O)CCCCC(=O)O*)cc2)cc1,10.0
*CCOCCOCCCCOCCCCCCOc1ccc(C(C)(C)c2ccc(C(C)(C)c3ccc(O*)cc3)cc2)cc1,-20.0
*CCOCCOCCCOC(=O)CCCCSCCCCCC(=O)O*,-50.0
*CCOCCOCCCOCCSCCOC(=O)NCC(CCCCNC(=O)O*)OC(C)=O,-35.0
*CCOCCOCCN(*)C(=O)c1ccc(I)c(OC(=O)CCCCCCC)c1,-10.0
*CCOCCOCCOC(=O)C(CCCC)CC(=O)N*,-35.0
*CCOCCOCCOC(=O)CCCCCCCCC(=O)OCCOC(=O)c1ccc(C(=O)O*)cc1,-30.0
*CCOCCOCCOC(=O)CCCCCCCCC(=O)OCC[N+](C)(C)O*,-40.0
*CCOCCOCCOC(=O)CCc1ccc(CNC(=O)O*)cc1,-20.0
*CCOCCOCCOC(=O)CNc1ccc(CC(*)=O)cc1,-20.0
*CCOCCOCCOC(=O)N1CCN(*)C1,-30.0
*CCOCCOCCOC(=O)NC(=O)CCCCC(=O)OCC(CC)CO*,-40.0
*CCOCCOCCOC(=O)Nc1ccc(NC(=O)OCCCCOc2ccc(/C=C/c3ccc(C(=O)O*)cc3)cc2)cc1,40.0
*CCOCCOCCOC(=O)Nc1cccc(NC(=O)O*)c1,20.0
*CCOCCOCCOC(=O)OCCCCCCCCOC(=O)NCCc1ccc(CCNC(=O)O*)cc1,-20.0
*CCOCCOCCOC(=O)c1cc(OCCCCCCCCCCOc2ccc(C(=O)O*)cc2)ccc1/C=C/c1ccccc1,-20.0
*CCOCCOCCOC(=O)c1ccc(C(=O)NCCCCNC(*)=O)cc1,35.0
*CCOCCOCCOC(=O)c1ccc(C(C)(CCC(=O)O*)c2ccc([N+](=O)[O-])cc2)cc1,20.0
*CCOCCOCCOC(=O)c1ccc(OCC)cc1OC(=O)c1ccc(-c2ccc(O*)cc2)cc1,45.0
*CCOCCOCCOC(=O)c1cccc(C(=O)OCCCCCCOc2ccc(-c3ccc(O*)cc3)cc2)c1,15.0
*CCOCCOCCOC(=O)c1cccc(F)c1*,-30.0
*CCOCCOCCOC1COC(*)O1,-60.0
*CCOCCOCCOCC(C)CCCO*,-60.0
*CCOCCOCCOCC1(CO*)CCCC1,-55.0
*CCOCCOCCOCCCCOCCOC(=O)NCCCCCCCCCNC(=O)OCCCCCCOc1ccc(/C=C/c2ccc(O*)cc2)cc1,-20.0
*CCOCCOCCOCCCOCCOC(=O)c1ccccc1C(=O)O*,-30.0
*CCOCCOCCOCCOC(=O)C(O*)OC,-55.0
*CCOCCOCCOCCOC(=O)C1CCCN1*,-55.0
*CCOCCOCCOCCOC(=O)COCC(=O)O*,-55.0
*CCOCCOCCOCCOC(=O)COCCCCC(=O)O*,-60.0
*CCOCCOCCOCCOC(=O)c1ccc(C(=O)NN*)cc1,15.0
*CCOCCOCCOCCOC(=O)c1ccc(C(=O)OCCCCCCCCOc2ccc(O*)cc2)cc1,-20.0
*CCOCCOCCOCCOC(=O)c1ccc(N(CCCC)c2ccc(O*)cc2)cc1,-20.0
*CCOCCOCCOCCOC(=O)c1ccc(O*)c(C)c1C,-20.0
*CCOCCOCCOCCOC(=O)c1cccc(-c2ccc(-c3ccc(C(=O)O*)cc3)cc2)c1,5.0
*CCOCCOCCOCCOC(=O)c1ccccc1C(=O)NCCCCCCCCCCNC(=O)c1ccc(C(=O)N*)cc1,15.0
*CCOCCOCCOCCOC1C=C(OC(C)=O)C=C(*)CC1,-30.0
*CCOCCOCCOCCOCCOC(=O)C(CCCCCC)OC(C)=CC(=O)O*,-40.0
*CCOCCOCCOCCOCCOC(=O)C(CCCCCCOc1ccc(C(*)=O)cc1)OCC,-35.0
*CCOCCOCCOCCOCCOC(=O)Nc1ccc(CCc2ccc(NC(=O)S*)cc2)cc1,-20.0
*CCOCCOCCOCCOCCOC(=O)OCCCCCCOC(=O)NCCCCCSCCSCCCNC(=O)O*,-40.0
*CCOCCOCCOCCOCCOCCOC(=O)CCCCOC(=O)NCCCCCCCCNC(=O)O*,-40.0
*CCOCCOCCOCCOCCOCCOC(=O)S*,-60.0
*CCOCCOCCOCCOCCOCCOCCOC(=O)CC(C)NC(=O)CCCSS*,-55.0
*CCOCCOCCOCCOCCOCCOCCOC(=O)Nc1ccc(Nc2ccc(NC(=O)O*)cc2)cc1,-20.0
*CCOCCOCCOCCOCCOCCOCCOC(=O)c1ccc(C(=O)O*)cc1,-30.0
*CCOCCOCCOCCOCCOCCOCCOCCOC(=O)c1cc(*)ccc1-c1ccccc1,-20.0
*CCOCCOCCOCCOCCOCCOCCOc1ccc(NC(=O)CCCCC(=O)Nc2ccc(C(=O)O*)cc2)cc1,15.0
*CCOCCOCCOCCOCCOCCOCCOc1cccc(CCCCCCCCOC(=O)c2ccc(O*)c(C)c2)c1,-30.0
*CCOCCOCCOCCOCCSCCOCCO*,-60.0
*CCOCCOCCOCCOCCSCc1ccc(/N=N/c2ccc(N=*)cc2)cc1,15.0
*CCOCCOCCOCCOc1ccc(/C=C(\C)c2ccc(C=*)cc2)cc1,10.0
*CCOCCOCCOCCOc1ccc(OC(=O)c2ccc(O*)cc2)cc1,-20.0
*CCOCCOCCOCOC(=O)Nc1ccc(Cc2ccc(NC(=O)O*)cc2)cc1,35.0
*CCOCCOCCOc1ccc(/C=N/c2ccc(/N=C/c3ccc(O*)cc3)cc2)cc1,65.0
*CCOCCOCCOc1ccc(/C=N/c2ccc([N+](=O)[O-])cc2)cc1*,45.0
*CCOCCOCCOc1ccc(C(=O)CCCCCCCCCCCCCCC(=O)c2ccc(-c3ccc(O*)cc3)cc2Br)cc1,10.0
*CCOCCOCCOc1ccc(C(=O)OCOC(=O)O[Si](C)(C)c2ccc(O*)cc2Sc2ccc(OCC[N+](C)C)cc2)cc1,25.0
*CCOCCOCCOc1ccc(CCC(=O)OCCCCCCCCCCCCCOc2ccc(/C=C/c3ccc(O*)cc3)cc2)cc1,5.0
*CCOCCOCCOc1ccc(NC(=O)c2ccc(-c3ccc(S(=O)(=O)O)c(OCC)c3)cc2)c(/C=C/c2cc(OCCCCCCCCCC)c(*)cc2CCCCCCCC)c1,15.0
*CCOCCOCCOc1ccc(NC(=O)c2ccc(C(=O)Nc3ccc(N=*)cc3)cc2)cc1,110.0
*CCOCCOCCOc1ccc(OCCCCCCCCc2ccc(/N=C(\*)c3ccccc3)cc2)cc1,-10.0
*CCOCCOCCOc1ccc(Oc2ccc(O*)cc2)c(O)c1,10.0
*CCOCCOCCOc1cccc(N=*)c1,-20.0
*CCOCCOCC[N+](C)(CCC(F)(F)C(F)(F)C(F)(F)C(F)(F)F)C(=O)OCCCCCCOc1cccc(N*)c1,15.0
*CCOCCOCOc1ccc(/C=N/c2ccc(/C=C/c3ccc(N=*)cc3)cc2)cc1,95.0
*CCOCCOP(=O)(CCCCCCCOc1ccc(-c2ccc(OC)cc2)cc1)C(=O)O*,-20.0
*CCOCCOP(=O)(O*)OCCOc1ccc(-c2ccc([N+](=O)[O-])cc2)cc1,15.0
*CCOCCOc1ccc(-c2cc(OC)c(O*)cc2OCCCCCCCC)cc1,5.0
*CCOCCOc1ccc(C(=O)NCCCCCNC(=O)c2cccc(C(=O)Nc3ccc(C(=O)O)cc3)c2)cc1*,130.0
*CCOCCOc1ccc(C(=O)OC(=O)c2ccc(S(=O)(=O)c3ccc(O*)c(C)c3)cc2SC)cc1,95.0
*CCOCCOc1ccc(C(=O)OCCCCCCCCCCCCCCOC(=O)c2ccc(OC(=O)COc3ccc(C(*)=O)cc3)cc2)cc1,-20.0
*CCOCCOc1ccc(C(=O)c2ccc(O*)cc2)cc1C,45.0
*CCOCCOc1ccc(C(CC)(CC)c2ccc(O*)c(C)c2)cc1C,15.0
*CCOCCOc1ccc(C(c2ccccc2)c2ccc(O*)cc2)cc1,45.0
*CCOCCOc1ccc(C=C2CCCC(=Cc3ccc(O*)c(OC)c3)CCC2)cc1O,65.0
*CCOCCOc1ccc(CC(=O)OCCOCCOCCOC(=O)c2ccc(O*)cc2)cc1,-20.0
*CCOCCOc1ccc(CCOC(=O)Cc2ccc(/C=C/c3ccc(OCCOCCOC(=O)c4ccc(O*)cc4)cc3)cc2)cc1,45.0
*CCOCCOc1ccc(NC(=O)c2cc(C(=O)O*)c(C#N)cc2C)cc1,95.0
*CCOCCOc1ccc(NC(=O)c2ccc(O*)c(OCCCCC)c2)cc1OCC,45.0
*CCOCCOc1ccc(OCCOc2ccc(O*)cc2)c(C)c1CC,15.0
*CCOCCOc1cccc(CN(C)CCCCCCCC)c1*,-40.0
*CCOCOC(=O)NCC(=O)O*,45.0
*CCOCOC(=O)c1ccc(OC(=O)CCCCCCCCC(=O)O*)cc1,-20.0
*CCOC[Si](C)(C)CCC[Si](*)(C)CC,-70.0
*CCOCc1ccc(CN(*)CC)cc1,-10.0
*CCOP(=O)(CCCOc1ccc(-c2ccc(-c3ccc(C=*)s3)cc2)cc1)c1ccccc1,45.0
*CCOS(=O)(=O)c1ccc(NC(=O)COCCOc2nnc(*)s2)cc1,45.0
*CCO[Si](C)(C)Cc1c(F)c(F)c(*)c(Cl)c1Br,-20.0
*CCOc1ccc(-c2cc(C)c(NC(=O)S*)cc2OCCCCCCCC)cc1OCCCCCCOc1ccc(Br)cc1,10.0
*CCOc1ccc(-c2cc(CCCCCCCCCCCCCC)c(O*)cc2OCCCCCCCCCCCCCC)cc1OC,-20.0
*CCOc1ccc(-c2ccc(/C=N/c3ccc(O*)cc3)cc2)cc1,95.0
*CCOc1ccc(-c2ccc(OCCOC(=O)c3ccc(OCCCCCCCOCCOCCOCCOCCOc4ccc(C(*)=O)cc4)cc3)cc2)cc1,15.0
*CCOc1ccc(/C(C)=C/c2ccc(OC(=O)c3ccc(*)cc3)cc2)cc1,90.0
*CCOc1ccc(/N=C/c2ccc(OC(=O)CCCCCCCCCCCCC(=O)O*)cc2)cc1,10.0
*CCOc1ccc(/N=N/c2ccc(OCCOCCOCCOCOCCOc3ccc(*)cc3)cc2)cc1,5.0
*CCOc1ccc(C(=O)NCCCCCC(=O)Oc2ccc(O*)cc2)cc1,45.0
*CCOc1ccc(C(=O)Nc2ccc(OCCOCCOCCOCCOCOc3ccc(-c4ccc(*)cc4)cc3)cc2)cc1,15.0
*CCOc1ccc(C(=O)OCCCCCCCCCCCCCCCOC(=O)c2ccc(C(=O)O*)cc2)cc1,-20.0
*CCOc1ccc(C(=O)OCCCCCCCCCCCCOC(=O)c2ccc(OCCCCCCCOc3ccc(C4=CC=C4*)cc3)cc2)cc1,-20.0
*CCOc1ccc(C(=O)OCCCCCCCn2c(=O)c3cc4c(=O)n(*)c(=O)c4cc3c2=O)cc1,85.0
*CCOc1ccc(C(=O)OCCCCOC(=O)c2ccc(O*)cc2C)cc1,40.0
*CCOc1ccc(C(=O)OCCCCOC(=O)c2cccc(C(=O)O*)c2)cc1,40.0
*CCOc1ccc(C(=O)OCCN(CC)c2ccc(-c3ccc(-c4ccc(O*)cc4)cc3)cc2)cc1,85.0
*CCOc1ccc(C(=O)c2ccc(O*)cc2)cc1,70.0
*CCOc1ccc(C(=O)c2ccc(OCCCCCCOc3ccc(OC(=O)c4ccc(O*)cc4)cc3)cc2)cc1,40.0
*CCOc1ccc(C(C)(C)c2ccc(OC(=O)c3ccc(P(=O)(c4ccccc4)c4ccc(C(=O)O*)cc4)cc3)cc2)cc1,130.0
*CCOc1ccc(C(CCCC)c2ccc(O*)c(OCC(F)(F)F)c2)cc1OC,45.0
*CCOc1ccc(CCCC(=O)Oc2ccc(O*)cc2)cc1,10.0
*CCOc1ccc(CCCNC(=O)CCCCCCCCCCCCCCCCCCCC(=O)N*)cc1,-10.0
*CCOc1ccc(CCNC(=O)CCCCCCCCCCCCC(*)=O)cc1,-20.0
*CCOc1ccc(CCNC(=O)c2ccc(C(=O)NCCCCCCCCNC(=O)c3ccc(C(=O)N*)cc3)cc2)cc1,90.0
*CCOc1ccc(CN(CCCC)c2cccc(O*)c2)cc1,15.0
*CCOc1ccc(COCCCCCCOC(=O)c2ccc(O*)cc2)cc1,-10.0
*CCOc1ccc(NC(=O)c2ccccc2OC(=O)c2cccc(C(=O)O*)c2)cc1,130.0
*CCOc1ccc(OC(=O)CCCCCCCCCCC(=O)OCCCCOCCOCCOc2ccc(O*)cc2)cc1,-20.0
*CCOc1ccc(OC(=O)CCCCCCCCCCCCOC(=O)CCCCC(=O)OCCCCCCc2ccc(O*)cc2)cc1,-20.0
*CCOc1ccc(OC(=O)Nc2ccc(O*)c(O)c2)cc1,90.0
*CCOc1ccc(OC(=O)c2cc(OCCCCCCCC)cc(C(*)=O)c2)cc1C,25.0
*CCOc1ccc(OC(=O)c2ccc(C(=O)O*)c(C)c2)cc1N,85.0
*CCOc1ccc(OC(=O)c2ccc(C(=O)OCc3cccc(O*)c3)cc2)cc1,65.0
*CCOc1ccc(OC(=O)c2cccc(C(=O)O*)c2)cc1,65.0
*CCOc1ccc(OC(=O)c2cccc(C(=O)O*)c2)cc1OCC(=O)OCCCCCCCCCCCCCCCCCC,-20.0
*CCOc1ccc(OCCCc2ccc(O*)c(OC)c2)cc1OC,15.0
*CCOc1ccc(OCCOc2cc(Cl)c(O*)c(Cl)c2)cc1Cl,65.0
*CCOc1ccc(S(=O)(=O)c2ccc(O*)cc2Cl)cc1,95.0
*CCOc1ccc([IH]C(=O)c2ccc(C(=O)OC(=O)c3ccc(OCCCCCCOc4ccc(O*)cc4)cc3)cc2)cc1,40.0
*CCP(=*)(O)OCCCCC,-30.0
*CCP(C)CCCCCCC(=O)NCCCCCCCCCCOC(=O)c1ccc(C(=O)NCCCc2ccc(C(=O)O*)cc2)cc1,15.0
*CCP(CCCCCCCCCSCSC(=O)N*)CC(C)C,-30.0
*CCS(=O)(=O)C=CC=C(C)C(=O)O*,95.0
*CCS(=O)(=O)CC(C)(C)C1C(=O)N(*)C1=O,180.0
*CCS(=O)(=O)CCCCCCCc1ccc(C(=O)S*)cc1,15.0
*CCS(=O)(=O)CCCCCSCCS*,-20.0
*CCS(=O)(=O)c1ccc(C(=O)N[Si](C)(C)c2ccc(*)s2)cc1,120.0
*CCSC(=O)NCCSCCCSCCNC(=O)O*,-20.0
*CCSC(=O)NN(C)C(=O)CCCCC(=O)N(*)CC,25.0
*CCSC(=O)NNC(=O)CCCCCC(=O)NNC(=O)C(=O)N*,55.0
*CCSCCCCCCCOC(=O)CCc1ccc(CCCOC(=O)CCCCCCCCC(=O)O*)cc1,-40.0
*CCSCCCCCCOC(=O)c1ccc(-c2ccc(C(*)=O)cc2)cc1,15.0
*CCSCCCSSCCCCSC(=O)N*,-30.0
*CCSCCOC(=O)C/C(=C/c1ccc(-c2ccc([N+](=O)[O-])cc2)cc1)C(=O)O*,45.0
*CCSCCOC(=O)CCCCC(=O)OCCOC(=O)CCCCO*,-50.0
*CCSCCOC(=O)c1ccc(C(=O)N*)c(Oc2ccc(C)cc2)c1,65.0
*CCSSC(=O)NCCNC(=O)c1ccc(*)cn1,45.0
*CCSSCCCCCO*,-60.0
*CCSSCCCSS*,-60.0
*CCSSCSc1ccc(CNC(=O)CCCCC(=O)N*)cc1,15.0
*CC[As](C)CCCOc1ccc(C(=O)c2ccc(C(=O)O)cc2)c(*)c1,45.0
*CC[CH2][Sn]([CH3])([CH3])[CH2]CCCCCCCC(=O)N*,-40.0
*CC[CH2][Sn]([CH3])([CH3])[CH2]OC(=O)CNCC(=O)N*,-20.0
*CC[N+](C)(C#N)CCCNS(*)(=O)=O,120.0
*CC[N+](C)(C)CC(F)(F)C(F)(F)COC(=O)CCCC(=O)N*,45.0
*CC[N+](C)(C)CCOC(=O)c1ccc(C(=O)O*)cc1,90.0
*CC[N+](C)(C)CNC(=O)OCCCCCCOC(=O)O*,-20.0
*CC[N+](C)(C)COC(=O)Nc1ccc(-c2ccc(C(=O)OCCOc3ccc(O*)cc3)cc2)c(S(=O)(=O)O)c1,130.0
*CC[N+](CCC)=C(C)C#CC#C[Si](*)(C)C,45.0
*CC[N+](O)CC(O)CN(*)CC,80.0
*CC[N+]CC(C)CNC(=O)CCCC(=O)N*,45.0
*CC[NH+]CC(=O)O*,65.0
*CC[PH](*)(C)CCCNC(=O)c1ccc(C(=O)NCCC)cc1,45.0
*CC[PH](*)(CC)CCCCCC,-60.0
*CC[PH](C)(C)C(=O)NC(=O)CCOC(=O)C(=O)N(*)C,45.0
*CC[PH](C)(C)CNC(=O)C(=O)O*,45.0
*CC[PH](CCCCCCC)C(=S)N*,-20.0
*CC[SH](*)(C)CCCN,-40.0
*CC[SH](*)(CC)CCCC(C)C,-40.0
*CC[SH](C)(=O)C(C)(C)NC(=O)CC(*)=O,90.0
*CC[SH](C)(C)c1ccc(CN(*)CC)cc1,45.0
*CC[Se](C)CCOC(=O)c1cccc(NC(=O)NCCCS*)c1,45.0
*CC[Si](*)(/C=C/C=C)CCCCOc1ccc(OC(C)=O)cc1,-20.0
*CC[Si](*)(C)C(=O)OC1CCCC(O)C1,45.0
*CC[Si](*)(C)CCOCCCCC[N+](C)(C)C,-60.0
*CC[Si](*)(C)[Si](CC)CCC,-70.0
*CC[Si](C)(C)CCCNC(=O)CCCCCCCCCC(=O)NCCNC(=O)CCNC(=O)N(*)C,-20.0
*CC[Si](C)(C)CCCOC(=O)Nc1cc(C)c(CNC(=O)O*)cc1S(=O)(=O)O,65.0
*CC[Si](C)(CC)c1ccc(N(C)Cc2ccc([Si](*)(C)c3ccc([N+](=O)[O-])cc3)cc2)cc1,85.0
*CCc1c(*)cccc1O,90.0
*CCc1c(C)cc(*)cc1C,100.0
*CCc1c(C)cc(C(=O)N(C)Cc2cc(C)c(O*)c(C)c2)cc1C,130.0
*CCc1cc(C(=O)O)ccc1OC(=O)CCCCCCCCCCC(=O)O*,15.0
*CCc1cc(C(=O)O*)cc(N(CC)C(=O)OCC)c1,65.0
*CCc1cc(CCCCCC)c(*)c(CCCCCCC)c1OC,-20.0
*CCc1cc(CCCCCCCCCCCCCCCCCC)cc(*)c1CCCCCCCCCC,-45.0
*CCc1cc(NCC(=O)O*)ccc1-c1ccc(SC)cc1,85.0
*CCc1cc(OCCCCCCCCCC)cc(N=*)c1O,-20.0
*CCc1ccc(*)c(O)c1,90.0
*CCc1ccc(*)cc1OCCCCCCSCCCCCC#C,-20.0
*CCc1ccc(*)n1C#N,90.0
*CCc1ccc(*)n1CCC(=O)NCCC(C)CC,25.0
*CCc1ccc(-c2cc(CCCCCCCC)c(*)s2)cc1CCCCCCCCCCCCCCCCCCCC,-45.0
*CCc1ccc(C#Cc2cc(CCCCCC)c(-c3cc(OC)c(*)s3)cc2CCCCCCCCCC)c(CCCCCCCC)c1,-20.0
*CCc1ccc(C(=*)C#N)cc1,100.0
*CCc1ccc(C(=O)N(CC(C)C)C(=O)C(*)CC)cc1,120.0
*CCc1ccc(C(=O)O*)c(C(=O)O)c1,90.0
*CCc1ccc(C(=O)SCSCSC(=O)N*)cc1,45.0
*CCc1ccc(C(C)(C)C(=O)OCc2ccc(*)cc2)cc1C#N,115.0
*CCc1ccc(C(C)(C)c2ccc(CNC(=O)CCCCC(=O)N*)cc2)cc1,45.0
*CCc1ccc(C(CC)CCC(=O)c2ccc(*)cc2)cc1,45.0
*CCc1ccc(C/C=C(/*)C(CC)(CC)CCCC)cc1,-30.0
*CCc1ccc(C/N=C/c2ccc(C(c3ccc(O*)cc3)c3ccccc3[N+](C)(C)C)s2)o1,95.0
*CCc1ccc(CCCCCCc2ccc(*)o2)s1,-40.0
*CCc1ccc(CCCCN)c(*)c1,-15.0
*CCc1ccc(CCNC(=O)CCCCCCCCC(=O)/C=C/c2ccc(C[N+](*)CCCCCC)cc2CCCC)cc1,15.0
*CCc1ccc(CCc2ccc(/C=C/c3ccc(*)cc3)cc2)cc1,110.0
*CCc1ccc(CN(C)CC(=O)O*)cc1,45.0
*CCc1ccc(CN(CCCC)C(=O)CCCCCCCCCCCCCCCCCCCCC(=O)N(*)CC)cc1,-35.0
*CCc1ccc(CNC(=O)/C=C/c2ccc(C(=O)O*)cc2C)cc1,95.0
*CCc1ccc(CNC(=O)C*)cc1,90.0
*CCc1ccc(CNC(=O)O*)cc1,90.0
*CCc1ccc(CNC(=O)c2ccc(C(=O)O*)cc2)c2ccccc12,130.0
*CCc1ccc(CO*)c(OCC(C)C)c1,45.0
*CCc1ccc(COC(=O)CCSSCCCCNC(=O)O*)cc1,-10.0
*CCc1ccc(CSC(=*)CC#N)cc1,55.0
*CCc1ccc(CSSC(=O)O*)c(C)c1,45.0
*CCc1ccc(C[Si](C)(C)c2ccc(/C=C(\C)c3ccc(*)o3)cc2)cc1,15.0
*CCc1ccc(Cc2ccc(CN(*)c3ccccc3)nc2)cc1,85.0
*CCc1ccc(Nc2ccc(NC(=O)c3ccc(S(*)(=O)=S)cc3)cc2)cc1,175.0
*CCc1ccc(OCC2C=CC(NC(=O)S*)CCS2)cc1,45.0
*CCc1ccc([Si](*)(C)CCC)cc1,-20.0
*CCc1ccc([Si](*)(c2ccccc2)c2ccc(C#N)cc2)cc1,130.0
*CCc1cccc(-c2ccccc2)c1*,100.0
*CCc1cccc(COC(=O)CCCCC(=O)O*)c1,-20.0
*CCc1ccccc1C(=O)NNC(=O)CCCCCCCS*,15.0
*CCc1ccccc1CN(*)CCCC,25.0
*CCc1sc(*)cc1OCCN(CCCC)OCCCC,-30.0
*CCc1sc(COC(=O)CCCCC(=O)NCc2ccc(*)o2)cc1C,-10.0
*CCn1ccc(COS(=O)(=O)c2ccc(S(*)(=O)=O)cc2)c1,120.0
*CN(*)CCOc1ccc(C(=O)Oc2ccc(C#CC)cc2)cc1,65.0
*CN(CC(C)C)N*,-30.0
*CN(CCOC(=O)NCCCCCCCCNC(=O)OCCC)C(=O)NC(=O)C(C)C(=O)N*,45.0
*CNC(=O)C(*)(CBr)C(=O)CCN(C)C,65.0
*CNC(=O)C(CC)C(=O)NCCCNC(=O)C(O)CN(*)C,45.0
*CNC(=O)C(CC)COC(=O)N*,45.0
*CNC(=O)CC(C)C[Si](C)(C)S(=O)(=O)C(Cc1cccc(S(=O)(=O)O)c1)c1cc(SC)c(N=*)cc1OC,95.0
*CNC(=O)CC(C)N=C(C)C(=O)N*,90.0
*CNC(=O)CCC(=O)NCC(*)=O,90.0
*CNC(=O)CCCCCCCCC(=O)NCc1ccc(CNC(=O)C#N)cc1*,65.0
*CNC(=O)CCCCCCCCC(=O)Nc1ccc(C(O)CCNCC(=O)NC(SC)c2ccc(*)cc2)cc1,65.0
*CNC(=O)CCCCCCCCCCCCCCCCCCC(=O)NCC(=O)NC(=S)N*,45.0
*CNC(=O)CCCCCCOC(=O)c1ccc(Cc2ccc(C(*)=O)cc2)cc1,45.0
*CNC(=O)CCOC(=O)CC=C(C#N)c1ccc(C(=O)NC(C)CC(=O)Nc2ccc(*)s2)o1,95.0
*CNC(=O)CNC(=O)CCCCC(=O)NCC(=O)N*,60.0
*CNC(=O)COCC(=O)NCc1ccc(CNC(=O)O*)cc1,45.0
*CNC(=O)NC(C)C(*)=O,120.0
*CNC(=O)NC(C)COC(=O)O*,45.0
*CNC(=O)NCCCCCCNC(=O)NCCCCCCNC(=O)NC(=O)O*,55.0
*CNC(=O)NCCNC(=O)NCCCCCNC(*)=O,90.0
*CNC(=O)NCCc1ccc(CCNC(=O)Nc2ccc(C(C)(C)c3ccc(N4C(=O)c5ccc(O*)cc5C4=O)cc3)cc2)cc1,175.0
*CNC(=O)NSNC(=O)c1ccc(NC(=O)[Si](*)(CC)CCCCCC)cc1,45.0
*CNC(=O)N[Si](C)(C)O[Si](C)(C)O[Si](C)(C)O[Si](C)(C)CCCCCC(=O)N(*)C,-60.0
*CNC(=O)Nc1ccc(C(C)(C)CCCCCCC(=O)N*)cc1,50.0
*CNC(=O)OCC(C)(C)COC(=O)N1CCN(*)CC1,65.0
*CNC(=O)c1c(C)c(C)c(O)c(*)c1OO,180.0
*CNC(=O)c1cc(C(=O)N*)c(F)cc1F,180.0
*CNC(=O)c1ccc(-c2ccc(C(*)=O)cc2)cc1,210.0
*CNC(=O)c1ccc(O*)c(OC)c1,120.0
*CNC(=S)N(*)C(F)(F)F,90.0
*CNC(=S)NNC(=O)c1cc(C)c(C(=O)NCCN(*)C)cc1C,130.0
*CNC(CC(=O)OC)C(=O)O*,65.0
*COC(=O)C(C)(CO*)OCCC(F)(F)C(F)(F)C(F)(F)F,55.0
*COC(=O)C(CCCCCCC)S(=O)(=O)CCOc1ccc(-c2ccc(S(=O)(=O)O*)cc2)cc1,45.0
*COC(=O)C/C(=C/c1ccc(C)c(NC(=O)O*)c1)c1ccc(/N=N/c2ccc(C#N)cc2)cc1,115.0
*COC(=O)CCCCCCCCCCCCC(=O)OCCCCOC(=O)c1ccc(C(*)=O)c([N+](=O)[O-])c1,-15.0
*COC(=O)CCCCNC(=O)CCCCC(=O)OC(=O)CCC(=O)O*,-20.0
*COC(=O)COC(=O)CCCCCCCC(=O)OCCOc1ccc(/C=C/c2ccc(O*)cc2)cc1,40.0
*COC(=O)Cc1cccc(CNC(=O)O*)c1,45.0
*COC(=O)NCCNC(=O)OCCCCCOc1ccc(/C=C2\CCC/C(=C\c3ccc(OCCC(O)CO*)cc3)C2=O)cc1-c1ccccc1,45.0
*COC(=O)OCCCCCCNC(=O)OCCCCCCOc1ccc(C(=O)NNC(=O)c2ccc(O*)cc2)cc1,45.0
*COC(=O)Oc1ccc(OC(=O)c2ccc3c(c2)C(=O)N(*)C3=O)cc1,190.0
*COC(=O)SSN1CCN(*)CC1,25.0
*COC(=O)c1ccc(C(=O)NCCCCCCOCCN(*)CCC)cc1,20.0
*COC(=O)c1ccc(C(=O)OCCCNC(=O)c2ccc(C(=O)NNC(=O)CC/N=C/c3ccc(C(=O)O*)cc3)cc2)cc1,95.0
*COC(=O)c1ccc(NC(=O)CCCCC(=O)Nc2ccc(Cc3ccc(S*)c(SC)c3)cc2)cc1,95.0
*COC(=O)c1ccccc1C(=O)OC(=O)CCCCCCCCC(=O)S(*)=O,-20.0
*COC1CCCC(*)C1,-20.0
*COCCC(=O)OCCOC(=O)Cc1ccc(C(=O)O*)cc1,-20.0
*COCCCCOCCCCOc1ccc(-c2ccc(/C=C/c3ccc(OC(=O)c4ccc(C(*)=O)cc4)cc3)cc2)cc1,45.0
*COCCOC(=O)c1ccc(/N=N/c2ccc(C(=O)O*)cc2)cc1,65.0
*COCCOCCOCCOC(=O)C1CCOC(=O)C1*,-40.0
*COc1c(O)c(O)c(*)c(Cl)c1CC,145.0
*COc1cc(C(=O)O)c(*)cc1OCCOC(=O)c1ccc(O)cc1,95.0
*COc1ccc(/C=C2\CCC/C(=C\c3ccc(O*)c(OC)c3)C2=O)cc1OC,90.0
*COc1ccc(C(=O)N(*)CC)cc1,90.0
*COc1ccc(C(=O)OCCOC(=O)c2ccc(OCCCC)cc2OC(=O)CCCCCCC(=O)O*)cc1,-10.0
*COc1ccc(C(C)(C)c2ccc(OCC(=O)N3CCN(*)CC3)cc2)cc1,65.0
*COc1ccc(C(C)(C)c2ccc(OCCCCCCCCOc3ccc(S*)cc3)cc2)cc1,-10.0
*COc1ccc(C(CCCCCCC)c2ccc(OCC(O)COc3ccc(/C=C(\C)c4ccc(O*)cc4)cc3)cc2)cc1,45.0
*COc1ccc(C(OCCO)c2ccc(OCCCC(C)CCOC(*)=O)cc2)cc1,45.0
*COc1ccc(CCCCCCCCCCCCCCC(=O)OCCCC(=O)OCCOC(=O)c2ccc(O*)cc2)cc1,-20.0
*COc1ccc(CCCCOC(=O)c2ccc(C(=O)Oc3ccc(OC(=O)c4ccc(O*)cc4)cc3)cc2)cc1,80.0
*COc1ccc(COC(=O)c2ccc(NC(=O)CCCCCCCC(=O)Nc3ccc(*)cc3)cc2)cc1,95.0
*COc1cccc(OC(=O)c2ccc(OCCOCCOCCOCCOCCOCCOc3ccc(/C=C/c4ccc(O*)cc4)cc3)cc2)c1,15.0
*CS(*)([2H])F,50.0
*CS(=O)(=O)CCCCCCC(=O)N(CCCC)C(=O)C(=O)O*,15.0
*CSC(=O)C(Cc1ccccc1)OC(=O)c1ccc(C(*)=O)cc1,45.0
*CSC(=O)NS(=O)(=O)CCc1cccc(CSC(=O)O*)c1,45.0
*CSCC(=O)N*,40.0
*CSCC(=O)NCCc1ccc(CNC(=O)CCCCCCN2CCN(*)CC2)cc1,15.0
*CSCCCCCC(*)CCCCCCCCCC,-60.0
*CSCCCCCCCCC(CC(C)C)N*,-55.0
*CSSC*,-60.0
*CSSCSSS*,-60.0
*C[CH2][Fe]([CH3])([CH3])[NH]C(=O)CCCCCNC(=O)CCCN(*)C,-20.0
*C[CH2][Sn]([*])([CH3])[O]c1ccccc1F,45.0
*C[CH2][Sn]([*])([c]1ccccc1)[c]1ccccc1,40.0
*C[CH2][Sn]([CH3])([CH3])[CH2]C(C)CNC(=O)C(CC(C)C)C(=O)O*,-30.0
*C[CH2][Sn]([CH3])([CH3])[CH2]CCCCCCCOC(=O)c1ccc(C(=O)NCCOC(=O)c2ccc(C(=O)O*)cc2)cc1,15.0
*C[CH2][Sn]([CH3])([CH3])[CH2][Si](*)(C)C(C)C,-70.0
*C[CH2][Sn]([CH3])([CH3])[CH2]c1ccc(-c2cc(O)c(O*)c(Br)c2)cc1[2H],85.0
*C[CH2][Sn]([CH3])([CH3])[C]#CC#Cc1ccc(CCCNC(=O)CCCCCCCCCCCCC(=O)N*)cc1,10.0
*C[CH]([Ca])C1C=CC(N2C(=O)c3ccc(*)cc3C2=O)=CC=C2C(=O)N2C1=O,280.0
*C[N+](*)(C)C(F)(F)C(F)(F)C(F)(F)C(F)(F)C(F)(F)C(F)(F)F,130.0
*C[N+](*)(C)CCCCCCCCCCCOCCCCCCOc1ccc(-c2ccc(C#N)cc2)cc1,15.0
*C[N+](*)(C)CCCCNC(=O)c1ccc(Oc2ccc(-c3ccc(Cl)cc3)cc2)cc1,110.0
*C[N+](*)(C)COC(C)C,90.0
*C[N+](*)(CCBr)CCCC,70.0
*C[N+](C)(C)CCCOc1ccc(-c2ccc(*)c(-c3ccc(C)cc3)c2)o1,130.0
*C[N+](C)(C)CCCOc1ccc(/C=N/c2ccc(OC(=O)OCC(C)O)c(O*)c2)cc1OC,85.0
*C[NH2+]CCCCCCNC(*)C=C,-30.0
*C[PH](*)(C#N)CCCCN(C)C,-30.0
*C[PH](*)(CCCCCC)CCCCCC,-60.0
*C[PH](*)(Cl)CCC(F)(F)C(F)(F)C(F)(F)Cl,-20.0
*C[PH](C)(C)CCCCCCCCCCOC(=O)c1ccc(C(=O)O*)c(C(C)(C)C)c1,-20.0
*C[PH](C)(C)CCC[Si](*)(C)c1ccccc1,-30.0
*C[SH](C)C(*)F,40.0
*C[Se](*)c1ccccc1C(C)(C)C,45.0
*C[Se]C(*)(C)C(=O)OCCC,15.0
*C[Se]CCC(C#N)N(*)C(=O)CCCCCCCC,-20.0
*C[Si](*)(C)CCCCCCC(=O)Oc1ccc(Br)cc1,-40.0
*C[Si](*)(C)CCCCCCCC(=O)OC(C)(OC)C(C)(C)C,-70.0
*C[Si](*)(C)CCCCCCCCCCCC,-125.0
*C[Si](*)(C)CCCCCCCCCOc1ccc(C(C)(C)c2ccc(Cl)cc2)cc1,-20.0
*C[Si](*)(C)CCCCCCCCOc1ccc(/N=N/c2ccc(OCC)cc2)cc1,-20.0
*C[Si](*)(C)CCCCCCCOc1ccc(OCCCCCCCCCCOc2ccc(/N=N/c3ccc(OC)cc3)cc2)cc1,-20.0
*C[Si](*)(C)CCCOc1ccc(-n2on2-c2ccccc2)cc1,-10.0
*C[Si](*)(C)CCCOc1ccc(C(=O)OC(C)CCC(C)C)cc1,-60.0
*C[Si](*)(C)CCc1ccc(CCCCC(CC)(CCC)CCCC)cc1,-60.0
*C[Si](*)(C)Oc1c(F)c(F)c(F)c(F)c1F,-20.0
*C[Si](*)(C)c1ccccc1C,35.0
*C[Si](*)(CC(C)C)CC(C)(C)C,-60.0
*C[Si](*)(CC)CCCCCCCCCCCC,-120.0
*C[Si](*)(CC)SC,-100.0
*C[Si](*)(CCCCC)COc1ccc(C(=O)Nc2ccc(OCCCC)cc2)cc1,-20.0
*C[Si](*)(CCCCC)c1ccc(S(=O)(=O)c2ccc(C#N)cc2)cc1,45.0
*C[Si](*)(CCCCCC)CCCCCC[Si](C)(C)C,-120.0
*C[Si](*)(CCCCCC)CCc1ccc(C#CC(=O)OCCCCC)cc1,-30.0
*C[Si](*)(CCCCl)C[N+](C)(C)CCCC,-30.0
*C[Si](CC)CC(C)CCCCSC(=O)O*,-50.0
*Cc1c(C)c(CCC)c(*)c(CBr)c1F,95.0
*Cc1c(C)cc(Cc2cc(*)c(O)c(Br)c2)cc1Cl,130.0
*Cc1cc(*)c(O)cc1F,130.0
*Cc1cc(*)c(OCCCCCCCC)cc1Cl,-20.0
*Cc1cc(/C=C/c2ccc(*)cc2)cc(OCC(C)C)c1,90.0
*Cc1cc(C#N)cc(NC(=O)CCCCCCCCCCCCC(=O)Nc2ccc(C)c(O*)c2)c1,85.0
*Cc1cc(C(=O)O*)ccc1-c1ccc(/N=N/c2ccc(Cc3ccc(C[N+](C)(C)C)cc3)cc2)cc1,165.0
*Cc1cc(C(=O)OC)cc(C(C)(C)c2ccc(N=*)cc2)c1,175.0
*Cc1cc(C)c(*)cc1OCCCCCCCCCCCCCC,-30.0
*Cc1cc(CC)c(*)cc1C(CC)CCCCCC,-20.0
*Cc1cc(CCCCCCCCCCCCCCCCCC)c(*)cc1CCCCC,-40.0
*Cc1cc(CN(CC)C(=O)CCCC(=O)N(*)C)ccc1OCC(=O)O,65.0
*Cc1cc(CNC(=O)CCCCCCCCCCC(=O)N*)ccc1N,45.0
*Cc1cc(COc2ccc(C(=O)NNC(=O)CCCCCCCCC(=O)N3CCN(*)CC3)cc2)ccc1C,65.0
*Cc1cc(Cl)c(*)c(C)c1C,150.0
*Cc1cc(Cl)c(*)c(F)c1F,130.0
*Cc1cc(Cl)c(O*)c(C=O)c1F,130.0
*Cc1cc(I)c(CNC(*)=O)cc1C,120.0
*Cc1cc(OC)c(*)cc1C(=O)OCCc1ccccc1,65.0
*Cc1cc(OCC(OC)C(C)CC)c(*)o1,-20.0
*Cc1cc(OCCCCCCCCCC)c(*)cc1C,-20.0
*Cc1cc(OCCCCCCCCCC)c(CCCCCCCCCCCCCO*)cc1OCCCCCCCCCC,-40.0
*Cc1cc(OCCCCCCCCCCCCCC)c(*)cc1OCCCCCCCCCCCCCCCCCCCCCCCCCCCC,-45.0
*Cc1cc(OC[Si](C)(C)C)cc(C(*)=O)c1,90.0
*Cc1cc([2H])c(*)c(C)c1,100.0
*Cc1ccc(*)c(CCCCCCCCC(=O)OCCOCCOCC)c1,-20.0
*Cc1ccc(*)c(NCCCCCCCCCCCCC(=O)SCCCCCCOc2ccccc2)c1,-25.0
*Cc1ccc(-c2cc(OCCCCCCCCCC)c(*)cc2OCCCC)cc1OCCCCCCO,-10.0
*Cc1ccc(-c2ccc(C(=O)NNC(=O)CCN(*)c3ccccc3)cc2)cc1,140.0
*Cc1ccc(/C=C(\C#N)c2ccc(-c3ccc(C(=O)OC)cc3)c(O*)c2)cc1,165.0
*Cc1ccc(/C=C/C(=O)CCCCCCCCCCCCCCCCC(=O)Nc2ccc(Cc3ccc(NC(=O)CCCN4C(=O)c5ccc(C(*)(C(F)(F)F)C(F)(F)F)cc5C4=O)cc3)cc2)cc1,95.0
*Cc1ccc(/C=N/CC/N=C(\CC)c2ccc(*)s2)o1,65.0
*Cc1ccc(/C=N/c2ccc(N(c3ccccc3)c3ccc(Cc4ccc(N(*)C)s4)cc3)cc2)cc1,130.0
*Cc1ccc(C#C[Si](C)(C)c2ccc(N3C(=O)c4ccc(*)cc4C3=O)cc2)cc1,235.0
*Cc1ccc(C#Cc2cc(SCCCCCCCC)c(*)s2)cc1,20.0
*Cc1ccc(C#Cc2ccc(-c3ccc(*)s3)cc2)cc1,110.0
*Cc1ccc(C#Cc2ccc(NC(=O)CCCCCCCCCCCCC(=O)Nc3ccc(C(=O)O*)cc3)cc2)cc1,90.0
*Cc1ccc(C#N)c(CC#N)c1*,150.0
*Cc1ccc(C#N)cc1CCCCN(*)CC,45.0
*Cc1ccc(C(=O)C(=O)NCCCCCCNC(=O)c2ccc(C(=O)O*)cc2)cc1,65.0
*Cc1ccc(C(=O)CCCCCCCCCCCCCCCCCCCC(=O)c2ccc(SC(=O)NC(*)=O)cc2)cc1,-10.0
*Cc1ccc(C(=O)NCCCCCCCCCOCCCCCCCNC(=O)c2ccc(C(C)(C)c3ccc(C(=O)O*)cc3)cc2)cc1,45.0
*Cc1ccc(C(=O)O*)cc1C#N,130.0
*Cc1ccc(C(C(=O)CCC(=O)O*)C(=O)OC)cc1,45.0
*Cc1ccc(C(C)(C)c2ccc(C(C)(C)c3ccc(-c4c(C)cc(*)cc4CCCCCCCCCCCC)cc3C)cc2)cc1,95.0
*Cc1ccc(C(C)(C)c2ccc(NC(=O)CCCCCCS(=O)(=O)CCCCOC(=O)c3ccc(C(=O)O*)cc3)cc2)cc1,55.0
*Cc1ccc(C(C)(C)c2ccc([N+](=O)[O-])c(C(=O)OC(C)(C)C(=O)O*)c2)cc1,115.0
*Cc1ccc(C(C)(CC)c2ccc([Si](*)(OCC)OCCCN(C)C)s2)cc1,10.0
*Cc1ccc(C(C)(CCC)c2ccc(*)cc2)c(OCCCCCCCOCCO)c1,-20.0
*Cc1ccc(C(C)(c2ccccc2)c2cccc(O*)c2)cc1Br,155.0
*Cc1ccc(C(C)=C(CCCC)CCCCC)cc1*,-20.0
*Cc1ccc(C(C)C(*)C#N)c(Br)c1Cl,130.0
*Cc1ccc(C(CC)(CCC)C(=O)C(*)=CC=C(C)C)cc1,65.0
*Cc1ccc(C(CCC)c2ccc(-c3ccc(-c4ccc(C=*)cc4)cc3)cc2)cc1,130.0
*Cc1ccc(CC(=O)COCCCCCCCCCOC(=O)CCCCC(=O)O*)cc1,-20.0
*Cc1ccc(CC(=O)OCCCCCCOc2ccc(S(*)(=O)=O)cc2)cc1,25.0
*Cc1ccc(CCCCCCCCC(=O)O*)cc1,-20.0
*Cc1ccc(CCCCCCCCCCCCC#CC(*)=O)cc1,-30.0
*Cc1ccc(CCCCCc2ccc(/C=C/c3ccc(*)cc3)cc2)cc1,45.0
*Cc1ccc(CCCNC(=O)CCCCCCCCCCC(=O)NCCCCCCNC(=O)CCCCCCCCO*)cc1,-20.0
*Cc1ccc(CCN(C)C(=O)CCCCCCCCCCC(=O)NCCCCCCCCC(*)=O)cc1,-20.0
*Cc1ccc(CCN(C)C(=O)c2cccc(C(=O)/C=C/c3ccc(C(=O)c4cccc(C(=O)Nc5ccc(*)cc5)c4)cc3)c2)cc1,175.0
*Cc1ccc(CCNC(=O)C(C)CCC(=O)N*)cc1,45.0
*Cc1ccc(CCNC(=O)CCCCCCCCC(*)=O)cc1,15.0
*Cc1ccc(CCNC(=O)CCCC[Si](*)(C)C)cc1,-20.0
*Cc1ccc(CCNC(=O)CCCS*)cc1,-20.0
*Cc1ccc(CCNC(=O)CCc2ccc(C(C)(C)c3ccc(C(=O)N*)cc3)cc2)cc1,65.0
*Cc1ccc(CCOC(=O)CC(=O)O*)cc1-c1ccc(N(C)C)cc1,45.0
*Cc1ccc(CCOC(=O)CCCCCCCCC(=O)NCCCC(=O)O*)cc1,-20.0
*Cc1ccc(CCOC(=O)CCCCCCCCCCSC(=O)O*)cc1,-30.0
*Cc1ccc(CCOCCCCCCCCCCCCOC(=O)c2ccc(C(=O)O*)cc2)cc1,-20.0
*Cc1ccc(CCOP(=O)(O*)c2ccccc2)cc1,45.0
*Cc1ccc(CCO[Si](C)(C)O[Si](C)(C)O[Si](C)(C)O[Si](C)(C)O[Si](C)(C)c2ccc(C(=O)N*)cc2)cc1,-40.0
*Cc1ccc(CCSCCCNC(=O)c2ccc(SCc3ccc(C(=O)N*)cc3)cc2)cc1,45.0
*Cc1ccc(CCc2ccc(CCNC(=O)CCCCC(=O)S*)cc2)cc1,15.0
*Cc1ccc(CN(*)C(=O)c2ccc(F)cc2C)cc1,130.0
*Cc1ccc(CN(*)c2ccc(C)cc2)cc1,130.0
*Cc1ccc(CN(C)C(=O)CCCC(=O)Nc2ccc(C(C)(NC(=O)c3ccc(*)cc3)c3ccccc3)cc2)cc1,145.0
*Cc1ccc(CN(C)C(=O)CCCCCCCCC(=O)c2ccc(*)cc2)cc1,25.0
*Cc1ccc(CN(CC)C(=O)CCCOC(=O)CCCCC(=O)N*)cc1,-20.0
*Cc1ccc(CN(CC)C(=O)SCCCCc2ccc(O*)cc2)cc1,10.0
*Cc1ccc(CN(c2ccc([N+](=O)[O-])cc2)c2ccc(S(*)(=O)=O)cc2)cc1,190.0
*Cc1ccc(CNC(=O)CCCCCCCCCC(=O)/C=C/c2ccc(C(=O)NC(*)=O)cc2)cc1,45.0
*Cc1ccc(CNC(=O)CCCCCCCCCCCCCCCCCCC(=O)O*)cc1,-10.0
*Cc1ccc(CNC(=O)CCCCCOCCO*)cc1,-20.0
*Cc1ccc(CNC(=O)NCCCCCSCCNC(=O)CCCOCC(*)=O)cc1,-10.0
*Cc1ccc(CNC(=O)c2ccc(C(=O)N*)cc2)cc1,130.0
*Cc1ccc(CNC(=S)CCC(=O)Nc2ccc(C(=O)O*)cc2)cc1,90.0
*Cc1ccc(CNNC(=O)CCCCCC(=O)NCCCCCCNC(=O)c2ccc(C(=O)N*)c(C)c2)cc1CS(=O)(=O)O,95.0
*Cc1ccc(COC(=O)C(CCCCCCCCCCCC)C(=O)O*)cc1,-20.0
*Cc1ccc(COC(=O)CCCCCCN(*)CC)cc1,15.0
*Cc1ccc(COC(=O)NC(C)C(=O)OCCCCCCCOc2ccc(C(C)(C)c3cccc(S(*)(=O)=O)c3)cc2)cc1,45.0
*Cc1ccc(COC(=O)c2cc(C(=O)O*)c(C)cc2C)cc1C,65.0
*Cc1ccc(COC(=O)c2cc(CNC(=O)O*)ccc2C)cc1,65.0
*Cc1ccc(COCCCCOC(=O)c2ccc(C(=O)O*)cc2)cc1,40.0
*Cc1ccc(CO[Si](C)(C)c2ccc([Si](*)(C)C)cc2)cc1,45.0
*Cc1ccc(CSC(=CCCCCCCCC(=O)N*)c2ccccc2)cc1,15.0
*Cc1ccc(CSC(=O)CCCC(=O)Nc2ccc(C(=O)SN3CCN(*)CC3)cc2)cc1,85.0
*Cc1ccc(CSC(=O)CCCCCCCCC(=O)NCCCCCC(=O)N*)cc1,15.0
*Cc1ccc(CSC(=O)CCCOC(=O)c2ccc(C(=O)O*)cc2)cc1,25.0
*Cc1ccc(CSC(=O)Nc2ccc(Cc3ccc(OCCCCCCCCCCOc4ccc(C(=O)O*)cc4)cc3)cc2)cc1,15.0
*Cc1ccc(C[Si](*)(C)C)o1,-30.0
*Cc1ccc(C[Si](C)(C)O[Si](C)(C)O[Si](C)(C)O[Si](C)(C)O[Si](C)(C)O[Si](C)(C)c2ccccc2C)cc1*,-80.0
*Cc1ccc(Cc2c(Cl)cc(-n3c(=O)c4cc5c(=O)n(*)c(=O)c5cc4c3=O)cc2Br)c(Br)c1,305.0
*Cc1ccc(N(C)c2ccc(N(C)C(=O)Nc3ccc(NC(=O)C(=O)Nc4ccc(*)nc4)cc3)cc2)cc1,210.0
*Cc1ccc(N)c(C(=*)C#N)c1,130.0
*Cc1ccc(NC(=O)CCCCCCCCCCCC(=O)Nc2ccc(C)c(N*)c2)cc1,110.0
*Cc1ccc(NC(=O)CCCCCCCCCCCCCC(=O)Nc2ccc(C(=O)O*)cc2)c(C)c1,90.0
*Cc1ccc(NC(=O)NCCCCSCCCCCNC(=O)c2ccc(C(=O)N*)cc2)cc1,45.0
*Cc1ccc(NC(=O)NCCN(CCC)c2ccc(C(=O)O*)cc2)cc1,85.0
*Cc1ccc(NCC(=O)CCCCCCCCCCC(=O)Nc2ccc(O*)cc2)cc1,45.0
*Cc1ccc(OCCCCCCCCCCSOc2ccc(C(=O)OC(C)CCCC(*)=O)cc2)cc1,-20.0
*Cc1ccc(OCCCCOCCOCCCCOc2ccc(/C=C/c3ccc(O*)cc3)cc2)cc1,40.0
*Cc1ccc(OCCCCOc2ccc(-c3ccc(-c4ccccc4)cc3)cc2)cc1*,90.0
*Cc1ccc(Sc2ccc(CSC(=O)c3ccc(C(*)=O)cc3)cc2)cc1,65.0
*Cc1ccc([N+](=O)[O-])c(NC(=O)CCCCCCCCCCC(=O)N*)c1,45.0
*Cc1ccc([Si](*)(CC)CC)c(C(C)=O)c1,65.0
*Cc1ccc([Si](C)(C)c2ccc(P(=O)(c3ccccc3)c3ccc(*)s3)cc2)cc1,110.0
*Cc1ccc2cc(C(=O)Nc3ccc(*)cc3)ccc2c1,210.0
*Cc1cccc(*)c1C(=O)NCC(C)NCC,90.0
*Cc1cccc(C#C[Si](*)(c2ccccc2)c2ccccc2)c1,120.0
*Cc1cccc(C(=O)c2ccc(NC(=O)CCCC(=O)Nc3ccc(O*)cc3)cc2)n1,150.0
*Cc1cccc(CCCCS*)c1,-20.0
*Cc1cccc(CN(C)c2ccc(SS(*)(=O)=O)cc2)c1Cc1ccccc1,145.0
*Cc1cccc(CNC(=O)CCCCC(=O)S*)c1,45.0
*Cc1cccc(COC(=O)CCC(=O)NCCCCSCC(*)=O)c1,-10.0
*Cc1cccc(CSC(=O)SCCC(*)=O)c1,-20.0
*Cc1cccc(O)c1CCN(*)CCCCCCC,-10.0
*Cc1ccccc1-c1ccc(N2C=CC(=C=C=*)CC2)cc1,180.0
*Cc1ccccc1C(=O)ON(*)CC,90.0
*Cc1ccccc1C/C=C/C=C(\C)CN(CCC)CC(C)C(=O)n1c(=O)c2cc3c(=O)n(*)c(=O)c3cc2c1=O,210.0
*Cc1ccccc1CC(=O)Nc1ccc(C(=O)O*)cc1,140.0
*Cc1ccccc1CCCCCCCCCNC(=O)C(=O)N*,45.0
*Cc1ccccc1CN(CC)c1ccc(/C=C/c2ccc(C(C)(C)c3ccc(N(c4ccccc4)c4ccc(/N=C/c5ccc([Si](*)(C)C)cc5)cc4)cc3)cc2)cc1,145.0
*Cc1ccccc1CNS(=O)(=O)c1cccc(C(=O)NC(C)C(=O)N*)c1,160.0
*Cc1ccccc1Cc1cccc(N=*)c1,120.0
*Cc1ccccc1Nc1cccc(CNC(=O)CCCCCCCCCC(=O)N*)c1,45.0
*Cc1ccccc1OCCCCCCCCCCO*,-30.0
*N(CC(*)(F)F)C([2H])([2H])Cl,45.0
*N(CC(=O)OCC)C(=*)CCCN(C)c1ccc(C)cc1,45.0
*N(CCC[Si](*)(C)CCCS(=O)(=O)OCCCCCCCCCCCCCCC)OCC,-70.0
*N/C(=C/C(=O)C(C)(C)CC)O*,45.0
*N/C(C)=N/c1cccc2cc(C(*)=O)ccc12,280.0
*N/C=C/CCC(*)F,-20.0
*N=C(*)CN=Cc1ccc(/N=N/c2ccccc2)cc1,130.0
*N=C(*)OCC,40.0
*N=C(*)[Si](C)(C)C,65.0
*N=C(*)c1ccc(CC)cc1,120.0
*N=C(C#N)C(=O)Nc1ccc(NC(=O)c2cc(NC(=O)CCCCCC(=O)Nc3ccc(C(*)=O)cc3)cc(C(=O)OCCCCCCCCCCCC)c2)cc1,110.0
*N=C(C)CCCCCCCCCCCCCCCCCCCC(=O)NCC(*)=O,45.0
*N=C(C=*)CCCS(=O)(=O)[O][Na],90.0
*N=C(C=CCl)NCCC[N+](C)(C)CC[Si](*)(C)CC,-10.0
*N=C(N=*)c1cc(C)c(C)cc1C,180.0
*N=N[PH](*)(NC(C)=O)c1ccc(/N=N/c2ccc(C#N)cc2)cc1,180.0
*N=N[PH](=O)c1ccc(NC(=O)CCCCCCCCC(=O)Nc2ccc(*)nc2)cc1,95.0
*N=Nc1cc(Br)cc(NC(=O)c2ccc(C=*)cc2)c1,210.0
*N=Nc1ccc(-c2ccc(-c3ccc(NC(=O)c4cc(C)c(C(*)=O)cc4C)c(C)c3)cc2)cc1,260.0
*N=Nc1cccc(CCOC(=O)c2ccc(NC(=O)CCC(*)=O)cc2)c1,85.0
*N=P(*)(/N=N/c1ccc(C)cc1)c1ccc(C)cc1,110.0
*N=P(*)(C#N)C(F)(F)C(F)(F)C(F)(F)C(F)(F)C(F)(F)C(F)(F)C(F)(F)C(F)(F)F,-20.0
*N=P(*)(C#N)CCN(C)c1ccc(C(=O)OCCCC)cc1,45.0
*N=P(*)(C#N)CO,45.0
*N=P(*)(C#N)CO[Si](C)(C)O[Si](C)(C)C,-75.0
*N=P(*)(C#N)OCCCCC,-30.0
*N=P(*)(C#N)OCCOCCSCC,-60.0
*N=P(*)(C)CCCCCCCCOc1ccc(C(=O)Oc2ccc(C(=O)Oc3ccc(C#N)cc3)cc2)cc1,45.0
*N=P(*)(C)CCN(CCCC)CCCCC,-60.0
*N=P(*)(C)OCCc1ccc(N(C)C)cc1,-20.0
*N=P(*)(C)Oc1ccc(C(C)(C)C)cc1,90.0
*N=P(*)(C=C(C#N)CCCC)Oc1ccc(C(O)c2ccccc2)cc1,90.0
*N=P(*)(CC(=O)OCCCCC)C(=O)OCCCCCCCCCCCC,-60.0
*N=P(*)(CC(C)(C)C)OCCCCCCCCCCCCC,-70.0
*N=P(*)(CC(C)(OC)OC)OCC,-60.0
*N=P(*)(CC)NCCCCC,-50.0
*N=P(*)(CC)OCCCOCCOC,-75.0
*N=P(*)(CC)OCC[Si](C)(C)CCCC,-75.0
*N=P(*)(CC=N)COc1ccc(/N=N/c2ccccc2)cc1,85.0
*N=P(*)(CCC(=O)OCCCCCCCCCC)C(C)C,-60.0
*N=P(*)(CCC(F)(F)C(F)(F)C(F)(F)C(F)(F)F)OCCC(F)(F)C(F)(F)C(F)(F)C(F)(F)C(F)(F)F,-60.0
*N=P(*)(CCC)SCCCCCC,-60.0
*N=P(*)(CCCC)Oc1ccccc1OC,-20.0
*N=P(*)(CCCCCCCC)OCCOCCOCCOCCOCCCCCCCCCCC(F)(F)F,-60.0
*N=P(*)(CCCCCCCCCCC)CCCCCC(C)C,-70.0
*N=P(*)(CCCCCCCCCCCCS#N)c1ccc(N(C)CC)cc1,-30.0
*N=P(*)(CCCCCCCOC(=O)OCCSCCOCCOC)OCC(=O)OCC[N+](C)(C)C,-40.0
*N=P(*)(CCCC[Si](C)(C)C)NCBr,-60.0
*N=P(*)(CCCCl)c1ccccc1,-20.0
*N=P(*)(CCCOc1ccc(OC(=O)c2ccc(OC)cc2)cc1)Oc1ccc(-c2ccccc2)cc1,65.0
*N=P(*)(CCCOc1ccccc1)N(CCCC)c1ccc(/N=N/c2ccc([Si](C)(C)C)cc2)cc1,45.0
*N=P(*)(CCO)CCCO,-30.0
*N=P(*)(CCS(=O)(=O)O)[Si](C)(C)CCC,-20.0
*N=P(*)(CF)OC(C)C,-60.0
*N=P(*)(CN)CCCC,-30.0
*N=P(*)(CNC(=O)OCCCC)C(=O)OCCBr,-20.0
*N=P(*)(CNC(=S)OCC)OCC1CCCCCCCCCC1,-30.0
*N=P(*)(COC(O)O)OC(C)CCCC,-30.0
*N=P(*)(COCC(C)C)OCC([2H])F,-60.0
*N=P(*)(COCCCCCCCCCCCC)OCCCCCCCCCCCCCCCCC,-70.0
*N=P(*)(COCCCCCCOCCOCCOCCN(CC)COCCOCCOCOC)OCCOCCOCCOC,-60.0
*N=P(*)(COCCOCCOC)OCCOCCOC,-84.0
*N=P(*)(COCCOCCOC)OCCOCCOCCOCCOCCOC,-70.0
*N=P(*)(COCCOCCOCCOCCOC)OCCCCCCCOCCOCC,-60.0
*N=P(*)(COc1ccc(C)cc1)c1ccccc1N,90.0
*N=P(*)(COc1cccc(F)c1)C(F)(F)C(F)(F)C(F)(F)C(F)(F)C(F)(F)F,-20.0
*N=P(*)(COc1ccccc1)OC(CCCC)OCC,-30.0
*N=P(*)(Cc1ccccc1)c1ccccc1,100.0
*N=P(*)(Cl)OCC(=O)OCC(C)CCC(F)(F)F,-30.0
*N=P(*)(Cl)OCC(F)(F)C(F)(F)CF,-66.0
*N=P(*)(F)C([2H])(F)F,-60.0
*N=P(*)(F)OCCCCCCOc1ccc(/N=N/c2ccc(/C=N/c3ccccc3)cc2)cc1,45.0
*N=P(*)(NCCC)c1ccc(/N=N/c2ccc(C(=O)Oc3ccc([N+](=O)[O-])cc3)cc2)cc1,110.0
*N=P(*)(NCCCC)OCCCCCCCC,-60.0
*N=P(*)(NCCCCCCCCCC)OCCOCCOC,-60.0
*N=P(*)(NCCCCCCCCCCCCCC)OCCCc1ccccc1,-40.0
*N=P(*)(NCCCCCCCCNC(=O)Oc1ccc(C(F)(F)F)cc1)C(C)(C)C,-20.0
*N=P(*)(NCCCOc1ccc(-c2ccccc2)cc1)Oc1ccccc1,65.0
*N=P(*)(NCCF)OCCN(CC)c1ccccc1,-20.0
*N=P(*)(N[Si](C)(C)C)OCC=C,-60.0
*N=P(*)(O)OCCOc1ccc(N(C)C)cc1,25.0
*N=P(*)(OC(=O)c1ccc(F)cc1)Oc1ccc(S(=O)(=O)c2ccc([N+](=O)[O-])cc2)cc1,105.0
*N=P(*)(OC)C(O)CO,25.0
*N=P(*)(OC)OCCCCCCCCOC(=O)Oc1ccc([2H])cc1,-30.0
*N=P(*)(OC)OCCOc1ccc(OC)cc1,-20.0
*N=P(*)(OC)Oc1ccc(Br)cc1,30.0
*N=P(*)(OC)c1ccc(O)c(O)c1,130.0
*N=P(*)(OC)c1ccccc1C,90.0
*N=P(*)(OCC#N)OCCC,-30.0
*N=P(*)(OCC(COC)OCCOc1ccc(/N=N/c2ccc([N+](=O)[O-])cc2)cc1)Oc1ccc(C(F)(F)F)cc1,40.0
*N=P(*)(OCC(F)(F)C(F)(F)C(F)(F)C(F)(F)C(F)(F)C(F)(F)C(F)Cl)C(F)(F)F,-60.0
*N=P(*)(OCC(F)(F)C(F)(F)C(F)(F)C(F)(F)C(F)(F)C(F)(F)F)C(C)C,-60.0
*N=P(*)(OCC(F)(F)C(F)(F)C(F)(F)C(F)(F)C(F)(F)OC(F)(F)F)C(=O)C(F)(F)C(F)(F)C(F)(F)C(F)(F)COC[PH](F)(F)Cl,-30.0
*N=P(*)(OCC(F)(F)COCCOC)OCC(F)(F)C(F)(F)C(F)F,-70.0
*N=P(*)(OCC(F)(F)F)C(F)(F)C(F)(F)C(F)(F)C(F)(F)C(F)(F)C(F)(F)F,-60.0
*N=P(*)(OCCC)OCC(OCC)OCCOCCOC,-70.0
*N=P(*)(OCCC)OCCOCCO,-60.0
*N=P(*)(OCCC)OCC[Si](C)(C)CCCCCCCCCC,-70.0
*N=P(*)(OCCC)Oc1ccc(/N=N/c2ccc(Cl)cc2)cc1,90.0
*N=P(*)(OCCCC)OCC(C)(C)NCCC,-50.0
*N=P(*)(OCCCC)OCC(OCC(F)(F)C(F)(F)C(F)F)C(F)(F)C(F)(F)Br,-70.0
*N=P(*)(OCCCC)OCCOCCOCCOCCOCCN(CCOCCCCCCCCCCCCCCC)CCOCCOC,-60.0
*N=P(*)(OCCCCC)OCCCCCCOc1ccc([N+](=O)[O-])cc1,-20.0
*N=P(*)(OCCCCC)OCCOCCOCCOCCOCCOCCOCCOCCOCC,-75.0
*N=P(*)(OCCCCCC)OCCCCCCCCCCCCCC,-70.0
*N=P(*)(OCCCCCC)[Si](C)(C)C,-60.0
*N=P(*)(OCCCCCCC#N)c1ccc([N+](=O)[O-])cc1,45.0
*N=P(*)(OCCCCCCCC)OCC(CC)CCCC,-70.0
*N=P(*)(OCCCCCCCC)O[Si](C)(C)O[Si](C)(C)Cc1ccccc1,-70.0
*N=P(*)(OCCCCCCCCCCCCCCCCCCC)OCCOCCOCCOc1ccc(/N=N/c2ccc(C(=O)Oc3ccc(OCCCC)cc3)cc2)cc1,-20.0
*N=P(*)(OCCCCCCNC(F)(F)C(F)(F)C(F)(F)C(F)(F)C(F)(F)F)C(F)(F)F,-35.0
*N=P(*)(OCCCCCCOCCOCCOCCOC)OCCCOCCOCCCC,-70.0
*N=P(*)(OCCCCCCOc1ccccc1-c1ccccc1)OCCOC,-30.0
*N=P(*)(OCCCCOC(=O)OCC)C(=O)OC1CCCCC1,-20.0
*N=P(*)(OCCCCOCCOC)OCC[N+](C)(C)COC(C)C,-60.0
*N=P(*)(OCCCCOc1ccc(-c2ccc(C#N)cc2)cc1)OCCN(CC)OCCOCCOC,-20.0
*N=P(*)(OCCCCOc1ccc(/N=N/c2ccc(Br)cc2)cc1)c1cccc(/N=N/c2ccc([N+](=O)[O-])cc2)c1,65.0
*N=P(*)(OCCCCOc1ccc(OC(C)=O)cc1)C(=O)Oc1ccc(C(C)(C)C)cc1,25.0
*N=P(*)(OCCCOCCOCC)OCCOO,-70.0
*N=P(*)(OCCCOc1ccc(-c2ccccc2)cc1)OCCOc1ccc(-c2ccccc2)cc1,15.0
*N=P(*)(OCCCOc1ccc(OC)cc1)c1ccccc1,-15.0
*N=P(*)(OCCCl)OCCCC,-30.0
*N=P(*)(OCCO)OC(CC)(CC)CCCC,-40.0
*N=P(*)(OCCO)OCCOC,-60.0
*N=P(*)(OCCOC)N1CCOC1,-30.0
*N=P(*)(OCCOC)OCC(=O)OCCCCCCCCCCCCCCCC,-60.0
*N=P(*)(OCCOC)OCCN(CC)CCOCCOCCOC,-70.0
*N=P(*)(OCCOC)OCCOCCOCCOC(=O)N(CCCC)CCCCCC,-60.0
*N=P(*)(OCCOC)OCCOCCOCCOCCOCCCCCCCCOCCOCCOCCOCCOCCOC,-70.0
*N=P(*)(OCCOCCCOCCOCCOCCOCCOCCOCCOCCOCCOC)OCCOCCOCCOC,-70.0
*N=P(*)(OCCOCCOCCOC)OCCOCCOCOc1ccc(/N=N/c2ccc(OCC[N+](C)C)cc2)cc1,-20.0
*N=P(*)(OCCOCCOCCOCCOCCOC)OCCN(CCCBr)c1ccc(/N=N/c2ccc(-c3ccc([N+](=O)[O-])cc3)cc2)cc1,25.0
*N=P(*)(OCCOCCOCCOCCOCCOC)O[Si](C)(C)COc1ccc(F)cc1,-60.0
*N=P(*)(OCCOCCOCCOCCOCCOCCOC)OCCOCCOCCOCCOCCOCCOCCOC,-70.0
*N=P(*)(OCCOCCOc1ccc(-c2ccc(OC)cc2)cc1)SS(=O)(=O)O,15.0
*N=P(*)(OCCOc1c(Br)cc(F)c(F)c1Cl)C(F)(F)Cl,15.0
*N=P(*)(OCCOc1ccc(/N=N/c2ccc(F)cc2)cc1)Oc1ccccc1,45.0
*N=P(*)(OCCOc1ccc(C)cc1)O[Si](C)(C)CCCC,-60.0
*N=P(*)(OCCOc1ccc(F)cc1)C(F)(F)F,-20.0
*N=P(*)(OCCOc1ccc(OCCCC)cc1)Oc1ccc(I)cc1,-20.0
*N=P(*)(OCC[Si](O)(O)COc1ccccc1)c1ccccc1,15.0
*N=P(*)(OCI)OCCCl,-30.0
*N=P(*)(OCO)OCCCl,-30.0
*N=P(*)(Oc1cc(Cl)cc(OCC(C)C)c1)c1ccccc1,45.0
*N=P(*)(Oc1ccc(Br)cc1)C(C)(C)C,65.0
*N=P(*)(Oc1ccc(C)cc1)Oc1ccc(I)cc1,90.0
*N=P(*)(Oc1ccc(Cl)cc1)Oc1cccc(C(F)(F)F)c1,8.0
*N=P(*)(Oc1ccc(Cl)cc1)Oc1ccccc1C,-5.0
*N=P(*)(Oc1ccc(I)cc1)c1ccc(C(F)(F)F)c(S(=O)(=O)O)c1,130.0
*N=P(=Nc1ccc(-c2ccc(NC(*)=O)cc2)cc1)Oc1ccc(F)cc1,130.0
*N=[PH](*)NCc1ccc(-c2ccccc2)cn1,130.0
*N=[PH](*)c1ccc(C(=O)Nc2ccc(-c3ccc(/N=N/c4ccc(C)cc4)cc3)cc2)cc1,180.0
*N=[PH](Nc1ccc(Cc2ccc(OC(*)C)cc2)cc1)OC,90.0
*N=[PH](Oc1ccc(C#N)cc1)C(CC)CCC(=O)OCCCCc1ccc(C(*)=O)cc1,45.0
*N=[PH](Oc1ccccc1)Oc1ccc(C(C)=C(C=N)c2cccc([Si](*)(C)C)c2)cc1,95.0
*N=[PH](SCCNC(=O)Oc1ccc(C(C)(C)c2ccc(*)cc2)cc1)c1ccc(C[N+](C)(C)C)cc1,65.0
*N=[PH](SSSc1ccc(CCc2ccc(C)cc2)cc1)C(*)C(=O)OC,45.0
*N=[PH]1C(*)=C1Br,120.0
*NC(*)=[N+],180.0
*NC(*)C(=O)OCCCCCCCCCCCC,-50.0
*NC(*)C(=O)OCCCCCCCCCC[N+](C)(F)c1ccc([N+](=O)[O-])cc1Br,45.0
*NC(*)C(=O)c1cccc(C(F)(F)F)c1,130.0
*NC(*)C(C)C(F)(F)Cl,65.0
*NC(*)C1CCCC1,90.0
*NC(*)CC(=O)N(F)Cl,120.0
*NC(*)CN(C)c1ccc(S(=O)(=O)c2ccc(P(=O)(c3ccccc3)c3ccccc3)cc2)cc1,190.0
*NC(=*)NCCN(CC)CCCCCCCCC,-35.0
*NC(=C(C#N)C(*)=O)C(C)(C)C,210.0
*NC(=C(C)C)C(*)C,90.0
*NC(=CCCc1ccc(C(*)=O)cc1)C(=O)OCCCCCCCCCC,-20.0
*NC(=N)NC(=O)/C=C/C(=O)NCC(C)NC(=O)CCCCC(*)=O,90.0
*NC(=NCc1ccc(C(*)=O)cc1)C(C)C,110.0
*NC(=O)/C=C/C=C/CCC(*)=O,45.0
*NC(=O)C(C)C(=O)NC1CCC(*)C1,150.0
*NC(=O)C(C)CCC(*)=O,50.0
*NC(=O)C(C)OC(=O)CCCCCCCCC(=O)NCC(=O)N1CC(OCC)CN(*)C1,45.0
*NC(=O)C(C)S(=O)(=O)CCC(=O)NNC(=O)CCC(=O)NC(C)C(=O)NCCNC(*)=O,110.0
*NC(=O)C(C=C)C(=O)NCCCCCCNC(*)=O,90.0
*NC(=O)C(CC(*)=O)Cc1ccccc1,130.0
*NC(=O)C(CCCCCCC(=O)O)C(*)C(=O)OC,45.0
*NC(=O)C(CCCCNNC(=O)CCCCCCCCCC)N*,45.0
*NC(=O)C(F)(C(F)(F)F)C(F)(F)C(*)(F)Cl,130.0
*NC(=O)C1CC(CCCCOc2ccc(/C=C/C(=*)CC)cc2)C(=O)NC1(C)C,90.0
*NC(=O)CC(c1ccccc1)C(C)C(=O)OCCCCCCOc1ccc(C(C)(C)c2ccc(OC(=O)CCCCCCC(*)=O)cc2)cc1,-10.0
*NC(=O)CCC(F)(F)C(F)(F)C(*)(F)F,65.0
*NC(=O)CCCC(=O)NC(=C[CH2][Ge]([*])([CH3])[CH3])C(C)C,15.0
*NC(=O)CCCCC(=O)NCCC(C)/C=C/C(=O)OCC1CCC1O*,-20.0
*NC(=O)CCCCC(=O)NCCCCCNC(*)OC(C)(C)C,45.0
*NC(=O)CCCCC(=O)NNC(=O)CCCCCCCCCCCC(=O)NNC(*)=O,45.0
*NC(=O)CCCCC(=O)NNC(=O)CCCOc1ccc(C(*)=O)cc1,65.0
*NC(=O)CCCCC(=O)NNC(=O)c1cccc(NC(=O)CCCCCCCC(*)=S)c1,65.0
*NC(=O)CCCCCC(=O)NCCCNC(=O)C(=O)NCC1CCC(*)C(C)C1,90.0
*NC(=O)CCCCCCC(=O)NCCCCCCNC(=O)c1ccc(*)o1,45.0
*NC(=O)CCCCCCCC(=O)NC1CCCCCCN1*,50.0
*NC(=O)CCCCCCCC(=O)NCCCCCCNC(=O)c1cccc(C(=O)O*)c1,55.0
*NC(=O)CCCCCCCCC(=O)NC(CCCCCC)C(CC(=O)NNC(*)=O)Cc1ccccc1,45.0
*NC(=O)CCCCCCCCC(=O)NCc1ccc(CNC(=O)NCCCCCCSCCCNC(*)=O)cc1,15.0
*NC(=O)CCCCCCCCC(=O)NNC(=O)C(C)SS*,45.0
*NC(=O)CCCCCCCCC(=O)NNC(=O)c1ccc(OC(=O)c2ccc(C(*)=S)cc2)cc1,120.0
*NC(=O)CCCCCCCCCC(=O)NCCSCCC(=O)N*,35.0
*NC(=O)CCCCCCCCCC(=O)NCc1ccc(Cc2ccc(C)c(*)c2)cc1,65.0
*NC(=O)CCCCCCCCCCC(=O)NCc1ccc([Si](C)(C)c2ccc(CNC(*)=O)cc2)cc1,45.0
*NC(=O)CCCCCCCCCCC(=O)Nc1ccc(C(=O)NCCNC(*)=O)cc1,130.0
*NC(=O)CCCCCCCCCCCC(C)(C)CNC(=O)NCCSCCNC(*)=O,15.0
*NC(=O)CCCCCCCCCCCCCCC(=O)NNC(=O)CCCC(=O)NNC(=O)CCCCC(=O)NCCCCNC(=O)c1ccc(C(*)=O)cc1SC(=O)OCCCCCCCCCCCCOC(=O)NCCc1ccccc1,45.0
*NC(=O)CCCCCCCCCCCCCCC(=O)NNC(=O)P(CC(C)=C(*)CO)C(=O)OC,45.0
*NC(=O)CCCCCCCCCCCCCCCCC(=O)NCC(=O)N*,45.0
*NC(=O)CCCCCCCCSCC(=O)NCCCS*,-20.0
*NC(=O)CCSC(=O)OCCCCCCCCOC(=O)NCCCCCCNC(=O)O*,-20.0
*NC(=O)CCSCCCCC(=O)NCCCCCCNC(*)=O,15.0
*NC(=O)CC[Si](C)(C)CCC(C)(C)CC(*)=O,-40.0
*NC(=O)CNC(=O)CC(C)(C)CC(=O)NCCC(*)C,45.0
*NC(=O)CNCC(=O)NCCCC(*)Cl,55.0
*NC(=O)CSCCC(=O)NC(C)C(=O)NCCCCCCNC(=O)C(*)=S,45.0
*NC(=O)C[SH](C)(=CC(C)C)C(C)(C)C(*)=O,120.0
*NC(=O)Cc1ccc(C)c(NC(*)=O)c1,210.0
*NC(=O)Cc1ccc(C)c(NC(=O)CCCCCCCCCCC(=O)Nc2ccc(*)cc2)c1,110.0
*NC(=O)NC(=O)CCN1C=CC(*)C1=O,130.0
*NC(=O)NC(=O)c1ccc(C(C)(C)c2ccc(S(*)(=O)=O)cc2)cc1,210.0
*NC(=O)NC(C#N)C(=O)O*,190.0
*NC(=O)NC(C)S(=O)(=O)CC(*)N,130.0
*NC(=O)NC1CCC(NC(=O)NCCCCCCNC(=O)O*)C1,90.0
*NC(=O)NCC(C)NC(=O)NNC(=O)c1ccc(C(=O)N(*)C)cc1,160.0
*NC(=O)NCCC/C=C/CCC(=S)S*,-30.0
*NC(=O)NCCCCCCNC(=O)NCCCc1ccc(NC(=O)c2ccc(*)cc2)cc1,110.0
*NC(=O)NCCCCCCNC(=O)NCc1ccc(CNC(=O)CCCCCCC(=O)Nc2ccc(Cc3ccc(NC(=O)OCCCCCCCCCCOC(*)=O)cc3)cc2)cc1,45.0
*NC(=O)NCCNC(=O)NCc1ccc([Si](*)(C)CCCC)cc1,45.0
*NC(=O)NCCNC(C)C(=O)NC(C)=C(C)CCC(C)NC(=O)c1cc(*)nc(Br)c1,95.0
*NC(=O)NCCSCCC[PH](C)SC(=O)OCC(C)(C)O*,15.0
*NC(=O)NCSCSCCCNSC(=O)NCc1ccc(C=*)cc1,45.0
*NC(=O)NNC(=O)c1ccc(*)nc1,220.0
*NC(=O)NNC(=O)c1ccc(NC(=O)NCCCCCCCCNC(*)=O)cc1,130.0
*NC(=O)Nc1ccc(Cc2ccc(NC(=O)NCCCNC(*)=O)cc2)cc1,130.0
*NC(=O)Nc1cccc(COC(=O)O*)c1,90.0
*NC(=O)OC1COCCCCCCCOC(*)C1=O,25.0
*NC(=O)OCC(C)(C)CC(C)(C)COC(*)=O,45.0
*NC(=O)OCCCCCCOC(=O)O*,-30.0
*NC(=O)OCCOC(=O)OCC(C)(C)NC(=O)c1ccc(*)s1,45.0
*NC(=O)SCCCCCCCCCCC(=O)NNC(=O)CCCCCCC(*)=O,15.0
*NC(=O)SCc1ccc(CC(=O)NCCCOCCCCCCOCCCCOCCCCCCCCCCO*)cc1,-35.0
*NC(=O)SSCCCCCC(=O)NCc1ccc(CNC(*)=O)cc1,15.0
*NC(=O)[Si](CCCCCC)OCCCCCCCCCCOc1ccc(C(C)(C)c2ccc(C#N)cc2)cc1*,-20.0
*NC(=O)c1c(C#N)cc(C(*)=O)cc1OCCCCC,210.0
*NC(=O)c1cc(C(*)=O)c(Cl)cc1Br,280.0
*NC(=O)c1cc(OCCN(CC)CCCC)c(C)c(NC(=O)c2cccc(C(*)=O)c2)c1C(=O)O,210.0
*NC(=O)c1ccc(-c2ccc(C(=O)NNC(=O)CCCCCCCCCCC(*)=O)cc2)cc1,90.0
*NC(=O)c1ccc(C(=O)NCCCCCCCCCCCCCN(*)CCCC)cc1,45.0
*NC(=O)c1ccc(C(=O)NCCCCCCCCNC(=O)/C=C/c2ccc(NC(*)=O)cc2)cc1,120.0
*NC(=O)c1ccc(C(=O)NCCCCCCCCSNC(=S)c2ccc(C(*)=O)cc2)cc1,90.0
*NC(=O)c1ccc(C(=O)NCCSSCCCCc2ccccc2N*)cc1,65.0
*NC(=O)c1ccc(C(=O)NCCc2ccc(*)cc2)cc1,150.0
*NC(=O)c1ccc(C(=O)NCN(*)CCC)cc1,120.0
*NC(=O)c1ccc(C(C)(C)CC(=O)NCCCCCCCC(*)=O)cc1,65.0
*NC(=O)c1ccc(C(C)(C)c2ccc(C(=O)Nc3ccc(*)cc3)cc2)cc1,280.0
*NC(=O)c1ccc(OC(F)(F)C(F)(F)C(F)(F)C(F)(F)C(F)(F)C(C)(C)O*)cc1,65.0
*NC(=O)c1ccc(S(*)(=O)=O)cc1-c1ccccc1,230.0
*NC(=O)c1cccc(C(=O)NCCCCCCCCCNC(OC)C(*)=O)c1,65.0
*NC(=O)c1cccc(C(=O)NCCCCCNC(=O)c2cccc(*)n2)c1,90.0
*NC(=O)c1cccc(C(=O)OCCOC(*)=O)c1,90.0
*NC(=O)c1ccccc1-c1ccccc1C(=O)NNC(=O)CCCCC(=O)NNC(=O)c1ccccc1NC(=O)CCCCC(=O)NCCCCCCOc1ccc(*)cc1,110.0
*NC(=S)CCCCSC(=O)NC(CC(C)(C)C)C(*)C=C,45.0
*NC(=S)NC(=C=*)C#N,145.0
*NC(=S)NC(=O)c1ccc(N(C)C(=O)CCCCCCCCC(=O)Nc2ccc(*)cc2)cc1,110.0
*NC(=S)NCCC(=O)OCCOC(=O)c1ccc(-c2ccc(C(*)=O)cc2)cc1,55.0
*NC(=S)NCCC(N*)C(=O)NC(=O)O,120.0
*NC(=S)NSCCCSCCSCC(*)=O,15.0
*NC(=S)Nc1ccc(Cc2ccc(NC(*)=S)cc2)cc1,130.0
*NC(=S)Oc1ccc(C(C)(C)c2ccc(/N=C/c3ccc(C(*)=O)cc3)cc2)cc1,145.0
*NC(=S)c1cc(*)oc1C,90.0
*NC(C#CC=C)CC(*)=O,65.0
*NC(C#N)=C(OCC(F)(F)F)C(*)=O,180.0
*NC(C(*)=O)C(=O)Oc1ccccc1,180.0
*NC(C(=O)OCC(C)(C)C(*)OC(=O)c1ccc(OC)cc1)=C(C#N)C#N,130.0
*NC(C(=O)OCCCCNC(=O)NCCCC)N(*)C(C)CCCCCC,-30.0
*NC(C)(C)C(=O)N[PH](C)=C(C)CCCNC(*)=O,90.0
*NC(C)=C(C)CC(C)(C)CC(C)(C)CC(*)=O,45.0
*NC(C)=C(C)CCNC(=O)c1ccc(*)cc1C(C)(C)C,110.0
*NC(C)C(*)(C)C(=O)OCCCCCCCCCC,-30.0
*NC(C)C(=*)CCCCCCC,40.0
*NC(C)C(=O)CCCC(=O)N(*)C,45.0
*NC(C)C(=O)N(*)C(C)C,60.0
*NC(C)C(=O)NC(C)(C)C(=O)NC(=O)N(*)CC,120.0
*NC(C)C(=O)NC(C)(C)CC(C)(C)C(=O)NC(CC(F)(F)C(F)(F)C(F)(F)C(F)(F)F)C(=O)N(*)CC(C)C,120.0
*NC(C)C(=O)NC(C)C(=O)NC(C#N)C(=O)O*,180.0
*NC(C)C(=O)NC(CC(=O)NCc1ccccc1)C(=*)NCCCCCCCCCCOc1ccc(/N=N/c2ccc([N+](=O)[O-])cc2)cc1,95.0
*NC(C)C(=O)NC(NC(=O)CCC)C(*)=O,130.0
*NC(C)C(=O)NCCCCCC(=O)NCC(*)=O,50.0
*NC(C)C(=O)NCCCCCCCC(*)=S,-20.0
*NC(C)C(=O)NCCCCCCCCCCCCCNC(=O)C(C)NC(=O)CCCC(*)=O,45.0
*NC(C)C(=O)NCCCCCCNC(=O)Nc1ccc(NC(=O)Nc2ccc(*)c(OC)c2)cc1,130.0
*NC(C)C(=O)NCCCCCCNC(=S)NC(*)=O,45.0
*NC(C)C(=O)NCCCSCCNC(*)=O,45.0
*NC(C)C(=O)NCc1cc(C)cc(NC(=O)OCC)c1*,130.0
*NC(C)C(=O)OC(=O)SSSO*,45.0
*NC(C)C(=O)OC1CCCN(*)CC1,65.0
*NC(C)C(=O)OCC1COCCC(*)OC1,15.0
*NC(C)C=CC(=O)NNC(=O)CCNc1ccc(Cc2ccc(NC(=O)S*)cc2)cc1,65.0
*NC(C)CCC(C)(CCCCCC)NC(=O)C(CCCCCCCC)C(=O)NCCCCCCNC(*)=O,-30.0
*NC(C)CCNC(=O)CCCCC(=O)NCCCCCCCCCC(*)=O,40.0
*NC(C)COC(=O)c1ccc(C(=O)NCC(*)=O)cc1,90.0
*NC(C)CSC(=O)c1cccc(C(=O)NCCCNC(=O)c2ccc(*)cc2)c1,65.0
*NC(C)OC(*)C#N,85.0
*NC(C)OCC(COC(=O)Nc1ccccc1)c1cccc(*)c1,65.0
*NC(C)[Si](C)(C)CC(C)CCC(*)(C)c1cccc(C)c1,-20.0
*NC(C=C)C(*)C(F)(F)F,90.0
*NC(CC(*)=O)C(=O)Nc1ccc(O)cc1,180.0
*NC(CC(*)=O)C(=O)OCCOc1ccc(C(=O)Oc2ccc(C#N)cc2)cc1,130.0
*NC(CC(*)=O)C(=O)c1ccccc1,130.0
*NC(CC(*)=O)C(O)C(=O)O,130.0
*NC(CC(=O)NC(=O)OCc1ccc(C(*)=O)cc1)Oc1ccccc1,110.0
*NC(CC(=O)OC)C(*)C(=O)OCC,45.0
*NC(CC(=O)OCC)C(*)C(=O)C(F)(F)Cl,65.0
*NC(CC(=O)OCC)C(*)C(=O)OCCCCCC,-20.0
*NC(CC(=O)OCCN(C)C)C(=P)C(*)=O,65.0
*NC(CC(C)(C)CC)NC(=S)CC(*)=O,45.0
*NC(CC(C)(CNC(*)=O)OC)C(=O)OC,90.0
*NC(CC(C)=S)C(*)CC,45.0
*NC(CC(C)C)C(C)=C(C#N)C(=O)NC(*)C,130.0
*NC(CC(C)C)C(C)NC(*)=O,65.0
*NC(CC(C)C)C(C)OC(=O)CCCCC(*)=O,-30.0
*NC(CC(C)C)O[Si](*)(C)CCC,-60.0
*NC(CC(C)Cc1ccccc1)C(*)c1ccccc1,90.0
*NC(CC(C=C)C(*)=O)C(=O)OCC,90.0
*NC(CC(F)(F)F)OC(=O)c1ccc(C(=O)OC(=O)c2ccc(C(*)=O)cc2)cc1,150.0
*NC(CC(O)CO)C(*)C(=O)NCCCC,65.0
*NC(CC(O)COC(=O)NCCCCCCCCC(=O)OC)C(*)=O,15.0
*NC(CC)CN(*)C,20.0
*NC(CC)CNC(=O)CCCCC(=O)NC(C)COC(=O)NCCCNC(*)=O,45.0
*NC(CC)NC(=O)c1cccc(C(=O)NNC(*)=O)c1,150.0
*NC(CC)NC(=S)S*,45.0
*NC(CCC#N)C(=O)OCCOC(=O)NC1CCC(CNC(=O)O*)C1,55.0
*NC(CCC(*)=O)C(=O)NCCCCC,50.0
*NC(CCC(*)=O)C(=O)OCC1CCCCC1,50.0
*NC(CCC(=O)NC)C(*)=O,60.0
*NC(CCC(=O)NCCCCCCCCCCCCCC)NC(=O)CCCCCCCCC(*)=O,45.0
*NC(CCC(=O)NCCCCCCCCCCCNC(*)=O)SS(=O)(=O)c1c(Cl)cccc1OCCCCCCCCCCCCCCCC,-35.0
*NC(CCC(=O)NCCCCCCNC(*)=O)C(=O)OCCCCCCCCCCCC,-20.0
*NC(CCC(=O)NCCCOC(=O)NCCSC(*)=O)c1ccc(-c2ccccc2)cc1,55.0
*NC(CCC(=O)NCCc1ccccc1)C(*)(C)C,45.0
*NC(CCC(=O)NC[Si](C)(C)CCC(*)=O)C(=O)OC,15.0
*NC(CCC(=O)O)c1ccc(*)cc1,90.0
*NC(CCC(=O)OC(C)C)C(C(=O)O*)C(C)c1ccccc1,65.0
*NC(CCC(=O)OC(C)C)[SH](*)=O,45.0
*NC(CCC(=O)OC)C(*)=S,45.0
*NC(CCC(=O)OCC(C)C)C(C(*)=O)C(=O)OCCCCCCCCCCCCCCCC,-40.0
*NC(CCC(=O)OCC)C(=O)N(CCCCCC)C(=O)NC(C)C(=O)c1ccccc1C(*)=O,65.0
*NC(CCC(=O)OCCCC)C(*)C(=O)NCC,45.0
*NC(CCC(=O)OCCCCC)C(=*)CCCC(C)C,-35.0
*NC(CCC(=O)OCCCCCC)C(=O)OCCC(C)N(*)CCCCCCCCCC,-40.0
*NC(CCC(=O)OCCCCCCCCCCC(=O)OCc1ccc(OC(=O)CCCCCCCCCCC(*)=O)cc1)C(C)(CC)c1ccc(/N=N/c2ccc(C(=O)OC(C)(C)C)cc2)cc1,15.0
*NC(CCC(=O)OCCCCCCCCCCCCCC)C(*)=CC=C(C)C,-40.0
*NC(CCC(=O)OCCCCCCOc1ccc(-c2ccc(*)cc2)cc1)C(=O)OCCCCCCCCCCCCCCCc1ccc(/N=C/c2ccc([N+](=O)[O-])cc2)cc1,15.0
*NC(CCC(=O)OCCCOc1ccc(C(=O)OC)cc1)C(*)=O,15.0
*NC(CCC(=O)OCCOC(=O)c1ccccc1C(*)=O)C(=O)OC,40.0
*NC(CCC(=O)OCc1ccc(*)cc1)C(Cc1ccccc1)NC(C)(C)C,65.0
*NC(CCC(=O)OCc1ccccc1)C(*)c1ccccc1,90.0
*NC(CCC(=O)OCc1ccccc1)C(=*)COc1ccc(/N=N/c2ccccc2)cc1,95.0
*NC(CCC(F)(F)F)C(*)(F)Cl,90.0
*NC(CCC(F)(F)F)C(F)(F)C(*)(F)C(F)(F)F,90.0
*NC(CCC)C(CCCC)S*,-20.0
*NC(CCC)CCOC(=O)c1ccc(C(C)(C)c2ccc(C(*)=O)cc2)cc1,55.0
*NC(CCC/C=C/C=C/C(*)=O)C(=O)OC,45.0
*NC(CCCC)CNC(=O)c1ccc(C(*)=O)cc1,80.0
*NC(CCCCCC)CCC[PH](*)(C)CCCCCC,-45.0
*NC(CCCCCCCCC)C(=O)NCC[Si](*)(C)C,-60.0
*NC(CCCCCCCCCC)CS*,-45.0
*NC(CCCCCCCCCCCCCCCCCCCCCC)C(CCCS)C(*)OC(C)(C)C,-30.0
*NC(CCCCCCCCCCCCOC(=O)CCCCCCC(*)=O)CC(C)C,-40.0
*NC(CCCCCCCCCl)C(OC(=O)NC(C)C)C(C)C(=O)C(*)=O,45.0
*NC(CCCCCCCCNC(=O)Nc1ccc(NC(=O)NC(C)C(*)=O)cc1)c1ccccc1,120.0
*NC(CCCCCCSC)CC(*)=O,-20.0
*NC(CCCCN(*)C#N)c1ccc(-c2ccc(C)cc2)cc1,65.0
*NC(CCCCN)C(=O)NCCCCCCCCCCCNC(=O)SCCCC(*)=O,15.0
*NC(CCCCN)C(=O)OC(=O)CCC(*)=O,55.0
*NC(CCCCN=C(C)C)C(=O)NC(C)C(=O)OC(C)C(*)=O,55.0
*NC(CCCCNC(=O)C(=O)NC(*)(F)Cl)C(=O)O,120.0
*NC(CCCCNC(=O)NCC)C(CC(*)=O)C(=O)OCC,45.0
*NC(CCCCNC(=O)NCCCCCCCCCCCC)CC(*)=O,-20.0
*NC(CCCCNC(=O)OC)C(*)=O,55.0
*NC(CCCCNC(=O)SCCCCCC)C(*)=O,-20.0
*NC(CCCCNC(=O)c1ccccc1)C(*)C,65.0
*NC(CCCCOC(=O)c1ccc(*)cc1)C(C)C,45.0
*NC(CCCCOC(=O)c1cccc(C(*)=O)c1)C(C)(C)C,65.0
*NC(CCCN(C)C)C(*)C(=O)OCCCCC,-30.0
*NC(CCCNC(=O)C(F)(C(F)(F)F)C(F)(F)C(F)(F)C(*)(F)F)C(F)(F)F,90.0
*NC(CCCNC(=O)CCCCCCCCCC(=O)Nc1cccc(*)c1)NC(=O)c1ccc(S(=O)(=O)c2ccccc2)cc1,120.0
*NC(CCCNC(=O)NCCCCCCNC(=O)SCc1ccc(*)cc1)C(=O)OCCCCCCCCCCCCCCCC,-35.0
*NC(CCCNC(=O)OCCCCCCCCCCNC(=O)OCCCCCCCCCC)c1ccc(*)nc1,-20.0
*NC(CCCOC(=O)c1ccc(Cl)cc1F)CCC(=O)OCc1ccc(/N=N/c2ccc([N+](*)=S)cc2)cc1,65.0
*NC(CCCOCCCC)CCC[Si](*)(C)C,-60.0
*NC(CCCOc1ccc(OC(=O)/C=C/c2ccccc2)cc1)C(*)=O,65.0
*NC(CCN(*)c1ccc(Br)cc1)Oc1ccc(C(F)(F)F)cc1,90.0
*NC(CCNC(=O)NCc1ccc(C)cc1)NC(=O)c1ccc(C(*)=O)cc1,130.0
*NC(CCOC(=O)NC(*)=O)C(=O)OCCCCCC,-20.0
*NC(CCl)CSCCC(*)=O,25.0
*NC(CN)(C(*)=O)C(=O)OC(C)C,130.0
*NC(CN)N(*)CCCCCCCCC,-30.0
*NC(CNC(=O)NCCOC)C(*)=O,65.0
*NC(CNC(=O)NCc1ccc(C)cc1)C(=*)COCCCC,45.0
*NC(COC(=O)NCCCCCCCCCNC(=O)O*)c1ccc(OCCC)cc1,25.0
*NC(COC(=O)NCCCCCCCNC(*)=O)C(C)C,15.0
*NC(COC(=O)Nc1ccc(C#N)c(C)c1C)C(*)F,130.0
*NC(COC(=O)OCCCCCC)CC(*)(CCCCC)COCCCC,-45.0
*NC(COCC(O)C(*)=O)C(=O)OCCCC,-15.0
*NC(CSC(=O)SCc1ccc(O)c(C(F)(F)C(F)(F)C(*)(C(F)(F)F)[Si](C)(C)C)c1)c1ccc(O)cc1,65.0
*NC(Cc1ccccc1C)c1ccc(N=*)cc1,120.0
*NC([2H])(C(=O)OCCCC)C(*)C(=O)OC(C)C,-20.0
*NC1=CC=C(OC(=O)c2ccc(NC(=O)CCCCCCC(*)=O)cc2)C(=O)C1,130.0
*NC1CC(CC(C)(CNC(=O)c2ccccc2C(=O)O)C(*)Cl)C1,130.0
*NC1CCC(C(O)CCCCC(*)=O)C1,45.0
*NC1CCC(CNC(=O)NCCCCCCNC(*)=O)C1,65.0
*NC1CCN(CCOC(=O)CCC(*)=O)C1,45.0
*NC1CC[SH](*)(CC(C)(C)C)C1,130.0
*NC=C(*)C(=C)CC(C)(C)C,90.0
*NC=C=C[Si](C)(C)[Si](*)(C)CCCC[Si](C)(C)C,-70.0
*NC=Cc1ccc(-c2ccc(S(*)(=O)=O)cc2)cc1,190.0
*NCC(=O)NC(=O)N1CCN(CCNC(=O)c2ccc(*)cc2)C1=O,130.0
*NCC(=O)NCCCCCCNC(=O)C1CCCC=CCC1*,45.0
*NCCC(=O)NCCCOCCNC(=O)c1cccc(*)n1,45.0
*NCCCCCCCCOCCN(CCOC(=O)NCCCCCCCNC(*)=O)C(=O)O,-20.0
*NCCCCCCNC(=O)CCCCCCCCC(=O)N*,45.0
*NCCN(CCCCSCCCCCCOc1ccccc1N(C)C)C(=O)N1CCN(*)CC(C)N1,-20.0
*NCCNCC(=O)CCCCC(=O)NCCNCOC(=O)NNC(=O)CCCCC(*)=O,45.0
*NCc1ccc(*)cc1N1C=CC2=CC=C(C1=O)c1ccccc1-c1ccc(c(=O)o1)C1C(=O)Oc3c(cccc31)O2,270.0
*NCc1cccc(CCCNC(=O)CCCS(=O)(=O)CCCC(=O)NCC(*)=O)c1,45.0
*NN(C)C(=O)c1ccc(N(C)C(=O)c2ccc(*)cc2)cc1,150.0
*NN(CC(C)CC(F)(F)C(*)([2H])F)CC(F)(F)C(F)(F)F,15.0
*NNC(=C(C#N)C(*)=O)C(C(=O)O)C(=O)OC,190.0
*NNC(=O)/C=C/c1ccc(C(*)=O)cc1-c1ccc(C)cc1,190.0
*NNC(=O)C(=O)NNC(=O)CCCCCN(*)c1ccc(F)[nH]1,90.0
*NNC(=O)C(C)N(C)C(=O)OC(=O)c1ccc(C(*)=O)cc1,140.0
*NNC(=O)C(C)NC(=S)C(*)=O,130.0
*NNC(=O)C(CCCCCCCC)NC(=O)C(=O)NCCCSCCNC(=S)CNC(CCCC)=C(C)C=C=*,25.0
*NNC(=O)C(COC(C)=O)C(*)=O,90.0
*NNC(=O)CC(=O)NNC(=O)c1cccc(C(*)=O)c1,190.0
*NNC(=O)CC(C)(C)NC(=O)NC(C=C(C)C(=O)OC(C)(C)C)=C(*)C,130.0
*NNC(=O)CCCCC(=O)NC(CCCCCCCCC)NCC(*)=O,45.0
*NNC(=O)CCCCC(=O)NCCCCNC(=O)/C=C/C(=O)NCc1ccccc1CN(*)C,65.0
*NNC(=O)CCCCC(=O)NNC(=O)C(C)(C)CSSCCN(C)C(*)=O,45.0
*NNC(=O)CCCCCCCCCCCCCC=CC(=O)NNC(=O)CCCCC(*)=O,45.0
*NNC(=O)CCCCCOC(*)=O,40.0
*NNC(=O)CCSCCC(*)=O,25.0
*NNC(=O)CCc1cc(NC(*)=O)ccc1-c1ccccc1,160.0
*NNC(=O)CCc1cccc(C(=O)NCCCCCCCNC(=O)c2ccc(C(*)=O)cc2)c1,85.0
*NNC(=O)CNC(=O)c1cccc(C(=O)NCCC)c1*,120.0
*NNC(=O)COc1ccc(C(C)(C)c2ccc(NC(=O)COCC(*)=O)cc2)cc1,120.0
*NNC(=O)Cc1cc(C(*)=O)cc(C(=O)N(C)C)c1,190.0
*NNC(=O)Cc1ccc(C(*)=O)cc1SCCC(C)O,90.0
*NNC(=O)Cc1ccc(C(=O)NCCCCCCNC(*)=O)cc1,90.0
*NNC(=O)Oc1c(Cl)cc(*)cc1C(C)C,120.0
*NNC(=O)c1cc(C(*)=O)cc(S(=O)(=O)O)c1,260.0
*NNC(=O)c1cc(C(=O)NNC(=O)c2ccc(*)cc2)ccc1C,250.0
*NNC(=O)c1cc(C(=O)OCCCCCCCCCCCCCC)c(*)s1,-20.0
*NNC(=O)c1cc(NC(=O)NCCNC(*)=O)cc(C(CC)CC)c1C,145.0
*NNC(=O)c1cc(NC(=O)NCc2cccc(CNC(*)=O)c2)cc(C(F)(F)F)c1F,190.0
*NNC(=O)c1cc(OCCCCCCCCC)cc(C(*)=O)c1O,90.0
*NNC(=O)c1ccc(-c2ccc(NC(=O)NCCNC(*)=O)cc2)cc1,190.0
*NNC(=O)c1ccc(C(=O)NC(=*)CCCCC(C)C)cc1,120.0
*NNC(=O)c1ccc(C(=O)NC(=O)CCCCCCCC(*)=O)cc1,90.0
*NNC(=O)c1ccc(C(=O)NCCCCCCNC(=O)c2ccc(*)s2)cc1,90.0
*NNC(=O)c1ccc(C(=O)NCCNC(=O)c2ccc(C(=O)SCCN(*)CC)cc2)cc1,120.0
*NNC(=O)c1ccc(C(=O)NNC(=O)/C=C(/*)c2ccccc2)cc1,220.0
*NNC(=O)c1ccc(C(=O)NNC(=O)c2ccc(*)n2C)cc1,210.0
*NNC(=O)c1ccc(C(C(=O)N(*)CCC)c2ccc(C#N)cc2)cc1,190.0
*NNC(=O)c1ccc(C(C)(C)c2ccc(C(*)=O)cc2)cc1C,190.0
*NNC(=O)c1ccc(C(C)(C)c2ccc(C(=O)NNC(=O)c3ccc(C(*)=O)cc3)cc2)nc1,250.0
*NNC(=O)c1ccc(C(C)(C)c2ccc(C(=O)Nc3ccc(*)cc3)cc2)cn1,210.0
*NNC(=O)c1ccc(C(C)(C)c2ccc(C(C)(C)c3ccc(C(C)(C)c4ccc(C(*)=O)cc4)cc3)cc2)cc1,150.0
*NNC(=O)c1ccc(C(F)(F)C(F)(F)C(*)(F)F)cc1,130.0
*NNC(=O)c1ccc(C[Si](C)(C)c2ccc(C(=O)OC(=O)c3ccc(C(*)=O)cc3)cc2)cc1,140.0
*NNC(=O)c1ccc(N(C)CC[Si](C)(C)CCC(C)CC)cc1C(*)=O,90.0
*NNC(=O)c1ccc(N(C)c2ccc(C(=O)Nc3ccc(Sc4ccc(*)cc4)cc3)cc2)cc1,210.0
*NNC(=O)c1ccc(NC(=O)C(*)=O)cc1,220.0
*NNC(=O)c1ccc(NC(=O)Nc2ccc(NC(=O)SCC(*)=O)cc2)cc1,165.0
*NNC(=O)c1ccc(Oc2ccc(C(*)=O)cc2)cc1C(=O)Oc1ccc(C)cc1,180.0
*NNC(=O)c1ccc(Oc2ccc(S(=O)(=O)C(F)(F)C(F)(F)C(F)(F)C(F)(F)C(F)(F)C(*)(F)F)cc2)cc1,120.0
*NNC(=O)c1ccc(Sc2ccc(NC(=O)OCCCCCCCCCOC(*)=O)cc2)cc1,45.0
*NNC(=O)c1ccc([SH](C)(C)c2ccc(C(*)=O)cc2)cc1,210.0
*NNC(=O)c1cccc(C(=O)Nc2ccc(S(=O)(=O)c3ccccc3-c3ccccc3C(=O)c3ccc(*)cc3)cc2S(=O)(=O)[O][Na])c1,265.0
*NNC(=O)c1cccc(C(C)(C)c2ccc(C(=O)NC(=O)CN[PH](*)(c3ccccc3)c3ccccc3)cc2)c1,165.0
*NNC(=O)c1cccc(NC(=O)c2cccc(C(=O)Nc3ccc(*)cc3)c2)c1,280.0
*NNC(=O)c1cccc(OC(=O)C(CCCCC)Oc2ccccc2-c2ccc(N=*)cc2)c1,95.0
*NNC(=O)c1cccc(S(=O)(=O)/N=C/c2ccc(C(*)=O)cc2)c1,220.0
*NNC(=O)c1ccccc1C(=O)NCCCCCCCCCSCCc1ccccc1CCN(*)C[Si](C)(C)C,-10.0
*NNC(=O)c1ccccc1C(=O)OCC(C)CC[Si](*)(C)CC,-10.0
*NNC(=O)c1ccccc1C(C)(C)c1ccc(C(*)=O)cc1,180.0
*NNC(=S)NCCCCC(*)=O,45.0
*NNC(=S)c1ccc(NCC(*)=O)cc1,130.0
*NP(=O)(Cc1ccccc1)C(C(*)=O)C(=O)OC,110.0
*NS(*)([2H])(=O)Cl,120.0
*NS(=O)(=O)CCC(*)=O,90.0
*NS(=O)(=O)c1ccc(Cc2ccc(NC(=O)CCCCCCCCC(*)=O)cc2)cc1,65.0
*N[PH](*)(C)CCCCCCCCCS(=O)(=O)O,-20.0
*N[PH](*)(CCCCC)c1ccc(O)c(C(C)(C)C)c1,90.0
*N[Se](C)C(=O)c1cccc(C(=O)Nc2ccc(*)cc2)c1,210.0
*N[Se]C(=O)c1ccc(-c2ccc(NC(=O)CCCCCCCCCC(*)=O)cc2)cc1,65.0
*N[Se]P(=O)(/N=N/c1ccc(*)cc1)OCCOC,85.0
*N[Si](*)(C)CC,-60.0
*N[n+]1ccc(NC(=O)c2cc(NC(=O)CCCCCCCCC(*)=O)cc(C(=O)OCCCCCC)c2)cc1,90.0
*Nc1c(*)cc(C)cc1CCCCC(Cl)C(=O)O,120.0
*Nc1c(Br)cc(-c2cc(CCCC)c(C)cc2-c2ccc(*)c(OC)c2)cc1OC,210.0
*Nc1c(C)cc(-c2cc(C)c(*)c(C)c2O)cc1C,270.0
*Nc1c(C)cc(-c2cc(C)c(N=*)cc2OCCN(C)C)cc1OC,165.0
*Nc1c(C)cc(-c2ccc(C#N)cc2)c(*)c1O,280.0
*Nc1c(CC)cc(*)cc1-c1ccc(Br)cc1,220.0
*Nc1c(Cl)cc(Cc2cccc(C(=O)c3ccc(*)cc3)c2)c(C)c1C,260.0
*Nc1c(O)cc(*)cc1-c1ccccc1,230.0
*Nc1c([2H])c(Cl)c(*)c(F)c1F,180.0
*Nc1cc(*)c(C(C)(C)C)cc1C=N,210.0
*Nc1cc(*)c(N)cc1-c1cc(C(=O)O)c(Cl)cc1Cl,290.0
*Nc1cc(*)c(OCCC(=O)OCCCCCC)cc1C(=O)Oc1ccc(-c2ccc(/N=N/c3ccc(C)cc3)cc2)cc1,130.0
*Nc1cc(*)cc(Cc2ccccc2)c1C(C)C,190.0
*Nc1cc(*)cc(Cl)c1C,280.0
*Nc1cc(*)cc([2H])c1C,210.0
*Nc1cc(*)ccc1OCCCCCCCC,45.0
*Nc1cc(*)nn1CC/C=C/C=C/C(C)=O,120.0
*Nc1cc(-c2ccc(NC(=O)c3cc(C(*)=O)cc(N4C(=O)c5ccccc5C4=O)c3)c(C)c2)cc(S(=O)(=O)c2ccccc2)c1,300.0
*Nc1cc(/C(C#N)=C/c2ccc(/N=N/c3ccc(*)cc3)cc2)ccc1C,210.0
*Nc1cc(Br)c(-c2cc(*)c(CCCC)cc2C)cc1C,220.0
*Nc1cc(Br)c(Nc2ccc(*)nc2)cc1OC,210.0
*Nc1cc(Br)nc(NC(=O)CCCCCCCCCCC(=O)Nc2ccc(*)cc2)c1,110.0
*Nc1cc(C(*)=O)cc(C(F)(F)OC(F)(F)C(F)(F)C(F)(F)C(F)(F)F)c1,250.0
*Nc1cc(C(*)=S)cc(C(=O)OC)c1C,210.0
*Nc1cc(C(=O)NC(=O)c2ccccc2)c(*)cc1CC,280.0
*Nc1cc(C(=O)OCCCCCCCCCCCC)ccc1*,15.0
*Nc1cc(C(C)(C)C)c(*)cc1OCCOCCOCCOCCOCCOC,-20.0
*Nc1cc(C)c(CNC(*)=S)cc1CC(F)(F)F,150.0
*Nc1cc(C)c(NC(=O)c2ccc(C(*)=O)cc2)cc1SCCCCCC(=O)OCCCCCCCCCCCCCC,45.0
*Nc1cc(CC(*)=S)c(C)cc1-c1ccccc1,180.0
*Nc1cc(CCCCC)c(C=C)c(*)c1Cl,130.0
*Nc1cc(CCCCCC)cc(*)c1O,90.0
*Nc1cc(CCCCCCC)c(*)cc1OCCC,45.0
*Nc1cc(CCCCCCCCC)c(CS(=O)(=O)c2ccc(C(*)=O)cc2)c(F)c1F,110.0
*Nc1cc(CCCCCCCCCC)cc(C(C)(C)C)c1C(=O)OC(=O)CCCCCCC(=O)OCCCCCC(*)=O,15.0
*Nc1cc(CCCCCCCCCCC)c(*)cc1OCC(CO)CCCCCCCCCC,-30.0
*Nc1cc(CCCCCCCCCCCCC)c(*)cc1SCCCCCCCCCCCC,-30.0
*Nc1cc(CCCCCCCCCCCCCCCCC)c(*)cc1OCCCC,-20.0
*Nc1cc(CCCCCNC(=O)c2ccc(C(*)=O)cc2)cc(C(=O)OCCCCCCCCCCCCCC)c1,45.0
*Nc1cc(CCCc2ccc(C#N)cc2)c(C(*)=O)cc1C(=O)OC,210.0
*Nc1cc(CNC(=O)CCCCCCCC)c(*)cc1OC,90.0
*Nc1cc(CNC(=O)c2ccc(C(*)=O)cc2)cc(C(=O)Oc2ccc(/N=N/c3ccc(F)cc3)cc2)c1,210.0
*Nc1cc(Cc2ccc(NC(=O)CCC(*)=S)cc2)cc(-c2ccccc2)c1,145.0
*Nc1cc(Cl)c(C#N)c(*)c1C,280.0
*Nc1cc(Cl)c(Cl)c(*)c1F,210.0
*Nc1cc(Cl)c(N=*)cc1C,280.0
*Nc1cc(Cl)c(OCCCCCCCCC)cc1*,45.0
*Nc1cc(Cl)cc(NC(=O)c2ccc(NSC(*)=O)cc2)c1,280.0
*Nc1cc(Cl)ccc1-c1ccc(*)cc1Br,210.0
*Nc1cc(N(c2ccccc2)c2ccc(N=C(*)c3ccccc3)cc2)cc(C(C)(CCC)c2ccccc2)c1,190.0
*Nc1cc(N)c(*)cc1-c1ccccc1,280.0
*Nc1cc(N)c(*)cc1OC(C)CC,130.0
*Nc1cc(N)c(-c2cc(C#N)c(*)cc2SC)cc1C,285.0
*Nc1cc(N)c(C(*)=O)cc1C(C)C,280.0
*Nc1cc(NC(*)=O)ccc1/N=N/c1ccc(/N=N/c2ccc(C#N)cc2)cc1,260.0
*Nc1cc(NC(*)=O)ccc1CC,250.0
*Nc1cc(NC(=*)CC)ccc1OCC(CO)COC(=O)Oc1ccc(C(=O)O)cc1,130.0
*Nc1cc(NC(=O)/C(C)=C/c2ccc(C(*)=O)cc2)ccc1CC,250.0
*Nc1cc(NC(=O)C(C)(C)C)c(*)cc1[N+](=O)[O-],280.0
*Nc1cc(NC(=O)C(C)NC(=O)CC(C)CC)c(C(*)=O)cc1OC,210.0
*Nc1cc(NC(=O)CCCCC(=O)NNC(=O)c2ccc(*)cc2)cc(OC(=O)c2ccc(OCC)cc2)c1,145.0
*Nc1cc(NC(=O)CCCCCCCCC(*)=O)cc(C(=O)O)c1C,150.0
*Nc1cc(NC(=O)CCCCCCCCC(*)=O)cc(CC(F)(F)C(F)(F)C(F)(F)C(F)(F)C(F)(F)C(F)(F)C(F)(F)F)c1F,120.0
*Nc1cc(NC(=O)Cc2ccc(CC(=O)O*)cc2)cc(S(=O)(=O)c2ccc(C(C)(C)C)cc2)c1,175.0
*Nc1cc(NC(=O)NCCNC(*)=O)cc([N+](=O)[O-])c1,180.0
*Nc1cc(NC(=O)Nc2ccc(C(*)=O)c(C)c2)ccc1C,260.0
*Nc1cc(NC(=O)Nc2ccc(C)c(NC(*)=S)c2)cc(C(c2ccc(C)cc2)C(N)(C(=O)NC(F)(F)F)C(F)(F)F)c1,245.0
*Nc1cc(NC(=O)Nc2ccc(Cc3ccc(NC(=O)c4ccc(S(*)(=O)=O)cc4)c(C)c3)cc2)c(C)c(C)c1C,260.0
*Nc1cc(NC(=O)Sc2cccc(NC(=O)Nc3ccc(Cc4ccc(NC(*)=O)cc4)cc3)c2)ccc1C,160.0
*Nc1cc(NC(=O)c2cc(C(*)=O)cc(C(=O)OCCCC)c2)cc([2H])c1Cl,235.0
*Nc1cc(NC(=O)c2cc(C(*)=O)cc(C(CC)(CCC)CCCCCC)c2)ccc1C,210.0
*Nc1cc(NC(=O)c2cc(Cl)cc(C(*)=O)c2)cc(S(=O)(=O)NCCNC(=O)O)c1,260.0
*Nc1cc(NC(=O)c2cc(SCCCCCCCC)ccc2-c2ccc(C(*)=S)cc2)c(C)cc1C,145.0
*Nc1cc(NC(=O)c2ccc(-c3ccccc3)cc2C(*)=O)ccc1C,280.0
*Nc1cc(NC(=O)c2ccc(C(*)=O)cc2)cc(C(=O)Nc2ccccc2C(=O)OCC)c1,290.0
*Nc1cc(NC(=O)c2ccc(C(*)=O)cc2)cc(C(=O)OCCN(CCCC)c2ccc([N+](C)(C)C)cc2)c1,210.0
*Nc1cc(NC(=O)c2ccc(C(*)=O)cc2)cc(OC(=O)c2ccc(OCCCCC)cc2)c1,190.0
*Nc1cc(NC(=O)c2ccc(C(*)=O)cc2Br)ccc1/C=C/C(F)(F)F,285.0
*Nc1cc(NC(=O)c2ccc(C(*)=O)cc2Sc2ccc(C)cc2)cc(C(=O)NNC(C)CCC(F)(F)F)c1,235.0
*Nc1cc(NC(=O)c2ccc(C(*)=S)cc2)cc(C(=O)N(CC)c2ccccc2)c1,260.0
*Nc1cc(NC(=O)c2ccc(C(C)(C)c3ccc(Cc4ccc(C(*)=S)cc4)cc3)cc2C)c(C)cc1Br,190.0
*Nc1cc(NC(=O)c2ccc(NC(*)=O)cc2)cc(C(=O)OCCCCCCCCCCC)c1C(=O)OC,130.0
*Nc1cc(NC(=O)c2ccc(NC(=*)C)cc2)cc(S(=O)(=O)/N=C(\C)c2ccccc2)c1,275.0
*Nc1cc(NC(=O)c2ccc(NC(=O)CCCC(*)=O)cc2)cc(C(=O)[O][Na])c1,250.0
*Nc1cc(NC(=O)c2ccc(NC(=O)CCCCCCCCC(=*)CCOCC(CO)COCC(F)(F)C(F)(F)C(F)(F)F)cc2)cc(C(=O)OCCCCCCCCCOc2ccc(-c3ccc([N+](=O)[O-])cc3)cc2)c1,45.0
*Nc1cc(NC(=O)c2ccc(Nc3ccc(C(*)=O)cc3)cc2)c(Br)cc1Cl,285.0
*Nc1cc(NC(=O)c2ccc(OCCCC)cc2)c(*)cc1-c1ccccc1,250.0
*Nc1cc(NC(=O)c2ccc(OCCCCCCCCCCCCCC)cc2)cc(*)c1OCCCCCCCCCC,45.0
*Nc1cc(NC(=O)c2cccc(*)c2)ccc1C(=O)OCCCCCCCCCCCCCCCCCCCCCCCC,15.0
*Nc1cc(NC(=O)c2cccc(C(=O)Nc3ccc(*)cc3)c2)c(C)cc1CNC(C)(C)C,260.0
*Nc1cc(NC(=O)c2ccccc2)cc(C(*)=O)c1OCCCCCC,190.0
*Nc1cc(NC(=O)c2ccccc2)cc(C(=O)Nc2cc(*)c(C)cc2F)c1,280.0
*Nc1cc(OC#CC)c(*)cc1CCC,130.0
*Nc1cc(OC)c(*)cc1Oc1ccccc1C(C)(C)C,190.0
*Nc1cc(OCC(C)C)c(*)c(OC)c1OCCCCCCCCCCCCCC,-20.0
*Nc1cc(OCC(C)C)c(*)cc1CC,150.0
*Nc1cc(OCCC(CC)CCCC)c(*)cc1OC,90.0
*Nc1cc(OCCC(CC)CCCCC)c(*)cc1C(=O)O,90.0
*Nc1cc(OCCCCCCCCC)cc(*)c1O,45.0
*Nc1cc(OCCCCCCCCCC)ccc1*,30.0
*Nc1cc(OCCCCCCCCCCCC)c(*)cc1OCCCCCCCCCCCC,-20.0
*Nc1cc(OCCCCCCCCCCCC)c(*)cc1OCCCCCCOc1ccc(-c2ccccc2)c(OC)c1,45.0
*Nc1cc(OCCCCCCCCCCOC(*)=O)c(SC)c(C)c1C,25.0
*Nc1cc(OCCN(c2ccccc2)c2ccc(CCCCNC(*)=O)cc2)ccc1C,65.0
*Nc1cc(SCCCCC)c(C)cc1*,85.0
*Nc1cc(SCCCCCCCCCCCC)c(*)s1,-30.0
*Nc1ccc(*)c(NC(=O)CCCCCCCCCCCCCCCCCCCC)c1,45.0
*Nc1ccc(*)c(OC)c1O,190.0
*Nc1ccc(*)c(OCCCCCCC)c1,65.0
*Nc1ccc(*)cc1-c1ccc(N(C)CC)cc1,210.0
*Nc1ccc(*)cc1C(=O)OCCCCCCCCCCCCCC,-20.0
*Nc1ccc(*)cc1C(C)CCl,150.0
*Nc1ccc(*)cc1OCCCCCCCCCCCCCCCCCCCC,-20.0
*Nc1ccc(*)cc1S[Si](C)(C)c1ccccc1,110.0
*Nc1ccc(-c2cc(*)c(C(C)(C)C)cc2CCCCCCC)c[c]1[Ge]([c]1ccccc1)[c]1ccccc1,145.0
*Nc1ccc(-c2cc(SCCCC)c(*)cc2C)cc1OCC,105.0
*Nc1ccc(-c2cc(SCCCCCCCCCC)c(*)cn2)cc1F,45.0
*Nc1ccc(-c2ccc(*)cc2)cc1C#N,280.0
*Nc1ccc(-c2ccc(-c3ccc(*)cc3)cc2)cc1OC,280.0
*Nc1ccc(-c2ccc(-c3ccc(C=NNC(*)=O)cc3)cc2)cc1,220.0
*Nc1ccc(-c2ccc(-c3ccc(Sc4ccc(*)c(OC)c4)cc3OCCCCCCCCCC)cc2)cc1C(C)(C)C,65.0
*Nc1ccc(-c2ccc(Cc3ccc(N=*)cc3)cc2OC)cc1,190.0
*Nc1ccc(-c2ccc(NC(=*)NCCCC)cc2)cc1C,130.0
*Nc1ccc(-c2ccc(NC(=O)c3cc(C(*)=O)cc(C(=O)Nc4ccc(C)cc4)c3)c(C)c2)cc1C,290.0
*Nc1ccc(-c2ccc(NC(=O)c3cc(C(*)=O)ccc3C(=O)O)cc2C)cc1,285.0
*Nc1ccc(-c2ccc(NC(=O)c3cc(C(=O)OCC(C)(C)C)cc(C(*)=S)c3)cc2C)c([N+](=O)[O-])c1,245.0
*Nc1ccc(-c2ccc(NC(=O)c3cc(CCC)c(C(*)=O)cc3OCCC(C)CCC(F)(F)F)cc2)cc1,220.0
*Nc1ccc(-c2ccc(NC(=O)c3ccc(C(*)=O)cc3)cc2)c(S(=O)(=O)OCCCCCCCCCCCC)c1,210.0
*Nc1ccc(-c2ccc(NC(=O)c3ccc(C(=O)N(*)c4ccc(C(C)C)cc4)cc3)cc2)cc1,280.0
*Nc1ccc(-c2ccc(NC(=O)c3ccc(C(=O)Nc4ccc(C(*)=O)cc4)cc3)cc2)cc1C,280.0
*Nc1ccc(-c2ccc(NC(=O)c3ccc(C(=O)OC(=O)c4ccc(*)cc4)cc3)cc2)cc1,280.0
*Nc1ccc(-c2ccc(NC(=S)/C=C/c3ccc(N=*)cc3)cc2)cc1,210.0
*Nc1ccc(-c2ccc(NC(=S)Cc3ccc(C(*)=O)cc3)cc2)cc1-c1ccc(C#N)cc1,210.0
*Nc1ccc(-c2ccc(NC(=S)c3ccc(C(=O)Nc4ccc(C(*)=O)cc4)cc3)cc2)cc1C(C)(C)C,280.0
*Nc1ccc(-c2ccc(SCc3ccc(N=*)cc3)cc2)cc1,150.0
*Nc1ccc(/C(C)=C/c2ccc(*)cc2)cc1OCCCCCCCC,45.0
*Nc1ccc(/C(C)=N/N=N/c2ccc(C=*)cc2)cc1,180.0
*Nc1ccc(/C(C)=N/c2ccc(Nc3ccc(*)cc3)cc2)cc1,190.0
*Nc1ccc(/C=C(\C#N)c2cc(C)c(*)s2)c(-c2ccc(OCCCCCCC)cc2)c1,110.0
*Nc1ccc(/C=C/C(=O)/C=C/c2ccc(*)c(C)c2)cc1-c1ccc(OCCOC)cc1,145.0
*Nc1ccc(/C=C/c2cc(CCCCCCC)c(*)cc2CCc2ccccc2)cc1C,110.0
*Nc1ccc(/C=C/c2cc(NC(*)=O)c(C)cc2C)cc1,260.0
*Nc1ccc(/C=C/c2ccc(-c3ccc(CCCCCCCS*)s3)c(Cl)c2)cc1CC,65.0
*Nc1ccc(/C=C/c2ccc(NC(=O)CCCCC(=O)Nc3ccc(NC(*)=O)cc3)cc2)cc1,180.0
*Nc1ccc(/C=N/CCC/C=C/c2cc(CCCCCC)c(*)cc2OC)cc1,65.0
*Nc1ccc(/C=N/c2ccc(/N=C/c3ccc(/C=N/c4ccc(*)cc4)cc3)cc2Br)cc1,210.0
*Nc1ccc(/C=N/c2ccc(Cc3ccc(NC(=O)C(CCCCCCC)OC(=O)c4ccc(C(*)=O)cc4)cc3)cc2)cc1,95.0
*Nc1ccc(/C=N/c2ccc(NC(=*)C)cc2)cc1,210.0
*Nc1ccc(/C=N/c2ccc(NC(=O)CCCCCCCCC(*)=O)cc2)cc1,110.0
*Nc1ccc(/N=C(/N=N/c2ccc(/C=N/c3ccc(N=*)cc3)cc2)c2ccccc2)cc1,210.0
*Nc1ccc(/N=C(\C)c2ccc(N(CC)C(=O)NCCCCCCNC(*)=O)cc2)cc1,110.0
*Nc1ccc(/N=C/C(=C(/*)c2ccccc2)c2ccccc2)cc1,190.0
*Nc1ccc(/N=C/c2ccc(/C=C/C(*)=S)cc2)cc1,180.0
*Nc1ccc(/N=C/c2ccc(S(=O)(=O)c3ccc([Si](C)(C)c4ccc(*)cc4)cc3)cc2)cc1OC,165.0
*Nc1ccc(/N=C/c2ccccc2OC(=O)c2ccc(-c3ccc(C(*)=O)cc3)cc2)cc1[N+](=O)[O-],245.0
*Nc1ccc(/N=C/c2ccccc2OC(=O)c2ccc(CS*)cc2)cc1,110.0
*Nc1ccc(/N=N/CCC)c(*)c1,120.0
*Nc1ccc(/N=N/c2ccc(-c3ccc(-c4ccc(/N=C/c5ccc(*)cc5)cc4)cc3)cc2)cc1,210.0
*Nc1ccc(/N=N/c2ccc(/C=C/c3ccccc3)cc2)cc1*,210.0
*Nc1ccc(/N=N/c2ccc(NC(=O)c3ccc(C(*)=O)cc3)c(C)c2)cc1C,280.0
*Nc1ccc(C#Cc2ccc(/C=C/c3ccc(*)cc3)cc2)c(OCC(O)C[N+](C)(C)C)c1,165.0
*Nc1ccc(C#Cc2ccc(NC(=O)c3ccc(C(=O)c4ccc(*)cc4)c(C)c3)cc2C)c(C)c1Cl,250.0
*Nc1ccc(C#Cc2ccc(SCCOC(*)=O)cc2)cc1,95.0
*Nc1ccc(C(*)=O)cc1OCCCC,110.0
*Nc1ccc(C(=O)CCCCC(*)=O)c(C)c1,80.0
*Nc1ccc(C(=O)NC(=O)c2ccccc2C(*)=O)cc1,280.0
*Nc1ccc(C(=O)NCCCCCCNC(=O)c2ccc(C(*)=O)cc2)c(C(F)(F)F)c1,130.0
*Nc1ccc(C(=O)NNC(=O)c2cccc(C(*)=O)c2)cc1C,260.0
*Nc1ccc(C(=O)Nc2ccc(*)cc2)cc1C(C)CCCC,210.0
*Nc1ccc(C(=O)Nc2ccc(NC(=O)c3ccccc3C(*)=O)cc2)cc1,280.0
*Nc1ccc(C(=O)Nc2ccc(Sc3ccc(*)cc3)cc2)cc1,190.0
*Nc1ccc(C(=O)OCC(C)C(C)CC(*)=O)cc1,90.0
*Nc1ccc(C(=O)OCCN(CCOC(*)=O)c2ccccc2)cc1,90.0
*Nc1ccc(C(=O)c2ccc(NC(*)=O)cc2)cc1CC,270.0
*Nc1ccc(C(=O)c2ccc(NC(=O)c3ccc(-c4ccc(C(*)=O)cc4)cc3)cc2)cc1,280.0
*Nc1ccc(C(=O)c2ccc(NC(=O)c3ccc(C(*)=O)cc3)cc2)cc1OC,260.0
*Nc1ccc(C(=O)c2ccc(S(=O)(=O)c3cc(C)c(*)c(C)c3Br)cc2C)cc1,245.0
*Nc1ccc(C(C)(C)c2ccc(NC(=O)c3ccc(*)cc3)cc2)cc1S(=O)(=O)O,280.0
*Nc1ccc(C(C)(C)c2ccc(NC(=O)c3ccc(C(=O)/C=C/C(*)=O)cc3)cc2)cc1,210.0
*Nc1ccc(C(C)C(=O)NNC(=O)c2cccc(*)c2)cc1,210.0
*Nc1ccc(C(C=C)=C(CC)Oc2ccc([Si](*)(C)C)cc2)cc1,105.0
*Nc1ccc(C(CCCC)c2ccc(C(*)=O)cc2)cc1SCCCCCCCC,45.0
*Nc1ccc(C(NC(=O)C(Cc2ccccc2)C(=O)N(*)C#N)(c2ccccc2)c2ccccc2)cc1,210.0
*Nc1ccc(C(c2ccc(*)cc2)c2ccc(N(C)CCCCCC)cc2)cc1,110.0
*Nc1ccc(C(c2ccccc2)c2ccc(C(*)=O)cc2)cc1,280.0
*Nc1ccc(C)c(NC(=O)c2cc(OCCCCCCCCCCCCCC)c(C(*)=O)cc2F)c1,90.0
*Nc1ccc(C)cc1CCCNC(=O)CCCCC(=O)NNC(=O)c1ccc(C(*)=O)cc1,120.0
*Nc1ccc(CC(*)=O)cc1Cl,130.0
*Nc1ccc(CC(NC(=O)CCc2ccccc2)C(*)(C(F)(F)F)C(F)(F)F)cc1,250.0
*Nc1ccc(CCC(NC(=*)CSCC)c2ccc(C#N)cc2)cc1,130.0
*Nc1ccc(CCCCCCOC(=O)c2ccc(C(*)=O)cc2)cc1C,55.0
*Nc1ccc(CCCNC(=O)c2ccc(C(=O)Nc3ccc(Sc4ccc(*)cc4)c(C(F)(F)F)c3)cc2Cl)cc1,195.0
*Nc1ccc(CCCOC(=O)Nc2ccc(C=*)cc2)cc1,90.0
*Nc1ccc(CCc2cc(C)c(C(*)=O)cc2C(=O)OCCCCCCCCCCCCCCCC)cc1,15.0
*Nc1ccc(CCc2ccc(NC(=*)NCCCCCCCCCCCC)cc2)cc1,45.0
*Nc1ccc(CCc2ccc(NC(=O)CCCCCCCCC(=O)Nc3ccc(C(=O)Nc4ccc(O*)cc4)cc3)cc2)cc1,130.0
*Nc1ccc(CCc2ccc(NC(=O)CCCCCCCCCCCCC(*)=O)cc2C)c(C)c1,45.0
*Nc1ccc(CCc2ccc(NC(=O)NCCCCCCCCCCCCCCNC(*)=O)cc2)cc1,55.0
*Nc1ccc(CN(C)C(=O)CCCCCCc2ccc(C(*)=O)cc2)cc1,45.0
*Nc1ccc(CN(CC)CCNC=*)c(CCC)c1,65.0
*Nc1ccc(COc2ccc(NC(=O)c3ccc([Si](C)(C)c4ccc(C(S*)c5ccccc5)cc4)cc3)cc2)cc1,130.0
*Nc1ccc(CSCc2ccc(NNC(=O)CCS(*)(=O)=O)cc2)cc1,110.0
*Nc1ccc(CSc2ccc(SCCCCS(*)(=O)=O)cc2)cc1,85.0
*Nc1ccc(Cc2ccc(NC(*)=Nc3ccccc3-c3ccccc3)cc2)cc1,210.0
*Nc1ccc(Cc2ccc(NC(=*)Cc3ccccc3)cc2)cc1,150.0
*Nc1ccc(Cc2ccc(NC(=*)NC(C)CC)cc2)cc1,150.0
*Nc1ccc(Cc2ccc(NC(=*)c3ccccc3)c(C)c2)cc1C,280.0
*Nc1ccc(Cc2ccc(NC(=*)c3ccccc3)s2)cc1,190.0
*Nc1ccc(Cc2ccc(NC(=NCCCCCCCCCCCCCCCCCCCC)c3ccc(/C=C/c4ccc(C(*)=O)cc4)cc3)cc2)cc1OCCCCCCCC,45.0
*Nc1ccc(Cc2ccc(NC(=O)/C=C/N=C(/*)C)c(C)c2)cc1,180.0
*Nc1ccc(Cc2ccc(NC(=O)CCCC(*)=O)c(C)c2)cc1C,140.0
*Nc1ccc(Cc2ccc(NC(=O)CCCCCCCC(=O)Nc3cccc(*)n3)cc2)cc1C(C)C,90.0
*Nc1ccc(Cc2ccc(NC(=O)CCCCCCCCC(=O)Nc3ccc(*)cc3)cc2)cc1C(C)C,110.0
*Nc1ccc(Cc2ccc(NC(=O)CCCCCCCCCCC(*)=O)c([N+](=O)[O-])c2)cc1,65.0
*Nc1ccc(Cc2ccc(NC(=O)CCCCCCCCCCCCC(=O)Nc3ccc(*)cc3)cc2)cc1,110.0
*Nc1ccc(Cc2ccc(NC(=O)CN3C(=O)c4ccc(C(=O)Nc5ccc(*)cc5C(F)(F)F)cc4C3=O)cc2)c(C(F)(F)C(F)(F)F)c1,280.0
*Nc1ccc(Cc2ccc(NC(=O)NCCCC(C)NC(*)=O)cc2)cc1,130.0
*Nc1ccc(Cc2ccc(NC(=O)NCCCCCCNC(=O)Nc3ccc(C(*)=O)cc3)cc2)cc1,140.0
*Nc1ccc(Cc2ccc(NC(=O)NCCCNC(*)=O)cc2)cc1,130.0
*Nc1ccc(Cc2ccc(NC(=O)NCCN(*)C)cc2)cc1,90.0
*Nc1ccc(Cc2ccc(NC(=O)Nc3ccc(NC(=O)c4ccc(C(=*)O)cc4)cc3)cc2)cc1,260.0
*Nc1ccc(Cc2ccc(NC(=O)Nc3cccc(S(*)(=O)=O)c3)c(C(=O)OCC(C)C)c2)cc1C(=O)[O][Na],210.0
*Nc1ccc(Cc2ccc(NC(=O)c3cc(C(=O)O)c(*)cc3C)cc2)cc1,285.0
*Nc1ccc(Cc2ccc(NC(=O)c3cc(C(=O)c4ccc(C(=O)c5ccc(C(*)=O)cc5)cc4)cc(C(C)(C)C)c3)cc2)cc1C(C)(C)C,260.0
*Nc1ccc(Cc2ccc(NC(=O)c3ccc(/C=C(\C)c4ccc(C(C)(C)c5ccc(C(*)=O)cc5)cc4)cc3)cc2)cc1,195.0
*Nc1ccc(Cc2ccc(NC(=O)c3ccc(C(*)=O)cc3)cc2)cc1C(C)c1ccc(Cl)cc1Cl,260.0
*Nc1ccc(Cc2ccc(NC(=O)c3ccc(C(C)(C)c4ccc(C(*)=O)cc4)cc3)c(F)c2F)cc1,260.0
*Nc1ccc(Cc2ccc(NC(=O)c3ccc(NC(=O)NCCCCCCNC(*)=O)cc3)cc2)cc1,140.0
*Nc1ccc(Cc2ccc(NC(=O)c3ccc(Oc4ccc(C(*)=O)cc4)c(C)c3)cc2C)c(O)c1,220.0
*Nc1ccc(Cc2ccc(NC(=O)c3ccc([SH](=O)(c4ccccc4)c4ccc(*)nc4)cc3)cc2)cc1,220.0
*Nc1ccc(Cc2ccc(NC(=S)NP(=O)(O)c3ccccc3)cc2)c(*)n1,210.0
*Nc1ccc(Cc2ccc(NSC(=O)c3ccc(C(*)=O)cc3)cc2)cc1,210.0
*Nc1ccc(Cc2ccc(Nc3ccc(NC(*)=O)cc3)cc2)cc1,250.0
*Nc1ccc(Cc2ccc(SC(=O)NCCCCCCCCNC(*)=O)cc2)cc1,45.0
*Nc1ccc(Cc2ccc(Sc3ccc(NC(=O)c4ccc(C(=O)c5cccc(C(=O)c6ccc(*)cc6)c5C)cc4)cc3)cc2)cc1,210.0
*Nc1ccc(Cc2ccc([Si](*)(C)CCCCCC)s2)cc1,45.0
*Nc1ccc(N(C)CCCc2ccc(C#N)cc2)c(NC(=O)c2cccc(C(*)=O)c2)c1,195.0
*Nc1ccc(NC(*)=O)cc1OCC(CC)CCCCCCCCCC,45.0
*Nc1ccc(NC(=*)OCCCCCCCCCCCCCCCCCC)cc1,-20.0
*Nc1ccc(NC(=O)/C=C/c2ccccc2C(=O)OC(=O)c2ccc(C(*)=O)cc2)cc1,250.0
*Nc1ccc(NC(=O)/C=N/Nc2ccc(Cc3ccc(NC(*)=S)cc3)cc2)cc1,180.0
*Nc1ccc(NC(=O)CCCCCCCCC(*)=O)cc1CCCCCCCC,15.0
*Nc1ccc(NC(=O)CCCCCCCCC(=O)Nc2ccc(C(=O)O*)cc2)cc1,130.0
*Nc1ccc(NC(=O)CCCCCCCCCC(=O)Nc2ccc(*)cc2)c(N)c1,120.0
*Nc1ccc(NC(=O)CCCCCCCCCCC(=O)Nc2cccc(NC(=O)CCc3ccc(OC(=O)c4cccc(C(*)=O)c4)cc3)c2)cc1,95.0
*Nc1ccc(NC(=O)CCCCCCCCCCCCCCCCCCCC(=O)Nc2ccc(*)cc2)cc1,90.0
*Nc1ccc(NC(=O)Cc2cc(OCCCCCCCCCCCC)cc(C(*)=O)c2)cc1-c1ccccc1,120.0
*Nc1ccc(NC(=O)Nc2ccc(/C=N/c3ccc(C=*)cc3)c(OCCCCCCCCCCCCCC)c2)cc1OC,90.0
*Nc1ccc(NC(=O)Nc2ccc(C)cc2)cc1-c1ccccc1NC(=O)Nc1ccc(NC(=O)c2cccc(C(*)=O)c2)cc1,280.0
*Nc1ccc(NC(=O)Nc2ccc(Cc3ccc(NC(*)=O)cc3)cc2)cc1O,250.0
*Nc1ccc(NC(=O)Nc2ccc(Cc3ccc(NC(=O)CCCS(=O)c4ccc(*)cc4)cc3)cc2)cc1,145.0
*Nc1ccc(NC(=O)Nc2ccc(Cc3ccc(Nc4ccc(NC(*)=O)cc4)cc3)cc2)cc1N,250.0
*Nc1ccc(NC(=O)c2cc(*)c(C)cc2C)cc1C,280.0
*Nc1ccc(NC(=O)c2cc(Br)c(C(*)=O)cc2S(=O)(=O)O)cc1OC(C)=O,265.0
*Nc1ccc(NC(=O)c2cc(C(*)=O)c(C)cc2C)c(C)c1C,280.0
*Nc1ccc(NC(=O)c2cc(C(*)=O)cc(C(C)(C)C)c2)c(Br)c1C,290.0
*Nc1ccc(NC(=O)c2cc(C(*)=O)cc(N3C(=O)c4c(Cl)c([2H])c(Cl)c(Cl)c4C3=O)c2)cc1,310.0
*Nc1ccc(NC(=O)c2cc(C(*)=O)ccc2C)cc1CC,260.0
*Nc1ccc(NC(=O)c2cc(F)ccc2C(=O)NNC(=O)Oc2ccc(*)cc2)cc1,235.0
*Nc1ccc(NC(=O)c2cc(NC(=O)CCCCCCCC(*)=O)cc(C(=O)O)c2)cc1,180.0
*Nc1ccc(NC(=O)c2cc(OCCCCCCCCCCCC)cc(C(*)=O)c2)cc1CCCCCCCCCCCCC,45.0
*Nc1ccc(NC(=O)c2cc(S(=O)(=O)N(C)C(*)=O)c([N-]C)cc2C)cc1C,260.0
*Nc1ccc(NC(=O)c2cc([N+](=O)[O-])c(C(*)=O)cc2C(=O)O)cc1S,285.0
*Nc1ccc(NC(=O)c2ccc(*)cc2)cc1C(C)(C)C,280.0
*Nc1ccc(NC(=O)c2ccc(-c3ccc(-c4ccc(C(*)=O)cc4)cc3)c(Cl)c2Cl)cc1,285.0
*Nc1ccc(NC(=O)c2ccc(-c3ccc(C(*)=O)cc3S(=O)(=O)O)cc2)cc1,280.0
*Nc1ccc(NC(=O)c2ccc(-c3ccc(C(*)=S)cc3)cc2)cc1Cl,210.0
*Nc1ccc(NC(=O)c2ccc(-c3cccc(C(*)=O)c3)c(C(=O)O)c2)cc1C(F)(F)F,290.0
*Nc1ccc(NC(=O)c2ccc(C(*)=O)c(C(=O)O)c2)cc1C(=O)OCCCCCCCCCCCCCCC,120.0
*Nc1ccc(NC(=O)c2ccc(C(*)=O)cc2)cc1-c1cccc(Cl)c1,290.0
*Nc1ccc(NC(=O)c2ccc(C(*)=O)cc2)cc1CCCCCC,210.0
*Nc1ccc(NC(=O)c2ccc(C(*)=O)cc2)cc1I,280.0
*Nc1ccc(NC(=O)c2ccc(C(=O)/C=C/C(*)=O)cc2)cc1,250.0
*Nc1ccc(NC(=O)c2ccc(C(=O)NNC(=O)c3ccc(C(*)=O)cc3)cc2)cc1C(=O)Oc1ccccc1,270.0
*Nc1ccc(NC(=O)c2ccc(C(=O)Nc3ccc(-c4ccc(NC(=O)c5ccc(C(*)=O)cc5)cc4)cc3)cc2)cc1,280.0
*Nc1ccc(NC(=O)c2ccc(C(=O)Nc3ccc(C(*)=O)cc3)cc2)c(Br)c1,290.0
*Nc1ccc(NC(=O)c2ccc(C(=O)Oc3cccc(C(*)=O)c3)cc2)cc1,250.0
*Nc1ccc(NC(=O)c2ccc(C(=O)c3cccc(C(*)=O)c3)cc2)cc1,280.0
*Nc1ccc(NC(=O)c2ccc(NC(=O)C(CCCCC)C(C)C(=O)Nc3ccc(Cc4ccc(Cc5ccc(C(*)(C(F)(F)F)C(F)(F)F)cc5)cc4)cc3C(F)(F)F)c(C(F)(F)F)c2)cc1,245.0
*Nc1ccc(NC(=O)c2ccc(NC(=O)CCCC(*)=O)cc2)cc1C,210.0
*Nc1ccc(NC(=O)c2ccc(NC(=O)CCCCC(=O)Nc3ccc(C(*)=O)cc3)c(C(=O)O)c2)cc1C(=O)OCCCCCCCCCCCCCCCC,90.0
*Nc1ccc(NC(=O)c2ccc(NC(=O)c3cccc(C(*)=O)c3)c(C)c2C)c(C)c1,290.0
*Nc1ccc(NC(=O)c2ccc(S(=O)(=O)O)c(-c3ccc(C(*)=S)cc3)c2)cc1,250.0
*Nc1ccc(NC(=O)c2cccc(C(*)=O)c2)cc1S(=O)(=O)Oc1ccc(C(F)(F)F)cc1,265.0
*Nc1ccc(NC(=S)CC(*)=C(C)C)cc1,130.0
*Nc1ccc(NC(=S)N(*)c2ccccc2)cc1,180.0
*Nc1ccc(NC(=S)NC(=O)c2ccc(NC(=O)c3ccc(C(*)=O)cc3)cc2)cc1-c1ccc(Br)cc1,285.0
*Nc1ccc(NC(=S)c2cc(OCCCC)cc(C(*)=O)c2)cc1C,165.0
*Nc1ccc(NC(=S)c2ccc(NC(=O)Cc3ccc(C(*)=O)cc3)cc2)cc1,210.0
*Nc1ccc(NCCCC(=O)CCc2ccc(C(*)=O)cc2)cc1,110.0
*Nc1ccc(NCN(CC[IH2]c2ccccc2)c2ccc(Cc3ccc(NC(*)=O)cc3)cc2)cc1,140.0
*Nc1ccc(NNC(=S)c2ccc(S(=O)(=O)NCCC(C)S(*)=O)cc2C)cc1,180.0
*Nc1ccc(Nc2ccc(NC(=O)C(*)=O)cc2Br)c(C)c1,280.0
*Nc1ccc(Nc2ccc(NC(=O)c3ccc(NC(=O)c4ccc(*)cc4)cc3)cc2)c([PH](=O)[O-])c1,280.0
*Nc1ccc(Nc2ccc(NC(=O)c3cccc(C(*)=O)c3)c(C(=O)O)c2)c(C(C)(C)C)c1,290.0
*Nc1ccc(Nc2ccc(NC(=O)c3cccc(C(*)=O)c3)cc2)cc1C,280.0
*Nc1ccc(OC(=O)CCCCCCCCCC(=O)O*)cc1,45.0
*Nc1ccc(Oc2ccc(C(C)(C)C#N)cc2)c(*)c1O,210.0
*Nc1ccc(Oc2ccc(NC(=O)c3ccc(OC(=O)c4cccc(C(*)=O)c4)cc3)cc2)cc1,210.0
*Nc1ccc(S(=O)(=O)c2ccc(-c3ccc(NC(*)=O)cc3)cc2)cc1C(=O)O,285.0
*Nc1ccc(S(=O)(=O)c2ccc(NC(=O)CCc3ccc(C(*)=O)cc3)cc2)cc1,210.0
*Nc1ccc(S(=O)(=O)c2ccc(NC(=O)c3cc(C(*)=O)cc(C(=O)OCCCCCC)c3)cc2)cc1C(=O)Oc1ccc(/N=N/c2ccc(C(=O)O)cc2)cc1,245.0
*Nc1ccc(S(=O)(=O)c2ccc(S(=O)(=O)c3ccc(-c4ccc(*)cc4)cc3)cc2-c2ccccc2)cc1,260.0
*Nc1ccc(SC(*)=Cc2ccccc2C)cc1,110.0
*Nc1ccc(SCSCCCC(=O)c2ccc(C)cc2)c(-c2ccc(*)cc2)c1,65.0
*Nc1ccc(S[Si](*)(C)C)cc1,90.0
*Nc1ccc(Sc2ccc(-c3ccc(NC(=O)c4ccc(OC(=O)c5ccc(C(*)=O)cc5)cc4)cc3)cc2)cc1,210.0
*Nc1ccc(Sc2ccc(NC(*)=O)cc2)cc1,230.0
*Nc1ccc(Sc2ccc(NC(=*)CO)c(Cl)c2)cc1,150.0
*Nc1ccc(Sc2ccc(NC(=O)c3ccc(C(*)=O)cc3)cc2CCCCC)cc1C,210.0
*Nc1ccc(Sc2ccc(Nc3ccc(SC(=O)c4ccc(C(*)=O)cc4)cc3)cc2)cc1,180.0
*Nc1ccc(Sc2ccc(S*)cc2)c(Sc2ccccc2)c1,150.0
*Nc1ccc(Sc2ccc(SSc3ccc(NC(=O)NCc4ccc(*)[nH]4)cc3)c(O)c2)cc1,120.0
*Nc1ccc(Sc2ccc(Sc3ccc(*)cc3)cc2)c(C(=O)OCCC(C)(C)C)c1,130.0
*Nc1ccc(Sc2ccc(Sc3ccc(NC(*)=O)c(OC)c3)cc2)cc1,220.0
*Nc1ccc(Sc2ccc(Sc3ccc(NC(=O)c4ccc(NC(=O)c5ccc(*)cc5)cc4)cc3)cc2C)cc1,235.0
*Nc1ccc([Si](*)(C)C[Si](C)(C)c2ccc(C)cc2)cc1,85.0
*Nc1ccc([Si](*)(CCC)CCC)cc1,45.0
*Nc1cccc(-c2ccc(N=*)cc2)c1,220.0
*Nc1cccc(-c2ccc(NC(=O)c3ccc(NC(=O)CCCCCN4C(=O)c5ccc(C(*)=O)cc5C4=O)cc3)cc2)c1,260.0
*Nc1cccc(-c2ccc(NCc3ccc(NC(*)=O)cc3)cc2)c1,180.0
*Nc1cccc(/C=N/N=N/c2ccc(C(=S)Nc3ccc(NC(*)=O)cc3)cc2)c1,245.0
*Nc1cccc(C#Cc2ccccc2NC(=O)CCCCCC(*)=O)c1,110.0
*Nc1cccc(C(=O)NS(=O)(=O)c2ccc(*)cc2)c1,280.0
*Nc1cccc(C(=O)Nc2ccc(C(C)(C)c3ccc(*)cc3)cc2)c1C,280.0
*Nc1cccc(C(=O)OCCOC(=O)c2ccc(C(*)=O)cc2)c1,130.0
*Nc1cccc(C(=O)Oc2ccc(-c3ccc(*)cc3)cc2)c1,180.0
*Nc1cccc(C(=O)Oc2ccc(C(C)(C)c3ccc(OC(*)=S)cc3)cc2)c1,110.0
*Nc1cccc(C(=O)c2cc(C(*)=O)cc(C(F)(F)C(F)(F)C(F)(F)C(F)(F)C(F)(F)C(F)(F)OC(F)(F)C(F)(F)C(F)(F)F)c2)c1,180.0
*Nc1cccc(C(=O)c2ccc(C(=O)Cc3ccccc3C(*)=O)cc2)c1,190.0
*Nc1cccc(C(=O)c2cccc(C(=O)c3ccc(*)cc3)c2)c1,195.0
*Nc1cccc(CCCCCc2ccc(NC(=O)c3cccc(C(=O)Oc4cccc(*)c4)c3)cc2)c1,130.0
*Nc1cccc(CCCNC(=O)c2ccc(C(=O)Nc3ccc(Cc4ccc(NC(*)=O)cc4)cc3-c3ccccc3)cc2)c1,210.0
*Nc1cccc(CCc2ccc(-c3ccc(-c4ccc(S(*)(=O)=O)cc4)cc3)cc2)c1,165.0
*Nc1cccc(CN(*)c2ccccc2)c1,150.0
*Nc1cccc(CN(CC)c2ccc(/N=C(\C)c3ccc(*)cc3)cc2)c1,130.0
*Nc1cccc(CNC(=O)CCCCCCCCC(*)=O)c1,55.0
*Nc1cccc(Cc2ccc(NC(=S)c3ccc(NC(*)=O)cc3)cc2)c1,180.0
*Nc1cccc(I)c1*,190.0
*Nc1cccc(NC(=N)c2ccc(*)cc2)c1,280.0
*Nc1cccc(NC(=O)C(CCCCCCCCCCCC)C(=O)Nc2ccc(*)cc2)c1,120.0
*Nc1cccc(NC(=O)CCCCCCCCC(=*)CC)c1,45.0
*Nc1cccc(NC(=O)CCCC[Si](*)(C)C)c1,65.0
*Nc1cccc(NC(=O)Cc2ccc(C(=O)Nc3ccc(*)cc3)cc2)c1,250.0
*Nc1cccc(NC(=O)NCCCCCCCCCCCCNC(*)=O)c1,90.0
*Nc1cccc(NC(=O)c2cc(C)c(C=*)cc2C)c1,280.0
*Nc1cccc(NC(=O)c2cc(Oc3ccccc3)cc(C(=O)Nc3ccc(*)nc3)c2)c1,280.0
*Nc1cccc(NC(=O)c2ccc(-c3ccc(C(*)=O)cc3C(=O)O)cc2)c1,285.0
*Nc1cccc(NC(=O)c2ccc(-c3ccc(C(=O)Nc4ccc(*)cc4)c(C)c3)cc2C)c1,290.0
*Nc1cccc(NC(=O)c2ccc(-c3ccc(C(c4ccc(*)cc4)(C(F)(F)F)C(F)(F)F)cc3)cc2)c1C(F)(F)F,280.0
*Nc1cccc(NC(=O)c2ccc(C(*)=O)cc2-c2ccccc2)c1,280.0
*Nc1cccc(NC(=O)c2ccc(C(*)=O)cc2SSC(=O)OCCCCCC)c1,150.0
*Nc1cccc(NC(=O)c2ccc(C(*)=O)cc2Sc2ccc(C(=O)OCC)cc2)c1,245.0
*Nc1cccc(NC(=O)c2ccc(C(=O)Nc3ccc(NC(=O)c4ccc(*)cc4)cc3)c(C(F)(F)F)c2)c1,280.0
*Nc1cccc(NC(=O)c2ccc(NC(=O)CCCCCCCCCCCCC(*)=O)cc2)c1,90.0
*Nc1cccc(NC(=O)c2ccc(NC(=O)Nc3ccc([Si](*)(C)C)cc3)cc2)c1,180.0
*Nc1cccc(NC(=O)c2ccc(NC(=O)c3cc(C)c(C(*)=O)cc3C(=O)O)cc2CCCCCC)c1,260.0
*Nc1cccc(NC(=O)c2cccc(C(=O)OCCCCCOC(=O)CCCCC(*)=O)c2)c1,65.0
*Nc1cccc(NC(=O)c2cccc(S(=O)(=O)c3cccc(C(=O)CNc4ccc(*)cc4)c3)c2)c1,220.0
*Nc1cccc(Nc2ccc(Sc3ccc(N=*)cc3)cc2)c1,180.0
*Nc1cccc(Oc2ccc(*)[nH]2)c1,180.0
*Nc1cccc(S(=O)(=O)c2ccc(S(=O)(=O)c3ccc(Sc4ccc(C(*)=O)cc4)cc3)cc2C)c1,210.0
*Nc1cccc2c(c1=O)=CC=2NC(=O)c1cc(SCCCCCCCC)c(C(*)=O)cc1C(=O)O,260.0
*Nc1ccccc1-c1ccc(-c2ccc(NC(=O)c3ccc(C(*)=O)cc3)cc2)cc1S(=O)(=O)[O][Na],280.0
*Nc1ccccc1-c1ccccc1CCCCCCC(=O)Nc1ccc(Oc2ccc(NC(=O)c3cccc(C(*)=O)c3)cc2)cc1,130.0
*Nc1ccccc1/C=C/CCCCCCCCCCCCCCCCCCC(=S)Nc1ccc(*)cc1,-20.0
*Nc1ccccc1/N=C(/*)CCCCCCCCCC,40.0
*Nc1ccccc1C(=O)Nc1ccc(Cc2cccc(NC(=O)NC(*)=O)c2)cc1,230.0
*Nc1ccccc1C(=O)OC(=O)C(=O)Nc1ccc(*)cc1,210.0
*Nc1ccccc1C(=O)OC(=O)c1ccc(C(=O)OC(F)(F)C(*)(F)F)cc1,130.0
*Nc1ccccc1C(=O)Oc1cccc(OC(=O)c2ccc(C(C(=O)Oc3ccccc3)c3ccc(*)cc3)cc2)c1,165.0
*Nc1ccccc1CC(=O)NCCSCCCC(*)=O,45.0
*Nc1ccccc1CCCSSCCSC(*)=O,15.0
*Nc1ccccc1CCc1ccc(*)nc1,90.0
*Nc1ccccc1CCc1ccc(Cc2ccc(C(*)=O)cc2Br)c(S(=O)(=O)O)c1,165.0
*Nc1ccccc1CCc1ccccc1CCCCCc1ccccc1-c1ccc(NC(=O)c2ccc(C(*)=O)cc2)cc1,130.0
*Nc1ccccc1CN(CC)C(=O)CCC(*)=O,65.0
*Nc1ccccc1CN(CC)c1ccc(N(C)C(=O)O[Si](C)(C)CCCOC(*)=O)cc1,15.0
*Nc1ccccc1CN=CCC[Si](*)(c1ccccc1)c1ccccc1,65.0
*Nc1ccccc1CNC(=O)NCCCCC(=O)NNC(=O)CCC(*)=O,85.0
*Nc1ccccc1Cc1ccccc1C(*)=O,210.0
*Nc1ccccc1NC(=O)c1cc(Cl)c(Br)c(S(=O)(=O)c2cccc(C(*)=O)c2)c1,290.0
*Nc1ccccc1Nc1ccccc1NC(=O)CCCCCCC(*)=O,90.0
*Nc1ccccc1OC(=O)c1ccccc1C(*)=O,150.0
*Nc1ccccc1[Si](*)(C)CCCCCCCCCCCCC,-60.0
*Nc1cnc(*)n1NNC(=O)c1ccc(OCC(C)O)c(S(=O)(=O)O)c1,210.0
*O/C=C(/*)CCP(=O)(O)OC,25.0
*O/C=C(/*)[Si](C)(C)CC(C)C,-70.0
*OC#COc1ccc(NC(=O)c2ccc(C(=O)Nc3ccc(C(*)=O)cc3)cc2)cc1,280.0
*OC(*)C#CC,50.0
*OC(*)C(=O)OC(=O)c1ccc(Br)cc1,90.0
*OC(*)C(=O)OCCCC1COCC(C)(C)C1,-20.0
*OC(*)C(CCC(=O)OCCCC)C(=O)OCCCCCCCCCCCCCCCCC,-55.0
*OC(*)CCCCCCC,-60.0
*OC(*)CCCCCCCCC(F)(F)F,-60.0
*OC(*)CCCCCOc1ccc(-c2ccc(C(=O)Oc3ccc([N+](=O)[O-])cc3)cc2)nc1,45.0
*OC(*)CCCCOC(=O)c1ccc(Cl)c(Cl)c1F,20.0
*OC(*)CCCOc1ccc(C(=O)c2ccc(OCC(C)CC)cc2)cc1,-10.0
*OC(*)OC(=O)c1cc(OC)ccc1OC(C)CC,40.0
*OC(*)OCC(O)COCCOC#N,-30.0
*OC(*)OCCNCCCC,-40.0
*OC(=O)/C=C/C(=O)OCCCCCCCCCCCCCCOc1ccc(Oc2ccc(OC(=O)c3ccccc3C(*)=O)cc2)cc1,10.0
*OC(=O)/C=C/CC(=O)Oc1ccc(-n2on2-c2ccc(Oc3ccc(C(*)=O)cc3)cc2)cc1,95.0
*OC(=O)/C=C/NC(=O)OCCCCCCOc1ccc(/N=N/c2ccc(C(C)(C)c3ccc(*)cc3)cc2)cc1,65.0
*OC(=O)C(*)Cc1ccc(C#N)cc1,120.0
*OC(=O)C(*)NC,60.0
*OC(=O)C(*)NC(=O)CCCCC(=O)NNC(=O)c1ccc(C(C)C)cc1,85.0
*OC(=O)C(*)c1cc(C)c(C)cc1C,130.0
*OC(=O)C(=*)OCCOCCOCCOCCOCCOCCOCC,-55.0
*OC(=O)C(=O)OCCCCCCCCCCOc1ccc(/C=C/c2ccc(OCCCCOc3ccc(/C=C/C(F)(F)C(F)(F)C(F)(F)C(F)(F)F)cc3)cc2)c(*)c1,15.0
*OC(=O)C(=O)OCCCCCOC(*)=O,-40.0
*OC(=O)C(C#N)C(*)C#Cc1ccccc1,140.0
*OC(=O)C(C#N)C(=O)OCCCCCCOC(=O)c1ccccc1O*,45.0
*OC(=O)C(C)(C)C(*)CCCOC(F)(F)F,-20.0
*OC(=O)C(C)(C)OC(=O)NCCCCCCSCCNC(*)=O,-20.0
*OC(=O)C(C)(C)OC(=O)c1cccc(C(=O)NNC(=O)CCNC(*)=O)c1,130.0
*OC(=O)C(C)=C(CNC(=O)OC(*)=O)C(C)(C)C,120.0
*OC(=O)C(C)C(C)SC(*)=O,40.0
*OC(=O)C(C)CSC(=O)Nc1ccccc1-c1ccccc1C(*)=O,130.0
*OC(=O)C(C)NC(=O)CCCCCCCCCCCCC(*)=O,25.0
*OC(=O)C(C)NC(=O)c1ccccc1C(=O)OC(=O)CCC(*)=O,90.0
*OC(=O)C(C)OC(=O)c1ccc(C(=O)OCCCCCCOC(*)=O)cc1,-10.0
*OC(=O)C(C)OC(=O)c1ccccc1CCCOc1cccc(C(=O)Oc2ccc(O*)cc2)c1,45.0
*OC(=O)C(C=C)CCCC(=O)OC1COC2C(*)CCC12,45.0
*OC(=O)C(CC)N(C)c1cccc(C(=O)NC(=O)c2ccc(C(=O)c3ccc(*)cc3)cc2)c1,165.0
*OC(=O)C(CC=N)OC(=O)c1ccc(*)cc1,65.0
*OC(=O)C(CCCCCCCC)OC(=O)c1ccc(C(=O)OCC(C)COC(*)=O)c(S(=O)(=O)[O][Na])c1,45.0
*OC(=O)C(CCCCCCCCCCCCOc1ccc(-c2ccc(OC(=O)c3ccc(C(*)=O)c(OCCO)c3)cc2)cc1)OC,45.0
*OC(=O)C(CCCC[Si](C)(C)C)c1ccc(OC(=O)CCCS(*)(=O)=O)cc1,25.0
*OC(=O)C(CCl)NC(=O)CCCCCCCC(*)=O,45.0
*OC(=O)C(Cc1ccc(C(*)=O)cc1)C(C)(C)CCC(C)(C)c1ccccc1,90.0
*OC(=O)C(Cc1ccccc1)C(*)OC(C)=O,60.0
*OC(=O)C(OC(=O)c1ccccc1C(*)=O)Oc1ccc(S(=O)(=O)c2ccc(OC)cc2)cc1,145.0
*OC(=O)C(OC(C)=O)C(*)Cl,65.0
*OC(=O)C(Oc1ccc([N+](=O)[O-])cc1)C(=O)OCCCCCCCCCOc1ccc(/N=N/c2ccc(C(=O)Oc3ccc(O*)cc3)cc2)cc1,45.0
*OC(=O)C(c1ccccc1)C(*)(CC)C(C)C,90.0
*OC(=O)C/C(=C(/CCCC(*)=O)C(C)CCCC)C(CCCCCC)CC(C)(C)C,-35.0
*OC(=O)C/C(=C/c1cc(OC)c(CCCC)cc1*)CC(C)(C)C,45.0
*OC(=O)C/C=C/CCCCC(=O)OCCCCCCOc1ccc(-c2ccc(Oc3ccc(-c4ccc(OC(*)=O)cc4)cc3)cc2)cc1,45.0
*OC(=O)C1=CC=C2C(=O)N(CCC=C1)CC/C2=C\c1ccc(O*)cc1,150.0
*OC(=O)C1CCC(C(*)=O)C(C)C1,90.0
*OC(=O)C1CCC(C(=O)NNC(=O)CCCCC(*)=O)CC1,55.0
*OC(=O)C1CCC(C)C(C)N(*)C1=O,130.0
*OC(=O)CC(=O)OCCN(C)c1ccc(OC(=O)CCCCC(=O)Nc2ccc(C(=O)Nc3ccccc3NC(*)=O)cc2)cc1,110.0
*OC(=O)CC(C)(C)O*,15.0
*OC(=O)CC(CC)CCC(=O)OCC(C=C)C(C)O*,-25.0
*OC(=O)CC1CC(*)C(C)O1,30.0
*OC(=O)CCC(=O)Nc1cccc(COC(*)=O)c1,65.0
*OC(=O)CCC(=O)OC(=O)COC(=O)CCc1ccccc1-c1ccccc1NC(*)=O,65.0
*OC(=O)CCC(C(=O)O*)c1ccc(/N=N/c2ccc(C(C)CC)cc2)cc1,65.0
*OC(=O)CCC([2H])(OC(*)=O)C(=O)O,45.0
*OC(=O)CCCCC(=O)Nc1cccc(Sc2ccc[n+](-n3c(=O)c4cc5c(=O)n(*)c(=O)c5cc4c3=O)c2)c1,210.0
*OC(=O)CCCCC(=O)OC(C)C(*)=O,-30.0
*OC(=O)CCCCC(=O)OC1CCC(*)C1,-20.0
*OC(=O)CCCCC(=O)OCC(C)CC(*)CCO,-50.0
*OC(=O)CCCCC(=O)OCCCCCCCCOC(=O)CCCCSCCCC(=O)O*,-50.0
*OC(=O)CCCCC(=O)Oc1ccc(C(C)(C)c2ccc(OC(=O)CCC(C)CCC(*)=O)cc2)cc1,40.0
*OC(=O)CCCCCCC(=O)Nc1ccc(OCCOc2ccc(-c3ccc(*)cc3)cc2)cc1,85.0
*OC(=O)CCCCCCC(=O)OCCOCCOC(=O)c1ccc(*)cc1,-20.0
*OC(=O)CCCCCCC(=O)Oc1cc(*)ccc1Oc1cccc(F)c1,45.0
*OC(=O)CCCCCCCC(=O)OCC(C)COC(=O)N(C)CCOC(=O)Nc1ccc(C(=O)OC(C)C(=O)OC)c(*)c1,15.0
*OC(=O)CCCCCCCCC(=O)OC1CC1CCN(*)CCCCC,-40.0
*OC(=O)CCCCCCCCC(=O)OCC(C)CC(=O)OC(=O)O*,-40.0
*OC(=O)CCCCCCCCC(=O)Oc1ccc(C(C)CC)cc1C(=O)OCCCOC(*)=O,-20.0
*OC(=O)CCCCCCCCCCC(=O)OCCCCCC(=O)Oc1ccc(-c2ccc(OCC(*)=O)cc2)cc1,5.0
*OC(=O)CCCCCCCCCCC(=O)OCCCCOC(=O)c1ccc(C(*)=O)cc1,-30.0
*OC(=O)CCCCCCCCCCC(=O)OCCOCCOCCOCCOc1ccc(*)cc1,-40.0
*OC(=O)CCCCCCCCCCCCCCCC(*)=O,-40.0
*OC(=O)CCCCCCCCCCCc1ccc(C)c(*)c1,-20.0
*OC(=O)CCCCCNC(=O)CC(*)=O,-20.0
*OC(=O)CCCNC(=O)CCCCCCCCC(=O)NC(COC(C)=O)C(*)=S,35.0
*OC(=O)CCCOC(=O)CCC(CCCCCCNC(=O)OCCCCCCOc1ccc(C(=O)Oc2ccc(OC(*)=O)cc2)cc1)C(=O)OCCOCCOCCOCCOCCOCCOC,-30.0
*OC(=O)CCNC(=O)CCCCCC(=O)NCc1ccc(C(C)CC(=O)OC(=O)c2ccc(C(*)=O)cc2)cc1,45.0
*OC(=O)CCNC(=S)c1ccc(C(C)(C)c2ccc(C(*)=O)cc2)cc1,65.0
*OC(=O)CCSCSC(=O)OCCCCCOC(=O)c1ccc(C(*)=O)cc1,10.0
*OC(=O)CCSSSSSCSC(=O)OCCCCCCOc1ccc(-c2ccc(OC(=O)CCCCCCCCCSC(*)=O)cc2)cc1,-10.0
*OC(=O)CCc1ccc(CC(=O)SS*)cc1,25.0
*OC(=O)CCc1ccc(CNC(=O)CCCCCCC(=O)NCCCCCCCCCNC(*)=O)cc1,45.0
*OC(=O)CCc1ccccc1CC(=O)OCCCCCOC(=O)C/C(=N\CCC)C(=O)OCCCCCCOC(=O)c1ccccc1-c1ccc(/N=C/c2ccc(/C=N/c3ccccc3)cc2)cc1*,45.0
*OC(=O)CN(C(*)=O)c1ccc(/N=N/c2ccc([N+](=O)[O-])cc2)cc1,145.0
*OC(=O)CN1CCC(C(C)(C)OC(=O)CCCC(*)=O)CC1,-20.0
*OC(=O)CNC(=O)/C(C)=N/N=C/c1ccc(*)cc1,130.0
*OC(=O)CNC(=O)CCCCC(=O)NCCCCCC(*)=O,45.0
*OC(=O)CNc1ccc(Cc2ccc(C(*)=S)cc2)cc1,90.0
*OC(=O)COCC(*)OC(C)O,-30.0
*OC(=O)COCC(=O)NCCCCCCN1CCC(*)C(C)(C)C1,25.0
*OC(=O)COCCOC(*)=O,-40.0
*OC(=O)COc1ccc(C(=O)Oc2ccc(OC(=O)c3ccc(OC(=O)c4ccc(C(*)=O)c(C)c4)cc3)cc2)cc1,130.0
*OC(=O)COc1ccc(C(C)(C)c2ccc(OC(=O)COC(=O)c3ccc(*)cc3)cc2)cc1,55.0
*OC(=O)CS(=O)(=O)CCc1ccc(OC(=O)c2cccc(C(*)=O)c2)cc1,65.0
*OC(=O)CSC(=O)CCCCCCCCC(=O)OCCCCCOc1ccc(OC(=O)CCCCCCOc2ccc(O*)cc2)cc1,-15.0
*OC(=O)CSCCC(=O)NCCCCCCNC(=O)COCC(*)OCCCC,-30.0
*OC(=O)CSCCC(=O)Oc1ccc(-c2ccc(OC(=O)c3ccc(C(*)=O)cc3)cc2)cc1,70.0
*OC(=O)CSCCCCC(=O)NCCCCCCOC(=O)c1ccccc1C(*)=O,15.0
*OC(=O)C[Si](C)(C)NC(*)=S,45.0
*OC(=O)Cc1cc(*)c(C(F)(F)F)cc1Cl,90.0
*OC(=O)Cc1cc(C(=O)NCCCCCCNC(*)=O)cc(S(=O)(=O)c2ccc(-c3ccc(OCCCCCC)c([N+](=O)[O-])c3)cc2)c1,65.0
*OC(=O)Cc1cc(OCCCC)cc(C(*)=O)c1-c1ccccc1,90.0
*OC(=O)Cc1ccc(/C=C/c2ccc(C(=O)O*)cc2)cc1,130.0
*OC(=O)Cc1ccc(CC(=O)NCCOCCOCCOCCOC(=O)c2ccc(C#Cc3cccnc3*)cc2)cc1,15.0
*OC(=O)Cc1ccc(CN(C)N(C)Cc2ccc(CC(*)=O)cc2)cc1,45.0
*OC(=O)Cc1ccc(CNC(=O)CCCCC(=O)NCCCCCCNC(=O)c2ccc(*)cc2)cc1,45.0
*OC(=O)Cc1ccc(COC(=O)c2ccc(C(=O)NNC(=O)c3ccc4c(c3)C(=O)N(*)C4=O)cc2)cc1,195.0
*OC(=O)Cc1ccc(NC(*)=O)cc1,120.0
*OC(=O)Cc1cccc(C(=O)O*)c1,90.0
*OC(=O)N(C)c1ccc(CC)cc1C(=O)NNC(*)=O,140.0
*OC(=O)N(CCCCNc1ccc(NC(=O)OCC)cc1)C(*)=O,65.0
*OC(=O)NC(=O)OCCCCOCCCCCOC(*)=O,-40.0
*OC(=O)NC(=O)c1ccc(C(=O)NCCCCCCNc2ccc(NC(=O)Oc3ccc(*)c(C)c3)cc2)cc1,110.0
*OC(=O)NC(=S)c1cccc(C(=O)NNC(=O)CCC(=O)OCCOc2ccc(N(*)c3ccccc3)cc2)c1,105.0
*OC(=O)NC(=S)c1cccc(C(=O)OC(=O)c2ccc(C(=O)O*)cc2)c1,120.0
*OC(=O)NC(C)=C(*)O,90.0
*OC(=O)NC1CC(CNC(*)=O)C1,80.0
*OC(=O)NCC(C(*)=O)[N+](C)(C)C,120.0
*OC(=O)NCCCCC(=O)SNc1ccc(CCCCCCc2ccc(*)cc2)cc1,15.0
*OC(=O)NCCCCC/C=C/C(=O)Oc1ccc(C(=O)OC(=O)c2ccc(*)cc2)cc1,45.0
*OC(=O)NCCCCCCCNC(=O)OCCCCCCCCCCOc1ccc(C(C)(C)c2ccc(C(C)(C)c3ccc(S(=O)(=O)c4ccc(OCCCCCCCCOc5ccc(*)cc5)cc4)cc3)cc2)cc1,15.0
*OC(=O)NCCCCCCNC(=O)/C=C/c1ccc(C(=O)OCCOC(=O)c2ccc(*)o2)o1,40.0
*OC(=O)NCCCCCCNC(=O)OCC(*)OC(C)(C)C,-20.0
*OC(=O)NCCCCCCNC(=O)OCCOC(=O)c1ccc(NC(=O)CCC[Si](*)(C)CCCC)cc1,15.0
*OC(=O)NCCCCCCSCCCCCSCCOCCCCCCNC(=O)OCCCCOc1ccc(C(*)=O)cc1,-20.0
*OC(=O)NCCCCNC(=O)C(C=C(C)C(=O)OCC(O)CN(C)S(=O)(=O)c1cccc(O*)c1)CC,55.0
*OC(=O)NCCCNC(=O)OCCCCCCOc1ccc(*)nc1,25.0
*OC(=O)NCCCNC(=O)SCc1ccc(C(=O)Oc2ccc(C(C)(C)c3ccc(C(*)=O)cc3)cc2)cc1,55.0
*OC(=O)NCCNC(=O)OCC(CC)OC(=O)c1ccc(C(*)=O)cc1,45.0
*OC(=O)NCCSCCCCCSCCNC(=O)OCC(*)OCCC,-30.0
*OC(=O)NCCSCC[N+](C)(C)O[Si](C)(C)O[Si](C)(C)O*,-60.0
*OC(=O)NCc1ccc(NC(=O)OC(C)CCOC(=O)c2ccc(C(=O)OCCCCCCC(F)(F)C(*)(F)F)cc2)cc1,15.0
*OC(=O)NCc1cccc(CNC(*)=O)c1,60.0
*OC(=O)NNC(=O)CCCC(=O)Nc1ccc(C(C)(C)c2cccc(OC(=O)COc3ccc(*)cc3)c2)cc1,85.0
*OC(=O)NS(=O)(=O)c1cc(*)cc(Br)c1,150.0
*OC(=O)Nc1c(C)cc(Cc2ccc(NSC(=O)OCC(C)O*)c(CO)c2)cc1SCCC,85.0
*OC(=O)Nc1cc(C(Cc2ccccc2)C(=O)O*)ccc1C,120.0
*OC(=O)Nc1cc(CC(=O)NNC(*)=O)ccc1C,120.0
*OC(=O)Nc1cc(NC(=O)OCCCCCCCC)c(*)o1,40.0
*OC(=O)Nc1cc(NC(=O)Oc2ccc(CCCCC)cc2)cc(C(*)=O)c1,130.0
*OC(=O)Nc1ccc(-c2ccc(NC(=O)OCCCCCOC(=O)c3cccc(C(*)=O)c3)cc2)cc1,90.0
*OC(=O)Nc1ccc(C(=O)NNC(=O)NNC(*)=O)cc1,190.0
*OC(=O)Nc1ccc(C)c(NC(=O)NNC(=O)c2ccc(*)cc2)c1,180.0
*OC(=O)Nc1ccc(Cc2ccc(NC(=O)OCCCCCCCCOc3ccc(*)cc3)cc2)cc1,65.0
*OC(=O)Nc1ccc(Cc2ccc(NC(=O)OCCCCCCCOC(=O)c3ccc(*)cc3)cc2)cc1,50.0
*OC(=O)Nc1ccc(Cc2ccc(NC(=O)OCCN(CC)c3ccc(OC(=O)c4ccc(C(*)=O)cc4)cc3)cc2)cc1,65.0
*OC(=O)Nc1ccc(Cc2ccc(NC(=O)SCC(C)(C)CO)c(*)c2)cc1,90.0
*OC(=O)Nc1ccc(Cc2ccc(NC(=O)c3ccc(C(=O)Nc4ccc(NC(=O)CC/C=C/C(=O)Nc5ccc(*)cc5)cc4)cc3)cc2)cc1,190.0
*OC(=O)Nc1ccc(Cc2ccc([Si](*)(C)CCC)cc2)c(OCCCCC)c1,15.0
*OC(=O)Nc1ccc(NC(=O)OCCCCCCCCCCCCCCOC(*)=O)cc1,40.0
*OC(=O)Nc1ccc(NC(=O)OCCCCCCOc2ccc(C(=O)Oc3ccc(C(=O)O[Si](C)(C)O*)cc3)cc2)cc1,45.0
*OC(=O)Nc1ccc(NC(=O)c2cccc(C(=O)C(*)=O)c2)cc1,180.0
*OC(=O)Nc1ccc(S(=O)(=O)c2cccc(NC(=O)c3ccc(C(*)=O)cc3)c2)cc1,220.0
*OC(=O)Nc1ccc(Sc2ccc(*)c(S(=O)(=O)c3ccc([N+](=O)[O-])c(OCC)c3)c2)cc1,145.0
*OC(=O)Nc1ccc(Sc2ccc(NC(=O)Nc3ccc(-c4ccc(C(=O)Nc5ccc(*)cc5)cc4)cc3)cc2)cc1,260.0
*OC(=O)Nc1ccc2c(c1)C(=O)N(c1ccc(C=*)c(OC)c1)C2=O,260.0
*OC(=O)Nc1cccc(NC(=O)OC(=O)N(C)c2ccc(*)cc2)c1,160.0
*OC(=O)Nc1cccc(OC(*)=O)c1,110.0
*OC(=O)OC(=O)/C(*)=C\c1ccc(C#N)cc1,150.0
*OC(=O)OC(C)(C)OC1COC(*)OC1,45.0
*OC(=O)OC(F)(F)C(=O)OC(C)(C)C(*)=O,65.0
*OC(=O)OCC(C)(C)CC(C)(C)COC(=O)OC(=O)c1ccc(NC(=O)c2ccc(C(*)=O)cc2)cc1,130.0
*OC(=O)OCC(C)(C)COC(=O)OCC(C)(C)COC(=O)O*,40.0
*OC(=O)OCC(C)(C)OC(=O)NCCCCCCNC(*)=O,45.0
*OC(=O)OCC(C)OC(=O)c1ccccc1C(=O)OC(=O)CCCC(*)=O,40.0
*OC(=O)OCC(O)COc1ccc(C(C)(C)c2cccc(S(*)(=O)=O)c2)cc1C(=O)OCCCCOC(=O)Oc1ccc(OC)cc1,65.0
*OC(=O)OCC1CCCC1*,30.0
*OC(=O)OCCC(C)C[Si](C)(C)O[Si](C)(C)CCCOC(=O)OCC(CC(C)(C)C)O*,-60.0
*OC(=O)OCCCCCCCCC(=O)OCC(O)COC(=O)c1ccccc1C(*)=O,15.0
*OC(=O)OCCCCCCCCCCCCCOC(=O)OC(C)COC(=O)S*,-40.0
*OC(=O)OCCCCCCCCCCOC(=O)OCCCCCCOC(=O)O*,-40.0
*OC(=O)OCCCCCCCCCCOC(=O)OCCCCCCOC(=O)OCCCCOC(=O)C1CCN(*)CC1,-20.0
*OC(=O)OCCCCCCCCCCOC(=O)Oc1ccc(C(C)(CCC(F)(F)F)c2ccccc2C(*)=O)cc1,45.0
*OC(=O)OCCCCCCCCOC(=O)OCc1ccc(SSC(=O)O*)c(S(=O)(=O)O)c1,45.0
*OC(=O)OCCCCCCCOC(=O)CCC1=CC=C(*)CC(C)(C)N1,-10.0
*OC(=O)OCCCCCCOC(=O)NC(C)C(*)=O,-20.0
*OC(=O)OCCCCCCOC(=O)NCC1CCC(*)C1,-20.0
*OC(=O)OCCCCCCOC(=O)OC(=O)c1ccc(C(=O)NNC(*)=O)cc1,65.0
*OC(=O)OCCCCCCOC(=O)OCCCCCOC(=O)OCCCCCCCCCCOC(=O)c1cccc(C(=O)OCCCCCCOc2ccc(/N=N/c3ccc(C#N)cc3)cc2)c1*,35.0
*OC(=O)OCCCCCCOC(=O)OCCOCCOCCOC(=O)c1ccc(NC(=O)CCCCCC(=O)N(*)Cc2ccccc2)cc1,15.0
*OC(=O)OCCOC(=O)NC(=O)c1ccc(*)o1,45.0
*OC(=O)OCCOC(=O)OCCCCCCOc1ccc(C(=O)Nc2ccc(Oc3ccc(Sc4ccc(Oc5ccc(*)cc5)cc4)cc3)cc2)cc1N,65.0
*OC(=O)OCCOC(=O)c1ccc([Si](*)(C)C)cc1,40.0
*OC(=O)OCCOCCOC(=O)c1ccc(*)cc1,-20.0
*OC(=O)OCCOCCOCCCCCOC(=O)OCCCCCCCCCOC(=O)OCC(CSS*)OC,-35.0
*OC(=O)OCCOCCOCCCCOC(=O)OC1COC1*,-20.0
*OC(=O)OCCOCCOCCOCCOCCOCCOCCOC(*)=O,-60.0
*OC(=O)OCCOc1ccc(C(*)=O)cc1Oc1ccc(OC(C)=C(c2ccccc2)C(C)O)cc1,95.0
*OC(=O)OCCOc1ccc(C(CC(C)(C)C)C(=O)OC(C)(C)CC(*)=O)cc1,45.0
*OC(=O)OCCOc1ccc(CCCCCCCCc2ccc(OC(=O)CS(*)(=O)=O)cc2)cc1,15.0
*OC(=O)OCCSCCCCOC(=O)OCCCCCCOc1ccc(Oc2ccc(S(*)(=O)=O)nc2)cc1,25.0
*OC(=O)OCCc1ccc(CNC(*)=O)cc1,65.0
*OC(=O)OCc1ccc(C(C)(C)c2ccc(NC(=O)OCCCCCCCCCCOC(*)=O)cc2)cc1,45.0
*OC(=O)OCc1ccc(OCC(O)O[Si](C)(C)O[Si](C)(C)O[Si](C)(C)O[Si](C)(C)O[Si](C)(C)C[Si](C)(C)C)cc1*,-40.0
*OC(=O)O[Si](C)(C)CCCN(C)C(=O)CCCCC(=O)OCCCCCOC(=O)N(*)c1ccc(F)cc1,-20.0
*OC(=O)Oc1c(C)cc(-c2cc(C)c(OC(*)=O)c(Br)c2Cl)cc1OC,175.0
*OC(=O)Oc1ccc(-c2ccc(OC(=O)CCCCC(*)=O)c(Br)c2)cc1CCCCCCCC,15.0
*OC(=O)Oc1ccc(-c2ccc(OCc3ccc(OC(=O)c4ccc(C(*)=O)cc4)cc3)cc2)cc1,110.0
*OC(=O)Oc1ccc(-c2ccccc2C(=O)N(*)C)cc1,180.0
*OC(=O)Oc1ccc(C(=O)Nc2ccc(NC(=O)c3cccc(C(=O)Nc4ccc(*)cc4)c3)cc2)cc1,250.0
*OC(=O)Oc1ccc(C(=O)OCC(O*)OC(=O)c2ccc(Cl)cc2)cc1,55.0
*OC(=O)Oc1ccc(C(=O)Oc2cccc(OC(=O)c3ccc(*)cc3)c2)cc1,145.0
*OC(=O)Oc1ccc(C(Oc2ccc(Oc3ccc(C(*)=O)cc3)cc2)c2ccccc2)cc1,160.0
*OC(=O)Oc1ccc(CC(C)(C)c2ccc(OC(=O)OCC(O)C(*)=O)cc2)cc1,145.0
*OC(=O)Oc1ccc(CC(NC(=O)C#N)c2ccc(C(*)=O)cc2)cc1,145.0
*OC(=O)Oc1ccc(Cc2ccc(NC(=O)NC(=S)c3ccc(*)cc3)cc2)cc1,145.0
*OC(=O)Oc1ccc(OC(=O)OCCCCCCCCOc2ccc(-c3ccc(OC(=O)c4ccc(-c5ccc(C(*)=O)cc5)cc4)cc3)cc2)cc1,65.0
*OC(=O)Oc1ccc(OCCCCCC)cc1*,45.0
*OC(=O)Oc1ccccc1C(=O)OCCCCC(O*)C(C)C,15.0
*OC(=O)SC(=O)OCCCCCCCCOc1ccc(-c2ccc(OC(=O)c3ccccc3)cc2C(*)=O)cc1,45.0
*OC(=O)SCCCCCC(=O)Oc1ccc(-c2ccc(OCCCOc3ccc(C(*)=O)cc3)cc2)cc1,45.0
*OC(=O)SN1CCN(CC(C#N)C=N[Si](C)(C)O[Si](*)(C)CCCC(F)(F)F)C1,-30.0
*OC(=O)SNC(=O)CCCCCCC(=O)NCCCCCCCCCCNC(=O)C(Cc1ccccc1)C1CN(c2ccc(C(=O)OC(*)=S)cc2)C1=O,15.0
*OC(=O)SNC(=O)c1ccc(C(=O)Nc2ccc(*)cc2)cc1,180.0
*OC(=O)[Si](C)(CCC(=O)OC(C)C)C(*)(C(F)(F)C(F)(F)C(F)(F)F)C(C)(Cl)C(F)(F)F,65.0
*OC(=O)[Si](CCC)(CCCCCC)c1ccc(*)cc1,-20.0
*OC(=O)c1c(OCCCCCCCCCC)cc(/C=C/c2ccc(*)cc2)cc1OC(=O)OCCCCC,25.0
*OC(=O)c1cc(*)c(C(=O)OCCCCCC)c(C)c1,40.0
*OC(=O)c1cc(-c2ccc(NC(=O)c3ccc(Cc4ccc(C(*)=O)cc4)cc3C)c(C)c2)ccc1OC,195.0
*OC(=O)c1cc(C(=O)NCC(O*)c2ccc(-c3ccc(C)cc3)cc2)ccc1C(=O)O,165.0
*OC(=O)c1cc(C(=O)OC)c(*)cc1O,100.0
*OC(=O)c1cc(C)c(C(=O)OCCCCCCCCCCCCCCCOc2ccc(*)c(C)c2)cc1C(=O)OC,25.0
*OC(=O)c1cc(Cl)c(C(C)(C)[Se])cc1C(=O)OC(=O)Cc1ccc(C(=O)OC(=O)C(*)=O)cc1,130.0
*OC(=O)c1cc(NC(=O)NCCCCCCNC(=O)c2ccc(Cc3ccc(C(*)=O)cc3)cc2)ccc1N,110.0
*OC(=O)c1cc(NC(=O)OCCOc2ccc(C(C)(C)c3ccc(COC(*)=O)cc3)cc2)ccc1C(=O)OC(C)(C)C,95.0
*OC(=O)c1cc(OCCC)cc(C(*)=O)c1C,90.0
*OC(=O)c1cc(OCCCC)cc(C(*)=O)c1C,45.0
*OC(=O)c1cc(OCCCCC)cc(C(=O)NCCCCCCCCCCCNC(=O)c2ccccc2OC(=O)c2ccc(C(*)=O)cc2)c1,45.0
*OC(=O)c1cc(OCCCCCCCCCCCC)c(C(*)=O)cc1SCCCCCC,-20.0
*OC(=O)c1ccc(-c2ccc(C(=O)CCCCC(=O)OCCCCCCCCCCOC(*)=O)cc2)cc1,-10.0
*OC(=O)c1ccc(-c2ccc(C(=O)Nc3ccc(*)c(C)c3)cc2)cc1,250.0
*OC(=O)c1ccc(-c2ccc(C(=O)OC(=O)CCCS(*)(=O)=O)cc2)cc1,110.0
*OC(=O)c1ccc(-c2ccc(C(=O)OCC(C)CCOC(=O)/C=C/C(*)=O)cc2)cc1,45.0
*OC(=O)c1ccc(-c2ccc(NC(=O)C(=O)c3ccc(C(=O)Nc4ccc(C(=O)OCCCCCCCOC(*)=O)cc4)cc3)cc2)cc1,130.0
*OC(=O)c1ccc(-c2ccccc2P(=O)(c2ccccc2)c2ccc(C(C)(C)c3ccc(Oc4ccc(NC(=O)c5cccc(*)c5)cc4)cc3)cc2)cc1,195.0
*OC(=O)c1ccc(-n2c(=O)c3cc4c(=O)n(*)c(=O)c4cc3c2=O)cc1,320.0
*OC(=O)c1ccc(/C=C/C(=O)NNC(=O)c2cc(CN)ccc2Oc2ccc(*)cc2)cc1,165.0
*OC(=O)c1ccc(/C=N/c2ccc(/N=C/c3ccc(OCc4ccc(C(*)=O)cc4)cc3)cc2)cc1,145.0
*OC(=O)c1ccc(/N=N/c2ccc(OC(=O)CCCC(=O)OC)cc2)cc1OC(=O)CCCCC(*)=O,45.0
*OC(=O)c1ccc(C(*)=O)c(O)c1O,150.0
*OC(=O)c1ccc(C(=O)CNc2ccc(C(*)=S)cc2)cc1,110.0
*OC(=O)c1ccc(C(=O)N/C=C/c2ccc(*)cc2C)cc1,130.0
*OC(=O)c1ccc(C(=O)NCCCCCCNC(=O)/C=C/CC(=O)Nc2ccc(*)cc2)cc1,95.0
*OC(=O)c1ccc(C(=O)NCCCCCNC(=O)CCCCCCCCCCC(=O)NCCCCCOC(=O)c2ccc(S(*)=O)cc2)cc1,45.0
*OC(=O)c1ccc(C(=O)NCCNC(=O)c2cccc(C(=O)O*)c2)cc1,150.0
*OC(=O)c1ccc(C(=O)NCc2ccc(O*)cc2)cc1,140.0
*OC(=O)c1ccc(C(=O)NNC(=O)c2ccc(C(*)=O)cc2)cc1,180.0
*OC(=O)c1ccc(C(=O)OC(=O)c2ccc(-c3ccc(C(=O)Oc4ccc(OCCCCCCCCCCCCCCCCOC(*)=O)cc4)cc3C(=O)NCCC(=O)O)cc2)cc1,65.0
*OC(=O)c1ccc(C(=O)OC(=O)c2ccc(NC(=O)CSc3ccc(*)cc3-c3ccccc3)cc2)cc1,165.0
*OC(=O)c1ccc(C(=O)OC(=O)c2cccc(C(=O)S(=O)(=O)c3cccc(C(*)=O)c3)c2)cc1,210.0
*OC(=O)c1ccc(C(=O)OCCCCCCCCCCOC(=O)c2ccc(C(*)=O)cc2)c(Cl)c1,35.0
*OC(=O)c1ccc(C(=O)OCCCCCCOC(=O)c2ccc(NC(=O)CN3C(=O)c4ccc(*)cc4C3=O)cc2)cc1,130.0
*OC(=O)c1ccc(C(=O)OCCCCCOC(=O)c2ccc(C(=O)OC(=O)Nc3cccc(*)n3)cc2)cc1,65.0
*OC(=O)c1ccc(C(=O)OCCC[Si](C)(CC)O[Si](C)(C)O[Si](C)(C)OC(C)O*)cc1,-30.0
*OC(=O)c1ccc(C(=O)OCCN(CCOC(=O)c2ccc(*)cc2)c2ccc(C(=O)OCCCC)cc2)cc1,45.0
*OC(=O)c1ccc(C(=O)OCCOc2ccc(OC(=O)CCCCCCCCC(*)=O)cc2)cc1,30.0
*OC(=O)c1ccc(C(=O)c2ccc(C(=O)Nc3ccc(Sc4ccc(Oc5ccc(*)cc5)cc4)cc3)cc2)cc1,155.0
*OC(=O)c1ccc(C(C)(C)c2ccc(C(*)=O)c(C)c2)cc1C,165.0
*OC(=O)c1ccc(C(C)(C)c2ccc(C(=O)OC(C)CN(*)C(=O)c3ccccc3)cc2)cc1,120.0
*OC(=O)c1ccc(C(CC(C)(C)O*)C(=O)O)cc1,100.0
*OC(=O)c1ccc(C(CC)(CCCC)c2ccc(NC(=O)CCCCC(=O)NC(CCCCCCCCCCCC)C(=O)O*)cc2)cc1,45.0
*OC(=O)c1ccc(C(CCC)c2ccc(C(*)=O)cc2)cc1,65.0
*OC(=O)c1ccc(C(CCCCCC)c2ccc(Cl)cc2)cc1*,45.0
*OC(=O)c1ccc(C=C)c(/C=C/C(=O)N(C)Nc2ccc(*)cc2)c1,145.0
*OC(=O)c1ccc(CCC(=O)NCCCc2ccc(CNC(=O)c3ccccc3-c3ccccc3Nc3ccccc3C(=O)OCCC(C)(C)COC(*)=O)cc2)cc1,95.0
*OC(=O)c1ccc(CCCCCCCCCCOc2ccc(-c3ccc(-c4nnc(*)o4)nc3)cc2)cc1,90.0
*OC(=O)c1ccc(CCc2ccc(C(C)C(*)=O)cc2)cc1,55.0
*OC(=O)c1ccc(CNC(=O)OCCCCCCOC(*)=O)cc1,15.0
*OC(=O)c1ccc(Cc2ccc(C(=O)OCC(O)CN3C(=O)c4ccc(C(*)(F)C(F)(F)F)cc4C3=O)cc2)cc1,145.0
*OC(=O)c1ccc(NC(=O)CCCCCCCCCCCCC(=O)NC(C#N)C(=O)Oc2ccc(C(*)=O)cc2)cc1,90.0
*OC(=O)c1ccc(NC(=O)Nc2ccc(Cc3ccc(NC(*)=O)cc3)cc2)cc1,190.0
*OC(=O)c1ccc(NC(=O)OCCCCOCCCCC(*)=O)cc1,45.0
*OC(=O)c1ccc(Nc2ccc(C(=O)Oc3ccc(/C=C/C(*)=O)cc3)cc2)cc1,150.0
*OC(=O)c1ccc(OC(=O)CCC(=O)OCCCCCCCCOC(=O)c2ccc(O*)cc2)cc1,15.0
*OC(=O)c1ccc(OC(=O)CCCCC(=O)OC(=O)CCC(*)=O)cc1,30.0
*OC(=O)c1ccc(OC(=O)c2ccc(NC(=O)c3cccc(C(=O)Nc4ccc(*)cc4)c3)cc2)cc1,260.0
*OC(=O)c1ccc(OCCC(C)CCCNc2ccc(C(=O)Oc3ccc(*)cc3)cc2)cc1,65.0
*OC(=O)c1ccc(OCCCCCCCOc2cccc(C(*)=O)c2)cc1,20.0
*OC(=O)c1ccc(OCCCCCCOC(=O)c2ccc(C(=O)OC(=O)c3ccc(S(*)=O)cc3)cc2)cc1,45.0
*OC(=O)c1ccc(OCCCCCCOc2ccc(C(=O)Oc3ccc(C(=O)C(=O)Nc4ccc(*)cc4)cc3)cc2)cc1,110.0
*OC(=O)c1ccc(OCCOC(=O)CCCC(=O)OCCCCCCOC(=O)c2ccc(*)cc2)cc1,-20.0
*OC(=O)c1ccc(Oc2ccc(C(=O)Nc3ccc(*)cc3)cc2)cc1,195.0
*OC(=O)c1ccc(Oc2ccc(NC(=O)OCCOc3ccc(C(*)=O)cc3)cc2)c(C)c1C,120.0
*OC(=O)c1ccc(Oc2ccccc2C(=O)Oc2ccc(C(C)(C)c3ccc(*)cc3)cc2)cc1,145.0
*OC(=O)c1ccc(P(=O)(c2ccccc2)c2ccc(C(*)=O)cc2)cc1,155.0
*OC(=O)c1ccc(S(=O)(=O)CCCNC(=O)c2ccc(*)cc2)cc1,110.0
*OC(=O)c1ccc(S(=O)(=O)c2ccc(/C=C/c3ccc(*)cc3)cc2)cc1,150.0
*OC(=O)c1ccc(Sc2ccc(C(=O)Nc3ccc(*)cc3)cc2)cc1,180.0
*OC(=O)c1ccc([Si](C)(C)c2ccc(C(=*)CC)cc2)cc1,65.0
*OC(=O)c1ccc2c(c1)C(=O)N(c1ccc(Cc3ccc(N4C(=O)c5ccc(C(*)(C(F)(F)F)C(F)(F)F)cc5C4=O)cc3)cc1)C2=O,300.0
*OC(=O)c1cccc(C(=O)NCCC(=O)Nc2ccc(/C=N/c3cccc(*)c3)cc2)c1,145.0
*OC(=O)c1cccc(C(=O)NCCCCCCCCCCCCCCNC(=O)c2ccc(C(=O)OC(*)=O)cc2)c1,65.0
*OC(=O)c1cccc(C(=O)NCCCCCCCCCCNC(=O)c2ccc(*)cc2)c1,90.0
*OC(=O)c1cccc(C(=O)NCCCCCCNC(*)=P)c1,65.0
*OC(=O)c1cccc(C(=O)NCCCCCCOC(*)=O)c1,45.0
*OC(=O)c1cccc(C(=O)Nc2cccc([2H])c2)c1*,160.0
*OC(=O)c1cccc(C(=O)OC(=O)CCCCCCC(=O)OC)c1*,-20.0
*OC(=O)c1cccc(C(=O)OC(C)COC(*)=O)c1,45.0
*OC(=O)c1cccc(C(=O)OC)c1*,65.0
*OC(=O)c1cccc(C(=O)OCCCCCCCNc2ccc(*)o2)c1,25.0
*OC(=O)c1cccc(C(=O)OCCCCCCOC(=O)CCCCCCCC(=O)Oc2ccc(C(=O)OCC)cc2)c1*,-20.0
*OC(=O)c1cccc(C(=O)OCCCCNC(=O)c2cccc(*)c2)c1,65.0
*OC(=O)c1cccc(C(=O)OP(=O)(COC(C)=O)O*)c1,45.0
*OC(=O)c1cccc(NC(=O)C(=O)Nc2ccccc2-c2ccccc2[Si](*)(C)C)c1,165.0
*OC(=O)c1cccc(OC(=O)c2cccc(C(*)=O)c2)c1,90.0
*OC(=O)c1ccccc1/C=C/c1ccc(C(*)=O)cc1,130.0
*OC(=O)c1ccccc1C(=O)NCCCCC(=O)Nc1c(C)cc(*)cc1Cl,110.0
*OC(=O)c1ccccc1C(=O)OC(=O)c1cccc(C(=O)NNC(=O)C(*)=O)c1,190.0
*OC(=O)c1ccccc1C(=O)OC(=O)c1ccccc1-c1ccc(*)cc1,150.0
*OC(=O)c1ccccc1C(=O)OCC(*)(C)C(=O)OCCCCCCCC,-20.0
*OC(=O)c1ccccc1C(=O)OCCCCCCCCCCOC(=O)c1ccc(C(*)=O)cc1,-20.0
*OC(=O)c1ccccc1C(=O)OCc1ccc(COC(C)(C)c2ccc(*)cc2)c(C(=O)OC)c1,65.0
*OC(=O)c1ccccc1C=*,100.0
*OC(=O)c1ccccc1OC(=O)c1ccc(C(=O)Nc2ccc(C#Cc3ccc(*)cc3)cc2)cc1,195.0
*OC(=O)c1ccccc1OC(=O)c1ccccc1NC(=O)NC(CO)CC(C)C(=O)OCC(=O)Nc1ccc(Cc2ccc(*)cc2)cc1,145.0
*OC(=S)NC(=O)c1ccc(/C(C)=N/c2ccc(/N=N/c3ccc(C(=O)Oc4ccc(C(*)=O)cc4)cc3)cc2OC)cc1,145.0
*OC(=S)Nc1ccc(COC(=O)C=CC)cc1*,45.0
*OC(=S)c1cccc(C(=O)NCCCCCCCCCCNC(=O)CCCS*)c1,-20.0
*OC(C#C)c1ccc(*)c(C)c1,90.0
*OC(C(=O)OCC)C(*)C(=O)OCCCCC,-20.0
*OC(C(=O)OCC)C(*)COc1ccc(/N=N/c2ccc(Cl)cc2)cc1,65.0
*OC(C)(C)C(C)O[Si](*)(C)C,-60.0
*OC(C)(C)COC(=O)CC(*)=O,-20.0
*OC(C)=C(*)C(=O)OCCCCCCCCC,-50.0
*OC(C)=C(O)C(O)C(*)Oc1cccc(I)c1,95.0
*OC(C)=C(O*)c1ccc(OCCOC)cc1,45.0
*OC(C)=PSC(=O)c1ccc(C(=O)c2ccc(C(=O)c3ccc(S(*)(C)C)cc3)cc2)cc1,130.0
*OC(C)C#Cc1cc(C(C)(C)C)cc(*)c1C,90.0
*OC(C)C(*)(C)C(=O)OC,60.0
*OC(C)C(*)=C(C)C,-20.0
*OC(C)C(*)CS(=O)(=O)CCC,25.0
*OC(C)C(C)C(*)C(=O)O,45.0
*OC(C)C(C)C(C)O*,-20.0
*OC(C)C(C)CCC(C)OC(=O)CCCCC(*)=O,-40.0
*OC(C)C(C)CCCCC(*)C,-40.0
*OC(C)C(C)COC(=O)Nc1ccc(Cc2ccc(C(=O)OC(C)=C(*)c3ccccc3)cc2)cc1,90.0
*OC(C)C(C)OC(*)Oc1ccc(C)cc1Cl,45.0
*OC(C)C(C)O[N+](C)(C)CCCOC(=O)N(C)C(*)=O,45.0
*OC(C)C(C)O[Si](C)(C)C[Si](*)(C)C,-70.0
*OC(C)C(C)O[Si](C)(C)O[Si](C)(C)CNC(*)=O,-30.0
*OC(C)C(O)O*,30.0
*OC(C)C=CC(CC=C)O*,-30.0
*OC(C)CC(C)CC(C)C(*)O,-30.0
*OC(C)CC(C)CNC(=O)CCCCCCCCC(=O)S*,-40.0
*OC(C)CC(O)COC(C)(C)O[Si](*)(C)C,-60.0
*OC(C)CCC(C)CCCC[Si](*)(C)[Si](C)(C)O[Si](C)(C)C,-100.0
*OC(C)CCC(C)COC(=O)N(CCCC)NC(=O)c1ccc(C(*)=O)cc1,45.0
*OC(C)CCCCC(C)CCCCCCCS(*)(=O)=O,-40.0
*OC(C)CCCCCCC(C)C(C)(C)C(*)=O,-30.0
*OC(C)CCCCOC(=O)CCCCC(*)=O,-50.0
*OC(C)CCOC(=O)CCCCCCC(=O)OCC(C(*)=O)C(F)(F)C(F)(F)C(F)(F)C(F)(F)C(F)(F)C(F)(F)C(F)(F)F,-30.0
*OC(C)CCOC(=O)CCC[Si](C)(C)CCC(*)=O,-50.0
*OC(C)CCOC(=O)NCc1ccc(-c2ccc(NC(=O)OCCCCCCOC(*)=O)cc2)cc1,45.0
*OC(C)CCOC(=O)OCCCCCCCCCCCCOC(=O)NCc1ccc(NC(*)=O)cc1,-5.0
*OC(C)CCOC(=O)c1ccc(C(=O)CCCCCCCCCCCC(=O)N2CCN(*)CC2)cc1,-20.0
*OC(C)CCOc1ccccc1C(*)=O,40.0
*OC(C)CC[Si](C)(C)O*,-100.0
*OC(C)CNC(=O)NCCCCCCCCCCCCCCCCCCCCNC(*)=O,-20.0
*OC(C)CNC(=O)c1cccc(C(=O)NCCCCCCNC(=O)c2ccc(*)cc2)c1,55.0
*OC(C)COC(*)OC(C)CC,-40.0
*OC(C)COC(=O)C(C)NC(=O)c1ccc(C(*)=O)cc1OCC,65.0
*OC(C)COC(=O)C(CC)(CCNC(=O)O)C(C)O*,25.0
*OC(C)COC(=O)C(CCC)NC(=O)CCCCCNC(=O)c1ccc(*)cc1,45.0
*OC(C)COC(=O)CCCC(*)=S,-30.0
*OC(C)COC(=O)CCCC(C)NC(=O)CCCCC(*)=O,-30.0
*OC(C)COC(=O)CCc1ccc(CC[Si](C)(C)c2ccc(C(*)=O)cc2)cc1,-10.0
*OC(C)COC(=O)NNC(*)=O,45.0
*OC(C)COC(=O)c1ccc(C(*)=O)cc1C(=O)Oc1ccc(C)cc1,65.0
*OC(C)COC(=O)c1ccc(C(C)(C)c2ccc(C(*)=O)cc2)cc1,65.0
*OC(C)COC(=O)c1ccc(NC(=O)CCCCC(=O)Nc2ccc(C(=O)OCCC[Si](C)(C)O*)cc2)cc1,25.0
*OC(C)NC(=O)c1ccc(C(=O)NCCCCCCCCCCNC(=O)c2ccc(*)cc2)cc1,90.0
*OC(C)OC(=O)CCc1ccc(C(C)(C)c2ccc(*)cc2)cc1,45.0
*OC(C)OC(=O)c1cc(*)cc(N(CC)CCC)c1,45.0
*OC(C)OC(C)(C)CCC(F)(F)C(F)(F)C(F)(F)C(*)(F)F,-20.0
*OC(C)OCC(C)CNC(*)=O,-20.0
*OC(C)O[Si](C)(C)Oc1ccc(C(*)=O)cc1,45.0
*OC(C)[PH](*)(C)CO,45.0
*OC(C)c1ccccc1C(*)C,90.0
*OC(C=*)COC(=O)NCCCCCCCCC,-40.0
*OC(C=*)OCCS(=O)(=O)Cl,45.0
*OC(C=C)COC(=O)C1CCCC(*)O1,-25.0
*OC(C=C)OC(*)=O,30.0
*OC(C=C=C(C)C)C(*)(C)C,45.0
*OC(CC(*)(C)C)c1ccccc1,65.0
*OC(CC(*)(Cl)C(F)(F)F)C(F)(F)F,90.0
*OC(CC(*)=O)C(=O)OCCCCCC(F)(F)C(F)(F)C(F)(F)C(F)(F)F,-20.0
*OC(CC(*)=O)C(CC)CCCCC(F)(F)F,-40.0
*OC(CC(C)C)C(C)(C)COC(=O)C1CCC(*)C1,15.0
*OC(CC(C)C)OC(*)Cl,-20.0
*OC(CC(C)C)OC(C)S(*)(=O)=O,25.0
*OC(CC(C)CCC(*)=O)C(=O)OC,-30.0
*OC(CC(C)O)C(*)(C#N)C#N,85.0
*OC(CC(F)(F)C(F)(F)C(F)(F)F)C(*)(F)F,45.0
*OC(CC)SC(*)=O,-20.0
*OC(CCC(*)=O)c1ccc(OCCOC)cc1,15.0
*OC(CCC(=O)OCCCCCCC)C1(*)CC(C)(C)O1,-40.0
*OC(CCC(C)(C)C)C(C)(C)SC(*)=O,-20.0
*OC(CCC(C)C)C(*)CC(C)C,-50.0
*OC(CCC)C(OC(*)=O)C(C)O,45.0
*OC(CCC)COC(*)OC(=O)c1ccccc1CF,25.0
*OC(CCC)COC(=O)NCCCCCCCCCCNC(*)=O,-20.0
*OC(CCCCC)OC(=O)c1ccc(C(*)=O)cc1OCCOCCOCCOC,-20.0
*OC(CCCCCCC)C(OC)C(*)=O,-30.0
*OC(CCCCCCCC)C(F)(F)C(F)(F)C(*)(F)F,-30.0
*OC(CCCCOC(=O)[O][Na])c1cccc(OC(=O)CCCCCCCCCCC(*)=O)c1,-30.0
*OC(CCCOC(=O)c1ccccc1)CC(*)=O,-25.0
*OC(CCO)=C(*)C#N,45.0
*OC(CCO)COC(=O)c1ccccc1C(=O)NC(C#N)C(*)=O,85.0
*OC(CCOC(=O)c1cccc(C(*)=O)c1)OC(=O)c1ccc(C(C)(C)C)cc1,45.0
*OC(CCl)CCC(=O)Nc1ccc(-c2ccc(*)cc2)cc1,85.0
*OC(CCl)OC(=O)c1cccc(C(*)=S)c1,65.0
*OC(CI)OC(=O)CCCC(*)=O,-25.0
*OC(CI)OC(C)=C(OC)OC(C)COC(=O)c1ccccc1C(*)=O,45.0
*OC(CO)(COC(*)=O)C(=O)O,90.0
*OC(CO)C(*)(C(F)(F)F)C(F)(F)F,90.0
*OC(COC(=O)CCCCC(*)=O)CSCCOCCO,-40.0
*OC(COC(=O)CCCCCCCCC(*)=O)C(=O)OC1CCCCCC1,-30.0
*OC(COC(=O)NCCSCCCSSOC(*)=O)C1CCCC[N+]1,25.0
*OC(COC(=O)c1ccccc1)C(=O)OCC1CCCOC1*,-20.0
*OC(COC(=O)c1ccccc1C(*)=O)C(C)(C)C,40.0
*OC(COC(C)=O)C(CC(*)[2H])c1ccccc1,45.0
*OC(COC)COC(*)(COCC(=O)O)C(=O)OCCCOC(C)(C)C,-20.0
*OC(COCC(*)=O)C(CC(C)C)C(C)C,-40.0
*OC(COc1ccc(-c2ccc(OC)cc2)cc1)O*,70.0
*OC(COc1ccc(/N=N/c2ccc([N+](=O)[O-])c(C(*)=O)c2)cc1)Oc1cc(C(C)(C)C)cc(C(F)(F)F)c1,130.0
*OC(COc1ccc(C(C)(C)C)cc1)c1ccc(*)cc1,60.0
*OC(COc1ccc(N=*)cc1)c1ccc(C[Si](C)(C)CCCOC(=O)c2ccc(C#N)cc2)cc1,45.0
*OC(CS(=O)(=O)OCC(C)(C)C)C(*)CCCCC(F)(F)F,-20.0
*OC(CSC(=O)NCCOCCCCCCCCSCSCC)C(*)=O,-30.0
*OC(Cl)=C(*)C[N+]C(C)=O,95.0
*OC(Cl)=C(*)Cl,90.0
*OC(Cl)C(*)=S,45.0
*OC(Cl)C(*)C(=O)Oc1ccc(OCc2ccc(Cl)cc2)c(Cl)c1,90.0
*OC(F)(F)C(F)(F)C(F)(F)C(*)(F)C(F)(F)F,70.0
*OC(F)(F)C(F)(F)C(F)(F)CCS(*)(F)OC(F)(F)F,25.0
*OC(F)(F)C(F)(F)CNC(=O)N(*)C,40.0
*OC(F)(F)CC(F)(F)C(F)(F)C(F)(F)CCC(F)(F)C(F)(F)C(F)(F)C(F)(F)CN(*)CC,-30.0
*OC(F)(F)COC(=O)CCCC(*)=O,-20.0
*OC(F)(F)COC(=O)c1cccc(C(*)=O)c1,60.0
*OC(N)CCCCCCOC(=O)c1cccc(C(*)=O)c1C,25.0
*OC(O)C(C)N[Si]C(*)(CCC(F)(F)F)C(F)(F)C(F)(F)C(F)(F)F,-20.0
*OC(O)COCC(*)(C)CCC(C)C,-40.0
*OC(O)CO[Si](C)(C)O[Si](C)(C)NC(*)=O,-50.0
*OC(O)COc1ccc(C(C)(C)c2ccc(OC(=O)c3ccc(C(*)=C(C)C#N)cc3)cc2)cc1,130.0
*OC(O)COc1ccc(C(C)(C)c2ccc([Si](*)(C)C)cc2)cc1,45.0
*OC(O)COc1ccc(C(C)(CC)c2ccc(OC(=O)OCCCCCCOC(*)=O)cc2)cc1,15.0
*OC(O*)C(=O)Oc1ccc(C)cc1,60.0
*OC(O*)C(C)(C)C,60.0
*OC(O*)c1ccc(CCCC)cc1,45.0
*OC(OC(*)COCC(C)(C)C)C(C)CC,-40.0
*OC(OC(=O)c1ccccc1)C(=O)OC(C)N(*)c1ccccc1,90.0
*OC(OC(C)=O)C(*)CC,45.0
*OC(OC(C)=O)c1ccc(NC(=O)CCCCCCC(=O)Nc2ccc(*)cc2)cc1,110.0
*OC(OCCOCCOCCOC)C(C)N(*)C(C)C,-40.0
*OC([2H])(C(*)=O)C(=O)O,90.0
*OC([2H])(F)C(F)(F)C(F)(F)O*,-60.0
*OC([2H])=C(Cl)C(C)C(*)C(=O)OC1CCCC1,85.0
*OC1(C)CCC(C(*)=O)C1,60.0
*OC1=C(C(=O)OCCN(*)c2ccc(CCCC)cc2)C=C1C#N,75.0
*OC1=CC=C(C(*)=O)C1,90.0
*OC1=CC=C(Oc2ccc(Cl)cc2)CC(NC(=O)NCCCc2ccc(OCc3ccccc3S(*)=O)cc2)C=C1,95.0
*OC1=CC=C(c2ccccc2)CC(NC(=O)c2ccc(C(=O)OC(=O)c3ccc(OCCOCCOCCOCCOCCOCCOCCOCCOCCOc4ccc(C(*)=O)cc4)cc3)cc2)C=C1,15.0
*OC1=CC=C2CC(CCC1N)N1SCCCCSC2=CC=C1*,130.0
*OC1=CC=CC1COC(*)OC1COCC1O,45.0
*OC1=C[N+]=C(*)N=C1c1ccccc1,210.0
*OC1C(*)C1C=Nc1ccccc1,120.0
*OC1C=C(C(C)(C)C)C(CC(*)(C#N)C([2H])(F)F)C1,145.0
*OC1C=CC(C)(C)C(=*)CS(=O)(=O)C1O,145.0
*OC1C=CN(C(*)=O)C=C1,120.0
*OC1CC2CC(*)CC(C)(C)C21,130.0
*OC1CCC(*)C1C(=O)OCCC(C)C,40.0
*OC1CCC(*)N1C(=O)CCC(CC)CC,45.0
*OC1CCC(CNC(=O)CC(*)=O)CC1,50.0
*OC1CCC(COC(*)=O)C(C)(C)CC1,55.0
*OC1CCC(COC(*)=S)C1,15.0
*OC1CCC(OC(=O)S*)C1,30.0
*OC1CCCCC(C(*)CO)C(OC(=O)CCCCCCCCCCCCCCC(C)(C)C)O1,-20.0
*OC1CCCCCC(*)C(O)COC1,30.0
*OC1CCOC(*)O1,-20.0
*OC1COCCCCOCCOC(*)(OCCCCCC)O1,-50.0
*OC=C(*)C(=O)OCCCCCCCCCC,-60.0
*OCC(*)COCCOCCOCCO,-60.0
*OCC(*)COc1ccc(C(=O)Oc2ccc(OCCCC)cc2)cc1,15.0
*OCC(*)OC(=O)c1ccc(OCc2ccccc2)cc1,45.0
*OCC(*)OC(=O)c1ccccc1OCC,35.0
*OCC(*)c1ccc(O)cc1,90.0
*OCC(=O)CCCCCS(=O)(=O)c1ccc(C)cc1NC(=O)O*,45.0
*OCC(=O)Nc1ccc(Cc2ccc(NC(=O)CS*)cc2)cc1,65.0
*OCC(=O)Oc1ccc(OC(=O)c2ccc(C(=O)OCCOCCOCCOC(=O)c3ccc(O*)cc3)cc2)cc1,40.0
*OCC(C)(C)COC(=O)CCCCCCCC(=O)OCC(C#N)COC(=O)c1ccccc1C(=O)O*,15.0
*OCC(C)(C)COC(=O)NC(=O)CCCCC(*)=O,15.0
*OCC(C)(C)COC(=O)c1cc(*)ccc1C(=O)OC,45.0
*OCC(C)(CCC(=O)Nc1ccc(C)c(C)c1)NC(=O)OCCOC(=O)CCCCNC(*)=O,45.0
*OCC(C)O[Si](C)(C)CCC(O)COc1ccc(-c2ccc(C(*)=O)cc2)cc1,15.0
*OCC(C)S(=O)(=O)CC(*)=O,45.0
*OCC(CCOC(=O)c1ccc(C(*)=O)cc1)C(C)(C)C,40.0
*OCC(COC(=O)c1ccc(C(=O)OCCCCCCCCCCOC(=O)c2ccc(*)cc2)cc1)c1ccccc1,5.0
*OCC(COCNC(*)=O)C(=O)CCCCC,-20.0
*OCC(F)(F)COc1ccc(C(C)(C)c2ccc(O*)c(Cl)c2)cc1Cl,95.0
*OCC(O)CN(*)c1ccc(C)cc1,45.0
*OCC(OC)C(C)COC(=O)c1ccc(C(*)=O)cc1,45.0
*OCC(OC)c1ccc(Oc2ccc(-c3ccc(*)cc3)cc2)cc1,85.0
*OCCC(C)CCCC(*)C,-60.0
*OCCC(O)COc1ccc(CC(C)CCC(*)=O)cc1,15.0
*OCCCC(=O)NCCCCCCNC(=O)CCCCCCCCCCCCCCC(=O)NCCCCCCC#CC#*,-20.0
*OCCCC(CCCCCC#N)c1ccc(-c2ccc(/C=N/N=C/c3ccc(-c4ccc(C#N)cc4)cc3)cc2)c(*)c1,95.0
*OCCCC(F)(F)C(F)(F)C(=O)N(*)C(C)C,30.0
*OCCCC(O)COC(=O)c1ccccc1C(=O)OCCN(CCOC(=O)Nc1ccc(C#N)cc1)COC(=O)Nc1cccc(NC(=O)CCCC(=O)Nc2ccc(C(=O)O*)cc2)c1,65.0
*OCCCCC(=N)c1ccccc1/C=C/S(=O)(=O)c1cccc(*)c1,85.0
*OCCCCCC(=O)NNc1ccc(Cc2ccc(NC(=O)CCCCCCC(*)=O)cc2)cc1,45.0
*OCCCCCCCCC(=O)Oc1ccc(C(C)(C)c2ccc(Oc3ccc(C(*)=O)cc3)cc2)cc1,15.0
*OCCCCCCCCCC(=O)NCCCC(=O)O*,-30.0
*OCCCCCCCCCCCCCCCCCCCCOc1ccc(OC(=O)CCCCCCCCC(=O)OCCCCCCOc2ccc(/C=C/C(=C)c3ccc(O*)cc3)cc2)cc1,-10.0
*OCCCCCCCCCCCCCCNC(=O)Cc1ccc(Cc2ccc(C(=O)O*)cc2)cc1,15.0
*OCCCCCCCCCCOC(=O)c1cc(*)ccc1C(=O)OCCCCCCCCCCCCCCCC,-40.0
*OCCCCCCCCCCOc1ccc(/C=C/c2ccc(O*)cc2)cc1,65.0
*OCCCCCCCCCC[N+](C)(C)O[Si](C)(C)O[Si](C)(C)O[Si](C)(C)O[Si](C)(C)[Si](*)(C)C,-80.0
*OCCCCCCCCCOC(=O)NCCCCCCCCCSCCCCCCNC(=O)O*,-30.0
*OCCCCCCCCOC(=O)Nc1ccc(Cc2ccc(NS(=O)(=O)O*)c(C(=O)O)c2)cc1,55.0
*OCCCCCCCCOC(=O)c1ccc(CC(=O)O*)cc1,-20.0
*OCCCCCCCCSCCCNC(=O)C(C)=C(C)CCSCCCCCC[Si](C)(C)O*,-50.0
*OCCCCCCCOCCCCO*,-70.0
*OCCCCCCNC(=O)CC(C)NC(=O)C(O)C(*)OC(=O)CCC,-20.0
*OCCCCCCOC(=O)CCCCCCCCC(=O)O*,-55.0
*OCCCCCCOC(=O)Nc1ccc(/N=N/c2ccc(C(*)=O)cc2)cc1,90.0
*OCCCCCCOC(=O)Nc1cccc(CNC(=O)O*)c1,40.0
*OCCCCCCOCC(=O)N(C)CCCCCCNC(=O)CS*,-30.0
*OCCCCCCOCCCCOC(=O)Nc1cccc(Oc2ccccc2C(=O)OCCCCOC(=O)COc2ccc(/C=N/c3ccc(O*)cc3)cc2)c1,45.0
*OCCCCCCOCOC(=O)Nc1ccc(SC(=O)S*)cc1,25.0
*OCCCCCCS(=O)(=O)CCCCC(*)=O,-20.0
*OCCCCCCSCCCCO*,-60.0
*OCCCCCOC(=O)c1ccc(C(=O)NCCCCCCCCCCNC(=O)CCCCCCCCCCCCCCCC(=O)Nc2ccc(C(*)=O)cc2)cc1,45.0
*OCCCCCOCCOC(=O)c1ccc(C(=O)S*)cc1,-20.0
*OCCCCCOc1ccc(CCCCc2ccc(/C=N/c3ccc(OC)cc3)cc2)cc1OC(=O)CCCCCCCCCC(*)=O,5.0
*OCCCCCSCCCCSCCCCS*,-60.0
*OCCCCCSSCCC[Si](*)(C)CCCC,-70.0
*OCCCCOC(=O)c1ccc(C(=O)OCCOC(=O)c2ccc(C(=O)OC(=O)CCCCC(=O)Nc3ccc(*)cc3)cc2)cc1,55.0
*OCCCCOC(=O)c1ccc(C(C)(C)c2ccc(C(=O)NCC(*)=O)cc2)cc1,65.0
*OCCCCOC(=O)c1ccccc1C(=O)OC(=O)c1ccccc1*,45.0
*OCCCCOCCCCCCSSCSCCOC(=O)c1ccc(C(=O)O*)cc1,-30.0
*OCCCCOCCCCOC(=O)c1cccc(C(=O)NCCCCCOC(=O)NCCCCCCNC(=O)c2ccc(*)cc2)c1,45.0
*OCCCCSCCCCCC(=O)OCCCCOC(=O)CCCCC(=O)OCCO*,-45.0
*OCCCOc1cccc(-c2cc(OCCCCCCCCC(*)=O)cc(OC(C)=O)c2)c1,15.0
*OCCC[PH](C)(C)CCCCCCOC(=O)c1ccc(O*)c(OC)c1,-20.0
*OCCN(CCC)C(=O)CCCCCCC(*)=O,-40.0
*OCCN(CCOC(=O)NCCCCCCCCNC(*)=O)S(=O)(=O)CCCC,-20.0
*OCCN(CCOC(=O)c1ccc(C(*)=O)cc1)OC(C)C,40.0
*OCCN(CCOC(=O)c1ccc(C(*)=O)cc1)c1ccccc1,45.0
*OCCOC(=O)C(CCCCCCCCCCOc1ccc(-c2ccc(-c3ccc(C(*)=O)cc3)cc2)cc1)COC(=O)/C=C/c1ccc([N+](=O)[O-])cc1,15.0
*OCCOC(=O)NC(=O)CCCCCOC(=O)c1ccc(CNC(=O)CCCCC(=O)NCCCCCCNC(=O)O*)cc1,15.0
*OCCOC(=O)NCCCCCCCCCNC(=O)O*,-30.0
*OCCOC(=O)Nc1ccc(C)c(C(=O)OCCCCCCCCCCCCCCCCCC(*)=O)c1,-20.0
*OCCOC(=O)OCCC(C)(C)COC(=O)NC(=O)CCCCC(=O)S*,-20.0
*OCCOC(=O)c1cc(OCCBr)cc(C(*)=O)c1,45.0
*OCCOC(=O)c1ccc(/N=C/N=C/c2ccc(COC(*)=O)cc2)cc1,65.0
*OCCOC(=O)c1ccc(C(=O)OCCCCCCCCOC(=O)c2ccc(C(*)=O)cc2)cc1,-10.0
*OCCOC(=O)c1ccc(CC(=O)OC)c(C(*)=O)c1,55.0
*OCCOC(=O)c1ccc(NC(=O)/C=C/c2ccc(/C=C/c3ccc(Nc4ccc(*)s4)s3)cc2)cc1,150.0
*OCCOC(=O)c1ccc(NC(=O)CCCCCCC(=O)Nc2cccc(*)c2)cc1,65.0
*OCCOC(=O)c1ccc(S(=O)(=O)c2ccc(OC(=O)CCCCCCCCCCCC(*)=O)cc2)cc1,15.0
*OCCOCC(=O)NCCOCC(*)=O,-30.0
*OCCOCCCCOC(=O)C[PH](C)(C)c1ccc(Sc2ccc(C(=O)O*)cc2)cc1,-10.0
*OCCOCCOC(=O)CCCCCCCCC(=O)OCCOC(=O)c1ccc(C(*)=O)cc1,-20.0
*OCCOCCOC(=O)OC1CCCC(OC(=O)CCCCCCC(=O)OC(=O)c2ccc(O*)cc2)C1,-10.0
*OCCOCCOC(=O)c1ccc(C(=O)NCCNC(=O)c2cccc(C(=O)O*)c2)cc1,65.0
*OCCOCCOCCOC(=O)CCCCCCCCC(=O)NCCCCCCNC(=O)CCCCCCCC(=O)O*,-20.0
*OCCOCCOCCOC(=O)Nc1cccnc1C#CN(CC)C(=O)O*,35.0
*OCCOCCOCCOCCOCCOC(=O)c1ccc(C(=O)Oc2ccccc2OC(*)=O)cc1,-20.0
*OCCOCCOCCOCCOCCOCCOC(=O)CCCCCCCCC(=O)OCC/C=C/COC(=O)c1cccc(C(=O)O*)c1,-40.0
*OCCOCCOCCOCCOCCOCCOC(=O)c1ccc(CCCCCCCCCCC[Si](C)(C)c2ccc(C(*)=O)cc2)cc1,-35.0
*OCCOCCOCCOCCOc1ccc(/C=C/c2ccc(*)cc2)cc1,-20.0
*OCCOCOC(=O)CCCCC(=O)OCCCCCCOc1ccc(C(=O)Oc2ccc(C(=O)OC(C)=C(*)OC(=O)c3ccccc3-c3ccccc3)cc2)cc1,45.0
*OCCOc1ccc(C(C)(C)c2ccc(OCCCCCCC(C)CCCCC(=O)OC(OC)c3ccc(OC(=O)c4cccc(C(*)=O)c4)cc3)cc2)cc1,45.0
*OCCS(=O)(=O)CCCCC(=O)OC(C)OC(F)(F)C(F)(F)C(*)OC(F)(F)F,25.0
*OCCSCCCCCOC(=O)NCCSCCCCSCCCCCSCCCCCCNC(*)=O,-30.0
*OCCSSSSSS(=O)(=O)CC(C)(C)C[N+](C)(C)CC(=O)NC(C)c1ccc(*)nc1,85.0
*OCC[Si](C)(C)CCCOC(=O)NCCCCCCNC(=O)OCc1ccc(C(*)=O)cc1,15.0
*OCOC(=O)CCOC(=O)CCCCC(=O)OCCCCC(=O)OCCCCCCCCOc1ccc(/C=C/c2ccc(OC(=O)COCC(*)=O)cc2)cc1,10.0
*OCOC(=O)c1ccc(OCCCCCCCc2ccc(OCCCCOC(=O)COc3cccc(C(=O)Oc4ccc(*)cc4)c3)cc2)cc1,15.0
*OCOc1ccc(OCCCCCOC(=O)CCCCCCCCC(=O)[SH](*)(=O)CC)cc1,-20.0
*OCc1c(Cl)cc(*)c(Cl)c1Cl,130.0
*OCc1cc(F)c(OC(=O)Nc2cc(C)c(C)cc2NC(=O)NC(=O)O*)c(C#CCC(C)CC)c1,130.0
*OCc1cc(OC)c(OCC)c(*)c1O,85.0
*OCc1ccc(-c2ccc(*)cc2)c(C=Cc2ccccc2)c1C#N,190.0
*OCc1ccc(C(*)=N)cc1,90.0
*OCc1ccc(C(C)(C)c2cc(C)c(*)cc2C)cc1Cl,90.0
*OCc1ccc(CC(=O)OCCCCOC(=O)c2cccc(*)c2)cc1,15.0
*OCc1ccc(CCC(=O)OC(=O)c2ccc(*)s2)cc1,45.0
*OCc1cccc(NC(=O)O*)c1,90.0
*OCc1ccccc1NC(=O)c1cccc(NC(=O)NCCCNC(*)=O)c1,130.0
*ON(*)CCCCCCCCCCC,-60.0
*ON(*)OCCCCCCCCCCCCCCCCCCCCCCCCC,-60.0
*ON(C(*)(F)F)C(F)(F)F,60.0
*ON(C(C)(C)C)C(C)(C)C(=*)CN,90.0
*ON(C=C)SC(=O)c1ccc(N=*)cc1,120.0
*ON=*,60.0
*ONc1ccc(Cl)cc1-c1cc(*)ccc1Cl,140.0
*OP(*)(=O)Oc1ccc(C(=O)Oc2ccc(-c3ccccc3)cc2)cc1,110.0
*OP(=O)(/N=N/c1ccc(N(C)CCC(*)=O)cc1)c1ccccc1,85.0
*OP(=O)(CCC(F)(F)F)O[Si](C)(C)O[Si](C)(C)O[Si](C)(C)O[Si](C)(C)O[Si](*)(C)Oc1ccc(Br)cc1,-70.0
*OP(=O)(O)COc1ccc(C(C)(C)c2ccc(OC(=O)/C=C/c3ccc(C(*)=O)cc3)cc2)cc1,95.0
*OP(=O)(O)OCCOc1ccc(-c2ccc(OC(=O)c3cccc(C(*)=O)c3)cc2)cc1,90.0
*OP(=O)(O)O[Si](C)(C)O[Si](*)(C)CCC(F)(F)F,-60.0
*OP(=O)(O)Oc1ccc(NC(=O)c2ccc(C(=O)Nc3ccc(*)cc3C)cc2)cc1,210.0
*OP(=O)(O)c1ccc(-c2ccc(-c3ccc(C(*)=O)cc3)cc2)cc1C,180.0
*OP(=O)(O*)OC(C)CCCCCCC,-50.0
*OP(=O)(O*)OCCCCCCCCCCCCCCCC,-40.0
*OP(=O)(O*)OCCN(CC)CCOCCOCCOCCOCCO[Si](C)(C)CC,-60.0
*OP(=O)(OC(=O)CCCC(*)=O)Oc1ccc(C(C)(C)C)cc1,15.0
*OP(=O)(OC(=O)NC(C)(C)CNC(*)=O)Oc1ccc(COCC)cc1,45.0
*OP(=O)(OC)O[Si](C)(C)Oc1cc(OC)c(C#N)c(*)c1Cl,65.0
*OP(=O)(OCC)OCCCCCCCCOc1ccc(C(C)(C)c2ccc(OC(*)=O)cc2)cc1,5.0
*OP(=O)(OCC)c1ccc(N=*)cc1,120.0
*OP(=O)(OCc1ccc(*)cc1)OC(F)(F)F,45.0
*OP(=O)(OCl)OC1=C(Cl)C(*)C(=O)OC12CC1CC3CSC(=O)CC(C)(C1)C(C3)C2,145.0
*OP(=O)(OSc1ccc(/N=N/c2ccc(S(*)(=O)=O)cc2)cc1)c1ccccc1,145.0
*OP(=O)(Oc1ccc(/N=N/c2ccc(C#N)cc2)cc1)C(*)=O,130.0
*OP(=O)(Oc1ccc(/N=N/c2ccc(OCC)cc2)cc1)Oc1ccc(C(C)(C)c2ccc(*)cc2)cc1,105.0
*OP(=O)(Oc1ccc(C(*)=O)cc1)c1ccc(O)cc1,130.0
*OP(=O)(Oc1ccc(C(=O)NCCN(C)C)cc1)c1ccc(*)nc1,95.0
*OP(=O)(Oc1ccc(C(F)(F)C(F)(F)C(F)(F)C(F)(F)C(F)(F)C(*)(F)F)cc1)c1ccc(Br)cc1,95.0
*OP(=O)(Oc1ccc(C(F)(F)F)cc1)C(*)(F)Cl,90.0
*OP(=O)(Oc1ccc(C)cc1)Oc1c(Cl)c(Cl)c(*)c(Cl)c1Br,110.0
*OP(=O)(Oc1ccc(Cl)cc1)c1ccc(*)cc1,95.0
*OP(=O)(Oc1ccc(N(C)C)cc1)C(*)=O,90.0
*OP(=O)(Oc1ccc(NC(=O)c2ccc(*)cc2)cc1)c1ccccc1,145.0
*OP(=O)(Oc1ccc(OC)cc1)Oc1ccc(C(*)=O)cc1,90.0
*OP(=O)(Oc1ccc(OCC)cc1)Oc1ccc(C(*)=O)cc1,90.0
*OP(=O)(Oc1ccccc1)C(*)c1ccc(Cl)cc1Br,95.0
*OP(=O)(Oc1ccccc1)N(*)c1cccc(F)c1,95.0
*OP(=O)(Oc1ccccc1)N(C(*)=O)c1ccc(Br)cc1,105.0
*OP(=O)(Oc1ccccc1)Oc1c(C)cc(-c2cnc(*)c(-c3ccccc3)c2)cc1C(C)C,145.0
*OP(=O)(Oc1ccccc1)Oc1cc(C)c(NC(=O)c2ccc(*)cc2)cc1Br,145.0
*OS(=O)(=O)c1cc(*)cc(Cl)c1,130.0
*OS(=O)(=O)c1cc(C(=O)O)c(*)c(C)c1C,165.0
*OS(=O)(=O)c1cc(C(=O)O)ccc1*,120.0
*OS(=O)(=O)c1cc(OC)c(*)cc1C,130.0
*OS(=O)(=O)c1ccc(-c2ccc(-c3c(C)cc(C(C)(C)c4cc(N=*)c(C)c(C)c4C)cc3C)cc2C)cc1C,210.0
*OS(=O)(=O)c1ccc(-c2ccc(NC(=O)CCCCCCCCC(*)=O)cc2)cc1,65.0
*OS(=O)(=O)c1ccc(/C=C2/COC(*)C2)cc1,90.0
*OS(=O)(=O)c1ccc(/N=N/c2ccc(C(=O)SS*)cc2)cc1,95.0
*OS(=O)(=O)c1ccc(C(*)=O)cc1CCC(C)C,65.0
*OS(=O)(=O)c1ccc(C(=O)CCCc2ccc(*)cc2)cc1C(=O)O,95.0
*OS(=O)(=O)c1ccc(C(=O)NC(C=CC(=*)CC)CC)cc1,120.0
*OS(=O)(=O)c1ccc(C(O)(C(=O)O)c2ccc(/N=N/c3ccc(NC(=O)CCCCC(=O)Nc4ccc(C(*)=O)cc4)cc3)cc2)cc1,145.0
*OS(=O)(=O)c1ccc(Cc2ccc(NC(=O)/C(C)=C/c3ccc(*)cc3)cc2)cc1,165.0
*OS(=O)(=O)c1ccc(NC(=O)CCCCCCC(=O)Nc2ccc(S(=O)(=O)c3ccc(*)cc3)cc2)cc1,130.0
*OS(=O)(=O)c1ccc(NC(=O)c2ccc(C(*)=O)cc2Sc2ccccc2)cc1,210.0
*OS(=O)(=O)c1ccc(OCc2ccc(C)c(*)c2)cc1,90.0
*OS(=O)(=O)c1ccc(Oc2ccc(C(NC(C)=O)C(*)=S)cc2)cc1,120.0
*OS(=O)(=O)c1ccc(Oc2ccc(Oc3ccc(C(C)(C)c4ccc(C(*)=O)cc4)cc3)cc2)cc1,145.0
*OS(=O)(=O)c1ccc(Oc2ccc([Si](c3ccccc3)c3ccc(Oc4ccc(*)cc4)cc3)cc2)cc1,150.0
*OS(=O)(=O)c1ccc(Sc2ccc(NC(=O)Cc3ccc(C(*)=O)cc3OC)cc2)cc1,145.0
*OS(=O)(=O)c1ccc(Sc2ccc(S(=O)(=O)Oc3ccc(Cc4ccc(*)cc4)cc3)cc2)cc1,95.0
*OS(=O)(=O)c1ccc([Si](C)(C)O[Si](C)(C)Oc2ccc(C(*)=O)cc2)cc1C,45.0
*OS(=O)(=O)c1cccc(C(=O)NNC(=O)CCCCC(*)=O)c1,85.0
*OS(=O)(=O)c1cccc(C(=O)OCC(C)(C)c2ccc(*)cc2)c1,95.0
*OS(=O)(=S)c1ccc(Cc2ccc(Sc3ccc(S(*)(=O)=O)cc3)cc2)cc1,140.0
*OS(=O)c1ccc(*)cc1OCCCCCCCCC,25.0
*O[PH](*)(Oc1ccc(Cl)cc1)Oc1ccc(/N=N/c2ccc([N+](=O)[O-])cc2)cc1,105.0
*O[PH](C)(C)CCCNC(=O)CCCCCCCC(*)=O,-30.0
*O[PH](CCCC)=C(C)OCCN(CCC)c1ccc(*)o1,-20.0
*O[Se]P(=O)(Cl)Nc1nc(*)nc(N)n1,130.0
*O[SiH](*)c1ccccc1CC(C)COCCC,-60.0
*O[SiH](C)C#C[Si](C)(C)c1cccc(C(F)(F)C(F)(F)C(*)(F)F)c1,15.0
*O[SiH](C)Cc1ccc(*)c(Br)c1,-20.0
*O[SiH](CCCCCCCCCCCCCOc1ccc(/N=N/c2ccc(CCCCC)cc2)cc1)C(C=*)COC(C)=O,-10.0
*O[Si](*)(C#CCC=CC)N(OC(C)C)C(C)CCCCC([2H])(F)Cl,-60.0
*O[Si](*)(C#CS[Si](C)(C)C)OCCCCCC,-80.0
*O[Si](*)(C#N)CCCCCCCCCCOc1ccc(-c2ccc(Cl)cc2)cc1,-20.0
*O[Si](*)(C)C(=O)Oc1ccc(N(CC)CCCC)cc1,-20.0
*O[Si](*)(C)CCC#CCCCC,-80.0
*O[Si](*)(C)CCC(=O)OCCCCCCCCCC(F)(F)F,-110.0
*O[Si](*)(C)CCC(C)(C)C#C,-70.0
*O[Si](*)(C)CCC(C)C(=O)OCCCCCCCCCCC(=O)O,-70.0
*O[Si](*)(C)CCC(C)CCOC(=O)c1ccc(C([2H])(F)F)cc1,-30.0
*O[Si](*)(C)CCC(F)(F)C(F)(F)C(F)(F)C(F)(F)C(F)(F)C(F)(F)C(F)(F)OC(F)(F)C(F)(F)C(F)(F)C(F)(F)C(F)(F)C(F)(F)C(F)(F)C(F)(F)OC(F)(F)C(F)(F)F,-120.0
*O[Si](*)(C)CCC(F)(F)C(F)(F)C(F)(F)C(F)(F)C(F)(F)C(F)(F)Cl,-80.0
*O[Si](*)(C)CCC(Oc1ccc(C(F)(F)F)cc1)c1ccc(OC)cc1,-10.0
*O[Si](*)(C)CCCC(=O)Nc1ccc(OC(=O)c2ccc(-c3ccc([N+](=O)[O-])cc3)cc2)cc1,15.0
*O[Si](*)(C)CCCC(=O)OCCCCCCCCOC(=O)c1cc(F)ccc1Cl,-30.0
*O[Si](*)(C)CCCC(=O)OCCOCCOC(C)(C)CC,-110.0
*O[Si](*)(C)CCCC(=O)Oc1ccc(-c2ccc(-c3ccc(OC(C)=O)cc3)c(Br)c2)cc1C(C)(C)C,15.0
*O[Si](*)(C)CCCC(=O)Oc1ccc(CCCC)cc1,-70.0
*O[Si](*)(C)CCCC(C)CCCCCCCC,-125.0
*O[Si](*)(C)CCCC(CC)CC,-110.0
*O[Si](*)(C)CCCCC(=O)Nc1ccc(/N=N/c2ccccc2)cc1,10.0
*O[Si](*)(C)CCCCC(=O)Nc1ccc(C(=O)OC(C)C)cc1,-20.0
*O[Si](*)(C)CCCCC(=O)OCCOc1ccc(OC(=O)c2ccc([N+](=O)[O-])cc2)cc1,-20.0
*O[Si](*)(C)CCCCC(=O)Oc1c(C)cc(C)cc1C,-20.0
*O[Si](*)(C)CCCCC(=O)Oc1ccc(-c2ccc(-c3ccc(SCCCCCC)c(OC)c3)c(C(=O)OCC)c2)cc1,-15.0
*O[Si](*)(C)CCCCC(F)(F)C(F)(F)C(F)(F)C(F)(F)C(F)(F)C(F)(F)C(F)(F)C(F)(F)OC(F)(F)C(F)(F)F,-110.0
*O[Si](*)(C)CCCCCC(=O)OCCCCCCOc1ccc(OC(=O)c2ccccc2OC)cc1,-20.0
*O[Si](*)(C)CCCCCC(=O)Oc1ccc(OC(=O)c2ccc(OCC(C)CC)cc2)cc1,-15.0
*O[Si](*)(C)CCCCCCC(=O)Nc1ccc(-c2ccc(OC(C)=O)c([N+](=O)[O-])c2)cc1,15.0
*O[Si](*)(C)CCCCCCC(=O)OCC(C)(C)COCC,-75.0
*O[Si](*)(C)CCCCCCC(=O)OCCCCCCCCCCCCCCOC(=O)NCCCCCCCCCCOCC(F)(F)C(F)(F)F,-70.0
*O[Si](*)(C)CCCCCCC(=O)Oc1ccc(-c2ccc(F)cc2)cc1,-15.0
*O[Si](*)(C)CCCCCCC(=O)Oc1ccc(-c2ccc(OC(=O)c3ccc(OCCCCC)cc3)cc2)cc1,-20.0
*O[Si](*)(C)CCCCCCC(O)OCC(F)(F)C(F)(F)C(F)(F)C(F)(F)C(F)(F)C(F)(F)CBr,-55.0
*O[Si](*)(C)CCCCCCCCCC(=O)OCC(C)(C)c1ccc(OC(=O)c2ccccc2C(=O)OC(C)C(C)C)cc1,-20.0
*O[Si](*)(C)CCCCCCCCCC(=O)Oc1ccc(-c2ccc(OC(=O)c3ccc(OCCCCCCCC)cc3)cc2)cc1,-20.0
*O[Si](*)(C)CCCCCCCCCC(=O)Oc1ccc(C(=O)Oc2ccc(C(=O)c3ccc(OCCCCCCCCCC)cc3)cc2)c(OCCCCCCCC)c1,-20.0
*O[Si](*)(C)CCCCCCCCCCC(=O)OCCCCCCCCCCCCCCOc1ccc(/C=C/c2ccc(S(=O)(=O)c3ccc(OC)c(O)c3)cc2)cc1,-20.0
*O[Si](*)(C)CCCCCCCCCCC(=O)Oc1ccc(C(=O)Oc2ccc(CCCCCC)cc2)c(C)c1,-15.0
*O[Si](*)(C)CCCCCCCCCCC(=O)Oc1cccc(OCCNCCCCCCOc2ccc(/C=N/c3ccccc3)cc2)c1,-15.0
*O[Si](*)(C)CCCCCCCCCCCCC(=O)Oc1ccc(C(=O)Oc2ccc(-n3ccc(OC(C)=O)c3)cc2)cc1,-15.0
*O[Si](*)(C)CCCCCCCCCCCCCCCCC(=O)Oc1ccc(Cl)cc1,-55.0
*O[Si](*)(C)CCCCCCCCCCCCCCCCCCCCCCOC(F)(Cl)C([2H])(F)F,-80.0
*O[Si](*)(C)CCCCCCCCCCCCCCCCCCOc1ccc(C#N)cc1,-30.0
*O[Si](*)(C)CCCCCCCCCCCCCCCCCCOc1ccc(C(=O)Oc2ccc(OCCCC)cc2)cc1,-35.0
*O[Si](*)(C)CCCCCCCCCCCCCCCCCCOc1ccc(OCc2ccc(OCCCCCC)cc2)cc1,-60.0
*O[Si](*)(C)CCCCCCCCCCCCCCCCOc1ccc(S(=O)(=O)c2ccc(OCCCCCCC)c(C(=O)O)c2)cc1-c1ccc(OCCCC)cc1,-20.0
*O[Si](*)(C)CCCCCCCCCCCCCCOc1ccc(C(=O)Oc2ccc(-c3ccc(OC(=O)c4ccc(/C=C/C(=O)Nc5ccc(OCC(CCCC)CCCCCC)cc5)cc4)cc3)cc2)cc1,-15.0
*O[Si](*)(C)CCCCCCCCCCCCCCOc1ccc(OC(=O)c2ccc(C(=O)Oc3ccc(OCc4ccccc4)cc3)cc2)cc1,-25.0
*O[Si](*)(C)CCCCCCCCCCCCCOc1ccc(/C=C/c2ccc(/N=N/c3ccc(COC(C)CC)cc3)cc2)cc1,-15.0
*O[Si](*)(C)CCCCCCCCCCCCOc1ccc(-c2ccc(OC(=O)c3ccc(OCCCCCC)cc3)cc2)cc1,-20.0
*O[Si](*)(C)CCCCCCCCCCCCOc1ccc(C(=O)Nc2ccc(OCCCCC)cc2)cc1,-20.0
*O[Si](*)(C)CCCCCCCCCCCCOc1ccc(C(=O)Oc2ccc(-c3ccc(OC(=O)c4ccc(OCC)cc4)cc3)cc2)cc1,-20.0
*O[Si](*)(C)CCCCCCCCCCCOC(=O)Nc1ccc(C)c(S(=O)(=O)O)c1,-30.0
*O[Si](*)(C)CCCCCCCCCCCOC(=O)c1ccc(-c2ccc(C(=O)Oc3ccc(OC(=O)c4ccc(OCC)cc4)cc3)cc2)cc1,-20.0
*O[Si](*)(C)CCCCCCCCCCCOc1ccc(-c2ccc(OC)cc2)cc1,-20.0
*O[Si](*)(C)CCCCCCCCCCCOc1ccc(C(=O)OC)cn1,-75.0
*O[Si](*)(C)CCCCCCCCCCCS(=O)(=O)c1ccc(-c2ccccc2)cc1,-20.0
*O[Si](*)(C)CCCCCCCCCCCS(=O)(=O)c1ccc([N+](=O)[O-])cc1,-20.0
*O[Si](*)(C)CCCCCCCCCCN(CC(F)(F)F)C(F)(F)F,-70.0
*O[Si](*)(C)CCCCCCCCCCOC(=O)c1ccc(OCCC)c(C#N)c1,-20.0
*O[Si](*)(C)CCCCCCCCCCOc1ccc(-c2ccccc2C(=O)NC(C)C(CC)CCCC#N)c(N)c1,-15.0
*O[Si](*)(C)CCCCCCCCCCOc1ccc(C(=O)Oc2ccc(-c3cc(Cl)c(OC)c(OC)c3)cc2OCCCCCCCCCCCCCC)cc1OC,-20.0
*O[Si](*)(C)CCCCCCCCCOc1c(OC)cc(C)cc1OC,-60.0
*O[Si](*)(C)CCCCCCCCCOc1ccc(-c2ccc(C(=O)OCCCCCCCC)cc2)cc1,-30.0
*O[Si](*)(C)CCCCCCCCOc1ccc(-c2ccc(S(=O)(=O)O)c(C(C)(C)C)c2)cc1,-20.0
*O[Si](*)(C)CCCCCCCCOc1ccc(CCCCCCCCCCCCCCCCCC#N)cc1,-60.0
*O[Si](*)(C)CCCCCCCCOc1ccc(OCCCCCCCCCCCC)cc1,-70.0
*O[Si](*)(C)CCCCCCCCS(=O)(=O)Oc1ccc(C(C)(C)c2ccccc2)cc1,-20.0
*O[Si](*)(C)CCCCCCCCS(=O)(=O)Oc1ccccc1,-30.0
*O[Si](*)(C)CCCCCCCOC(=O)OCCCCCCCCCCOc1ccc(OC(=O)c2ccc(OCC(C)C)cc2)cc1,-20.0
*O[Si](*)(C)CCCCCCCOCCc1ccccc1,-80.0
*O[Si](*)(C)CCCCCCCOc1ccc(C(=O)Oc2ccc(-c3ccc(OC(C)=O)cc3)cc2)cc1C,-20.0
*O[Si](*)(C)CCCCCCCOc1ccc(C(=O)Oc2ccc(C(=O)Oc3ccc(OCCCCCCC)cc3)cc2)cc1,-20.0
*O[Si](*)(C)CCCCCCCOc1ccc(C(=O)Oc2ccc(COC(C)=O)cc2)cc1,-20.0
*O[Si](*)(C)CCCCCCCOc1ccc(C(=O)Oc2ccc(OC(=O)c3ccc(OCCCCCCCCCC)cc3)cc2)cc1Cl,-15.0
*O[Si](*)(C)CCCCCCC[N+](C)(C)CCCCCCCCCCCCCC,-70.0
*O[Si](*)(C)CCCCCCC[N+](C)(C)Oc1ccc(OC)cc1,-60.0
*O[Si](*)(C)CCCCCCN(C)c1ccc(C#C)cc1,-30.0
*O[Si](*)(C)CCCCCCOC(=O)c1cc(OC(=O)c2ccc(OCCCC)cc2)cc(C(C)(C)C)c1,-25.0
*O[Si](*)(C)CCCCCCOc1ccc(-c2cc(C)c(O)c(C(F)(F)C(F)(F)F)c2Br)cc1,15.0
*O[Si](*)(C)CCCCCCOc1ccc(-c2ccc(/N=N/c3ccc(C#N)cc3)cc2)cc1,-5.0
*O[Si](*)(C)CCCCCCOc1ccc(-c2ccc(C(=O)OCC(C)CCC(O)C([2H])(F)C(F)(F)C(F)(F)C(F)(F)F)cc2)cc1,-20.0
*O[Si](*)(C)CCCCCCOc1ccc(-c2ccc(COCCCCCCCCCC)cc2)cc1,-50.0
*O[Si](*)(C)CCCCCCOc1ccc(C(=O)OC(F)(F)C(F)(F)C(F)(F)C(F)(F)C(F)(F)C(F)(F)C(F)(F)C(F)(F)C(F)(F)C(F)(F)F)cc1,-30.0
*O[Si](*)(C)CCCCCCOc1ccc(OC(=O)CCCCCC)cc1,-30.0
*O[Si](*)(C)CCCCCCOc1ccc(OC(=O)Oc2ccc(OCCCC)cc2)cc1,-10.0
*O[Si](*)(C)CCCCCC[SH](C)(=O)C(Cl)C(F)(F)F,-50.0
*O[Si](*)(C)CCCCCCc1ccc(C)c(OC=C)c1,-60.0
*O[Si](*)(C)CCCCCCc1ccc(CNC(=O)CCCCC(=O)OCC)cc1,-35.0
*O[Si](*)(C)CCCCCOCCCCCOc1ccc(-c2ccc([N+](=O)[O-])cc2)cc1,-20.0
*O[Si](*)(C)CCCCCOCCCOCCOCCOCCOCCOc1ccc(-c2ccc(OCCCC)cc2)cc1,-50.0
*O[Si](*)(C)CCCCCOc1cc(CCCCCCCC)ccc1OCC,-70.0
*O[Si](*)(C)CCCCCOc1ccc(-c2ccc(Oc3ccc(OC)cc3)cc2)cc1,-10.0
*O[Si](*)(C)CCCCCOc1ccc(/C=C/c2ccc(/C=C/c3ccccc3)cc2)cc1,40.0
*O[Si](*)(C)CCCCCOc1ccc(C#Cc2cc(OCCC)ccc2OCCCCCCC)cc1,-20.0
*O[Si](*)(C)CCCCCOc1ccc(C(=O)Oc2ccc(-c3ccc(OC(=O)c4ccc(OC(=O)c5ccccc5)cc4)cc3)cc2)cc1,10.0
*O[Si](*)(C)CCCCCOc1ccc(C(=O)Oc2ccc(-c3ccc(OC(C)=O)cc3)cc2)cc1,15.0
*O[Si](*)(C)CCCCCOc1ccc(C(=O)Oc2ccc(/C=C/c3ccc([N+](=O)[O-])cc3)cc2)cc1,-10.0
*O[Si](*)(C)CCCCCOc1ccc(C(=O)Oc2ccc(C(=O)Oc3ccc(OCCCCC)cc3)cc2)cc1,-20.0
*O[Si](*)(C)CCCCCOc1ccc(C(=O)Oc2ccc(OCCCCOCCCCCCc3cc(C)c(OC)c(OC)c3)cc2)cc1OC,-20.0
*O[Si](*)(C)CCCCCOc1ccc(OC(=O)c2ccc(CCc3ccccc3)c(OC)c2)cc1OC,-20.0
*O[Si](*)(C)CCCCCOc1ccc(SSCC)cc1,-20.0
*O[Si](*)(C)CCCCOc1cc([Si](C)(C)C)ccc1C,-50.0
*O[Si](*)(C)CCCCOc1ccc(-c2ccc(CCOCC#N)cc2)c(O)c1,-20.0
*O[Si](*)(C)CCCCOc1ccc(C(=O)Oc2ccc(/N=N/c3ccc(NC(=O)c4ccc(OC)cc4)c(-c4ccccc4)c3)cc2)cc1,85.0
*O[Si](*)(C)CCCCOc1ccc(Cl)cc1Br,-20.0
*O[Si](*)(C)CCCCOc1ccc(OCC(F)(F)C(F)(F)C(F)(F)C(F)(F)C(F)(F)C(F)(F)C(F)(F)C([2H])(F)F)cc1,-30.0
*O[Si](*)(C)CCCCOc1ccc(S(=O)(=O)OC)cc1,-20.0
*O[Si](*)(C)CCCC[N+](C)(C)CCCCC(C)Cl,-30.0
*O[Si](*)(C)CCCC[N+](CCC)CCCCCC,-60.0
*O[Si](*)(C)CCCC[Si](C)(C)CCC,-110.0
*O[Si](*)(C)CCCC[Si](CCC)(CCCCC)CCCCCC,-110.0
*O[Si](*)(C)CCCCc1ccc(C(=O)Oc2ccc(/N=N/c3ccc(OC)cc3)cc2)cc1,-10.0
*O[Si](*)(C)CCCCc1ccc(OC(F)(F)F)c(Br)c1,-15.0
*O[Si](*)(C)CCCCc1cccc(F)c1,-80.0
*O[Si](*)(C)CCCN(CCCC)OC(=O)c1cc(C(C)(C)C)c(F)cc1Cl,-35.0
*O[Si](*)(C)CCCNC(=O)Oc1ccc(OC(=O)c2ccc(OCC(C)CC)cc2)cc1,15.0
*O[Si](*)(C)CCCOCC(F)(F)C(F)(F)C(F)(F)C(F)(F)C(F)(F)C(F)(F)C(F)(F)C(F)(F)C(F)(F)C(F)(F)C(F)(F)C(F)(F)C(F)(F)F,-110.0
*O[Si](*)(C)CCCOCCOCCOCCOCCOCCOc1ccccc1C,-70.0
*O[Si](*)(C)CCCOCCOCCOCCOCCOc1ccc(C(=O)Oc2ccc(C#N)cc2)cc1,-20.0
*O[Si](*)(C)CCCOCCOCCOc1ccc(C(=O)OCCOc2ccc(N(C)C)cc2)cc1,-20.0
*O[Si](*)(C)CCCOCCOc1ccc2ccccc2c1,-20.0
*O[Si](*)(C)CCCOc1cc(Br)ccc1Cl,-30.0
*O[Si](*)(C)CCCOc1ccc(-c2ccc(-c3ccc(OCCCCCCCC)cc3)cc2)cc1,-20.0
*O[Si](*)(C)CCCOc1ccc(-c2ccc(C(=O)Oc3ccc(C(=O)Oc4ccccc4)cc3)cc2)cc1,10.0
*O[Si](*)(C)CCCOc1ccc(-c2ccc(C(=O)Oc3ccc(C(=O)c4ccc(OC)cc4)cc3)cc2)cc1,15.0
*O[Si](*)(C)CCCOc1ccc(-c2ccc(OC(=O)C(O)(OC)N(C)C)cc2)cc1,-10.0
*O[Si](*)(C)CCCOc1ccc(-c2ccc(OC)c(OCCCCCCCCC)c2)cc1OC(=O)CCCCCCCCCC(C)(C)C,-35.0
*O[Si](*)(C)CCCOc1ccc(-c2ccc(OCC(C)C)cc2)cc1,-20.0
*O[Si](*)(C)CCCOc1ccc(-c2ccc(OCCCCCCCCCCC)cc2)cc1,-20.0
*O[Si](*)(C)CCCOc1ccc(-c2ccccc2)cc1Cl,-15.0
*O[Si](*)(C)CCCOc1ccc(/C=C/CC(=O)Nc2ccc(-c3ccc(C)cc3)cc2)cc1,5.0
*O[Si](*)(C)CCCOc1ccc(/N=N/c2ccc(C(=O)Oc3ccc(C(=O)O)cc3)cc2)c(C(=O)OCCC)c1,15.0
*O[Si](*)(C)CCCOc1ccc(/N=N/c2ccc(OCC)cc2)cc1,-20.0
*O[Si](*)(C)CCCOc1ccc(C(=O)NCCCC)cc1C,-20.0
*O[Si](*)(C)CCCOc1ccc(C(=O)Oc2ccc(-c3ccc(C)cc3)cc2)cc1,-20.0
*O[Si](*)(C)CCCOc1ccc(C(=O)Oc2ccc(-c3ccc(OC(=O)c4ccc(OCCCCCCCCOc5ccc(/C=N/c6ccc(OC)cc6)cc5)nc4-c4ccc(OCCCCCCCCCCCC)cc4)cc3)cc2)cc1,-20.0
*O[Si](*)(C)CCCOc1ccc(C(=O)Oc2ccc(C(=O)OCC)cc2)cc1,-20.0
*O[Si](*)(C)CCCOc1ccc(C(=O)Oc2ccc(C(=O)Oc3ccc(OC(=O)c4ccc(OCCCCCC)cc4C)cc3)cc2)cc1,10.0
*O[Si](*)(C)CCCOc1ccc(C(=O)Oc2ccc(CO)cc2)cc1,-10.0
*O[Si](*)(C)CCCOc1ccc(C(=O)Oc2ccc(OC(F)(F)F)cc2)cc1,-10.0
*O[Si](*)(C)CCCOc1ccc(C(=O)Oc2ccc(OCCCCCCC)cc2)cc1,-20.0
*O[Si](*)(C)CCCOc1ccc(C(=O)Oc2ccccc2C(=O)O)cc1,-10.0
*O[Si](*)(C)CCCOc1ccc(C(=O)c2ccc(OC(F)(F)F)cc2)cc1,-10.0
*O[Si](*)(C)CCCOc1ccc(C(=O)c2ccc(OCCCCCCCC)cc2)c(O)c1,-20.0
*O[Si](*)(C)CCCOc1ccc(C(C)(C)c2ccc(Br)cc2)cc1,-10.0
*O[Si](*)(C)CCCOc1ccc(C(C)(C)c2ccc(C(=O)Oc3ccccc3)cc2)cc1,15.0
*O[Si](*)(C)CCCOc1ccc(COCCCCCCCC)cc1,-60.0
*O[Si](*)(C)CCCOc1ccc(OC(=O)c2cc(OCC(C)CC)c(OCC(C)CCOCCOCCOCC)cc2OCCCCCC)cc1,-40.0
*O[Si](*)(C)CCCOc1ccc(OC(=O)c2ccc(OC(C)=O)cc2)cc1,-15.0
*O[Si](*)(C)CCCOc1ccc(OCCOCCOCCOCOCCOCCOCCOC)c(C#N)c1,-40.0
*O[Si](*)(C)CCCOc1ccc(S(=O)(=O)c2ccc(OCCCC)cc2)cc1,-10.0
*O[Si](*)(C)CCCOc1ccc2c(c1)-c1ccccc1-2,-10.0
*O[Si](*)(C)CCC[N+](C)(C)CCCCCC,-70.0
*O[Si](*)(C)CCN(C)c1ccc(F)cc1,-50.0
*O[Si](*)(C)CCOc1ccc(C(=O)Oc2ccc(/N=N/c3ccccc3)cc2)cc1,15.0
*O[Si](*)(C)CC[CH2][Sn]([CH3])([CH3])[CH2]c1ccccc1,-60.0
*O[Si](*)(C)CC[Si](C)(C)CCCOc1ccc(-c2ccc(C(F)(F)F)cc2)cc1,-20.0
*O[Si](*)(C)CCc1cc(C)c(-c2ccc(OCC)cc2)cc1OC,-20.0
*O[Si](*)(C)CCc1cc(F)cc(C(F)(F)F)c1,-60.0
*O[Si](*)(C)CCc1ccc(C(=O)OC(C)CCCCCC)cc1,-60.0
*O[Si](*)(C)CCc1ccc(C)c(C(=O)OCc2ccccc2OC#N)c1,-10.0
*O[Si](*)(C)CCc1ccc(COc2ccc(S(=O)(=O)c3ccccc3)cc2)cc1,15.0
*O[Si](*)(C)CSCCCCCCCCCCCCCC,-110.0
*O[Si](*)(C)C[Si](C)(C)CCCOc1ccc(-c2ccccc2)cc1,-20.0
*O[Si](*)(C)Cc1ccc(-c2ccccc2)c(SCC(=O)Oc2ccc(N3C(=O)c4ccccc4C3=O)c(C(C)C)c2)c1CC,95.0
*O[Si](*)(C)Cc1ccc(CCOc2ccc(/N=N/c3ccc(C#N)cc3)cc2)cc1,15.0
*O[Si](*)(C)NCCCCCCNC(=O)OCCCCC,-70.0
*O[Si](*)(C)OC(CC)CCCCCCOc1ccc(OCCCCCCCC)cc1,-70.0
*O[Si](*)(C)OC([2H])I,-40.0
*O[Si](*)(C)OCCCCCCOc1ccc(C(=O)Oc2ccc(C(=O)OCCCCOc3ccc(/C=N/c4ccc(C#N)cc4)cc3)cc2)cc1,-20.0
*O[Si](*)(C)OCCCCOc1ccc(C(=O)OC(=O)Cl)c(OC)c1,-20.0
*O[Si](*)(C)OCCOc1ccc(C(=O)Oc2ccc(-c3ccc(OC(=S)c4ccc([N+](=O)[O-])cc4)cc3)cc2)cc1,45.0
*O[Si](*)(C)O[Si](C)(C)CCCC,-120.0
*O[Si](*)(C)O[Si](C)(C)CCC[Si](C)(C)CCCOc1ccc(OC(=O)c2ccc(OCC(=O)Oc3ccc([N+](=O)[O-])cc3)cc2)cc1,-20.0
*O[Si](*)(C)O[Si](C)(C)Oc1ccc(/N=C/c2ccc(OCC(C)C)cc2)cc1,-20.0
*O[Si](*)(C)Oc1ccc(-c2ccc(C(=O)Oc3ccc(-c4ccc(OCCCCCCCC)cc4)cc3)cc2)cc1,45.0
*O[Si](*)(C)c1ccc(C(=O)N(CC)C(F)(F)C(F)(F)C(F)(F)C(F)(F)C(F)(F)C(F)(F)C(F)(F)C(F)(F)C(F)(F)F)cc1,45.0
*O[Si](*)(C)c1ccc(C(=O)Oc2ccc(F)cc2)cc1,90.0
*O[Si](*)(C)c1ccc(C(C)(C)C)cc1,40.0
*O[Si](*)(C)c1ccc(C(O)CC)cc1,15.0
*O[Si](*)(C)c1ccc(C)cn1,45.0
*O[Si](*)(C)c1ccc(CO)c(S(=O)(=O)O)c1,90.0
*O[Si](*)(C)c1ccc(CSCCCCCCC)cc1,-30.0
*O[Si](*)(C)c1ccc(O)cc1C,65.0
*O[Si](*)(C)c1ccc(OC#N)c(S(=O)(=O)[O][Na])c1,120.0
*O[Si](*)(C)c1ccc(OC)c(C)c1,45.0
*O[Si](*)(CC)CCCCCCCOC(=O)c1ccc(OCC(=O)OCC)c(O)c1,-15.0
*O[Si](*)(CC)OCC(C)CCCCC,-110.0
*O[Si](*)(CCC(F)(F)C(F)(F)C(F)F)C(F)(F)F,-60.0
*O[Si](*)(CCC)CCCCCCCCCCC[N+](C)(C)C,-80.0
*O[Si](*)(CCC)OCCCCCCCCC,-110.0
*O[Si](*)(CCC)SC(C)CCCCCCCC,-80.0
*O[Si](*)(CCC)SCCCCC,-80.0
*O[Si](*)(CCCC)CCCCCCCCCCCCC,-120.0
*O[Si](*)(CCCC)OCCCCCC,-120.0
*O[Si](*)(CCCCC)CCOc1ccc(/N=N/c2ccc(CC#N)cc2)cc1,-20.0
*O[Si](*)(CCCCC)OCCCOCCOCCOCCOCCOCCOC,-110.0
*O[Si](*)(CCCCCC(F)(F)F)C(F)(F)F,-100.0
*O[Si](*)(CCCCCC)[Si](CCCCCCCCCCCC)SCCCCCC,-110.0
*O[Si](*)(CCCCCCC)CCCCCCCC,-120.0
*O[Si](*)(CCCCCCC)OCCCCCCCCCCCCCCCCCCCCCCCCCCCCCCC,-120.0
*O[Si](*)(CCCCCCC)O[Si](C)(C)CCCCC(F)(F)C(F)(F)C(F)(F)F,-110.0
*O[Si](*)(CCCCCCCC)CCCCCCCCCCCCCCCCC,-125.0
*O[Si](*)(CCCCCCCCCC)CCCCOCCCOCCOCCOCC,-80.0
*O[Si](*)(CCCCCCCCCCCCC)OCCCCCCCC,-120.0
*O[Si](*)(CCCCCCCCCCCCCCCC)CCCCCCCCCCCCCCCCCCC,-120.0
*O[Si](*)(CCCCCCCCCCCCCCCCCC)CC(=O)Nc1ccc(C)c(C)c1,-20.0
*O[Si](*)(CCCCCCCCCOCCOCCOCCC)OCCCCCCCC,-110.0
*O[Si](*)(CCCOC(=O)OCc1ccccc1)Oc1ccc(Cl)cc1,-10.0
*O[Si](*)(CCCOc1ccc(-c2ccccc2)cc1)OCCOCCOC(C)CCCCCCCC,-60.0
*O[Si](*)(F)Cl,-20.0
*O[Si](*)(OCCCC)OC(C)C(CC)CCC,-110.0
*O[Si](*)(Oc1ccc(C(C)(c2ccccc2)c2ccccc2)cc1)c1ccccc1,140.0
*O[Si](*)(Oc1ccc(C)cc1)Oc1ccc(C(C)(C)C)cc1,90.0
*O[Si](*)(Oc1ccc(Cl)cc1)c1ccc(/N=N/c2ccc(C(C)(C)C)cc2)cc1,110.0
*O[Si](Br)(CC(*)c1ccccc1)c1ccc([N+](=O)[O-])cc1OCC,45.0
*O[Si](C)(C#N)c1c(C)c(C)c(C)c(COC(=O)CCCCC(*)=O)c1C,15.0
*O[Si](C)(C)C#C[Si](C)(C)c1ccc(*)c(Cl)c1,45.0
*O[Si](C)(C)CC(F)(F)C(F)(F)CN(*)CC,-60.0
*O[Si](C)(C)CC([2H])(NC(*)=O)OCCCC,-40.0
*O[Si](C)(C)CCC(*)CCCCCCCCCC,-110.0
*O[Si](C)(C)CCC(*)COC(F)(F)C(F)(F)C(F)(F)C(F)(F)C(F)(F)C(F)(F)C(F)(F)F,-70.0
*O[Si](C)(C)CCC(=O)OC(=O)CCCCC(*)=O,-40.0
*O[Si](C)(C)CCC(C)CCC(*)C,-110.0
*O[Si](C)(C)CCC(C)CCCOC(=O)c1ccc(C(=O)OC(=O)c2ccc(C(*)=O)cc2C)cc1,-10.0
*O[Si](C)(C)CCCC(*)O,-70.0
*O[Si](C)(C)CCCC(C)CC(C)(C)COc1ccc(C(*)=O)cc1,-20.0
*O[Si](C)(C)CCCCC(=O)Oc1ccc(C(C)(C)c2ccc(OC(=O)c3ccc(NC(=O)c4ccc(*)cc4)cc3)cc2)cc1,65.0
*O[Si](C)(C)CCCCCC(*)(C#N)COCC,-60.0
*O[Si](C)(C)CCCCCCC(*)CCCCCCC,-80.0
*O[Si](C)(C)CCCCCCC(=O)Oc1ccc(OC(=O)C(C)CC(*)=O)cc1,-20.0
*O[Si](C)(C)CCCCCCC(C)CC(C)(C)OC(C)OC(C)(C)O[Si](*)(C)CCCOc1ccc(C(=O)OCc2ccccc2)cc1,-15.0
*O[Si](C)(C)CCCCCCCCC(=O)Oc1ccc(C(C)(C)c2ccc(OC(=O)CCCCCC(*)=O)cc2)cc1,-20.0
*O[Si](C)(C)CCCCCCCCCCOc1ccc(*)cc1,-60.0
*O[Si](C)(C)CCCCCCCCN(C)CCC(O)(C(=O)OC)C(*)(C)C,-40.0
*O[Si](C)(C)CCCCCCCCO[Si](*)(C)Oc1ccc(C(F)(F)C(F)(F)C(F)(F)C(F)(F)C(F)(F)F)cc1,-60.0
*O[Si](C)(C)CCCCCCOC(=O)NCCCCCCN(C)CCOC(*)=O,-40.0
*O[Si](C)(C)CCCCCOc1ccc(-c2ccc(C(=O)OCCCCCCOC(=O)Oc3ccc(Cc4ccc(C(*)=O)cc4)cc3)cc2)cc1,15.0
*O[Si](C)(C)CCCOC(=O)/C=C/C(=O)c1ccccc1C(*)=O,-10.0
*O[Si](C)(C)CCCOC(=O)Oc1ccc(OC(=O)CCCC(*)=O)cc1,-20.0
*O[Si](C)(C)CCCOC(=O)c1ccc(C(*)=O)cc1COCCOCCOC,-40.0
*O[Si](C)(C)CCCOC(=O)c1ccc(C(=O)OC(=O)CCCCC(*)=O)cc1,-20.0
*O[Si](C)(C)CCCOC(=O)c1ccc(C(=O)OC(=O)c2ccc(C(*)=O)cc2)cc1,30.0
*O[Si](C)(C)CCCO[Si](C)(C)O[Si](C)(C)CCCOC(=O)NCCCCCCOCCOCCOCCOCC(*)(C)O,-55.0
*O[Si](C)(C)CCCOc1ccc(-c2cc(Cl)c(N(*)CCCCCCCCCCCCCC)c(OCC(CC)CCCC)c2)cc1OC,-15.0
*O[Si](C)(C)CCCOc1ccc(/N=C/c2ccc(*)cc2)cc1OC,15.0
*O[Si](C)(C)CCCOc1ccc(C(=O)OCCOC(=O)c2ccc(C(*)=O)cc2)cc1,15.0
*O[Si](C)(C)CCCOc1ccc(C(=O)OCCOCCOC(*)=O)c(F)c1F,-25.0
*O[Si](C)(C)CCOC(=O)CCCCS(=O)(=O)c1ccccc1NC(=O)Nc1ccc(C#Cc2ccc(*)cc2)cc1,95.0
*O[Si](C)(C)CC[Si](C)(C)O[Si](C)(C)O[Si](C)(C)O[Si](C)(C)O[Si](C)(C)O[Si](C)(C)O[Si](C)(C)O[Si](*)(C)Oc1c(F)cc(Cl)cc1Br,-80.0
*O[Si](C)(C)CC[Si](C)(C)O[Si](C)(C)O[Si](C)(C)O[Si](C)(C)O[Si](C)(C)c1ccc(*)cc1,-30.0
*O[Si](C)(C)CO[Si](C)(C)O[Si](C)(C)O[Si](C)(C)O[Si](C)(C)O[Si](C)(C)CCC(O)[SH](*)(F)F,-110.0
*O[Si](C)(C)C[Si](*)(C)CCCCCC(=O)OCCCC,-80.0
*O[Si](C)(C)C[Si](*)(C)CCCCS(=O)(=O)O,-30.0
*O[Si](C)(C)OC(C)(C)CCS(*)=O,-60.0
*O[Si](C)(C)OC(C)(C)O[Si](OC)O[Si](C)(C)O[Si](*)(C)CCCC,-110.0
*O[Si](C)(C)OC(C)CCCCCCOc1ccc(/C=C/c2ccc(*)cc2)cc1,-10.0
*O[Si](C)(C)OC(C)CCOC(=O)c1cc(OC(C)=O)cc(S(*)(=O)=O)c1,15.0
*O[Si](C)(C)OC(C)COC(COC(=O)c1cccc(C(*)=O)c1)C(=O)OC(Cl)=C=C(CO)CC=C,-20.0
*O[Si](C)(C)OC(C)OC(C)O[Si](*)(C)CO,-60.0
*O[Si](C)(C)OCCCCOc1ccc(-c2ccc(OC(=O)c3ccccc3C(*)=O)cc2)cc1,45.0
*O[Si](C)(C)O[Si](*)(C)CCCOC(=O)Nc1ccc(C#N)cc1,-20.0
*O[Si](C)(C)O[Si](*)(C)CCC[N+](C)C,-60.0
*O[Si](C)(C)O[Si](C)(C(=O)O)c1ccc(I)c(C(=O)c2cccc(/C=C/c3cccc(/C=C/c4ccc(*)cc4)c3)c2)c1,130.0
*O[Si](C)(C)O[Si](C)(C)CCC(*)O,-80.0
*O[Si](C)(C)O[Si](C)(C)CCCOc1cccc(*)c1O,-20.0
*O[Si](C)(C)O[Si](C)(C)NC(=O)c1cc(NC(=O)OCC)cc(*)c1O,45.0
*O[Si](C)(C)O[Si](C)(C)OC(F)(F)C(*)(F)F,-80.0
*O[Si](C)(C)O[Si](C)(C)O[Si](*)(C)CCCOc1ccc(C(=O)Oc2ccc(P)cc2)cc1,-20.0
*O[Si](C)(C)O[Si](C)(C)O[Si](C)(C)CCCCC(*)=O,-110.0
*O[Si](C)(C)O[Si](C)(C)O[Si](C)(C)CCCCCCOc1ccc(C(*)=O)cc1,-60.0
*O[Si](C)(C)O[Si](C)(C)O[Si](C)(C)C[Si](*)(C)c1ccc(F)cc1,-60.0
*O[Si](C)(C)O[Si](C)(C)O[Si](C)(C)C[Si](C)(C)O[Si](*)(C)c1ccc(-c2ccc([PH](C)(C)C)cc2)c(Br)c1Br,-15.0
*O[Si](C)(C)O[Si](C)(C)O[Si](C)(C)O[Si](*)(C)CCCCCCCCCCOc1ccc(OCCC(F)(F)C(F)(F)C(F)(F)C(F)(F)F)cc1,-60.0
*O[Si](C)(C)O[Si](C)(C)O[Si](C)(C)O[Si](*)(C)CCCCOc1ccc(-c2ccc(C(=O)OC)cc2)cc1,-20.0
*O[Si](C)(C)O[Si](C)(C)O[Si](C)(C)O[Si](*)(C)C[Si](C)(C)O[Si](C)(C)O,-120.0
*O[Si](C)(C)O[Si](C)(C)O[Si](C)(C)O[Si](*)(C)c1cccc(C)c1,-100.0
*O[Si](C)(C)O[Si](C)(C)O[Si](C)(C)O[Si](C)(C)C[Si](*)(C)CCC(F)(F)F,-110.0
*O[Si](C)(C)O[Si](C)(C)O[Si](C)(C)O[Si](C)(C)OC(C)CCCCCC(*)O,-120.0
*O[Si](C)(C)O[Si](C)(C)O[Si](C)(C)O[Si](C)(C)O[Si](*)(C)C#Cc1ccc(-c2ccccc2)cc1,-60.0
*O[Si](C)(C)O[Si](C)(C)O[Si](C)(C)O[Si](C)(C)O[Si](*)(C)CCCCCCCOc1ccc(N(c2ccccc2)c2ccccc2)cc1,-30.0
*O[Si](C)(C)O[Si](C)(C)O[Si](C)(C)O[Si](C)(C)O[Si](*)(C)CCCOOc1ccc([N+](=O)[O-])cc1Br,-40.0
*O[Si](C)(C)O[Si](C)(C)O[Si](C)(C)O[Si](C)(C)O[Si](*)(C)OCCC(F)(F)C(F)(F)C(F)F,-120.0
*O[Si](C)(C)O[Si](C)(C)O[Si](C)(C)O[Si](C)(C)O[Si](C)(C)CCCOC(=O)c1ccc(C(*)=O)cc1,-50.0
*O[Si](C)(C)O[Si](C)(C)O[Si](C)(C)O[Si](C)(C)O[Si](C)(C)CCCOc1ccc(C(C)(CC)c2ccc(OC(=O)c3cccc(C(*)=O)c3)cc2)cc1,-20.0
*O[Si](C)(C)O[Si](C)(C)O[Si](C)(C)O[Si](C)(C)O[Si](C)(C)OC(C)O[Si](*)(C)CCCCC,-120.0
*O[Si](C)(C)O[Si](C)(C)O[Si](C)(C)O[Si](C)(C)O[Si](C)(C)O[Si](*)(C)CCCOC(C)(CC)CC,-120.0
*O[Si](C)(C)O[Si](C)(C)O[Si](C)(C)O[Si](C)(C)O[Si](C)(C)O[Si](*)(C)c1ccc(OC)cc1,-80.0
*O[Si](C)(C)O[Si](C)(C)O[Si](C)(C)O[Si](C)(C)O[Si](C)(C)O[Si](C)(C)CO[Si](C)(C)c1ccc([Si](*)(C)CCCCCC)cc1,-80.0
*O[Si](C)(C)O[Si](C)(C)O[Si](C)(C)O[Si](C)(C)O[Si](C)(C)O[Si](C)(C)O[Si](*)(C)CCCCC(F)(F)C(F)(F)C(F)(F)F,-120.0
*O[Si](C)(C)O[Si](C)(C)O[Si](C)(C)O[Si](C)(C)O[Si](C)(C)O[Si](C)(C)O[Si](C)(C)O[Si](C)(C)c1ccc([Si](C)(C)O[Si](C)(C)O[Si](C)(C)O[Si](C)(C)C(*)=O)cc1,-110.0
*O[Si](C)(C)O[Si](C)(C)O[Si](C)(C)O[Si](C)(C)O[Si](C)(C)O[Si](C)(C)c1c(C)cc(-c2cc(C)c(*)c(C)c2)cc1O,-20.0
*O[Si](C)(C)O[Si](C)(C)O[Si](C)(C)O[Si](C)(C)O[Si](C)(C)O[Si](C)(OCC(C)CCCC)[Si](*)(C)C,-120.0
*O[Si](C)(C)O[Si](C)(C)O[Si](C)(C)O[Si](C)(C)O[Si](C)(C)O[Si](NC(C)(C)C)C(*)=O,-80.0
*O[Si](C)(C)O[Si](C)(C)O[Si](C)(C)O[Si](C)(C)O[Si](C)(C)Oc1cc(*)c(Cl)c(Cl)c1F,-20.0
*O[Si](C)(C)O[Si](C)(C)O[Si](C)(C)O[Si](C)(C)O[Si](C)(C)[Si](*)(C)C[N+](C)(C)C,-50.0
*O[Si](C)(C)O[Si](C)(C)O[Si](C)(C)O[Si](C)(C)O[Si](C)(CC)O[Si](*)(C)CCCCCCOCCOCCOCCOCCOc1ccc(OC(=O)C(C)(C)C)cc1,-60.0
*O[Si](C)(C)O[Si](C)(C)O[Si](C)(C)O[Si](C)(C)O[Si](C)(O)O[Si](C)(C)O[Si](C)(C)O[Si](C)(C)O[Si](C)(C)O[Si](C)(C)Oc1c(*)cc(Cl)cc1Cl,-80.0
*O[Si](C)(C)O[Si](C)(C)O[Si](C)(C)O[Si](C)(C)[Si](C)(C)O[Si](C)(C)CCCOP(=O)(c1ccccc1)c1ccccc1[Si](*)(C)c1ccc(O)cc1,-40.0
*O[Si](C)(C)O[Si](C)(C)O[Si](C)(C)O[Si](C)(C)c1ccc(*)c([N+](=O)[O-])c1,-30.0
*O[Si](C)(C)O[Si](C)(C)O[Si](C)(C)O[Si](C)(C)c1ccc(/N=N/c2ccc([PH](*)(C)C)cc2)cc1,10.0
*O[Si](C)(C)O[Si](C)(C)O[Si](C)(C)O[Si](C)(I)O[Si](*)(C)OCCOc1ccc(C(=O)[O][Na])cc1,-40.0
*O[Si](C)(C)O[Si](C)(C)O[Si](C)(C)O[Si](CC)(CC)N(C(=O)OCC)C(*)C#N,-60.0
*O[Si](C)(C)O[Si](C)(C)O[Si](C)(C)Oc1ccc(C(NC(=O)CCc2ccc(OC(*)=O)cc2)C(=O)OCCc2ccccc2)cc1,-10.0
*O[Si](C)(C)O[Si](C)(C)O[Si](C)(C)c1ccc(C(C)(C)c2ccc(NC(*)=O)c(C)c2)cc1C,45.0
*O[Si](C)(C)O[Si](C)(C)O[Si](C)(CC)OS(=O)(=O)c1ccc(*)cc1,-30.0
*O[Si](C)(C)O[Si](C)(C)O[Si](S)(C=O)c1ccc(-c2ccc(S(=O)(=O)O)c(C(*)=O)c2)cc1,45.0
*O[Si](C)(C)O[Si](C)(C)Oc1c(C)c(Br)c(*)c(F)c1F,25.0
*O[Si](C)(C)O[Si](C)(C)Oc1c(F)c(Cl)c(*)c(Cl)c1Cl,30.0
*O[Si](C)(C)O[Si](C)(C)Oc1c(F)c(F)c(*)c(Cl)c1Br,15.0
*O[Si](C)(C)O[Si](C)(C)Oc1c(F)cc(*)cc1Br,-30.0
*O[Si](C)(C)O[Si](C)(C)Oc1cc(OC(=O)c2cccnc2)c(*)cc1Br,45.0
*O[Si](C)(C)O[Si](C)(C)Oc1ccc(C=*)cc1,-20.0
*O[Si](C)(C)O[Si](C)(C)[Si](*)(Cl)Cl,-60.0
*O[Si](C)(C)O[Si](C)(C)c1cc(Br)cc(*)c1C,45.0
*O[Si](C)(C)O[Si](C)(C)c1cc(Cl)c(/C=C/c2cc(C(=O)O)c(*)cc2OC)c(OC)c1,120.0
*O[Si](C)(C)O[Si](C)(C)c1ccc(-c2cc(OC)c(OC)c(*)c2S)cc1CCCC,45.0
*O[Si](C)(C)O[Si](C)(C)c1ccc(-c2ccc(Sc3ccc(C(*)=O)cc3)c(C(F)(F)F)c2)c(F)c1,95.0
*O[Si](C)(C)O[Si](C)(C=O)OC(F)(F)C(*)(F)F,-70.0
*O[Si](C)(C)O[Si](C)(CC)O[Si](C)(C)O[Si](C)(C)O[Si](C)(C)O[Si](C)(C)C[Si](*)(C)P(=O)(CCCC)O[Si](C)(C)C,-110.0
*O[Si](C)(C)O[Si](C)(CC)O[Si](C)(C)O[Si](I)(CCC(F)(F)F)C(F)(F)C(*)(F)F,-80.0
*O[Si](C)(C)O[Si](C)(CCC(F)(F)Cl)C(*)OC(C)C,-80.0
*O[Si](C)(C)O[Si](CC(*)Oc1ccc(F)cc1)Oc1ccccc1,-20.0
*O[Si](C)(C)Oc1cc(OC)c(*)cc1OCC(CC)CC,-20.0
*O[Si](C)(C)Oc1ccc(-c2ccc(S(*)(=O)=O)c(CC)c2)cc1C,115.0
*O[Si](C)(C)Oc1ccc(C(=O)Nc2ccc(NC(=O)c3ccc(*)cc3)cc2)cc1C(=O)OCCCCCCCCCCCCCC,15.0
*O[Si](C)(C)Oc1ccc(C(C)(C)c2ccc(/N=C/c3ccc(*)cc3)cc2)cc1C,75.0
*O[Si](C)(C)Oc1ccc(C(C)(C)c2ccc(OC(=O)CCCCCCCCC(*)=O)cc2)cc1,-10.0
*O[Si](C)(C)Oc1ccc(C(C)(C)c2ccc(OC(=O)c3ccc(OC(*)=O)c(OCCCCCCCCCCCC)c3)cc2C)cc1C,15.0
*O[Si](C)(C)Oc1ccc(C(C)(C)c2ccc(OCc3ccc(*)cc3)cc2)cc1,20.0
*O[Si](C)(C)[Si](*)(C)CCCCCCCCCCCCCCCC,-120.0
*O[Si](C)(C)[Si](C)(C)O[Si](C)(C)O[Si](C)(C)OC(=O)NCC(*)=S,-60.0
*O[Si](C)(C)[Si](C)(C)c1ccc(C(O)(NC(=O)C(F)(F)F)C(*)(F)F)cc1,45.0
*O[Si](C)(C)c1c(Cl)cc(Cl)c(*)c1OCCCCCCCCCCCC,-20.0
*O[Si](C)(C)c1c(O)cc(*)cc1Br,95.0
*O[Si](C)(C)c1cc(C(F)(F)F)cc(S(*)(=O)=O)c1,95.0
*O[Si](C)(C)c1cc(C)c(/N=C/c2ccc(Br)cc2)c(*)c1C,90.0
*O[Si](C)(C)c1cc(CCC)c(*)cc1OC(=O)c1ccc([Si](C)(C)C)cc1,45.0
*O[Si](C)(C)c1ccc(/N=C/c2ccc(C(*)=O)cc2)cc1,95.0
*O[Si](C)(C)c1ccc(C(C)(C)c2cccc(C(*)=O)c2)cc1,85.0
*O[Si](C)(C)c1ccc(Cl)c(C(*)=O)c1,65.0
*O[Si](C)(C)c1ccc(OC[Si](C)(C)O[Si](C)(C)O[Si](C)(C)c2ccc(OC(*)=O)cc2)cc1,5.0
*O[Si](C)(C)c1ccc([Si](*)(C)NCC(F)(F)F)cc1,45.0
*O[Si](C)(CC(C)(C)C)Oc1cccc(C(*)=O)c1,40.0
*O[Si](C)(CC)CC(*)=O,-60.0
*O[Si](C)(CCC(F)(F)F)CC(F)(F)C(F)(F)C(F)(F)C(=O)N(*)CCCCC(=O)Oc1ccc(F)cc1,5.0
*O[Si](C)(CCC(F)(F)F)COC(F)(F)C(*)=O,-30.0
*O[Si](C)(CCC)OCC(C)O[Si](C)(C)O[Si](C)(C)c1ccc(*)cc1,-20.0
*O[Si](C)(CCCCC)CCCSC(=O)Nc1ccc(C)c(*)c1,-20.0
*O[Si](C)(CCCNC(=O)OCCCCOc1ccc(-c2ccccc2)cc1)c1ccc(/N=N/c2ccc(C(=O)OC(=O)c3cccc(*)c3)cc2)cc1,45.0
*O[Si](C)(CCOC(=O)CCCC(*)=O)C(=O)CC(C)(C)C,-50.0
*O[Si](C)(F)C(F)(F)C(F)(F)C(*)(F)F,-70.0
*O[Si](C)(Oc1ccc(C(C)=C(*)O)cc1)C(=O)OCc1ccccc1,85.0
*O[Si](C=C)(COCCOC(C)=O)c1ccc(C(=O)OCCCCOc2ccc(*)cc2)cc1,-10.0
*O[Si](CC)(CCl)CC(O)CN(C)c1ccc(C(*)=O)cc1,15.0
*O[Si](CCC(=O)OCCC)C(*)=S,-60.0
*O[Si](COc1ccc(C(C)(C)c2ccc(*)cc2)cc1)OC(C)=S,45.0
*O[Si](Cc1ccccc1)C(*)(C=C)N(C)C,-20.0
*O[Si](N[PH](=O)c1cccc(S(=O)(=O)O)c1)[Si](*)(C)c1ccc(Br)cc1,145.0
*O[Si](O)(C(F)(F)F)C(*)(F)C([2H])(F)F,-40.0
*O[Si](Oc1ccc(C(C)(C)c2cccc(C(*)(C)C)c2)cc1)OC(C)OCCCCCCC,15.0
*O[Si]([2H])(C#C)C(C)(CC)C[N+](*)(C)C,45.0
*O[Si]([PH])(CC(Cl)OC(*)Cl)OC(F)(F)C(F)(F)C(F)(F)C(F)(F)Cl,-20.0
*Oc1c(/C=C/CCOCCCCCCCC)cc(C(=O)Oc2cc(OCCCCCCCCCC)cc(C(*)=O)c2)c(C)c1C,15.0
*Oc1c(Br)cc(*)c(Br)c1Cl,130.0
*Oc1c(Br)cc(-c2cc(CCCC)c(*)nc2CCCCCC)nc1OCC(CC)CCCCCCCCCC,-10.0
*Oc1c(Br)cc(-c2ccc(*)cc2)cc1OCCCCCCCCCC,15.0
*Oc1c(Br)cc(Br)c(C(*)=O)c1C(F)(F)F,140.0
*Oc1c(Br)cc(C(*)=O)c(C(=O)OC)c1Cl,130.0
*Oc1c(Br)cc(C(*)=O)c(Cl)c1[2H],130.0
*Oc1c(Br)cc(Cc2cc(C(=O)O)c(C(*)=O)cc2OC(=O)c2ccc(C)cc2)c(C)c1C,160.0
*Oc1c(C(=O)O)ccc(C(F)(F)F)c1*,190.0
*Oc1c(C(C)C)cc(*)cc1C(C)CCCCC,25.0
*Oc1c(C)c(Cl)c(*)c(F)c1F,130.0
*Oc1c(C)cc(*)c(-c2ccccc2CC)c1O,145.0
*Oc1c(C)cc(*)cc1COCCF,90.0
*Oc1c(C)cc(*)cc1OC,150.0
*Oc1c(C)cc(-c2cc(Br)cc(C(=O)NNC(*)=O)c2)cc1C(C)C,210.0
*Oc1c(C)cc(-c2cc(C)c(OC(=O)CCCCCCCCCCC(*)=O)c(OCCCCCCCCCCCC)c2)cc1OC(C)=O,-20.0
*Oc1c(C)cc(-c2cc(C)c(OC(=O)c3ccc(Cc4cccc(C(*)=O)c4)c(Cl)c3)cc2Br)c([2H])c1Cl,145.0
*Oc1c(C)cc(-c2cc(C)c(OC(=O)c3cccc(C(*)=O)c3)c(OCCCCCCCC)c2)cc1OCCCCCCCCCCOc1ccc(OC(=O)c2ccc(OCCCC)cc2)cc1OCCOC,15.0
*Oc1c(C)cc(-c2cc(CC)c(*)c(Cl)c2Cl)cc1-c1ccccc1,190.0
*Oc1c(C)cc(-c2cc(F)c(*)c(NC(=O)[Si](C)(C)C)c2)cc1C(C)(C)C,175.0
*Oc1c(C)cc(C(C)(C)c2cc(C)c(OC(*)=O)cc2Cl)c2ccccc12,160.0
*Oc1c(C)cc(C(C)(C)c2cc(C)c(OC(=O)CCCCCCC(*)=O)c(C)c2)cc1C,45.0
*Oc1c(C)cc(C(C)(C)c2cc(Cl)cc(C(*)=O)c2)cc1OCC(CC)CCCCCCCC,45.0
*Oc1c(C)cc(C(C)(C)c2cc(OCCCC)c(OC(=O)NCCCCCCNC(*)=O)cc2Br)cc1C,55.0
*Oc1c(C)cc(C(C)(C)c2ccc(OC(*)=O)c(C)c2)cc1Cl,180.0
*Oc1c(C)cc(C)c(*)c1C#N,180.0
*Oc1c(C)cc(C=*)cc1OC(=O)c1ccccc1,130.0
*Oc1c(C)cc(CC(*)=O)cc1OC(=O)c1ccc(OCCCCC)cc1,45.0
*Oc1c(C)cc(CC(OC(C)=O)c2ccc(C(*)=O)cc2C)cc1C,85.0
*Oc1c(C)cc(Cc2cc(Br)c(OC(=O)NCC(*)=O)c(Br)c2)cc1C,130.0
*Oc1c(C)cc(Cc2cc(C)c(OC(*)=O)c(Br)c2)cc1C,130.0
*Oc1c(C)cc(Cc2cc(C)c(OC(=O)CCCCCCC(*)=O)c(OCCCC)c2)cc1OC,15.0
*Oc1c(C)cc(Cc2cc(C)cc(NC(*)=O)c2Cl)c(OC)c1C,190.0
*Oc1c(C)cc(Cc2cc(Cl)c(OC(*)=O)cc2C)cc1C,90.0
*Oc1c(C)cc(Cc2cc(OCC(CC)OCCCCCC)c(C(*)=O)cc2C)c(Cl)c1Cl,45.0
*Oc1c(C)cc(Cc2ccc(OC(=O)c3cc(F)cc(C(*)=O)c3)c(C)n2)cc1OC,130.0
*Oc1c(C)cc(OC(=O)c2ccc(OCCCCC)c(OC(=O)CCCCCCCCC(*)=O)c2)c(S(=O)(=O)O)c1N,65.0
*Oc1c(C)cc(OC(=O)c2cccc(C(*)=O)c2)cc1OCC(CC)CCCCCC,25.0
*Oc1c(C)cc(S(=O)(=O)c2cc(Cl)c(*)c(F)c2F)cc1Cl,175.0
*Oc1c(C)cc([Si](C)(C)O[Si](C)(C)Oc2ccc(*)c(CCCC)c2)cc1CC,-20.0
*Oc1c(CC(C)C)cc(*)cc1C(C)CCCCCCCCC,-20.0
*Oc1c(CCCCCCC)cc(C=*)cc1OCCCCCCCCCCCC,-20.0
*Oc1c(Cl)cc(*)cc1C(=O)OCCCC,45.0
*Oc1c(Cl)cc(-c2cc(Br)c(C(*)=O)c(F)c2F)cc1Cl,165.0
*Oc1c(Cl)cc(C(*)=O)c(Br)c1C,130.0
*Oc1c(Cl)cc(C(C)(C)c2cc(C)c(OC(*)=O)c(Br)c2Br)cc1Br,195.0
*Oc1c(Cl)cc(C(C)(CC)c2cc(C)c(*)c(Br)c2Cl)c(F)c1F,170.0
*Oc1c(Cl)cc(Cl)c(OC(=O)c2cccc(C(*)=O)c2)c1Cl,150.0
*Oc1c(Cl)cc(N(C)c2cc(*)ccc2Br)cc1Cl,190.0
*Oc1c(Cl)cc(S(=O)(=O)c2cc(C)c(N3C(=O)c4ccc(*)c(C(F)(F)F)c4C3=O)c(C)c2)cc1Br,285.0
*Oc1c(F)cc(Cc2cc(CC)c(*)c(Cl)c2F)cc1Cl,90.0
*Oc1c(N)cc(*)nc1C,190.0
*Oc1c(NC(=O)c2ccccc2)cc(OC(=O)c2cccc(C(*)=O)c2)cc1C(C)C,160.0
*Oc1c(OCCCCCC)cc(*)c(C)c1C=C,45.0
*Oc1c(OCCCCCCCCCCCCCC)cc([Si](C)(C)O*)c(O)c1CCCCCCCCC,-40.0
*Oc1c([2H])cc(-c2ccc(C(*)=O)c(OC)c2)cc1C,130.0
*Oc1cc(-c2ccccc2)c(*)cc1O,180.0
*Oc1cc(-c2ccccc2)c(OC(=O)c2ccc(OCC(C)C)cc2)cc1*,110.0
*Oc1cc(Br)c(*)c(C(C)(C)C)c1Cl,130.0
*Oc1cc(Br)cc(OC(=O)Nc2ccc(*)nc2)c1,145.0
*Oc1cc(Br)ccc1-c1ccc(-c2ccc(C(=O)c3ccc(*)cc3)cc2)cc1-c1ccccc1,195.0
*Oc1cc(C(*)=O)cc(C(=O)Oc2ccc(OCCOC(C)CC)cc2)c1CC,65.0
*Oc1cc(C(*)=O)cc(C(O)COc2ccc(OC(=O)c3ccc(OCCCCCCCCCCCCC(C)C)cc3)cc2)c1,30.0
*Oc1cc(C(=O)O)cc(*)c1CC=C,160.0
*Oc1cc(C(=O)OCCOC)c(*)cc1Br,90.0
*Oc1cc(C(C)(C)C)c(*)cc1O,180.0
*Oc1cc(C(C)(C)C)c(/C=N/c2ccc(/N=N/c3ccc(OCc4ccc(OC)cc4)cc3)cc2)c(OC(=O)CCCCCC(*)=O)c1Cl,65.0
*Oc1cc(C(C)(C)C)c(OC(=O)c2cccc(C(*)=O)c2)cc1OCC,130.0
*Oc1cc(C(C)(C)C)cc(Oc2ccc(*)cc2)c1O,130.0
*Oc1cc(C(C)C)c(Cc2cc(C)c(OC(*)=O)c(C(C)C)c2)cc1C,120.0
*Oc1cc(C(C)C)c(OC(=O)P(=O)(O*)OCCc2ccccc2)cc1OC,90.0
*Oc1cc(C)c(/C=C/c2ccc(C=*)c(OC)c2)cc1OCCCCCCCCCCCC,-10.0
*Oc1cc(C)c(OC(=O)CCCCCCCCCCCCCCC(*)=O)cc1CCCC,-20.0
*Oc1cc(C)c(OC(=O)NCCCCCCNC(*)=O)cc1OC(CC)CCCCCC,15.0
*Oc1cc(C)c(OC(=O)c2ccc(C(=O)OCCCCCCCCCCCCCCCCCCCCCCCC)cc2)c(*)c1O,-10.0
*Oc1cc(CC(=O)O)c(Br)c(*)c1C,140.0
*Oc1cc(CC(C)CC)c(*)cc1OCC(F)(F)C(F)(F)F,65.0
*Oc1cc(CC(C)CCCC)c(CCCCCC)c(CCCCC(*)=O)c1O,-15.0
*Oc1cc(CC(CC)(CCC)COC(=O)CCCCCCC(*)=O)cc(C(C)(C)CCC)c1,-20.0
*Oc1cc(CC(CC)CCCC)cc(*)c1C,30.0
*Oc1cc(CCCCC)c(/C=C/c2ccc(*)cc2)cc1OCCCCCCCCCCCC,-10.0
*Oc1cc(CCCCC)cc(*)c1C/C=C/c1ccccc1,45.0
*Oc1cc(CCCCCC)c(/C=C/c2ccc(OC(=O)OCCCCCCOCCOCCOCCOCCOC(*)=O)cc2)cc1OC,-10.0
*Oc1cc(CCCCCCCCCC(C)CC)cc(*)c1CCCC(CC)CCCCCC,-40.0
*Oc1cc(CCCCCCCCCCCC)c(/C=C(\c2ccccc2)c2ccc(*)cc2)c(C(=O)O)c1,65.0
*Oc1cc(CCCCCCCCCCCC)c(/C=N/c2ccc(*)cc2)cc1OC(C)CCC,10.0
*Oc1cc(C[N+](C)(C)C)c(-c2cc(CCCCCCCC)c(*)c(OC)c2O)cc1OCCCCCCC,45.0
*Oc1cc(N(C)C)c(Cl)c(*)c1O,190.0
*Oc1cc(NC(=O)C2=CC=C(OCCCCCCOc3ccc(/C=C/C(=O)Nc4ccc(C(*)=O)cc4)cc3)C=CC=C2c2ccccc2)ccc1-c1ccccc1,130.0
*Oc1cc(NC(=O)c2ccc(C(*)=O)c(Cl)c2)ccc1Cl,210.0
*Oc1cc(NC(=O)c2cccc(C(*)=O)c2)cc(C(C)(C)C)c1,210.0
*Oc1cc(OC(*)=O)c(C)c(C)c1C,120.0
*Oc1cc(OC(=O)/C=C/C(*)=O)c(OC)cc1OC,90.0
*Oc1cc(OC(=O)/C=C/c2ccc(OC(*)=O)cc2)ccc1C(=O)Oc1ccccc1,130.0
*Oc1cc(OC(=O)CCCC)c(C(*)=O)cc1OCCCCCCCCCCCCCC,-20.0
*Oc1cc(OC(=O)CCCCCCCCCCC(*)=O)cc(C(=O)OC)c1,15.0
*Oc1cc(OC(=O)COc2ccc(C(*)=O)c(OC)c2)ccc1OCSCCCCC,45.0
*Oc1cc(OC(=O)Nc2ccc(Cc3ccc(C(*)=O)cc3)cc2)cc(C(=O)OC)c1,140.0
*Oc1cc(OC(=O)c2cc(Br)cc(C(*)=O)c2)cc(N(C)c2ccccc2)c1,130.0
*Oc1cc(OC(=O)c2cc(OCCCCCCCCCCCC)cc(C(*)=O)c2)cc(C(=O)OCCN(CC)OC(C)=O)c1,45.0
*Oc1cc(OC(=O)c2ccc(C(*)=O)cc2)cc(C(F)(F)F)c1,140.0
*Oc1cc(OC(=O)c2ccc(OCC(COC)C(C)CC)c(OCc3ccc(*)cc3)c2)ccc1OCCOCCOC,15.0
*Oc1cc(OC(=O)c2ccc(OCC)cc2)c(OC(=O)CCCCCCCCCCCCCC(*)=O)c(OCCCCCC)c1O,-10.0
*Oc1cc(OC(=O)c2ccc(OCC)cc2)cc(OC(=O)CCCCCC(*)=O)c1Cl,45.0
*Oc1cc(OC(=O)c2ccc(OCC)cc2)cc(Oc2cccc(*)c2)c1,90.0
*Oc1cc(OC(=O)c2ccc(OCCC(C)(C)COC(*)=O)cc2)ccc1N,65.0
*Oc1cc(OC(=O)c2ccc(OCCC)cc2)c(O*)c([Si](C)(C)C)c1,90.0
*Oc1cc(OC(=O)c2ccc(OCCCC)cc2)cc(C(=O)OCc2ccccc2)c1*,65.0
*Oc1cc(OC(=O)c2ccc(OCCCCCC)cc2)c(OC(=O)CCC(*)=O)c(OC)c1O,45.0
*Oc1cc(OC(=O)c2ccc(OCCCCCC)cc2Oc2ccc(C(*)=O)cc2OC)ccc1O,65.0
*Oc1cc(OC(=O)c2ccc(OCCCCCCCC)cc2)c(OC(=O)CCCCC(*)=O)c(C)c1C,25.0
*Oc1cc(OC(=O)c2ccc(OCCCCCCCC)cc2)ccc1C(*)=O,30.0
*Oc1cc(OC(=O)c2ccc(OCCCCCCCCCC)cc2)cc(C(*)Cc2ccccc2)c1,15.0
*Oc1cc(OC(=O)c2ccc(OCCOCCOCCOCCOCCOCCOCCOCCOCCOCCOCCOCCOc3ccc(CC=*)cc3)cc2)ccc1C,-20.0
*Oc1cc(OC(=O)c2ccc(Oc3ccc(C(C)(C)c4ccc(*)cc4)cc3)cc2Oc2ccc(C(=O)OCCCC)cc2)ccc1N,120.0
*Oc1cc(OC(=O)c2cccc(C(*)=O)c2)ccc1C(=O)Oc1cccc(C=O)c1,120.0
*Oc1cc(OC(=O)c2cccc(OCCCCCC)c2)c(OC(=O)CCCCCCCCCCCC(*)=O)cc1OC(=O)c1ccccc1,15.0
*Oc1cc(OC(C)=O)c(Oc2ccc(/N=C/c3ccc(OC(*)=O)c(F)c3)cc2C)cc1C,145.0
*Oc1cc(OC(F)(CI)COc2cccc(C(*)(C)C)c2)ccc1C(=O)OCCCC,45.0
*Oc1cc(OC)c(C=*)cc1OC(=O)c1ccc(/N=N/c2ccc(C#N)cc2)cc1,145.0
*Oc1cc(OC)c(OC(=O)c2ccc(C(*)=O)cc2O)c(OC(=O)c2ccc(OCCCCCCCC)cc2)c1,45.0
*Oc1cc(OC)c(OCCCCCCCCCCCCCC)c(*)c1O,-20.0
*Oc1cc(OCC(C#N)=C(C)C(=O)OCC)cc(/C=C/C(*)=O)c1O,90.0
*Oc1cc(OCC(C)CC)cc(*)c1O,55.0
*Oc1cc(OCC(C)CCCC)c(*)cc1CO,45.0
*Oc1cc(OCCC(C)CC)cc(*)c1O,40.0
*Oc1cc(OCCC)cc(*)c1OC,40.0
*Oc1cc(OCCCC)c(OC(=O)Oc2cccc(C(*)=O)c2)cc1OCCCCCCCC,15.0
*Oc1cc(OCCCCCCCC)c(*)cc1OCC#C,15.0
*Oc1cc(OCCCCCCCCCCCCCC)c(*)cc1OCCOCCOCCC,-40.0
*Oc1cc(OCCCCCCCCCCCCCC)c(C(*)=O)cc1OCCCCCCCCCCC,-30.0
*Oc1cc(OCCCCCCCCCCCCCCC)c(*)cc1SC,-20.0
*Oc1cc(OCCCc2ccc(OC(=O)CCCCCCCCC(*)=O)cc2)c(Br)cc1-c1ccccc1,15.0
*Oc1cc(OCCOC(C)=O)c(*)cc1OC(COC(=O)C(=O)OC)C(=O)[O][Na],65.0
*Oc1cc(OCCOC)c(OCCCCCC)cc1OCCOC(=O)c1cccc(C(=O)OCc2ccc(*)cc2)c1,15.0
*Oc1cc(OCc2ccc(OC(C)COCC(*)CC)cc2)ccc1C,15.0
*Oc1cc(Oc2ccc(OC(=O)CCCCCCC(*)=O)cc2)ccc1-c1ccccc1,45.0
*Oc1cc(Oc2ccccc2)c(*)nc1COCCCCC,45.0
*Oc1cc(S(=O)(=O)c2ccc(OC)cc2)c(OC)c(*)c1O,190.0
*Oc1cc(S(=O)(=O)c2ccc(OC=COc3ccc(/N=C/c4ccc(OC)cc4)cc3)cc2)c(OC(=O)c2ccc(C(*)=O)cc2)cc1Br,165.0
*Oc1cc(SCC(=O)OCCOc2ccc(-c3ccccc3Oc3ccc(Cc4ccc(*)c(Br)c4)cc3C)cc2)ccc1-c1ccccc1,65.0
*Oc1cc(SCCCCCCCC)c(*)cc1Oc1ccccc1,15.0
*Oc1cc(Sc2cc(OCCCc3ccccc3)c(*)cc2C)ccc1C,45.0
*Oc1ccc(*)c(NC(=O)CCCCCCCCC(=O)C(C)O)c1,45.0
*Oc1ccc(*)cc1C(C)O,90.0
*Oc1ccc(*)cc1CCCCCCCCCC,15.0
*Oc1ccc(*)nc1CCCCCCCCCCCCCCCCCCCCCCCC,-40.0
*Oc1ccc(-c2cc(CCCCCCCCCC)c(*)cc2OCCOCCOc2ccc(/N=N/c3ccc([N+](=O)[O-])cc3)cc2)c(C)c1,65.0
*Oc1ccc(-c2ccc(-c3ccc(-c4ccc(-c5ccc(*)cc5)cc4)cc3)cc2)cc1,250.0
*Oc1ccc(-c2ccc(-c3ccc(-c4ccc(Oc5ccc(*)cc5)cc4)cc3)cc2)cc1,180.0
*Oc1ccc(-c2ccc(/C(C)=N/N=C(/*)c3ccccc3)cc2)cc1,155.0
*Oc1ccc(-c2ccc(/N=C/c3ccc(OC(=O)c4cc(CCCCCCCC)c(C(*)=O)c(C(C)C)c4)cc3S(=O)(=O)O)cc2)cc1,130.0
*Oc1ccc(-c2ccc(Br)c(C(*)=O)c2)c(C)c1CCCCCCCCCC,45.0
*Oc1ccc(-c2ccc(C(*)=O)cc2)cc1C(=O)Nc1ccccc1,210.0
*Oc1ccc(-c2ccc(C(*)=O)cc2)cc1C(C)(C)C,130.0
*Oc1ccc(-c2ccc(C(=O)Nc3ccc(C(=O)c4ccc(C(=O)c5ccc(*)cc5)cc4)cc3)cc2)cc1,195.0
*Oc1ccc(-c2ccc(C(=O)OCCOc3ccc(C(*)=O)cc3)cc2)cc1,100.0
*Oc1ccc(-c2ccc(C(=O)c3ccc(Oc4ccc(-c5ccc(-c6ccc(*)cc6)cc5)cc4)cc3)cc2)cc1,160.0
*Oc1ccc(-c2ccc(C(C)(C)c3ccc(Oc4ccc(-c5ccc(*)cc5)cc4)cc3)cc2)cc1,195.0
*Oc1ccc(-c2ccc(NC(=O)Nc3cccc(C(=O)Nc4ccc(*)cc4)c3)cc2)cc1,260.0
*Oc1ccc(-c2ccc(NC(=O)c3cc(OCCC(C)CC)c(C(*)=O)cc3C(C)CCCCCC)cc2)cc1,120.0
*Oc1ccc(-c2ccc(OC(=O)/C(C)=C/c3ccc(OC(=O)c4ccccc4[Si](*)(C)C)cc3)cc2)cc1,110.0
*Oc1ccc(-c2ccc(OC(=O)CC(CCC)C(*)=O)cc2)cc1,90.0
*Oc1ccc(-c2ccc(OC(=O)CCCCC(*)=O)c(C#C)c2)cc1C,65.0
*Oc1ccc(-c2ccc(OC(=O)CCCCC(=O)Oc3ccc(OC(*)=S)cc3)c([N+](=O)[O-])c2)cc1Cl,65.0
*Oc1ccc(-c2ccc(OC(=O)CCCCCCCCCC(*)=O)c(C(C)C)c2)cc1C,40.0
*Oc1ccc(-c2ccc(OC(=O)CCCCCCCCCCC(*)=O)c(C(C)=N)c2)cc1OC,45.0
*Oc1ccc(-c2ccc(OC(=O)CCCCCCCCCCCCC(*)=O)c(C(C)(C)C)c2)cc1OC,15.0
*Oc1ccc(-c2ccc(OC(=O)CCCCCCCCCCCCCCCCCCOC(*)=O)c(OCl)c2)cc1OC,-20.0
*Oc1ccc(-c2ccc(OC(=O)COCC(*)C#N)c(C(C)C)c2)cc1OC,65.0
*Oc1ccc(-c2ccc(OC(=O)Nc3ccc(C(*)=O)cc3)cc2)cc1C([2H])=O,180.0
*Oc1ccc(-c2ccc(OC(=O)OC(Cc3ccc(OC)cc3)OC(=O)c3ccc(*)cc3)cc2)cc1,145.0
*Oc1ccc(-c2ccc(OC(=O)OCC(=O)OCCCOC(*)=O)cc2)c(OC)c1,45.0
*Oc1ccc(-c2ccc(OC(=O)OCCCCCCCCCCOc3ccc(C(*)=O)c(O)c3)cc2)cc1C,45.0
*Oc1ccc(-c2ccc(OC(=O)OCCCCCCCCCOC(*)=O)cc2)cc1,45.0
*Oc1ccc(-c2ccc(OC(=O)OCCCCCCCCOc3ccc(/C=C/c4ccc(OC(=O)c5ccc(C(*)=O)cc5)cc4)cc3)cc2)cc1,95.0
*Oc1ccc(-c2ccc(OC(=O)OCCCCCOCCCOCCOC(*)=O)cc2)cc1,10.0
*Oc1ccc(-c2ccc(OC(=O)Oc3ccc(C(*)=O)c(S(=O)(=O)O)c3)cc2)cc1,195.0
*Oc1ccc(-c2ccc(OC(=O)c3cc(NC(=O)C4CC5CC6CC(CO6)CC(C5)C4=O)cc(C(=O)Nc4ccc(*)cc4)c3)cc2)cc1,280.0
*Oc1ccc(-c2ccc(OC(=O)c3cc(OC)c(OC(*)=O)c(OC)c3)cc2OC)cc1,150.0
*Oc1ccc(-c2ccc(OC(=O)c3cc(OC)c(OC)c(C(*)=O)c3)cc2S(=O)(=O)O)c(Br)c1,195.0
*Oc1ccc(-c2ccc(OC(=O)c3cc(OCCCCC)c(C(*)=O)c(OCCCCCC)c3)cc2)cc1OC,65.0
*Oc1ccc(-c2ccc(OC(=O)c3cc(OCCCCCC)c(C(*)=O)cc3C)cc2-c2ccccc2)cc1,110.0
*Oc1ccc(-c2ccc(OC(=O)c3cc(OCCCCCCCCCC)cc(C(*)=O)c3)cc2)cc1OCCCCCCCC,15.0
*Oc1ccc(-c2ccc(OC(=O)c3cc(OCCCCCCCCCCCCCCOCCCCCC)c(C(*)=O)c([N+](=O)[O-])c3)cc2-c2ccccc2)cc1OCCCCCCCCCC,45.0
*Oc1ccc(-c2ccc(OC(=O)c3ccc(*)c(C(=O)O)c3)cc2)cc1[N+](=O)[O-],200.0
*Oc1ccc(-c2ccc(OC(=O)c3ccc(C(*)=O)cc3)c(-c3ccccc3)c2)cc1,155.0
*Oc1ccc(-c2ccc(OC(=O)c3ccc(C(*)=O)cc3)c(C(=O)OCCCCCCCCCCCC)c2)cc1C(=O)OCCCCCCCCCCCCCC,10.0
*Oc1ccc(-c2ccc(OC(=O)c3ccc(C(*)=O)cc3)cc2)cc1[N+]c1ccccc1,180.0
*Oc1ccc(-c2ccc(OC(=O)c3ccc(C(*)=O)cc3)cc2Br)cc1C(=O)OCCCCCCCCCCCCCCCC,40.0
*Oc1ccc(-c2ccc(OC(=O)c3ccc(C(*)=O)cc3)cc2C(=O)CCCCCCCCCC)cc1,55.0
*Oc1ccc(-c2ccc(OC(=O)c3ccc(C(*)=O)cc3)cc2C)c(O)c1,170.0
*Oc1ccc(-c2ccc(OC(=O)c3ccc(C(*)=O)cc3C(=O)OCCCCCCCCCCCCCC)cc2)cc1,40.0
*Oc1ccc(-c2ccc(OC(=O)c3ccc(C(*)=O)cc3C)cc2OCCCCCCCCCCCCCC)cc1,15.0
*Oc1ccc(-c2ccc(OC(=O)c3ccc(C(=O)Oc4ccc(OC(=O)CCCCCCCCCCCCC(*)=O)c(C(C)C)c4)cc3)cc2)cc1,65.0
*Oc1ccc(-c2ccc(OC(=O)c3ccc(NC(=O)Nc4cc(C)c(C(*)=O)cc4OC(C)=O)cc3)cc2)cc1-c1ccc(OC)cc1,195.0
*Oc1ccc(-c2ccc(OC(=O)c3ccc(NC(=O)c4ccc(C(*)=O)cc4Oc4ccccc4)cc3)cc2)cc1,195.0
*Oc1ccc(-c2ccc(OC(=O)c3ccc(NCC(=O)Oc4ccc(C(*)=O)cc4)cc3)cc2)cc1,150.0
*Oc1ccc(-c2ccc(OC(=O)c3ccc(OC(*)=O)c(Br)c3)cc2C)cc1,150.0
*Oc1ccc(-c2ccc(OC(=O)c3ccc(OC(=O)c4ccc(OC(=O)CCCC(*)=O)cc4)cc3)cc2)cc1,110.0
*Oc1ccc(-c2ccc(OC(=O)c3ccc(OC(=O)c4ccccc4C(*)=O)cc3)cc2)c(C(C)(C)C)c1,140.0
*Oc1ccc(-c2ccc(OC(=O)c3ccc(OCCCCCCCCOc4cccc(OC(*)=O)c4)cc3)cc2)cc1,55.0
*Oc1ccc(-c2ccc(OC(=O)c3ccc(OCCCCS(*)(=O)=O)cc3)cc2)c(-c2ccccc2)c1,95.0
*Oc1ccc(-c2ccc(OC(=O)c3ccc(Oc4ccc(-c5ccc(C(C)(C)c6ccc(*)cc6)cc5)cc4)cc3)c(OCCCCC)c2)cc1OC,130.0
*Oc1ccc(-c2ccc(OC(=O)c3ccc(Oc4ccc(C(*)=O)cc4)cc3)cc2)cc1-c1ccccc1,160.0
*Oc1ccc(-c2ccc(OC(=O)c3ccc(Oc4ccc(C(C)(C)c5ccc(*)c(OC(F)(F)F)c5)cc4)cc3C(F)(F)F)cc2C)c(F)c1,185.0
*Oc1ccc(-c2ccc(OC(=O)c3ccc(Oc4ccc(C(C)CNC(=O)CCCCCC(*)=O)cc4)cc3)cc2)cc1,65.0
*Oc1ccc(-c2ccc(OC(=O)c3cccc(C(*)=O)c3)c(C(=O)O)c2)cc1C,195.0
*Oc1ccc(-c2ccc(OC(=O)c3cccc(C(*)=O)c3)c(C(C)CC)c2)cc1C,110.0
*Oc1ccc(-c2ccc(OC(=O)c3cccc(C(*)=O)c3)c(Cl)c2F)cc1,155.0
*Oc1ccc(-c2ccc(OC(=O)c3ccccc3/C=C/c3ccc(C(=O)Oc4ccc(C(*)=O)cc4)cc3)cc2)cc1Br,155.0
*Oc1ccc(-c2ccc(OCCCCCCCCCCOc3ccc(/C=C/c4ccc(*)c(OCCCOc5ccccc5)c4-c4ccccc4)cc3OC)cc2)cc1,65.0
*Oc1ccc(-c2ccc(OCCCCCCOC(=O)CCC(*)=O)cc2)cc1,45.0
*Oc1ccc(-c2ccc(OCCCCCCOc3ccc(/C=N/CCN=Cc4ccc(C(*)=O)cc4)cc3)cc2)cc1,55.0
*Oc1ccc(-c2ccc(OCCCCCOC(=O)CCCCCCCCCCC(=O)OCCC(*)C)cc2)cc1,-20.0
*Oc1ccc(-c2ccc(Oc3ccc(*)cc3)cc2)c(OC(=O)CCCCCCCCCCCCCCCCCC)c1,10.0
*Oc1ccc(-c2ccc(Oc3ccc(-c4ccc(*)cc4)cc3)cc2C(C)=O)cc1,160.0
*Oc1ccc(-c2ccc(Oc3ccc(-c4ccc(Oc5ccc(C(c6ccc(*)cc6)(C(F)(F)F)C(F)(F)F)cc5)cc4)cc3)cc2)cc1,195.0
*Oc1ccc(-c2ccc(Oc3ccc(/N=C(\C)c4ccc(*)cc4)cc3)cc2)cc1,150.0
*Oc1ccc(-c2ccc(Oc3ccc(C(*)=O)cc3)cc2)cc1OC,145.0
*Oc1ccc(-c2ccc(Oc3ccc(C(*)=O)cc3Oc3ccccc3)cc2)cc1,150.0
*Oc1ccc(-c2ccc(Oc3ccc(C(=O)c4ccc(*)c(C(F)(F)F)c4)cc3C(=O)O)c(C(C)(C)C)c2)cc1,195.0
*Oc1ccc(-c2ccc(Oc3ccc(C(=O)c4ccc(*)cc4)cc3)c(O)c2)cc1C,160.0
*Oc1ccc(-c2ccc(Oc3ccc(C(=O)c4ccc(NC(=O)CCCCCCC(=O)Oc5ccc(C(*)=O)cc5)cc4)cc3)cc2)cc1,120.0
*Oc1ccc(-c2ccc(Oc3ccc(C(=O)c4cccc(*)c4)cc3)c(C)c2)cc1,155.0
*Oc1ccc(-c2ccc(Oc3ccc(C(C)(c4ccccc4)c4cccc(C(F)(F)F)c4)c(C(=O)OC(=O)c4ccc(C(*)=O)cc4)c3)cc2)cc1,210.0
*Oc1ccc(-c2ccc(Oc3ccc(NC(=O)c4ccc(*)cc4C(=O)O)cc3)cc2)cc1,245.0
*Oc1ccc(-c2ccc(Oc3ccc(S(=O)(=O)c4ccc(Oc5ccc(*)cc5)cc4)cc3)cc2)cc1,190.0
*Oc1ccc(-c2ccc(S(=O)(=O)c3ccc(Oc4ccc(*)cc4)cc3)cc2)cc1Br,190.0
*Oc1ccc(-c2ccc(Sc3ccc(C(*)=O)cc3)cc2)cc1-c1ccccc1,145.0
*Oc1ccc(-c2cccc(C(=O)c3ccc(Oc4ccc(S(=O)(=O)c5ccc(C(=O)c6ccc(*)cc6)cc5)cc4)cc3)c2)cc1,165.0
*Oc1ccc(-c2cccc(OC(=O)CCCCCCCCCC(*)=O)c2)cc1,30.0
*Oc1ccc(-c2ccccc2Oc2ccc(Oc3ccc(*)cc3)cc2)cc1,145.0
*Oc1ccc(-c2sc(*)c(Br)c2C)cc1C,110.0
*Oc1ccc(-n2on2-c2ccc(C(*)=O)cc2Sc2ccc(C(=O)OC(C)CC)cc2)cc1,130.0
*Oc1ccc(-n2on2-c2ccc(OC(=O)c3ccc(C(C)(C)c4ccc(C(*)=O)cc4)cc3)cc2)cc1,155.0
*Oc1ccc(-n2on2-c2ccc(OCCCCCCCCOC(=O)OCC(F)(F)C(F)(F)C(*)(F)F)cc2)cc1,45.0
*Oc1ccc(-n2on2-c2ccc(Oc3ccc(C(=O)c4ccc(Oc5ccc(*)cc5)cc4)cc3)cc2)cc1,175.0
*Oc1ccc(/C(=C(\C)CC)c2ccc(OC(=O)CCCCC(*)=O)cc2)cc1,45.0
*Oc1ccc(/C(=N/c2ccc(/C=C/c3ccc(C(*)=O)cc3)cc2)c2ccccc2)cc1,180.0
*Oc1ccc(/C(=N/c2ccc([N+](=O)[O-])cc2)c2ccc(Oc3ccc(C(C)(C)c4ccc(*)cc4)cc3)cc2)c(C(F)(F)F)c1,165.0
*Oc1ccc(/C(=N\c2ccccc2)c2ccc(OCCCCCCOc3ccc(NC(=*)C)cc3)cc2)cc1,80.0
*Oc1ccc(/C(C#N)=C(\C)c2ccc(OC(=O)c3ccc(C(*)=O)cc3)cc2)cc1,165.0
*Oc1ccc(/C(C#N)=C/c2ccc(-c3ccc(-c4ccc(*)cc4)cc3)cc2)s1,180.0
*Oc1ccc(/C(C#N)=C/c2ccc(Oc3ccc(*)cc3)cc2)cc1,150.0
*Oc1ccc(/C(C)=C/C=C/c2ccc(*)cc2)cc1,130.0
*Oc1ccc(/C(C)=C/C=C/c2ccc(OC(*)=S)cc2)cc1,90.0
*Oc1ccc(/C(C)=C/c2cc(OC)c(*)cc2C)cc1,120.0
*Oc1ccc(/C(C)=C/c2ccc(OC(=O)Nc3ccc(NC(*)=O)cc3)cc2)cc1,160.0
*Oc1ccc(/C(C)=C/c2ccc(OC(=O)c3ccc(C(*)=O)cc3)cc2)cc1-c1ccc(C)cc1,145.0
*Oc1ccc(/C(C)=C/c2ccc(OC(=O)c3ccccc3C(*)=O)cc2)cc1Cl,110.0
*Oc1ccc(/C(C)=C/c2ccc(OCc3ccccc3Oc3ccc(NC(=O)c4cccc(C(*)=O)c4)cc3)cc2)cc1,145.0
*Oc1ccc(/C(C)=C/c2ccc(Oc3cc(OCCCC)c(C(*)=O)cc3OCCCCCCCC)c(C)c2)cc1CCCCCCCCCCCC,15.0
*Oc1ccc(/C(C)=C/c2ccc(Oc3ccc(-c4ccc(Oc5ccc(*)cc5)cc4)cc3)cc2)cc1,160.0
*Oc1ccc(/C(C)=N/C(=Cc2ccccc2)c2ccc(*)cc2)cc1,165.0
*Oc1ccc(/C(C)=N/C=C/c2ccc(/N=C(\C)c3ccc(OC(=O)c4ccc(C(*)=O)cc4)cc3)cc2)cc1,145.0
*Oc1ccc(/C(C)=N/CCNC(=O)CCc2cccc(S(*)(=O)=O)c2)cc1,95.0
*Oc1ccc(/C(C)=N/N=*)cc1Cl,130.0
*Oc1ccc(/C(C)=N/N=C/c2ccc(OC(=O)CCCC(*)=O)cc2)cc1OC,65.0
*Oc1ccc(/C(C)=N/[SH]=C/c2ccc(OC(=O)c3ccc(C(=O)Oc4ccc(S(*)(=O)=O)cc4)cc3)cc2)cc1,155.0
*Oc1ccc(/C(C)=N/c2ccc(-c3ccc(*)c(C(=O)OC(=O)OCCCCCCCCCCCC)c3)cc2)cc1,65.0
*Oc1ccc(/C(C)=N/c2ccc(/N=C/c3ccc(*)c(C(C)C)c3)cc2)cc1OC,130.0
*Oc1ccc(/C(C)=N/c2ccc(C(=O)OCCCCCCOC(=O)c3ccc(*)cc3)cc2)cc1,65.0
*Oc1ccc(/C(C)=N/c2ccc(OC(=O)CCCCCCC(*)=O)cc2)cc1,40.0
*Oc1ccc(/C(C)=N/c2ccccc2C(*)=O)cc1,130.0
*Oc1ccc(/C=C(\C)c2ccc(OC(=O)CC(*)=O)cc2C)c(SC)c1,65.0
*Oc1ccc(/C=C(\C)c2ccc(S(=O)(=O)c3ccc(Cc4ccc(NC(*)=O)cc4)cc3)cc2)cc1,175.0
*Oc1ccc(/C=C(\c2ccccc2)c2ccc(/C=N/CCN(C)C(=O)C(*)=O)cc2)cc1,130.0
*Oc1ccc(/C=C/C(=O)CNc2ccc(OC(=O)CC(*)=O)cc2)cc1,90.0
*Oc1ccc(/C=C/C(=O)c2ccc(C(=O)/C=C/C(=O)c3ccc(*)cc3)cc2)cc1,150.0
*Oc1ccc(/C=C/C(=O)c2ccc(C(=O)OCCCCOC(=O)c3ccc(OC(=O)c4ccc(*)cc4)cc3)cc2)cc1,65.0
*Oc1ccc(/C=C/C(=O)c2ccc(NC(=O)c3cccc(C(=O)Nc4ccc(*)cc4)c3)cc2)cc1,250.0
*Oc1ccc(/C=C/C=C/C(=O)Nc2ccc(C)c(NC(=O)c3ccc(*)cc3)c2)cc1,210.0
*Oc1ccc(/C=C/C=C/C=C(\c2ccccc2)c2ccc(OC(=O)CCCCCCCCCCCCC(*)=O)cc2)cc1,40.0
*Oc1ccc(/C=C/C=C/C=C/c2ccc(OC(=O)c3cc(CCCCCCCCCC)cc(C(*)=O)c3)c(S)c2)cc1O,45.0
*Oc1ccc(/C=C/C=C/c2ccc(C(C)(C)c3ccc(*)cc3)cc2)cc1,150.0
*Oc1ccc(/C=C/C=C/c2ccc(OC(=O)CCCCCCC(=O)OCCCCCCCCCCOC(*)=O)cc2)cc1,10.0
*Oc1ccc(/C=C/C=C/c2ccc(OC(=O)NCCCCCCCCCCNC(*)=O)c(OC)c2)cc1OC,45.0
*Oc1ccc(/C=C/C=C/c2ccc(OC(=O)Nc3ccc(C#Cc4ccc(NC(*)=O)cc4)cc3)cc2)cc1,210.0
*Oc1ccc(/C=C/C=C/c2ccc(OC(=O)c3ccc(C(*)=O)cc3)cc2)cc1C(C)C,130.0
*Oc1ccc(/C=C/C=C/c2ccc(OC(=O)c3cccc(C(*)=O)c3)cc2)c(P(=O)(O)O)c1,145.0
*Oc1ccc(/C=C/CC/C=C/c2ccc(/C=C/C(=O)c3ccc(C(=O)c4ccc(C(*)=O)cc4)cc3)cc2)cc1,90.0
*Oc1ccc(/C=C/COC(=O)c2ccc(Oc3ccc(C(*)=O)cc3)cc2)cc1,65.0
*Oc1ccc(/C=C/N=C/c2ccc(OC(=O)CCCCCCCCC(*)=O)c(-c3ccccc3)c2)cc1-c1ccccc1,65.0
*Oc1ccc(/C=C/c2ccc(C(C)(C)c3ccc(*)cc3)cc2)cc1,160.0
*Oc1ccc(/C=C/c2ccc(OC(=O)C#Cc3ccccc3C(*)=O)cc2)cc1,130.0
*Oc1ccc(/C=C/c2ccc(OC(=O)C(C)C(*)=S)cc2)cc1,90.0
*Oc1ccc(/C=C/c2ccc(OC(=O)Cc3ccc(C(*)=O)cc3)cc2)cc1,110.0
*Oc1ccc(/C=C/c2ccc(OC(=O)c3ccc(C(*)=O)cc3)cc2)cc1C[N+](C)(C)C,150.0
*Oc1ccc(/C=C/c2ccc(OC(=O)c3ccccc3O*)cc2)cc1,130.0
*Oc1ccc(/C=C/c2ccc(Oc3ccc(O*)c(-c4ccccc4)c3)cc2OCCCCCC)c(OC)c1,85.0
*Oc1ccc(/C=C/c2ccc(S(=O)(=O)CN(*)C)cc2)cc1,130.0
*Oc1ccc(/C=C2/CCCC(C(=O)c3ccc(OC(=O)CCCCCCCCC(*)=O)cc3)C2)cc1,15.0
*Oc1ccc(/C=C2C=C/C(=C(\C)c3ccc(O*)cc3)CC/2)cc1,150.0
*Oc1ccc(/C=C2\CC/C(=C\c3ccc(OC(=O)c4ccc(C(*)=O)cc4)cc3)C2=O)cc1,180.0
*Oc1ccc(/C=C2\CC/C(=C\c3ccc(OC(=O)c4ccc(C(*)=O)cc4)cc3)C2=O)cc1C,180.0
*Oc1ccc(/C=C2\CC/C(=N\CC=COCC(=*)CC)C2C(=O)OC(C)CCCCC(C)C)cc1,45.0
*Oc1ccc(/C=C2\CCC/C(=C\c3ccc(OC(=O)CCC(*)=O)cc3)CC2C)cc1,65.0
*Oc1ccc(/C=C2\CCC/C(=C\c3ccc(OC(=O)c4ccc(OC(=O)CCCCC(*)=O)cc4)cc3)C2=O)cc1,65.0
*Oc1ccc(/C=C2\CCC/C(=C\c3ccc(OC(C#N)O*)cc3)C2=O)cc1,150.0
*Oc1ccc(/C=C2\CCC/C(=C\c3ccc(OCCCCCCCCOC(=O)c4ccc(/N=N/c5ccc(C(*)=O)cc5)cc4)cc3)C2=O)cc1,55.0
*Oc1ccc(/C=N/C=C/CCCCCCCCCCCCCC/C=C/c2ccc(/N=N/c3ccccc3)cc2)c(*)c1,45.0
*Oc1ccc(/C=N/C=C/CCN=*)c(CCC)c1,45.0
*Oc1ccc(/C=N/C=C/c2ccc(/C=C/c3cccc(C(*)=O)c3)cc2Cl)cc1,145.0
*Oc1ccc(/C=N/C=C/c2ccc(/N=C/c3ccc(C(*)=O)cc3)c(C(CC)CC)c2)cc1,145.0
*Oc1ccc(/C=N/C=C/c2ccc(OC(=O)CCCCCCC(*)=O)cc2C)cc1,35.0
*Oc1ccc(/C=N/C=C/c2ccc(OC(=O)c3ccc(C(*)=O)cc3)cc2)cc1SCCCCCCCCCCCC,45.0
*Oc1ccc(/C=N/CC/C=C/C=C/c2ccc(OC(=O)CCCCCCCCCCCCC(*)=O)cc2)cc1,15.0
*Oc1ccc(/C=N/CCC/C=C/c2ccc(/C=C/[Si](C)(C)c3ccc(NC(=N)c4ccc(*)cc4)cc3)cc2)cc1,105.0
*Oc1ccc(/C=N/CCC/N=C(\[Si]c2ccccc2)c2ccc(OC(=O)Cc3ccc(C(*)=O)cc3)cc2)cc1,95.0
*Oc1ccc(/C=N/CCC/N=N/c2ccc(S(*)(=O)=O)cc2)cc1,95.0
*Oc1ccc(/C=N/CCCCCCCCCCCCC/C=C/c2ccccc2O)c(OC(=O)CCC(*)=O)c1,15.0
*Oc1ccc(/C=N/CCCCCCNC(=O)c2ccc(/C=N/c3cccc(C(*)=O)c3)cc2)cc1,110.0
*Oc1ccc(/C=N/CCCN(*)c2ccc(COCC)cc2)cc1,45.0
*Oc1ccc(/C=N/CCCNc2ccc(NC(=O)c3cc(*)ccc3-c3ccccc3)cc2)cc1,130.0
*Oc1ccc(/C=N/CCCOC(=O)c2ccc(C(*)=O)cc2)cc1C(=O)O,65.0
*Oc1ccc(/C=N/CCNC(=O)CCCCCCC(=O)N[Si](C)(C)c2ccc(*)cc2)cc1,45.0
*Oc1ccc(/C=N/N=C(\C#N)c2ccc(C(*)=S)cc2)cc1,180.0
*Oc1ccc(/C=N/N=C(\c2ccccc2)c2ccc(Oc3ccc(C(=O)c4ccccc4C(=O)c4cccc(*)c4)cc3)cc2)cc1,165.0
*Oc1ccc(/C=N/N=C/CCC(=O)Nc2ccc(OC(=O)CCCCCCCCCOC(*)=O)cc2)cc1,45.0
*Oc1ccc(/C=N/NC(=O)c2ccc(OC(=O)CCCCCCCCCCCCCCCCC(*)=O)cc2)cc1,45.0
*Oc1ccc(/C=N/[Si](*)(C)CCCCCCCC)cc1,-20.0
*Oc1ccc(/C=N/c2ccc(-c3ccc(Oc4ccc(C(=O)c5ccc(*)cc5)cc4)cc3)c(C(=O)OCCCC)c2)cc1,110.0
*Oc1ccc(/C=N/c2ccc(/C=C/c3ccc(SCc4ccccc4)cc3)cc2)cc1*,130.0
*Oc1ccc(/C=N/c2ccc(/C=N/c3ccc(C(=O)c4ccc(*)cc4)cc3)cc2)c(C)c1,190.0
*Oc1ccc(/C=N/c2ccc(/N=C(\C)c3ccc(OC(=O)Nc4ccc(Cc5ccc(NC(*)=O)cc5)cc4)cc3)cc2)cc1,165.0
*Oc1ccc(/C=N/c2ccc(/N=C/c3ccc(OC(=O)c4ccc(C(*)=O)cc4)c(OCC)c3)cc2)cc1,160.0
*Oc1ccc(/C=N/c2ccc(CC(=O)OC(=O)c3ccc(OC(=O)c4ccc(*)cc4)cc3)cc2)cc1,120.0
*Oc1ccc(/C=N/c2ccc(N(c3ccc(/N=N/c4ccc(C(*)=O)cc4)cc3)c3ccc(OC)cc3)cc2)cc1,190.0
*Oc1ccc(/C=N/c2ccc(OC(*)=O)c(-c3ccc(Cl)cc3)n2)cc1,130.0
*Oc1ccc(/C=N/c2ccc(OC(=O)CCCCCCCCC(*)=O)cc2)cc1,45.0
*Oc1ccc(/C=N/c2ccc(OC(=O)CCCCCCCCCCC(*)=O)c(OC)c2)cc1OC,45.0
*Oc1ccc(/C=N/c2ccc(OC(=O)OCCCCCCCCCCCCC(*)=O)cc2)cc1,15.0
*Oc1ccc(/C=N/c2ccc(OC(=O)OCCCCCOC(*)=O)cc2)cc1,45.0
*Oc1ccc(/C=N/c2ccc(OC(=O)[Si](C)(C)O[Si](C)(C)O[Si](C)(C)O[Si](*)(C)C)cc2)cc1,10.0
*Oc1ccc(/C=N/c2ccc(OCCCCCCCCCCCCOC(=O)c3ccc(C(*)=O)cc3)cc2)cc1,45.0
*Oc1ccc(/C=N/c2ccc(OCCCCCOc3ccc(/C=C/c4ccc(OCCCCCCCCCCOc5cccc(*)c5)cc4)cc3)cc2)cc1,45.0
*Oc1ccc(/C=N/c2ccc(OCc3ccc(NC(=O)c4ccc(C(*)=O)cc4)cc3)cc2)cc1,195.0
*Oc1ccc(/C=N/c2ccc(Oc3ccc(/C=N/CCCNP(=O)(O*)OCC)cc3)cc2)cc1,95.0
*Oc1ccc(/C=N/c2ccc(Oc3ccc(Sc4ccc(*)cc4)cc3)c([N+](=O)[O-])c2)cc1,145.0
*Oc1ccc(/N=C(\C)c2ccc([N+](=O)[O-])cc2)cc1*,140.0
*Oc1ccc(/N=C/C=C/N=C(\Cc2ccc(OC)cc2)c2ccc(/C=N/c3ccc(/C=C/c4ccc(N=*)nc4)cc3)cc2)cc1,165.0
*Oc1ccc(/N=C/C=C/c2ccc(OC(=O)c3ccc(C(*)=O)cc3C)cc2C)c(OC)c1,140.0
*Oc1ccc(/N=C/C=C/c2ccc(Oc3ccc(C(=O)Nc4ccc(Cc5ccc(NC(=O)c6ccc(*)cc6)cc5)cc4)cc3)cc2)cc1,190.0
*Oc1ccc(/N=C/C=N/N=C/c2ccc(OC(=O)c3ccc(C(*)=O)cc3)cc2)cc1-c1ccc(-c2ccc(OCC(CC)CCCCCCI)cc2)cc1,110.0
*Oc1ccc(/N=C/CCC/N=C/c2ccc(OC(=O)CCCCCCCCCCCCCCCCCCC(*)=O)cc2)cc1,10.0
*Oc1ccc(/N=C/[Si](C)(C)c2ccc(OCC(C)CC(C)(C)C)cc2)c(*)c1,65.0
*Oc1ccc(/N=C/c2cc(*)c(CCCCCCCCCCC)cc2C)cc1C,45.0
*Oc1ccc(/N=C/c2ccc(OC(=O)CCCCCCC(*)=O)c(C)c2)cc1CCCCCC,15.0
*Oc1ccc(/N=C/c2ccc(OC(=O)CCS(*)(=O)=O)cc2)cc1,110.0
*Oc1ccc(/N=C/c2ccc(OC(=O)CN(CCC)c3ccc([N+](C)(C)C(=O)OCCOC(=O)c4ccc(*)cc4)cc3)cc2)cc1,95.0
*Oc1ccc(/N=C/c2ccc(OC(=O)Nc3ccc(Cc4ccc(NC(=O)c5ccc(*)cc5)cc4)cc3)cc2)cc1,165.0
*Oc1ccc(/N=C/c2ccc(OC(=O)OCCCCCCOC(*)=O)cc2)cc1,45.0
*Oc1ccc(/N=C/c2ccc(OC(=O)c3cc(C(=O)OCCCCCCCCCCCCCCOP(=O)(O*)OC)ccc3O)cc2)cc1,45.0
*Oc1ccc(/N=C/c2ccc(OC(=O)c3ccc(CCCCCCCCCCC(*)=O)cc3)cc2)cc1,45.0
*Oc1ccc(/N=C/c2ccc(OC)cc2)c(OC(=O)c2ccc([Si](*)(C)CC)cc2)c1,95.0
*Oc1ccc(/N=C/c2ccc(OCC(*)=O)cc2)cc1OCCCCCCCCCCCCCCCC,-20.0
*Oc1ccc(/N=C/c2ccc(OCCCCCCCCCCCCCCCCCCCCCCOC(*)=O)cc2)cc1,5.0
*Oc1ccc(/N=C/c2ccc(OCCOc3ccc(C(*)=O)cc3)c(C)c2)cc1OC,95.0
*Oc1ccc(/N=C/c2ccc(Oc3ccc(/N=C(\C)c4ccc(Oc5ccc(*)cc5)cc4)cc3)cc2)cc1,130.0
*Oc1ccc(/N=C/c2ccc(Oc3ccc(C(=O)c4ccc(*)cc4)cc3)cc2)cc1C(=O)OC,130.0
*Oc1ccc(/N=C/c2ccc(Sc3ccc(Cc4ccc(*)o4)cc3)cc2)cc1,90.0
*Oc1ccc(/N=C/c2cccc(C(=O)/C=C/C(=O)/C=C/C(=O)Oc3cccc(*)c3)c2)cc1C,130.0
*Oc1ccc(/N=N/c2ccc(C(*)=O)cc2)c(Oc2ccc(OCCC)cc2)c1,110.0
*Oc1ccc(/N=N/c2ccc(NNC(=O)c3cccc(C(*)=O)c3)c(C(=O)O)c2)cc1OC(=O)c1ccc(OCC)cc1,210.0
*Oc1ccc(/N=N/c2ccc(OC(=O)c3cc(C)c(S(*)=O)c(C)c3)cc2O)cc1OCCCC,95.0
*Oc1ccc(/N=N/c2ccc(OCC(C)CCC(*)=O)cc2)cc1,65.0
*Oc1ccc(/N=N/c2ccc(S(=O)(=O)c3ccc(/C=C/C(=O)c4ccc(C(=O)c5ccc(*)cc5)cc4)cc3)cc2)cc1,190.0
*Oc1ccc(/N=N/c2ccc(S[Si](C)(C)OC(=O)CCCCC(*)=O)cc2)cc1,45.0
*Oc1ccc(/[SH]=C/c2ccc(OC(=O)CCC(=O)Oc3ccc(C4(*)OC(=O)c5ccccc54)cc3)cc2)cc1,130.0
*Oc1ccc(Br)c(-c2ccc(*)c(Cl)c2)c1,105.0
*Oc1ccc(C#Cc2ccc(OC(=O)c3cc(C(O)=C=*)cc(C(C)(C)C)c3)cc2)cc1C(C)C,145.0
*Oc1ccc(C(*)=O)c(Br)c1Cl,130.0
*Oc1ccc(C(*)=O)c(C(C)C)c1O,120.0
*Oc1ccc(C(*)=O)cc1OCCOCCOCCOCCOCCOCCCC,-30.0
*Oc1ccc(C(=C(C)C#N)c2ccc(OC(*)=O)c([N+](=O)[O-])c2)cc1C,180.0
*Oc1ccc(C(=O)/C(C)=N/c2ccc(Oc3ccc(*)cc3)cc2)cc1,130.0
*Oc1ccc(C(=O)/C=C/C(=O)Oc2ccc(-c3ccc(OC(=O)c4ccc(C(*)=O)cc4)c(C(=O)O)c3)cc2)cc1,160.0
*Oc1ccc(C(=O)/C=C/C(=O)c2ccc(Oc3ccc(C(=O)c4ccc(*)cc4)cc3)cc2)c(-c2ccc(C(=O)Oc3ccccc3)cc2)c1,165.0
*Oc1ccc(C(=O)/C=C/c2ccc(OC(=O)CCC(C)N(*)CC)cc2)cc1,45.0
*Oc1ccc(C(=O)/C=C/c2ccc(OCC(O)CCCCCOC(*)=O)cc2)cc1,25.0
*Oc1ccc(C(=O)/N=C/c2ccc(C(=O)NS(*)(=O)=O)cc2)cc1,210.0
*Oc1ccc(C(=O)C(=O)Nc2ccc(Oc3ccc(C(C)(C)c4ccc(*)cc4)cc3)cc2)c(C)c1,175.0
*Oc1ccc(C(=O)C(=O)Nc2ccc(S(=O)(=O)c3ccc(Oc4ccc(C(=O)c5ccc(*)cc5)cc4)cc3)cc2)cc1,210.0
*Oc1ccc(C(=O)C(C)OC(=O)c2ccc(C(*)=O)cc2)cc1,90.0
*Oc1ccc(C(=O)C(CC(=O)O)c2ccc(OC(=O)c3ccc(C(*)=O)cc3)cc2)cc1,130.0
*Oc1ccc(C(=O)CCCCCCCCCCCCC(=O)c2ccc(OC(=O)c3ccc(OC(=O)c4ccc(*)nc4)cc3)cc2)cc1,45.0
*Oc1ccc(C(=O)CCCCCCCCCCCCCCCCCCCCCCCCCCCCC(=O)c2ccc(*)cc2)cc1CC,-20.0
*Oc1ccc(C(=O)CN=CCc2cc(OC)c(S(*)(=O)=O)cc2OCCOC)cc1OC,95.0
*Oc1ccc(C(=O)CNCC(=O)NCCN(CC)c2ccc(/N=C/c3ccc(*)cc3)cc2)cc1,105.0
*Oc1ccc(C(=O)CNCC(=O)c2ccc(C(*)=O)c(OC)c2)cc1OC,95.0
*Oc1ccc(C(=O)CNCCCCCCCCNC(=O)c2ccc(*)cc2)cc1,45.0
*Oc1ccc(C(=O)CNc2ccc(NC(=O)CCCC(=O)Nc3ccc(C(=O)OC(=O)c4ccc(*)cc4)cc3)c([N+](=O)[O-])c2)cc1OCCCCCCCCC,95.0
*Oc1ccc(C(=O)CNc2ccc(NC(=O)c3ccc(C(*)=O)cc3)cc2)cc1,210.0
*Oc1ccc(C(=O)CNc2ccc(S(=O)(=O)c3ccc(Oc4ccc(/C=N/c5ccc(C(=O)c6ccc(*)cc6)cc5)cc4)cc3)cc2)cc1,190.0
*Oc1ccc(C(=O)CNc2ccccc2C(=O)Oc2ccc(C(=O)c3ccc(*)cc3)cc2)cc1Br,145.0
*Oc1ccc(C(=O)N(CC)c2ccc(NC(=O)c3ccc(OCCCC(CC)C(*)=O)cc3)cc2)cc1,115.0
*Oc1ccc(C(=O)N2CCCCN(c3ccc(OC(=O)CCCC(*)=O)cc3)CC2)cc1,80.0
*Oc1ccc(C(=O)N2CCN(CCCCc3ccc(NC(=O)c4ccc(*)cc4)cc3)c3ccccc3-c3ccccc32)cc1,190.0
*Oc1ccc(C(=O)NC(=O)Nc2ccc(Cc3ccc(NC(=O)c4ccc(C(=O)Nc5ccc(*)cc5)cc4)cc3)cc2)cc1,260.0
*Oc1ccc(C(=O)NC(=O)c2ccc(C(=O)Oc3ccc(*)cc3)cc2)cc1,210.0
*Oc1ccc(C(=O)NCC(=O)c2ccc(OC(=O)COc3ccc(SC(*)=O)cc3)cc2)cc1,85.0
*Oc1ccc(C(=O)NCCC/C=N/c2ccc(Cc3ccc(N(*)C)cc3)cc2)cc1,85.0
*Oc1ccc(C(=O)NCCCCCCCC/N=C/c2ccc(OC(=O)c3ccc(*)cc3)cc2)cc1,65.0
*Oc1ccc(C(=O)NCCCCCCCCCCNC(=O)c2ccc(OC(=O)c3ccccc3Sc3ccc(*)cc3)cc2)cc1,65.0
*Oc1ccc(C(=O)NCCCCCCCNC(=O)c2ccc(C(=O)OCc3ccc(*)cc3)cc2)cc1,85.0
*Oc1ccc(C(=O)NCCCCCNC(=S)c2ccc(O*)cc2)cc1,90.0
*Oc1ccc(C(=O)NCCCNC(*)=O)cc1,90.0
*Oc1ccc(C(=O)NCCCNC(=O)c2ccc(C(=O)OCCCCCCCCOC(=O)c3ccc(OC(=O)c4ccc(C(*)=O)cc4)cc3)c(C(=O)O)c2)cc1,65.0
*Oc1ccc(C(=O)NCCCNCCNC(*)=O)cc1,90.0
*Oc1ccc(C(=O)NCCCOCCCCCCNC(*)=O)cc1,45.0
*Oc1ccc(C(=O)NCCSCCNC(=O)c2ccc(O*)cc2)cc1,85.0
*Oc1ccc(C(=O)NNC(=O)c2ccc(C(=O)NNC(*)=S)cc2)cc1,210.0
*Oc1ccc(C(=O)NNC(=O)c2ccc(C(=O)Nc3ccc(SCCCCCOc4ccc(C(*)=O)cc4)cc3)cc2)cc1,145.0
*Oc1ccc(C(=O)NNC(=O)c2ccc(C(=O)Oc3ccc(C(*)=O)cc3)cc2)cc1Br,190.0
*Oc1ccc(C(=O)NNC(=O)c2ccc(NC(=O)c3ccc(S(=O)(=O)c4ccc(*)cc4)cc3)cc2)cc1,265.0
*Oc1ccc(C(=O)NNC(=O)c2ccc(OC(=O)COCC(=O)OC)cc2)c(*)c1,95.0
*Oc1ccc(C(=O)NNC(=O)c2ccc(OC(=O)c3ccc(C(=O)c4ccc(*)cc4)cc3)cc2)cc1,190.0
*Oc1ccc(C(=O)NNC(=O)c2ccc(Oc3ccc(C(=O)c4ccc(Oc5ccc(*)cc5N)cc4)cc3)cc2)cc1,195.0
*Oc1ccc(C(=O)Nc2ccc(-c3ccc(C(=O)c4ccc(*)cc4)cc3)cc2)c(-c2ccccc2)c1,200.0
*Oc1ccc(C(=O)Nc2ccc(-c3ccc(S(=O)(=O)c4ccc(OCCCCC(*)=O)cc4)cc3)cc2)cc1,110.0
*Oc1ccc(C(=O)Nc2ccc(C(=O)Nc3ccc(-c4ccc(-c5ccc(C(=O)c6ccc(*)cc6)cc5)cc4)cc3)cc2)cc1,280.0
*Oc1ccc(C(=O)Nc2ccc(C(=O)c3ccc(C(=O)Nc4ccc(*)cc4)cc3)c(C(=O)O)c2)cc1C(=O)OCC(C)C,265.0
*Oc1ccc(C(=O)Nc2ccc(Cc3ccc(NC(=O)c4ccc(*)cc4)c(C)c3)cc2OC)c(OC)c1,210.0
*Oc1ccc(C(=O)Nc2ccc(NC(=O)C(=O)Nc3ccc(*)cc3)cc2)c(C(C)(C)C)c1,280.0
*Oc1ccc(C(=O)Nc2ccc(NC(=O)CCCCC(=O)Nc3ccc(C(=O)Nc4ccc(*)cc4)cc3)cc2)cc1,210.0
*Oc1ccc(C(=O)Nc2ccc(NC(=O)c3ccc(*)cc3)cc2)cc1C,280.0
*Oc1ccc(C(=O)Nc2ccc(NC(=O)c3ccc(*)cc3OC)c(C)c2)cc1C,235.0
*Oc1ccc(C(=O)Nc2ccc(NC(=O)c3ccc(C(=O)c4ccc(*)cc4)cc3)c(-c3ccccc3)c2-c2ccc(C#N)cc2)cc1,300.0
*Oc1ccc(C(=O)Nc2ccc(NC(=O)c3cccc(C(=O)Nc4ccc(*)cc4)c3)cc2S(=O)(=O)c2ccc(OC(C)=O)cc2)cc1,260.0
*Oc1ccc(C(=O)Nc2ccc(NC(=O)c3cccc(C(=O)Oc4ccc(*)cc4)c3)cc2)cc1,250.0
*Oc1ccc(C(=O)Nc2ccc(Oc3ccc(-c4ccc(*)cc4)cc3)cc2)cc1C,195.0
*Oc1ccc(C(=O)Nc2ccc(Oc3ccc(C(=O)c4ccc(*)cc4)cc3)cc2)cc1,180.0
*Oc1ccc(C(=O)Nc2ccc(Oc3ccc(C(=O)c4ccc(*)cc4)cc3)cc2)cc1COc1ccccc1C,160.0
*Oc1ccc(C(=O)Nc2ccc(Oc3ccc(C(C)(C)c4ccc(OC(=O)c5ccc(C(=O)Nc6ccc(*)cc6)cc5)cc4)cc3)cc2)cc1,195.0
*Oc1ccc(C(=O)Nc2ccc(Oc3ccc(NC(=O)c4ccc(Cc5ccc(C(*)=O)cc5)cc4)cc3)c(C(C)(C)C)c2)cc1C,195.0
*Oc1ccc(C(=O)Nc2ccc(Oc3ccc(NC(=O)c4ccc(Oc5ccc(NC(=O)c6ccc(*)cc6)cc5)cc4)cc3)cc2)cc1,220.0
*Oc1ccc(C(=O)Nc2ccc(S(=O)(=O)Nc3ccc(*)cc3)c(C)c2)cc1C,235.0
*Oc1ccc(C(=O)Nc2ccc(S(=O)(=O)c3ccc(-c4ccc(C(=O)Nc5ccc(*)cc5)cc4)cc3)cc2)cc1,280.0
*Oc1ccc(C(=O)Nc2ccc(S(=O)(=O)c3ccc(NC(=O)c4ccc(C(=O)Nc5ccc(C(=O)c6ccc(*)cc6)cc5)cc4)cc3)cc2)cc1,280.0
*Oc1ccc(C(=O)Nc2ccc(S(=O)(=O)c3ccc(Oc4ccc(C(=O)c5ccc(*)cc5)cc4)c(C)c3)cc2C)cc1CCCC(CCl)CCCCCC,115.0
*Oc1ccc(C(=O)Nc2ccc(S(=O)(=O)c3ccc(Oc4ccc(C(C)(C)c5ccc(*)cc5)cc4)cc3)cc2)c(O)c1,175.0
*Oc1ccc(C(=O)Nc2ccc(S(=O)(=O)c3ccc(Oc4ccc(NC(=O)c5ccc(*)cc5)cc4)cc3)cc2)cc1,260.0
*Oc1ccc(C(=O)Nc2ccc(S(=O)(=O)c3ccc(S(=O)(=O)c4ccc(C(C)(C)c5ccc(*)cc5)cc4)cc3)cc2)cc1,210.0
*Oc1ccc(C(=O)Nc2ccccc2-c2ccc(*)cc2)c(C(F)(F)F)c1,210.0
*Oc1ccc(C(=O)OC(=O)CCCCCCCC(=O)OCCCCCCOc2ccc(C(*)=O)cc2)cc1,15.0
*Oc1ccc(C(=O)OC(=O)c2ccc(C(=O)Nc3ccc(*)cc3)cc2)cc1C(F)(F)F,250.0
*Oc1ccc(C(=O)OC(=O)c2ccc(OCCCCCCCc3cccc(OC(*)=O)c3)cc2)cc1,40.0
*Oc1ccc(C(=O)OC(=O)c2ccc(Oc3ccc(C(*)=O)cc3)cc2C(=O)O)cc1,180.0
*Oc1ccc(C(=O)OC(=O)c2ccc(Oc3ccc(C(C)(C)c4ccc(*)cc4)cc3)cc2)cc1OC(=O)c1ccc(OC(=O)c2ccc(OC)cc2)cc1,150.0
*Oc1ccc(C(=O)OC(C)CCOC(*)=O)cc1,30.0
*Oc1ccc(C(=O)OCC(=O)/N=C/c2ccc(*)cc2)cc1,130.0
*Oc1ccc(C(=O)OCC(C)O*)c(C(=O)OCCCCCCCCCCOc2ccc(-c3ccc(C(=O)Oc4ccc(OCC)cc4)cc3)cc2)c1,5.0
*Oc1ccc(C(=O)OCCCCC(F)(F)C(*)(F)F)c(F)c1F,40.0
*Oc1ccc(C(=O)OCCCCCCCCCCCCCCCCCCCCCCNC(=O)c2ccc(C(*)=O)cc2)cc1,15.0
*Oc1ccc(C(=O)OCCCCCCCCCCCCCCCCCCCOC(=O)c2ccc(*)cc2)cc1,-10.0
*Oc1ccc(C(=O)OCCCCCCCCCCCCCCCCCCOC(=O)c2ccc(OC(=O)CC(CSC)=C(C)CCC(*)=O)cc2)cc1,-20.0
*Oc1ccc(C(=O)OCCCCCCCCCCCOC(=O)c2ccc(*)c(C(=O)OC)c2)cc1C(C)(C)C,15.0
*Oc1ccc(C(=O)OCCCCCCCCCCOC(=O)c2ccc(OCCOCCOCCOCCOP(=O)(O*)OCC)cc2)cc1,-20.0
*Oc1ccc(C(=O)OCCCCCCCCCCOC(=O)c2ccc(OCCOP(=O)(O*)OC(C)C)cc2)cc1,-20.0
*Oc1ccc(C(=O)OCCCCCCCCCOC(=O)c2ccc(OC(=O)c3ccc(*)cc3)cc2)cc1,55.0
*Oc1ccc(C(=O)OCCCCCCCCOC(=O)c2ccc(C(=O)Oc3ccc(OC(=O)CCCCCCCC(*)=O)cc3)cc2)cc1,30.0
*Oc1ccc(C(=O)OCCCCCCCCOC(=O)c2ccc(OC(=O)C(*)=S)cc2)cc1,15.0
*Oc1ccc(C(=O)OCCCCCCCCOc2ccc(/C=C/C(=O)Nc3ccc(*)cc3)cc2)cc1,65.0
*Oc1ccc(C(=O)OCCCCCCCOC(=O)c2ccc(OC(*)=O)c(C)c2)cc1,30.0
*Oc1ccc(C(=O)OCCCCCCCOC(=O)c2ccc(OCCCCc3ccccc3OC(C)CCCCC)cc2)cc1*,-10.0
*Oc1ccc(C(=O)OCCCCCCNC(=O)c2ccc(-c3ccc(*)cc3)cc2)cc1,65.0
*Oc1ccc(C(=O)OCCCCCCOC(=O)c2ccc(OC(=O)c3ccc(*)cc3)cc2)cc1,65.0
*Oc1ccc(C(=O)OCCCCCCOC(=O)c2ccc(OC(=O)c3ccc(C(*)=O)cc3Oc3ccc(Cl)cc3)cc2)cc1,45.0
*Oc1ccc(C(=O)OCCCCCCOC(=O)c2ccc(Oc3ccc([Si](C)(C)c4ccc(*)cc4)cc3)cc2)cc1,45.0
*Oc1ccc(C(=O)OCCCCCCOc2ccc(NC(=O)c3cccc(*)c3)cc2)cc1,90.0
*Oc1ccc(C(=O)OCCCCOC(=O)c2ccc(/C=C/c3ccc(N(*)CC)cc3)cc2)cc1,95.0
*Oc1ccc(C(=O)OCCCCOC(=O)c2ccc(OC(=O)c3ccccc3OC(=O)c3cccc(C(=O)OC(=O)c4ccc(O*)cc4)c3)cc2Br)cc1,65.0
*Oc1ccc(C(=O)OCCCCOCCCCOC(=O)c2ccc(OC(=O)c3ccc(/C=C/c4ccc(OC(=O)CC(C)CCOC(*)=O)cc4)cc3)cc2)cc1,45.0
*Oc1ccc(C(=O)OCCCCOCCCCOCCCCOCCCCCCCCCCCCOc2ccc(/C=C/c3ccc(OC(=O)CCCCCCCCC(*)=O)cc3)cc2)cc1,-10.0
*Oc1ccc(C(=O)OCCCCOCCOCCOCCOCCOC(=O)c2ccccc2)c(C(*)=O)c1,-20.0
*Oc1ccc(C(=O)OCCCN(CCO)c2ccc(C(C)(C)c3ccc(OC=COCCOC(=O)c4ccc(C(*)=O)cc4)cc3)cc2)cc1,55.0
*Oc1ccc(C(=O)OCCN(C)c2ccc(OC(=O)CCCCC(*)=O)cc2)cc1,45.0
*Oc1ccc(C(=O)OCCN(CCOC(*)=O)c2ccc(OCc3ccccc3)cc2)cc1,65.0
*Oc1ccc(C(=O)OCCN(CCOC(=O)c2ccc(O*)cc2)c2ccccc2)cc1,65.0
*Oc1ccc(C(=O)OCCNCC(N)C(=O)Oc2ccc(*)cc2)cc1,65.0
*Oc1ccc(C(=O)OCCOC(*)=O)cc1OCCCCCC,-10.0
*Oc1ccc(C(=O)OCCOC(=O)c2ccc(OC(=O)CCCCCOc3ccc(S(=O)(=O)c4ccc(OC(=O)c5ccccc5O*)cc4)cc3)cc2)cc1,45.0
*Oc1ccc(C(=O)OCCSCCCCCCCCCCCOC(=O)Nc2ccc(*)cc2)cc1,15.0
*Oc1ccc(C(=O)ONC(=O)c2ccc(C(*)=O)cc2)cc1C(=O)OCCCCCCCCCCCC,40.0
*Oc1ccc(C(=O)Oc2ccc(-c3ccc(OC(=O)COCc4cc(*)cc(C(C)(C)C)c4)cc3)cc2)cc1,105.0
*Oc1ccc(C(=O)Oc2ccc(-c3ccc(OC(=O)c4ccc(C(=O)Oc5ccc(C(=O)c6ccc(*)cc6)cc5)cc4)cc3)cc2)c(C(=O)O)c1,190.0
*Oc1ccc(C(=O)Oc2ccc(-c3ccc(S(=O)(=O)c4ccc(Oc5ccc(NC(=O)c6ccc(*)cc6)cc5)cc4)cc3)c(C(=O)O)c2)cc1C,235.0
*Oc1ccc(C(=O)Oc2ccc(/N=C(\c3ccccc3)c3ccc(OC(=O)c4ccc(C(*)=O)cc4)cc3)cc2)cc1,160.0
*Oc1ccc(C(=O)Oc2ccc(/N=C/c3ccc(Oc4ccc(NC(=O)c5ccc(*)cc5)cc4)cc3)cc2)cc1,180.0
*Oc1ccc(C(=O)Oc2ccc(C(=O)Nc3ccc(C(=O)OCCN(C)c4ccc(C=*)cc4)cc3)c(OC)c2)cc1,145.0
*Oc1ccc(C(=O)Oc2ccc(C(c3ccccc3)c3ccc(*)cc3)cc2)cc1,195.0
*Oc1ccc(C(=O)Oc2ccc(OC(=O)Oc3ccc(OC(C)=O)cc3)cc2)c(*)c1,105.0
*Oc1ccc(C(=O)Oc2ccc(OC(=O)c3ccc(-c4ccc(OC(=O)c5ccc(C(C)(C)c6ccc(O*)cc6)cc5)cc4)cc3)cc2)cc1,175.0
*Oc1ccc(C(=O)Oc2ccc(OC(=O)c3ccc(C(=O)Nc4ccc(*)cc4)cc3)cc2C)c(Cl)c1,195.0
*Oc1ccc(C(=O)Oc2ccc(OC(=O)c3ccc(OC(=O)c4ccc(*)c(C(=O)O)c4)cc3OCC[N+](C)C)cc2)cc1,180.0
*Oc1ccc(C(=O)Oc2ccc(OC(=O)c3ccc(OCCCCCCOC(*)=O)cc3)cc2)cc1,90.0
*Oc1ccc(C(=O)Oc2ccc(OC(=O)c3ccc(Oc4ccc(C(=O)Oc5ccc(*)cc5)cc4)cc3)cc2)cc1,180.0
*Oc1ccc(C(=O)Oc2ccc(Oc3ccc(NC(=O)c4cccc(C(=O)c5ccc(*)cc5)c4)cc3)cc2)cc1C(C)(C)C,175.0
*Oc1ccc(C(=O)Oc2ccc(S(=O)(=O)c3ccc(*)cc3)cc2)cc1-c1ccccc1,150.0
*Oc1ccc(C(=O)Oc2cccc(Oc3ccc(C(C)(C)c4ccc(*)cc4)cc3)c2)cc1,145.0
*Oc1ccc(C(=O)Sc2ccc(-c3ccc(C(=O)c4ccc(*)cc4)cc3)c(F)c2F)cc1,150.0
*Oc1ccc(C(=O)c2cc(OCCCCCCCC)c(C(*)=O)cc2OCCCCCCCC)cc1,30.0
*Oc1ccc(C(=O)c2ccc(-c3cc(Br)c(O*)c(OC)c3)c(F)c2F)cc1C,195.0
*Oc1ccc(C(=O)c2ccc(-c3ccc(C(=O)Cc4ccc(C(*)=O)cc4)cc3)cc2)cc1,150.0
*Oc1ccc(C(=O)c2ccc(-c3ccc(C(=O)c4ccc(*)cc4)cc3)cc2C(=O)O)c(F)c1Cl,195.0
*Oc1ccc(C(=O)c2ccc(-c3ccc(CC(*)=O)c(OCCCCCCCC)c3)cc2C)c(OCCCCCCCCCCCCCC)c1,25.0
*Oc1ccc(C(=O)c2ccc(-n3c(=O)c4cc5c(=O)n(*)c(=O)c5cc4c3=O)c(Cl)c2)cc1F,300.0
*Oc1ccc(C(=O)c2ccc(/C=C/c3ccc(*)cc3)cc2)cc1,150.0
*Oc1ccc(C(=O)c2ccc(/N=C/c3ccc(OC(=O)c4ccc(C(*)=O)cc4)cc3)cc2)cc1,160.0
*Oc1ccc(C(=O)c2ccc(C(=O)COc3ccc(C(C)(CC)c4ccc(*)c(C(C)C)c4)cc3)cc2OC)cc1,95.0
*Oc1ccc(C(=O)c2ccc(C(=O)Nc3ccc(COC(*)=N)cc3)cc2)cc1,180.0
*Oc1ccc(C(=O)c2ccc(C(=O)c3ccc(C(=O)c4ccc(Oc5ccc(C(=O)c6cccc(*)c6)cc5)cc4)cc3)cc2)cc1,155.0
*Oc1ccc(C(=O)c2ccc(C(=O)c3ccc(S(=O)(=O)c4ccc(S(=O)(=O)c5ccc(*)cc5)cc4)cc3)cc2)cc1,180.0
*Oc1ccc(C(=O)c2ccc(NC(=O)c3ccc(C(=O)Oc4ccc(C(C)(C)c5ccc(*)cc5)c(C)c4)cc3Br)c(OC)c2)c(O)c1,195.0
*Oc1ccc(C(=O)c2ccc(NC(=O)c3ccc(C(=O)c4ccc(C(=O)c5ccc(*)cc5)cc4)cc3)cc2)cc1C(=O)OCCCCCCCCCCCCCCC,45.0
*Oc1ccc(C(=O)c2ccc(NC(=O)c3ccc4c(c3)C(=O)N(*)C4=O)cc2C(=O)O)cc1,300.0
*Oc1ccc(C(=O)c2ccc(Nc3ccc(C(=O)c4ccc(*)nc4)cc3C(=O)Nc3ccccc3)cc2)cc1,235.0
*Oc1ccc(C(=O)c2ccc(OC(=O)c3cc(C(=O)O)c(*)cc3C)cc2)cc1C,195.0
*Oc1ccc(C(=O)c2ccc(OC(=O)c3ccc(*)c(F)c3)cc2)c(C(=O)Oc2ccccc2)c1,145.0
*Oc1ccc(C(=O)c2ccc(OC(=O)c3ccc(*)cc3)cc2)cc1S(=O)(=O)Oc1ccc(/N=N/c2ccc(C#N)cc2)cc1,165.0
*Oc1ccc(C(=O)c2ccc(OC(=O)c3ccc(OC(=O)c4cc(C(*)=O)cc(C(C)(C)C)c4)cc3)cc2)cc1,155.0
*Oc1ccc(C(=O)c2ccc(OC(=O)c3cccc(C(*)=O)c3)cc2)cc1C(C)(C)C,130.0
*Oc1ccc(C(=O)c2ccc(OC(=O)c3ccccc3Oc3ccc(*)cc3)cc2)c(C)c1,115.0
*Oc1ccc(C(=O)c2ccc(Oc3ccc(C(*)=O)cc3)cc2)cc1C(=O)O,195.0
*Oc1ccc(C(=O)c2ccc(Oc3ccc(C(=O)CNc4ccc(*)cc4)cc3)cc2)cc1,150.0
*Oc1ccc(C(=O)c2ccc(Oc3ccc(C(=O)Nc4ccc(Oc5ccc(NC(=O)c6ccc(*)c(C)c6)cc5C)cc4)cc3)cc2)cc1,195.0
*Oc1ccc(C(=O)c2ccc(Oc3ccc(C(=O)c4ccc(*)c(C)c4)cc3-c3ccccc3)cc2)cc1,165.0
*Oc1ccc(C(=O)c2ccc(Oc3ccc(C(=O)c4ccc(*)c(Cl)c4)cc3C(F)(F)F)cc2)cc1F,165.0
*Oc1ccc(C(=O)c2ccc(Oc3ccc(C(=O)c4ccc(*)cc4)cc3)c(Br)c2)cc1-c1cccc(-c2ccccc2)c1,175.0
*Oc1ccc(C(=O)c2ccc(Oc3ccc(C(=O)c4ccc(Oc5ccc(C(=O)c6ccc(*)cc6)cc5)cc4)cc3)cc2)cc1,155.0
*Oc1ccc(C(=O)c2ccc(Oc3ccc(C(C)(C)c4ccc(*)c(C(C)(C)C)c4)cc3CCCCCC)cc2)cc1,145.0
*Oc1ccc(C(=O)c2ccc(Oc3ccc(C(C)(C)c4ccc(*)cc4)cc3)cc2C)c(O)c1,155.0
*Oc1ccc(C(=O)c2ccc(Oc3ccc(Oc4ccc(NC(=O)c5ccc(C(*)=O)cc5)cc4)cc3)cc2)cc1,160.0
*Oc1ccc(C(=O)c2ccc(P(=O)(c3ccccc3)c3ccc(*)cc3)cc2)cc1,175.0
*Oc1ccc(C(=O)c2ccc(S(=O)(=O)c3ccc(*)c(N)c3)cc2)cc1,190.0
*Oc1ccc(C(=O)c2ccc(S(=O)(=O)c3ccc(OCCOCCOCCOCCOCCOCCOC(=O)c4ccc(/C=C/c5ccc(*)cc5)cc4)cc3)cc2)cc1,45.0
*Oc1ccc(C(=O)c2ccc(S(=O)(=O)c3ccc(SSC(=O)c4ccc(*)cc4)cc3)cc2)cc1,160.0
*Oc1ccc(C(=O)c2ccc([N+](=O)[O-])cc2)cc1C(*)=O,180.0
*Oc1ccc(C(=O)c2cccc(NC(=O)c3ccc(Oc4ccc(C(C)(C)c5ccc(*)cc5)cc4)cc3)c2)cc1,180.0
*Oc1ccc(C(=O)c2cccc(Oc3ccc(C(=O)c4ccc(-c5ccc(NC(=O)c6ccc(*)cc6)cc5)cc4)cc3)c2)cc1,195.0
*Oc1ccc(C(=O)c2ccccc2C(=O)c2cccc(Oc3ccc(C(c4ccc(*)cc4)(C(F)(F)F)C(F)(F)F)cc3)c2)cc1,195.0
*Oc1ccc(C(=O)c2cccnc2)c(NC(=O)CCCCCS(*)(=O)=O)c1,145.0
*Oc1ccc(C(C#Cc2ccc(OC(=O)OCCCCOC(*)=O)cc2)C(=O)OC#N)cc1,65.0
*Oc1ccc(C(C#N)(C(F)(F)F)C(F)(F)C(F)(F)C(F)(F)F)cc1*,150.0
*Oc1ccc(C(C#N)=Nc2ccc(OC(=O)c3ccc(C(*)=O)cc3)cc2)c(Br)c1,165.0
*Oc1ccc(C(C(=O)O)c2ccc(OC(=O)OCCN(C)C(*)=O)cc2)cc1,110.0
*Oc1ccc(C(C(=O)O)c2ccc(OC(=O)c3ccc(C(=O)Nc4ccc(*)cc4)cc3)cc2)cc1,235.0
*Oc1ccc(C(C(=O)OC(C)=O)c2ccc(OC(=O)c3ccc(C(*)=O)c(C)c3)cc2)cc1,150.0
*Oc1ccc(C(C(=O)OC(C)CC)c2ccc(OC(*)=O)cc2)c(OCCCCCCCCCCCCCC)c1,15.0
*Oc1ccc(C(C(=O)OCC)c2ccc(N(CC)C(=O)Nc3ccc(C(*)=O)cc3)cc2)cc1,120.0
*Oc1ccc(C(C(=O)OCCCCC)c2ccc(OC(=O)CCC(*)=O)cc2)cc1,45.0
*Oc1ccc(C(C(=O)OCc2ccc(OC(=O)c3ccc(C(*)=O)cc3)cc2)c2ccccc2)cc1,90.0
*Oc1ccc(C(C(=O)c2ccc(OC(F)(C(*)(F)F)C(F)(F)F)cc2)c2ccccc2)cc1,150.0
*Oc1ccc(C(C)(C)C)cc1C(*)=O,120.0
*Oc1ccc(C(C)(C)c2ccc(*)c(OCC(C)(C)CC)c2)cc1OC,145.0
*Oc1ccc(C(C)(C)c2ccc(C(=O)Oc3ccccc3NC(=O)CCCCC(=O)Nc3ccc(*)cc3)cc2)cc1,145.0
*Oc1ccc(C(C)(C)c2ccc(C(C)(C)c3ccc(Oc4ccc(/C=N/c5ccc(*)cc5)cc4)cc3)cc2)cc1,145.0
*Oc1ccc(C(C)(C)c2ccc(N(c3ccccc3)c3ccc(*)cc3)c(C(C)C)c2)cc1,195.0
*Oc1ccc(C(C)(C)c2ccc(NC(=O)c3ccc(C(*)=O)cc3)cc2)cc1,190.0
*Oc1ccc(C(C)(C)c2ccc(OC(*)=C(CC)COCC(=O)Oc3ccc(C(C)(C)C)cc3)cc2)cc1,45.0
*Oc1ccc(C(C)(C)c2ccc(OC(*)=O)c(C(=S)OCCCCCCCCCCC)c2)cc1CCC,45.0
*Oc1ccc(C(C)(C)c2ccc(OC(*)=O)c(C([2H])=O)c2)cc1C(=O)OCC,155.0
*Oc1ccc(C(C)(C)c2ccc(OC(*)=O)c(Cl)c2Br)cc1OC,195.0
*Oc1ccc(C(C)(C)c2ccc(OC(*)=O)c(F)c2F)cc1Br,190.0
*Oc1ccc(C(C)(C)c2ccc(OC(*)=O)cc2)c(N)c1,190.0
*Oc1ccc(C(C)(C)c2ccc(OC(*)=O)cc2CC)cc1,180.0
*Oc1ccc(C(C)(C)c2ccc(OC(*)=O)cc2OC)cc1C,165.0
*Oc1ccc(C(C)(C)c2ccc(OC(*)=S)cc2)cc1C(C)(C)C,95.0
*Oc1ccc(C(C)(C)c2ccc(OC(=O)/C=C/C(=O)Nc3ccc(C(=O)Oc4ccc(Oc5ccc(C(*)=O)cc5)cc4)cc3)cc2)cc1,160.0
*Oc1ccc(C(C)(C)c2ccc(OC(=O)CCC(*)=O)c(C)c2)cc1C,80.0
*Oc1ccc(C(C)(C)c2ccc(OC(=O)CCC(*)=O)c(CC)c2)cc1OCCCCCCCC,15.0
*Oc1ccc(C(C)(C)c2ccc(OC(=O)CCCCC(*)=O)c(OC)c2)cc1,45.0
*Oc1ccc(C(C)(C)c2ccc(OC(=O)CCCCCCC(*)=O)c(O)c2)cc1OC,45.0
*Oc1ccc(C(C)(C)c2ccc(OC(=O)CCCCCCCC(*)=O)cc2OC)cc1,45.0
*Oc1ccc(C(C)(C)c2ccc(OC(=O)CCCCCCCCCC(=O)OCCCCCCOC(=O)Nc3ccc(*)cc3)cc2)cc1,15.0
*Oc1ccc(C(C)(C)c2ccc(OC(=O)CCCCCCCCCCC(*)=O)cc2OCCCCCCCCCC)cc1,-10.0
*Oc1ccc(C(C)(C)c2ccc(OC(=O)CCCCOC(*)=O)cc2)cc1,45.0
*Oc1ccc(C(C)(C)c2ccc(OC(=O)COCCCC(*)=O)cc2)cc1,45.0
*Oc1ccc(C(C)(C)c2ccc(OC(=O)CSCC(*)=O)cc2)cc1Oc1ccccc1,65.0
*Oc1ccc(C(C)(C)c2ccc(OC(=O)NC(=O)Oc3ccc(/N=C/C(=O)Nc4ccccc4Oc4ccc(C(*)=O)cc4)cc3)cc2)cc1,165.0
*Oc1ccc(C(C)(C)c2ccc(OC(=O)Nc3ccc(Cc4ccc(NC(*)=O)cc4)c(C)c3)cc2Br)cc1,165.0
*Oc1ccc(C(C)(C)c2ccc(OC(=O)Nc3cccc(C(*)=O)c3)c(OC)c2)cc1Cl,150.0
*Oc1ccc(C(C)(C)c2ccc(OC(=O)OC(=O)c3ccccc3C(=O)OCCCCCCCCCCOc3ccc(OC(=O)c4cccc(C(*)=O)c4)cc3)cc2)cc1,45.0
*Oc1ccc(C(C)(C)c2ccc(OC(=O)OCCCCCCNC(*)=O)cc2)cc1C,55.0
*Oc1ccc(C(C)(C)c2ccc(OC(=O)Oc3ccc(C(*)=O)cc3)cc2)c(NC(=O)c2ccc(OCCCC)cc2)c1,145.0
*Oc1ccc(C(C)(C)c2ccc(OC(=O)Oc3ccc(C(*)=O)cc3)cc2)cc1OCCCCCCCCCCCCCCCC,25.0
*Oc1ccc(C(C)(C)c2ccc(OC(=O)c3cc(C(*)=O)cc(C(C)=O)c3)cc2)c(C)c1,165.0
*Oc1ccc(C(C)(C)c2ccc(OC(=O)c3cc(C(=O)OCC)c(C(*)=O)cc3CCCCCCCC)cc2CCCCCCCC)cc1,65.0
*Oc1ccc(C(C)(C)c2ccc(OC(=O)c3ccc(-c4ccc(C(*)=O)cc4)cc3)cc2)cc1C,160.0
*Oc1ccc(C(C)(C)c2ccc(OC(=O)c3ccc(C(*)=O)cc3)c(C(=O)O)c2)cc1C,180.0
*Oc1ccc(C(C)(C)c2ccc(OC(=O)c3ccc(C(*)=O)cc3)cc2)cc1-c1ccc(/N=N/c2ccc(F)cc2)cc1,165.0
*Oc1ccc(C(C)(C)c2ccc(OC(=O)c3ccc(C(*)=O)cc3)cc2)cc1C(=O)OCCCCCCCCCCCCCCCCCCCCCCCCCCC,10.0
*Oc1ccc(C(C)(C)c2ccc(OC(=O)c3ccc(C(*)=O)cc3)cc2)cc1CO,155.0
*Oc1ccc(C(C)(C)c2ccc(OC(=O)c3ccc(C(*)=O)cc3)cc2)cc1OC,155.0
*Oc1ccc(C(C)(C)c2ccc(OC(=O)c3ccc(C(=O)Nc4ccc(*)cc4)cc3)cc2C(=O)O)cc1,220.0
*Oc1ccc(C(C)(C)c2ccc(OC(=O)c3ccc(C(=O)Oc4ccc(C(C)(C)c5ccc(*)cc5)c(C)c4)cc3)cc2)cc1-c1ccccc1,195.0
*Oc1ccc(C(C)(C)c2ccc(OC(=O)c3ccc(C(=O)c4ccc(*)cc4)cc3)cc2)cc1C(=O)OO,175.0
*Oc1ccc(C(C)(C)c2ccc(OC(=O)c3ccc(OCc4ccc(C(*)=O)cc4)cc3)cc2)c(OC)c1,120.0
*Oc1ccc(C(C)(C)c2ccc(OC(=O)c3ccc(Oc4ccc(C(*)=O)cc4)cc3)cc2)cc1-c1cccc(C)c1,155.0
*Oc1ccc(C(C)(C)c2ccc(OC(=O)c3ccc(Oc4ccc(NC(=O)c5cccc(C(=O)Nc6ccc(*)cc6)c5)cc4)cc3)cc2)cc1C(C)C,195.0
*Oc1ccc(C(C)(C)c2ccc(OC(=O)c3cccc(C(*)=O)c3)c(OCCCCCCCCC)c2)cc1C,45.0
*Oc1ccc(C(C)(C)c2ccc(OC(=O)c3cccc(C(*)=O)c3)cc2)c(O[Si](C)(C)C)c1,140.0
*Oc1ccc(C(C)(C)c2ccc(OC(=O)c3cccc(C(=O)NC(*)=O)c3)cc2)cc1,195.0
*Oc1ccc(C(C)(C)c2ccc(OC(=O)c3ccccc3/C=C/c3ccc(/C=C/c4ccc(C(*)=O)cc4)cc3)cc2)cc1,155.0
*Oc1ccc(C(C)(C)c2ccc(OC(=O)c3ccccc3C(=O)Nc3ccc(Oc4ccc(CC(C)(C)c5ccc(*)cc5)cc4)cc3)cc2)cc1,155.0
*Oc1ccc(C(C)(C)c2ccc(OCC(O)COc3ccc(C(C)(C)COc4ccc(*)cc4)cc3)cc2Cl)c(Br)c1,75.0
*Oc1ccc(C(C)(C)c2ccc(OCCCCCCOc3ccc(C(C)(C)c4ccc(*)cc4)cc3)cc2)cc1Oc1nccc(/C=C/c2ccccc2)c1C,65.0
*Oc1ccc(C(C)(C)c2ccc(OP(=O)(O*)c3ccc(OC)cc3)cc2)c(O)n1,105.0
*Oc1ccc(C(C)(C)c2ccc(Oc3ccc(*)cc3)cc2)c(C(C)(C)C)c1,155.0
*Oc1ccc(C(C)(C)c2ccc(Oc3ccc(/C(C)=N/c4ccc([N+](=O)[O-])cc4)cc3)cc2C(*)=O)cc1,180.0
*Oc1ccc(C(C)(C)c2ccc(Oc3ccc(/C=N/c4ccc(/C=N/c5ccc(*)cc5)cc4)cc3)cc2)cc1,150.0
*Oc1ccc(C(C)(C)c2ccc(Oc3ccc(/C=N/c4ccc(OC(=O)NC(*)=O)cc4)cc3)cc2)cc1,130.0
*Oc1ccc(C(C)(C)c2ccc(Oc3ccc(C(*)=O)cc3)cc2)cc1OC(=O)c1ccc(OCC(C)(C)C)cc1,120.0
*Oc1ccc(C(C)(C)c2ccc(Oc3ccc(C(=O)CCCCC(=O)c4ccc(*)cc4)c(OC)c3)cc2)cc1OC,75.0
*Oc1ccc(C(C)(C)c2ccc(Oc3ccc(C(=O)N(CSCCCCCCCCCCCC)C(=O)Nc4ccc(*)c(C(F)(F)F)c4)cc3C(=O)O)cc2)cc1,145.0
*Oc1ccc(C(C)(C)c2ccc(Oc3ccc(C(=O)c4ccc(*)cc4)cc3)c(NC(=O)c3ccccc3)c2)cc1,195.0
*Oc1ccc(C(C)(C)c2ccc(Oc3ccc(C(=O)c4ccc(*)cc4)cc3)c(O)c2)cc1-c1ccccc1,175.0
*Oc1ccc(C(C)(C)c2ccc(Oc3ccc(C(=O)c4ccc(*)cc4)cc3)cc2)cc1OC,165.0
*Oc1ccc(C(C)(C)c2ccc(Oc3ccc(C(=O)c4ccc(*)nc4)cc3C(=O)O)cc2)cc1C(C)=O,190.0
*Oc1ccc(C(C)(C)c2ccc(Oc3ccc(C(=O)c4ccc(C(=O)c5ccc(*)cc5)cc4)cc3)cc2)c(F)c1F,175.0
*Oc1ccc(C(C)(C)c2ccc(Oc3ccc(C(=O)c4cccc(C(=O)c5ccc(*)c(Cl)c5)c4)cc3)cc2)cc1Br,175.0
*Oc1ccc(C(C)(C)c2ccc(Oc3ccc(C(=O)c4cccc(C(=O)c5ccc(*)cc5)c4)cc3)cc2)cc1C(C)(C)C,155.0
*Oc1ccc(C(C)(C)c2ccc(Oc3ccc(C(C)(C#N)c4ccc(C=*)cc4)cc3)cc2)cc1,165.0
*Oc1ccc(C(C)(C)c2ccc(Oc3ccc(C(C)(C)c4cc(C)c(O*)c(C(C)C)c4)cc3OC)c(OC)c2)cc1OC,175.0
*Oc1ccc(C(C)(C)c2ccc(Oc3ccc(C(C)(C)c4ccc(Oc5ccc(C(=O)c6ccc(*)cc6)cc5)cc4)c(C)c3)cc2C)cc1C,158.0
*Oc1ccc(C(C)(C)c2ccc(Oc3ccc(NC(=*)c4ccc(OC)cc4)cc3)cc2)cc1Cl,190.0
*Oc1ccc(C(C)(C)c2ccc(Oc3ccc(S(=O)(=O)O*)c(C)c3)c(C)c2)cc1C,155.0
*Oc1ccc(C(C)(C)c2ccc(Oc3cccc(C(=O)c4ccc(*)cc4)c3)cc2)cc1,155.0
*Oc1ccc(C(C)(C)c2ccc(S(=O)(=O)c3ccc(Oc4ccc(*)c(C(=O)O)n4)cc3)cc2)cc1C(F)(F)F,195.0
*Oc1ccc(C(C)(CC)c2ccc(N(C)c3ccc(C#N)cc3)c(S(*)(=O)=O)c2)cc1,195.0
*Oc1ccc(C(C)(CC)c2ccc(OC(*)=O)cc2)cc1C(C)(C)C,160.0
*Oc1ccc(C(C)(CC)c2ccc(OC(=O)CC(C)(C)S(*)(=O)=O)cc2)cc1,85.0
*Oc1ccc(C(C)(CC)c2ccc(OC(=O)CCCCCCCCC(=O)Oc3ccc(C(*)=O)cc3)c(C(=O)O)c2)cc1,55.0
*Oc1ccc(C(C)(CC)c2ccc(OC(=O)OC)cc2C(=O)OCCCCCCOc2ccc(-c3ccc(OC(=O)c4ccc(C(*)=O)cc4)cc3)cc2)cc1,65.0
*Oc1ccc(C(C)(CC)c2ccc(OC(=O)OCC(C)(OBr)OC(*)(C(F)(F)F)C(F)(F)F)cc2)cc1,145.0
*Oc1ccc(C(C)(CC)c2ccc(OC(=O)OCCOCCOC(*)=O)cc2OC)cc1,35.0
*Oc1ccc(C(C)(CC)c2ccc(Oc3ccc(NC(=O)c4ccc(C(=O)Nc5ccc(*)cc5)cc4)cc3)cc2)cc1,195.0
*Oc1ccc(C(C)(CC)c2ccccc2OC(=O)CCCCCCC(*)=O)cc1,15.0
*Oc1ccc(C(C)(CCC(=O)O)c2ccc(OC(=O)CCCCC(*)=O)cc2)cc1,45.0
*Oc1ccc(C(C)(CCC(=O)OCCCCC(*)=O)c2ccc(OCCCCCCOCCOCCOC)cc2)cc1,-20.0
*Oc1ccc(C(C)(CCC(=O)OCc2ccc(OC(*)=O)cc2)C(C)C)cc1,45.0
*Oc1ccc(C(C)(CCC(F)(F)F)c2ccccc2Oc2cccc(C(*)=O)c2)cc1,145.0
*Oc1ccc(C(C)(CCC)c2ccc(OC(*)=O)cc2)cc1C,110.0
*Oc1ccc(C(C)(CCC)c2ccc(OC(=O)OC(C)C(*)=O)cc2)cc1,85.0
*Oc1ccc(C(C)(CCC)c2ccc(OC(=O)OCCCCCCOC(*)=O)cc2)c(C(F)(F)F)c1,45.0
*Oc1ccc(C(C)(CCC)c2ccc(OC(=O)c3cccc(C(*)=O)c3)c(-c3ccccc3)c2)cc1,140.0
*Oc1ccc(C(C)(CCCC)c2ccc(OC(*)=O)c(C)c2)cc1CC,95.0
*Oc1ccc(C(C)(CCCC)c2ccc(OC(=O)c3cc(C(=O)OC(C)CC)c(*)cc3CC)c(Br)c2)cc1Cl,85.0
*Oc1ccc(C(C)(CCCC)c2ccc(OC(=O)c3ccc(OCC(C)CCOC(*)=O)cc3)cc2)cc1,40.0
*Oc1ccc(C(C)(CCCCC)c2ccc(OC(=O)NCCCCCCCCC(*)=O)cc2)cc1,15.0
*Oc1ccc(C(C)(CCOC(F)(F)C(F)(F)C(F)(F)F)c2ccc(*)cc2)cc1,95.0
*Oc1ccc(C(C)(c2ccccc2)c2ccc(*)cc2)cc1OC,155.0
*Oc1ccc(C(C)(c2ccccc2)c2ccc(-c3ccc(*)cc3)cc2)cc1,190.0
*Oc1ccc(C(C)(c2ccccc2)c2ccc(OCC(O)COc3ccc(C(*)=O)cc3OC)cc2)cc1,65.0
*Oc1ccc(C(C)(c2ccccc2)c2ccc(Oc3ccc(*)cc3)c(O)c2)cc1,165.0
*Oc1ccc(C(C)(c2ccccc2)c2ccc(Oc3ccc(C(=*)OC(C)(CCC)CCC)cc3)cc2)cc1,110.0
*Oc1ccc(C(C)(c2ccccc2)c2ccc(Oc3ccc(C(=O)c4ccc(*)cc4)cc3)c(S(=O)(=O)[O][Na])c2)cc1,190.0
*Oc1ccc(C(C)(c2ccccc2)c2ccc(Oc3ccc(C(=O)c4ccc(*)cc4)cc3)cc2)cc1-c1ccc(C)cn1,175.0
*Oc1ccc(C(C)C#CC(C)COc2ccc(/C=N/c3ccc(*)cc3)cc2)cc1,95.0
*Oc1ccc(C(C)CCC[PH](C)(C)c2ccc(OC(=O)OC3CC(C)CC(*)OC3C)cc2)cc1,65.0
*Oc1ccc(C(C)c2ccc(C(=O)Oc3ccc(C(=O)c4ccc(*)cc4)cc3)cc2)cc1C,150.0
*Oc1ccc(C(C)c2ccc(OC(=O)OCCOCCOC(*)=O)cc2P(=O)=O)cc1,45.0
*Oc1ccc(C(C)c2ccc(OC(=O)c3cccc(C(*)=O)c3)cc2)cc1CC(C)C,120.0
*Oc1ccc(C(C)c2cccc(Oc3ccc(NC(=O)c4ccccc4C(=O)OC(=O)c4ccc(S(*)(=O)=O)cc4)cc3)c2)cc1,175.0
*Oc1ccc(C(C=C2CCC[N+]2)OC(=O)Cc2ccc(OC(*)=O)c(OC)c2)cc1S(=O)(=O)O,130.0
*Oc1ccc(C(CC(C)(C)c2ccc(OC(*)=O)c(C(C)(C)C)c2)c2ccccc2-c2ccccc2)cc1,195.0
*Oc1ccc(C(CC)(CC)c2ccc(OC(*)=O)nc2)cc1,115.0
*Oc1ccc(C(CC)(CC)c2ccc(OC(=O)c3cccc(Oc4ccc(C(*)=O)cc4)c3)cc2)cc1,110.0
*Oc1ccc(C(CC)(CCC)c2ccc(OC(=O)OCC(*)OCc3ccc(Cl)cc3)cc2)cc1,45.0
*Oc1ccc(C(CC)(CCC)c2ccc(Oc3ccc(C(=O)NNC(*)=O)cc3)cc2)cc1,140.0
*Oc1ccc(C(CC)(CCCC)c2ccc(OC(=O)c3ccc(C)cc3C(*)=O)cc2)cc1,65.0
*Oc1ccc(C(CC)(c2ccc(OC(=O)Nc3ccc(NC(*)=O)cc3)c(Cl)c2)C(C)C)cc1Cl,130.0
*Oc1ccc(C(CC)(c2ccccc2)c2ccc(Oc3ccc(*)cc3)cc2)cc1,155.0
*Oc1ccc(C(CC)NC(=O)NCCCCCCCOC(*)=O)c(OC)c1,15.0
*Oc1ccc(C(CC)c2ccc(OCC(O)COc3ccc(C(*)=O)cc3)cc2)cc1,55.0
*Oc1ccc(C(CCC(=O)NCCCCCC)C(=O)NC(*)=O)cc1,65.0
*Oc1ccc(C(CCC(F)(F)F)NC(=O)CCc2ccc(OC(*)=O)cc2)cc1,65.0
*Oc1ccc(C(CCC)(CCCCCCCC)c2ccc(NC(=O)c3ccc(C(*)=O)cc3)cc2)cc1,90.0
*Oc1ccc(C(CCC)c2ccc(OC(=O)CCCCC(*)=O)cc2)cc1,10.0
*Oc1ccc(C(CCCC)(COC)C(C)=C(/C=C(/C)CCCOC(=O)O)c2ccc(OC(=O)CCCCC(*)=O)cc2)cc1,25.0
*Oc1ccc(C(CCCC)c2ccc(OC(=O)CCCCCCCC(*)=O)cc2)cc1C(C)C,-20.0
*Oc1ccc(C(CCCC)c2ccc(OC(=O)OCCOP(=O)(O*)c3ccccc3)cc2)cc1,45.0
*Oc1ccc(C(CCCCC)c2ccc(OC(=O)c3ccc(C(*)=O)cc3)cc2)c(C)c1,65.0
*Oc1ccc(C(CCCCCCCCCC)c2ccc(OC(=O)c3cccc(C(*)=O)c3)cc2)cc1-c1ccc(O)cc1O,65.0
*Oc1ccc(C(CCCNCC(C)CC)c2ccc(OC(=O)CCCCCCCC(*)=O)cc2)cc1,-10.0
*Oc1ccc(C(CCO)COC(=O)c2ccc(OCC(=O)OCCCCCCCCCCCOC(=O)c3ccc(C(*)=O)cc3)cc2)cc1Cl,-20.0
*Oc1ccc(C(NC(=O)CCc2ccc(OC(=O)CCCCCCCCC(*)=O)cc2)C(=O)OCCCCCCCC)cc1,-20.0
*Oc1ccc(C(OC(=O)OCC)c2ccc(OC(=O)COCCCCCCCCC(*)=O)cc2)cc1,15.0
*Oc1ccc(C(OC(=O)c2ccc(OC(=O)C(O)CCCC(*)=O)cc2)C(=O)OCCCCCCCC)cc1,15.0
*Oc1ccc(C(Oc2ccc(C(C)C)cc2)c2ccc(OC(*)=S)cc2)cc1,65.0
*Oc1ccc(C([SiH]C)c2ccc(OC(=O)CCCCCCCCC(C)C(C)CC(*)=O)cc2)cc1,-10.0
*Oc1ccc(C(c2ccc(*)cc2)c2ccc(C(F)(F)F)cc2)cc1,165.0
*Oc1ccc(C(c2ccc(O)cc2)c2ccc(OC(=O)c3ccc(C(*)=O)cc3)cc2)cc1OC,155.0
*Oc1ccc(C(c2ccc(OC(*)=O)cc2)C(F)(F)F)c(C(F)(F)F)c1,190.0
*Oc1ccc(C(c2ccc(Oc3ccc(C(=O)c4ccc(*)cc4)cc3)cc2)C(C)(C)c2ccccc2)cc1,155.0
*Oc1ccc(C(c2ccc(Oc3ccc(C(=O)c4ccc(-c5ccc(C(=O)c6ccc(*)cc6)cc5)cc4)cc3)cc2)c2ccc(C(C)(C)C)cc2)cc1,175.0
*Oc1ccc(C(c2ccccc2)(c2ccc(*)cc2)c2ccc(S(=O)(=O)O)cc2)c(F)c1,195.0
*Oc1ccc(C(c2ccccc2)(c2ccc(Cl)cc2)c2ccc(OC(*)=O)c(Cl)c2)cc1,190.0
*Oc1ccc(C(c2ccccc2)(c2ccccc2)c2ccc(Oc3ccc(*)cc3)cc2)cc1,195.0
*Oc1ccc(C(c2ccccc2)(c2ccccc2)c2ccc(Oc3ccc(Oc4ccc(*)cc4)cc3)cc2)cc1,165.0
*Oc1ccc(C(c2ccccc2)(c2ccccc2)c2ccc(Oc3ccc([N+](=O)[O-])cc3)cc2)c(O)c1C(*)=O,190.0
*Oc1ccc(C(c2ccccc2)c2ccc(C(*)=O)cc2)c(S(=O)(=O)c2ccccc2)c1,195.0
*Oc1ccc(C(c2ccccc2)c2ccc(OC(=O)c3ccc(C(*)=O)cc3)cc2)cc1Cl,160.0
*Oc1ccc(C(c2ccccc2)c2ccc(Oc3ccc(C(C)(C)c4ccc(*)c(Br)c4)cc3)cc2)cc1,175.0
*Oc1ccc(C2(C)C=C(OC)C(c3ccc(Oc4ccc(C(=O)OC(C)C(C)C(=O)OC)cc4)c(S(=O)(=O)Nc4ccc(*)cc4)c3)CCCC2)c(OC)c1,155.0
*Oc1ccc(C2(c3ccc(-c4ccc(*)cc4)cc3)C=C2)cc1,190.0
*Oc1ccc(C2(c3ccc(C(C)(C)c4ccc(OC(=O)c5cccc(C(*)=O)c5)cc4)cc3)CCC2)cc1,155.0
*Oc1ccc(C2(c3ccc(OC(=O)CCCCCCCC(*)=O)cc3)C(=O)c3ccccc32)cc1Br,65.0
*Oc1ccc(C2(c3ccc(OC(=O)Nc4ccc(NC(*)=O)cc4)cc3)CCCC2)cc1,160.0
*Oc1ccc(C2(c3ccc(OC(=O)c4cc(C)c(*)c(C)c4C)cc3C)C=C2Br)cc1C(=O)Cl,210.0
*Oc1ccc(C2(c3ccc(OC(=O)c4cc(OC=C)cc(C(*)=O)c4)cc3)C=C2OCCCCCCCC)cc1C#C,95.0
*Oc1ccc(C2(c3ccc(OC(=O)c4ccc(C(=O)Nc5ccc(C(*)=O)cc5)cc4)cc3)CC3CC3CC2C)cc1,195.0
*Oc1ccc(C2CCC(CCCC(*)=O)CC2)cc1,45.0
*Oc1ccc(C2CCN(*)C(=O)CCCCCCCCC2CC)cc1,45.0
*Oc1ccc(C2COc3ccccc3N(C(=O)c3ccc(C(*)=O)cc3)C2=O)cc1OC,260.0
*Oc1ccc(C=*)cc1Oc1cccc(C(F)(F)C(F)(F)C(F)(F)C(F)(F)C(F)(F)C(F)(F)F)c1,85.0
*Oc1ccc(CC(*)=C(C)c2ccc([2H])c(Cl)c2C)cc1,95.0
*Oc1ccc(CC(*)=NCc2ccc(N(NC)c3ccc(Br)cc3)cc2)cc1,65.0
*Oc1ccc(CC(=O)NNC(=O)Cc2ccc(OC(=O)CSC(*)=O)cc2)cc1,85.0
*Oc1ccc(CC(=O)Nc2ccc(Cc3ccc(NC(*)=O)c(C(=O)O)c3)cc2)cc1C(=O)OCCC,180.0
*Oc1ccc(CC(=O)Nc2ccc(OC(=O)Oc3ccc(*)cc3)cc2)cc1,145.0
*Oc1ccc(CC(=O)Nc2ccc(Oc3ccc(S(=O)(=O)c4ccc(Oc5ccc(C(=O)c6ccc(*)cc6)cc5)cc4)c(C)c3)cc2)cc1C,195.0
*Oc1ccc(CC(=O)OC2=CC=C(c3ccc(OC(=O)c4ccc(C(*)=O)cc4)cc3)C2=O)cc1,130.0
*Oc1ccc(CC(=O)OCCCCOC(=O)c2ccc(/C=N/c3ccc(OCCCOc4ccc(/N=N/c5ccc(*)cc5)cc4)cc3)cc2)cc1,85.0
*Oc1ccc(CC(=O)Oc2ccc(C(=O)c3ccc(*)cc3)cc2)cc1OCCO,90.0
*Oc1ccc(CC(C(=O)OCc2ccccc2)c2ccc(OC(=O)CCCCCCC(*)=O)cc2)cc1,15.0
*Oc1ccc(CC(C)(C)c2ccc(OC(=O)C(O)COc3ccc(C(*)=O)cc3)cc2)cc1,65.0
*Oc1ccc(CC(C)(C)c2ccc(OCC(C)COS(=O)(=O)c3ccc(OC(=O)CCCCCC(C)CC(*)=O)cc3)cc2)cc1,45.0
*Oc1ccc(CC(C)(C)c2ccc(S(*)(=O)=O)cc2)cc1OCC,155.0
*Oc1ccc(CC(CC(O)C(O)CO)NC(=O)CCCCCCC(*)=O)cc1,15.0
*Oc1ccc(CC(CC)c2ccc(OC(*)=O)c(OC)c2)cc1OCCCCCCCCCCOc1ccc(C(C)=O)cc1,15.0
*Oc1ccc(CC(CCC(C)(C)CCCc2ccccc2)NC(=O)CCc2ccc(OC(=O)c3ccccc3C(*)=O)cc2)c(OCCCCCC)c1,15.0
*Oc1ccc(CC(CCCCCC)CCCCCCCC)cc1*,-30.0
*Oc1ccc(CC(COC(=O)CCc2ccc(/C=N/c3ccc(OC(C)OC(=O)CCCCCCCCC(*)=O)cc3)cc2)c2ccccc2)cc1,15.0
*Oc1ccc(CC(COC(=O)CCc2ccc(OC(=O)OCCOC(=O)OCCCCOCCC(C)CCCCCCOC(*)=O)cc2)C(=O)OCCCCCCCCCCCC)cc1,-30.0
*Oc1ccc(CC(COc2ccc([N+](=O)[O-])cc2)NC(=O)CCc2ccc(OC(=O)CCC(*)=O)cc2OC)cc1,65.0
*Oc1ccc(CC(NC(=O)C(=O)OCC)c2ccc(OC(*)=O)cc2)c(C)c1,120.0
*Oc1ccc(CC(NC(=O)CCCCCCCCCOc2ccc(OC(=O)OCCCOC(*)=O)cc2)C(=O)OCCCCC)cc1,-10.0
*Oc1ccc(CC(NC(=O)CCCCc2ccc(OC(=O)COCC(*)=O)c(OCCCCCCCC)c2)C(=O)OCCCCCCCCCCCC)cc1,-25.0
*Oc1ccc(CC(NC(=O)CCc2ccc(C(*)=O)cc2)c2ccccc2)cc1,130.0
*Oc1ccc(CC(NC(=O)CCc2ccc(OC(*)=O)cc2)C(=O)OCc2ccc([N+](=O)[O-])cc2)cc1,85.0
*Oc1ccc(CC(NC(=O)CCc2ccc(OC(=O)CC3CCCCC(*)CC3)cc2)C(=O)OCC)cc1,45.0
*Oc1ccc(CC(NC(=O)CCc2ccc(OC(=O)CCCCC(*)=O)cc2)C(=O)OCC#CC)cc1,55.0
*Oc1ccc(CC(NC(=O)CCc2ccc(OC(=O)CCCCCCC(*)=O)c(OC)c2)C(=O)OCC)cc1,15.0
*Oc1ccc(CC(NC(=O)CCc2ccc(OC(=O)CCCCCCC(*)=O)cc2)C(=O)OCCCCCCCC)c(OCC)c1,-20.0
*Oc1ccc(CC(NC(=O)CCc2ccc(OC(=O)CCCCCCCCCCC(*)=O)cc2)NC(=O)OCCOc2ccc([N+](=O)[O-])cc2)cc1,15.0
*Oc1ccc(CC(NC(=O)CCc2ccc(OC(=O)CCCCCCCCCCCCC(*)=O)cc2)C(=O)OCC(C)CCCCCCCOc2ccc(CCCCCC)cc2)cc1,-25.0
*Oc1ccc(CC(NC(=O)CCc2ccc(OC(=O)CCOC(*)=O)cc2)C(=O)OC(=O)OCCOC(C)=O)cc1,45.0
*Oc1ccc(CC(NC(=O)CCc2ccc(OC(=O)CCc3ccc(C(*)=O)cc3)cc2)C(C)(CC)CCCC)cc1,45.0
*Oc1ccc(CC(NC(=O)CCc2ccc(OC(=O)COCC(*)=O)cc2)c2ccc(C(C)C)cc2)cc1,55.0
*Oc1ccc(CC(NC(=O)CCc2ccc(OC(=O)COCCOCCC(*)=O)cc2)C(=O)OCc2ccccc2)cc1,15.0
*Oc1ccc(CC(NC(=O)CCc2ccc(OC(=O)CSC(*)=O)cc2)C(=O)OCCCCCCCCCCCCC)cc1,-20.0
*Oc1ccc(CC(NC(=O)CCc2ccc(OC(=O)OCc3ccc(C(*)=O)cc3)cc2)C(F)(F)F)cc1,95.0
*Oc1ccc(CC(NC(=O)CCc2ccc(OC)cc2)C(OC(=O)c2ccc(Br)cc2)C(*)=O)cc1,130.0
*Oc1ccc(CC(NC(=O)Cc2ccc(*)cc2)c2ccc(C(C)C)cc2)cc1,120.0
*Oc1ccc(CC(NC(=O)Cc2ccc(OC(*)=O)cc2)C(=O)OC(C)CCCCC)cc1,45.0
*Oc1ccc(CC(NC(=O)Cc2ccc(OC(*)=O)cc2)C(=O)OCCCC)cc1,45.0
*Oc1ccc(CC(NC(=O)Cc2ccc(OC(=O)CCCCC(=O)OCCC)cc2)C(=O)OC(C)(C)O*)cc1,45.0
*Oc1ccc(CC(NC(=O)Cc2ccc(OC(=O)CCCCCCC(*)=O)cc2)C(OC)C(OC)OC(C)OCC(C)(C)C)cc1,15.0
*Oc1ccc(CC(NC(=O)Cc2ccc(OC(=O)CCCCCCCC(*)=O)cc2)C(=O)OCCCC)cc1,15.0
*Oc1ccc(CC(NC(=O)Cc2ccc(OC(=O)CCCCCCCCC(*)=O)cc2)C(=O)OCCCO)cc1,15.0
*Oc1ccc(CC(NC(=O)Cc2cccc(C(=O)O)c2)C(=O)C(*)=O)cc1,145.0
*Oc1ccc(CC(NC(=O)c2ccc(*)cc2)c2ccc(C(=O)OCC)cc2)cc1,145.0
*Oc1ccc(CC(NC(=O)c2ccc(OC(*)=O)cc2)C(=O)OCCCCCC)cc1,65.0
*Oc1ccc(CC(NC(C(*)=O)=C(OC)C(=O)O)c2ccc(C(F)(F)F)cc2)cc1,210.0
*Oc1ccc(CC(OC)c2ccc(OC(=O)c3cccc(C(*)=O)c3)cc2)cc1,65.0
*Oc1ccc(CC(OCCCCCC)c2ccc(OC(=O)COCCOCCOCCOCCOCCOC(*)=O)cc2)cc1,-25.0
*Oc1ccc(CC(SCC(C)(C)C)c2ccc(OC(=O)COCC(*)=O)cc2)cc1,45.0
*Oc1ccc(CCC(=O)Nc2ccc(OC(=O)CCCCCCCCC(=O)Oc3ccc(C(*)=O)cc3)cc2)cc1,55.0
*Oc1ccc(CCC(=O)Nc2ccc(Oc3ccc(C(=O)OCC(*)c4ccc(OC)cc4)cc3)cc2)cc1,95.0
*Oc1ccc(CCC(OCc2ccccc2)c2ccc(N(*)C)cc2)cc1,55.0
*Oc1ccc(CCCC(C)C)cc1C(*)=O,55.0
*Oc1ccc(CCCCCCCCC(*)=O)cc1CCCCCCCCCCCCC,-35.0
*Oc1ccc(CCCCCCCCCc2ccc(OC(=O)OCCCCCCOc3ccc(/C=N/c4ccc(*)cc4)cc3)cc2)cc1,5.0
*Oc1ccc(CCCCCCCCc2ccc(*)cc2)cc1CCCCCCCCOc1cccc(/N=N/c2ccccc2)c1,15.0
*Oc1ccc(CCCCc2ccc(Oc3ccc(C(=*)C#N)cc3)cc2)cc1,65.0
*Oc1ccc(CCCOc2ccc(NC(=O)CCCC#CC(=O)Nc3ccc(O*)cc3)cc2)cc1,110.0
*Oc1ccc(CCCc2ccc(OC(=O)CCCCCCCCC(*)=O)cc2)c(C)c1C,-10.0
*Oc1ccc(CCNC(=O)CCCCCCCCCCC(=O)Nc2ccc(Cc3ccc(O*)cc3)cc2)cc1,45.0
*Oc1ccc(CCNC(=O)c2ccc(/N=C/c3ccc(OC(*)=O)cc3)cc2)c(C(=O)O)c1,145.0
*Oc1ccc(CCNCC(=O)Nc2ccc(Oc3ccc(C(C)(C)c4ccc(*)cc4)cc3)cc2)cc1,95.0
*Oc1ccc(CCOc2ccc(OC(=O)CCCCCC(*)=O)cc2SCCCC)cc1,15.0
*Oc1ccc(CCc2ccc(OC(=O)CCCCC(*)=O)cc2)cc1-c1ccccc1,45.0
*Oc1ccc(CCc2ccc(OC(=O)c3cccc(C(*)=O)c3)cc2)cc1C,65.0
*Oc1ccc(CCc2ccc(OC(=O)c3ccccc3NC(=O)CCCCCCCCC(*)=O)cc2)cc1,45.0
*Oc1ccc(CCc2ccc(OCC(*)C)cc2)cc1,40.0
*Oc1ccc(CN(CC)CCc2ccc(OC(*)=O)cc2)cc1,45.0
*Oc1ccc(CNC(=O)NCCCCCCNC(*)=O)cc1,65.0
*Oc1ccc(COC(=O)/C=C/c2ccc(C(=O)Oc3ccc(OC(=O)Cc4ccc(NC(*)=O)cc4)cc3)cc2)cc1,120.0
*Oc1ccc(COC(=O)CCCCC(*)=O)cc1-c1ccc(I)c(Cl)c1,45.0
*Oc1ccc(COC(=O)NCCSCCCCCCCCCCCCCCNC(=O)Oc2ccc(O*)cc2OCCCC)cc1,-20.0
*Oc1ccc(COC(=O)c2ccc(OCC(C)CCC(*)=O)cc2)cc1,45.0
*Oc1ccc(COc2ccc(/N=N/c3ccc(OC(*)=O)cc3)cc2)cc1,95.0
*Oc1ccc(Cc2cc(Br)cc(C(*)=O)c2)cc1C,130.0
*Oc1ccc(Cc2cc(OCC)c(*)cc2OC)cc1OCC,85.0
*Oc1ccc(Cc2ccc(C(*)=O)cc2)c(OCC(O)COc2ccc(C)cc2)c1,65.0
*Oc1ccc(Cc2ccc(C(*)=O)cc2Sc2ccccc2)cc1,120.0
*Oc1ccc(Cc2ccc(OC(=O)c3ccc(OCCCC)c(NC(*)=O)c3)cc2)cc1,90.0
*Oc1ccc(Cc2ccc(OC(=O)c3ccccc3Oc3ccc(C(=O)OC)cc3)c(C(*)=O)c2)cc1C(=O)SCCCCCOc1ccccc1,65.0
*Oc1ccc(Cc2ccc(OCC(O)COC(*)=O)cc2)cc1,65.0
*Oc1ccc(Cl)c(*)c1Sc1ccccc1,95.0
*Oc1ccc(Cl)cc1N=C(Oc1ccccc1)Oc1ccc(-c2ccc(OC(*)=O)cc2)cc1,140.0
*Oc1ccc(N(C)C(=O)c2ccc(-c3ccc(C(*)=O)cc3)cc2)c(O)c1,210.0
*Oc1ccc(N(C)c2ccc(Oc3ccc(*)cc3)cc2)cc1,90.0
*Oc1ccc(N(C=C[N+](C)(C)C)C(=O)CCc2ccc(OC(=O)CCCC(*)=O)cc2)cc1,65.0
*Oc1ccc(N(c2ccccc2)c2ccc(-c3ccc(*)cc3)cc2)cc1,150.0
*Oc1ccc(N(c2ccccc2)c2ccc(OC(*)=O)cc2)cc1OC,130.0
*Oc1ccc(NC#Cc2ccc(OC(=O)CCCCCCCCCCC(*)=O)cc2)cc1,45.0
*Oc1ccc(NC(*)Oc2ccccc2)cc1,120.0
*Oc1ccc(NC(=O)CCC(C)CC(*)=O)cc1,90.0
*Oc1ccc(NC(=O)CCCC(=O)NCc2ccc(*)cc2)cc1C,120.0
*Oc1ccc(NC(=O)CCCC(=O)Oc2ccc(-c3ccc(S(=O)(=O)c4ccc(*)cc4)cc3)cc2)cc1,145.0
*Oc1ccc(NC(=O)CCCCC(=O)Nc2ccc(C(*)=O)cc2)cc1,130.0
*Oc1ccc(NC(=O)CCCCCCCC(=O)Nc2ccc(C(=O)c3ccc(C(*)=O)cc3)c(C)c2)cc1C,130.0
*Oc1ccc(NC(=O)CCCCCCCCC(=O)Nc2ccc(C(=O)OC(=O)c3ccc(/C=N/c4ccc(C(*)=O)cc4)cc3)cc2)cc1,145.0
*Oc1ccc(NC(=O)CCCCCCCCCCC(=O)Nc2ccc(C(=O)Oc3ccc(C(C)(C)c4ccc(C(C)(C)c5ccc(*)cc5)cc4)cc3)cc2)cc1,110.0
*Oc1ccc(NC(=O)CCCCCCCCCCCCC(=O)Nc2ccc(Oc3ccc(Oc4ccc(C(=O)c5ccc(*)cc5)cc4)cc3)cc2)cc1,95.0
*Oc1ccc(NC(=O)CCCCCc2ccc(C(*)=O)cc2)cc1,90.0
*Oc1ccc(NC(=O)CCCCc2ccc(C(*)=O)cc2S(=O)(=O)[O][Na])cc1,150.0
*Oc1ccc(NC(=O)CCCS(=O)(=O)NC(C)NC(=O)c2ccc(C(C)(C)c3ccc(C(*)=O)cc3)cc2)cc1,145.0
*Oc1ccc(NC(=O)CCOC(=O)c2ccc(C(*)=O)cc2)c(OC(C)=O)c1,105.0
*Oc1ccc(NC(=O)CNc2ccc(Cc3ccc(Nc4cccc(NC(*)=O)c4)cc3)cc2)cc1,190.0
*Oc1ccc(NC(=O)Cc2cc(C(=O)OCCCCCC)c(C(*)=O)cc2OC)c(C)c1,95.0
*Oc1ccc(NC(=O)Cc2cc(OCCCCCCCCCCCC)c(OC(=O)CCCCCCCCCCCC(*)=O)c(OC)c2Cl)c(Cl)c1,15.0
*Oc1ccc(NC(=O)Cc2ccc(CC(C)(C)c3ccc(C(*)=O)cc3)cc2)cc1,145.0
*Oc1ccc(NC(=O)NCCCCNC(*)=S)cc1,65.0
*Oc1ccc(NC(=O)NCc2ccc(Cc3ccc(NC(=O)Nc4ccc(Cc5ccc(*)nc5)cc4)cc3)cc2)cc1,145.0
*Oc1ccc(NC(=O)NNC(=O)c2ccc(C(=O)Nc3ccc(Cc4ccc(NC(=O)Nc5ccc(*)cc5)cc4)cc3)cc2)cc1,210.0
*Oc1ccc(NC(=O)Nc2cc(C(=O)O)cc(C(=O)Nc3cccc(*)c3)c2)cc1,270.0
*Oc1ccc(NC(=O)Nc2ccc(CCc3cc(C)c(C)c(NC(*)=O)c3)cc2)cc1C,180.0
*Oc1ccc(NC(=O)Nc2ccc(Cc3ccc(C(*)=O)cc3)cc2)cc1C(=O)OCC(C)C,145.0
*Oc1ccc(NC(=O)Nc2ccc(NC(=O)Oc3ccc(C(C)CCC(*)=O)cc3)cc2)cc1,145.0
*Oc1ccc(NC(=O)Nc2ccc(OCCOC(=O)CCCCC(*)=O)cc2)cc1,65.0
*Oc1ccc(NC(=O)Nc2ccc(Oc3ccc(C(C)(C)c4ccc(NC(=O)NCCCCCCCCCCCCCCCNC(*)=O)cc4)cc3)cc2)cc1,80.0
*Oc1ccc(NC(=O)Nc2ccc(Sc3ccc(C(=O)Nc4ccc(*)cc4)cc3)cc2)cc1,200.0
*Oc1ccc(NC(=O)OCCCCCCCCOC(=O)Nc2ccc(Oc3ccc(OC(*)=O)cc3)cc2)c(OC(=O)OCC)c1,45.0
*Oc1ccc(NC(=O)OCCCCCCCOc2ccc(C(*)=O)cc2)cc1,65.0
*Oc1ccc(NC(=O)OCCCCCCOc2ccc(C(=O)Oc3ccc(/C=C/C(=O)c4ccc(*)cc4C(F)(F)F)cc3)cc2Cl)cc1,95.0
*Oc1ccc(NC(=O)c2cc(*)c(Cl)c(Cl)c2)cc1C,210.0
*Oc1ccc(NC(=O)c2cc(/C=N/c3ccc(*)cc3)cc(OCCCCC)c2)cc1CC,130.0
*Oc1ccc(NC(=O)c2cc(C#N)cc(C(*)=O)c2)cc1C,250.0
*Oc1ccc(NC(=O)c2cc(C(*)=O)c(C=O)cc2C)cc1C,210.0
*Oc1ccc(NC(=O)c2cc(C(*)=O)cc(C(F)(F)C(F)(F)C(F)(F)C(F)(F)F)c2)cc1C,220.0
*Oc1ccc(NC(=O)c2cc(C(=O)Nc3ccc(*)cc3)c(C)cc2C)cc1C,280.0
*Oc1ccc(NC(=O)c2cc(C(=O)O)c(C(*)=O)cc2C)cc1O,260.0
*Oc1ccc(NC(=O)c2cc(C(=O)O)c(C(=O)Nc3ccc(*)cc3)c(C(=O)O)c2)cc1C(C)(C)C,280.0
*Oc1ccc(NC(=O)c2cc(C(=O)Oc3ccc(C(C)c4ccc(OC(=O)c5ccc(C(*)=O)cc5)cc4)cc3)ccc2N)cc1,180.0
*Oc1ccc(NC(=O)c2cc(C(C)(C)C)c(C(*)=O)cc2S(=O)(=O)O)cc1CCCC,210.0
*Oc1ccc(NC(=O)c2cc(CCCC(N)CCCCCC(C)(C)C)c(*)cc2C)cc1,90.0
*Oc1ccc(NC(=O)c2cc(NC(=O)CCCCC(=O)Nc3ccc(*)cc3)cc(C(CCCCCC)OCC)c2)cc1,130.0
*Oc1ccc(NC(=O)c2cc(NC(=O)c3ccc(OC(C)=O)cc3)cc(C(*)=O)c2)cc1,250.0
*Oc1ccc(NC(=O)c2cc(NC(=O)c3cccc(NC(=O)OCC)c3)cc(C(*)=O)c2)c(C(=O)O)c1,260.0
*Oc1ccc(NC(=O)c2cc(OCC(C)(C)C)cc(C(*)=O)c2)cc1Cl,150.0
*Oc1ccc(NC(=O)c2cc(OCCC(C)C)c(C(*)=O)cc2C(=O)OCCCCCCCCCC)cc1,45.0
*Oc1ccc(NC(=O)c2cc(OCCCCCCCC)c(*)cc2CCCC)cc1N=C(C#N)C#N,95.0
*Oc1ccc(NC(=O)c2cc(OCCCCCCCCCCC(*)=O)cc(C(=O)OCCC)c2)cc1Cl,45.0
*Oc1ccc(NC(=O)c2cc(OCCCCCCCCCCCC)c(C(*)=O)cc2S(=O)(=O)O)cc1,130.0
*Oc1ccc(NC(=O)c2cc(OCCCCCCCCCCCCCCCC)cc(C(=O)O)c2)c(*)c1O,65.0
*Oc1ccc(NC(=O)c2cc(OCCCCCCCCCCCCCCCCCCCC)cc(OC(=O)NCCCCCCCCCCNC(*)=O)c2)cc1,5.0
*Oc1ccc(NC(=O)c2cc(OCCCCCCCCCCCCCCCCCCCCCCCC)cc(C(*)=O)c2CC)c(CCC)c1,15.0
*Oc1ccc(NC(=O)c2ccc(-c3ccc(-c4ccc(-c5ccc(NC(=O)c6ccc(*)cc6)cc5)cc4)cc3)cc2)cc1,280.0
*Oc1ccc(NC(=O)c2ccc(-c3ccc(C(*)=O)c(OC)c3)cc2OCCC(CC)CCC)c(OCCCCCCCCCC)c1,65.0
*Oc1ccc(NC(=O)c2ccc(-c3ccc(C(=O)NCC(=O)Nc4ccc(*)cc4)cc3)cc2)cc1,280.0
*Oc1ccc(NC(=O)c2ccc(-c3ccc(C(=O)Nc4ccc(*)cc4)cc3)c(C)c2)cc1C,280.0
*Oc1ccc(NC(=O)c2ccc(-c3ccc(C(=O)Nc4ccc(C(=O)Nc5ccc(C(=O)Nc6ccc(S(*)(=O)=O)cc6)cc5)cc4)cc3)cc2)cc1,285.0
*Oc1ccc(NC(=O)c2ccc(-c3ccc(C(=O)OCCCCC(=O)Nc4ccc(OCc5ccc(*)cc5)cc4)cc3)cc2)cc1,110.0
*Oc1ccc(NC(=O)c2ccc(-c3ccc(C(C)(C)c4ccc(C(C(*)=O)C(F)(F)F)cc4)cc3)cc2)cc1,220.0
*Oc1ccc(NC(=O)c2ccc(/C=C/C(C#N)N(*)C)cc2)cc1,165.0
*Oc1ccc(NC(=O)c2ccc(C(*)=O)cc2)c(C(F)(F)F)c1,250.0
*Oc1ccc(NC(=O)c2ccc(C(*)=O)cc2-c2ccccc2)cc1-c1ccccc1,280.0
*Oc1ccc(NC(=O)c2ccc(C(*)=O)cc2C(=O)O)c(C(=O)OCCCC)c1,210.0
*Oc1ccc(NC(=O)c2ccc(C(=O)Nc3cc(SCC)c(*)cc3OCCCCCCCCCCCCCC)cc2)cc1,65.0
*Oc1ccc(NC(=O)c2ccc(C(=O)Nc3ccc(*)cc3)cc2)c(C(F)(F)F)c1,280.0
*Oc1ccc(NC(=O)c2ccc(C(=O)Nc3ccc(*)cc3)cc2)c(N=NC(=O)c2ccc(I)cc2)c1,250.0
*Oc1ccc(NC(=O)c2ccc(C(=O)Nc3ccc(-c4ccc(CC(=O)c5ccc(C(=O)c6ccc(*)cc6)cc5)cc4)cc3)cc2)cc1,220.0
*Oc1ccc(NC(=O)c2ccc(C(=O)Nc3ccc(-c4ccc(NC(=O)c5ccc(/C=C/Cc6ccc(N(*)C)cc6)cc5)cc4)cc3)cc2)cc1,245.0
*Oc1ccc(NC(=O)c2ccc(C(=O)Nc3ccc(/C=N/c4ccc(N(*)c5ccccc5)cc4)cc3)cc2)cc1,235.0
*Oc1ccc(NC(=O)c2ccc(C(=O)Nc3ccc(C(=O)c4ccc(/C=N/c5ccc(*)cc5)cc4)cc3)cc2)cc1,220.0
*Oc1ccc(NC(=O)c2ccc(C(=O)Nc3ccc(NC(=O)c4ccc(*)cc4)c(C(C)C)c3)c(C(C)(C)C)c2)cc1,260.0
*Oc1ccc(NC(=O)c2ccc(C(=O)Nc3ccc(OC)cc3)c(C(*)=O)c2)c(CCCCCCCCC)c1,145.0
*Oc1ccc(NC(=O)c2ccc(C(=O)Nc3ccc(S(=O)(=O)c4ccc(/N=C/c5ccc(C(=O)c6ccc(*)cc6)cc5)cc4)cc3)cc2)cc1,235.0
*Oc1ccc(NC(=O)c2ccc(C(=O)OCN(CCCCCO)CCNC(=O)COc3ccc(*)cc3)cc2)cc1,65.0
*Oc1ccc(NC(=O)c2ccc(C(=O)Oc3ccc(*)cc3)c(Br)c2)cc1CCCCCCC,110.0
*Oc1ccc(NC(=O)c2ccc(C(=O)Oc3cccc(C(C)(C)c4ccc(*)cc4)c3)cc2)cc1,165.0
*Oc1ccc(NC(=O)c2ccc(C(=O)c3ccc(P(=O)(O)c4ccc(OC(=O)c5ccc(C(*)=O)cc5)cc4)cc3)cc2)cc1,210.0
*Oc1ccc(NC(=O)c2ccc(C(C)(C)c3ccc(*)cc3)cc2C(C)F)c(C)c1,195.0
*Oc1ccc(NC(=O)c2ccc(C(C)(C)c3ccc(NC(=O)c4ccc(C(=O)Nc5ccc(*)cc5)cc4)cc3)cc2)cc1C,260.0
*Oc1ccc(NC(=O)c2ccc(C(c3ccccc3)c3ccc(C(=O)/C=C/c4ccc(*)cc4)cc3)cc2)cc1,165.0
*Oc1ccc(NC(=O)c2ccc(NC(=O)CCCCCCCCC(=O)Nc3ccc(C(=O)Nc4ccc(*)cc4)cc3)cc2)cc1,130.0
*Oc1ccc(NC(=O)c2ccc(NC(=O)CCCCCCCCC(=O)Nc3ccc(C(=O)c4ccc(*)cc4)cc3)cc2)cc1,130.0
*Oc1ccc(NC(=O)c2ccc(NC(=O)CCCCn3c(=O)c4cc5c(=O)n(*)c(=O)c5cc4c3=O)cc2-c2ccccc2)c2ccccc12,280.0
*Oc1ccc(NC(=O)c2ccc(NC(=O)c3ccc(C(=O)Nc4ccc(C(=O)Nc5ccc(*)cc5)cc4)cc3)cn2)cc1,280.0
*Oc1ccc(NC(=O)c2ccc(NC(=O)c3ccc(C(=O)Nc4ccc(S(=O)(=O)c5ccc(NC(=O)c6ccc(*)cc6)cc5)cc4)cc3)cc2)cc1C(=O)OCC,265.0
*Oc1ccc(NC(=O)c2ccc(NC(=O)c3ccc(C(=O)c4ccc(C(=O)Nc5ccc(*)cc5)cc4)cc3)cc2)cc1,280.0
*Oc1ccc(NC(=O)c2ccc(OC(=O)CCCCC(*)=O)cc2)c(CCCC)c1,65.0
*Oc1ccc(NC(=O)c2ccc(OC(=O)CCCCC(*)=O)cc2C)c(C)c1,95.0
*Oc1ccc(NC(=O)c2ccc(OC(=O)CCCCCCC(*)=O)cc2Sc2ccc(OC)cc2)cc1,65.0
*Oc1ccc(NC(=O)c2ccc(OCCCCCCOc3ccc(C(*)=O)cc3)cc2)cc1OCC(CC)CCCC,25.0
*Oc1ccc(NC(=O)c2ccc(Oc3ccc(C(*)=O)cc3)cc2)cc1C,190.0
*Oc1ccc(NC(=O)c2ccc(Oc3ccc(C(=O)Nc4ccc(Oc5ccc(C(C)(C)c6ccc(*)cc6)cc5)cc4)cc3)cc2)cc1,195.0
*Oc1ccc(NC(=O)c2ccc(Oc3ccc(C(=O)Nc4cccc(NC(=O)Cc5ccc(*)cc5)c4)cc3)cc2)cc1,190.0
*Oc1ccc(NC(=O)c2ccc(Oc3ccc(C(C)(C)c4ccc(C(*)=O)c(O)c4)cc3)cc2)cc1,195.0
*Oc1ccc(NC(=O)c2ccc(Oc3ccc(C(C)(C)c4ccc(OC(*)=O)cc4)cc3)cc2Oc2ccc(C(O)C(C)CC)cc2)cc1,145.0
*Oc1ccc(NC(=O)c2ccc(Oc3ccc(S(=O)(=O)c4ccc(Oc5ccc(C(=O)Nc6ccc(*)cc6)cc5)cc4)cc3)cc2)cc1,220.0
*Oc1ccc(NC(=O)c2ccc(S(=O)(=O)Sc3ccc(C(*)=O)cc3)cc2)cc1,180.0
*Oc1ccc(NC(=O)c2ccc(S(=O)(=O)c3ccc(/N=C/c4ccc(*)cc4)cc3)cc2)cc1,195.0
*Oc1ccc(NC(=O)c2ccc(S(=O)(=O)c3ccc(Cc4ccc(C(*)(C(F)(F)F)C(F)(F)F)cc4)cc3)cc2)cc1,195.0
*Oc1ccc(NC(=O)c2ccc(S(=O)(=O)c3ccc(OC(=O)c4ccc(OCCCCC)cc4)cc3)cc2)c(Oc2ccc(Oc3ccc(C(=O)c4ccc(*)cc4)cc3)cc2)n1,135.0
*Oc1ccc(NC(=O)c2ccc(S(=O)(=O)c3ccc(Oc4ccc(C(=O)OC(C)NC(*)=O)cc4)cc3)cc2)c(C(F)(F)F)c1,215.0
*Oc1ccc(NC(=O)c2ccc([PH](C)(C)c3ccc(OC(=O)c4ccc(C(*)=O)cc4)cc3)cc2)cc1,175.0
*Oc1ccc(NC(=O)c2cccc(C(=O)Nc3ccc(*)cc3)c2)c2ccccc12,280.0
*Oc1ccc(NC(=O)c2cccc(C(=O)Nc3ccc(Oc4ccc(NC(=O)c5ccc(NC(=O)c6ccc(*)cc6)cc5)cc4)cc3)c2)cc1,280.0
*Oc1ccc(NC(=O)c2ccccc2-c2ccc(C(=O)NNC(=O)C(C)COC(=O)OCCOC(*)=O)cc2)cc1,145.0
*Oc1ccc(NC(=O)c2ccccc2C(=O)OC(=O)c2ccc(-c3ccccc3C(*)=O)cc2)cc1,210.0
*Oc1ccc(NC(=O)c2ccccc2NC(=O)c2ccc(-c3ccc(C(*)=O)cc3)cc2)cc1,260.0
*Oc1ccc(Nc2ccc(*)cc2CCCC)cc1,90.0
*Oc1ccc(Nc2ccc(-c3ccc(/C=N/CCCCCCCCCCC/C=C/c4ccc(*)cc4)cc3)cc2)cc1,65.0
*Oc1ccc(Nc2ccc(-c3ccc(NC(=O)c4ccc(C(=O)Nc5ccc(*)cc5)c(C(C)C)c4)cc3)cc2)cc1,280.0
*Oc1ccc(Nc2ccc(OC(=O)c3cc(OCCCCCC)c(C(*)=O)cc3Br)cc2OCC(C)(C)CCC)cc1O,105.0
*Oc1ccc(Nc2ccc(Oc3ccc(NC(=O)c4cccc(C(=O)Oc5ccc(C(=O)c6ccc(*)cc6)cc5)c4)cc3)cc2)cc1,190.0
*Oc1ccc(O)c(C(=O)Oc2ccc(OC(=O)CCCCCCCCC(*)=O)cc2)c1,55.0
*Oc1ccc(OC(=O)CCC(F)(F)C(F)(F)C(F)(F)C(F)(F)C(F)(F)C(F)(F)C(Cl)(OC(F)(F)C(*)(F)F)C(F)(F)F)cc1,45.0
*Oc1ccc(OC(=O)CCCCCC(=O)OCCC(*)=O)cc1,30.0
*Oc1ccc(OC(=O)CCCCCCCC(=O)Oc2ccc(OC(=O)CCCCC(*)=O)cc2)cc1,30.0
*Oc1ccc(OC(=O)CCCSCCCCCCCCCCCCC(*)=O)cc1,-20.0
*Oc1ccc(OC(=O)COc2ccc(C(=O)Nc3cccc(S(*)(=O)=O)c3)cc2)cc1,165.0
*Oc1ccc(OC(=O)Cc2ccc(C(*)=O)cc2S(=O)(=O)O)cc1,145.0
*Oc1ccc(OC(=O)Cc2ccc(COC(=O)CCCCCCCCC(*)=O)cc2)cc1,-10.0
*Oc1ccc(OC(=O)Cc2ccc(Cc3ccc(C(*)=O)cc3)cc2)cc1,90.0
*Oc1ccc(OC(=O)Cc2ccc([Si](*)(C)c3ccccc3)cc2)cc1-c1ccccc1,95.0
*Oc1ccc(OC(=O)OCCCCOc2ccc(-c3ccc(OC(=O)CCCCCCCCCCC(*)=O)cc3)cc2)cc1,15.0
*Oc1ccc(OC(=O)OCCOCCOCCOCCCCCCOC(*)=O)cc1,-20.0
*Oc1ccc(OC(=O)OC[Si](C)(C)CCCCOC(*)=O)cc1OC,10.0
*Oc1ccc(OC(=O)Oc2ccc(C(C)(c3ccccc3)c3ccc(C(=O)SC(*)=O)cc3)cc2)c(C)c1,160.0
*Oc1ccc(OC(=O)c2cc(Br)cc(C(*)=O)c2)c(C(=O)O)c1,210.0
*Oc1ccc(OC(=O)c2cc(C(*)=O)cc(C(=O)OCCCCCCCC)c2)cc1C(=O)OCCCCCCC,20.0
*Oc1ccc(OC(=O)c2cc(C(*)=O)cc(C(F)(F)F)c2)cc1C(=O)c1ccccc1,180.0
*Oc1ccc(OC(=O)c2cc(C(*)=O)ccc2/C=C/c2ccc(Cl)cc2)cc1,145.0
*Oc1ccc(OC(=O)c2cc(C)c(C(*)=O)cc2OCCCCCC)cc1,90.0
*Oc1ccc(OC(=O)c2cc(C)c(C(=O)Oc3ccc(Oc4ccc(C(*)=O)cc4)cc3OC)c(C(=O)O)c2)cc1C,165.0
*Oc1ccc(OC(=O)c2cc(NC(=O)C(CC(*)=O)c3ccc(OCCOCCOC)cc3)cc(OCCCCCCCCCC)c2)cc1C,45.0
*Oc1ccc(OC(=O)c2cc(NC(=O)NCCCCCCNC(*)=O)cc(S(=O)(=O)O)c2)cc1OC,130.0
*Oc1ccc(OC(=O)c2cc(OC)c(OCC(*)=O)c(OCCC)c2)cc1,65.0
*Oc1ccc(OC(=O)c2cc(OCC(O)COc3ccc(C(*)=O)cc3)cc(C(=O)O)c2)cc1C(=O)OCCCCCCCCCC,45.0
*Oc1ccc(OC(=O)c2cc(OCCCCCC)c(OC(*)=O)c(Cl)c2Br)cc1,65.0
*Oc1ccc(OC(=O)c2cc(OCCCCCC)c(OC(*)=O)cc2OC)cc1,65.0
*Oc1ccc(OC(=O)c2cc(OCCCCCCCCCC)c(*)cc2C)cc1C,15.0
*Oc1ccc(OC(=O)c2cc(OCCCCCCCCCC)c(C(*)=O)cc2SC=C)c(OCCCCCCCCCC)c1,45.0
*Oc1ccc(OC(=O)c2cc(OCCCCCCCCCCCCCC)c(C(*)=O)cc2I)cc1-c1ccccc1,45.0
*Oc1ccc(OC(=O)c2cc(OCCCCCCCCCCCCCC)c(C(*)=O)cc2OCCCCCCCCCCCC)cc1OCCCCCCCCC,-20.0
*Oc1ccc(OC(=O)c2cc(OCCCCCCCCCCCCCC)cc(C(=O)OCCCCCCCCOc3ccc(-c4ccc(OCc5ccc(OC(=O)CCCCC(*)=O)cc5)cc4)cc3)c2)cc1,-15.0
*Oc1ccc(OC(=O)c2cc(OCCCCCCCCCCCCCCCCCC)c(C(*)=O)cc2OCCCCCCCCCCCC)cc1OC(=O)CCCCCCCCCCCCCCCCCCC,-20.0
*Oc1ccc(OC(=O)c2cc(OCCOCCOCCOCC)c(C(*)=O)cc2OCCCCCCCCCCCCCC)cc1,-10.0
*Oc1ccc(OC(=O)c2ccc(-c3ccc(C(*)=O)cc3)cc2)cc1C(C)=O,160.0
*Oc1ccc(OC(=O)c2ccc(-c3ccc(C(*)=O)cc3)cc2)cc1C=C,150.0
*Oc1ccc(OC(=O)c2ccc(-c3ccc(C(*)=O)cc3)cc2Br)c(OC)c1,150.0
*Oc1ccc(OC(=O)c2ccc(-c3ccc(C(*)=O)cc3)cc2C(F)(F)F)c(Oc2ccccc2)c1,165.0
*Oc1ccc(OC(=O)c2ccc(-c3ccc(C(*)=O)cc3)cc2Cl)cc1-c1ccc(C(=O)OC(C)COc2ccc(C(=O)Oc3ccc(C)cc3)cc2)cc1,145.0
*Oc1ccc(OC(=O)c2ccc(-c3ccc(C(=O)c4ccc(OC(=O)c5cc(C(*)=O)cc(C(F)(F)F)c5)cc4)cc3)cc2)c(C(F)(F)F)c1,195.0
*Oc1ccc(OC(=O)c2ccc(/C=C/c3ccc(*)c(C(C)C)c3)c(OCCCCCCCC)c2)cc1C(C)(C)C,45.0
*Oc1ccc(OC(=O)c2ccc(/N=C(\C)c3ccc(/C=N/c4ccc(OCc5ccc(*)cc5)cc4)cc3)cc2)cc1,120.0
*Oc1ccc(OC(=O)c2ccc(C(*)=O)c(C(=O)OC)c2)cc1-c1ccc(Br)cc1,155.0
*Oc1ccc(OC(=O)c2ccc(C(*)=O)c(C(=O)OCC)c2)cc1C(=O)OCCCCCCCCCCCC,30.0
*Oc1ccc(OC(=O)c2ccc(C(*)=O)c(C)c2)cc1,130.0
*Oc1ccc(OC(=O)c2ccc(C(*)=O)cc2)c(C(=O)OCCOC(C)C)c1,45.0
*Oc1ccc(OC(=O)c2ccc(C(*)=O)cc2)c(C)c1C#N,140.0
*Oc1ccc(OC(=O)c2ccc(C(*)=O)cc2)cc1C(=O)OCCCCC,65.0
*Oc1ccc(OC(=O)c2ccc(C(*)=O)cc2C)c(Cl)c1Br,130.0
*Oc1ccc(OC(=O)c2ccc(C(*)=O)cc2Oc2ccc(-c3ccc(C(=O)OC)cc3)cc2)cc1,155.0
*Oc1ccc(OC(=O)c2ccc(C(*)=O)cc2Oc2ccc(-c3ccc(C(=O)Oc4ccc(C(C)(C)C)cc4)cc3)cc2)cc1,145.0
*Oc1ccc(OC(=O)c2ccc(C(*)=O)cc2SC(=O)c2ccccc2)cc1,140.0
*Oc1ccc(OC(=O)c2ccc(C(*)=O)cc2Sc2ccccc2)cc1Oc1ccc(/N=N/c2ccc(Cl)cc2)cc1,145.0
*Oc1ccc(OC(=O)c2ccc(C(*)=O)cc2Sc2ccccc2)cc1Oc1ccccc1C(=O)OCCOc1ccc(-c2ccccc2)cc1,110.0
*Oc1ccc(OC(=O)c2ccc(C(*)=O)cc2Sc2ccccc2C)cc1CCCCC(C)C,65.0
*Oc1ccc(OC(=O)c2ccc(C(=O)NCCCCCCCCCCNC(=O)c3ccc(*)cc3)cc2)cc1,90.0
*Oc1ccc(OC(=O)c2ccc(C(=O)NNC(=O)c3ccc(OC(=O)c4ccc(*)cc4)cc3)c(C)c2)cc1C,210.0
*Oc1ccc(OC(=O)c2ccc(C(=O)Nc3ccc(Oc4ccc(NC(=O)c5ccc(OCCC[Si](C)(C)c6ccc(*)cc6)cc5)cc4)cc3)cc2)cc1,150.0
*Oc1ccc(OC(=O)c2ccc(C(=O)OC(=O)c3ccccc3C(*)=O)cc2)cc1,180.0
*Oc1ccc(OC(=O)c2ccc(C(=O)OCCC(C)CCc3ccc(OC(=O)CCCCCCCCC(*)=O)cc3)c(C(C)(C)C)c2)cc1C,15.0
*Oc1ccc(OC(=O)c2ccc(C(=O)OCCCCCCCCCCCCCCCCCC)c(C(*)=O)c2)cc1C(=O)OC,15.0
*Oc1ccc(OC(=O)c2ccc(C(=O)OCCCCCCCOc3ccc(C(*)=O)cc3)cc2)c(C)c1C,45.0
*Oc1ccc(OC(=O)c2ccc(C(=O)OCCCN(*)c3ccc(/N=N/c4ccccc4)cc3)cc2)cc1,95.0
*Oc1ccc(OC(=O)c2ccc(C(C)(C)c3ccc(C(=O)Nc4ccc(-c5ccc(NC(=O)c6ccc(*)cc6)cc5)cc4)cc3)c(OCC)c2)cc1Cl,235.0
*Oc1ccc(OC(=O)c2ccc(C(F)(F)F)cc2)c(C(*)=O)c1O,160.0
*Oc1ccc(OC(=O)c2ccc(CCCCCCCCCCCCCC(=O)Oc3ccc(S(=O)(=O)c4ccc(*)cc4)cc3)cc2)cc1,45.0
*Oc1ccc(OC(=O)c2ccc(CCc3ccc(OC(*)=O)cc3)cc2)cc1,100.0
*Oc1ccc(OC(=O)c2ccc(Cc3ccc(C(*)=O)cc3C(=O)O)cc2)cc1,180.0
*Oc1ccc(OC(=O)c2ccc(F)cc2)c(OC(=O)c2cccc(C(*)=O)c2)c1,130.0
*Oc1ccc(OC(=O)c2ccc(NC(=O)CCCCCCCc3ccc(/C=N/c4ccc(C(*)=O)cc4)cc3)cc2)cc1,95.0
*Oc1ccc(OC(=O)c2ccc(NC(=O)CCSCCCCC(=O)NCCCCCCCCCCNC(=O)c3ccc(*)cc3)cc2)cc1,45.0
*Oc1ccc(OC(=O)c2ccc(NC(=O)c3ccccc3-c3ccccc3)cc2)cc1C(=O)OC(CCCCCCCC)OC(*)=O,95.0
*Oc1ccc(OC(=O)c2ccc(OC(*)=O)c(OCCCCCCCCC)c2)cc1OC,30.0
*Oc1ccc(OC(=O)c2ccc(OC(=O)C(C)CCCC(*)=O)cc2)cc1,55.0
*Oc1ccc(OC(=O)c2ccc(OC(=O)C3CCC(CCCCC(C)C)(C(*)=O)C3(C)C)cc2)cc1,90.0
*Oc1ccc(OC(=O)c2ccc(OC(=O)CCCCC(*)=O)c(C(C)(C)C)c2)cc1-c1ccccc1,65.0
*Oc1ccc(OC(=O)c2ccc(OC(=O)CCCCCCCCC(=O)Oc3ccc(C(C)(C)c4ccc(*)cc4)cc3)cc2)cc1,55.0
*Oc1ccc(OC(=O)c2ccc(OC(=O)CCCCCCCCCC[CH](CCc3ccccc3)[Sn][C](*)=O)cc2)cc1,45.0
*Oc1ccc(OC(=O)c2ccc(OC(=O)NC(C)CCC(C)CC(C)COc3ccc(C(*)=O)cc3)cc2)cc1,65.0
*Oc1ccc(OC(=O)c2ccc(OC(=O)OCCOCCOCC(*)=O)cc2C)cc1,45.0
*Oc1ccc(OC(=O)c2ccc(OC(=O)c3cc(OCCCCCCCCCCCCCCCCCCCC)c(C(*)=O)cc3OC(C)=O)cc2)cc1,45.0
*Oc1ccc(OC(=O)c2ccc(OC(=O)c3ccc(-c4ccc(C(*)=O)cc4)cc3)cc2)cc1,220.0
*Oc1ccc(OC(=O)c2ccc(OC(=O)c3ccc(C(=O)OCCC(=O)Nc4ccc(*)cc4)cc3)cc2)cc1,180.0
*Oc1ccc(OC(=O)c2ccc(OC(=O)c3ccc(OCCCCCCCC)cc3)c(C(*)=O)c2)cc1CCCCCCCCCCCC,-10.0
*Oc1ccc(OC(=O)c2ccc(OC(=O)c3ccc(OCCOCCOCCOCCOCCOCCOP(=O)(O*)Oc4ccc(C(=O)OC(C)C)cc4)cc3)cc2)cc1,10.0
*Oc1ccc(OC(=O)c2ccc(OCC(C)OC(=O)c3ccccc3C(*)=O)cc2)cc1,65.0
*Oc1ccc(OC(=O)c2ccc(OCC(CC)CCOC(*)=S)cc2)cc1,15.0
*Oc1ccc(OC(=O)c2ccc(OCC(OC)Oc3ccc(OC(=O)c4cccc(C(*)=O)c4)cc3)cc2)cc1,90.0
*Oc1ccc(OC(=O)c2ccc(OCCC/C=C/C(=O)OCCCCCCCCOc3ccc(-c4ccc(*)cc4)c(CCCCC)c3)cc2)cc1OCCCCCCCC,-20.0
*Oc1ccc(OC(=O)c2ccc(OCCCCCC)cc2)cc1C(=O)Oc1ccc(OC(=O)CCCCC(*)=O)cc1,45.0
*Oc1ccc(OC(=O)c2ccc(OCCCCCCCCCCCCOc3ccc(C(*)=O)cc3)cc2)cc1C,45.0
*Oc1ccc(OC(=O)c2ccc(OCCCCCCCCCCOc3ccc(C(*)=O)cc3)cc2)cc1CCCC,15.0
*Oc1ccc(OC(=O)c2ccc(OCCCCCCCCCOc3ccc(C(*)=O)cc3)cc2)cc1C(=O)O,45.0
*Oc1ccc(OC(=O)c2ccc(OCCCCCCOC(=O)CCCCC(*)=O)cc2)cc1,45.0
*Oc1ccc(OC(=O)c2ccc(OCCCCCCOc3ccc(*)cc3)cc2)cc1,40.0
*Oc1ccc(OC(=O)c2ccc(OCCCCCCOc3ccc(C(=O)Oc4ccc(C(*)=O)cc4)cc3)cc2)cc1,90.0
*Oc1ccc(OC(=O)c2ccc(OCCCCCCOc3ccc(C(C)(C)c4ccc(S(*)(=O)=O)cc4)cc3)cc2)cc1,65.0
*Oc1ccc(OC(=O)c2ccc(OCCCCCCOc3ccc(OC(=O)c4ccc(OCCOCCOCCOCCOCC(*)=O)cc4)cc3)cc2)cc1,15.0
*Oc1ccc(OC(=O)c2ccc(OCCCCOCCCCCCCCCCOc3ccc(/C=N/c4ccc(C(*)=O)cc4)cc3)cc2)cc1,45.0
*Oc1ccc(OC(=O)c2ccc(OCCCCOCCO)c(C(*)=O)c2)cc1-c1ccccc1,45.0
*Oc1ccc(OC(=O)c2ccc(OCCCCOc3ccc(C(=O)c4ccc(C(=O)c5ccc(*)cc5)cc4)cc3)cc2)cc1,90.0
*Oc1ccc(OC(=O)c2ccc(OCCCC[Si](*)(C)C)cc2)cc1,20.0
*Oc1ccc(OC(=O)c2ccc(OCCCc3cc(C)c(C(*)=O)c(C(=O)O)c3)cc2CCCCCC)cc1,85.0
*Oc1ccc(OC(=O)c2ccc(OCCOCCCCCCOc3ccc(C(*)=O)cc3)cc2)cc1OC,15.0
*Oc1ccc(OC(=O)c2ccc(OCCOCCOCCCCOCCOCCOCc3ccc(C(*)=O)cc3)cc2)cc1,15.0
*Oc1ccc(OC(=O)c2ccc(OCCOC[Si](C)(C)O[Si](C)(C)O[Si](C)(C)CCCCCCSCCCOCCCCOC(=O)c3ccc(OC(*)=O)cc3)cc2)cc1,-20.0
*Oc1ccc(OC(=O)c2ccc(OCCO[Si](*)(C)C)cc2)cc1,15.0
*Oc1ccc(OC(=O)c2ccc(OCCSCC)cc2)c(OC(=O)[Si](C)(C)c2ccccc2C(=O)OC(O)C(O)C(O)C(*)=O)c1,65.0
*Oc1ccc(OC(=O)c2ccc(OCc3ccc(OC(*)=O)c(OC)c3)cc2OC)cc1,95.0
*Oc1ccc(OC(=O)c2ccc(Oc3ccc(C(C)(C)N(C)c4ccc(C(*)=O)cc4)cc3)cc2)cc1,165.0
*Oc1ccc(OC(=O)c2ccc(Oc3ccccc3-c3ccccc3C(=O)NCCCCCCCCCCCCCCCCCCCCC(*)=O)cc2)cc1,45.0
*Oc1ccc(OC(=O)c2ccc(P(=O)(c3ccccc3)c3ccc(*)cc3)cc2)cc1,155.0
*Oc1ccc(OC(=O)c2ccc(S(=O)(=O)c3ccc(-c4ccc(S(*)(=O)=O)cc4)cc3)cc2)cc1,180.0
*Oc1ccc(OC(=O)c2ccc(S(=O)(=O)c3ccc(OC(=O)CCCCC(*)=O)cc3)cc2)cc1,65.0
*Oc1ccc(OC(=O)c2ccc3c(c2)C(=O)N(c2ccc(S(=O)(=O)c4ccc(N5C(=O)c6ccc(*)cc6C5=O)cc4)cc2)C3=O)cc1,280.0
*Oc1ccc(OC(=O)c2cccc(C(=O)Nc3ccc(*)c(C)c3)c2)cc1Cl,210.0
*Oc1ccc(OC(=O)c2cccc(C(=O)Nc3cccc(*)c3)c2)c(NC(=O)c2ccc(OC)cc2)c1,210.0
*Oc1ccc(OC(=O)c2cccc(C(=O)OC(=O)c3ccc(Cc4ccc(*)c(C(C)(C)C)c4)cc3)c2)cc1C,145.0
*Oc1ccc(OC(=O)c2cccc(C(=O)Oc3ccc(-c4ccc([N+](=O)[O-])cc4)cc3)c2)cc1C(*)=O,180.0
*Oc1ccc(OC(=O)c2cccc(C(=O)Oc3ccc(OC(*)=O)c(C(C)C)c3)c2)cc1C#N,160.0
*Oc1ccc(OC(=O)c2cccc(NC(=O)c3ccc(Oc4ccc(C(=O)OCCC(C)CC(C)CCCCCCOC(*)=O)cc4)cc3)c2)c(OC)c1,65.0
*Oc1ccc(OC(=O)c2cccc(OC(=O)c3ccc(C(*)=O)cc3)c2)cc1-c1ccccc1,145.0
*Oc1ccc(OC(=O)c2cccc(OCCC#N)c2)cc1CCC(*)=O,65.0
*Oc1ccc(OC(=O)c2cccc(OCCCCCCCCCOc3cccc(C(*)=O)c3)c2)cc1,35.0
*Oc1ccc(OC(=O)c2cccc(OCCCCOc3ccc(C(=O)O)cc3)c2)c(*)c1C,65.0
*Oc1ccc(OC(=O)c2cccc(OC[Si](C)(C)O*)c2)cc1,40.0
*Oc1ccc(OC(=O)c2ccccc2C(=O)OC(=O)c2cc(OC(=O)c3ccc(OCCCCCCCCCCOC(*)=O)c(C)c3)ccc2C)cc1,45.0
*Oc1ccc(OC(=O)c2ccccc2C(=O)Oc2ccc(C(=O)c3ccc(*)cc3)cc2)cc1CC,120.0
*Oc1ccc(OC(=O)c2ccccc2OC(=O)OCCCCCCCCCCOC(*)=O)cc1,15.0
*Oc1ccc(OC(=O)c2ccccc2Oc2ccc(-c3ccc(OC(=O)CCCCCCCCC(*)=O)cc3)cc2)cc1,45.0
*Oc1ccc(OC=C(C)CCSCC)cc1*,40.0
*Oc1ccc(OCC(CCCC)c2ccc(OC(=O)OCCCCCCOC(*)=O)cc2)cc1,-20.0
*Oc1ccc(OCC(NC(=O)c2ccc(-c3ccc(*)cc3)cc2)(c2ccccc2)c2ccccc2)cc1,210.0
*Oc1ccc(OCCCC(F)(F)C(F)(F)C(F)(F)C(*)(F)F)cc1,30.0
*Oc1ccc(OCCCC)cc1Cc1cccc(OC(=O)COc2ccc(C(*)=O)cc2S(=O)(=O)O)c1,65.0
*Oc1ccc(OCCCCCCCCCCCC)cc1S(=O)O*,30.0
*Oc1ccc(OCCN(CCOC(=O)c2ccc(OC(=O)CCCCCCCCCCCCCC(*)=O)cc2)c2ccc(/N=N/c3ccc(OCCCC)cc3)cc2)cc1,15.0
*Oc1ccc(OCCOC(=O)c2ccc(-c3cccc(C(=O)OCCCCCCOC(*)=O)c3)cc2)c(N)c1,45.0
*Oc1ccc(OCCOC(=O)c2cccc(C(F)(F)C(F)(F)C(F)(F)C(=O)c3ccc(O*)cc3)c2)cc1,65.0
*Oc1ccc(OCCOCCOCCOCCOCC(*)c2ccc(OCCCCCCCCCC)cc2)cc1,-30.0
*Oc1ccc(OCCOc2cccc(*)n2)cc1,45.0
*Oc1ccc(OCc2ccc(Oc3ccc(OC(=O)c4cccc(C(*)=O)c4)cc3)cc2)cc1,90.0
*Oc1ccc(OP(=O)(C(=O)O)c2ccc(OC(=O)c3ccc(C(*)=O)cc3)cc2)cc1,150.0
*Oc1ccc(Oc2c(C)cc(C(*)=O)cc2C)c(OCCCCCC)c1,65.0
*Oc1ccc(Oc2cc(C(=O)OC)c(OCCCCCCCCCCCCCCCC)cc2C(=O)Nc2ccc(Oc3ccc(*)cc3)cc2)cc1,45.0
*Oc1ccc(Oc2cc(C)c(Oc3ccc([Si](C)(C)c4ccc(*)cc4)cc3)cc2C(C)(C)C)cc1,130.0
*Oc1ccc(Oc2cc(CCCCCCCCC)c(*)cc2CCCCCC)cc1,-20.0
*Oc1ccc(Oc2ccc(*)nc2)cc1,95.0
*Oc1ccc(Oc2ccc(-c3ccc(OC(=O)c4ccc(C(C)(C)c5ccc(*)cc5)cc4)cc3)cc2)cc1,155.0
*Oc1ccc(Oc2ccc(-c3ccc(OC(=O)c4ccc(CCc5ccc(C(*)=O)cc5)cc4)cc3)cc2)cc1,130.0
*Oc1ccc(Oc2ccc(/C(=N/c3ccc(C(*)=O)cc3)c3ccccc3)cc2)cc1,180.0
*Oc1ccc(Oc2ccc(/C(C)=C/c3ccc(OC(=O)OC(C)COC(=O)Nc4ccc(*)cc4)cc3)cc2)cc1,95.0
*Oc1ccc(Oc2ccc(/C(C)=N/N(C)Oc3ccc(C(C)(C)c4ccc(*)c(Cl)c4)cc3)cc2)cc1C,125.0
*Oc1ccc(Oc2ccc(/C(C)=N/S(=O)(=O)c3ccc(*)cc3)cc2)cc1,145.0
*Oc1ccc(Oc2ccc(/C(C)=N/c3ccc(Oc4ccc(/N=N/c5ccc([N+](=O)[O-])cc5)c(OC(*)=O)c4)cc3)cc2)cc1,145.0
*Oc1ccc(Oc2ccc(/C=C/c3ccc(OC(=O)c4cccc(C(*)=O)c4)cc3)cc2)cc1,150.0
*Oc1ccc(Oc2ccc(/C=N/C=C/c3ccc(OC(=O)c4ccc(C(*)=O)cc4)cc3)cc2)cc1,130.0
*Oc1ccc(Oc2ccc(/C=N/CCC/C=C/c3ccc(*)cc3C)cc2)cc1,65.0
*Oc1ccc(Oc2ccc(/C=N/N=C/c3ccc(OC)cc3)cc2)c(*)c1CC,130.0
*Oc1ccc(Oc2ccc(/C=N/c3ccc(/C=N/c4ccc(*)cc4)cc3)cc2)cc1,150.0
*Oc1ccc(Oc2ccc(/C=N/c3ccc(OC(=O)c4ccc(C(*)=O)cc4)cc3-c3ccccc3)cc2)cc1,160.0
*Oc1ccc(Oc2ccc(/C=N/c3ccc(OC(=O)c4ccc(C(=O)c5ccc(*)cc5)cc4)cc3)cc2)cc1,145.0
*Oc1ccc(Oc2ccc(/N=C/c3ccc(-c4ccc(/N=N/c5ccc(*)cc5)cc4)cc3)cc2)cc1,180.0
*Oc1ccc(Oc2ccc(/N=C/c3ccc(OC(*)=O)c(OC)c3)cc2C)c(C)c1,130.0
*Oc1ccc(Oc2ccc(/N=C/c3ccc(OCCCCCCCCOc4ccc(NC(=O)c5ccc(OCCCCCC)cc5)cc4)cc3)cc2)cc1*,65.0
*Oc1ccc(Oc2ccc(/N=C/c3ccc([N+](=O)[O-])cc3-c3ccc(Oc4ccc(C(=O)c5cccc(*)c5)cc4)cc3)cc2)cc1,165.0
*Oc1ccc(Oc2ccc(/N=N/c3ccc(OC(=O)c4ccc(C(=O)Oc5ccc(C(C)(C)c6ccc(*)cc6)cc5)cc4)cc3)cc2)cc1,145.0
*Oc1ccc(Oc2ccc(C(*)=O)cc2)cc1OC(C)=O,130.0
*Oc1ccc(Oc2ccc(C(*)=O)cc2Oc2ccc(N(C)C)cc2)cc1,145.0
*Oc1ccc(Oc2ccc(C(=N)CCCCC(=O)c3ccc(*)cc3)cc2)c(I)c1F,85.0
*Oc1ccc(Oc2ccc(C(=O)/C=C/C(*)=O)c(OC)c2)cc1OC,95.0
*Oc1ccc(Oc2ccc(C(=O)C(C)CCCCCCC(*)=O)cc2)cc1,30.0
*Oc1ccc(Oc2ccc(C(=O)CCCCCCCC(=O)c3ccc(*)cc3)cc2)cc1C(C)C,45.0
*Oc1ccc(Oc2ccc(C(=O)N(CCNC(*)=O)c3ccc(OC)cc3)cc2)cc1,120.0
*Oc1ccc(Oc2ccc(C(=O)NNC(=O)c3ccc(Sc4ccc(C(*)=O)cc4)cc3)cc2)c(Cl)c1,190.0
*Oc1ccc(Oc2ccc(C(=O)Nc3ccc(-c4ccc(*)cc4)cc3)c(O)c2)cc1C,210.0
*Oc1ccc(Oc2ccc(C(=O)Nc3ccc(C(C)CCC(*)=O)cc3)cc2)cc1,130.0
*Oc1ccc(Oc2ccc(C(=O)Nc3ccc(F)cc3)cc2)c(-c2ccccc2C(=O)CCCCCCC(*)=O)c1,95.0
*Oc1ccc(Oc2ccc(C(=O)Nc3ccc(NC(=O)CCC(*)=O)cc3)cc2)cc1,180.0
*Oc1ccc(Oc2ccc(C(=O)Nc3ccc(NC(=O)c4ccc(*)cc4)cc3)c(C)c2C)c(C)c1C,280.0
*Oc1ccc(Oc2ccc(C(=O)Nc3ccc(NC(=O)c4ccc(*)cc4)cc3)cc2)cc1C(=O)[O][Na],280.0
*Oc1ccc(Oc2ccc(C(=O)Nc3ccc(NC(=O)c4ccc(C(=O)Nc5ccc(Oc6ccc(C(*)=O)cc6)cc5)cc4)cc3)cc2)cc1,280.0
*Oc1ccc(Oc2ccc(C(=O)Nc3ccc(Nc4ccc(NC(=O)c5ccc(*)cc5)cc4)cc3)cc2)cc1C(=O)OCCCCCC,145.0
*Oc1ccc(Oc2ccc(C(=O)Nc3ccc(S(=O)(=O)c4ccc(OC(=O)c5ccc([Si](C)(C)c6ccc(O*)cc6)cc5)cc4)cc3)cc2)cc1,165.0
*Oc1ccc(Oc2ccc(C(=O)OC(C)CCCC(*)=O)cc2)cc1,45.0
*Oc1ccc(Oc2ccc(C(=O)OCCOC(=O)NCC)cc2)cc1*,65.0
*Oc1ccc(Oc2ccc(C(=O)Oc3ccc(C(c4ccccc4)c4ccc([SiH2]C(=O)c5ccc(*)cc5)cc4)cc3)c(C(C)C)c2)cc1,145.0
*Oc1ccc(Oc2ccc(C(=O)Oc3ccc(OC(=O)c4ccc(OC(=O)c5ccc(C(*)=O)cc5)cc4)cc3)c(C(F)(F)F)c2)cc1,170.0
*Oc1ccc(Oc2ccc(C(=O)SC3(C)CN(*)C3=O)cc2)cc1,145.0
*Oc1ccc(Oc2ccc(C(=O)Sc3ccc(Oc4ccc(C(=O)c5ccc(*)cc5)cc4)cc3)cc2)cc1S(=O)(=O)Oc1ccccc1,145.0
*Oc1ccc(Oc2ccc(C(=O)c3ccc(*)c(Br)c3)c(Cl)c2)cc1Cl,150.0
*Oc1ccc(Oc2ccc(C(=O)c3ccc(*)c(C(=O)O)c3)c(Cl)c2)cc1C(C)Cl,165.0
*Oc1ccc(Oc2ccc(C(=O)c3ccc(*)cc3)cc2S(=O)(=O)[O][Na])c(O)c1,250.0
*Oc1ccc(Oc2ccc(C(=O)c3ccc(C(=O)c4ccc(*)cc4)cc3)cc2)cc1OCCN(CC)c1ccc(/N=N/c2ccccc2)cc1,130.0
*Oc1ccc(Oc2ccc(C(=O)c3ccc(Cc4ccc(C(=O)c5ccc(*)cc5)cc4)cc3)cc2)cc1,145.0
*Oc1ccc(Oc2ccc(C(=O)c3ccc(NC(=O)c4ccc(C(=O)Nc5ccc(*)cc5)cc4)cc3)c(Cl)c2)cc1,250.0
*Oc1ccc(Oc2ccc(C(=O)c3ccc(NC(=O)c4ccc(C(=O)Nc5ccc(Oc6ccc(C(C)(C)c7ccc(*)cc7)cc6)cc5)cc4)cc3)cc2)cc1,195.0
*Oc1ccc(Oc2ccc(C(=O)c3ccc(OC(C)Oc4cc(C)c(*)cc4C)c(C)c3)cc2C)cc1C,145.0
*Oc1ccc(Oc2ccc(C(=O)c3ccc(OS(=O)(=O)c4ccc(*)cc4)cc3)c(O)c2)cc1-c1ccccc1,165.0
*Oc1ccc(Oc2ccc(C(=O)c3ccc(Oc4ccc(C(=O)c5ccc(*)cc5)cc4)c(Cl)c3)cc2)cc1C,155.0
*Oc1ccc(Oc2ccc(C(=O)c3ccc(Oc4ccc(C(=O)c5ccc(NC(=O)c6ccc(*)cc6)cc5)cc4)cc3)cc2)cc1,190.0
*Oc1ccc(Oc2ccc(C(=O)c3ccc(Oc4ccc(C(C)(C)c5ccc(N=C(C)c6ccc(*)cc6)cc5)cc4)cc3)cc2)cc1,155.0
*Oc1ccc(Oc2ccc(C(=O)c3cccc(C(=O)c4ccc(*)c(C(C)C)c4)c3)cc2C)cc1C,155.0
*Oc1ccc(Oc2ccc(C(=O)c3cccc(C(=O)c4ccc(*)cc4)c3)c(-c3ccccc3)c2)cc1C,165.0
*Oc1ccc(Oc2ccc(C(=O)c3cccc(C(=O)c4ccc(*)cc4)c3)cc2C)c(C(=O)O)c1O,195.0
*Oc1ccc(Oc2ccc(C(CC(C)C)c3ccc(OC(=O)c4ccc(C(*)=O)cc4)cc3)cc2)cc1,110.0
*Oc1ccc(Oc2ccc(C(N=*)C(N)c3ccccc3)cc2)cc1,180.0
*Oc1ccc(Oc2ccc(NC(=O)Nc3ccc(C(=O)NNC(=O)c4ccc(*)cc4)cc3)cc2)cc1,210.0
*Oc1ccc(Oc2ccc(NC(=O)Nc3ccc(S(=O)(=O)Oc4ccc(C(C)(C)c5ccc(Oc6ccc(C(=O)c7ccc(*)cc7)cc6)cc5)cc4)cc3)cc2)cc1,165.0
*Oc1ccc(Oc2ccc(NC(=O)c3cc(OCCCCCCC)ccc3C(=O)OCCCCCCCCCCCCOC(*)=O)cc2)cc1,15.0
*Oc1ccc(Oc2ccc(NC(=O)c3ccc(*)cc3)cc2)cc1CC,180.0
*Oc1ccc(Oc2ccc(NC(=O)c3ccc(Cc4ccc(NC(=O)c5ccc(C(=O)Nc6ccc(*)cc6)cc5)cc4)cc3)cc2)cc1,245.0
*Oc1ccc(Oc2ccc(NC(=O)c3ccc(Oc4ccc(C(C)(C)c5ccc(*)c(Cl)c5)cc4)cc3)c(F)c2)cc1C#N,195.0
*Oc1ccc(Oc2ccc(NC(=O)c3cccc(C(*)=O)c3)cc2)c(F)c1F,210.0
*Oc1ccc(Oc2ccc(OC(=O)CCCCCCCCCCCCC(=O)Nc3ccc(*)cc3)cc2)cc1,65.0
*Oc1ccc(Oc2ccc(OC(=O)NC(=O)c3ccc(C(=O)c4ccc(*)cc4)c(Br)c3)cc2)c(O)c1,195.0
*Oc1ccc(Oc2ccc(OC(=O)c3cc(OCCCCCCCCCC)c(C(*)=O)cc3OCCCCCCCC)cc2)cc1,45.0
*Oc1ccc(Oc2ccc(OC(=O)c3ccc(OC(=O)c4ccc(-c5ccc(*)cc5)cc4)cc3)cc2)cc1,160.0
*Oc1ccc(Oc2ccc(OC(=O)c3ccc(Oc4ccc(C(C)(C)c5ccc(*)cc5)cc4)c(C)c3)cc2C(F)(F)F)cc1,165.0
*Oc1ccc(Oc2ccc(OC(=O)c3ccc(Oc4ccc(C(C)(C)c5ccc(C(C)(CCl)c6ccc(C(*)=O)cc6)cc5)cc4O)cc3)cc2)cc1,160.0
*Oc1ccc(Oc2ccc(OC(=O)c3cccc(C(*)=O)c3)cc2)cc1C(=O)OCCCC,90.0
*Oc1ccc(Oc2ccc(OC(=O)c3ccccc3S(*)(c3ccccc3)c3ccccc3)cc2)cc1,155.0
*Oc1ccc(Oc2ccc(Oc3cc(*)c(C)c(C)c3C)c(OC)c2)cc1C,165.0
*Oc1ccc(Oc2ccc(Oc3cc(C)c(OC(=O)c4ccc(C(*)=O)cc4)cc3OC)cc2)cc1,130.0
*Oc1ccc(Oc2ccc(Oc3ccc(*)cc3-c3ccccc3)cc2)cc1,150.0
*Oc1ccc(Oc2ccc(Oc3ccc(C(*)=O)c(C(C)(C)C)c3)cc2C)c(C)c1C,130.0
*Oc1ccc(Oc2ccc(Oc3ccc(C(=O)Nc4ccc(C(=S)c5ccc(*)cc5)cc4)cc3)cc2)cc1,180.0
*Oc1ccc(Oc2ccc(Oc3ccc(C(=O)c4ccc(*)cc4)cc3)c(C(F)(F)F)c2)cc1C(F)(F)F,155.0
*Oc1ccc(Oc2ccc(Oc3ccc(C(=O)c4ccc(C(=O)c5ccc(*)cc5)cc4)cc3)cc2)cc1C,145.0
*Oc1ccc(Oc2ccc(Oc3ccc(C(=O)c4ccc([SiH](C)CCC(*)=O)cc4)cc3)cc2)cc1,90.0
*Oc1ccc(Oc2ccc(Oc3ccc(OC(=O)c4cccc(C(=O)c5ccc(*)cc5)c4)cc3)cc2)cc1,120.0
*Oc1ccc(Oc2ccc(Oc3ccc(Oc4ccc(C(=O)c5ccc(*)cc5)cc4)cc3)cc2)c(C(=O)OCCCN(C)c2ccc(C#N)cc2)c1,120.0
*Oc1ccc(Oc2ccc(Oc3ccc(S(=O)(=O)c4ccc(NC(=O)C(=O)Nc5ccc(*)cc5)cc4)cc3)cc2)cc1,220.0
*Oc1ccc(Oc2ccc(Oc3ccc(S(=O)(=O)c4ccc(Oc5ccc(C(C)(C)c6ccc(Oc7ccc(*)cc7)cc6)cc5)cc4)cc3)cc2)cc1,155.0
*Oc1ccc(Oc2ccc(P(=O)(c3ccccc3)c3ccc(Oc4ccc(*)cc4)cc3)cc2)cc1,155.0
*Oc1ccc(Oc2ccc(S(*)(=O)=O)cc2)cc1S(=O)(=O)O,180.0
*Oc1ccc(Oc2ccc(S(=O)(=O)C3=CC=C4C=CC=CC(C(*)=O)=CC=C3C(=O)O4)cc2)cc1-c1ccccc1,220.0
*Oc1ccc(Oc2ccc(S(=O)(=O)N(C)c3ccc(-c4ccc(*)cc4)cc3)cc2)cc1,165.0
*Oc1ccc(Oc2ccc(S(=O)(=O)Oc3c(F)c(F)c(*)c(F)c3F)c(Cl)c2F)cc1,145.0
*Oc1ccc(Oc2ccc(S(=O)(=O)c3ccc(OCCCCOC(=O)c4ccc(OC(=O)CCCCCCCCC(*)=O)cc4)cc3)cc2)cc1,20.0
*Oc1ccc(Oc2ccc(S(=O)(=O)c3ccc(Oc4ccc(/N=N/c5ccc(C(*)=O)cc5C(=O)O)cc4)cc3)cc2)cc1,195.0
*Oc1ccc(Oc2ccc(S(=O)(=O)c3ccc(Oc4ccc(C(=O)Nc5cccc(NC(=O)c6ccc(*)cc6)c5)cc4)cc3)cc2)cc1,195.0
*Oc1ccc(Oc2ccc(S(=O)(=O)c3ccc(Oc4ccc(C(=O)c5ccc(NC(=O)c6ccc(*)cc6)cc5)cc4)cc3)cc2)cc1Cl,195.0
*Oc1ccc(Oc2ccc(Sc3ccc(P(=O)(c4ccccc4)c4ccc(*)cc4)cc3)cc2)cc1,155.0
*Oc1ccc(Oc2ccc([SH](C)(=O)c3ccc(Oc4ccc(C(=O)c5ccc(*)cc5)cc4)cc3)cc2)cc1,155.0
*Oc1ccc(Oc2ccc([Si](*)(C)C)cc2)c(C(C)(C)C)c1,95.0
*Oc1ccc(Oc2cccc(C(=O)c3ccc(S(=O)(=O)c4ccc(*)cc4)cc3)c2)cc1C(C)(C)C,165.0
*Oc1ccc(Oc2cccc(NC(=O)c3ccc(-c4ccc(C(*)=O)cc4)cc3)c2)cc1,235.0
*Oc1ccc(Oc2cccc(OC(=O)OCC(CC)CCCCCCCCOC(*)=O)c2)cc1,15.0
*Oc1ccc(Oc2cccc(Oc3ccc(*)cc3)c2)c2ccccc12,130.0
*Oc1ccc(Oc2ccccc2-c2ccccc2C(=O)Oc2ccc(-c3ccc(-c4ccc(Oc5ccc(-c6ccc(*)cc6)cc5)cc4)cc3)cc2)cc1,165.0
*Oc1ccc(Oc2ccccc2C(=O)N(C)CC(N)C(*)=O)cc1,120.0
*Oc1ccc(Oc2ccccc2Oc2cccc(Oc3ccc(C(*)(C)C)cc3)c2)cc1,150.0
*Oc1ccc(P(=O)(c2ccccc2)c2ccc(OC(=O)Nc3ccc(Cc4ccc(NC(*)=O)cc4)cc3)cc2)cc1,150.0
*Oc1ccc(P(C)(=O)c2cc(C)c(Cl)cc2C(=O)OCCCCCCCCC(*)=O)cc1OCC(C)(C)C,45.0
*Oc1ccc(P(C)(=O)c2ccc(Oc3ccc(Oc4ccc(-c5ccc(*)o5)cc4)cc3C(F)(F)F)cc2)cc1C,155.0
*Oc1ccc(P(CCC(=O)OCc2ccc(OC(*)=O)cc2)C(=O)OC(=O)c2ccc([N+](=O)[O-])cc2)cc1,90.0
*Oc1ccc(S(=O)(=O)Oc2ccc(OC(=O)CCC[Si](C)(C)CCC(*)=O)cc2)cc1,25.0
*Oc1ccc(S(=O)(=O)Oc2ccc(S(=O)(=O)c3ccc(S(=O)(=O)c4ccc(S(*)(=O)=O)cc4)cc3)cc2)cc1,190.0
*Oc1ccc(S(=O)(=O)Sc2ccc(Oc3ccc(OC(=O)c4ccc(C(*)=O)cc4)cc3)cc2)cc1,145.0
*Oc1ccc(S(=O)(=O)c2cc(Cl)c(OC(=O)c3cccc(C(*)=O)c3)c(OC)c2)cc1OC,180.0
*Oc1ccc(S(=O)(=O)c2cc(NC(=O)CCCCCC(*)=O)cc(OC)c2)cc1OC,105.0
*Oc1ccc(S(=O)(=O)c2ccc(*)cc2)c(C(F)(F)F)c1,155.0
*Oc1ccc(S(=O)(=O)c2ccc(-c3ccc(OC(=O)c4ccc(NC(=O)c5ccc(C(=O)Nc6ccc(*)cc6)cc5)cc4OC)cc3)cc2Oc2ccccc2)cc1,210.0
*Oc1ccc(S(=O)(=O)c2ccc(-c3ccc(Oc4ccc(*)cc4)cc3)c(C(F)(F)F)c2)cc1,175.0
*Oc1ccc(S(=O)(=O)c2ccc(-c3ccc(S(=O)(=O)c4ccc(*)cc4)c(C=C)c3)cc2)cc1,190.0
*Oc1ccc(S(=O)(=O)c2ccc(/N=C(\C)c3ccc(OC(*)=O)c(C)c3)cc2C)cc1,145.0
*Oc1ccc(S(=O)(=O)c2ccc(/N=C/c3cc(OCCOCCOCCOCCOCC)c(*)cc3O)cc2)c(O)c1[N+]=O,95.0
*Oc1ccc(S(=O)(=O)c2ccc(/N=C/c3ccc(/C=C/c4ccc(OC(*)=O)c(OCCCCCCCC)c4)c(C(C)C)c3)cc2C(C)(C)C)cc1,95.0
*Oc1ccc(S(=O)(=O)c2ccc(C(=O)Nc3cccc(Oc4ccc(NC(*)=O)cc4)c3)cc2)cc1,245.0
*Oc1ccc(S(=O)(=O)c2ccc(C(=O)c3ccc(*)c(C(F)(F)F)c3)cc2)cc1C(=O)OC,195.0
*Oc1ccc(S(=O)(=O)c2ccc(C(=O)c3ccc(C(=O)Nc4ccc(C(=O)c5ccc(*)cc5)cc4)cc3)cc2)cc1,260.0
*Oc1ccc(S(=O)(=O)c2ccc(NC(=O)NCCCCCCCNC(=O)c3ccc(*)cc3)cc2)cc1,110.0
*Oc1ccc(S(=O)(=O)c2ccc(NC(=O)c3ccc(Oc4ccc(C(=O)c5ccc(*)cc5C)cc4)cc3)cc2)cc1,195.0
*Oc1ccc(S(=O)(=O)c2ccc(OC(*)=O)c(Br)c2)cc1SCCCCCC,65.0
*Oc1ccc(S(=O)(=O)c2ccc(OC(=O)c3cc(C(*)=O)ccc3Br)cc2)cc1,150.0
*Oc1ccc(S(=O)(=O)c2ccc(OC(=O)c3cc(OCCCCCCCC)cc(C(*)=O)c3)c(C)c2)cc1C,65.0
*Oc1ccc(S(=O)(=O)c2ccc(OC(=O)c3ccc(C(*)=O)cc3)cc2)cc1C(C)(C)C,155.0
*Oc1ccc(S(=O)(=O)c2ccc(OC(=O)c3ccc(OC(*)=O)c(-c4ccccc4)c3)cc2)cc1,155.0
*Oc1ccc(S(=O)(=O)c2ccc(OC(=O)c3ccc(OC(=O)COc4ccc(C(*)=O)cc4)cc3)cc2)cc1,110.0
*Oc1ccc(S(=O)(=O)c2ccc(OC(=O)c3ccc(OCCCOc4ccc(*)cc4)cc3)cc2)cc1,90.0
*Oc1ccc(S(=O)(=O)c2ccc(OC(=O)c3ccc(Oc4ccc(S(=O)(=O)c5ccc(*)cc5)cc4)cc3)cc2)cc1-c1ccccc1,190.0
*Oc1ccc(S(=O)(=O)c2ccc(OC(=O)c3cccc(C(*)=O)c3)cc2)cc1[N+](=O)[O-],155.0
*Oc1ccc(S(=O)(=O)c2ccc(OC(C)=C(CC)c3ccc(*)cc3)cc2)cc1,155.0
*Oc1ccc(S(=O)(=O)c2ccc(OCCOC(=O)c3ccc(/C(C)=C/c4ccc(*)cc4)cc3)cc2)cc1,95.0
*Oc1ccc(S(=O)(=O)c2ccc(OP(=O)(NC(=O)OCCOC(*)=O)c3ccccc3C(=O)OCC)cc2)cc1,95.0
*Oc1ccc(S(=O)(=O)c2ccc(OP(=O)(O*)OC#N)cc2)cc1,150.0
*Oc1ccc(S(=O)(=O)c2ccc(Oc3c(C)cc(C(C)(C)c4cc(C)c(*)c(C)c4O)cc3C)cc2)cc1,175.0
*Oc1ccc(S(=O)(=O)c2ccc(Oc3cc(Br)c(C(C)(C)c4cc(OC)cc(*)c4O)cc3C)cc2B)cc1,190.0
*Oc1ccc(S(=O)(=O)c2ccc(Oc3ccc(-c4cc(-c5ccccc5)c(*)nn4)cc3)cc2)cc1,195.0
*Oc1ccc(S(=O)(=O)c2ccc(Oc3ccc(/C=C/c4ccc(*)c(OC)c4)cc3OC)cc2)cc1,165.0
*Oc1ccc(S(=O)(=O)c2ccc(Oc3ccc(/C=N/c4ccc([N+](=O)[O-])cc4)cc3)cc2)cc1CC(*)=O,165.0
*Oc1ccc(S(=O)(=O)c2ccc(Oc3ccc(/N=C/c4ccc(-c5ccc(-c6ccc(*)cc6)cc5)cc4)cc3)cc2)cc1,175.0
*Oc1ccc(S(=O)(=O)c2ccc(Oc3ccc(C(*)=O)cc3)c(OC)c2)cc1Cl,155.0
*Oc1ccc(S(=O)(=O)c2ccc(Oc3ccc(C(=O)Oc4ccc(/N=C/c5ccc(OC(=O)C6=CC=C7C=C(C(=O)O)C=CC(*)=CC=C6OCCCCCCCCCCCCCCCCO7)cc5)cc4)cc3)cc2)cc1,130.0
*Oc1ccc(S(=O)(=O)c2ccc(Oc3ccc(C(=O)c4ccc(*)c(C(F)(F)F)c4)cc3C(F)(F)F)cc2)cc1C(C)(C)C,210.0
*Oc1ccc(S(=O)(=O)c2ccc(Oc3ccc(C(=O)c4ccc(*)cc4)cc3)c(F)c2F)c(F)c1F,175.0
*Oc1ccc(S(=O)(=O)c2ccc(Oc3ccc(C(=O)c4ccc(*)cc4)cc3)cc2)c(Br)c1,175.0
*Oc1ccc(S(=O)(=O)c2ccc(Oc3ccc(C(=O)c4ccc(*)cc4)cc3)cc2C)cc1,165.0
*Oc1ccc(S(=O)(=O)c2ccc(Oc3ccc(C(=O)c4ccc(C(=O)c5ccc(*)cc5)c(C)c4)cc3C)cc2)cc1,175.0
*Oc1ccc(S(=O)(=O)c2ccc(Oc3ccc(C(=O)c4ccc(C(=O)c5cccc(*)c5)cc4)cc3)cc2)cc1,165.0
*Oc1ccc(S(=O)(=O)c2ccc(Oc3ccc(C(=O)c4ccc(Oc5ccc(C(*)=O)cc5)cc4)cc3)cc2)c(C(F)(F)F)c1,175.0
*Oc1ccc(S(=O)(=O)c2ccc(Oc3ccc(C(C)(C)c4ccc(*)c(C(C)C)c4)cc3C(C)(C)C)cc2C)c(Br)c1,195.0
*Oc1ccc(S(=O)(=O)c2ccc(Oc3ccc(C(C)(C)c4ccc(*)c(C(F)(F)F)c4)cc3)cc2F)cc1,195.0
*Oc1ccc(S(=O)(=O)c2ccc(Oc3ccc(C(C)(C)c4ccc(*)c(C)c4)c(C(F)(F)F)c3)cc2C(=O)OCC(C)CC)cc1,175.0
*Oc1ccc(S(=O)(=O)c2ccc(Oc3ccc(C(C)(C)c4ccc(*)c(OC)c4)cc3S(=O)(=O)O)c(C)c2)cc1C,190.0
*Oc1ccc(S(=O)(=O)c2ccc(Oc3ccc(C(C)(C)c4ccc(*)cc4)c(C(F)(F)F)c3)cc2)cc1C(C)C,195.0
*Oc1ccc(S(=O)(=O)c2ccc(Oc3ccc(C(C)(C)c4ccc(C(*)=O)cc4)cc3)cc2)cc1,155.0
*Oc1ccc(S(=O)(=O)c2ccc(Oc3ccc(C(C)(C)c4ccc(S(*)(=O)=O)cc4)cc3)cc2)c(Br)c1,190.0
*Oc1ccc(S(=O)(=O)c2ccc(Oc3ccc(C(c4ccc(*)cc4)c4ccccc4C(=O)O)cc3)cc2C(F)(F)F)cc1,210.0
*Oc1ccc(S(=O)(=O)c2ccc(Oc3ccc(NC(=O)c4ccc(-c5ccc(*)cc5)cc4)cc3)cc2)cc1,195.0
*Oc1ccc(S(=O)(=O)c2ccc(Oc3ccc(NC(=O)c4ccc(/C=N/c5ccc(C(*)=O)cc5)cc4)cc3)cc2)cc1,210.0
*Oc1ccc(S(=O)(=O)c2ccc(Oc3ccc(NC(=O)c4ccc(C(=O)Nc5ccc(*)cc5)c(C)c4)cc3C)cc2)cc1,220.0
*Oc1ccc(S(=O)(=O)c2ccc(Oc3ccc(NC(=O)c4ccc(Oc5ccc(C(=O)Nc6ccc(*)nc6)cc5)cc4)cc3)cc2)cc1,195.0
*Oc1ccc(S(=O)(=O)c2ccc(Oc3ccc(OC(=O)CCCCC(*)=O)c(C(C)C)c3)cc2)cc1,65.0
*Oc1ccc(S(=O)(=O)c2ccc(Oc3ccc(Oc4ccc(*)c(C(=O)O)c4)cc3C(=O)O)cc2)cc1,210.0
*Oc1ccc(S(=O)(=O)c2ccc(Oc3ccc(Oc4ccc(*)cc4)cc3C(=O)O)cc2)cc1,190.0
*Oc1ccc(S(=O)(=O)c2ccc(Oc3ccc(Oc4ccc(C(=O)c5cccc(C(=O)c6ccc(*)cc6)c5)cc4)cc3)cc2)cc1,155.0
*Oc1ccc(S(=O)(=O)c2ccc(Oc3ccc(S(=O)(=O)c4cc(Br)c(C)c(C(*)=O)c4)cc3C)c(Br)c2)cc1Cl,210.0
*Oc1ccc(S(=O)(=O)c2ccc(Oc3ccc(S(=O)(=O)c4ccc(-c5ccc(C(=O)c6ccc(*)cc6)cc5)cc4)cc3)cc2)cc1,190.0
*Oc1ccc(S(=O)(=O)c2ccc(Oc3ccc(Sc4ccc(*)c(C(C)C)c4)cc3Br)cc2)cc1,145.0
*Oc1ccc(S(=O)(=O)c2ccc(Oc3ccc([SH](=O)(O)c4ccc(Oc5ccc(C(=O)c6ccc(*)cc6)cc5)cc4)cc3)c(Br)c2)cc1-c1ccc(/N=N/c2ccc(C(=O)O)cc2)cc1,210.0
*Oc1ccc(S(=O)(=O)c2ccc(Oc3cccc(C(=O)Nc4ccc(*)cc4)c3)cc2)cc1,195.0
*Oc1ccc(S(=O)(=O)c2ccc(S(=O)(=O)c3ccc(C(c4ccc(*)cc4)(C(F)(F)F)C(F)(F)F)cc3)cc2)cc1,220.0
*Oc1ccc(S(=O)(=O)c2ccc(S(=O)(=O)c3ccc(NC(=O)c4ccc(C(=O)Oc5ccc(*)cc5)cc4)cc3)cc2)cc1,195.0
*Oc1ccc(S(=O)(=O)c2ccc(S(=O)(=O)c3ccc(OC(=O)c4ccc(*)cc4)cc3)cc2)c(O)c1,180.0
*Oc1ccc(S(=O)(=O)c2ccc(Sc3ccc(Oc4ccc(C(=O)c5ccc(*)cc5)cc4)cc3)cc2)cc1C(C)C(=O)O,175.0
*Oc1ccc(S(=O)(=O)c2ccc([N+](=O)[O-])cc2Oc2ccccc2-c2ccc(*)cc2)cc1,190.0
*Oc1ccc(SC(=O)CCCCCCCCCCC(=O)c2ccc(OC(=O)OC)cc2)cc1N(CC(*)=O)CC(C)O,15.0
*Oc1ccc(SC(=O)CCCCCCCCCCCCCCCC(=O)N/C=C/c2ccc(OCCCCCCCCOC(*)=O)cc2)cc1,-20.0
*Oc1ccc(SC(=O)Nc2ccc(C(=O)Oc3ccc(Oc4ccc(NC(=O)C(*)=O)cc4)cc3)cc2)cc1,165.0
*Oc1ccc(SC(=O)Nc2ccc(Cc3ccc(NC(*)=O)cc3)c(C)c2)cc1C,120.0
*Oc1ccc(SC(=O)c2ccc(NC(=O)c3ccc(C(=O)Oc4ccc(-c5ccc(O*)cc5)cc4)cc3)cc2)cc1,180.0
*Oc1ccc(SC(=O)c2ccc(S(=O)(=O)OCCC(F)(F)C(F)(F)C(*)(F)F)cc2)cc1,95.0
*Oc1ccc(Sc2ccc(OC(*)=O)c(CSCCCCCC)c2)cc1,45.0
*Oc1ccc(Sc2ccc(OC(=O)NCc3ccc(NC(*)=O)cc3)cc2)cc1,105.0
*Oc1ccc(Sc2ccc(OC(=O)c3cc(OCCCCCC)c(C(*)=O)cc3C(=O)O)cc2)cc1C(=O)OCC,95.0
*Oc1ccc(Sc2ccc(OC(=O)c3ccc(/C=C/C(C)C(=O)Oc4ccc(*)cc4)cc3)cc2)cc1,110.0
*Oc1ccc(Sc2ccc(OC(=O)c3ccc(C(=O)Nc4ccc(*)cc4)cc3)cc2C)cc1,180.0
*Oc1ccc(Sc2ccc(OC(=O)c3ccc(C(=O)OC(C)O)c(*)c3)cc2)cc1,110.0
*Oc1ccc(Sc2ccc(OC(=O)c3ccc(OCCOCCOCCOCCOCS(=O)(=O)c4ccc(C(*)=O)cc4)cc3)cc2)cc1,45.0
*Oc1ccc(Sc2ccc(OC(=O)c3ccc(S(=O)(=O)c4ccc(OC(=O)CCCCCC(*)=O)cc4)cc3)cc2)cc1,65.0
*Oc1ccc(Sc2ccc(OC(=O)c3ccccc3C(=O)OCCCCCCCCCCCCCCCCOC(*)=O)cc2)cc1,15.0
*Oc1ccc(Sc2ccc(Oc3ccc(C(=O)c4ccc(*)cc4)cc3)cc2C)cc1-c1ccccc1,155.0
*Oc1ccc(Sc2ccc(Oc3ccc(NC(=O)c4ccc(*)cc4)cc3)cc2)cc1C,150.0
*Oc1ccc(Sc2ccc(Oc3ccc(S(=O)(=O)c4ccc(*)cc4)cc3)cc2)cc1,150.0
*Oc1ccc([Si](C)(C)c2ccc(OC(*)=O)cc2OCCCCC)cc1,55.0
*Oc1ccc([Si](C)(C)c2ccc(OC(=O)c3cccc(C(*)=O)c3)cc2)cc1Oc1ccccc1,130.0
*Oc1ccc([Si](C)(C)c2ccc(OCC(CC)CCCS(=O)(=O)O)cc2Sc2ccc(C(*)=O)cc2)cc1,95.0
*Oc1ccc([Si](C)(C)c2ccc([Si](C)(C)c3ccc(Oc4ccc(-c5ccc(*)cc5)cc4)cc3)cc2)cc1,120.0
*Oc1ccc([Si](C)(CC)c2ccc(OC(=O)CCCCCCC(*)=O)cc2)cc1,15.0
*Oc1ccc([Si](C)(c2ccccc2)c2ccc(Oc3ccc(Sc4ccc(*)cc4)cc3)cc2)cc1,105.0
*Oc1ccc2cc(CCCCCCCCCCCCCCCC)c(*)cc2c1-c1ccc(Oc2ccc(OCC)cc2)cc1,45.0
*Oc1ccc2cc(OC(=O)c3ccc(OCCCCCCCCCOc4ccc(C(*)=O)cc4)cc3)cc(Cl)c2c1,65.0
*Oc1ccc2ccc(Oc3ccc(C(=O)c4cccc(S(=O)(=O)c5ccc(*)cc5)c4)cc3)cc2c1,175.0
*Oc1ccc2ccc(Oc3ccc(NC(=O)c4ccc(C(=O)Nc5ccc(Cc6ccc(C(*)=O)cc6)cc5)cc4)cc3)cc2c1,210.0
*Oc1cccc(-c2ccc(NC(=O)c3ccc(Sc4ccc(C(*)=O)cc4)cc3)c(O)c2)c1,210.0
*Oc1cccc(-c2ccc(Oc3ccc(C(=O)c4ccc(*)cc4)cc3)cc2Oc2ccc(S(=O)(=O)c3ccccc3)cc2)c1,175.0
*Oc1cccc(-c2cccnc2Oc2ccc(*)cc2)c1,110.0
*Oc1cccc(Br)c1C(=O)OC(C(*)=O)C(=O)OCC,45.0
*Oc1cccc(C(=*)OC)c1,90.0
*Oc1cccc(C(=O)NCCCCCNC(=O)c2ccc(*)cc2)c1,90.0
*Oc1cccc(C(=O)NCCCCCNC(=O)c2ccc(OC(=O)c3ccc(C(*)=O)cc3)cc2)c1CCl,95.0
*Oc1cccc(C(=O)NNC(=O)c2cccc(*)c2)c1,220.0
*Oc1cccc(C(=O)NNC(=O)c2cccc(C(=O)OCC(O)C(*)=O)c2)c1,130.0
*Oc1cccc(C(=O)Nc2ccc(NC(=O)c3ccc(*)cc3)c(C)c2)c1C,250.0
*Oc1cccc(C(=O)Nc2cccc(NC(=O)CCCCCCCCCCC(*)=O)c2)c1,90.0
*Oc1cccc(C(=O)OCCCCCCCCCCOC(=O)c2ccc(OC(=O)c3cccc(C(*)=O)c3)cc2OC)c1,45.0
*Oc1cccc(C(=O)Oc2cc(C)c(O*)cc2OC)c1,105.0
*Oc1cccc(C(=O)Oc2ccc(C(=O)Oc3ccc(O*)c(-c4ccc([N+](=O)[O-])cc4)c3)cc2OCCCCCCCCCCCCCCCC)c1,45.0
*Oc1cccc(C(=O)Oc2ccc(OC(*)=O)cc2)c1,130.0
*Oc1cccc(C(=O)Oc2ccc(S(=O)(=O)c3ccc(Oc4ccc(C(C)(C)c5ccc(*)nc5)cc4)cc3)cc2)c1,165.0
*Oc1cccc(C(=O)c2cccc(Oc3ccc(NC(=O)c4ccc(*)cc4)cc3)c2)c1,190.0
*Oc1cccc(C(COc2ccc([Si](C)(C)c3ccc([Si](C)(C)[Si](C)(C)Oc4ccc(*)cc4)cc3)cc2)OC)c1,45.0
*Oc1cccc(COC(=O)Oc2ccc(/N=C/c3ccc(OC(=O)CCCCC(*)=O)cc3)cc2)c1,55.0
*Oc1cccc(NC(=O)/C=C/C(=O)OCC(O)CC(*)=O)c1,65.0
*Oc1cccc(NC(=O)CCCCCCCCC(=O)Nc2cccc(C(=O)Nc3ccc(OC(=O)c4ccc(*)cc4)cc3)c2)c1,110.0
*Oc1cccc(NC(=O)NCCCCCCCCCCCNC(*)=O)c1,45.0
*Oc1cccc(NC(=O)NCCCCNC(=O)Nc2ccc(C(=O)OC(=O)Nc3ccc(Oc4ccc(*)cc4)cc3)cc2)c1,150.0
*Oc1cccc(NC(=O)Nc2ccc(Cc3ccc(N=*)c(OC)c3)cc2C(F)(F)F)c1,180.0
*Oc1cccc(NC(=O)Nc2ccc(Sc3ccc(NC(=O)OCCCC(*)=O)cc3)cc2)c1,110.0
*Oc1cccc(NC(=O)c2cc(NC(=O)OCCOCCOCCOC(*)=O)cc(S(=O)(=O)O)c2)c1,65.0
*Oc1cccc(NC(=O)c2ccc(-c3ccc(C(=O)Nc4ccc(C(=O)c5ccc(*)cc5)cc4)cc3)cc2)c1C#N,285.0
*Oc1cccc(NC(=O)c2ccc(-c3ccc(C(=O)Nc4ccc(NC(=O)c5ccc(*)cc5)cc4)cc3C(F)(F)F)c(C(C)(C)C)c2)c1,280.0
*Oc1cccc(NC(=O)c2ccc(/N=N/c3ccc(OC(*)=O)cc3)cc2)c1,165.0
*Oc1cccc(NC(=O)c2ccc(C(=O)NNC(=O)CCCCC(=O)Nc3ccc(C(*)=O)cc3)cc2)c1,160.0
*Oc1cccc(NC(=O)c2ccc(N=*)c(C)c2)c1,200.0
*Oc1cccc(NC(=O)c2ccc(NC(=O)/C=N/c3ccc(Cc4ccc(C(*)=O)cc4)cc3)cc2)c1,180.0
*Oc1cccc(NC(=O)c2ccc(NC(=O)CCCCCCCCCCC(=O)c3ccc(-c4ccc(C(*)=O)cc4)cc3)cc2)c1,110.0
*Oc1cccc(NC(=O)c2ccc(NC(=O)c3cccc(C(=O)Nc4ccc(*)cc4)c3)cc2)c1,280.0
*Oc1cccc(NC(=O)c2ccc(Oc3ccc(C(=O)Nc4ccc(*)cc4)cc3)cc2C(=O)Oc2ccccc2)c1,190.0
*Oc1cccc(NC(=O)c2ccc([Si](C)(C)c3cccc(C(*)=O)c3)cc2)c1,165.0
*Oc1cccc(NC(=O)c2cccc(C(=O)Nc3ccc(C(=O)c4cccc(C(=O)c5ccc(*)cc5)c4)cc3)c2)c1C(=O)OCC#N,260.0
*Oc1cccc(NC(=O)c2cccc(C(=O)O)c2)c1C(=O)N(*)C,250.0
*Oc1cccc(NC(=O)c2cccc(P(=O)(c3ccccc3)c3cccc(C(=O)Nc4cccc(*)n4)c3)c2)c1,220.0
*Oc1cccc(OC(=O)CC(CC(C)NC(=O)O)C(*)=O)c1,85.0
*Oc1cccc(OC(=O)CCCCCCCCC(=O)Nc2ccc(Oc3ccc(C(C)(C)c4ccc(OC(*)=O)cc4)cc3)cc2)c1,65.0
*Oc1cccc(OC(=O)CCCCCCCCC(=O)OCOC(*)=O)c1,15.0
*Oc1cccc(OC(=O)CCCCCCCCCCCCCCC(*)=O)c1-c1ccc(OCCOCC)cc1,-20.0
*Oc1cccc(OC(=O)CCCCCCCCCCCCCCC(=O)Oc2cccc(*)n2)c1,20.0
*Oc1cccc(OC(=O)CCCCCCCCCCCCCCCCCCCC(=O)Oc2ccc(*)cc2)c1,15.0
*Oc1cccc(OC(=O)OCCCCCCCCOC(=O)OCCOC(=O)Nc2ccc(SC(=O)CS*)cc2)c1,15.0
*Oc1cccc(OC(=O)OCCCCCCCOC(=O)c2ccc(OC(=O)CCCCCCCCC(*)=O)c(C#N)c2)c1,15.0
*Oc1cccc(OC(=O)Oc2ccc(C(=O)OCCCCCCCCCCCCOC(=O)c3cccc(C(*)=O)c3)cc2)c1O,15.0
*Oc1cccc(OC(=O)c2cc(Cc3ccc(*)cc3)cc(OCCOCCCC)c2)c1,45.0
*Oc1cccc(OC(=O)c2ccc(C(*)=O)cc2SCCCCCC)c1,45.0
*Oc1cccc(OC(=O)c2ccc(C(=O)Oc3ccc(*)cc3)cc2)c1,130.0
*Oc1cccc(OC(=O)c2ccc(C(=O)[SH](C)(CC)OC(=O)c3ccc(*)cc3)cc2)c1,90.0
*Oc1cccc(OC(=O)c2ccc(CCCCCC(=O)OC(=O)c3ccc(OCc4ccccc4)cc3)c(C(=O)O)c2)c1*,45.0
*Oc1cccc(OC(=O)c2ccc(F)cc2)c1CC/C(=C/C=*)c1ccccc1,85.0
*Oc1cccc(OC(=O)c2ccc(NC(=O)CCCCCCCCCCCCCCCCCCS(*)(=O)=O)cc2)c1,15.0
*Oc1cccc(OC(=O)c2ccc(OCCC(F)CCC(*)S[Si](C)(C)C)cc2)c1,15.0
*Oc1cccc(OC(=O)c2cccc(C(=O)OCCOCCOCCOCCOCCOC(*)=O)c2)c1,-20.0
*Oc1cccc(OC(=O)c2ccccc2C(=O)OCCOC(*)=O)c1,60.0
*Oc1cccc(OCC(O)COC(=O)Nc2cccc(C(C(=O)O)c3ccc(*)cc3)c2)c1,90.0
*Oc1cccc(OCc2ccc(S(*)(=O)=O)cc2C)c1,110.0
*Oc1cccc(OP(=O)(C(*)=O)c2ccccc2)c1,110.0
*Oc1cccc(Oc2c(C)cc(C(C)(C)c3cc(C)c(Oc4ccc(C(=O)Nc5ccc(NC(=O)c6ccc(*)cc6)cc5)cc4)c(C)c3C)cc2Br)c1C,260.0
*Oc1cccc(Oc2ccc(-c3ccc(Oc4ccc(C(=O)c5cccc(*)c5)cc4)cc3)cc2)c1,155.0
*Oc1cccc(Oc2ccc(-c3ccc(Oc4ccc(OC5=CC=C6C=CC=CC(*)=CC=C5C6=O)cc4C(F)(F)F)cc3)cc2)c1,245.0
*Oc1cccc(Oc2ccc(/C=N/C=C/c3ccc(*)cc3)cc2)c1,110.0
*Oc1cccc(Oc2ccc(/N=C/c3ccc(Oc4ccccc4-c4ccccc4)cc3)c(OCCCCCCCCCCCCCCCCCCCCCC)c2)c1*,25.0
*Oc1cccc(Oc2ccc(C(=O)/C=C/c3ccc(*)c(C)c3)cc2)c1,95.0
*Oc1cccc(Oc2ccc(C(=O)Nc3ccc(Cc4ccc(NC(=O)c5ccc(*)cc5)cc4)cc3)cc2)c1,195.0
*Oc1cccc(Oc2ccc(C(=O)c3ccc(*)cc3)cc2)c1C,130.0
*Oc1cccc(Oc2ccc(C(=O)c3ccc(C(=O)c4ccccc4*)cc3)cc2)c1,155.0
*Oc1cccc(Oc2ccc(C(=O)c3ccc(Nc4ccc(C(=O)c5ccc(*)cc5)cc4)cc3)cc2)c1,165.0
*Oc1cccc(Oc2ccc(C(=O)c3ccc(Oc4ccc(C(O)c5ccc(*)cc5)cc4)cc3)cc2)c1,155.0
*Oc1cccc(Oc2ccc(NC(=O)/C=C/C(C)(C)C#N)cc2)c1SCCCCCCCCCCCCCCCCc1ccccc1C(*)=O,15.0
*Oc1cccc(Oc2ccc(NC(=O)CCCCC(=O)Nc3ccc(S(=O)(=O)c4ccc(Oc5ccc(C(=O)c6ccc(*)cc6)cc5)cc4)cc3)cc2)c1,140.0
*Oc1cccc(Oc2ccc(NC(=O)NCCCCCCNS(*)(=O)=O)cc2)c1,65.0
*Oc1cccc(Oc2ccc(Oc3ccc(C(=O)c4ccc(*)cc4)cc3)cc2S(=O)(=O)[O][Na])c1,190.0
*Oc1cccc(Oc2ccc(Oc3ccc(C(=S)c4ccc(*)cc4)cc3)cc2)c1,105.0
*Oc1cccc(Oc2ccc(S(=O)(=O)c3ccc(NC(=O)c4ccc(NC(=O)c5ccc(C(=O)Nc6ccc(*)cc6)cc5)cc4)c(C)c3)cc2)c1C,260.0
*Oc1cccc(Oc2cccc(NC(=O)c3cc(OCCCCCCCC)c(C(*)=O)cc3OCCCCCCCCCC)c2)c1,65.0
*Oc1cccc(Oc2ccccc2C(=O)OCCCCCCOc2ccc(/N=N/c3ccc(OC(=O)c4ccccc4C(*)=O)cc3)cc2)c1C,65.0
*Oc1cccc(Oc2ccccc2C(=O)c2cccc(C(=O)c3ccc(C(*)=O)cc3)c2)c1,155.0
*Oc1cccc(Oc2ccccc2Oc2ccc(C(=O)c3ccc(*)cc3)cc2)c1,145.0
*Oc1cccc(S(=O)(=NCC(*)=O)C(C)C)c1,85.0
*Oc1cccc(S(=O)(=O)NCCCCNC(=O)c2ccc(*)cc2)c1,95.0
*Oc1cccc(S(=O)(=O)Oc2ccc(SC(C)(C)c3ccc(*)cc3)cc2)c1,95.0
*Oc1cccc(S(=O)(=O)c2ccc(Oc3ccc(C(C)(C)c4ccc([Si](*)(C)CCCC)cc4)cc3)cc2C(C)(C)C)c1,95.0
*Oc1cccc(S(=O)(=O)c2cccc(NC(=O)c3ccc(NC(=O)c4ccc(C(=O)Nc5ccc(*)cc5)cc4)cc3)c2)c1,280.0
*Oc1cccc(S(=O)(=O)c2cccc(Oc3ccc(*)cc3)c2)c1,155.0
*Oc1cccc([Si](*)(C)C)c1,60.0
*Oc1ccccc1-c1ccc(NC(=O)c2ccc([Si](C)(C)c3ccc(C(C)(C)c4ccc(C(=O)Oc5ccc(C(*)=O)cc5)cc4)cc3)cc2)cc1,165.0
*Oc1ccccc1C(=O)NNC(=O)c1ccc(*)nc1,180.0
*Oc1ccccc1C(=O)OC(=O)CCCCCCCCCCCOC(*)=O,-20.0
*Oc1ccccc1C(=O)OC(=O)c1cccc(NC(=O)CCCCCCCC(*)=O)c1,65.0
*Oc1ccccc1C(=O)OC(C)C(*)CC,45.0
*Oc1ccccc1C(=O)OC(O)C(O)N(*)CC,65.0
*Oc1ccccc1C(=O)OCC(F)(F)C(F)(F)C(F)(F)C(*)(F)OCC(F)(F)CC(F)(F)C(F)(F)C(F)(F)C(F)(F)C(F)(F)C(F)(F)C(F)(F)C(F)(F)C(F)(F)C(F)(F)C(F)(F)C(C)(F)F,25.0
*Oc1ccccc1C(=O)OCCCCCCOC(*)=O,-20.0
*Oc1ccccc1C(=O)OCCOC(=O)Oc1ccc(OC(*)=O)cc1,45.0
*Oc1ccccc1C(=O)OCCOC(=O)c1cc(Cl)ccc1OC(=O)OC(=O)c1ccccc1O*,65.0
*Oc1ccccc1C(=O)OCCOCC(F)(F)C(F)(F)C(F)(F)C(*)(F)F,-20.0
*Oc1ccccc1C(=O)O[Si](C)(C)c1ccc(*)c(OCCOc2ccccc2Oc2ccc(Br)cc2)c1,65.0
*Oc1ccccc1C(=O)Oc1ccc(C(C)(C)c2ccc(*)nc2)cc1,160.0
*Oc1ccccc1C(=O)Oc1ccc(OC(=O)c2ccc(S(=O)(=O)N(C)[Si](C)(C)c3ccc(OC(*)=O)cc3)cc2)cc1,105.0
*Oc1ccccc1C(=O)Oc1ccc(Oc2ccc(C(=O)CNc3ccccc3Oc3ccc(*)cc3)cc2)cc1,130.0
*Oc1ccccc1C(=O)Oc1ccc(Oc2ccc(C(=O)OCCCCCCCOC(*)=O)cc2)cc1,45.0
*Oc1ccccc1CC(=O)Nc1cccc(NC(=O)c2cccc(C(*)=O)c2)c1,200.0
*Oc1ccccc1CCN(C=C)c1ccc(C(*)=O)cc1OCC(C)O,85.0
*Oc1ccccc1COC(=O)c1ccc(/N=C/c2ccc(C=*)cc2)cc1,95.0
*Oc1ccccc1NC(=O)CCCCC(=O)NNC(=O)c1cccc(C(=O)NNC(=O)c2cccc(C(*)=O)c2)c1,160.0
*Oc1ccccc1NC(=O)CCCCCCC(*)=O,45.0
*Oc1ccccc1OC(=O)c1ccccc1[Si](*)(C)O,65.0
*Oc1ccccc1Oc1ccc(/C=C/N/C=N/c2ccc(*)cc2)cc1,130.0
*Oc1ccccc1Oc1ccc(C(=O)c2ccc(Oc3ccc(C(=O)c4ccc(*)cc4)cc3NCCCCCCCCCC)cc2)cc1,95.0
*Oc1ccccc1Oc1cccc(C(=O)c2ccc(*)cc2)c1,120.0
*Oc1nc(Br)nc(C(*)=O)c1O,155.0
*Pc1ccc(C(C)(C)c2ccc(S(*)(=O)=O)cc2)cc1,180.0
*S#C[Si](*)(C)CCCCCCC,-80.0
*SC(*)C(=O)OCC#N,45.0
*SC(=*)CCCC,-40.0
*SC(=CCSCCCCCC(*)=O)CC(C)SC,-30.0
*SC(=N)C(C)N(*)CCCC(C)C,-20.0
*SC(=O)/C=C/c1ccc(NC(=O)CCCCCC(=O)Nc2ccc(C(=O)OCCOc3ccc(*)c(S(=O)(=O)O)c3)c(Cl)c2)cc1,95.0
*SC(=O)C(O)C(C)C(*)=O,45.0
*SC(=O)CCCCC(=O)Oc1ccc(/C=C2/CC/C(=C\c3ccc(OC(*)=O)cc3)C2=O)cc1,45.0
*SC(=O)CCCCCCCCCCCCCC(=O)NC(C)CC(=O)NCCCCCCCCNC(*)=O,-20.0
*SC(=O)Cc1ccc(CC(*)=O)cc1,40.0
*SC(=O)NCc1ccc(CN(*)CCC)cc1,20.0
*SC(=O)Nc1ccc(NC(=O)c2cc(C(*)=O)cc(C(F)(F)F)c2)cc1,180.0
*SC(=O)SSSCCSCCSCSCCCCNS(*)(=O)=O,-20.0
*SC(=O)c1cc(OCCC(C)CC)c(C(*)=O)cc1C,45.0
*SC(=O)c1ccc(-c2ccc(C(=O)NC(=O)c3ccc(C(=O)NNC(*)=O)cc3)cc2)cc1,210.0
*SC(=O)c1ccc(NC(=O)CCCCC(=O)Nc2ccc(NC(*)=O)cc2)cc1,130.0
*SC(=O)c1cccc(C(=O)/C=C/C(=O)Oc2ccc(C(*)=O)cc2C(=O)OCCCCCCCCCC)c1,20.0
*SC(=O)c1ccccc1NC(=O)c1ccccc1C(=O)OCCOCCOC(*)=O,45.0
*SC(=O)c1ccccc1Oc1ccccc1C(=O)c1ccc(*)cc1,90.0
*SC(C(*)=O)C(=O)OCC(C)(C)C#N,90.0
*SC(C)C(*)[Si](C)(C)C,-30.0
*SC(C)CCC(*)CO[Si](C)(C)C,-60.0
*SC(F)(F)C(F)(F)C(F)(F)C(*)(F)F,-30.0
*SC1C=CC(C(*)=O)C1(C)C,120.0
*SC1CCC(C(=O)OCCC(C)CC(C)(C)C)C(*)C1,-20.0
*SC1CCC(NC(=O)CCCCCCCC(*)=O)C1(C)C,20.0
*SC1CCC(OC(=O)CCCCCCCCC(*)=O)CC1,-20.0
*SC=C(*)CO,25.0
*SC=C(C(*)=O)S(=O)(=O)Cl,90.0
*SCC(*)OC(C)(C)O,-20.0
*SCC(*)SC(=O)O,20.0
*SCC(*)c1ccccc1C(=O)O,65.0
*SCC(=O)NC(C)SC(*)=O,45.0
*SCC(=O)NCC(*)CC,25.0
*SCC(=O)NCCCCCCNC(=O)C(*)C,15.0
*SCC(=O)Nc1ccc(Cc2ccc(NC(=O)NCCc3ccc(NC(*)=O)cc3)cc2)cc1,120.0
*SCC(=O)OC(=O)c1ccc(OC(=O)CCCCCC(*)=O)cc1,-20.0
*SCC(=O)OCCCCCCOC(=O)C1CCN(*)CC1C,-30.0
*SCC(=[N+])Nc1ccc(Cc2ccc(NCC(*)=O)cc2)cc1,130.0
*SCCCCCCCCOC(=O)c1ccc(C(*)=O)cc1,-30.0
*SCCCCCCOC(=O)CCCCCCC(=O)OCCCCOC(=O)c1ccc(C(=O)NCCC(=O)Nc2ccc(*)cc2)cc1,15.0
*SCCCSS[Si](*)(C)C,-80.0
*SC[Si](*)(C)CCCCCCC,-80.0
*SN(CCC(=O)OCC)C(*)C(=O)OC,15.0
*SNC(=O)/C=C/C(=O)OCCOCCOCCOCCOCCOCCOCCOc1ccc(*)cc1,-35.0
*SNC(=O)CCCCCCCCC(=O)OCCCCC(=O)NCCCCCCNC(=O)C(*)C,-20.0
*SNC(=O)CCCCCCCCCCC(*)=O,-35.0
*SNC(=O)c1ccccc1C(=O)NNC(=O)c1ccc(*)cc1,150.0
*SNc1ccc(*)c(C(=O)O)c1,180.0
*SP(*)(=O)OC(C)COC(C)=O,-20.0
*SSC(=O)NCCCCC(C(=O)NCCCCCCNC(*)=O)C(=O)OC(C)=O,25.0
*SSSCSSSSSSSSSSSSSSSSSSSSS*,-80.0
*SSc1ccc(-c2ccc(OC(=O)NCCCCCCOCC(*)=O)cc2)cc1,15.0
*SSc1ccc(-c2cccc(C(*)=O)c2)cc1,90.0
*SSc1ccc(/C=C/c2ccc(/N=N/c3ccc([Si](*)(C)C)cc3)cc2)cc1,110.0
*S[Si](*)(C)CCCCCCc1ccc(-c2ccccc2)cc1,-20.0
*S[Si](*)(C)c1ccccc1,-20.0
*Sc1c(C)cc(*)nc1C,90.0
*Sc1cc(C(=O)O)cc(*)c1C,190.0
*Sc1cc(C)c(NC(=O)c2cc(C(*)=O)cc(C(=O)O)c2)cc1C,250.0
*Sc1cc(CCCCCCCCCC#N)c(*)cc1Cc1ccccc1,15.0
*Sc1cc(O)c(*)cc1CCCCCCCC,25.0
*Sc1cc(OCCCCCCCCCCCCCC)c(Cc2cc(C)c(*)c(CCCCCCCCC)c2)cc1C,-20.0
*Sc1ccc(*)c(N)c1,90.0
*Sc1ccc(*)c(OCCC)c1C,65.0
*Sc1ccc(*)cc1[N+](=O)[O-],90.0
*Sc1ccc(-c2cc(CCCCCC)c(*)cc2CCCCCCCC)cc1,25.0
*Sc1ccc(-c2ccc(*)c(S(=O)(=O)O)c2)cc1,220.0
*Sc1ccc(-c2ccc(*)cc2)cc1-c1cccnc1,150.0
*Sc1ccc(-c2ccc(-c3nnc(*)s3)s2)cc1,150.0
*Sc1ccc(-c2ccc(NC(=O)NC(=O)c3ccc(C(=O)NNC(=O)c4ccc(C(*)=O)cc4)cc3)cc2)cc1,250.0
*Sc1ccc(-c2ccc(Nc3ccc(Cc4ccc(NC(=O)c5ccc(C(*)=O)cc5)cc4)cc3)cc2)cc1,210.0
*Sc1ccc(-c2ccc(SC(*)=S)cc2)cc1,90.0
*Sc1ccc(/N=N/c2cc(C)c(N=*)cc2SCCCCCC)cc1,95.0
*Sc1ccc(/N=N/c2ccc(C(=O)c3ccc(*)cc3)cc2)cc1,130.0
*Sc1ccc(C(*)=C(Oc2ccc(C#N)cc2)c2ccc(OCCCCCC)cc2)cc1,45.0
*Sc1ccc(C(*)=C)c2ccccc12,120.0
*Sc1ccc(C(=O)/C=C/C(=O)Nc2cccc(*)n2)c(C)c1,130.0
*Sc1ccc(C(=O)CCc2ccc(*)cc2)cc1,50.0
*Sc1ccc(C(=O)CCc2ccc(C(=O)C=*)cc2)cc1,65.0
*Sc1ccc(C(=O)NNC(=O)c2ccc(C(=O)SN(*)CC)cc2)cc1,165.0
*Sc1ccc(C(=O)Nc2ccc(-c3ccc(NC(=O)CCCCCC(*)=O)cc3)cc2)cc1,130.0
*Sc1ccc(C(=O)OCCOC(=O)c2ccc(OC(C)CCOC(=O)CCCCCCCCc3ccc(C(*)=O)cc3)cc2)cc1,-10.0
*Sc1ccc(C(=O)c2ccc(C(=O)Nc3ccc(Sc4ccc(NC(=O)c5ccc(C(=O)Nc6ccc(*)cc6)cc5)cc4)cc3)cc2)cc1,260.0
*Sc1ccc(C(=O)c2ccc(N(CC)CCCC)cc2)c(OCC(*)CCCCCCC)c1,15.0
*Sc1ccc(C(C)(C)c2ccc(/C(C)=C/c3ccc(Oc4ccc(*)cc4)cc3)cc2)cc1,115.0
*Sc1ccc(C(C)(C)c2ccc(NC(=O)CCCCCCCCCCCCC(*)=O)c(C(C)(C)C)c2)cc1C(=O)OCCCCC,15.0
*Sc1ccc(C(C)(C)c2ccc(NC(=O)c3ccc(C(*)=O)cc3)cc2)c(C)c1,170.0
*Sc1ccc(C(C)(C)c2ccc(Nc3cccc(C(*)=O)c3)c(Cl)c2)cc1,170.0
*Sc1ccc(CC(*)=O)cc1C(CC)CCCOc1ccc([N+](=O)[O-])cc1,45.0
*Sc1ccc(CC(*)CCCCCCCCCC)cc1,-30.0
*Sc1ccc(CCc2ccc(C(*)=O)cc2C)cc1S(=O)(=O)/C=C/c1ccc(C)cc1,85.0
*Sc1ccc(Cc2ccc(/C=N/c3ccc([N+](=O)[O-])cc3)cc2C(*)=O)cc1,145.0
*Sc1ccc(Cc2ccc(NC(=O)c3cc(C(*)=O)cc(C(=O)OCCC)c3)cc2)cc1C,150.0
*Sc1ccc(Cc2ccc(NC(=O)c3ccc(*)cc3)cc2)c(C)c1,145.0
*Sc1ccc(Cc2ccc(NCC(=O)c3ccccc3C(*)=O)cc2)cc1,120.0
*Sc1ccc(N(CCC)c2ccc(NC(*)=O)cc2C)cc1,130.0
*Sc1ccc(NC(=O)CCCCCCCCCCCCC(=O)Nc2ccc(*)cc2)cc1,90.0
*Sc1ccc(NC(=O)CCCCCCCCCCCCC(=O)Nc2ccc(C(=O)Nc3ccc(*)s3)cc2)cc1,65.0
*Sc1ccc(NC(=O)CCCS(=O)(=O)CCCCC(*)=O)cc1,55.0
*Sc1ccc(NC(=O)c2cc(C(C)(C)c3ccc(C(*)=O)cc3)ccc2Cl)cc1-c1ccccc1,175.0
*Sc1ccc(NC(=O)c2ccc(Cc3ccc(NC(=O)c4ccc(C(*)=O)cc4)cc3)cc2)cc1,180.0
*Sc1ccc(NC(=O)c2ccc(NC(=O)CCN3C(=O)c4ccc(*)cc4C3=O)cc2Oc2ccc(/N=N/c3ccc([N+](=O)[O-])cc3)cc2)cc1,235.0
*Sc1ccc(NC(=S)c2ccc(Nc3ccc(Sc4ccc(*)cc4)cc3)cc2)cc1,165.0
*Sc1ccc(OC(=O)c2ccc(C(*)=O)cc2Oc2ccc(C(C)(C)OC(C)CC)cc2)cc1,65.0
*Sc1ccc(Oc2ccc(-c3ccc(Oc4ccc(C(=O)c5ccc(*)cc5)cc4)cc3)cc2)cc1-c1cccc(-c2ccccc2)c1,155.0
*Sc1ccc(Sc2ccc(-c3ccc(*)cc3)cc2)c(S(=O)(=O)[O][Na])c1,210.0
*Sc1ccc(Sc2ccc(CC(C(*)=O)C(O)CC)cc2)cc1,65.0
*Sc1ccc(Sc2cccc([Si](C)(C)c3ccc(*)cc3)c2)cc1,90.0
*Sc1ccc2c(c1)C(=O)N(c1ccc(C(=O)Nc3ccc(N4C(=O)c5ccc(*)cc5C4=O)cc3-c3ccccc3)cc1)C2=O,320.0
*Sc1cccc(NC(=O)c2ccc(C(=O)Nc3ccc(NC(=O)c4ccc(*)cc4)cc3)cc2)c1,260.0
*Sc1cccc(OC(=O)c2cccc(C(*)=O)c2)c1,90.0
*Sc1cccc(Oc2ccc(NC(=O)c3ccc(C(*)=O)cc3)cc2C(=O)O)c1,245.0
*Sc1ccccc1CCCNC(*)=O,45.0
*[CH2][Fe]([*])[CH2]N,50.0
*[CH2][Ge]([*])([CH2]CCC)[CH2]CCCCCCC,-75.0
*[CH2][Ge]([CH3])([CH3])[CH2][Si](*)(C)CC,-100.0
*[CH2][Sn]([*])([CH2]C)[CH2]C#N,-20.0
*[CH2][Sn]([*])([CH3])[CH2]CC[PH](C)(C)C,-60.0
*[CH2][Sn]([*])[CH2]CCCCCCCCCCCCCCCCC,-70.0
*[CH2][Sn]([CH3])([CH3])[c]1ccc(N(*)CCCC)cc1,25.0
*[N+](=O)c1ccccc1[Si](*)(c1ccccc1)c1ccccc1,210.0
*[N+](C)(CCCl)C(=*)NCCC,120.0
*[PH](*)(CC(CC)CCCC)c1cccc(CCCCCCCC)c1,-40.0
*[PH](*)(CCC(F)(F)F)OCC(F)(F)C(F)(F)C(F)(F)C(F)(F)C(F)(F)C(F)F,-20.0
*[PH](*)([2H])C,50.0
*[SH](*)([2H])=O,100.0
*[Se]=Pc1cc(*)c(OCCCCCC)cc1OCCOc1ccc(S(=O)(=O)[O][Na])cc1,105.0
*[Se]C(CCCCCCCCCCCSC(=O)OCC)C(=*)CCCCCCCCCC,-55.0
*[Se]Nc1cc(C)c(*)cc1SC,90.0
*[Se]Nc1ccc(/N=N/c2ccc(N(c3ccccc3)c3ccc(*)cc3)cc2)cc1,145.0
*[Se]c1cc(*)c(OCC(CC)CCCC)cc1CCCC,-20.0
*[Se]c1cc(CC(CC)CCCC)c(*)cc1Cl,20.0
*[Se]c1cc(CCCSCCCC)c(*)cc1OCCCCCCC,-20.0
*[Se]c1cc(OC)c(/C=C/c2ccc(*)cc2)c(OC)c1C,95.0
*[Se]c1cc(SCC(=O)OCCCCCCCCCCCCCC)c(*)s1,-40.0
*[Se]c1ccc(*)cc1OC(C)=O,65.0
*[Se]c1ccc(-c2ccc(-c3ccc(Sc4cccc(*)n4)c(Br)c3)cc2)cc1,145.0
*[Se]c1ccc(Cc2ccc(NC(*)=O)cc2)cc1,90.0
*[Se]c1ccc(NC(=O)Nc2ccc(C(=O)NNC(=O)c3ccc(NC(=O)c4ccc(NC(=O)c5cccc(*)n5)cc4)cc3)cc2)cc1,250.0
*[Se]c1ccc(Sc2ccc(NC(=O)CC(C)C(=O)Nc3ccc(*)cc3)cc2)cc1,145.0
*[SiH](*)c1ccccc1C(C)C,45.0
*[SiH]c1cc(*)c(OCC(C)CC)cc1C[Si](C)(C)c1ccccc1,15.0
*[SiH]c1ccc(Br)c(C(*)=O)c1,120.0
*[Si](*)(C)CCCCCC(=O)Oc1ccc(C(=O)Oc2ccc(Br)cc2)c(C(C)(C)C)c1,-15.0
*[Si](*)(C)CCCCCCCCCCCCCCCCCCCCCCCCCCCCCCCCCC,-120.0
*[Si](*)(C)CCCCCCCCCCCOc1ccc(C(=O)Oc2ccc(C(=O)Oc3cccc(C=O)c3)cc2)cc1,-20.0
*[Si](*)(C)CCCCCCCCCCOc1ccc(/N=N/c2ccc([N+](=O)[O-])cc2)cc1,-20.0
*[Si](*)(C)CCCN(C)c1ccc(-c2ccc(C#N)cc2)cc1,45.0
*[Si](*)(C)CCCN(C)c1ccc(-c2ccc(S(=O)(=O)c3ccc(OC)cc3)cc2)cc1,45.0
*[Si](*)(C)CCCOc1ccc(C(=O)Oc2ccccc2)cc1,-20.0
*[Si](*)(C)CCC[Si](C)(C)C,-120.0
*[Si](*)(C)CC[N+](C)(C)C,-30.0
*[Si](*)(C)CCc1ccc(/C=C/c2ccc(S(=O)(=O)O)cc2)cc1,45.0
*[Si](*)(C)CCc1ccc(Cl)c(Br)c1,-20.0
*[Si](*)(C)Cc1ccc(OC)cc1,-40.0
*[Si](*)(C)OCCCCCCOc1ccc(C(=O)Oc2ccc(C(=O)Oc3ccc(OC)cc3)cc2)c(Br)c1,10.0
*[Si](*)(C)[Si](C)(C)CCCC,-110.0
*[Si](*)(C)c1ccc(CCCCC)cc1,-30.0
*[Si](*)(CCC(F)(F)F)OCC(F)(F)C(F)(F)C(F)(F)C(F)(F)C(F)(F)COC(F)(F)C(F)(F)F,-80.0
*[Si](*)(CCC)CC(=O)OCCC,-80.0
*[Si](*)(CCCC)CCCCCCCCCCCCCC(=O)O,-60.0
*[Si](*)(CCCC)NCCCCCCCC,-80.0
*[Si](*)(CCCCC)CCCCCCCCCCC,-120.0
*[Si](*)(CCCCC)CC[N+](C)(C)CCCCCCCC,-60.0
*[Si](*)(CCCCC)OCCCCCCCCCCCCCCCCCCCCCCCC,-120.0
*[Si](*)(CCCCC)OCCCCCCCCCCCCCCCCCCSC,-90.0
*[Si](*)(CCCCCCC)CCCCCOc1ccc(-c2ccc([N+](=O)[O-])cc2)cc1,-20.0
*[Si](*)(CCCCCCC)N(CCCCCC)SCCC,-70.0
*[Si](*)(CCCCCCCC)CCCCCCCCOc1ccc(-c2ccc(C#N)cc2)cc1,-30.0
*[Si](*)(CCCCCCCCCC)CCCCCCCCC(=O)Oc1ccc(-c2ccc(C(=O)OCCOCCCCCCOC(=O)c3ccc(/C=C/C(=O)O)cc3)cc2)cc1,-20.0
*[Si](*)(CCCCCCCCCCCCCC)OCCCCC,-110.0
*[Si](*)(CCCCOc1ccc(-c2ccccc2)cc1)c1ccc(-c2ccccc2)cc1,10.0
*[Si](*)(CCc1ccccc1)C(C)NC(=O)c1cccc(OCC)c1,45.0
*[Si](*)([2H])CCCCCCOc1ccc(/C=C/c2ccc([N+](=O)[O-])cc2)cc1,-20.0
*[Si](C)(C)C[Si](C)(C)O[Si](C)(C)O[Si](C)(C)O[Si](*)(C)C,-120.0
*[Si](C)(C)c1ccc(-c2ccc(-c3ccc(OCc4ccc(N=*)cc4)cc3)cc2)cc1,130.0
*c1[nH]c(*)c(-c2ccc(-c3ccc(C#N)cc3)c(C(F)(F)F)c2)c1OCCCCCOc1cccnc1,130.0
*c1[nH]c(*)c(Br)c1C,180.0
*c1[nH]c(*)c(OCCCCCC)c1CCCC,-20.0
*c1[nH]c(*)c(S(=O)(=O)O)c1Br,250.0
*c1[nH]c(*)c2c1OCCO2,220.0
*c1[nH]c(-c2ccc(C=*)cc2)c(C)c1C,180.0
*c1c(/C=N/c2ccc(/N=C/c3ccc(OC)cc3)cc2)ccc([Si](*)(C)CCCCCCCC)c1OCCCCCC,45.0
*c1c[n+](OCC(CC)CC)c(*)nc1CCCCC,45.0
*c1c[nH]c(*)c1CCCCCCCCCC,-30.0
*c1cc(*)c(Br)c(O)c1O,190.0
*c1cc(*)c(Br)c(S(=O)(=O)c2ccccc2)c1,195.0
*c1cc(*)c(C(=O)C(F)(F)C(F)(F)C(F)(F)F)cc1C,145.0
*c1cc(*)c(C(=O)Nc2ccc(C#N)cc2C)c(C)c1,260.0
*c1cc(*)c(C(F)(F)F)cc1Cl,150.0
*c1cc(*)c(CCCCC)c(C)c1Br,90.0
*c1cc(*)c(CCCCCCC)c(CC)c1CC,40.0
*c1cc(*)c(CCCCCCCCC)s1,-30.0
*c1cc(*)c(Cl)c(C(CC)CCCC)c1,55.0
*c1cc(*)c(OC(C)(C)C)c(C)c1C,195.0
*c1cc(*)c(OCC(F)(F)F)c(Br)c1F,130.0
*c1cc(*)c([2H])c(S(=O)(=O)O)c1,220.0
*c1cc(-c2ccc(CCCCCCCCCCCC)cc2)c(*)s1,-30.0
*c1cc(-c2ccc([Si](c3ccccc3)c3ccc([Si](*)(C)C)cc3)cc2)cc(C(C(F)(F)F)C(F)(F)F)c1,145.0
*c1cc(-c2cccc(Br)c2)cc(N(*)c2ccccc2)c1,175.0
*c1cc(-c2ccccn2)c(*)s1,120.0
*c1cc(/C=C/c2ccc(*)c(C#N)c2)ccc1N,250.0
*c1cc(/C=C/c2ccc(-c3cc(CCCC)c(*)cc3CCCCCC)cc2)c(OC)c(C(C)=O)c1,95.0
*c1cc(Br)c(-c2cc(Cl)c(S(*)(=O)=O)c(OCCCCCCCCCCCCCCCC)c2)cc1OC,45.0
*c1cc(Br)c(N=*)cc1C(C)CCCOc1ccc(/N=N/c2ccccc2)cc1,130.0
*c1cc(C#N)c(-c2cc(CC)c(*)s2)c(CCCCCCCCCC)c1,85.0
*c1cc(C(*)[2H])c(OC)cc1Cl,90.0
*c1cc(C(=O)C(F)(F)F)c(*)cc1[2H],150.0
*c1cc(C(=O)N(C)C)c(*)cc1[2H],210.0
*c1cc(C(=O)O)c(*)c(OCCCCCCCCCC)c1CC,45.0
*c1cc(C(=O)OCCCC)c(N2C(=O)c3ccc(-c4ccc5c(c4)C(=O)N(*)C5=O)cc3C2=O)c(C)c1C,285.0
*c1cc(C(=O)c2ccc(N=*)c(OC)c2)ccc1O,220.0
*c1cc(C(C)(C)C)c(*)cc1C(C)=O,180.0
*c1cc(C(C)(C)C)c(Cl)c(*)c1C,190.0
*c1cc(C(CCCCCC)CCCCCCCCCC)c(*)s1,-60.0
*c1cc(C(O)C(O)COc2ccccc2)c(*)s1,65.0
*c1cc(C)c(-c2cc(CCCCCCCCCCCC)c(*)s2)cc1I,25.0
*c1cc(C)c(-c2nnc(*)n2C)c(Br)c1,260.0
*c1cc(C)c(C)c(*)c1C#N,250.0
*c1cc(C)c(C=*)cc1[SH]OC,95.0
*c1cc(C)c(Cc2cc(OC)c(*)c(Cl)c2Cl)c(Cl)c1F,210.0
*c1cc(C)c(Oc2ccc(NS(=O)(=O)c3ccc(*)c(Br)c3F)c(F)c2F)o1,220.0
*c1cc(C=*)c(Br)c(Cl)c1O,180.0
*c1cc(CCCC(C)(C)C)c(/C=C/c2ccc(*)c(N(CC)CCCCCC)c2)cc1Cl,65.0
*c1cc(CCCC)c(Sc2ccc(-c3ccc(-c4ccc(/N=C/c5nnc(*)s5)cc4)cc3)cc2C#N)c(OCC(C)C)c1,185.0
*c1cc(CCCCCC)c(C#N)c(*)c1OCCCCCCCCCC,-20.0
*c1cc(CCCCCCC(=O)OC)cc(C(=O)OCCN(*)c2ccccc2)c1,25.0
*c1cc(CCCCCCC(F)(F)F)c(*)cc1Cl,-20.0
*c1cc(CCCCCCC)sc1*,-35.0
*c1cc(CCCCCCCCCC(F)(F)C(F)(F)C(F)(F)C(F)(F)C(F)(F)C(F)(F)C(F)(F)C(F)(F)C(F)(F)[Si](F)(F)C(F)(F)OCC(F)(F)C(F)(F)C(F)(F)F)c(*)s1,-35.0
*c1cc(CCCCCCCCCCCC)c(-c2cc(C)c(*)cc2OCCCCCCCCCCCCCCCCCCCC)s1,-30.0
*c1cc(CCCCCCCCCCCCC)c(*)cc1CCCCC,-20.0
*c1cc(CCCCCCCCN)c(*)s1,-30.0
*c1cc(CCc2ccccc2[Si](CC(=O)C(CCC)(CCC)C(*)(C(=O)O)C(F)(F)F)C(F)(F)F)ccc1-c1ccccc1,145.0
*c1cc(CN(C)C)c(-c2cc(C)c(*)cc2C)[nH]1,180.0
*c1cc(COCCC)c(*)cn1,40.0
*c1cc(COCCCCCCCC)c(*)s1,-40.0
*c1cc(Cl)c(*)c(C)c1O,130.0
*c1cc(Cl)c(*)nc1-c1cccc(C)c1,165.0
*c1cc(Cl)c(C=*)cc1C,100.0
*c1cc(Cl)c(OCC(C)CCC(F)(F)C(F)(F)C(F)(F)C(F)(F)C(F)(F)C(F)(F)C(*)(F)F)c(C(F)(F)F)c1O,65.0
*c1cc(N(C)C)c(*)cc1O,180.0
*c1cc(NC(=O)OCCOCCOCCOCCOc2ccc(-c3ccccc3)cc2)cc(C(=O)Nc2ccc(S(*)(=O)=O)cc2)c1,65.0
*c1cc(Nc2ccc(N=*)cc2)cc(C(=O)OC(C)(C)C)c1,210.0
*c1cc(O)c(*)nc1-c1ccc(OC)cc1,210.0
*c1cc(O)c(C)c(*)c1C,180.0
*c1cc(OC)c(*)cc1C=C,120.0
*c1cc(OC)c(*)cc1CCCCCCCCCCCCCCCC,-30.0
*c1cc(OC)c(-c2ccc(*)c(OCCCCCCCC)c2)cc1CCCCCCCC,25.0
*c1cc(OC)c(OCC(CC)O[Si](C)(C)C[Si](C)(C)C)cc1Oc1ccc(C(C)(C)c2ccc(S(*)(=O)=O)cc2)cc1,65.0
*c1cc(OC)cc(C=*)c1Cl,130.0
*c1cc(OCC(CC)OCC)c(*)s1,10.0
*c1cc(OCC(CCCC)CCCC)c(*)s1,-30.0
*c1cc(OCCC(C)(C)C)cc(*)c1C,60.0
*c1cc(OCCCC)c(*)c(Br)c1C,85.0
*c1cc(OCCCC)c(*)cc1CCCCCCCCCC,-40.0
*c1cc(OCCCCCCCC)c(*)cc1NC(=O)c1ccccc1,110.0
*c1cc(OCCCCCCCCCC)c(-c2cc(C)c(-n3c(=O)c4cc5c(=O)n(*)c(=O)c5cc4c3=O)cc2C(F)(F)F)c(OCC)n1,260.0
*c1cc(OCCCCCCCCCCCCCCCCCCCC)c(*)cc1OC,-40.0
*c1cc(OCCCCCCCCCCCCCCCCCCCC)cc(-c2sc(*)c3c2OCCO3)c1CCCCCC,-20.0
*c1cc(OCCCCCCCCCCCCCCCCCCCCCC)c(*)cc1OC,-30.0
*c1cc(OCCCCCCCCCCCCCCCOc2ccc(S(*)(=O)=O)cc2)ccc1N,45.0
*c1cc(OCCCOCCCCCCCC)c(*)cc1OCCCCCCCC,-40.0
*c1cc(OCCCS(=O)(=O)CCOc2ccc(C#N)cc2)c(*)[nH]1,65.0
*c1cc(OCCO)c(*)nc1SCC#N,85.0
*c1cc(OCc2ccccc2)c(*)cc1Br,120.0
*c1cc(Oc2ccccc2)cc(N=*)c1O,180.0
*c1cc([N+](=O)[O-])c(*)cc1O,220.0
*c1cc([N+](=O)[O-])ccc1C=*,130.0
*c1ccc(*)c(-c2ccc(C)cc2)c1OCCCCCCCCCCCCCCCC,-20.0
*c1ccc(*)c(C(=O)OCCCCCCCCCCCCCCCC)c1,-30.0
*c1ccc(*)c(CC(CC)(CC)CC(C)(O)O)c1,65.0
*c1ccc(*)c(OCCOCC)c1O,90.0
*c1ccc(*)c(OCCOc2ccc(C(C)(C)c3ccccc3)cc2)c1,90.0
*c1ccc(*)c(Oc2ccc(N(C)C)cc2)c1,95.0
*c1ccc(*)c(S(=O)(=O)[O][K])c1,190.0
*c1ccc(*)c([Si](C)(C)C)c1,130.0
*c1ccc(*)c([Si](CCCC)CCCCCCCC)c1C,45.0
*c1ccc(*)n1C(=O)CCCCCCCCC(=O)O,20.0
*c1ccc(*)n1C(=O)OCC(=O)OCCCCCCCCCC,-30.0
*c1ccc(*)n1C(=O)OCCCCC(=O)OC,15.0
*c1ccc(*)n1C(=O)OCCCCCCCCCCOCC(=O)Nc1ccc(/N=N/c2ccc(OCC)cc2)cc1,45.0
*c1ccc(*)n1C(C(=O)OCCCCCCC)C(=O)OCCCCCCCCCC,-30.0
*c1ccc(-c2cc(Br)c(-c3ccc(*)s3)s2)o1,110.0
*c1ccc(-c2cc(C#N)cc(*)c2C)cc1,250.0
*c1ccc(-c2cc(CCCC)c(*)o2)cc1CCCCCCCCCCCCC,-15.0
*c1ccc(-c2cc(CCCCCCC)c(*)s2)s1,30.0
*c1ccc(-c2cc(CCCCCCCCCC)c(-c3cc(CCCCCCCC)c(*)cc3CCCCCCCCCCCC)cc2CCCCC)cc1,-10.0
*c1ccc(-c2cc(CCCCCCCCCCCC)c(*)cc2C)cc1,45.0
*c1ccc(-c2cc(CCCCCCCCCCCC)c(*)s2)cc1SC,10.0
*c1ccc(-c2cc(CCCCCCCCCCCCCCCC)c(*)s2)cc1CCCCCCC,-30.0
*c1ccc(-c2cc(CCCCCCCCCCCCCCCCCCCCCC)c(*)cc2SCCCCCCCCCC)cc1,-30.0
*c1ccc(-c2cc(OCC(C)CC)c(*)nc2OCCCCCCCCCCCC)cc1OCCCCOc1ccc(/N=N/c2ccc([N+](=O)[O-])cc2)cc1,65.0
*c1ccc(-c2cc(OCCCCCCCC)c(*)s2)cc1CC,30.0
*c1ccc(-c2cc(SCCCCCCCCCCCCCC)c(*)s2)cc1CCCCCCCCCC,-30.0
*c1ccc(-c2ccc(*)c(-c3ccccc3)c2-c2ccc(OCCOCCOCCOCCOCCOCCOCCOCCCCCC)cc2)cc1,45.0
*c1ccc(-c2ccc(*)c([SiH](F)F)c2)cc1,130.0
*c1ccc(-c2ccc(*)cc2CCCCCCCCCCCCCCCCCC)c(CCCC)c1,-20.0
*c1ccc(-c2ccc(*)n2CCCCCCCC)cc1,90.0
*c1ccc(-c2ccc(*)s2)c(-c2cc(Cl)c(Cl)c(Cl)c2[2H])c1,145.0
*c1ccc(-c2ccc(-c3cc(C(=O)NC(CC)CCCC)c(*)s3)cc2)cc1,145.0
*c1ccc(-c2ccc(-c3cc(CCCCCC)c(*)cc3CCCCCCCCCC)cc2CCCCCCCCCCC)cc1,50.0
*c1ccc(-c2ccc(-c3cc(OC)c(*)cc3OC)c(C)c2)cc1C,190.0
*c1ccc(-c2ccc(-c3cc(OCCCCCCCCCCCC)c(*)cc3CCCCCCCCCCCC)[nH]2)cn1,45.0
*c1ccc(-c2ccc(-c3ccc(-c4cc(CCCCCCCCCC)c(*)s4)s3)cc2Br)nn1,95.0
*c1ccc(-c2ccc(-c3ccc(-c4ccc(*)o4)cc3)cc2)c(-c2ccccc2)c1,190.0
*c1ccc(-c2ccc(-c3ccc(-c4ccc(-c5ccc(*)cc5)cc4)cc3)cc2)cc1,280.0
*c1ccc(-c2ccc(-c3ccc(-c4ccc(-c5ccc(*)s5)s4)s3)cc2)cc1,180.0
*c1ccc(-c2ccc(-c3ccc(-c4ccc(N(*)c5ccc(C(C)(C)CC)cc5)cc4)cc3)cc2)cc1,235.0
*c1ccc(-c2ccc(-c3ccc(-c4ccc([Si](*)(C)CCCCCC)cc4)s3)cc2)cc1,110.0
*c1ccc(-c2ccc(-c3ccc(-c4nnc(*)s4)cc3)cc2)[nH]1,280.0
*c1ccc(-c2ccc(-c3ccc(C(*)(CCCC)CCCCCC)cc3)cc2)cc1,100.0
*c1ccc(-c2ccc(-c3ccc(Nc4ccc(-c5ccc(*)nc5)cc4)cc3)cc2)cc1,220.0
*c1ccc(-c2ccc(-c3ccc(S(*)(=O)=O)cc3)cc2SC)cc1,190.0
*c1ccc(-c2ccc(-c3ccc(S(=O)(=O)c4ccc(Oc5ccc(S(=O)(=O)c6ccc7c(c6)C(=O)N(*)C(=O)C7=O)cc5)cc4)cc3)cc2)c(C)c1,280.0
*c1ccc(-c2ccc(-n3c(=O)c4cc5c(=O)n(*)c(=O)c5c(C)c4c3=O)cc2C(F)(F)F)c(C(C)(C)C)c1,320.0
*c1ccc(-c2ccc(-n3c(=O)c4cc5c(=O)n(*)c(=O)c5cc4c3=O)c(F)c2Cl)c(F)c1F,320.0
*c1ccc(-c2ccc(-n3c(=O)c4cc5c(=O)n(*)c(=O)c5cc4c3=O)cc2)c(OCCCCCCCC)c1,260.0
*c1ccc(-c2ccc(-n3c(=O)c4cc5c(=O)n(*)c(=O)c5cc4c3=O)cc2C(F)(F)F)c(C(C)(C)C)c1,320.0
*c1ccc(-c2ccc(-n3c(=O)c4cc5c(=O)n(*)c(=O)c5cc4c3=O)cc2C(F)(F)F)nc1,320.0
*c1ccc(-c2ccc(/C=C/c3ccc(Cl)cc3Cl)c(*)c2)cc1,150.0
*c1ccc(-c2ccc(C(=O)NNC(=O)c3ccc(C(=O)NCCCNC(=O)c4ccc(S(*)(=O)=O)cc4)cc3)cc2)cc1,210.0
*c1ccc(-c2ccc(C(C)(c3ccccc3)N(*)CCCC)cc2)cc1,145.0
*c1ccc(-c2ccc(C[Si](*)(c3ccccc3)c3ccccc3)cc2)cc1,145.0
*c1ccc(-c2ccc(Cc3ccc(Sc4ccc(-c5nnc(*)n5-c5ccccc5)cc4)cc3)cc2)cc1,190.0
*c1ccc(-c2ccc(N(CCC)CC(=O)c3ccc(*)s3)s2)o1,95.0
*c1ccc(-c2ccc(N(c3ccccc3)c3ccc(-c4ccc(*)s4)s3)s2)cc1,140.0
*c1ccc(-c2ccc(OCCSCCCCCCCCCCCCc3ccc(N=*)cc3)cc2)cc1,45.0
*c1ccc(-c2ccc(Oc3ccc(-c4nnc(*)o4)s3)cc2)cc1,180.0
*c1ccc(-c2ccc(S(*)(=O)=O)c(C(F)(F)F)c2)cc1C#N,260.0
*c1ccc(-c2ccc(S(*)(=O)=O)c(C=O)c2-c2ccccc2)cc1,260.0
*c1ccc(-c2ccc(S(*)(=O)=O)cc2)c(OCC(C)C)c1,155.0
*c1ccc(-c2ccc(SSSSS(=O)(=O)c3ccc(C(=O)N4C(=O)c5ccc(C(*)(C(F)(F)F)C(F)(F)F)cc5C4=O)cc3)cc2)cc1,280.0
*c1ccc(-c2ccc(Sc3ccc([Si](*)(C)C#N)cc3)cc2)c(C)c1,130.0
*c1ccc(-c2ccc([Si](*)(C)C#N)cc2)c(C(=O)NCC[Si](C)(C)CC)c1,130.0
*c1ccc(-c2ccc([Si](*)(C)CCCCCCCCCC)s2)o1,-30.0
*c1ccc(-c2ccc([Si](*)(C)CN(C)C)cc2)o1,65.0
*c1ccc(-c2ccc([Si](*)(C)O[Si](C)(C)OCC)cc2)cc1,65.0
*c1ccc(-c2ccc([Si](*)(CC)NS(=O)(=O)O)c(OC)c2)cc1O,145.0
*c1ccc(-c2ccc3c4nc(c(-c5ccccc5)c3c2)C=c2nc(*)ccc2=N4)cc1,320.0
*c1ccc(-c2cccc(*)n2)c(Cl)c1,145.0
*c1ccc(-c2nc(-c3ccccc3)c(-c3cc(CCCCCCCCCCCCCCCC)c(*)s3)o2)s1,45.0
*c1ccc(-c2nnc(-c3ccc(-c4nnc(*)o4)cc3)n2-c2ccc(F)cc2)cn1,260.0
*c1ccc(-c2sc(-c3cc(CCCCCCCC(CC)CC)c(*)s3)cc2CCCCCC)cc1,40.0
*c1ccc(-c2sc(-c3cc(CCCCCCCCCCCC)c(*)s3)cc2C/C=C/c2ccc(OCCCCCCCCCCCC)cc2)cc1,-20.0
*c1ccc(-c2sc(-c3cc(CCCCCCCCCCCC)c(*)s3)cc2CCCCCCCCCCCCCC)cc1,-20.0
*c1ccc(-n2on2-c2ccc([Si](*)(C)C)c[c]2[Na])cc1,150.0
*c1ccc(/C(C)=N/N=C(\c2ccccc2)c2ccc(Oc3ccc(N4C(=O)c5ccc(C(*)(C(F)(F)F)C(F)(F)F)cc5C4=O)cc3)cc2)cc1,245.0
*c1ccc(/C=C(\C)c2ccc(C(c3ccccc3)c3nnc(*)s3)s2)s1,130.0
*c1ccc(/C=C/C(=C(C#N)C[Si](*)(C)C)[Si](C)(C)C)cc1,90.0
*c1ccc(/C=C/[Si](C)(C)CCC(F)(F)C(F)(F)C(*)(F)F)cc1,25.0
*c1ccc(/C=C/[Si](C)(C)c2ccc([Si](C)(C)[Si](*)(C)C)s2)s1,45.0
*c1ccc(/C=C/c2c(C#N)cc(*)nc2C)cn1,210.0
*c1ccc(/C=C/c2c(CCC)cc(*)c(-c3ccccc3)c2C)nc1,140.0
*c1ccc(/C=C/c2ccc(-c3nnc(*)s3)cc2)cc1,210.0
*c1ccc(/C=C/c2ccc(/C=C/C=C/c3ccc(N=*)c(SC)c3)c(C(=O)OCCCCCCCCCCCCCC)c2)cc1,85.0
*c1ccc(/C=C/c2ccc(/C=C/c3cc(SCCCCCCCCCCCCCC)c(*)cc3CCCCCCCC)cc2OCCCCCCCCCCCCCCCC)s1,-20.0
*c1ccc(/C=C/c2ccc(N(c3ccccc3)c3ccccc3)cc2)cc1*,150.0
*c1ccc(/C=C/c2ccc(N3C(=O)c4ccc(C(=O)c5ccc6c(c5)C(=O)N(*)C6=O)cc4C3=O)cc2)cc1,310.0
*c1ccc(/C=C/c2ccc([Si](*)(C)C)cc2)c(OCCCCCCCC)c1,30.0
*c1ccc(/C=C/c2ccc([Si](C)(CCCC)c3ccc(-c4ccc(*)s4)o3)s2)s1,85.0
*c1ccc(/C=C/c2sc(-c3cc(CCCC)c(*)s3)cc2CCCCCCCC)cc1,40.0
*c1ccc(/C=N/c2ccc(N=*)c(C)c2)cc1SCCC,120.0
*c1ccc(/C=N/c2cccc(N=*)c2)cc1,180.0
*c1ccc(/N=C(\C#N)C#C[SiH]c2cccnc2*)cc1,180.0
*c1ccc(C#C)c(C=*)c1,150.0
*c1ccc(C#Cc2ccc(-c3ccc(N4C(=O)c5ccc(S(=O)(=O)c6ccc7c(c6)C(=O)N(*)C7=O)cc5C4=O)cc3)cc2)cc1,320.0
*c1ccc(C#Cc2ccc(OC(Oc3ccccc3)C(OC)C(*)CCCC)cc2)cc1,85.0
*c1ccc(C(*)(C(=O)OC)c2ccc(-c3ccc(C)cc3)cc2)cc1,190.0
*c1ccc(C(=O)C=CC(=O)c2ccc(Oc3ccc(*)c(CCCCCCC)c3)cc2)cc1,65.0
*c1ccc(C(=O)CCCCCn2c(=O)c3cc4c(=O)n(*)c(=O)c4cc3c2=O)c(C)c1,150.0
*c1ccc(C(=O)CN2C=CC(Oc3ccc(N4C(=O)c5ccc(*)cc5C4=O)cc3)C2)c(OCC)c1,245.0
*c1ccc(C(=O)CNCC(=O)NCCCCCCCCCCCCCCCCCCCC(CC)NC(*)CC=C)cc1,-20.0
*c1ccc(C(=O)NCCCCCNC(=O)c2ccc([Si](*)(C)C)cc2)cc1,90.0
*c1ccc(C(=O)NCCN(C)c2ccc(Nc3ccc(N4C(=O)c5ccc(*)cc5C4=O)cc3)cc2)cc1,260.0
*c1ccc(C(=O)NCCN(CC)CCCC[Si](C)(C)NC(=O)c2ccc(C(=O)NC(=O)c3ccc(*)n3CCCCCC)cc2)cc1,45.0
*c1ccc(C(=O)NNC(=O)c2ccc(-c3sc(*)cc3C)cc2OCCCCCCCCCC)c(OCC)c1,65.0
*c1ccc(C(=O)NNC(=O)c2ccc(C(=O)Oc3ccc(OC(=O)c4ccc(-c5nnc(*)o5)cc4)cc3)cc2)cc1,260.0
*c1ccc(C(=O)NSC(=O)Nc2cccc(C(=O)Oc3ccccc3*)c2)cc1,180.0
*c1ccc(C(=O)Nc2ccc(Cc3ccc(SC(=O)Nc4ccc(S(=O)(=O)c5ccc(*)cc5)cc4)cc3)cc2)cc1,195.0
*c1ccc(C(=O)Nc2ccc(NC(=O)CCCCCCCCCCCCC(=O)Nc3ccc(NC(=O)CCCOc4ccc(C(=O)c5ccc(C(=O)c6ccc(*)cc6)cc5)cc4)cc3)cc2)cc1,130.0
*c1ccc(C(=O)Nc2ccc(NC(=O)c3ccc(*)cc3)cc2)cc1,280.0
*c1ccc(C(=O)Nc2ccc(S(=O)(=O)c3ccc(N4C(=O)c5ccc(*)cc5C4=O)cc3)cc2)cc1,290.0
*c1ccc(C(=O)OCCCCCCCCCCCCCCOC(=O)c2ccc(OCCCCCCCCOc3ccc(-c4nnc(*)o4)cc3)cc2)cc1,15.0
*c1ccc(C(=O)OCCCCOC(=O)c2ccc(-c3ccc(C(=O)SN(*)c4ccccc4)cc3)cc2)cc1,95.0
*c1ccc(C(=O)Oc2ccccc2I)c(*)c1,100.0
*c1ccc(C(=O)c2cc(*)c(C(=O)O)c(C(=O)O)c2)cc1C(=O)OCCC(C(F)(F)F)C(F)(F)F,245.0
*c1ccc(C(=O)c2ccc(Oc3ccc(-c4nnc(*)n4C)cc3)cc2)cc1,190.0
*c1ccc(C(=O)c2ccc(S(=O)(=O)c3ccc(S(=O)(=O)c4ccc(S(*)(=O)=O)cc4)cc3)cc2)cc1,210.0
*c1ccc(C(C)(C)c2ccc(-c3nc4cc(-c5ccc6nc(*)c(-c7ccccc7)nc6c5)ccc4nc3-c3ccccc3)cc2)cc1,290.0
*c1ccc(C(C)(CCC)c2ccc(N3C(=O)c4ccc(-c5ccc6c(c5)C(=O)N(*)C6=O)cc4C3=O)cc2OCC(C)CC)cc1,285.0
*c1ccc(C(C)(c2ccccc2)c2ccc(N(*)c3ccc(F)cc3)c(C)c2)cc1-c1ccccc1,260.0
*c1ccc(C(C)(c2ccccc2)c2ccc(N3C(=O)c4ccc(-c5ccc6c(c5)C(=O)N(*)C6=O)cc4C3=O)cc2)cc1,310.0
*c1ccc(C(C)c2ccc(*)cc2C(=O)OCC[Si](C)(C)C)cc1,65.0
*c1ccc(C(F)(F)C(F)(F)C(F)(F)C(F)(F)C(F)(F)C(F)(F)C(F)(F)C(F)(F)C(F)(F)C(F)(F)C(F)(F)C(*)(F)F)cc1,100.0
*c1ccc(C(c2ccccc2)c2ccc([Si](C)(C)c3ccc(*)nc3)cc2)cc1,145.0
*c1ccc(C)n(*)c1=O,180.0
*c1ccc(C=*)c(OCCCCCCCC)c1,-20.0
*c1ccc(C=*)cc1C(C)CC,100.0
*c1ccc(CC(*)(CC)SS(=O)(=O)c2ccccc2)cc1,90.0
*c1ccc(CC(=O)/C=C/c2ccc(S(=O)(=O)N(*)c3ccccc3)cc2)cc1,130.0
*c1ccc(CC[SiH](*)c2ccc(/N=N/c3ccc(C#N)cc3)cc2)cc1,95.0
*c1ccc(CCc2ccc(-n3c(=O)c4cc5c(=O)n(*)c(=O)c5cc4c3=O)cc2C(=O)O)cc1,300.0
*c1ccc(COCCOCCOCCOCC(*)(C)CC)cc1,-20.0
*c1ccc(CO[Si](CCCCC)(CCCCCCCC)Oc2ccc(N3C(=O)c4ccc(-c5ccc6c(c5)C(=O)N(*)C6=O)cc4C3=O)c(C)c2)cc1C#N,195.0
*c1ccc(Cc2cc(C)c(*)cc2OCCCCCCCC)c(OCC)c1,15.0
*c1ccc(Cc2cc(CCCCCCCCC)c(Cc3cc(OCC(CC)CCC)c(*)cc3CCCC)cc2-c2ccccc2)nc1,15.0
*c1ccc(Cc2ccc(-c3nnc(*)o3)cc2)cc1,180.0
*c1ccc(Cc2ccc(N(*)C(=O)CCCC#N)cc2)cc1,145.0
*c1ccc(Cc2ccc(N(*)c3ccc(Br)cc3)cc2)cn1,130.0
*c1ccc(Cc2ccc(P(=O)(c3ccccc3)c3ccc(N(*)C)cc3)cc2)cc1,195.0
*c1ccc(Cc2ccc(SCc3ccc(N4C(=O)c5ccc(C(*)(C(F)(F)F)C(F)(F)F)cc5C4=O)c(Cl)c3)cc2Cl)cc1,260.0
*c1ccc(Cl)c(*)c1CC#N,120.0
*c1ccc(N(*)C(=O)c2cccc(CCCCC)c2)cc1,150.0
*c1ccc(N(*)CCC)o1,65.0
*c1ccc(N(*)c2ccc(C(=O)OCCCCCCCCCCC)cc2)cc1,-10.0
*c1ccc(N(*)c2ccc(C[n+]3ccccc3F)cc2)cc1,220.0
*c1ccc(N(CCCCC)c2ccc(Sc3ccc(*)s3)cc2)cc1,85.0
*c1ccc(N(CCC[Si](C)(C)[Si](*)(C)C)c2ccc(N(C)C)cc2)cc1,45.0
*c1ccc(N=*)c(SCCCCCCCC)c1,45.0
*c1ccc(NC(=O)CCCCCCC(=O)Nc2ccc(C(=O)NCCCCCCSC(=O)Nc3ccc(C(=O)c4ccc(C(=O)Nc5ccc(S(*)(=O)=O)cc5)cc4)cc3)cc2)cc1,130.0
*c1ccc(NC(=O)CCCCCCCCCCOC(=O)c2ccc(*)cc2)cc1,60.0
*c1ccc(NC(=O)CCCCN(CC)C(C)C(=O)Nc2ccc(*)cc2)cc1,110.0
*c1ccc(NC(=O)CSCCCCCNC(=O)c2ccc(C(=O)NCCC[Si](*)(C)C)s2)s1,25.0
*c1ccc(NC(=O)c2ccc(-c3ccc(NC(=O)CCCCCCCC=*)cc3)cc2)cc1,90.0
*c1ccc(NC(=O)c2ccc(-n3c(=O)c4cc5c(=O)n(*)c(=O)c5cc4c3=O)cc2SC)c(C)c1,310.0
*c1ccc(NC(=O)c2ccc(C(=O)Nc3ccc(C(=O)c4ccc(N5C(=O)c6ccc(*)cc6C5=O)cc4)cc3)cc2)cc1,310.0
*c1ccc(NC(=O)c2ccc(C(=O)OCCCCOC(=O)c3ccc(*)cc3)cc2)cc1,100.0
*c1ccc(NC(=O)c2ccc(NC(=O)CCCCCC(=O)Oc3ccc(*)cc3Br)cc2)cc1,110.0
*c1ccc(NC(=O)c2ccc(S(=O)(=O)c3ccc(C=*)nc3)cc2)cc1,245.0
*c1ccc(NC(=O)c2cccc(C(=O)NC[Si](C)(C)c3ccc(S(=O)(=O)c4ccc(*)cc4)cc3)c2)cc1,180.0
*c1ccc(NCC(=O)c2ccc(C3(*)CCCCCCCCCCC3)cc2)cc1,90.0
*c1ccc(Nc2ccc(-n3c(=O)c4cc5c(=O)n(*)c(=O)c5cc4c3=O)cc2C(F)(F)F)c(C(C)(C)C)c1,310.0
*c1ccc(Nc2ccc(C#Cc3ccc(N=*)cc3)cc2)cc1,180.0
*c1ccc(Nc2ccc(C(C)(C)c3ccc(N(*)c4ccc(O)cc4)c(Br)c3)cc2)cc1,220.0
*c1ccc(Nc2ccc(N3C(=O)c4ccc(Oc5ccc6c(c5)C(=O)N(*)C6=O)cc4C3=O)cc2C(=O)OC(C)(C)C)c(C)c1,265.0
*c1ccc(Nc2ccc([Si](C)(C)[Si](C)(C)N[Si](*)(C)C)cc2)cc1,65.0
*c1ccc(OC(*)c2ccccc2)cc1,90.0
*c1ccc(OC(=O)CCCCCCCCC(=O)Oc2ccc(-c3nnc(*)o3)cc2)cc1,90.0
*c1ccc(OC(=O)CCCCCCCCCCC(=O)Oc2ccc(-n3c(=O)c4cc5c(=O)n(*)c(=O)c5cc4c3=O)cc2OCc2ccccc2)cc1,180.0
*c1ccc(OC(=O)CCCCCCC[Si](*)(C)O[Si](C)(C)C)cc1,-30.0
*c1ccc(OC(=O)NCCCCCCCCCCCCNC(=O)Nc2ccc(CCC(=O)OC(=O)c3ccc4c(c3)C(=O)N(*)C4=O)c(C(C)(C)C)c2)cc1,120.0
*c1ccc(OC(=O)c2ccc(C(=O)NNC(=O)c3ccc(*)cc3)cc2)cc1,250.0
*c1ccc(OC(=O)c2ccc(NC(=O)c3ccc(-c4ccc(-c5nnc(*)o5)cc4)cc3)cc2)cc1,280.0
*c1ccc(OC(CCCN)C(*)Sc2ccccc2)cc1,45.0
*c1ccc(OCCCCC(=O)Nc2ccc(-n3c(=O)c4cc5c(=O)n(*)c(=O)c5cc4c3=O)c(C)c2)cc1C,265.0
*c1ccc(OCCCCCC(=O)OCCCCCCOc2ccc(N(*)C)cc2)cc1,-20.0
*c1ccc(OCCCCCCC(*)C#N)cc1,15.0
*c1ccc(OCCCCCCCCCCCCC(=O)Oc2ccc(OC(=O)c3ccc4c(c3)C(=O)N(*)C4=O)cc2)c(O)c1O,145.0
*c1ccc(OCCCCCCCCCCCOc2ccc(/N=C/c3ccc(/C=C/c4ccc(*)o4)s3)cc2)cc1,45.0
*c1ccc(OCCCCCCCCCCCOc2ccccc2Oc2ccc(N3C(=O)c4ccc(S(=O)(=O)c5ccc6c(c5)C(=O)N(*)C6=O)cc4C3=O)cc2C)cc1,145.0
*c1ccc(OCCCCCCCCCCC[Si](*)(C)C#N)c(CCCCCCC)c1,-40.0
*c1ccc(OCCCCCCCCCCC[Si](*)(C)O[Si](C)(C)COCC)cc1,-40.0
*c1ccc(OCCCCCCCCCCOc2ccc(-n3c(=O)c4cc5c(=O)n(*)c(=O)c5cc4c3=O)cc2OCCCCCCC)c(C#C)c1,145.0
*c1ccc(OCCCCCCCCCC[Si](C)(C)O[Si](C)(C)O[Si](C)(C)O[Si](C)(C)O[Si](C)(C)O[Si](C)(C)O[Si](C)(C)O[Si](C)(C)c2ccc([Si](*)(C)C)cc2)c(OCCCCCCCCCCCCCC)c1,-75.0
*c1ccc(OCCCCCCCCC[Si](C)(C)O[Si](C)(C)O[Si](*)(C)CCC)cc1,-60.0
*c1ccc(OCCCCCCCOc2ccc(Oc3ccc(-c4ccc(-c5nnc(*)o5)cc4)cc3)cc2)cc1,95.0
*c1ccc(OCCCCOc2ccc(-c3ccc(N=*)cc3)cc2)cc1,110.0
*c1ccc(OCCCCOc2ccc(N(*)CCCC)cc2)cc1,10.0
*c1ccc(OCCOCCOc2ccc(N3C(=O)c4ccc(-c5ccc6c(c5)C(=O)N(*)C6=O)cc4C3=O)cc2)cc1,230.0
*c1ccc(OCCOC[Si](C)(C)O[Si](C)(C)O[Si](C)(C)c2ccc(C(*)(C)C)cc2)cc1,-20.0
*c1ccc(OCCSCCCCCCC(=O)Oc2ccc(-c3ccc(-c4nnc(*)o4)cc3)s2)o1,65.0
*c1ccc(OCC[Si](*)(C)[Si](C)(C)C)cc1,-20.0
*c1ccc(OCCc2ccc(/C=N/c3ccc(Cc4ccc(-c5nnc(*)s5)cc4)cc3)s2)cc1,130.0
*c1ccc(OCc2cc(OC)c(*)s2)s1,65.0
*c1ccc(Oc2cc(C=*)cc(S(=O)(=O)c3ccccc3)c2)cc1,155.0
*c1ccc(Oc2cc(CCCCCCCC)c(*)cc2CCCCCC)cc1,45.0
*c1ccc(Oc2ccc(-c3ccc(-c4ccc(S(=O)(=O)c5ccc(C(=O)C6=CC=C6C6=CC(=O)N(*)C6=O)cc5)cc4)cc3)cc2)cc1,260.0
*c1ccc(Oc2ccc(-c3ccc(Oc4ccc(/N=C(\C)c5ccc(*)s5)cc4)cc3)cc2)cc1,130.0
*c1ccc(Oc2ccc(-c3ccc(Oc4ccc5cc(c4=O)N5C(=O)c4ccc(Oc5ccc6c(c5)C(=O)N(*)C6=O)cc4)cc3)c(C)c2)cc1C,265.0
*c1ccc(Oc2ccc(-c3ccc4nc(*)cc-4n3CCCCCC)cc2CC#N)cc1,165.0
*c1ccc(Oc2ccc(-c3ccc4nc(-c5ccc(*)cc5)cnc4c3-c3ccccc3)cc2)cc1,260.0
*c1ccc(Oc2ccc(-c3nnc(*)n3-c3ccc(C#N)cc3)cc2)cc1,220.0
*c1ccc(Oc2ccc(-n3c(=O)c4cc5c(=O)n(*)c(=O)c5cc4c3=O)cc2C)c(S(=O)(=O)[O][Na])c1,290.0
*c1ccc(Oc2ccc(-n3c(=O)c4cc5c(=O)n(*)c(=O)c5cc4c3=O)cc2C)cc1,300.0
*c1ccc(Oc2ccc(-n3c(=O)c4cc5c(=O)n(*)c(=O)c5cc4c3=O)cc2S(=O)(=O)C(CC)CC)cc1,280.0
*c1ccc(Oc2ccc(/N=C(\C)c3ccc(N=*)cc3)cc2)cc1,150.0
*c1ccc(Oc2ccc(C(=O)NNC(=O)c3ccc4c(c3)C(=O)N(*)C4=O)cc2)cc1,280.0
*c1ccc(Oc2ccc(C(=O)c3ccc(Oc4ccc(-c5nnc(*)s5)cc4)cc3)cc2)cc1,160.0
*c1ccc(Oc2ccc(C(=O)c3ccc(Oc4ccc(N5C(=O)c6ccc(C(F)(F)C(F)(F)C(*)(F)F)cc6C5=O)cc4)cc3)cc2)cc1,245.0
*c1ccc(Oc2ccc(C(C)(C)c3ccc(Oc4ccc(-c5nnc(*)n5-c5ccc(C(C)(C)C)cc5)cc4)cc3)cc2)cc1,175.0
*c1ccc(Oc2ccc(C3(c4ccc(-c5nnc(*)o5)cc4)c4ccccc4N3CC)cc2)cc1,220.0
*c1ccc(Oc2ccc(N3C(=O)c4ccc(Oc5ccc6c(c5)C(=O)N(*)C6=O)cc4C3=O)c(Br)c2)cc1Cl,285.0
*c1ccc(Oc2ccc(N3C(=O)c4ccc(Oc5ccc6c(c5)C(=O)N(*)C6=O)cc4C3=O)cc2)c(C)c1,265.0
*c1ccc(Oc2ccc(N3C=CC4=CC=C(NC(C(F)(F)F)(C(F)(F)F)CC3=O)C(=O)c3cc(Oc5ccc6c(c5)C(=O)N(*)C6=O)ccc3S4(=O)=O)cc2)cc1,265.0
*c1ccc(Oc2ccc(Oc3ccc(-c4ccc(Oc5ccc(-c6nnc(*)o6)cc5)c(-c5ccccc5)c4)cc3)cc2-c2ccc(-c3ccccc3)cc2)cc1,220.0
*c1ccc(Oc2ccc(Oc3ccc(Cc4ccc(N5C(=O)c6ccc(*)cc6C5=O)cc4)cc3)cc2)cc1,220.0
*c1ccc(Oc2ccc(Oc3ccc(N4C(=O)c5ccc(*)cc5C4=O)cc3)cc2)cc1,260.0
*c1ccc(Oc2ccc(Sc3ccc(Oc4ccc(-c5nnc(*)n5-c5cccc(C(F)(F)F)c5)cc4)cc3)cc2)cc1,195.0
*c1ccc(Oc2ccc(Sc3ccc(Oc4ccc(N5C(=O)c6ccc(Oc7ccccc7Oc7ccc8c(c7)C(=O)N(*)C8=O)cc6C5=O)cc4)cc3)cc2)cc1,250.0
*c1ccc(Oc2ccc(Sn3c(=O)c4cc5c(=O)n(*)c(=O)c5cc4c3=O)cc2S(=O)(=O)[O][Na])c(C)c1,285.0
*c1ccc(Oc2ccc([Si](c3ccccc3)c3ccc(Oc4ccc(-c5nnc(*)o5)cc4)cc3)cc2)cc1,195.0
*c1ccc(Oc2cccc(N3C(=O)c4ccc(-c5ccc6c(c5)C(=O)N(*)C6=O)cc4C3=O)c2)o1,280.0
*c1ccc(Oc2cccc(S(=O)(=O)N(*)CC)c2)cc1C,145.0
*c1ccc(Oc2ccccc2Nc2ccc(N=*)cc2)c(-c2ccccc2)c1,190.0
*c1ccc(P(=O)(Oc2ccccc2)c2ccc(S(*)(=O)=O)cc2)cc1,210.0
*c1ccc(P(=O)(c2ccccc2)c2cc(C(=O)O)c(*)c(C(c3ccccc3)C([2H])(Cl)Cl)c2)cc1,260.0
*c1ccc(P(=O)(c2ccccc2)c2ccc(-c3ccc(/C=N/c4ccc(*)s4)nc3)cc2)cc1,195.0
*c1ccc(P(=O)(c2ccccc2)c2ccc(/C=N/c3ccc(N(*)c4ccccc4)cc3)cc2)cc1,195.0
*c1ccc(P(C)(=O)c2ccc(N=*)cc2)cc1,180.0
*c1ccc(S(*)(=O)=O)nc1,155.0
*c1ccc(S(=O)(=O)N(C)c2ccc(NC(=O)Nc3ccc(NC(=O)Nc4ccc(S(*)(=O)=O)cc4)cc3)cc2)cc1,220.0
*c1ccc(S(=O)(=O)NC(=O)c2cccc(N3C(=O)c4ccc(Oc5ccc6c(c5)C(=O)N(*)C6=O)cc4C3=O)c2)cc1,290.0
*c1ccc(S(=O)(=O)c2ccc(C(=*)C)[nH]2)c(-c2ccccc2)c1,210.0
*c1ccc(S(=O)(=O)c2ccc(Oc3ccc(-c4ccc(-c5nnc(*)n5-c5ccccc5)cc4)cc3)cc2)s1,220.0
*c1ccc(S(=O)(=O)c2ccc(S(=O)(=O)c3ccc(-c4ccc(NC(=O)Nc5ccc6c(c5)C(=O)N(*)C6=O)cc4)cc3)cc2)cc1,300.0
*c1ccc(S(=O)(=O)c2ccc(S(=O)(=O)c3ccc(Oc4ccc(N5C(=O)c6ccc(-c7ccc8c(c7)C(=O)N(*)C8=O)cc6C5=O)cc4)cc3)cc2)cc1,280.0
*c1ccc(S(=O)(=O)c2ccc([Si](C)(C)[Si](C)(C)[Si](*)(C)C)cc2)cc1,45.0
*c1ccc(S(=O)c2ccc(-c3ccc(-n4c(=O)c5cc6c(=O)n(*)c(=O)c6cc5c4=O)cc3)c(F)c2F)c(Cl)c1,310.0
*c1ccc(Sc2ccc(-c3ccc(*)s3)s2)s1,90.0
*c1ccc(Sc2ccc(-c3ccc(-c4ccc(-c5nnc(*)s5)cc4)s3)s2)cc1,160.0
*c1ccc(Sc2ccc(-c3nc4ccc(S(=O)(=O)c5ccc6nc(*)[nH]c6c5)cc4[nH]3)cc2)cc1,320.0
*c1ccc(Sc2ccc(Nc3ccc(NC(=O)c4ccc(*)cc4)o3)cc2C)cc1,210.0
*c1ccc([2H])c(*)c1C,100.0
*c1ccc([SH](*)(CCC(=O)OC)CC(C)(CCl)C(C)C)cc1,85.0
*c1ccc([Si](*)(C)CC(F)(F)[Si](F)(F)C(F)(F)F)cc1,45.0
*c1ccc([Si](*)(C)CC)c(Br)c1,85.0
*c1ccc([Si](*)(C)CC)cc1C(=O)OCC=C,40.0
*c1ccc([Si](*)(C)CCCC(=O)Oc2ccc(-c3ccc(CCCCC)c(-c4ccccc4)c3)cc2)cc1,-5.0
*c1ccc([Si](*)(C)CCCCCCCC(=O)OCCCCCC)cc1,-40.0
*c1ccc([Si](*)(C)C[Se]=O)cc1,90.0
*c1ccc([Si](*)(C)O[Si](C)(OC)OC)cc1,50.0
*c1ccc([Si](*)(C)[Si](C)(C)O[Si](C)(C)O)cc1,-20.0
*c1ccc([Si](*)(C)c2ccc(C#N)cc2C(=O)[O][Na])cc1,210.0
*c1ccc([Si](*)(C)c2ccc([Si](C)(C)c3ccccc3)cc2)cc1,130.0
*c1ccc([Si](*)(C)c2cccc(C(CCC(F)(F)F)CC(C)C)c2)cc1,45.0
*c1ccc([Si](*)(CC)NCCCCC)cc1,20.0
*c1ccc([Si](*)(CCCC)NCC#N)cn1,45.0
*c1ccc([Si](/C=C(/O)Cl)c2ccc([PH](*)(C)C)cc2)s1,120.0
*c1ccc([Si](C)(C)CCCOc2ccc(-n3c(=O)c4cc5c(=O)n(*)c(=O)c5cc4c3=O)c(OC)c2)cc1CC,220.0
*c1ccc([Si](C)(C)O[Si](*)(C)CCCCC)nc1,-30.0
*c1ccc([Si](C)(C)[Si](C)(C)[Si](C)(C)[Si](*)(C)C)s1,-20.0
*c1ccc([Si](C)(C)c2ccc(C(C)(C)c3ccc4cc(c3=O)N4C(=O)c3ccc(-c4ccc5c(c4)C(=O)N(*)C5=O)cc3)cc2)cc1,260.0
*c1ccc([Si](c2ccccc2)c2cccc(S(*)(=O)=O)c2)cc1,195.0
*c1ccc2c(c1)-c1cc(*)ccc1C2=O,260.0
*c1ccc2c(c1)C(=O)N(c1cc(C(=O)OCC)cc(N3C(=O)c4ccc(C(*)(C(F)(F)F)C(F)(F)F)cc4C3=O)c1)C2=O,310.0
*c1ccc2c(c1)C(=O)N(c1cc(C)c(N(C)C(C)C)c(S(*)(=O)=O)c1)C2=O,270.0
*c1ccc2c(c1)C(=O)N(c1ccc(Cc3ccc(Cc4ccc(N5C(=O)c6ccc(C(*)(C(F)(F)F)C(F)(F)F)cc6C5=O)cc4)cc3)cc1)C2=O,280.0
*c1ccc2c(c1)C(=O)N(c1ccc(Nc3ccc(*)c(Cl)c3)cc1C(F)(F)F)C2=O,290.0
*c1ccc2c(c1)C(=O)N(c1ccc(Oc3ccc(C(=O)C4=CC=C(n5c(=O)c6cc(*)ccc6c6ccccc65)Nc5ccccc54)cc3)cc1)C2=O,290.0
*c1ccc2c(c1)C(=O)N(c1ccc(Oc3ccc(N4C(=O)c5ccc(C(*)(C(F)(F)F)C(F)(F)F)cc5C4=O)cc3-c3ccccc3)cc1)C2=O,290.0
*c1ccc2c(c1)C(=O)N(c1ccc(Sc3ccc(-c4ccc(Oc5ccc(N6C(=O)c7ccc(C(*)(C(F)(F)F)C(F)(F)F)cc7C6=O)cc5)cc4)cc3)cc1)C2=O,265.0
*c1ccc2c(c1)C(=O)N(c1cccc(C(F)(F)C(F)(F)C(F)(F)c3cccc(N4C(=O)c5ccc(C(*)(F)F)cc5C4=O)c3)c1)C2=O,265.0
*c1ccc2c(c1)C(=O)N(c1cccc(N3C(=O)c4ccc(*)cc4C3=O)c1C)C2=O,320.0
*c1ccc2c(c1)C(=O)N(c1cccc(S(=O)(=O)Nc3ccc(N4C(=O)c5ccc(C(*)(C(F)(F)F)C(F)(F)F)cc5C4=O)cc3)c1)C2=O,300.0
*c1ccc2c(c1)C(CCCCCCC)(CCCCCCCC)c1cc(*)ccc1O2,110.0
*c1ccc2c(c1)C=Nc1cc(*)ccc1N2CCC#N,250.0
*c1ccc2c(c1)c1cc(*)ccc1n2CSCCCCCCCCC,130.0
*c1ccc2c(c1)c1sc(*)cc1n2CCCC,180.0
*c1ccc2nc(*)ccc2c1,250.0
*c1ccc2oc(-c3ccc([Si](*)(C)CC)cc3)cc2n1,180.0
*c1cccc(-c2cc(CCCCCCCC)c(*)cc2Br)c1,95.0
*c1cccc(-c2ccc(-n3c(=O)c4cc5c(=O)n(*)c(=O)c5cc4c3=O)cc2-c2ccccc2)c1,320.0
*c1cccc(-c2nnc(-c3ccccc3)nc2*)c1,210.0
*c1cccc(C(*)NCC(=O)OC)c1,65.0
*c1cccc(C(=O)Nc2ccc(-c3ccc(NC(=O)c4ccc(S(*)(=O)=O)cc4)cc3)cc2)c1,280.0
*c1cccc(C(=O)Nc2ccc(Oc3ccccc3Oc3ccc(N4C(=O)c5ccc(*)cc5C4=O)cc3)cc2)c1,260.0
*c1cccc(CC(C)(C)CO[Si](C)(C)OC(=O)c2ccc(OCCCCCC)cc2)c1*,-20.0
*c1cccc(N(*)OC)c1,120.0
*c1cccc(NC(=O)CCC(CCCC)S(*)(=O)=O)c1,90.0
*c1cccc(NC(=O)CCCCC(=O)Nc2ccc(S(*)(=O)=O)cc2)c1,150.0
*c1cccc(NC(=O)NCCCCCCCCCOC(=O)c2cccc(*)n2)c1,45.0
*c1cccc(OCC(F)(F)C(F)(F)CC(F)(F)C(F)(F)C(F)(F)C(=O)N(*)CC(F)(F)F)c1,55.0
*c1cccc(OCCCCCCCOc2ccc(N3C(=O)c4ccc(-c5cccc6c5C(=O)N(*)C6=O)cc4C3=O)cc2)c1,180.0
*c1cccc(OCCCCCCCOc2cccc(N3C(=O)c4ccc(Oc5ccc6c(c5)C(=O)N(*)C6=O)cc4C3=O)c2)c1,145.0
*c1cccc(OCCCCCCOc2ccc(Oc3ccc(-c4nnc(*)o4)cc3)cc2)c1,90.0
*c1cccc(OCCCCCC[Si](*)(C)c2ccccc2)c1,-20.0
*c1cccc(OCCCCC[Si](C)(C)[Si](*)(C)OCC)c1,-40.0
*c1cccc(OCOCCOCCOC(=O)CCCn2c(=O)c3cc4c(=O)n(*)c(=O)c4cc3c2=O)c1,120.0
*c1cccc(Oc2ccc([Si](*)(C)O[Si](C)(C)C)cc2)c1,45.0
*c1cccc(Oc2cccc(S(=O)(=O)O)c2)c1*,190.0
*c1cccc(P(=O)(c2ccccc2)c2cccc(-n3c(=O)c4c(F)c5c(=O)n(*)c(=O)c5c(C(F)(F)F)c4c3=O)c2)c1,320.0
*c1cccc(P(=O)(c2ccccc2)c2cccc(N3C(=O)c4ccc(Oc5ccc6c(c5)C(=O)N(*)C6=O)cc4C3=O)c2)c1,280.0
*c1cccc(SC[Si](*)(C)C)c1,25.0
*c1cnc(*)c(Cl)c1Cl,210.0
*c1cnc(*)n1CCCCCCCCCCC(=O)OC,-30.0
*c1cnc(-c2cc(C)nc(*)c2C(C)C)c(C)c1,210.0
*c1csc([Si](*)(C)CCCCCC)n1,-20.0
*c1nc(*)c(C(=O)OCCCCCC)cc1C(=O)OCCCC,15.0
*c1nc(*)c(C)c(C)c1C,190.0
*c1nc(CC(=O)OCCCCCC(C)CC)c(*)s1,-30.0
*c1nc(CC)c(*)s1,90.0
*c1nnc(*)c(C(C)CC)c1O,190.0
*c1nnc(-c2ccc(-c3ccc(*)s3)s2)o1,180.0
*c1nnc(-c2ccc(-c3ccc(C#N)cc3)nn2)nc1*,280.0
*c1nnc(-c2ccc([Si](*)(C)[Si](C)(C)C)s2)o1,120.0
*c1nsc(*)c1N,180.0
*c1sc(*)c(C(C)(C)C)c1OCCCC,55.0
*c1sc(*)c(OCCC)c1O,45.0
*c1sc(*)c(SCCCCCC)c1OC,5.0
*c1sc(*)c2c1CC(CCCCCCCCCCCCCC)CO2,-30.0
*c1sc(*)c2nc(CCCCCCC)c(CCCCCC)cc12,50.0
*c1sc(C(=O)OCCC[Si](*)(C)C)c2ccccc12,45.0
[*][Ge]([*])([CH2]CCCC)[CH2]CCCC,-70.0
[*][Ge]([*])([c]1ccccc1)[c]1ccccc1CC,90.0
[*][Sn][c]1cccc(NC(=O)CCCCCCC(*)=O)c1Br,45.0
